  0
SECTION
  2
HEADER
  9
$ACADVER
  1
AC1024
  9
$ACADMAINTVER
 70
     6
  9
$DWGCODEPAGE
  3
ANSI_1252
  9
$LASTSAVEDBY
  1
Gean.batista
  9
$INSBASE
 10
0.0
 20
0.0
 30
0.0
  9
$EXTMIN
 10
-112.0518135105205
 20
-71.29600352948492
 30
0.0
  9
$EXTMAX
 10
158.5173864894795
 20
108.7039964705151
 30
0.0
  9
$LIMMIN
 10
0.0
 20
0.0
  9
$LIMMAX
 10
420.0
 20
297.0
  9
$ORTHOMODE
 70
     0
  9
$REGENMODE
 70
     1
  9
$FILLMODE
 70
     1
  9
$QTEXTMODE
 70
     0
  9
$MIRRTEXT
 70
     1
  9
$LTSCALE
 40
1.0
  9
$ATTMODE
 70
     1
  9
$TEXTSIZE
 40
3.5
  9
$TRACEWID
 40
1.0
  9
$TEXTSTYLE
  7
Standard
  9
$CLAYER
  8
0
  9
$CELTYPE
  6
ByLayer
  9
$CECOLOR
 62
   256
  9
$CELTSCALE
 40
1.0
  9
$DISPSILH
 70
     0
  9
$DIMSCALE
 40
1.0
  9
$DIMASZ
 40
3.302
  9
$DIMEXO
 40
0.0
  9
$DIMDLI
 40
3.75
  9
$DIMRND
 40
0.0
  9
$DIMDLE
 40
0.0
  9
$DIMEXE
 40
1.0
  9
$DIMTP
 40
0.0
  9
$DIMTM
 40
0.0
  9
$DIMTXT
 40
3.5
  9
$DIMCEN
 40
2.5
  9
$DIMTSZ
 40
0.0
  9
$DIMTOL
 70
     0
  9
$DIMLIM
 70
     0
  9
$DIMTIH
 70
     1
  9
$DIMTOH
 70
     1
  9
$DIMSE1
 70
     0
  9
$DIMSE2
 70
     0
  9
$DIMTAD
 70
     1
  9
$DIMZIN
 70
     1
  9
$DIMTOFFSET
 70
     1
  9
$DIMBLK
  1

  9
$DIMASO
 70
     1
  9
$DIMSHO
 70
     1
  9
$DIMPOST
  1

  9
$DIMAPOST
  1

  9
$DIMALT
 70
     0
  9
$DIMALTD
 70
     3
  9
$DIMALTF
 40
0.0393700787401575
  9
$DIMLFAC
 40
1.0
  9
$DIMTOFL
 70
     1
  9
$DIMTVP
 40
0.0
  9
$DIMTIX
 70
     0
  9
$DIMSOXD
 70
     0
  9
$DIMSAH
 70
     0
  9
$DIMBLK1
  1

  9
$DIMBLK2
  1

  9
$DIMSTYLE
  2
ISO-25
  9
$DIMCLRD
 70
     0
  9
$DIMCLRE
 70
     0
  9
$DIMCLRT
 70
     0
  9
$DIMTFAC
 40
1.0
  9
$DIMGAP
 40
1.524
  9
$DIMJUST
 70
     0
  9
$DIMSD1
 70
     0
  9
$DIMSD2
 70
     0
  9
$DIMTOLJ
 70
     0
  9
$DIMTZIN
 70
     1
  9
$DIMALTZ
 70
     0
  9
$DIMALTTZ
 70
     0
  9
$DIMUPT
 70
     0
  9
$DIMDEC
 70
     2
  9
$DIMTDEC
 70
     2
  9
$DIMALTU
 70
     2
  9
$DIMALTTD
 70
     3
  9
$DIMTXSTY
  7
Standard
  9
$DIMAUNIT
 70
     0
  9
$DIMADEC
 70
     2
  9
$DIMALTRND
 40
0.0
  9
$DIMAZIN
 70
     0
  9
$DIMDSEP
 70
    44
  9
$DIMATFIT
 70
     3
  9
$DIMFRAC
 70
     0
  9
$DIMLDRBLK
  1

  9
$DIMLUNIT
 70
     2
  9
$DIMLWD
 70
    -2
  9
$DIMLWE
 70
    -2
  9
$DIMTMOVE
 70
     0
  9
$DIMFXL
 40
1.0
  9
$DIMFXLON
 70
     0
  9
$DIMJOGANG
 40
0.7853981633974483
  9
$DIMTFILL
 70
     0
  9
$DIMTFILLCLR
 70
     0
  9
$DIMARCSYM
 70
     0
  9
$DIMLTYPE
  6

  9
$DIMLTEX1
  6

  9
$DIMLTEX2
  6

  9
$DIMTXTDIRECTION
 70
     0
  9
$LUNITS
 70
     2
  9
$LUPREC
 70
     2
  9
$SKETCHINC
 40
1.0
  9
$FILLETRAD
 40
0.0
  9
$AUNITS
 70
     0
  9
$AUPREC
 70
     2
  9
$MENU
  1
.
  9
$ELEVATION
 40
0.0
  9
$PELEVATION
 40
0.0
  9
$THICKNESS
 40
0.0
  9
$LIMCHECK
 70
     0
  9
$CHAMFERA
 40
0.0
  9
$CHAMFERB
 40
0.0
  9
$CHAMFERC
 40
0.0
  9
$CHAMFERD
 40
0.0
  9
$SKPOLY
 70
     0
  9
$TDCREATE
 40
2461316.536469514
  9
$TDUCREATE
 40
2461316.661469514
  9
$TDUPDATE
 40
2461316.537494526
  9
$TDUUPDATE
 40
2461316.662494526
  9
$TDINDWG
 40
0.0009741782
  9
$TDUSRTIMER
 40
0.0009741782
  9
$USRTIMER
 70
     1
  9
$ANGBASE
 50
0.0
  9
$ANGDIR
 70
     0
  9
$PDMODE
 70
     0
  9
$PDSIZE
 40
-1.0
  9
$PLINEWID
 40
0.0
  9
$SPLFRAME
 70
     0
  9
$SPLINETYPE
 70
     6
  9
$SPLINESEGS
 70
     8
  9
$HANDSEED
  5
4EF
  9
$SURFTAB1
 70
     6
  9
$SURFTAB2
 70
     6
  9
$SURFTYPE
 70
     6
  9
$SURFU
 70
     6
  9
$SURFV
 70
     6
  9
$UCSBASE
  2

  9
$UCSNAME
  2

  9
$UCSORG
 10
0.0
 20
0.0
 30
0.0
  9
$UCSXDIR
 10
1.0
 20
0.0
 30
0.0
  9
$UCSYDIR
 10
0.0
 20
1.0
 30
0.0
  9
$UCSORTHOREF
  2

  9
$UCSORTHOVIEW
 70
     0
  9
$UCSORGTOP
 10
0.0
 20
0.0
 30
0.0
  9
$UCSORGBOTTOM
 10
0.0
 20
0.0
 30
0.0
  9
$UCSORGLEFT
 10
0.0
 20
0.0
 30
0.0
  9
$UCSORGRIGHT
 10
0.0
 20
0.0
 30
0.0
  9
$UCSORGFRONT
 10
0.0
 20
0.0
 30
0.0
  9
$UCSORGBACK
 10
0.0
 20
0.0
 30
0.0
  9
$PUCSBASE
  2

  9
$PUCSNAME
  2

  9
$PUCSORG
 10
0.0
 20
0.0
 30
0.0
  9
$PUCSXDIR
 10
1.0
 20
0.0
 30
0.0
  9
$PUCSYDIR
 10
0.0
 20
1.0
 30
0.0
  9
$PUCSORTHOREF
  2

  9
$PUCSORTHOVIEW
 70
     0
  9
$PUCSORGTOP
 10
0.0
 20
0.0
 30
0.0
  9
$PUCSORGBOTTOM
 10
0.0
 20
0.0
 30
0.0
  9
$PUCSORGLEFT
 10
0.0
 20
0.0
 30
0.0
  9
$PUCSORGRIGHT
 10
0.0
 20
0.0
 30
0.0
  9
$PUCSORGFRONT
 10
0.0
 20
0.0
 30
0.0
  9
$PUCSORGBACK
 10
0.0
 20
0.0
 30
0.0
  9
$USERI1
 70
     0
  9
$USERI2
 70
     0
  9
$USERI3
 70
     0
  9
$USERI4
 70
     0
  9
$USERI5
 70
     0
  9
$USERR1
 40
0.0
  9
$USERR2
 40
0.0
  9
$USERR3
 40
0.0
  9
$USERR4
 40
0.0
  9
$USERR5
 40
0.0
  9
$WORLDVIEW
 70
     1
  9
$SHADEDGE
 70
     3
  9
$SHADEDIF
 70
    70
  9
$TILEMODE
 70
     1
  9
$MAXACTVP
 70
    64
  9
$PINSBASE
 10
0.0
 20
0.0
 30
0.0
  9
$PLIMCHECK
 70
     0
  9
$PEXTMIN
 10
1.000000000000000E+20
 20
1.000000000000000E+20
 30
1.000000000000000E+20
  9
$PEXTMAX
 10
-1.000000000000000E+20
 20
-1.000000000000000E+20
 30
-1.000000000000000E+20
  9
$PLIMMIN
 10
0.0
 20
0.0
  9
$PLIMMAX
 10
420.0
 20
297.0
  9
$UNITMODE
 70
     0
  9
$VISRETAIN
 70
     1
  9
$PLINEGEN
 70
     0
  9
$PSLTSCALE
 70
     1
  9
$TREEDEPTH
 70
  3020
  9
$CMLSTYLE
  2
Standard
  9
$CMLJUST
 70
     0
  9
$CMLSCALE
 40
20.0
  9
$PROXYGRAPHICS
 70
     1
  9
$MEASUREMENT
 70
     1
  9
$CELWEIGHT
370
    -1
  9
$ENDCAPS
280
     0
  9
$JOINSTYLE
280
     0
  9
$LWDISPLAY
290
     1
  9
$INSUNITS
 70
     4
  9
$HYPERLINKBASE
  1

  9
$STYLESHEET
  1

  9
$XEDIT
290
     1
  9
$CEPSNTYPE
380
     0
  9
$PSTYLEMODE
290
     1
  9
$FINGERPRINTGUID
  2
{e0e9ef12-7148-4516-83e1-7b79b2e4bbbd}
  9
$VERSIONGUID
  2
{FAEB1C32-E019-11D5-929B-00C0DF256EC4}
  9
$EXTNAMES
290
     1
  9
$PSVPSCALE
 40
0.0
  9
$OLESTARTUP
290
     0
  9
$SORTENTS
280
   127
  9
$INDEXCTL
280
     0
  9
$HIDETEXT
280
     1
  9
$XCLIPFRAME
280
     2
  9
$HALOGAP
280
     0
  9
$OBSCOLOR
 70
   257
  9
$OBSLTYPE
280
     0
  9
$INTERSECTIONDISPLAY
280
     0
  9
$INTERSECTIONCOLOR
 70
   257
  9
$DIMASSOC
280
     2
  9
$PROJECTNAME
  1

  9
$CAMERADISPLAY
290
     0
  9
$LENSLENGTH
 40
50.0
  9
$CAMERAHEIGHT
 40
0.0
  9
$STEPSPERSEC
 40
2.0
  9
$STEPSIZE
 40
6.0
  9
$3DDWFPREC
 40
2.0
  9
$PSOLWIDTH
 40
0.25
  9
$PSOLHEIGHT
 40
4.0
  9
$LOFTANG1
 40
1.570796326794897
  9
$LOFTANG2
 40
1.570796326794897
  9
$LOFTMAG1
 40
0.0
  9
$LOFTMAG2
 40
0.0
  9
$LOFTPARAM
 70
     7
  9
$LOFTNORMALS
280
     1
  9
$LATITUDE
 40
37.795
  9
$LONGITUDE
 40
-122.394
  9
$NORTHDIRECTION
 40
0.0
  9
$TIMEZONE
 70
 -8000
  9
$LIGHTGLYPHDISPLAY
280
     1
  9
$TILEMODELIGHTSYNCH
280
     1
  9
$CMATERIAL
347
200
  9
$SOLIDHIST
280
     1
  9
$SHOWHIST
280
     1
  9
$DWFFRAME
280
     2
  9
$DGNFRAME
280
     0
  9
$REALWORLDSCALE
290
     1
  9
$INTERFERECOLOR
 62
   256
  9
$INTERFEREOBJVS
345
1EF
  9
$INTERFEREVPVS
346
1EC
  9
$CSHADOW
280
     0
  9
$SHADOWPLANELOCATION
 40
0.0
  0
ENDSEC
  0
SECTION
  2
CLASSES
  0
CLASS
  1
ACDBDICTIONARYWDFLT
  2
AcDbDictionaryWithDefault
  3
ObjectDBX Classes
 90
        0
 91
        1
280
     0
281
     0
  0
CLASS
  1
VISUALSTYLE
  2
AcDbVisualStyle
  3
ObjectDBX Classes
 90
     4095
 91
        1
280
     0
281
     0
  0
CLASS
  1
MATERIAL
  2
AcDbMaterial
  3
ObjectDBX Classes
 90
     1153
 91
        1
280
     0
281
     0
  0
CLASS
  1
SCALE
  2
AcDbScale
  3
ObjectDBX Classes
 90
     1153
 91
        1
280
     0
281
     0
  0
CLASS
  1
TABLESTYLE
  2
AcDbTableStyle
  3
ObjectDBX Classes
 90
     4095
 91
        1
280
     0
281
     0
  0
CLASS
  1
MLEADERSTYLE
  2
AcDbMLeaderStyle
  3
ACDB_MLEADERSTYLE_CLASS
 90
     4095
 91
        1
280
     0
281
     0
  0
CLASS
  1
SUN
  2
AcDbSun
  3
SCENEOE
 90
     1153
 91
        1
280
     0
281
     0
  0
CLASS
  1
ACDBPLACEHOLDER
  2
AcDbPlaceHolder
  3
ObjectDBX Classes
 90
        0
 91
        1
280
     0
281
     0
  0
CLASS
  1
LAYOUT
  2
AcDbLayout
  3
ObjectDBX Classes
 90
        0
 91
        1
280
     0
281
     0
  0
CLASS
  1
DICTIONARYVAR
  2
AcDbDictionaryVar
  3
ObjectDBX Classes
 90
        0
 91
        1
280
     0
281
     0
  0
CLASS
  1
CELLSTYLEMAP
  2
AcDbCellStyleMap
  3
ObjectDBX Classes
 90
     1152
 91
        1
280
     0
281
     0
  0
ENDSEC
  0
SECTION
  2
TABLES
  0
TABLE
  2
VPORT
  5
8
330
0
100
AcDbSymbolTable
 70
     1
  0
VPORT
  5
29
330
8
100
AcDbSymbolTableRecord
100
AcDbViewportTableRecord
  2
*Active
 70
     0
 10
0.0
 20
0.0
 11
1.0
 21
1.0
 12
109.9105788945429
 22
67.72390533127457
 13
0.0
 23
0.0
 14
10.0
 24
10.0
 15
10.0
 25
10.0
 16
0.0
 26
0.0
 36
1.0
 17
0.0
 27
0.0
 37
0.0
 40
752.0256
 41
2.69479606188467
 42
50.0
 43
0.0
 44
0.0
 50
0.0
 51
0.0
 71
     0
 72
   100
 73
     1
 74
     3
 75
     0
 76
     0
 77
     0
 78
     0
281
     0
 65
     1
110
0.0
120
0.0
130
0.0
111
1.0
121
0.0
131
0.0
112
0.0
122
1.0
132
0.0
 79
     0
146
0.0
348
1EB
 60
     3
 61
     5
292
     1
282
     1
141
0.0
142
0.0
 63
   250
421
  3355443
361
207
  0
ENDTAB
  0
TABLE
  2
LTYPE
  5
5
330
0
100
AcDbSymbolTable
 70
     6
  0
LTYPE
  5
14
330
5
100
AcDbSymbolTableRecord
100
AcDbLinetypeTableRecord
  2
ByBlock
 70
     0
  3

 72
    65
 73
     0
 40
0.0
  0
LTYPE
  5
15
330
5
100
AcDbSymbolTableRecord
100
AcDbLinetypeTableRecord
  2
ByLayer
 70
     0
  3

 72
    65
 73
     0
 40
0.0
  0
LTYPE
  5
16
330
5
100
AcDbSymbolTableRecord
100
AcDbLinetypeTableRecord
  2
Continuous
 70
     0
  3
Solid line
 72
    65
 73
     0
 40
0.0
  0
LTYPE
  5
5E
330
5
100
AcDbSymbolTableRecord
100
AcDbLinetypeTableRecord
  2
HIDDEN
 70
     0
  3
Hidden __ __ __ __ __ __ __ __ __ __ __ __ __ __
 72
    65
 73
     2
 40
1.905
 49
1.27
 74
     0
 49
-0.635
 74
     0
  0
LTYPE
  5
5F
330
5
100
AcDbSymbolTableRecord
100
AcDbLinetypeTableRecord
  2
PHANTOM
 70
     0
  3
Phantom ______  __  __  ______  __  __  ______
 72
    65
 73
     6
 40
12.7
 49
6.35
 74
     0
 49
-1.27
 74
     0
 49
1.27
 74
     0
 49
-1.27
 74
     0
 49
1.27
 74
     0
 49
-1.27
 74
     0
  0
LTYPE
  5
60
330
5
100
AcDbSymbolTableRecord
100
AcDbLinetypeTableRecord
  2
CENTER
 70
     0
  3
Center ____ _ ____ _ ____ _ ____ _ ____ _ ____
 72
    65
 73
     4
 40
10.16
 49
6.35
 74
     0
 49
-1.27
 74
     0
 49
1.27
 74
     0
 49
-1.27
 74
     0
  0
LTYPE
  5
61
330
5
100
AcDbSymbolTableRecord
100
AcDbLinetypeTableRecord
  2
CENTERX2
 70
     0
  3
Center (2x) ________  __  ________  __  _____
 72
    65
 73
     4
 40
20.32
 49
12.7
 74
     0
 49
-2.54
 74
     0
 49
2.54
 74
     0
 49
-2.54
 74
     0
  0
LTYPE
  5
62
330
5
100
AcDbSymbolTableRecord
100
AcDbLinetypeTableRecord
  2
DOT2
 70
     0
  3
Dot (.5x) ........................................
 72
    65
 73
     2
 40
0.635
 49
0.0
 74
     0
 49
-0.635
 74
     0
  0
ENDTAB
  0
TABLE
  2
LAYER
  5
2
330
0
100
AcDbSymbolTable
 70
     1
  0
LAYER
  5
10
330
2
100
AcDbSymbolTableRecord
100
AcDbLayerTableRecord
  2
0
 70
     0
 62
     7
  6
Continuous
370
    -3
390
F
347
202
  0
ENDTAB
  0
TABLE
  2
STYLE
  5
3
330
0
100
AcDbSymbolTable
 70
     1
  0
STYLE
  5
11
330
3
100
AcDbSymbolTableRecord
100
AcDbTextStyleTableRecord
  2
Standard
 70
     0
 40
0.0
 41
1.0
 50
0.0
 71
     0
 42
3.5
  3
txt
  4

  0
ENDTAB
  0
TABLE
  2
VIEW
  5
6
330
0
100
AcDbSymbolTable
 70
     0
  0
ENDTAB
  0
TABLE
  2
UCS
  5
7
330
0
100
AcDbSymbolTable
 70
     0
  0
ENDTAB
  0
TABLE
  2
APPID
  5
9
330
0
100
AcDbSymbolTable
 70
     3
  0
APPID
  5
12
330
9
100
AcDbSymbolTableRecord
100
AcDbRegAppTableRecord
  2
ACAD
 70
     0
  0
APPID
  5
2EB
330
9
100
AcDbSymbolTableRecord
100
AcDbRegAppTableRecord
  2
AcadAnnotative
 70
     0
  0
APPID
  5
2EC
330
9
100
AcDbSymbolTableRecord
100
AcDbRegAppTableRecord
  2
AcadAnnoPO
 70
     0
  0
ENDTAB
  0
TABLE
  2
DIMSTYLE
  5
A
330
0
100
AcDbSymbolTable
 70
     1
100
AcDbDimStyleTable
  0
DIMSTYLE
105
27
330
A
100
AcDbSymbolTableRecord
100
AcDbDimStyleTableRecord
  2
ISO-25
 70
     0
 41
2.5
 42
0.625
 43
3.75
 44
1.25
 73
     0
 74
     0
 77
     1
 78
     8
140
2.5
141
2.5
143
0.03937007874016
147
0.625
171
     3
172
     1
178
     0
271
     2
272
     2
274
     3
278
    44
283
     0
284
     8
340
11
  0
ENDTAB
  0
TABLE
  2
BLOCK_RECORD
  5
1
330
0
100
AcDbSymbolTable
 70
     2
  0
BLOCK_RECORD
  5
1F
330
1
100
AcDbSymbolTableRecord
100
AcDbBlockTableRecord
  2
*Model_Space
340
22
 70
     0
280
     1
281
     0
  0
BLOCK_RECORD
  5
1B
330
1
100
AcDbSymbolTableRecord
100
AcDbBlockTableRecord
  2
*Paper_Space
340
1E
 70
     0
280
     1
281
     0
  0
BLOCK_RECORD
  5
23
330
1
100
AcDbSymbolTableRecord
100
AcDbBlockTableRecord
  2
*Paper_Space0
340
26
 70
     0
280
     1
281
     0
  0
BLOCK_RECORD
  5
208
330
1
100
AcDbSymbolTableRecord
100
AcDbBlockTableRecord
  2
DI_BRACO_S180_COL80_ESQ
340
0
102
{BLKREFS
331
0
331
4B4
102
}
 70
     4
280
     1
281
     0
1001
AcadAnnotative
1000
AnnotativeData
1002
{
1070
     1
1070
     0
1002
}
  0
ENDTAB
  0
ENDSEC
  0
SECTION
  2
BLOCKS
  0
BLOCK
  5
20
330
1F
100
AcDbEntity
  8
0
100
AcDbBlockBegin
  2
*Model_Space
 70
     0
 10
0.0
 20
0.0
 30
0.0
  3
*Model_Space
  1

  0
ENDBLK
  5
21
330
1F
100
AcDbEntity
  8
0
100
AcDbBlockEnd
  0
BLOCK
  5
1C
330
1B
100
AcDbEntity
 67
     1
  8
0
100
AcDbBlockBegin
  2
*Paper_Space
 70
     0
 10
0.0
 20
0.0
 30
0.0
  3
*Paper_Space
  1

  0
ENDBLK
  5
1D
330
1B
100
AcDbEntity
 67
     1
  8
0
100
AcDbBlockEnd
  0
BLOCK
  5
24
330
23
100
AcDbEntity
  8
0
100
AcDbBlockBegin
  2
*Paper_Space0
 70
     0
 10
0.0
 20
0.0
 30
0.0
  3
*Paper_Space0
  1

  0
ENDBLK
  5
25
330
23
100
AcDbEntity
  8
0
100
AcDbBlockEnd
  0
BLOCK
  5
2ED
330
208
100
AcDbEntity
  8
0
100
AcDbBlockBegin
  2
DI_BRACO_S180_COL80_ESQ
 70
     0
 10
0.0
 20
0.0
 30
0.0
  3
DI_BRACO_S180_COL80_ESQ
  1

  0
SPLINE
  5
3D2
330
208
100
AcDbEntity
  8
0
  6
Continuous
 62
     7
370
    25
100
AcDbSpline
210
0.0
220
0.0
230
1.0
 70
     8
 71
     3
 72
     9
 73
     5
 74
     0
 42
0.00000001
 43
0.00000001
 40
0.0
 40
0.0
 40
0.0
 40
0.0
 40
0.49991375193979
 40
0.9999999999999999
 40
0.9999999999999999
 40
0.9999999999999999
 40
0.9999999999999999
 10
198.6629348800259
 20
28.93671658038539
 30
0.0
 10
198.5292320158229
 20
28.78993514449385
 30
0.0
 10
198.261780153008
 20
28.49632162551786
 30
0.0
 10
197.994172144698
 20
28.20284986782895
 30
0.0
 10
197.8603450598714
 20
28.05608867761466
 30
0.0
  0
SPLINE
  5
3D3
330
208
100
AcDbEntity
  8
0
  6
Continuous
 62
     7
370
    25
100
AcDbSpline
210
0.0
220
0.0
230
1.0
 70
     8
 71
     3
 72
     9
 73
     5
 74
     0
 42
0.00000001
 43
0.00000001
 40
0.0
 40
0.0
 40
0.0
 40
0.0
 40
0.4999137519397815
 40
0.9999999999999999
 40
0.9999999999999999
 40
0.9999999999999999
 40
0.9999999999999999
 10
198.6629348800259
 20
30.93671658038539
 30
0.0
 10
198.5292320158229
 20
30.78993514449386
 30
0.0
 10
198.261780153008
 20
30.49632162551787
 30
0.0
 10
197.994172144698
 20
30.20284986782895
 30
0.0
 10
197.8603450598714
 20
30.05608867761466
 30
0.0
  0
SPLINE
  5
3D4
330
208
100
AcDbEntity
  8
0
  6
Continuous
 62
     7
370
    25
100
AcDbSpline
210
0.0
220
0.0
230
1.0
 70
     8
 71
     3
 72
     9
 73
     5
 74
     0
 42
0.00000001
 43
0.00000001
 40
0.0
 40
0.0
 40
0.0
 40
0.0
 40
0.4999137519397642
 40
0.9999999999999999
 40
0.9999999999999999
 40
0.9999999999999999
 40
0.9999999999999999
 10
198.6629348800259
 20
40.93671658038538
 30
0.0
 10
198.5292320158229
 20
40.78993514449387
 30
0.0
 10
198.261780153008
 20
40.49632162551788
 30
0.0
 10
197.994172144698
 20
40.20284986782896
 30
0.0
 10
197.8603450598714
 20
40.05608867761465
 30
0.0
  0
SPLINE
  5
3D5
330
208
100
AcDbEntity
  8
0
  6
Continuous
 62
     7
370
    25
100
AcDbSpline
210
0.0
220
0.0
230
1.0
 70
     8
 71
     3
 72
     9
 73
     5
 74
     0
 42
0.00000001
 43
0.00000001
 40
0.0
 40
0.0
 40
0.0
 40
0.0
 40
0.4999137519397815
 40
0.9999999999999999
 40
0.9999999999999999
 40
0.9999999999999999
 40
0.9999999999999999
 10
198.6629348800259
 20
42.93671658038539
 30
0.0
 10
198.5292320158229
 20
42.78993514449385
 30
0.0
 10
198.261780153008
 20
42.49632162551787
 30
0.0
 10
197.994172144698
 20
42.20284986782895
 30
0.0
 10
197.8603450598714
 20
42.05608867761466
 30
0.0
  0
SPLINE
  5
3D6
330
208
100
AcDbEntity
  8
0
  6
Continuous
 62
     7
370
    25
100
AcDbSpline
210
0.0
220
0.0
230
1.0
 70
     8
 71
     3
 72
     9
 73
     5
 74
     0
 42
0.00000001
 43
0.00000001
 40
0.0
 40
0.0
 40
0.0
 40
0.0
 40
0.5168632505693455
 40
1.0
 40
1.0
 40
1.0
 40
1.0
 10
205.8396549401282
 20
29.05608867761466
 30
0.0
 10
205.7058274186174
 20
29.20284947137234
 30
0.0
 10
205.4469049253594
 20
29.48679458373233
 30
0.0
 10
205.1881335092283
 20
29.77087685591186
 30
0.0
 10
205.0631115283932
 20
29.90812744146356
 30
0.0
  0
SPLINE
  5
3D7
330
208
100
AcDbEntity
  8
0
  6
Continuous
 62
     7
370
    25
100
AcDbSpline
210
0.0
220
0.0
230
1.0
 70
     8
 71
     3
 72
     9
 73
     5
 74
     0
 42
0.00000001
 43
0.00000001
 40
0.0
 40
0.0
 40
0.0
 40
0.0
 40
0.5168632505693538
 40
1.0
 40
1.0
 40
1.0
 40
1.0
 10
205.8396549401282
 20
41.05608867761466
 30
0.0
 10
205.7058274186174
 20
41.20284947137232
 30
0.0
 10
205.4469049253595
 20
41.48679458373231
 30
0.0
 10
205.1881335092283
 20
41.77087685591186
 30
0.0
 10
205.0631115283932
 20
41.90812744146356
 30
0.0
  0
SPLINE
  5
3D8
330
208
100
AcDbEntity
  8
0
  6
Continuous
 62
     7
370
    25
100
AcDbSpline
210
0.0
220
0.0
230
1.0
 70
     8
 71
     3
 72
     9
 73
     5
 74
     0
 42
0.00000001
 43
0.00000001
 40
0.0
 40
0.0
 40
0.0
 40
0.0
 40
0.5168632505693413
 40
1.0
 40
1.0
 40
1.0
 40
1.0
 10
205.8396549401282
 20
27.05608867761466
 30
0.0
 10
205.7058274186174
 20
27.20284947137231
 30
0.0
 10
205.4469049253594
 20
27.48679458373231
 30
0.0
 10
205.1881335092283
 20
27.77087685591185
 30
0.0
 10
205.0631115283932
 20
27.90812744146355
 30
0.0
  0
SPLINE
  5
3D9
330
208
100
AcDbEntity
  8
0
  6
Continuous
 62
     7
370
    25
100
AcDbSpline
210
0.0
220
0.0
230
1.0
 70
     8
 71
     3
 72
     9
 73
     5
 74
     0
 42
0.00000001
 43
0.00000001
 40
0.0
 40
0.0
 40
0.0
 40
0.0
 40
0.7071908508167873
 40
1.0
 40
1.0
 40
1.0
 40
1.0
 10
198.6629348800259
 20
26.93671658038538
 30
0.0
 10
198.5292374091233
 20
26.78993024802723
 30
0.0
 10
198.3401831096393
 20
26.58236770364672
 30
0.0
 10
198.1510184307856
 20
26.37490537042818
 30
0.0
 10
198.0956292821149
 20
26.31415850115091
 30
0.0
  0
SPLINE
  5
3DA
330
208
100
AcDbEntity
  8
0
  6
Continuous
 62
     7
370
    25
100
AcDbSpline
210
0.0
220
0.0
230
1.0
 70
     8
 71
     3
 72
     9
 73
     5
 74
     0
 42
0.00000001
 43
0.00000001
 40
0.0
 40
0.0
 40
0.0
 40
0.0
 40
0.5169819452332123
 40
1.0
 40
1.0
 40
1.0
 40
1.0
 10
197.8605706721289
 20
29.76008266741115
 30
0.0
 10
197.9943929163213
 20
29.61330307991646
 30
0.0
 10
198.2532457552381
 20
29.32938680615086
 30
0.0
 10
198.5119362783475
 20
29.04533135360039
 30
0.0
 10
198.6368884716065
 20
28.90812744146356
 30
0.0
  0
SPLINE
  5
3DB
330
208
100
AcDbEntity
  8
0
  6
Continuous
 62
     7
370
    25
100
AcDbSpline
210
0.0
220
0.0
230
1.0
 70
     8
 71
     3
 72
     9
 73
     5
 74
     0
 42
0.00000001
 43
0.00000001
 40
0.0
 40
0.0
 40
0.0
 40
0.0
 40
0.2617680213348879
 40
1.0
 40
1.0
 40
1.0
 40
1.0
 10
198.1290054403524
 20
31.46559999999972
 30
0.0
 10
198.1733373934715
 20
31.41697098215118
 30
0.0
 10
198.3426932715998
 20
31.23119955903942
 30
0.0
 10
198.5119429480628
 20
31.04533707259272
 30
0.0
 10
198.6368884716065
 20
30.90812744146356
 30
0.0
  0
SPLINE
  5
3DC
330
208
100
AcDbEntity
  8
0
  6
Continuous
 62
     7
370
    25
100
AcDbSpline
210
0.0
220
0.0
230
1.0
 70
     8
 71
     3
 72
     9
 73
     5
 74
     0
 42
0.00000001
 43
0.00000001
 40
0.0
 40
0.0
 40
0.0
 40
0.0
 40
0.5169819452332038
 40
1.0
 40
1.0
 40
1.0
 40
1.0
 10
197.8605706721289
 20
41.76008266741115
 30
0.0
 10
197.9943929163213
 20
41.61330307991645
 30
0.0
 10
198.2532457552381
 20
41.32938680615085
 30
0.0
 10
198.5119362783476
 20
41.04533135360039
 30
0.0
 10
198.6368884716065
 20
40.90812744146356
 30
0.0
  0
SPLINE
  5
3DD
330
208
100
AcDbEntity
  8
0
  6
Continuous
 62
     7
370
    25
100
AcDbSpline
210
0.0
220
0.0
230
1.0
 70
     8
 71
     3
 72
     9
 73
     5
 74
     0
 42
0.00000001
 43
0.00000001
 40
0.0
 40
0.0
 40
0.0
 40
0.0
 40
0.4999205073920126
 40
1.0
 40
1.0
 40
1.0
 40
1.0
 10
205.0368780229098
 20
29.87932688991146
 30
0.0
 10
205.1705733620499
 20
30.02613214856463
 30
0.0
 10
205.4380065582544
 20
30.31978935302503
 30
0.0
 10
205.7056075564644
 20
30.61330267452284
 30
0.0
 10
205.8394293278707
 20
30.76008266741115
 30
0.0
  0
SPLINE
  5
3DE
330
208
100
AcDbEntity
  8
0
  6
Continuous
 62
     7
370
    25
100
AcDbSpline
210
0.0
220
0.0
230
1.0
 70
     8
 71
     3
 72
     9
 73
     5
 74
     0
 42
0.00000001
 43
0.00000001
 40
0.0
 40
0.0
 40
0.0
 40
0.0
 40
0.4205413462474025
 40
1.0
 40
1.0
 40
1.0
 40
1.0
 10
205.1467953170097
 20
39.9999999999997
 30
0.0
 10
205.2438570000804
 20
40.10657622237471
 30
0.0
 10
205.4746587605656
 20
40.36000248670283
 30
0.0
 10
205.7056053361145
 20
40.61330457837694
 30
0.0
 10
205.8394293278707
 20
40.76008266741115
 30
0.0
  0
SPLINE
  5
3DF
330
208
100
AcDbEntity
  8
0
  6
Continuous
 62
     7
370
    25
100
AcDbSpline
210
0.0
220
0.0
230
1.0
 70
     8
 71
     3
 72
     9
 73
     5
 74
     0
 42
0.00000001
 43
0.00000001
 40
0.0
 40
0.0
 40
0.0
 40
0.0
 40
0.4999205073920133
 40
1.0
 40
1.0
 40
1.0
 40
1.0
 10
205.0368780229099
 20
41.87932688991145
 30
0.0
 10
205.1705733620499
 20
42.02613214856462
 30
0.0
 10
205.4380065582544
 20
42.31978935302503
 30
0.0
 10
205.7056075564645
 20
42.61330267452284
 30
0.0
 10
205.8394293278707
 20
42.76008266741115
 30
0.0
  0
SPLINE
  5
3E0
330
208
100
AcDbEntity
  8
0
  6
Continuous
 62
     7
370
    25
100
AcDbSpline
210
0.0
220
0.0
230
1.0
 70
     8
 71
     3
 72
     9
 73
     5
 74
     0
 42
0.00000001
 43
0.00000001
 40
0.0
 40
0.0
 40
0.0
 40
0.0
 40
0.4999205073920047
 40
0.9999999999999999
 40
0.9999999999999999
 40
0.9999999999999999
 40
0.9999999999999999
 10
205.0368780229098
 20
27.87932688991145
 30
0.0
 10
205.1705733620498
 20
28.02613214856463
 30
0.0
 10
205.4380065582543
 20
28.31978935302504
 30
0.0
 10
205.7056075564644
 20
28.61330267452285
 30
0.0
 10
205.8394293278707
 20
28.76008266741115
 30
0.0
  0
SPLINE
  5
3E1
330
208
100
AcDbEntity
  8
0
  6
Continuous
 62
     7
370
    25
100
AcDbSpline
210
0.0
220
0.0
230
1.0
 70
     8
 71
     3
 72
     9
 73
     5
 74
     0
 42
0.00000001
 43
0.00000001
 40
0.0
 40
0.0
 40
0.0
 40
0.0
 40
0.51698194523323
 40
1.0
 40
1.0
 40
1.0
 40
1.0
 10
197.8605706721289
 20
27.76008266741115
 30
0.0
 10
197.9943929163213
 20
27.61330307991644
 30
0.0
 10
198.2532457552381
 20
27.32938680615085
 30
0.0
 10
198.5119362783476
 20
27.04533135360038
 30
0.0
 10
198.6368884716065
 20
26.90812744146356
 30
0.0
  0
SPLINE
  5
3E2
330
208
100
AcDbEntity
  8
0
  6
Continuous
 62
     7
370
    25
100
AcDbSpline
210
0.0
220
0.0
230
1.0
 70
     8
 71
     3
 72
    10
 73
     6
 74
     0
 42
0.00000001
 43
0.00000001
 40
0.0
 40
0.0
 40
0.0
 40
0.0
 40
0.0700757962772129
 40
0.5307770882938294
 40
1.0
 40
1.0
 40
1.0
 40
1.0
 10
-52.21920000000001
 20
11.97392692004573
 30
0.0
 10
-52.21852307385191
 20
12.05030958308425
 30
0.0
 10
-52.21339581295783
 20
12.62885695089909
 30
0.0
 10
-52.08953093709941
 20
13.71969463964604
 30
0.0
 10
-51.79875908602038
 20
14.70159252181001
 30
0.0
 10
-51.65204087602079
 20
15.1970404103827
 30
0.0
  0
SPLINE
  5
3E3
330
208
100
AcDbEntity
  8
0
  6
Continuous
 62
     7
370
    25
100
AcDbSpline
210
0.0
220
0.0
230
1.0
 70
     8
 71
     3
 72
     9
 73
     5
 74
     0
 42
0.00000001
 43
0.00000001
 40
0.0
 40
0.0
 40
0.0
 40
0.0
 40
0.4954579634770106
 40
1.0
 40
1.0
 40
1.0
 40
1.0
 10
-51.65204087602115
 20
8.750813429708778
 30
0.0
 10
-51.81056072541628
 20
9.27426123012745
 30
0.0
 10
-52.13050683806469
 20
10.33075408926983
 30
0.0
 10
-52.18945710982996
 20
11.42289561199743
 30
0.0
 10
-52.21920000000001
 20
11.97392692004573
 30
0.0
  0
SPLINE
  5
3E4
330
208
100
AcDbEntity
  8
0
  6
Continuous
 62
     7
370
    25
100
AcDbSpline
210
0.0
220
0.0
230
1.0
 70
     8
 71
     3
 72
     9
 73
     5
 74
     0
 42
0.00000001
 43
0.00000001
 40
0.0
 40
0.0
 40
0.0
 40
0.0
 40
0.4954579634769934
 40
1.0
 40
1.0
 40
1.0
 40
1.0
 10
-51.65204087602079
 20
15.1970404103827
 30
0.0
 10
-51.81056072541605
 20
15.70448809635955
 30
0.0
 10
-52.13050683806466
 20
16.72868736932254
 30
0.0
 10
-52.18945710982996
 20
17.78744564096716
 30
0.0
 10
-52.21920000000001
 20
18.3216336955283
 30
0.0
  0
SPLINE
  5
3E5
330
208
100
AcDbEntity
  8
0
  6
Continuous
 62
     7
370
    25
100
AcDbSpline
210
0.0
220
0.0
230
1.0
 70
     8
 71
     3
 72
    10
 73
     6
 74
     0
 42
0.00000001
 43
0.00000001
 40
0.0
 40
0.0
 40
0.0
 40
0.0
 40
0.0700757962772303
 40
0.5307770882938396
 40
1.0
 40
1.0
 40
1.0
 40
1.0
 10
-52.21920000000001
 20
18.3216336955283
 30
0.0
 10
-52.21852307385191
 20
18.39568158640996
 30
0.0
 10
-52.21339581295788
 20
18.95654462335608
 30
0.0
 10
-52.08953093709938
 20
20.01403891502829
 30
0.0
 10
-51.79875908602041
 20
20.96592333936093
 30
0.0
 10
-51.65204087602082
 20
21.44622698067388
 30
0.0
  0
SPLINE
  5
3E6
330
208
100
AcDbEntity
  8
0
  6
Continuous
 62
     7
370
    25
100
AcDbSpline
210
0.0
220
0.0
230
1.0
 70
     8
 71
     3
 72
     9
 73
     5
 74
     0
 42
0.00000001
 43
0.00000001
 40
0.0
 40
0.0
 40
0.0
 40
0.0
 40
0.7889992377322149
 40
1.0
 40
1.0
 40
1.0
 40
1.0
 10
-52.21920000000001
 20
8.652293224517408
 30
0.0
 10
-52.14774328458989
 20
8.678610419651982
 30
0.0
 10
-52.0571770178651
 20
8.711965578790277
 30
0.0
 10
-51.72263045566038
 20
8.744044708819686
 30
0.0
 10
-51.65204087602112
 20
8.750813429708785
 30
0.0
  0
SPLINE
  5
3E7
330
208
100
AcDbEntity
  8
0
  6
Continuous
 62
     7
370
    25
100
AcDbSpline
210
0.0
220
0.0
230
1.0
 70
     8
 71
     3
 72
     9
 73
     5
 74
     0
 42
0.00000001
 43
0.00000001
 40
0.0
 40
0.0
 40
0.0
 40
0.0
 40
0.2110007622677238
 40
1.0
 40
1.0
 40
1.0
 40
1.0
 10
-51.65204087602082
 20
21.44622698067388
 30
0.0
 10
-51.72263045566017
 20
21.43945825978479
 30
0.0
 10
-52.05717701786554
 20
21.40737912975536
 30
0.0
 10
-52.14774328459009
 20
21.37402397061707
 30
0.0
 10
-52.21920000000001
 20
21.34770677548251
 30
0.0
  0
SPLINE
  5
3E8
330
208
100
AcDbEntity
  8
0
  6
Continuous
 62
     7
370
    25
100
AcDbSpline
210
0.0
220
0.0
230
1.0
 70
     8
 71
     3
 72
     9
 73
     5
 74
     0
 42
0.00000001
 43
0.00000001
 40
0.0
 40
0.0
 40
0.0
 40
0.0
 40
0.7681507275780256
 40
1.0
 40
1.0
 40
1.0
 40
1.0
 10
-51.65204087602082
 20
8.553773019326023
 30
0.0
 10
-51.88398643593536
 20
8.578733562244501
 30
0.0
 10
-52.18593962244846
 20
8.61122789183674
 30
0.0
 10
-52.21293998547677
 20
8.644564220882842
 30
0.0
 10
-52.21920000000001
 20
8.652293224517408
 30
0.0
  0
SPLINE
  5
3E9
330
208
100
AcDbEntity
  8
0
  6
Continuous
 62
     7
370
    25
100
AcDbSpline
210
0.0
220
0.0
230
1.0
 70
     8
 71
     3
 72
    10
 73
     6
 74
     0
 42
0.00000001
 43
0.00000001
 40
0.0
 40
0.0
 40
0.0
 40
0.0
 40
0.0700757962772018
 40
0.5307770882938145
 40
1.0
 40
1.0
 40
1.0
 40
1.0
 10
52.2192
 20
169.870367033186
 30
0.0
 10
52.21852307385191
 20
169.8146177738695
 30
0.0
 10
52.21339581295782
 20
169.3923545802056
 30
0.0
 10
52.08953093709943
 20
168.5961870892726
 30
0.0
 10
51.79875908602039
 20
167.8795312739669
 30
0.0
 10
51.6520408760208
 20
167.5179197286359
 30
0.0
  0
SPLINE
  5
3EA
330
208
100
AcDbEntity
  8
0
  6
Continuous
 62
     7
370
    25
100
AcDbSpline
210
0.0
220
0.0
230
1.0
 70
     8
 71
     3
 72
     9
 73
     5
 74
     0
 42
0.00000001
 43
0.00000001
 40
0.0
 40
0.0
 40
0.0
 40
0.0
 40
0.4954579634770082
 40
1.0
 40
1.0
 40
1.0
 40
1.0
 10
51.65204087602079
 20
172.2228143377361
 30
0.0
 10
51.81056072541605
 20
171.8407665535488
 30
0.0
 10
52.13050683806468
 20
171.0696662537248
 30
0.0
 10
52.18945710982996
 20
170.2725471361291
 30
0.0
 10
52.2192
 20
169.870367033186
 30
0.0
  0
SPLINE
  5
3EB
330
208
100
AcDbEntity
  8
0
  6
Continuous
 62
     7
370
    25
100
AcDbSpline
210
0.0
220
0.0
230
1.0
 70
     8
 71
     3
 72
     9
 73
     5
 74
     0
 42
0.00000001
 43
0.00000001
 40
0.0
 40
0.0
 40
0.0
 40
0.0
 40
0.7681507275779932
 40
0.9999999999999999
 40
0.9999999999999999
 40
0.9999999999999999
 40
0.9999999999999999
 10
51.6520408760208
 20
167.5179197286359
 30
0.0
 10
51.88398643593534
 20
166.602953266077
 30
0.0
 10
52.18593962244845
 20
165.4118244554022
 30
0.0
 10
52.21293998547676
 20
164.1898308809167
 30
0.0
 10
52.2192
 20
163.9065125597679
 30
0.0
  0
SPLINE
  5
3EC
330
208
100
AcDbEntity
  8
0
  6
Continuous
 62
     7
370
    25
100
AcDbSpline
210
0.0
220
0.0
230
1.0
 70
     8
 71
     3
 72
     9
 73
     5
 74
     0
 42
0.00000001
 43
0.00000001
 40
0.0
 40
0.0
 40
0.0
 40
0.0
 40
0.7889992377322276
 40
1.0
 40
1.0
 40
1.0
 40
1.0
 10
52.2192
 20
163.9065125597679
 30
0.0
 10
52.14774328458989
 20
162.9418159577989
 30
0.0
 10
52.05717701786509
 20
161.719132137797
 30
0.0
 10
51.72263045566037
 20
160.5432230952371
 30
0.0
 10
51.65204087602112
 20
160.2951053908993
 30
0.0
  0
SPLINE
  5
3ED
330
208
100
AcDbEntity
  8
0
  6
Continuous
 62
     7
370
    25
100
AcDbSpline
210
0.0
220
0.0
230
1.0
 70
     8
 71
     3
 72
     9
 73
     5
 74
     0
 42
0.00000001
 43
0.00000001
 40
0.0
 40
0.0
 40
0.0
 40
0.0
 40
0.4954579634770339
 40
0.9999999999999999
 40
0.9999999999999999
 40
0.9999999999999999
 40
0.9999999999999999
 10
51.65204087602112
 20
160.2951053908993
 30
0.0
 10
51.81056072541627
 20
160.0906447742416
 30
0.0
 10
52.13050683806462
 20
159.6779748168898
 30
0.0
 10
52.18945710982995
 20
159.2513803617483
 30
0.0
 10
52.2192
 20
159.0361455265819
 30
0.0
  0
SPLINE
  5
3EE
330
208
100
AcDbEntity
  8
0
  6
Continuous
 62
     7
370
    25
100
AcDbSpline
210
0.0
220
0.0
230
1.0
 70
     8
 71
     3
 72
    10
 73
     6
 74
     0
 42
0.00000001
 43
0.00000001
 40
0.0
 40
0.0
 40
0.0
 40
0.0
 40
0.0700757962772064
 40
0.5307770882938206
 40
1.0
 40
1.0
 40
1.0
 40
1.0
 10
52.2192
 20
159.0361455265819
 30
0.0
 10
52.21852307385191
 20
159.0063101802984
 30
0.0
 10
52.21339581295781
 20
158.7803274720042
 30
0.0
 10
52.08953093709943
 20
158.3542422991628
 30
0.0
 10
51.79875908602038
 20
157.9707094114102
 30
0.0
 10
51.65204087602078
 20
157.7771856622639
 30
0.0
  0
SPLINE
  5
3EF
330
208
100
AcDbEntity
  8
0
  6
Continuous
 62
     7
370
    25
100
AcDbSpline
210
0.0
220
0.0
230
1.0
 70
    24
 71
     3
 72
     9
 73
     5
 74
     0
 42
0.00000001
 43
0.00000001
 40
0.0
 40
0.0
 40
0.0
 40
0.0
 40
0.7681507275779917
 40
1.0
 40
1.0
 40
1.0
 40
1.0
 10
15.26309745557051
 20
16.17922639716177
 30
0.0
 10
15.5921051087938
 20
15.31060604452399
 30
0.0
 10
16.02041643027188
 20
14.17981188987083
 30
0.0
 10
16.45982623887945
 20
13.01971637487016
 30
0.0
 10
16.56170308330022
 20
12.75074907377723
 30
0.0
  0
SPLINE
  5
3F0
330
208
100
AcDbEntity
  8
0
  6
Continuous
 62
     7
370
    25
100
AcDbSpline
210
0.0
220
0.0
230
1.0
 70
    24
 71
     3
 72
    10
 73
     6
 74
     0
 42
0.00000001
 43
0.00000001
 40
0.0
 40
0.0
 40
0.0
 40
0.0
 40
0.0700757962772093
 40
0.5307770882938271
 40
1.0
 40
1.0
 40
1.0
 40
1.0
 10
17.58294310005554
 20
19.01809052196541
 30
0.0
 10
17.5279664482264
 20
18.95081395770323
 30
0.0
 10
17.1115552373344
 20
18.44123917173518
 30
0.0
 10
16.32642152464744
 20
17.48044769174181
 30
0.0
 10
15.619697565936
 20
16.61560856018379
 30
0.0
 10
15.26309745557051
 20
16.17922639716176
 30
0.0
  0
SPLINE
  5
3F1
330
208
100
AcDbEntity
  8
0
  6
Continuous
 62
     7
370
    25
100
AcDbSpline
210
0.0
220
0.0
230
1.0
 70
    24
 71
     3
 72
    10
 73
     6
 74
     0
 42
0.00000001
 43
0.00000001
 40
0.0
 40
0.0
 40
0.0
 40
0.0
 40
0.0700757962772069
 40
0.5307770882938259
 40
1.0
 40
1.0
 40
1.0
 40
1.0
 10
27.41705689994446
 20
10.9819094780345
 30
0.0
 10
27.4720335517736
 20
11.0491860422967
 30
0.0
 10
27.88844476266565
 20
11.55876082826477
 30
0.0
 10
28.67357847535253
 20
12.51955230825806
 30
0.0
 10
29.380302434064
 20
13.38439143981611
 30
0.0
 10
29.73690254442949
 20
13.82077360283814
 30
0.0
  0
SPLINE
  5
3F2
330
208
100
AcDbEntity
  8
0
  6
Continuous
 62
     7
370
    25
100
AcDbSpline
210
0.0
220
0.0
230
1.0
 70
    24
 71
     3
 72
     9
 73
     5
 74
     0
 42
0.00000001
 43
0.00000001
 40
0.0
 40
0.0
 40
0.0
 40
0.0
 40
0.211000762267692
 40
1.0
 40
1.0
 40
1.0
 40
1.0
 10
29.73690254442949
 20
13.82077360283814
 30
0.0
 10
29.64768329217521
 20
14.05632331603155
 30
0.0
 10
29.2248447616628
 20
15.17266863470194
 30
0.0
 10
28.78518675154536
 20
16.33341943197616
 30
0.0
 10
28.43829691669979
 20
17.24925092622268
 30
0.0
  0
SPLINE
  5
3F3
330
208
100
AcDbEntity
  8
0
  6
Continuous
 62
     7
370
    25
100
AcDbSpline
210
0.0
220
0.0
230
1.0
 70
    24
 71
     3
 72
     9
 73
     5
 74
     0
 42
0.00000001
 43
0.00000001
 40
0.0
 40
0.0
 40
0.0
 40
0.0
 40
0.4954579634770098
 40
1.0
 40
1.0
 40
1.0
 40
1.0
 10
27.13969128897008
 20
20.67772824960723
 30
0.0
 10
26.55203889477383
 20
20.77348402513926
 30
0.0
 10
25.36595967612076
 20
20.96675122960608
 30
0.0
 10
24.13985923187624
 20
21.1665397441741
 30
0.0
 10
23.52124001675536
 20
21.26734144818813
 30
0.0
  0
SPLINE
  5
3F4
330
208
100
AcDbEntity
  8
0
  6
Continuous
 62
     7
370
    25
100
AcDbSpline
210
0.0
220
0.0
230
1.0
 70
    24
 71
     3
 72
     9
 73
     5
 74
     0
 42
0.00000001
 43
0.00000001
 40
0.0
 40
0.0
 40
0.0
 40
0.0
 40
0.2318492724220114
 40
1.0
 40
1.0
 40
1.0
 40
1.0
 10
28.43829691669979
 20
17.24925092622268
 30
0.0
 10
28.33642007227904
 20
17.51821822731562
 30
0.0
 10
27.89701026367147
 20
18.6783137423163
 30
0.0
 10
27.46869894219337
 20
19.80910789696946
 30
0.0
 10
27.13969128897008
 20
20.67772824960723
 30
0.0
  0
SPLINE
  5
3F5
330
208
100
AcDbEntity
  8
0
  6
Continuous
 62
     7
370
    25
100
AcDbSpline
210
0.0
220
0.0
230
1.0
 70
    24
 71
     3
 72
    10
 73
     6
 74
     0
 42
0.00000001
 43
0.00000001
 40
0.0
 40
0.0
 40
0.0
 40
0.0
 40
0.0700757962772144
 40
0.5307770882938282
 40
0.9999999999999999
 40
0.9999999999999999
 40
0.9999999999999999
 40
0.9999999999999999
 10
23.52124001675536
 20
21.26734144818813
 30
0.0
 10
23.43548847711038
 20
21.28131434315609
 30
0.0
 10
22.78597816188805
 20
21.3871496372252
 30
0.0
 10
21.56134147613069
 20
21.58669963778302
 30
0.0
 10
20.45900683865882
 20
21.76632097371122
 30
0.0
 10
19.90278874454059
 20
21.85695464676905
 30
0.0
  0
SPLINE
  5
3F6
330
208
100
AcDbEntity
  8
0
  6
Continuous
 62
     7
370
    25
100
AcDbSpline
210
0.0
220
0.0
230
1.0
 70
    24
 71
     3
 72
     9
 73
     5
 74
     0
 42
0.00000001
 43
0.00000001
 40
0.0
 40
0.0
 40
0.0
 40
0.0
 40
0.4954579634770093
 40
1.0
 40
1.0
 40
1.0
 40
1.0
 10
19.90278874454059
 20
21.85695464676905
 30
0.0
 10
19.52603561327265
 20
21.39591063256638
 30
0.0
 10
18.76562169515942
 20
20.46536950054542
 30
0.0
 10
17.97954954403691
 20
19.50342962552226
 30
0.0
 10
17.58294310005554
 20
19.01809052196541
 30
0.0
  0
SPLINE
  5
3F7
330
208
100
AcDbEntity
  8
0
  6
Continuous
 62
     7
370
    25
100
AcDbSpline
210
0.0
220
0.0
230
1.0
 70
    24
 71
     3
 72
     9
 73
     5
 74
     0
 42
0.00000001
 43
0.00000001
 40
0.0
 40
0.0
 40
0.0
 40
0.0
 40
0.4954579634770103
 40
1.0
 40
1.0
 40
1.0
 40
1.0
 10
17.86030871103009
 20
9.322271750392211
 30
0.0
 10
18.44796110522635
 20
9.226515974860348
 30
0.0
 10
19.63404032387945
 20
9.033248770393904
 30
0.0
 10
20.86014076812385
 20
8.833460255825827
 30
0.0
 10
21.47875998324466
 20
8.73265855181176
 30
0.0
  0
SPLINE
  5
3F8
330
208
100
AcDbEntity
  8
0
  6
Continuous
 62
     7
370
    25
100
AcDbSpline
210
0.0
220
0.0
230
1.0
 70
    24
 71
     3
 72
     9
 73
     5
 74
     0
 42
0.00000001
 43
0.00000001
 40
0.0
 40
0.0
 40
0.0
 40
0.0
 40
0.7889992377322262
 40
1.0
 40
1.0
 40
1.0
 40
1.0
 10
16.56170308330022
 20
12.75074907377723
 30
0.0
 10
16.90859291814576
 20
11.83491757953074
 30
0.0
 10
17.34825092826322
 20
10.67416678225646
 30
0.0
 10
17.77108945877578
 20
9.557821463585796
 30
0.0
 10
17.86030871103009
 20
9.322271750392218
 30
0.0
  0
SPLINE
  5
3F9
330
208
100
AcDbEntity
  8
0
  6
Continuous
 62
     7
370
    25
100
AcDbSpline
210
0.0
220
0.0
230
1.0
 70
    24
 71
     3
 72
    10
 73
     6
 74
     0
 42
0.00000001
 43
0.00000001
 40
0.0
 40
0.0
 40
0.0
 40
0.0
 40
0.0700757962772142
 40
0.5307770882938289
 40
1.0
 40
1.0
 40
1.0
 40
1.0
 10
21.47875998324466
 20
8.73265855181176
 30
0.0
 10
21.56451152288964
 20
8.718685656843832
 30
0.0
 10
22.21402183811198
 20
8.61285036277473
 30
0.0
 10
23.43865852386934
 20
8.413300362216901
 30
0.0
 10
24.54099316134118
 20
8.233679026288698
 30
0.0
 10
25.09721125545942
 20
8.143045353230846
 30
0.0
  0
SPLINE
  5
3FA
330
208
100
AcDbEntity
  8
0
  6
Continuous
 62
     7
370
    25
100
AcDbSpline
210
0.0
220
0.0
230
1.0
 70
    24
 71
     3
 72
     9
 73
     5
 74
     0
 42
0.00000001
 43
0.00000001
 40
0.0
 40
0.0
 40
0.0
 40
0.0
 40
0.4954579634770041
 40
1.0
 40
1.0
 40
1.0
 40
1.0
 10
25.09721125545942
 20
8.143045353230846
 30
0.0
 10
25.47396438672737
 20
8.60408936743353
 30
0.0
 10
26.2343783048406
 20
9.5346304994545
 30
0.0
 10
27.02045045596311
 20
10.49657037447765
 30
0.0
 10
27.41705689994447
 20
10.98190947803451
 30
0.0
  0
SPLINE
  5
3FB
330
208
100
AcDbEntity
  8
0
  6
Continuous
 62
     7
370
    25
100
AcDbSpline
210
0.0
220
0.0
230
1.0
 70
    24
 71
     3
 72
     9
 73
     5
 74
     0
 42
0.00000001
 43
0.00000001
 40
0.0
 40
0.0
 40
0.0
 40
0.0
 40
0.7681507275779911
 40
1.0
 40
1.0
 40
1.0
 40
1.0
 10
-29.73690254442947
 20
16.17922639716177
 30
0.0
 10
-29.4078948912062
 20
15.31060604452401
 30
0.0
 10
-28.97958356972813
 20
14.17981188987083
 30
0.0
 10
-28.54017376112054
 20
13.01971637487016
 30
0.0
 10
-28.43829691669977
 20
12.75074907377723
 30
0.0
  0
SPLINE
  5
3FC
330
208
100
AcDbEntity
  8
0
  6
Continuous
 62
     7
370
    25
100
AcDbSpline
210
0.0
220
0.0
230
1.0
 70
    24
 71
     3
 72
    10
 73
     6
 74
     0
 42
0.00000001
 43
0.00000001
 40
0.0
 40
0.0
 40
0.0
 40
0.0
 40
0.0700757962772093
 40
0.5307770882938271
 40
1.0
 40
1.0
 40
1.0
 40
1.0
 10
-27.41705689994444
 20
19.01809052196541
 30
0.0
 10
-27.47203355177356
 20
18.95081395770323
 30
0.0
 10
-27.88844476266561
 20
18.44123917173518
 30
0.0
 10
-28.67357847535257
 20
17.48044769174181
 30
0.0
 10
-29.38030243406401
 20
16.61560856018379
 30
0.0
 10
-29.73690254442948
 20
16.17922639716176
 30
0.0
  0
SPLINE
  5
3FD
330
208
100
AcDbEntity
  8
0
  6
Continuous
 62
     7
370
    25
100
AcDbSpline
210
0.0
220
0.0
230
1.0
 70
    24
 71
     3
 72
    10
 73
     6
 74
     0
 42
0.00000001
 43
0.00000001
 40
0.0
 40
0.0
 40
0.0
 40
0.0
 40
0.070075796277211
 40
0.5307770882938302
 40
1.0
 40
1.0
 40
1.0
 40
1.0
 10
-21.47875998324464
 20
21.26734144818813
 30
0.0
 10
-21.5645115228896
 20
21.28131434315609
 30
0.0
 10
-22.21402183811198
 20
21.38714963722518
 30
0.0
 10
-23.43865852386935
 20
21.58669963778301
 30
0.0
 10
-24.54099316134116
 20
21.76632097371121
 30
0.0
 10
-25.09721125545938
 20
21.85695464676905
 30
0.0
  0
SPLINE
  5
3FE
330
208
100
AcDbEntity
  8
0
  6
Continuous
 62
     7
370
    25
100
AcDbSpline
210
0.0
220
0.0
230
1.0
 70
    24
 71
     3
 72
     9
 73
     5
 74
     0
 42
0.00000001
 43
0.00000001
 40
0.0
 40
0.0
 40
0.0
 40
0.0
 40
0.4954579634770099
 40
0.9999999999999999
 40
0.9999999999999999
 40
0.9999999999999999
 40
0.9999999999999999
 10
-25.09721125545938
 20
21.85695464676905
 30
0.0
 10
-25.47396438672733
 20
21.39591063256638
 30
0.0
 10
-26.23437830484053
 20
20.46536950054543
 30
0.0
 10
-27.02045045596306
 20
19.50342962552227
 30
0.0
 10
-27.41705689994444
 20
19.01809052196541
 30
0.0
  0
SPLINE
  5
3FF
330
208
100
AcDbEntity
  8
0
  6
Continuous
 62
     7
370
    25
100
AcDbSpline
210
0.0
220
0.0
230
1.0
 70
    24
 71
     3
 72
     9
 73
     5
 74
     0
 42
0.00000001
 43
0.00000001
 40
0.0
 40
0.0
 40
0.0
 40
0.0
 40
0.4954579634770072
 40
0.9999999999999999
 40
0.9999999999999999
 40
0.9999999999999999
 40
0.9999999999999999
 10
-17.86030871102992
 20
20.67772824960721
 30
0.0
 10
-18.44796110522617
 20
20.77348402513924
 30
0.0
 10
-19.63404032387923
 20
20.96675122960609
 30
0.0
 10
-20.8601407681238
 20
21.16653974417408
 30
0.0
 10
-21.47875998324466
 20
21.26734144818813
 30
0.0
  0
SPLINE
  5
400
330
208
100
AcDbEntity
  8
0
  6
Continuous
 62
     7
370
    25
100
AcDbSpline
210
0.0
220
0.0
230
1.0
 70
    24
 71
     3
 72
     9
 73
     5
 74
     0
 42
0.00000001
 43
0.00000001
 40
0.0
 40
0.0
 40
0.0
 40
0.0
 40
0.2318492724220123
 40
1.0
 40
1.0
 40
1.0
 40
1.0
 10
-16.56170308330019
 20
17.24925092622268
 30
0.0
 10
-16.66357992772095
 20
17.51821822731563
 30
0.0
 10
-17.10298973632854
 20
18.67831374231628
 30
0.0
 10
-17.53130105780663
 20
19.80910789696945
 30
0.0
 10
-17.86030871102992
 20
20.67772824960721
 30
0.0
  0
SPLINE
  5
401
330
208
100
AcDbEntity
  8
0
  6
Continuous
 62
     7
370
    25
100
AcDbSpline
210
0.0
220
0.0
230
1.0
 70
    24
 71
     3
 72
    10
 73
     6
 74
     0
 42
0.00000001
 43
0.00000001
 40
0.0
 40
0.0
 40
0.0
 40
0.0
 40
0.070075796277208
 40
0.5307770882938263
 40
1.0
 40
1.0
 40
1.0
 40
1.0
 10
-17.58294310005553
 20
10.98190947803451
 30
0.0
 10
-17.52796644822639
 20
11.04918604229669
 30
0.0
 10
-17.11155523733434
 20
11.55876082826475
 30
0.0
 10
-16.32642152464743
 20
12.51955230825806
 30
0.0
 10
-15.61969756593599
 20
13.3843914398161
 30
0.0
 10
-15.2630974555705
 20
13.82077360283813
 30
0.0
  0
SPLINE
  5
402
330
208
100
AcDbEntity
  8
0
  6
Continuous
 62
     7
370
    25
100
AcDbSpline
210
0.0
220
0.0
230
1.0
 70
    24
 71
     3
 72
     9
 73
     5
 74
     0
 42
0.00000001
 43
0.00000001
 40
0.0
 40
0.0
 40
0.0
 40
0.0
 40
0.2110007622676918
 40
1.0
 40
1.0
 40
1.0
 40
1.0
 10
-15.26309745557049
 20
13.82077360283814
 30
0.0
 10
-15.35231670782476
 20
14.05632331603156
 30
0.0
 10
-15.77515523833721
 20
15.17266863470193
 30
0.0
 10
-16.21481324845465
 20
16.33341943197615
 30
0.0
 10
-16.56170308330019
 20
17.24925092622268
 30
0.0
  0
SPLINE
  5
403
330
208
100
AcDbEntity
  8
0
  6
Continuous
 62
     7
370
    25
100
AcDbSpline
210
0.0
220
0.0
230
1.0
 70
    24
 71
     3
 72
     9
 73
     5
 74
     0
 42
0.00000001
 43
0.00000001
 40
0.0
 40
0.0
 40
0.0
 40
0.0
 40
0.4954579634770088
 40
1.0
 40
1.0
 40
1.0
 40
1.0
 10
-27.13969128896989
 20
9.322271750392225
 30
0.0
 10
-26.55203889477363
 20
9.226515974860362
 30
0.0
 10
-25.36595967612055
 20
9.033248770393861
 30
0.0
 10
-24.13985923187613
 20
8.833460255825841
 30
0.0
 10
-23.52124001675533
 20
8.732658551811774
 30
0.0
  0
SPLINE
  5
404
330
208
100
AcDbEntity
  8
0
  6
Continuous
 62
     7
370
    25
100
AcDbSpline
210
0.0
220
0.0
230
1.0
 70
    24
 71
     3
 72
     9
 73
     5
 74
     0
 42
0.00000001
 43
0.00000001
 40
0.0
 40
0.0
 40
0.0
 40
0.0
 40
0.7889992377322274
 40
1.0
 40
1.0
 40
1.0
 40
1.0
 10
-28.43829691669977
 20
12.75074907377723
 30
0.0
 10
-28.09140708185424
 20
11.83491757953075
 30
0.0
 10
-27.65174907173675
 20
10.67416678225648
 30
0.0
 10
-27.22891054122422
 20
9.557821463585796
 30
0.0
 10
-27.13969128896989
 20
9.322271750392225
 30
0.0
  0
SPLINE
  5
405
330
208
100
AcDbEntity
  8
0
  6
Continuous
 62
     7
370
    25
100
AcDbSpline
210
0.0
220
0.0
230
1.0
 70
    24
 71
     3
 72
     9
 73
     5
 74
     0
 42
0.00000001
 43
0.00000001
 40
0.0
 40
0.0
 40
0.0
 40
0.0
 40
0.4954579634770098
 40
1.0
 40
1.0
 40
1.0
 40
1.0
 10
-19.90278874454059
 20
8.143045353230832
 30
0.0
 10
-19.52603561327263
 20
8.60408936743353
 30
0.0
 10
-18.7656216951594
 20
9.534630499454487
 30
0.0
 10
-17.97954954403687
 20
10.49657037447767
 30
0.0
 10
-17.58294310005553
 20
10.98190947803451
 30
0.0
  0
SPLINE
  5
406
330
208
100
AcDbEntity
  8
0
  6
Continuous
 62
     7
370
    25
100
AcDbSpline
210
0.0
220
0.0
230
1.0
 70
    24
 71
     3
 72
    10
 73
     6
 74
     0
 42
0.00000001
 43
0.00000001
 40
0.0
 40
0.0
 40
0.0
 40
0.0
 40
0.0700757962772149
 40
0.5307770882938301
 40
0.9999999999999999
 40
0.9999999999999999
 40
0.9999999999999999
 40
0.9999999999999999
 10
-23.52124001675533
 20
8.732658551811774
 30
0.0
 10
-23.43548847711037
 20
8.718685656843817
 30
0.0
 10
-22.78597816188798
 20
8.61285036277473
 30
0.0
 10
-21.56134147613065
 20
8.413300362216901
 30
0.0
 10
-20.45900683865881
 20
8.233679026288684
 30
0.0
 10
-19.90278874454057
 20
8.143045353230846
 30
0.0
  0
SPLINE
  5
407
330
208
100
AcDbEntity
  8
0
  6
Continuous
 62
     7
370
    25
100
AcDbSpline
210
0.0
220
0.0
230
1.0
 70
    24
 71
     3
 72
     9
 73
     5
 74
     0
 42
0.00000001
 43
0.00000001
 40
0.0
 40
0.0
 40
0.0
 40
0.0
 40
0.7681507275779895
 40
0.9999999999999999
 40
0.9999999999999999
 40
0.9999999999999999
 40
0.9999999999999999
 10
-29.73690254442947
 20
166.1792263971618
 30
0.0
 10
-29.40789489120615
 20
165.310606044524
 30
0.0
 10
-28.97958356972804
 20
164.1798118898708
 30
0.0
 10
-28.54017376112056
 20
163.0197163748702
 30
0.0
 10
-28.4382969166998
 20
162.7507490737773
 30
0.0
  0
SPLINE
  5
408
330
208
100
AcDbEntity
  8
0
  6
Continuous
 62
     7
370
    25
100
AcDbSpline
210
0.0
220
0.0
230
1.0
 70
    24
 71
     3
 72
    10
 73
     6
 74
     0
 42
0.00000001
 43
0.00000001
 40
0.0
 40
0.0
 40
0.0
 40
0.0
 40
0.0700757962772081
 40
0.5307770882938257
 40
1.0
 40
1.0
 40
1.0
 40
1.0
 10
-27.41705689994444
 20
169.0180905219655
 30
0.0
 10
-27.47203355177356
 20
168.9508139577032
 30
0.0
 10
-27.88844476266569
 20
168.4412391717353
 30
0.0
 10
-28.67357847535251
 20
167.4804476917419
 30
0.0
 10
-29.38030243406396
 20
166.6156085601838
 30
0.0
 10
-29.73690254442947
 20
166.1792263971618
 30
0.0
  0
SPLINE
  5
409
330
208
100
AcDbEntity
  8
0
  6
Continuous
 62
     7
370
    25
100
AcDbSpline
210
0.0
220
0.0
230
1.0
 70
    24
 71
     3
 72
    10
 73
     6
 74
     0
 42
0.00000001
 43
0.00000001
 40
0.0
 40
0.0
 40
0.0
 40
0.0
 40
0.0700757962772051
 40
0.5307770882938271
 40
0.9999999999999999
 40
0.9999999999999999
 40
0.9999999999999999
 40
0.9999999999999999
 10
-17.58294310005552
 20
160.9819094780345
 30
0.0
 10
-17.52796644822637
 20
161.0491860422968
 30
0.0
 10
-17.11155523733434
 20
161.5587608282648
 30
0.0
 10
-16.32642152464743
 20
162.5195523082581
 30
0.0
 10
-15.61969756593601
 20
163.3843914398162
 30
0.0
 10
-15.2630974555705
 20
163.8207736028382
 30
0.0
  0
SPLINE
  5
40A
330
208
100
AcDbEntity
  8
0
  6
Continuous
 62
     7
370
    25
100
AcDbSpline
210
0.0
220
0.0
230
1.0
 70
    24
 71
     3
 72
     9
 73
     5
 74
     0
 42
0.00000001
 43
0.00000001
 40
0.0
 40
0.0
 40
0.0
 40
0.0
 40
0.2110007622676918
 40
1.0
 40
1.0
 40
1.0
 40
1.0
 10
-15.26309745557049
 20
163.8207736028382
 30
0.0
 10
-15.35231670782476
 20
164.0563233160316
 30
0.0
 10
-15.77515523833721
 20
165.172668634702
 30
0.0
 10
-16.21481324845465
 20
166.3334194319762
 30
0.0
 10
-16.56170308330019
 20
167.2492509262227
 30
0.0
  0
SPLINE
  5
40B
330
208
100
AcDbEntity
  8
0
  6
Continuous
 62
     7
370
    25
100
AcDbSpline
210
0.0
220
0.0
230
1.0
 70
    24
 71
     3
 72
     9
 73
     5
 74
     0
 42
0.00000001
 43
0.00000001
 40
0.0
 40
0.0
 40
0.0
 40
0.0
 40
0.2318492724220123
 40
1.0
 40
1.0
 40
1.0
 40
1.0
 10
-16.56170308330019
 20
167.2492509262227
 30
0.0
 10
-16.66357992772095
 20
167.5182182273157
 30
0.0
 10
-17.10298973632854
 20
168.6783137423163
 30
0.0
 10
-17.53130105780663
 20
169.8091078969695
 30
0.0
 10
-17.86030871102992
 20
170.6777282496073
 30
0.0
  0
SPLINE
  5
40C
330
208
100
AcDbEntity
  8
0
  6
Continuous
 62
     7
370
    25
100
AcDbSpline
210
0.0
220
0.0
230
1.0
 70
    24
 71
     3
 72
     9
 73
     5
 74
     0
 42
0.00000001
 43
0.00000001
 40
0.0
 40
0.0
 40
0.0
 40
0.0
 40
0.4954579634770075
 40
1.0
 40
1.0
 40
1.0
 40
1.0
 10
-17.86030871102992
 20
170.6777282496073
 30
0.0
 10
-18.44796110522617
 20
170.7734840251393
 30
0.0
 10
-19.63404032387926
 20
170.9667512296062
 30
0.0
 10
-20.86014076812377
 20
171.1665397441741
 30
0.0
 10
-21.47875998324464
 20
171.2673414481882
 30
0.0
  0
SPLINE
  5
40D
330
208
100
AcDbEntity
  8
0
  6
Continuous
 62
     7
370
    25
100
AcDbSpline
210
0.0
220
0.0
230
1.0
 70
    24
 71
     3
 72
     9
 73
     5
 74
     0
 42
0.00000001
 43
0.00000001
 40
0.0
 40
0.0
 40
0.0
 40
0.0
 40
0.4954579634770122
 40
1.0
 40
1.0
 40
1.0
 40
1.0
 10
-27.13969128896989
 20
159.3222717503923
 30
0.0
 10
-26.55203889477362
 20
159.2265159748604
 30
0.0
 10
-25.36595967612055
 20
159.033248770394
 30
0.0
 10
-24.13985923187612
 20
158.8334602558259
 30
0.0
 10
-23.52124001675533
 20
158.7326585518118
 30
0.0
  0
SPLINE
  5
40E
330
208
100
AcDbEntity
  8
0
  6
Continuous
 62
     7
370
    25
100
AcDbSpline
210
0.0
220
0.0
230
1.0
 70
    24
 71
     3
 72
     9
 73
     5
 74
     0
 42
0.00000001
 43
0.00000001
 40
0.0
 40
0.0
 40
0.0
 40
0.0
 40
0.788999237732229
 40
1.0
 40
1.0
 40
1.0
 40
1.0
 10
-28.43829691669978
 20
162.7507490737773
 30
0.0
 10
-28.09140708185426
 20
161.8349175795308
 30
0.0
 10
-27.65174907173679
 20
160.6741667822565
 30
0.0
 10
-27.22891054122422
 20
159.5578214635859
 30
0.0
 10
-27.13969128896989
 20
159.3222717503923
 30
0.0
  0
SPLINE
  5
40F
330
208
100
AcDbEntity
  8
0
  6
Continuous
 62
     7
370
    25
100
AcDbSpline
210
0.0
220
0.0
230
1.0
 70
    24
 71
     3
 72
    10
 73
     6
 74
     0
 42
0.00000001
 43
0.00000001
 40
0.0
 40
0.0
 40
0.0
 40
0.0
 40
0.070075796277211
 40
0.5307770882938282
 40
1.0
 40
1.0
 40
1.0
 40
1.0
 10
-21.47875998324464
 20
171.2673414481882
 30
0.0
 10
-21.56451152288962
 20
171.2813143431561
 30
0.0
 10
-22.21402183811195
 20
171.3871496372253
 30
0.0
 10
-23.43865852386934
 20
171.5866996377831
 30
0.0
 10
-24.54099316134118
 20
171.7663209737113
 30
0.0
 10
-25.0972112554594
 20
171.8569546467691
 30
0.0
  0
SPLINE
  5
410
330
208
100
AcDbEntity
  8
0
  6
Continuous
 62
     7
370
    25
100
AcDbSpline
210
0.0
220
0.0
230
1.0
 70
    24
 71
     3
 72
     9
 73
     5
 74
     0
 42
0.00000001
 43
0.00000001
 40
0.0
 40
0.0
 40
0.0
 40
0.0
 40
0.4954579634770041
 40
1.0
 40
1.0
 40
1.0
 40
1.0
 10
-25.0972112554594
 20
171.8569546467691
 30
0.0
 10
-25.47396438672735
 20
171.3959106325664
 30
0.0
 10
-26.23437830484056
 20
170.4653695005454
 30
0.0
 10
-27.02045045596309
 20
169.5034296255223
 30
0.0
 10
-27.41705689994444
 20
169.0180905219655
 30
0.0
  0
SPLINE
  5
411
330
208
100
AcDbEntity
  8
0
  6
Continuous
 62
     7
370
    25
100
AcDbSpline
210
0.0
220
0.0
230
1.0
 70
    24
 71
     3
 72
     9
 73
     5
 74
     0
 42
0.00000001
 43
0.00000001
 40
0.0
 40
0.0
 40
0.0
 40
0.0
 40
0.4954579634770074
 40
1.0
 40
1.0
 40
1.0
 40
1.0
 10
-19.90278874454057
 20
158.1430453532309
 30
0.0
 10
-19.52603561327264
 20
158.6040893674336
 30
0.0
 10
-18.76562169515944
 20
159.5346304994546
 30
0.0
 10
-17.97954954403689
 20
160.4965703744777
 30
0.0
 10
-17.58294310005552
 20
160.9819094780345
 30
0.0
  0
SPLINE
  5
412
330
208
100
AcDbEntity
  8
0
  6
Continuous
 62
     7
370
    25
100
AcDbSpline
210
0.0
220
0.0
230
1.0
 70
    24
 71
     3
 72
    10
 73
     6
 74
     0
 42
0.00000001
 43
0.00000001
 40
0.0
 40
0.0
 40
0.0
 40
0.0
 40
0.0700757962772141
 40
0.530777088293828
 40
1.0
 40
1.0
 40
1.0
 40
1.0
 10
-23.52124001675533
 20
158.7326585518118
 30
0.0
 10
-23.43548847711037
 20
158.7186856568439
 30
0.0
 10
-22.78597816188805
 20
158.6128503627749
 30
0.0
 10
-21.56134147613064
 20
158.4133003622169
 30
0.0
 10
-20.45900683865882
 20
158.2336790262887
 30
0.0
 10
-19.90278874454057
 20
158.1430453532309
 30
0.0
  0
SPLINE
  5
413
330
208
100
AcDbEntity
  8
0
  6
Continuous
 62
     7
370
    25
100
AcDbSpline
210
0.0
220
0.0
230
1.0
 70
    24
 71
     3
 72
     9
 73
     5
 74
     0
 42
0.00000001
 43
0.00000001
 40
0.0
 40
0.0
 40
0.0
 40
0.0
 40
0.7681507275779883
 40
1.0
 40
1.0
 40
1.0
 40
1.0
 10
15.26309745557051
 20
166.1792263971618
 30
0.0
 10
15.59210510879378
 20
165.3106060445241
 30
0.0
 10
16.02041643027187
 20
164.1798118898709
 30
0.0
 10
16.45982623887945
 20
163.0197163748703
 30
0.0
 10
16.56170308330022
 20
162.7507490737773
 30
0.0
  0
SPLINE
  5
414
330
208
100
AcDbEntity
  8
0
  6
Continuous
 62
     7
370
    25
100
AcDbSpline
210
0.0
220
0.0
230
1.0
 70
    24
 71
     3
 72
    10
 73
     6
 74
     0
 42
0.00000001
 43
0.00000001
 40
0.0
 40
0.0
 40
0.0
 40
0.0
 40
0.0700757962772078
 40
0.530777088293827
 40
0.9999999999999999
 40
0.9999999999999999
 40
0.9999999999999999
 40
0.9999999999999999
 10
17.58294310005554
 20
169.0180905219655
 30
0.0
 10
17.5279664482264
 20
168.9508139577033
 30
0.0
 10
17.11155523733439
 20
168.4412391717352
 30
0.0
 10
16.32642152464746
 20
167.4804476917419
 30
0.0
 10
15.61969756593601
 20
166.6156085601839
 30
0.0
 10
15.26309745557051
 20
166.1792263971619
 30
0.0
  0
SPLINE
  5
415
330
208
100
AcDbEntity
  8
0
  6
Continuous
 62
     7
370
    25
100
AcDbSpline
210
0.0
220
0.0
230
1.0
 70
    24
 71
     3
 72
    10
 73
     6
 74
     0
 42
0.00000001
 43
0.00000001
 40
0.0
 40
0.0
 40
0.0
 40
0.0
 40
0.0700757962772147
 40
0.5307770882938303
 40
0.9999999999999999
 40
0.9999999999999999
 40
0.9999999999999999
 40
0.9999999999999999
 10
23.52124001675536
 20
171.2673414481882
 30
0.0
 10
23.43548847711038
 20
171.2813143431562
 30
0.0
 10
22.78597816188801
 20
171.3871496372253
 30
0.0
 10
21.56134147613069
 20
171.5866996377831
 30
0.0
 10
20.45900683865883
 20
171.7663209737113
 30
0.0
 10
19.90278874454058
 20
171.8569546467691
 30
0.0
  0
SPLINE
  5
416
330
208
100
AcDbEntity
  8
0
  6
Continuous
 62
     7
370
    25
100
AcDbSpline
210
0.0
220
0.0
230
1.0
 70
    24
 71
     3
 72
     9
 73
     5
 74
     0
 42
0.00000001
 43
0.00000001
 40
0.0
 40
0.0
 40
0.0
 40
0.0
 40
0.4954579634770032
 40
0.9999999999999999
 40
0.9999999999999999
 40
0.9999999999999999
 40
0.9999999999999999
 10
19.90278874454059
 20
171.8569546467691
 30
0.0
 10
19.52603561327265
 20
171.3959106325664
 30
0.0
 10
18.76562169515942
 20
170.4653695005454
 30
0.0
 10
17.97954954403692
 20
169.5034296255223
 30
0.0
 10
17.58294310005554
 20
169.0180905219655
 30
0.0
  0
SPLINE
  5
417
330
208
100
AcDbEntity
  8
0
  6
Continuous
 62
     7
370
    25
100
AcDbSpline
210
0.0
220
0.0
230
1.0
 70
    24
 71
     3
 72
     9
 73
     5
 74
     0
 42
0.00000001
 43
0.00000001
 40
0.0
 40
0.0
 40
0.0
 40
0.0
 40
0.4954579634770096
 40
0.9999999999999999
 40
0.9999999999999999
 40
0.9999999999999999
 40
0.9999999999999999
 10
27.13969128897008
 20
170.6777282496073
 30
0.0
 10
26.55203889477382
 20
170.7734840251393
 30
0.0
 10
25.36595967612075
 20
170.9667512296062
 30
0.0
 10
24.13985923187622
 20
171.1665397441742
 30
0.0
 10
23.52124001675536
 20
171.2673414481882
 30
0.0
  0
SPLINE
  5
418
330
208
100
AcDbEntity
  8
0
  6
Continuous
 62
     7
370
    25
100
AcDbSpline
210
0.0
220
0.0
230
1.0
 70
    24
 71
     3
 72
     9
 73
     5
 74
     0
 42
0.00000001
 43
0.00000001
 40
0.0
 40
0.0
 40
0.0
 40
0.0
 40
0.2318492724220118
 40
1.0
 40
1.0
 40
1.0
 40
1.0
 10
28.43829691669979
 20
167.2492509262228
 30
0.0
 10
28.33642007227903
 20
167.5182182273157
 30
0.0
 10
27.89701026367144
 20
168.6783137423164
 30
0.0
 10
27.46869894219337
 20
169.8091078969695
 30
0.0
 10
27.13969128897008
 20
170.6777282496073
 30
0.0
  0
SPLINE
  5
419
330
208
100
AcDbEntity
  8
0
  6
Continuous
 62
     7
370
    25
100
AcDbSpline
210
0.0
220
0.0
230
1.0
 70
    24
 71
     3
 72
     9
 73
     5
 74
     0
 42
0.00000001
 43
0.00000001
 40
0.0
 40
0.0
 40
0.0
 40
0.0
 40
0.211000762267692
 40
1.0
 40
1.0
 40
1.0
 40
1.0
 10
29.73690254442949
 20
163.8207736028382
 30
0.0
 10
29.64768329217521
 20
164.0563233160317
 30
0.0
 10
29.2248447616628
 20
165.172668634702
 30
0.0
 10
28.78518675154536
 20
166.3334194319762
 30
0.0
 10
28.43829691669979
 20
167.2492509262228
 30
0.0
  0
SPLINE
  5
41A
330
208
100
AcDbEntity
  8
0
  6
Continuous
 62
     7
370
    25
100
AcDbSpline
210
0.0
220
0.0
230
1.0
 70
    24
 71
     3
 72
    10
 73
     6
 74
     0
 42
0.00000001
 43
0.00000001
 40
0.0
 40
0.0
 40
0.0
 40
0.0
 40
0.0700757962772062
 40
0.5307770882938276
 40
1.0
 40
1.0
 40
1.0
 40
1.0
 10
27.41705689994447
 20
160.9819094780346
 30
0.0
 10
27.4720335517736
 20
161.0491860422968
 30
0.0
 10
27.8884447626656
 20
161.5587608282648
 30
0.0
 10
28.67357847535255
 20
162.5195523082581
 30
0.0
 10
29.38030243406399
 20
163.3843914398162
 30
0.0
 10
29.73690254442949
 20
163.8207736028382
 30
0.0
  0
SPLINE
  5
41B
330
208
100
AcDbEntity
  8
0
  6
Continuous
 62
     7
370
    25
100
AcDbSpline
210
0.0
220
0.0
230
1.0
 70
    24
 71
     3
 72
    10
 73
     6
 74
     0
 42
0.00000001
 43
0.00000001
 40
0.0
 40
0.0
 40
0.0
 40
0.0
 40
0.0700757962772142
 40
0.5307770882938289
 40
1.0
 40
1.0
 40
1.0
 40
1.0
 10
21.47875998324466
 20
158.7326585518118
 30
0.0
 10
21.56451152288964
 20
158.7186856568439
 30
0.0
 10
22.21402183811198
 20
158.6128503627749
 30
0.0
 10
23.43865852386934
 20
158.4133003622169
 30
0.0
 10
24.54099316134118
 20
158.2336790262887
 30
0.0
 10
25.09721125545942
 20
158.1430453532309
 30
0.0
  0
SPLINE
  5
41C
330
208
100
AcDbEntity
  8
0
  6
Continuous
 62
     7
370
    25
100
AcDbSpline
210
0.0
220
0.0
230
1.0
 70
    24
 71
     3
 72
     9
 73
     5
 74
     0
 42
0.00000001
 43
0.00000001
 40
0.0
 40
0.0
 40
0.0
 40
0.0
 40
0.4954579634770086
 40
1.0
 40
1.0
 40
1.0
 40
1.0
 10
25.09721125545942
 20
158.1430453532309
 30
0.0
 10
25.47396438672737
 20
158.6040893674336
 30
0.0
 10
26.23437830484057
 20
159.5346304994546
 30
0.0
 10
27.02045045596311
 20
160.4965703744777
 30
0.0
 10
27.41705689994447
 20
160.9819094780346
 30
0.0
  0
SPLINE
  5
41D
330
208
100
AcDbEntity
  8
0
  6
Continuous
 62
     7
370
    25
100
AcDbSpline
210
0.0
220
0.0
230
1.0
 70
    24
 71
     3
 72
     9
 73
     5
 74
     0
 42
0.00000001
 43
0.00000001
 40
0.0
 40
0.0
 40
0.0
 40
0.0
 40
0.7889992377322287
 40
0.9999999999999999
 40
0.9999999999999999
 40
0.9999999999999999
 40
0.9999999999999999
 10
16.5617030833002
 20
162.7507490737773
 30
0.0
 10
16.90859291814575
 20
161.8349175795308
 30
0.0
 10
17.34825092826322
 20
160.6741667822566
 30
0.0
 10
17.77108945877576
 20
159.5578214635859
 30
0.0
 10
17.86030871103009
 20
159.3222717503923
 30
0.0
  0
SPLINE
  5
41E
330
208
100
AcDbEntity
  8
0
  6
Continuous
 62
     7
370
    25
100
AcDbSpline
210
0.0
220
0.0
230
1.0
 70
    24
 71
     3
 72
     9
 73
     5
 74
     0
 42
0.00000001
 43
0.00000001
 40
0.0
 40
0.0
 40
0.0
 40
0.0
 40
0.4954579634770104
 40
1.0
 40
1.0
 40
1.0
 40
1.0
 10
17.86030871103009
 20
159.3222717503923
 30
0.0
 10
18.44796110522636
 20
159.2265159748604
 30
0.0
 10
19.63404032387945
 20
159.033248770394
 30
0.0
 10
20.86014076812385
 20
158.8334602558259
 30
0.0
 10
21.47875998324466
 20
158.7326585518118
 30
0.0
  0
SPLINE
  5
41F
330
208
100
AcDbEntity
  8
0
  6
Continuous
 62
     7
370
    25
100
AcDbSpline
210
0.0
220
0.0
230
1.0
 70
     8
 71
     3
 72
    10
 73
     6
 74
     0
 42
0.00000001
 43
0.00000001
 40
0.0
 40
0.0
 40
0.0
 40
0.0
 40
0.0700757962772252
 40
0.5307770882938319
 40
1.0
 40
1.0
 40
1.0
 40
1.0
 10
52.2192
 20
19.01809052196542
 30
0.0
 10
52.21852307385191
 20
18.95081395770323
 30
0.0
 10
52.21339581295783
 20
18.44123917173533
 30
0.0
 10
52.08953093709943
 20
17.48044769174177
 30
0.0
 10
51.79875908602039
 20
16.6156085601838
 30
0.0
 10
51.65204087602079
 20
16.17922639716178
 30
0.0
  0
SPLINE
  5
420
330
208
100
AcDbEntity
  8
0
  6
Continuous
 62
     7
370
    25
100
AcDbSpline
210
0.0
220
0.0
230
1.0
 70
     8
 71
     3
 72
     9
 73
     5
 74
     0
 42
0.00000001
 43
0.00000001
 40
0.0
 40
0.0
 40
0.0
 40
0.0
 40
0.4954579634770393
 40
0.9999999999999999
 40
0.9999999999999999
 40
0.9999999999999999
 40
0.9999999999999999
 10
51.65204087602078
 20
21.85695464676907
 30
0.0
 10
51.81056072541605
 20
21.39591063256641
 30
0.0
 10
52.13050683806465
 20
20.46536950054553
 30
0.0
 10
52.18945710982995
 20
19.50342962552229
 30
0.0
 10
52.2192
 20
19.01809052196542
 30
0.0
  0
SPLINE
  5
421
330
208
100
AcDbEntity
  8
0
  6
Continuous
 62
     7
370
    25
100
AcDbSpline
210
0.0
220
0.0
230
1.0
 70
     8
 71
     3
 72
     9
 73
     5
 74
     0
 42
0.00000001
 43
0.00000001
 40
0.0
 40
0.0
 40
0.0
 40
0.0
 40
0.7681507275779967
 40
1.0
 40
1.0
 40
1.0
 40
1.0
 10
51.65204087602079
 20
16.17922639716178
 30
0.0
 10
51.88398643593533
 20
15.31060604452401
 30
0.0
 10
52.18593962244844
 20
14.17981188987087
 30
0.0
 10
52.21293998547675
 20
13.01971637487018
 30
0.0
 10
52.2192
 20
12.75074907377724
 30
0.0
  0
SPLINE
  5
422
330
208
100
AcDbEntity
  8
0
  6
Continuous
 62
     7
370
    25
100
AcDbSpline
210
0.0
220
0.0
230
1.0
 70
     8
 71
     3
 72
     9
 73
     5
 74
     0
 42
0.00000001
 43
0.00000001
 40
0.0
 40
0.0
 40
0.0
 40
0.0
 40
0.7889992377322306
 40
1.0
 40
1.0
 40
1.0
 40
1.0
 10
52.2192
 20
12.75074907377724
 30
0.0
 10
52.14774328458989
 20
11.83491757953078
 30
0.0
 10
52.05717701786511
 20
10.67416678225652
 30
0.0
 10
51.72263045566037
 20
9.557821463585803
 30
0.0
 10
51.65204087602111
 20
9.322271750392233
 30
0.0
  0
SPLINE
  5
423
330
208
100
AcDbEntity
  8
0
  6
Continuous
 62
     7
370
    25
100
AcDbSpline
210
0.0
220
0.0
230
1.0
 70
     8
 71
     3
 72
     9
 73
     5
 74
     0
 42
0.00000001
 43
0.00000001
 40
0.0
 40
0.0
 40
0.0
 40
0.0
 40
0.4954579634770244
 40
0.9999999999999999
 40
0.9999999999999999
 40
0.9999999999999999
 40
0.9999999999999999
 10
51.65204087602111
 20
9.32227175039224
 30
0.0
 10
51.81056072541626
 20
9.22651597486039
 30
0.0
 10
52.13050683806462
 20
9.033248770393918
 30
0.0
 10
52.18945710982995
 20
8.83346025582587
 30
0.0
 10
52.2192
 20
8.732658551811788
 30
0.0
  0
SPLINE
  5
424
330
208
100
AcDbEntity
  8
0
  6
Continuous
 62
     7
370
    25
100
AcDbSpline
210
0.0
220
0.0
230
1.0
 70
     8
 71
     3
 72
    10
 73
     6
 74
     0
 42
0.00000001
 43
0.00000001
 40
0.0
 40
0.0
 40
0.0
 40
0.0
 40
0.0700757962772095
 40
0.5307770882938349
 40
1.0
 40
1.0
 40
1.0
 40
1.0
 10
52.2192
 20
21.26734144818815
 30
0.0
 10
52.21852307385191
 20
21.2813143431561
 30
0.0
 10
52.21339581295782
 20
21.38714963722521
 30
0.0
 10
52.08953093709944
 20
21.58669963778303
 30
0.0
 10
51.79875908602038
 20
21.76632097371122
 30
0.0
 10
51.65204087602078
 20
21.85695464676907
 30
0.0
  0
SPLINE
  5
425
330
208
100
AcDbEntity
  8
0
  6
Continuous
 62
     7
370
    25
100
AcDbSpline
210
0.0
220
0.0
230
1.0
 70
     8
 71
     3
 72
    10
 73
     6
 74
     0
 42
0.00000001
 43
0.00000001
 40
0.0
 40
0.0
 40
0.0
 40
0.0
 40
0.0700757962772098
 40
0.5307770882938349
 40
0.9999999999999999
 40
0.9999999999999999
 40
0.9999999999999999
 40
0.9999999999999999
 10
52.2192
 20
8.732658551811788
 30
0.0
 10
52.21852307385191
 20
8.718685656843832
 30
0.0
 10
52.2133958129578
 20
8.612850362774672
 30
0.0
 10
52.08953093709944
 20
8.41330036221693
 30
0.0
 10
51.79875908602038
 20
8.233679026288712
 30
0.0
 10
51.65204087602078
 20
8.14304535323086
 30
0.0
  0
SPLINE
  5
426
330
208
100
AcDbEntity
  8
0
  6
Continuous
 62
     7
370
    25
100
AcDbSpline
210
0.0
220
0.0
230
1.0
 70
     8
 71
     3
 72
    10
 73
     6
 74
     0
 42
0.00000001
 43
0.00000001
 40
0.0
 40
0.0
 40
0.0
 40
0.0
 40
0.0700757962772027
 40
0.5307770882938371
 40
1.0
 40
1.0
 40
1.0
 40
1.0
 10
-52.21919999999999
 20
159.7902712413123
 30
0.0
 10
-52.21852307385191
 20
159.8399460814262
 30
0.0
 10
-52.21339581295788
 20
160.2161996296958
 30
0.0
 10
-52.08953093709944
 20
160.9256169977623
 30
0.0
 10
-51.79875908602038
 20
161.5641862537212
 30
0.0
 10
-51.65204087602079
 20
161.8863967354008
 30
0.0
  0
SPLINE
  5
427
330
208
100
AcDbEntity
  8
0
  6
Continuous
 62
     7
370
    25
100
AcDbSpline
210
0.0
220
0.0
230
1.0
 70
     8
 71
     3
 72
     9
 73
     5
 74
     0
 42
0.00000001
 43
0.00000001
 40
0.0
 40
0.0
 40
0.0
 40
0.0
 40
0.4954579634770223
 40
1.0
 40
1.0
 40
1.0
 40
1.0
 10
-51.65204087602079
 20
157.6941457472239
 30
0.0
 10
-51.81056072541605
 20
158.0345657425394
 30
0.0
 10
-52.13050683806469
 20
158.7216472316057
 30
0.0
 10
-52.18945710982993
 20
159.4319125374367
 30
0.0
 10
-52.21919999999999
 20
159.7902712413123
 30
0.0
  0
SPLINE
  5
428
330
208
100
AcDbEntity
  8
0
  6
Continuous
 62
     7
370
    25
100
AcDbSpline
210
0.0
220
0.0
230
1.0
 70
     8
 71
     3
 72
     9
 73
     5
 74
     0
 42
0.00000001
 43
0.00000001
 40
0.0
 40
0.0
 40
0.0
 40
0.0
 40
0.768150727577989
 40
1.0
 40
1.0
 40
1.0
 40
1.0
 10
-51.65204087602079
 20
161.8863967354008
 30
0.0
 10
-51.88398643593533
 20
162.811882468394
 30
0.0
 10
-52.18593962244846
 20
164.0167055581427
 30
0.0
 10
-52.21293998547674
 20
165.2527482605526
 30
0.0
 10
-52.21920000000001
 20
165.5393238617888
 30
0.0
  0
SPLINE
  5
429
330
208
100
AcDbEntity
  8
0
  6
Continuous
 62
     7
370
    25
100
AcDbSpline
210
0.0
220
0.0
230
1.0
 70
     8
 71
     3
 72
     9
 73
     5
 74
     0
 42
0.00000001
 43
0.00000001
 40
0.0
 40
0.0
 40
0.0
 40
0.0
 40
0.7889992377322258
 40
1.0
 40
1.0
 40
1.0
 40
1.0
 10
-52.21919999999999
 20
165.5393238617888
 30
0.0
 10
-52.14774328458986
 20
166.5151114762249
 30
0.0
 10
-52.05717701786507
 20
167.7518523598291
 30
0.0
 10
-51.72263045566038
 20
168.9412807014355
 30
0.0
 10
-51.65204087602112
 20
169.1922509881774
 30
0.0
  0
SPLINE
  5
42A
330
208
100
AcDbEntity
  8
0
  6
Continuous
 62
     7
370
    25
100
AcDbSpline
210
0.0
220
0.0
230
1.0
 70
     8
 71
     3
 72
     9
 73
     5
 74
     0
 42
0.00000001
 43
0.00000001
 40
0.0
 40
0.0
 40
0.0
 40
0.0
 40
0.4954579634770365
 40
1.0
 40
1.0
 40
1.0
 40
1.0
 10
-51.65204087602112
 20
169.1922509881774
 30
0.0
 10
-51.81056072541625
 20
169.4450824173399
 30
0.0
 10
-52.1305068380646
 20
169.9553808640298
 30
0.0
 10
-52.18945710982992
 20
170.4828980334941
 30
0.0
 10
-52.21919999999999
 20
170.7490526204765
 30
0.0
  0
SPLINE
  5
42B
330
208
100
AcDbEntity
  8
0
  6
Continuous
 62
     7
370
    25
100
AcDbSpline
210
0.0
220
0.0
230
1.0
 70
     8
 71
     3
 72
    10
 73
     6
 74
     0
 42
0.00000001
 43
0.00000001
 40
0.0
 40
0.0
 40
0.0
 40
0.0
 40
0.0700757962772259
 40
0.5307770882938506
 40
1.0
 40
1.0
 40
1.0
 40
1.0
 10
-52.21919999999999
 20
170.7490526204765
 30
0.0
 10
-52.21852307385188
 20
170.7859463429142
 30
0.0
 10
-52.2133958129578
 20
171.0653915096069
 30
0.0
 10
-52.08953093709941
 20
171.5922789119608
 30
0.0
 10
-51.79875908602038
 20
172.0665471095552
 30
0.0
 10
-51.65204087602079
 20
172.3058542527762
 30
0.0
  0
SPLINE
  5
42C
330
208
100
AcDbEntity
  8
0
  6
Continuous
 62
     7
370
    25
100
AcDbSpline
210
0.0
220
0.0
230
1.0
 70
     8
 71
     3
 72
    10
 73
     6
 74
     0
 42
0.00000001
 43
0.00000001
 40
0.0
 40
0.0
 40
0.0
 40
0.0
 40
0.3701669572286386
 40
0.7503638824944626
 40
1.0
 40
1.0
 40
1.0
 40
1.0
 10
201.1976159425494
 20
31.85294999999972
 30
0.0
 10
201.6608945563536
 20
31.87780458308939
 30
0.0
 10
202.60000468637
 20
31.92818720396018
 30
0.0
 10
203.8169259468743
 20
32.25312264268821
 30
0.0
 10
204.5527461262624
 20
32.53498360577573
 30
0.0
 10
204.8443905467526
 20
32.64669999999972
 30
0.0
  0
SPLINE
  5
42D
330
208
100
AcDbEntity
  8
0
  6
Continuous
 62
     7
370
    25
100
AcDbSpline
210
0.0
220
0.0
230
1.0
 70
     8
 71
     3
 72
    11
 73
     7
 74
     0
 42
0.00000001
 43
0.00000001
 40
0.0
 40
0.0
 40
0.0
 40
0.0
 40
0.4297568237026882
 40
0.6489895639746243
 40
0.8701247584562574
 40
0.9999999999999999
 40
0.9999999999999999
 40
0.9999999999999999
 40
0.9999999999999999
 10
197.5508413383462
 20
32.64669999999973
 30
0.0
 10
198.0559330910252
 20
32.45845318125107
 30
0.0
 10
198.8186883476238
 20
32.17417562221966
 30
0.0
 10
199.8862095108766
 20
31.95036893089135
 30
0.0
 10
200.5959185335109
 20
31.86417988642204
 30
0.0
 10
201.0351124620337
 20
31.85598291256009
 30
0.0
 10
201.1976159425494
 20
31.85294999999972
 30
0.0
  0
SPLINE
  5
42E
330
208
100
AcDbEntity
  8
0
  6
Continuous
 62
     7
370
    25
100
AcDbSpline
210
0.0
220
0.0
230
1.0
 70
     8
 71
     3
 72
    10
 73
     6
 74
     0
 42
0.00000001
 43
0.00000001
 40
0.0
 40
0.0
 40
0.0
 40
0.0
 40
0.4299704356254027
 40
0.8700602035765579
 40
1.0
 40
1.0
 40
1.0
 40
1.0
 10
204.8443905467526
 20
32.64669999999971
 30
0.0
 10
205.1420654960621
 20
32.45976133744745
 30
0.0
 10
205.7444211594675
 20
32.08148442043109
 30
0.0
 10
206.4781447658378
 20
31.87041587347742
 30
0.0
 10
206.8982139577298
 20
31.85619230197914
 30
0.0
 10
206.9939698775795
 20
31.85294999999972
 30
0.0
  0
SPLINE
  5
42F
330
208
100
AcDbEntity
  8
0
  6
Continuous
 62
     7
370
    25
100
AcDbSpline
210
0.0
220
0.0
230
1.0
 70
     8
 71
     3
 72
    11
 73
     7
 74
     0
 42
0.00000001
 43
0.00000001
 40
0.0
 40
0.0
 40
0.0
 40
0.0
 40
0.1153793756467413
 40
0.5050242257266147
 40
0.9047550947299373
 40
1.0
 40
1.0
 40
1.0
 40
1.0
 10
196.0536460649699
 20
31.85294999999972
 30
0.0
 10
196.1128921320355
 20
31.85543360458011
 30
0.0
 10
196.3722166341784
 20
31.86630452906893
 30
0.0
 10
196.8341063311662
 20
32.04284502328457
 30
0.0
 10
197.2690221376205
 20
32.37381260929285
 30
0.0
 10
197.5053636992076
 20
32.60266370208929
 30
0.0
 10
197.5508413383462
 20
32.64669999999973
 30
0.0
  0
SPLINE
  5
430
330
208
100
AcDbEntity
  8
0
  6
Continuous
 62
     7
370
    25
100
AcDbSpline
210
0.0
220
0.0
230
1.0
 70
     8
 71
     3
 72
    10
 73
     6
 74
     0
 42
0.00000001
 43
0.00000001
 40
0.0
 40
0.0
 40
0.0
 40
0.0
 40
0.3701669572286392
 40
0.7503638824944707
 40
1.0
 40
1.0
 40
1.0
 40
1.0
 10
206.9939698775795
 20
31.85294999999971
 30
0.0
 10
207.2670479371612
 20
31.87780458308937
 30
0.0
 10
207.8206033234817
 20
31.92818720396018
 30
0.0
 10
208.5379135695847
 20
32.2531226426882
 30
0.0
 10
208.9716403611981
 20
32.53498360577572
 30
0.0
 10
209.1435492084063
 20
32.6466999999997
 30
0.0
  0
SPLINE
  5
431
330
208
100
AcDbEntity
  8
0
  6
Continuous
 62
     7
370
    25
100
AcDbSpline
210
0.0
220
0.0
230
1.0
 70
     8
 71
     3
 72
     9
 73
     5
 74
     0
 42
0.00000001
 43
0.00000001
 40
0.0
 40
0.0
 40
0.0
 40
0.0
 40
0.3643504710049157
 40
1.0
 40
1.0
 40
1.0
 40
1.0
 10
197.1060168866667
 20
37.99339999999972
 30
0.0
 10
197.1607365369801
 20
37.95124074288744
 30
0.0
 10
197.310920644503
 20
37.83553001800214
 30
0.0
 10
197.4576028582597
 20
37.69523100288036
 30
0.0
 10
197.5508413383462
 20
37.60604999999973
 30
0.0
  0
SPLINE
  5
432
330
208
100
AcDbEntity
  8
0
  6
Continuous
 62
     7
370
    25
100
AcDbSpline
210
0.0
220
0.0
230
1.0
 70
     8
 71
     3
 72
     9
 73
     5
 74
     0
 42
0.00000001
 43
0.00000001
 40
0.0
 40
0.0
 40
0.0
 40
0.0
 40
0.5396452802468739
 40
1.0
 40
1.0
 40
1.0
 40
1.0
 10
194.5564507915935
 20
37.60604999999973
 30
0.0
 10
194.6355440556308
 20
37.68211541109373
 30
0.0
 10
194.7821093401471
 20
37.82306987484664
 30
0.0
 10
194.9321865098658
 20
37.9397060063626
 30
0.0
 10
195.001275243273
 20
37.99339999999972
 30
0.0
  0
SPLINE
  5
433
330
208
100
AcDbEntity
  8
0
  6
Continuous
 62
     7
370
    25
100
AcDbSpline
210
0.0
220
0.0
230
1.0
 70
     8
 71
     3
 72
    10
 73
     6
 74
     0
 42
0.00000001
 43
0.00000001
 40
0.0
 40
0.0
 40
0.0
 40
0.0
 40
0.2637144629425419
 40
0.627704229844163
 40
1.0
 40
1.0
 40
1.0
 40
1.0
 10
194.5564507915935
 20
32.64669999999973
 30
0.0
 10
194.6829967893972
 20
32.52897112005981
 30
0.0
 10
194.9842068830907
 20
32.24874790026166
 30
0.0
 10
195.484012624851
 20
31.9276483963225
 30
0.0
 10
195.8623455993065
 20
31.87803602373786
 30
0.0
 10
196.0536460649698
 20
31.85294999999973
 30
0.0
  0
SPLINE
  5
434
330
208
100
AcDbEntity
  8
0
  6
Continuous
 62
     7
370
    25
100
AcDbSpline
210
0.0
220
0.0
230
1.0
 70
     8
 71
     3
 72
     9
 73
     5
 74
     0
 42
0.00000001
 43
0.00000001
 40
0.0
 40
0.0
 40
0.0
 40
0.0
 40
0.6048510359600572
 40
1.0
 40
1.0
 40
1.0
 40
1.0
 10
208.7921008035713
 20
32.35540152966411
 30
0.0
 10
208.8642427995976
 20
32.4050784497767
 30
0.0
 10
208.9835151356561
 20
32.48720928391462
 30
0.0
 10
209.0982226521114
 20
32.60152733897252
 30
0.0
 10
209.1435492084063
 20
32.64669999999971
 30
0.0
  0
SPLINE
  5
435
330
208
100
AcDbEntity
  8
0
  6
Continuous
 62
     7
370
    25
100
AcDbSpline
210
0.0
220
0.0
230
1.0
 70
     8
 71
     3
 72
     9
 73
     5
 74
     0
 42
0.00000001
 43
0.00000001
 40
0.0
 40
0.0
 40
0.0
 40
0.0
 40
0.1641907287422599
 40
1.0
 40
1.0
 40
1.0
 40
1.0
 10
208.8063175445878
 20
37.90812328534864
 30
0.0
 10
208.8250419045842
 20
37.89346959842464
 30
0.0
 10
208.9390822047877
 20
37.80422164248797
 30
0.0
 10
209.0504592453223
 20
37.69627380411994
 30
0.0
 10
209.1435492084063
 20
37.60604999999971
 30
0.0
  0
SPLINE
  5
436
330
208
100
AcDbEntity
  8
0
  6
Continuous
 62
     7
370
    25
100
AcDbSpline
210
0.0
220
0.0
230
1.0
 70
     8
 71
     3
 72
    15
 73
    11
 74
     0
 42
0.00000001
 43
0.00000001
 40
0.0
 40
0.0
 40
0.0
 40
0.0
 40
0.1218061953790804
 40
0.2538363378607655
 40
0.3867736481125375
 40
0.5185536740532172
 40
0.6510793511004646
 40
0.7836050281477169
 40
0.9153850540883995
 40
1.0
 40
1.0
 40
1.0
 40
1.0
 10
198.6788288730205
 20
26.93542837403322
 30
0.0
 10
198.7453086899284
 20
26.97366905923191
 30
0.0
 10
198.8838483858204
 20
27.05336020677913
 30
0.0
 10
199.6647262533799
 20
27.17379120167708
 30
0.0
 10
200.7578101478271
 20
27.30142615951206
 30
0.0
 10
202.0281013255619
 20
27.42408170302181
 30
0.0
 10
203.2725284543141
 20
27.55000145595442
 30
0.0
 10
204.2812696621009
 20
27.67591248954285
 30
0.0
 10
204.9072881814299
 20
27.78367059397797
 30
0.0
 10
204.9599577895812
 20
27.85273429472711
 30
0.0
 10
204.9805527045497
 20
27.87973964172442
 30
0.0
  0
SPLINE
  5
437
330
208
100
AcDbEntity
  8
0
  6
Continuous
 62
     7
370
    25
100
AcDbSpline
210
0.0
220
0.0
230
1.0
 70
     8
 71
     3
 72
    15
 73
    11
 74
     0
 42
0.00000001
 43
0.00000001
 40
0.0
 40
0.0
 40
0.0
 40
0.0
 40
0.1218061953790802
 40
0.2538363378607649
 40
0.3867736481125373
 40
0.5185536740532172
 40
0.6510793511004646
 40
0.783605028147717
 40
0.9153850540883997
 40
1.0
 40
1.0
 40
1.0
 40
1.0
 10
198.6788288730205
 20
28.93542837403321
 30
0.0
 10
198.7453086899284
 20
28.97366905923193
 30
0.0
 10
198.8838483858203
 20
29.05336020677924
 30
0.0
 10
199.6647262533799
 20
29.17379120167701
 30
0.0
 10
200.7578101478271
 20
29.30142615951208
 30
0.0
 10
202.0281013255619
 20
29.42408170302183
 30
0.0
 10
203.272528454314
 20
29.55000145595444
 30
0.0
 10
204.281269662101
 20
29.67591248954282
 30
0.0
 10
204.9072881814299
 20
29.78367059397797
 30
0.0
 10
204.9599577895812
 20
29.85273429472709
 30
0.0
 10
204.9805527045497
 20
29.87973964172439
 30
0.0
  0
SPLINE
  5
438
330
208
100
AcDbEntity
  8
0
  6
Continuous
 62
     7
370
    25
100
AcDbSpline
210
0.0
220
0.0
230
1.0
 70
     8
 71
     3
 72
    12
 73
     8
 74
     0
 42
0.00000001
 43
0.00000001
 40
0.0
 40
0.0
 40
0.0
 40
0.0
 40
0.2167307275371317
 40
0.4516530050767329
 40
0.688189413409899
 40
0.9226666566084127
 40
1.0
 40
1.0
 40
1.0
 40
1.0
 10
198.6788288730205
 20
30.93542837403321
 30
0.0
 10
198.7452098007853
 20
30.9736707378491
 30
0.0
 10
198.8835434180137
 20
31.05336538352745
 30
0.0
 10
199.6660703780034
 20
31.17376838551533
 30
0.0
 10
200.7527633382979
 20
31.30151182777553
 30
0.0
 10
201.7566707353003
 20
31.39635496587344
 30
0.0
 10
202.2873599179698
 20
31.45183915320325
 30
0.0
 10
202.4189781841948
 20
31.46559999999972
 30
0.0
  0
SPLINE
  5
439
330
208
100
AcDbEntity
  8
0
  6
Continuous
 62
     7
370
    25
100
AcDbSpline
210
0.0
220
0.0
230
1.0
 70
     8
 71
     3
 72
    15
 73
    11
 74
     0
 42
0.00000001
 43
0.00000001
 40
0.0
 40
0.0
 40
0.0
 40
0.0
 40
0.1218061953790808
 40
0.2538363378607678
 40
0.3867736481125378
 40
0.5185536740532207
 40
0.6510793511004654
 40
0.7836050281477182
 40
0.9153850540883993
 40
1.0
 40
1.0
 40
1.0
 40
1.0
 10
198.6788288730205
 20
40.93542837403321
 30
0.0
 10
198.7453086899285
 20
40.97366905923191
 30
0.0
 10
198.8838483858203
 20
41.05336020677916
 30
0.0
 10
199.66472625338
 20
41.17379120167705
 30
0.0
 10
200.7578101478271
 20
41.30142615951208
 30
0.0
 10
202.0281013255619
 20
41.42408170302183
 30
0.0
 10
203.2725284543141
 20
41.55000145595443
 30
0.0
 10
204.2812696621009
 20
41.67591248954285
 30
0.0
 10
204.9072881814299
 20
41.78367059397796
 30
0.0
 10
204.9599577895813
 20
41.85273429472709
 30
0.0
 10
204.9805527045498
 20
41.87973964172439
 30
0.0
  0
SPLINE
  5
43A
330
208
100
AcDbEntity
  8
0
  6
Continuous
 62
     7
370
    25
100
AcDbSpline
210
0.0
220
0.0
230
1.0
 70
     8
 71
     3
 72
    12
 73
     8
 74
     0
 42
0.00000001
 43
0.00000001
 40
0.0
 40
0.0
 40
0.0
 40
0.0
 40
0.164683794657923
 40
0.328447015853558
 40
0.5633817709132908
 40
0.7970040843731497
 40
1.0
 40
1.0
 40
1.0
 40
1.0
 10
201.4464025941179
 20
26.49999999999985
 30
0.0
 10
201.8137726837583
 20
26.52951939873333
 30
0.0
 10
202.5464592842029
 20
26.58839318436564
 30
0.0
 10
203.754525431379
 20
26.68714761270682
 30
0.0
 10
204.8947296595683
 20
26.80106904876479
 30
0.0
 10
205.7194012533493
 20
26.91796278361641
 30
0.0
 10
205.7833896095819
 20
26.99665696810557
 30
0.0
 10
205.8131395698391
 20
27.03324407549297
 30
0.0
  0
SPLINE
  5
43B
330
208
100
AcDbEntity
  8
0
  6
Continuous
 62
     7
370
    25
100
AcDbSpline
210
0.0
220
0.0
230
1.0
 70
     8
 71
     3
 72
    16
 73
    12
 74
     0
 42
0.00000001
 43
0.00000001
 40
0.0
 40
0.0
 40
0.0
 40
0.0
 40
0.0174059939922079
 40
0.1421357244073105
 40
0.2668654548224156
 40
0.3924460649790027
 40
0.5169412007944753
 40
0.6421357244073165
 40
0.7673302480201576
 40
0.891825383835633
 40
1.0
 40
1.0
 40
1.0
 40
1.0
 10
197.8868604301605
 20
28.03324407549294
 30
0.0
 10
197.8750296255319
 20
28.03910487613402
 30
0.0
 10
197.7784203777652
 20
28.0869636278433
 30
0.0
 10
198.1865271869658
 20
28.17496635323915
 30
0.0
 10
199.0994819249394
 20
28.29884355517133
 30
0.0
 10
200.4897539477261
 20
28.42641723073589
 30
0.0
 10
202.0716210574825
 20
28.54907998485541
 30
0.0
 10
203.627054924974
 20
28.6750082397226
 30
0.0
 10
204.8944989546045
 20
28.80088714831371
 30
0.0
 10
205.7194500809348
 20
28.91800128196382
 30
0.0
 10
205.783405106113
 20
28.99666918642086
 30
0.0
 10
205.8131395698391
 20
29.03324407549297
 30
0.0
  0
SPLINE
  5
43C
330
208
100
AcDbEntity
  8
0
  6
Continuous
 62
     7
370
    25
100
AcDbSpline
210
0.0
220
0.0
230
1.0
 70
     8
 71
     3
 72
    16
 73
    12
 74
     0
 42
0.00000001
 43
0.00000001
 40
0.0
 40
0.0
 40
0.0
 40
0.0
 40
0.0174059939922076
 40
0.1421357244073096
 40
0.2668654548224147
 40
0.3924460649790041
 40
0.5169412007944746
 40
0.6421357244073159
 40
0.7673302480201571
 40
0.8918253838356329
 40
0.9999999999999999
 40
0.9999999999999999
 40
0.9999999999999999
 40
0.9999999999999999
 10
197.8868604301605
 20
30.03324407549297
 30
0.0
 10
197.8750296255319
 20
30.03910487613405
 30
0.0
 10
197.7784203777654
 20
30.08696362784328
 30
0.0
 10
198.1865271869656
 20
30.17496635323917
 30
0.0
 10
199.0994819249395
 20
30.2988435551713
 30
0.0
 10
200.489753947726
 20
30.42641723073594
 30
0.0
 10
202.0716210574826
 20
30.5490799848554
 30
0.0
 10
203.6270549249739
 20
30.67500823972262
 30
0.0
 10
204.8944989546045
 20
30.80088714831369
 30
0.0
 10
205.7194500809349
 20
30.91800128196382
 30
0.0
 10
205.7834051061129
 20
30.99666918642086
 30
0.0
 10
205.8131395698391
 20
31.03324407549297
 30
0.0
  0
SPLINE
  5
43D
330
208
100
AcDbEntity
  8
0
  6
Continuous
 62
     7
370
    25
100
AcDbSpline
210
0.0
220
0.0
230
1.0
 70
     8
 71
     3
 72
    16
 73
    12
 74
     0
 42
0.00000001
 43
0.00000001
 40
0.0
 40
0.0
 40
0.0
 40
0.0
 40
0.0174059939922078
 40
0.1421357244073189
 40
0.2668654548224173
 40
0.3924460649790049
 40
0.5169412007944788
 40
0.6421357244073158
 40
0.7673302480201574
 40
0.8918253838356334
 40
1.0
 40
1.0
 40
1.0
 40
1.0
 10
197.8868604301605
 20
40.03324407549295
 30
0.0
 10
197.8750296255319
 20
40.03910487613402
 30
0.0
 10
197.7784203777653
 20
40.08696362784334
 30
0.0
 10
198.1865271869657
 20
40.17496635323909
 30
0.0
 10
199.0994819249395
 20
40.29884355517135
 30
0.0
 10
200.4897539477261
 20
40.42641723073591
 30
0.0
 10
202.0716210574826
 20
40.54907998485544
 30
0.0
 10
203.627054924974
 20
40.67500823972259
 30
0.0
 10
204.8944989546045
 20
40.80088714831373
 30
0.0
 10
205.7194500809349
 20
40.91800128196385
 30
0.0
 10
205.7834051061129
 20
40.99666918642087
 30
0.0
 10
205.8131395698391
 20
41.03324407549297
 30
0.0
  0
SPLINE
  5
43E
330
208
100
AcDbEntity
  8
0
  6
Continuous
 62
     7
370
    25
100
AcDbSpline
210
0.0
220
0.0
230
1.0
 70
     8
 71
     3
 72
    16
 73
    12
 74
     0
 42
0.00000001
 43
0.00000001
 40
0.0
 40
0.0
 40
0.0
 40
0.0
 40
0.0174059939922167
 40
0.1421357244073194
 40
0.2668654548224177
 40
0.3924460649790052
 40
0.5169412007944767
 40
0.6421357244073159
 40
0.7673302480201574
 40
0.8918253838356333
 40
0.9999999999999999
 40
0.9999999999999999
 40
0.9999999999999999
 40
0.9999999999999999
 10
197.8868604301606
 20
42.03324407549297
 30
0.0
 10
197.8750296255319
 20
42.03910487613404
 30
0.0
 10
197.7784203777655
 20
42.08696362784325
 30
0.0
 10
198.1865271869657
 20
42.17496635323916
 30
0.0
 10
199.0994819249395
 20
42.29884355517132
 30
0.0
 10
200.4897539477261
 20
42.42641723073593
 30
0.0
 10
202.0716210574826
 20
42.5490799848554
 30
0.0
 10
203.627054924974
 20
42.6750082397226
 30
0.0
 10
204.8944989546045
 20
42.80088714831371
 30
0.0
 10
205.7194500809349
 20
42.91800128196382
 30
0.0
 10
205.783405106113
 20
42.99666918642087
 30
0.0
 10
205.8131395698391
 20
43.03324407549297
 30
0.0
  0
SPLINE
  5
43F
330
208
100
AcDbEntity
  8
0
  6
Continuous
 62
     7
370
    25
100
AcDbSpline
210
0.0
220
0.0
230
1.0
 70
     8
 71
     3
 72
    12
 73
     8
 74
     0
 42
0.00000001
 43
0.00000001
 40
0.0
 40
0.0
 40
0.0
 40
0.0
 40
0.0962579631687504
 40
0.3304674328524241
 40
0.5693076378201712
 40
0.8101037442950493
 40
1.0
 40
1.0
 40
1.0
 40
1.0
 10
198.1239310216379
 20
26.288349022382
 30
0.0
 10
198.118010212029
 20
26.29526981957706
 30
0.0
 10
198.0976832210204
 20
26.31902991180269
 30
0.0
 10
198.5078733758705
 20
26.36095208920906
 30
0.0
 10
199.307049757628
 20
26.40991998769304
 30
0.0
 10
200.3486654025846
 20
26.45824456525689
 30
0.0
 10
201.1105018437445
 20
26.48722309677515
 30
0.0
 10
201.4464025941169
 20
26.49999999999976
 30
0.0
  0
SPLINE
  5
440
330
208
100
AcDbEntity
  8
0
  6
Continuous
 62
     7
370
    25
100
AcDbSpline
210
0.0
220
0.0
230
1.0
 70
     8
 71
     3
 72
    16
 73
    12
 74
     0
 42
0.00000001
 43
0.00000001
 40
0.0
 40
0.0
 40
0.0
 40
0.0
 40
0.017405993992208
 40
0.1421357244073103
 40
0.2668654548224156
 40
0.3924460649790028
 40
0.5169412007944754
 40
0.6421357244073165
 40
0.7673302480201576
 40
0.8918253838356335
 40
1.0
 40
1.0
 40
1.0
 40
1.0
 10
197.8868604301605
 20
27.78324407549297
 30
0.0
 10
197.8750296255319
 20
27.78910487613404
 30
0.0
 10
197.7784203777653
 20
27.8369636278433
 30
0.0
 10
198.1865271869657
 20
27.92496635323912
 30
0.0
 10
199.0994819249394
 20
28.04884355517135
 30
0.0
 10
200.4897539477261
 20
28.17641723073593
 30
0.0
 10
202.0716210574825
 20
28.29907998485542
 30
0.0
 10
203.627054924974
 20
28.42500823972259
 30
0.0
 10
204.8944989546045
 20
28.55088714831368
 30
0.0
 10
205.7194500809348
 20
28.66800128196384
 30
0.0
 10
205.7834051061129
 20
28.74666918642087
 30
0.0
 10
205.8131395698391
 20
28.78324407549297
 30
0.0
  0
SPLINE
  5
441
330
208
100
AcDbEntity
  8
0
  6
Continuous
 62
     7
370
    25
100
AcDbSpline
210
0.0
220
0.0
230
1.0
 70
     8
 71
     3
 72
    16
 73
    12
 74
     0
 42
0.00000001
 43
0.00000001
 40
0.0
 40
0.0
 40
0.0
 40
0.0
 40
0.0174059939922077
 40
0.1421357244073098
 40
0.2668654548224149
 40
0.3924460649790021
 40
0.5169412007944748
 40
0.6421357244073159
 40
0.7673302480201573
 40
0.891825383835633
 40
1.0
 40
1.0
 40
1.0
 40
1.0
 10
197.8868604301605
 20
29.78324407549294
 30
0.0
 10
197.8750296255319
 20
29.78910487613401
 30
0.0
 10
197.7784203777654
 20
29.83696362784332
 30
0.0
 10
198.1865271869657
 20
29.92496635323917
 30
0.0
 10
199.0994819249394
 20
30.04884355517133
 30
0.0
 10
200.4897539477261
 20
30.17641723073589
 30
0.0
 10
202.0716210574825
 20
30.29907998485545
 30
0.0
 10
203.627054924974
 20
30.42500823972258
 30
0.0
 10
204.8944989546044
 20
30.55088714831375
 30
0.0
 10
205.7194500809348
 20
30.66800128196383
 30
0.0
 10
205.7834051061129
 20
30.74666918642089
 30
0.0
 10
205.8131395698391
 20
30.78324407549298
 30
0.0
  0
SPLINE
  5
442
330
208
100
AcDbEntity
  8
0
  6
Continuous
 62
     7
370
    25
100
AcDbSpline
210
0.0
220
0.0
230
1.0
 70
     8
 71
     3
 72
    14
 73
    10
 74
     0
 42
0.00000001
 43
0.00000001
 40
0.0
 40
0.0
 40
0.0
 40
0.0
 40
0.0631315169625394
 40
0.2236102674323085
 40
0.3827018963893529
 40
0.5426872690515395
 40
0.702672641713729
 40
0.861764270670779
 40
1.0
 40
1.0
 40
1.0
 40
1.0
 10
198.8068434835454
 20
39.99999999999972
 30
0.0
 10
198.9228319622339
 20
40.01634709718206
 30
0.0
 10
199.3336602772575
 20
40.07424810999719
 30
0.0
 10
200.5058976247072
 20
40.17650099913187
 30
0.0
 10
202.0672842283987
 20
40.29905748135661
 30
0.0
 10
203.6282199333028
 20
40.42501428486825
 30
0.0
 10
204.8941887667991
 20
40.55088553877116
 30
0.0
 10
205.719515730678
 20
40.66800162261571
 30
0.0
 10
205.7834259415336
 20
40.7466692945344
 30
0.0
 10
205.8131395698391
 20
40.78324407549297
 30
0.0
  0
SPLINE
  5
443
330
208
100
AcDbEntity
  8
0
  6
Continuous
 62
     7
370
    25
100
AcDbSpline
210
0.0
220
0.0
230
1.0
 70
     8
 71
     3
 72
    16
 73
    12
 74
     0
 42
0.00000001
 43
0.00000001
 40
0.0
 40
0.0
 40
0.0
 40
0.0
 40
0.0174059939922077
 40
0.1421357244073189
 40
0.2668654548224174
 40
0.3924460649790047
 40
0.5169412007944788
 40
0.6421357244073158
 40
0.7673302480201574
 40
0.8918253838356331
 40
1.0
 40
1.0
 40
1.0
 40
1.0
 10
197.8868604301605
 20
41.78324407549298
 30
0.0
 10
197.8750296255319
 20
41.78910487613405
 30
0.0
 10
197.7784203777655
 20
41.8369636278433
 30
0.0
 10
198.1865271869656
 20
41.92496635323914
 30
0.0
 10
199.0994819249395
 20
42.04884355517135
 30
0.0
 10
200.4897539477261
 20
42.17641723073591
 30
0.0
 10
202.0716210574826
 20
42.29907998485544
 30
0.0
 10
203.627054924974
 20
42.42500823972259
 30
0.0
 10
204.8944989546046
 20
42.55088714831376
 30
0.0
 10
205.7194500809348
 20
42.6680012819638
 30
0.0
 10
205.7834051061129
 20
42.74666918642087
 30
0.0
 10
205.8131395698391
 20
42.78324407549298
 30
0.0
  0
CIRCLE
  5
444
330
208
100
AcDbEntity
  8
0
  6
Continuous
 62
     7
370
    25
100
AcDbCircle
 10
-22.49999999999999
 20
14.99999999999991
 30
0.0
 40
9.999999999999996
  0
CIRCLE
  5
445
330
208
100
AcDbEntity
  8
0
  6
Continuous
 62
     7
370
    25
100
AcDbCircle
 10
-22.49999999999999
 20
165.0
 30
0.0
 40
10.00000000000001
  0
CIRCLE
  5
446
330
208
100
AcDbEntity
  8
0
  6
Continuous
 62
     7
370
    25
100
AcDbCircle
 10
22.5
 20
165.0
 30
0.0
 40
9.999999999999995
  0
CIRCLE
  5
447
330
208
100
AcDbEntity
  8
0
  6
Continuous
 62
     7
370
    25
100
AcDbCircle
 10
22.50000000000001
 20
14.99999999999994
 30
0.0
 40
9.99999999999998
  0
LINE
  5
448
330
208
100
AcDbEntity
  8
0
  6
Continuous
 62
     7
370
    25
100
AcDbLine
 10
-52.21787552789074
 20
21.35229405298647
 30
0.0
 11
-52.21920000000001
 21
21.34999999999995
 31
0.0
  0
LINE
  5
449
330
208
100
AcDbEntity
  8
0
  6
Continuous
 62
     7
370
    25
100
AcDbLine
 10
52.2192
 20
171.35
 30
0.0
 11
51.97766068881958
 21
171.7683583589896
 31
0.0
  0
LINE
  5
44A
330
208
100
AcDbEntity
  8
0
  6
Continuous
 62
     7
370
    25
100
AcDbLine
 10
51.97766068881961
 20
158.2316416410104
 30
0.0
 11
52.2192
 21
158.65
 31
0.0
  0
LINE
  5
44B
330
208
100
AcDbEntity
  8
0
  6
Continuous
 62
     7
370
    25
100
AcDbLine
 10
-52.21919999999999
 20
158.65
 30
0.0
 11
-51.82992529856863
 21
157.9757564390196
 31
0.0
  0
LINE
  5
44C
330
208
100
AcDbEntity
  8
0
  6
Continuous
 62
     7
370
    25
100
AcDbLine
 10
-51.82992529856855
 20
172.0242435609805
 30
0.0
 11
-52.21919999999999
 21
171.35
 31
0.0
  0
LINE
  5
44D
330
208
100
AcDbEntity
  8
0
  6
Continuous
 62
     7
370
    25
100
AcDbLine
 10
208.1999999999999
 20
37.99339999999972
 30
0.0
 11
208.1999999999999
 21
38.39979999999971
 31
0.0
  0
LINE
  5
44E
330
208
100
AcDbEntity
  8
0
  6
Continuous
 62
     7
370
    25
100
AcDbLine
 10
195.4999999999999
 20
38.39979999999973
 30
0.0
 11
195.4999999999999
 21
37.99339999999973
 31
0.0
  0
LINE
  5
44F
330
208
100
AcDbEntity
  8
0
  6
Continuous
 62
     7
370
    25
100
AcDbLine
 10
208.1999999999999
 20
31.46559999999972
 30
0.0
 11
208.1999999999999
 21
31.85294999999972
 31
0.0
  0
LINE
  5
450
330
208
100
AcDbEntity
  8
0
  6
Continuous
 62
     7
370
    25
100
AcDbLine
 10
195.4999999999999
 20
31.85294999999973
 30
0.0
 11
195.4999999999999
 21
31.46559999999972
 31
0.0
  0
LINE
  5
451
330
208
100
AcDbEntity
  8
0
  6
Continuous
 62
     7
370
    25
100
AcDbLine
 10
208.1999999999999
 20
31.85294999999971
 30
0.0
 11
208.8065282679361
 21
32.34303254454888
 31
0.0
  0
LINE
  5
452
330
208
100
AcDbEntity
  8
0
  6
Continuous
 62
     7
370
    25
100
AcDbLine
 10
194.8934717320636
 20
32.3430325445489
 30
0.0
 11
195.4999999999999
 21
31.85294999999973
 31
0.0
  0
LINE
  5
453
330
208
100
AcDbEntity
  8
0
  6
Continuous
 62
     7
370
    25
100
AcDbLine
 10
208.8065282679361
 20
37.90971745545054
 30
0.0
 11
208.7029623903785
 21
37.99339999999972
 31
0.0
  0
LINE
  5
454
330
208
100
AcDbEntity
  8
0
  6
Continuous
 62
     7
370
    25
100
AcDbLine
 10
205.8396549401282
 20
31.05608867761467
 30
0.0
 11
205.4663003507888
 21
31.46559999999972
 31
0.0
  0
LINE
  5
455
330
208
100
AcDbEntity
  8
0
  6
Continuous
 62
     7
370
    25
100
AcDbLine
 10
198.5532046829901
 20
42.99999999999972
 30
0.0
 11
198.6368884716065
 21
42.90812744146356
 31
0.0
  0
LINE
  5
456
330
208
100
AcDbEntity
  8
0
  6
Continuous
 62
     7
370
    25
100
AcDbLine
 10
197.8499999999999
 20
28.03324407549291
 30
0.0
 11
197.8499999999999
 21
27.78324407549298
 31
0.0
  0
LINE
  5
457
330
208
100
AcDbEntity
  8
0
  6
Continuous
 62
     7
370
    25
100
AcDbLine
 10
197.8499999999999
 20
30.03324407549296
 30
0.0
 11
197.8499999999999
 21
29.78324407549294
 31
0.0
  0
LINE
  5
458
330
208
100
AcDbEntity
  8
0
  6
Continuous
 62
     7
370
    25
100
AcDbLine
 10
197.8499999999999
 20
40.03324407549295
 30
0.0
 11
197.8499999999999
 21
39.99999999999972
 31
0.0
  0
LINE
  5
459
330
208
100
AcDbEntity
  8
0
  6
Continuous
 62
     7
370
    25
100
AcDbLine
 10
197.8499999999999
 20
42.03324407549295
 30
0.0
 11
197.8499999999999
 21
41.78324407549301
 31
0.0
  0
LINE
  5
45A
330
208
100
AcDbEntity
  8
0
  6
Continuous
 62
     7
370
    25
100
AcDbLine
 10
205.8499999999999
 20
42.78324407549297
 30
0.0
 11
205.8499999999999
 21
42.99999999999972
 31
0.0
  0
LINE
  5
45B
330
208
100
AcDbEntity
  8
0
  6
Continuous
 62
     7
370
    25
100
AcDbLine
 10
205.8499999999999
 20
40.78324407549295
 30
0.0
 11
205.8499999999999
 21
41.03324407549298
 31
0.0
  0
LINE
  5
45C
330
208
100
AcDbEntity
  8
0
  6
Continuous
 62
     7
370
    25
100
AcDbLine
 10
205.8499999999999
 20
30.78324407549297
 30
0.0
 11
205.8499999999999
 21
31.03324407549296
 31
0.0
  0
LINE
  5
45D
330
208
100
AcDbEntity
  8
0
  6
Continuous
 62
     7
370
    25
100
AcDbLine
 10
205.8499999999999
 20
28.78324407549297
 30
0.0
 11
205.8499999999999
 21
29.03324407549295
 31
0.0
  0
LINE
  5
45E
330
208
100
AcDbEntity
  8
0
  6
Continuous
 62
     7
370
    25
100
AcDbLine
 10
205.8499999999999
 20
26.49999999999976
 30
0.0
 11
205.8499999999999
 21
27.03324407549297
 31
0.0
  0
LINE
  5
45F
330
208
100
AcDbEntity
  8
0
  6
Continuous
 62
     7
370
    25
100
AcDbLine
 10
198.0974560778809
 20
26.25254392211865
 30
0.0
 11
198.6499999999999
 21
25.69999999999972
 31
0.0
  0
LINE
  5
460
330
208
100
AcDbEntity
  8
0
  6
Continuous
 62
     7
370
    25
100
AcDbLine
 10
205.0499999999998
 20
25.69999999999972
 30
0.0
 11
205.8499999999999
 21
26.49999999999976
 31
0.0
  0
LINE
  5
461
330
208
100
AcDbEntity
  8
0
  6
Continuous
 62
     7
370
    25
100
AcDbLine
 10
196.6636628199745
 20
139.9999999999997
 30
0.0
 11
196.6636628199745
 21
136.9999999999997
 31
0.0
  0
LINE
  5
462
330
208
100
AcDbEntity
  8
0
  6
Continuous
 62
     7
370
    25
100
AcDbLine
 10
207.0363371800254
 20
136.9999999999997
 30
0.0
 11
207.0363371800254
 21
139.9999999999997
 31
0.0
  0
LINE
  5
463
330
208
100
AcDbEntity
  8
0
  6
Continuous
 62
     7
370
    25
100
AcDbLine
 10
191.8499999999999
 20
39.99999999999973
 30
0.0
 11
191.8499999999999
 21
38.39979999999973
 31
0.0
  0
LINE
  5
464
330
208
100
AcDbEntity
  8
0
  6
Continuous
 62
     7
370
    25
100
AcDbLine
 10
211.8499999999999
 20
38.3997999999997
 30
0.0
 11
211.8499999999999
 21
39.9999999999997
 31
0.0
  0
LINE
  5
465
330
208
100
AcDbEntity
  8
0
  6
Continuous
 62
     7
370
    25
100
AcDbLine
 10
46.25019999999999
 20
24.99999999999997
 30
0.0
 11
44.65
 21
24.99999999999997
 31
0.0
  0
LINE
  5
466
330
208
100
AcDbEntity
  8
0
  6
Continuous
 62
     7
370
    25
100
AcDbLine
 10
44.65
 20
4.999999999999972
 30
0.0
 11
46.25019999999999
 21
4.999999999999972
 31
0.0
  0
LINE
  5
467
330
208
100
AcDbEntity
  8
0
  6
Continuous
 62
     7
370
    25
100
AcDbLine
 10
46.25019999999999
 20
175.0
 30
0.0
 11
44.65
 21
175.0
 31
0.0
  0
LINE
  5
468
330
208
100
AcDbEntity
  8
0
  6
Continuous
 62
     7
370
    25
100
AcDbLine
 10
44.65
 20
155.0
 30
0.0
 11
46.25019999999999
 21
155.0
 31
0.0
  0
LINE
  5
469
330
208
100
AcDbEntity
  8
0
  6
Continuous
 62
     7
370
    25
100
AcDbLine
 10
-44.64999999999999
 20
24.99999999999999
 30
0.0
 11
-46.25020000000001
 21
24.99999999999999
 31
0.0
  0
LINE
  5
46A
330
208
100
AcDbEntity
  8
0
  6
Continuous
 62
     7
370
    25
100
AcDbLine
 10
-46.25020000000001
 20
4.999999999999972
 30
0.0
 11
-44.65000000000003
 21
4.999999999999972
 31
0.0
  0
LINE
  5
46B
330
208
100
AcDbEntity
  8
0
  6
Continuous
 62
     7
370
    25
100
AcDbLine
 10
-44.64999999999999
 20
175.0
 30
0.0
 11
-46.25019999999998
 21
175.0
 31
0.0
  0
LINE
  5
46C
330
208
100
AcDbEntity
  8
0
  6
Continuous
 62
     7
370
    25
100
AcDbLine
 10
-46.25019999999998
 20
155.0000000000001
 30
0.0
 11
-44.64999999999999
 21
155.0000000000001
 31
0.0
  0
LINE
  5
46D
330
208
100
AcDbEntity
  8
0
  6
Continuous
 62
     7
370
    25
100
AcDbLine
 10
218.3499999999999
 20
47.29999999999968
 30
0.0
 11
-44.65000000000012
 21
47.30000000000005
 31
0.0
  0
LINE
  5
46E
330
208
100
AcDbEntity
  8
0
  6
Continuous
 62
     7
370
    25
100
AcDbLine
 10
218.3499999999999
 20
42.99999999999969
 30
0.0
 11
-44.65000000000012
 21
43.00000000000006
 31
0.0
  0
LINE
  5
46F
330
208
100
AcDbEntity
  8
0
  6
Continuous
 62
     7
370
    25
100
AcDbLine
 10
218.35
 20
136.9999999999997
 30
0.0
 11
-44.64999999999999
 21
137.0000000000001
 31
0.0
  0
LINE
  5
470
330
208
100
AcDbEntity
  8
0
  6
Continuous
 62
     7
370
    25
100
AcDbLine
 10
218.35
 20
136.9999999999997
 30
0.0
 11
218.3499999999999
 21
42.99999999999969
 31
0.0
  0
LINE
  5
471
330
208
100
AcDbEntity
  8
0
  6
Continuous
 62
     7
370
    25
100
AcDbLine
 10
218.35
 20
132.6999999999997
 30
0.0
 11
-44.65000000000003
 21
132.7
 31
0.0
  0
LINE
  5
472
330
208
100
AcDbEntity
  8
0
  6
Continuous
 62
     7
370
    25
100
AcDbLine
 10
-44.64999999999999
 20
180.0
 30
0.0
 11
-44.64999999999999
 21
0.0
 31
0.0
  0
LINE
  5
473
330
208
100
AcDbEntity
  8
0
  6
Continuous
 62
     7
370
    25
100
AcDbLine
 10
44.65
 20
0.0
 30
0.0
 11
-44.64999999999999
 21
0.0
 31
0.0
  0
LINE
  5
474
330
208
100
AcDbEntity
  8
0
  6
Continuous
 62
     7
370
    25
100
AcDbLine
 10
44.65
 20
180.0
 30
0.0
 11
-44.64999999999999
 21
180.0
 31
0.0
  0
LINE
  5
475
330
208
100
AcDbEntity
  8
0
  6
Continuous
 62
     7
370
    25
100
AcDbLine
 10
44.65
 20
0.0
 30
0.0
 11
44.65
 21
42.99999999999995
 31
0.0
  0
LINE
  5
476
330
208
100
AcDbEntity
  8
0
  6
Continuous
 62
     7
370
    25
100
AcDbLine
 10
44.65
 20
137.0
 30
0.0
 11
44.65
 21
180.0
 31
0.0
  0
LINE
  5
477
330
208
100
AcDbEntity
  8
0
  6
Continuous
 62
     7
370
    25
100
AcDbLine
 10
-46.25020000000001
 20
15.1970404103827
 30
0.0
 11
-51.65204087602081
 21
15.1970404103827
 31
0.0
  0
LINE
  5
478
330
208
100
AcDbEntity
  8
0
  6
Continuous
 62
     7
370
    25
100
AcDbLine
 10
-46.25020000000001
 20
8.750813429708778
 30
0.0
 11
-51.65204087602112
 21
8.750813429708785
 31
0.0
  0
LINE
  5
479
330
208
100
AcDbEntity
  8
0
  6
Continuous
 62
     7
370
    25
100
AcDbLine
 10
-52.21920000000001
 20
21.34770677548251
 30
0.0
 11
-52.21920000000001
 21
8.652293224517408
 31
0.0
  0
LINE
  5
47A
330
208
100
AcDbEntity
  8
0
  6
Continuous
 62
     7
370
    25
100
AcDbLine
 10
-46.25020000000001
 20
21.44622698067388
 30
0.0
 11
-51.65204087602083
 21
21.44622698067388
 31
0.0
  0
LINE
  5
47B
330
208
100
AcDbEntity
  8
0
  6
Continuous
 62
     7
370
    25
100
AcDbLine
 10
-46.25020000000001
 20
8.553773019326037
 30
0.0
 11
-51.65204087602083
 21
8.553773019326037
 31
0.0
  0
LINE
  5
47C
330
208
100
AcDbEntity
  8
0
  6
Continuous
 62
     7
370
    25
100
AcDbLine
 10
46.25019999999999
 20
167.5179197286359
 30
0.0
 11
51.6520408760208
 21
167.5179197286359
 31
0.0
  0
LINE
  5
47D
330
208
100
AcDbEntity
  8
0
  6
Continuous
 62
     7
370
    25
100
AcDbLine
 10
46.25019999999999
 20
172.2228143377361
 30
0.0
 11
51.65204087602079
 21
172.2228143377361
 31
0.0
  0
LINE
  5
47E
330
208
100
AcDbEntity
  8
0
  6
Continuous
 62
     7
370
    25
100
AcDbLine
 10
52.2192
 20
158.65
 30
0.0
 11
52.2192
 21
171.35
 31
0.0
  0
LINE
  5
47F
330
208
100
AcDbEntity
  8
0
  6
Continuous
 62
     7
370
    25
100
AcDbLine
 10
46.25019999999999
 20
160.2951053908998
 30
0.0
 11
51.65204087602112
 21
160.2951053908993
 31
0.0
  0
LINE
  5
480
330
208
100
AcDbEntity
  8
0
  6
Continuous
 62
     7
370
    25
100
AcDbLine
 10
46.25019999999999
 20
157.7771856622639
 30
0.0
 11
51.65204087602078
 21
157.7771856622639
 31
0.0
  0
LINE
  5
481
330
208
100
AcDbEntity
  8
0
  6
Continuous
 62
     7
370
    25
100
AcDbLine
 10
51.96487507488661
 20
171.7609765813437
 30
0.0
 11
51.65204087602079
 21
172.2228143377361
 31
0.0
  0
LINE
  5
482
330
208
100
AcDbEntity
  8
0
  6
Continuous
 62
     7
370
    25
100
AcDbLine
 10
46.25019999999999
 20
16.17922639716178
 30
0.0
 11
51.65204087602079
 21
16.17922639716178
 31
0.0
  0
LINE
  5
483
330
208
100
AcDbEntity
  8
0
  6
Continuous
 62
     7
370
    25
100
AcDbLine
 10
46.25019999999999
 20
21.85695464676907
 30
0.0
 11
51.65204087602078
 21
21.85695464676907
 31
0.0
  0
LINE
  5
484
330
208
100
AcDbEntity
  8
0
  6
Continuous
 62
     7
370
    25
100
AcDbLine
 10
52.2192
 20
8.732658551811788
 30
0.0
 11
52.2192
 21
21.34702204401098
 31
0.0
  0
LINE
  5
485
330
208
100
AcDbEntity
  8
0
  6
Continuous
 62
     7
370
    25
100
AcDbLine
 10
46.25019999999999
 20
9.322271750392687
 30
0.0
 11
51.65204087602111
 21
9.32227175039224
 31
0.0
  0
LINE
  5
486
330
208
100
AcDbEntity
  8
0
  6
Continuous
 62
     7
370
    25
100
AcDbLine
 10
46.25019999999999
 20
8.14304535323086
 30
0.0
 11
51.65204087602078
 21
8.14304535323086
 31
0.0
  0
LINE
  5
487
330
208
100
AcDbEntity
  8
0
  6
Continuous
 62
     7
370
    25
100
AcDbLine
 10
-46.25019999999998
 20
161.8863967354008
 30
0.0
 11
-51.65204087602081
 21
161.8863967354008
 31
0.0
  0
LINE
  5
488
330
208
100
AcDbEntity
  8
0
  6
Continuous
 62
     7
370
    25
100
AcDbLine
 10
-46.25019999999998
 20
157.6941457472239
 30
0.0
 11
-51.65204087602081
 21
157.6941457472239
 31
0.0
  0
LINE
  5
489
330
208
100
AcDbEntity
  8
0
  6
Continuous
 62
     7
370
    25
100
AcDbLine
 10
-52.21919999999999
 20
171.35
 30
0.0
 11
-52.21919999999999
 21
158.65
 31
0.0
  0
LINE
  5
48A
330
208
100
AcDbEntity
  8
0
  6
Continuous
 62
     7
370
    25
100
AcDbLine
 10
-46.25019999999998
 20
169.1922509881769
 30
0.0
 11
-51.65204087602112
 21
169.1922509881774
 31
0.0
  0
LINE
  5
48B
330
208
100
AcDbEntity
  8
0
  6
Continuous
 62
     7
370
    25
100
AcDbLine
 10
-46.25019999999998
 20
172.3058542527762
 30
0.0
 11
-51.65204087602081
 21
172.3058542527762
 31
0.0
  0
LINE
  5
48C
330
208
100
AcDbEntity
  8
0
  6
Continuous
 62
     7
370
    25
100
AcDbLine
 10
-51.81197692716654
 20
157.9861189360801
 30
0.0
 11
-51.65204087602081
 21
157.6941457472239
 31
0.0
  0
LINE
  5
48D
330
208
100
AcDbEntity
  8
0
  6
Continuous
 62
     7
370
    25
100
AcDbLine
 10
197.5508413383462
 20
37.60604999999973
 30
0.0
 11
198.634316916021
 21
37.99339999999973
 31
0.0
  0
LINE
  5
48E
330
208
100
AcDbEntity
  8
0
  6
Continuous
 62
     7
370
    25
100
AcDbLine
 10
203.7609149690778
 20
37.99339999999972
 30
0.0
 11
204.8443905467526
 21
37.60604999999972
 31
0.0
  0
LINE
  5
48F
330
208
100
AcDbEntity
  8
0
  6
Continuous
 62
     7
370
    25
100
AcDbLine
 10
204.8443905467526
 20
37.60604999999972
 30
0.0
 11
204.8443905467526
 21
32.64669999999972
 31
0.0
  0
LINE
  5
490
330
208
100
AcDbEntity
  8
0
  6
Continuous
 62
     7
370
    25
100
AcDbLine
 10
197.5508413383462
 20
37.60604999999973
 30
0.0
 11
197.5508413383462
 21
32.64669999999973
 31
0.0
  0
LINE
  5
491
330
208
100
AcDbEntity
  8
0
  6
Continuous
 62
     7
370
    25
100
AcDbLine
 10
208.1999999999999
 20
31.85294999999972
 30
0.0
 11
195.4999999999999
 21
31.85294999999973
 31
0.0
  0
LINE
  5
492
330
208
100
AcDbEntity
  8
0
  6
Continuous
 62
     7
370
    25
100
AcDbLine
 10
208.1999999999999
 20
31.46559999999972
 30
0.0
 11
195.4999999999999
 21
31.46559999999972
 31
0.0
  0
LINE
  5
493
330
208
100
AcDbEntity
  8
0
  6
Continuous
 62
     7
370
    25
100
AcDbLine
 10
204.8443905467526
 20
37.60604999999972
 30
0.0
 11
205.4830416727479
 21
37.99339999999972
 31
0.0
  0
LINE
  5
494
330
208
100
AcDbEntity
  8
0
  6
Continuous
 62
     7
370
    25
100
AcDbLine
 10
208.504898082411
 20
37.99339999999972
 30
0.0
 11
209.1435492084063
 21
37.60604999999971
 31
0.0
  0
LINE
  5
495
330
208
100
AcDbEntity
  8
0
  6
Continuous
 62
     7
370
    25
100
AcDbLine
 10
209.1435492084063
 20
37.60604999999971
 30
0.0
 11
209.1435492084063
 21
32.64669999999971
 31
0.0
  0
LINE
  5
496
330
208
100
AcDbEntity
  8
0
  6
Continuous
 62
     7
370
    25
100
AcDbLine
 10
208.7029623903785
 20
37.99339999999972
 30
0.0
 11
195.001275243273
 21
37.99339999999973
 31
0.0
  0
LINE
  5
497
330
208
100
AcDbEntity
  8
0
  6
Continuous
 62
     7
370
    25
100
AcDbLine
 10
194.5564507915935
 20
37.60604999999973
 30
0.0
 11
194.5564507915935
 21
32.64669999999973
 31
0.0
  0
LINE
  5
498
330
208
100
AcDbEntity
  8
0
  6
Continuous
 62
     7
370
    25
100
AcDbLine
 10
192.725
 20
139.9999999999997
 30
0.0
 11
210.975
 21
139.9999999999997
 31
0.0
  0
LINE
  5
499
330
208
100
AcDbEntity
  8
0
  6
Continuous
 62
     7
370
    25
100
AcDbLine
 10
198.6788288730205
 20
42.93542837403321
 30
0.0
 11
198.8397604198998
 21
42.99999999999972
 31
0.0
  0
LINE
  5
49A
330
208
100
AcDbEntity
  8
0
  6
Continuous
 62
     7
370
    25
100
AcDbLine
 10
201.4464025941169
 20
26.49999999999976
 30
0.0
 11
205.8499999999999
 21
26.49999999999976
 31
0.0
  0
LINE
  5
49B
330
208
100
AcDbEntity
  8
0
  6
Continuous
 62
     7
370
    25
100
AcDbLine
 10
205.0499999999998
 20
25.69999999999972
 30
0.0
 11
198.6499999999999
 21
25.69999999999972
 31
0.0
  0
LINE
  5
49C
330
208
100
AcDbEntity
  8
0
  6
Continuous
 62
     7
370
    25
100
AcDbLine
 10
191.8499999999999
 20
38.39979999999973
 30
0.0
 11
211.8499999999999
 21
38.3997999999997
 31
0.0
  0
LINE
  5
49D
330
208
100
AcDbEntity
  8
0
  6
Continuous
 62
     7
370
    25
100
AcDbLine
 10
191.8499999999999
 20
39.99999999999973
 30
0.0
 11
211.8499999999999
 21
39.9999999999997
 31
0.0
  0
LINE
  5
49E
330
208
100
AcDbEntity
  8
0
  6
Continuous
 62
     7
370
    25
100
AcDbLine
 10
46.25019999999999
 20
24.99999999999997
 30
0.0
 11
46.25019999999999
 21
4.999999999999972
 31
0.0
  0
LINE
  5
49F
330
208
100
AcDbEntity
  8
0
  6
Continuous
 62
     7
370
    25
100
AcDbLine
 10
46.25019999999999
 20
175.0
 30
0.0
 11
46.25019999999999
 21
155.0
 31
0.0
  0
LINE
  5
4A0
330
208
100
AcDbEntity
  8
0
  6
Continuous
 62
     7
370
    25
100
AcDbLine
 10
-46.25020000000001
 20
24.99999999999999
 30
0.0
 11
-46.25020000000001
 21
4.999999999999972
 31
0.0
  0
LINE
  5
4A1
330
208
100
AcDbEntity
  8
0
  6
Continuous
 62
     7
370
    25
100
AcDbLine
 10
-46.25019999999998
 20
175.0
 30
0.0
 11
-46.25019999999998
 21
155.0000000000001
 31
0.0
  0
LINE
  5
4A2
330
208
100
AcDbEntity
  8
0
  6
Continuous
 62
     7
370
    25
100
AcDbLine
 10
-39.99999999999986
 20
0.0
 30
0.0
 11
-39.99999999999986
 21
43.00000000000006
 31
0.0
  0
LINE
  5
4A3
330
208
100
AcDbEntity
  8
0
  6
Continuous
 62
     7
370
    25
100
AcDbLine
 10
-39.99999999999986
 20
137.0000000000001
 30
0.0
 11
-39.99999999999986
 21
180.0
 31
0.0
  0
LINE
  5
4A4
330
208
100
AcDbEntity
  8
0
  6
Continuous
 62
     7
370
    25
100
AcDbLine
 10
40.0
 20
0.0
 30
0.0
 11
40.0
 21
42.99999999999995
 31
0.0
  0
LINE
  5
4A5
330
208
100
AcDbEntity
  8
0
  6
Continuous
 62
     7
370
    25
100
AcDbLine
 10
40.0
 20
137.0
 30
0.0
 11
40.0
 21
180.0
 31
0.0
  0
LINE
  5
4A6
330
208
100
AcDbEntity
  8
0
  6
Continuous
 62
     7
370
    25
100
AcDbLine
 10
204.1737136994585
 20
136.9999999999997
 30
0.0
 11
204.1737136994585
 21
139.9999999999997
 31
0.0
  0
LINE
  5
4A7
330
208
100
AcDbEntity
  8
0
  6
Continuous
 62
     7
370
    25
100
AcDbLine
 10
204.4287693096899
 20
139.9999999999997
 30
0.0
 11
204.4287693096899
 21
136.9999999999997
 31
0.0
  0
LINE
  5
4A8
330
208
100
AcDbEntity
  8
0
  6
Continuous
 62
     7
370
    25
100
AcDbLine
 10
196.7972632319305
 20
139.9999999999997
 30
0.0
 11
196.7972632319305
 21
136.9999999999997
 31
0.0
  0
LINE
  5
4A9
330
208
100
AcDbEntity
  8
0
  6
Continuous
 62
     7
370
    25
100
AcDbLine
 10
207.0249932022128
 20
136.9999999999997
 30
0.0
 11
207.0249932022128
 21
139.9999999999997
 31
0.0
  0
ARC
  5
4AA
330
208
100
AcDbEntity
  8
0
  6
Continuous
 62
     7
370
    25
100
AcDbCircle
 10
201.8475
 20
132.916068232662
 30
0.0
 40
11.55393203780845
100
AcDbArc
 50
37.81534836264287
 51
89.98760253657069
  0
ARC
  5
4AB
330
208
100
AcDbEntity
  8
0
  6
Continuous
 62
     7
370
    25
100
AcDbCircle
 10
201.8525
 20
132.916068232662
 30
0.0
 40
11.55393203780839
100
AcDbArc
 50
90.01239746342877
 51
142.1846516373572
  0
ARC
  5
4AC
330
208
100
AcDbEntity
  8
0
  6
Continuous
 62
     7
370
    25
100
AcDbCircle
 10
22.49999999999999
 20
14.99999999999994
 30
0.0
 40
6.350000000000029
100
AcDbArc
 50
200.7452030166371
 51
140.7452030166356
  0
ARC
  5
4AD
330
208
100
AcDbEntity
  8
0
  6
Continuous
 62
     7
370
    25
100
AcDbCircle
 10
22.50000000000002
 20
14.99999999999994
 30
0.0
 40
6.350000000000021
100
AcDbArc
 50
140.7452030166358
 51
200.7452030166372
  0
ARC
  5
4AE
330
208
100
AcDbEntity
  8
0
  6
Continuous
 62
     7
370
    25
100
AcDbCircle
 10
-22.49999999999999
 20
14.99999999999994
 30
0.0
 40
6.349999999999996
100
AcDbArc
 50
200.7452030166372
 51
140.7452030166358
  0
ARC
  5
4AF
330
208
100
AcDbEntity
  8
0
  6
Continuous
 62
     7
370
    25
100
AcDbCircle
 10
-22.49999999999991
 20
14.99999999999994
 30
0.0
 40
6.350000000000062
100
AcDbArc
 50
140.7452030166361
 51
200.745203016637
  0
ARC
  5
4B0
330
208
100
AcDbEntity
  8
0
  6
Continuous
 62
     7
370
    25
100
AcDbCircle
 10
-22.49999999999997
 20
165.0
 30
0.0
 40
6.350000000000033
100
AcDbArc
 50
200.7452030166371
 51
140.7452030166359
  0
ARC
  5
4B1
330
208
100
AcDbEntity
  8
0
  6
Continuous
 62
     7
370
    25
100
AcDbCircle
 10
-22.5
 20
165.0
 30
0.0
 40
6.350000000000004
100
AcDbArc
 50
140.7452030166354
 51
200.7452030166369
  0
ARC
  5
4B2
330
208
100
AcDbEntity
  8
0
  6
Continuous
 62
     7
370
    25
100
AcDbCircle
 10
22.49999999999998
 20
165.0
 30
0.0
 40
6.349999999999966
100
AcDbArc
 50
200.7452030166373
 51
140.745203016636
  0
ARC
  5
4B3
330
208
100
AcDbEntity
  8
0
  6
Continuous
 62
     7
370
    25
100
AcDbCircle
 10
22.49999999999996
 20
165.0
 30
0.0
 40
6.349999999999968
100
AcDbArc
 50
140.7452030166357
 51
200.7452030166376
  0
ENDBLK
  5
2EE
330
208
100
AcDbEntity
  8
0
100
AcDbBlockEnd
  0
ENDSEC
  0
SECTION
  2
ENTITIES
  0
INSERT
  5
4B4
330
1F
100
AcDbEntity
  8
0
100
AcDbBlockReference
  2
DI_BRACO_S180_COL80_ESQ
 10
-59.83261351052046
 20
-71.29600352948492
 30
0.0
  0
ENDSEC
  0
SECTION
  2
OBJECTS
  0
DICTIONARY
  5
C
330
0
100
AcDbDictionary
281
     1
  3
ACAD_DETAILVIEWSTYLE
350
4ED
  3
ACAD_GROUP
350
D
  3
ACAD_LAYOUT
350
1A
  3
ACAD_MATERIAL
350
1FF
  3
ACAD_MLEADERSTYLE
350
205
  3
ACAD_MLINESTYLE
350
17
  3
ACAD_PLOTSETTINGS
350
19
  3
ACAD_PLOTSTYLENAME
350
E
  3
ACAD_SCALELIST
350
47
  3
ACAD_SECTIONVIEWSTYLE
350
4EE
  3
ACAD_TABLESTYLE
350
203
  3
ACAD_VISUALSTYLE
350
1E6
  3
ACDB_RECOMPOSE_DATA
350
4E9
  3
AcDbVariableDictionary
350
4B5
  0
SUN
  5
207
330
29
100
AcDbSun
 90
        1
290
     0
 63
     7
421
 16777215
 40
1.0
291
     1
 91
  2455826
 92
 54000000
292
     0
 70
     2
 71
   256
280
     1
  0
DICTIONARY
  5
4ED
102
{ACAD_REACTORS
330
C
102
}
330
C
100
AcDbDictionary
281
     1
  0
DICTIONARY
  5
D
102
{ACAD_REACTORS
330
C
102
}
330
C
100
AcDbDictionary
281
     1
  0
DICTIONARY
  5
1A
102
{ACAD_REACTORS
330
C
102
}
330
C
100
AcDbDictionary
281
     1
  3
Layout1
350
1E
  3
Layout2
350
26
  3
Model
350
22
  0
DICTIONARY
  5
1FF
102
{ACAD_REACTORS
330
C
102
}
330
C
100
AcDbDictionary
281
     1
  3
ByBlock
350
201
  3
ByLayer
350
200
  3
Global
350
202
  0
DICTIONARY
  5
205
102
{ACAD_REACTORS
330
C
102
}
330
C
100
AcDbDictionary
281
     1
  3
Standard
350
206
  0
DICTIONARY
  5
17
102
{ACAD_REACTORS
330
C
102
}
330
C
100
AcDbDictionary
281
     1
  3
Standard
350
18
  0
DICTIONARY
  5
19
102
{ACAD_REACTORS
330
C
102
}
330
C
100
AcDbDictionary
281
     1
  0
ACDBDICTIONARYWDFLT
  5
E
102
{ACAD_REACTORS
330
C
102
}
330
C
100
AcDbDictionary
281
     1
  3
Normal
350
F
100
AcDbDictionaryWithDefault
340
F
  0
DICTIONARY
  5
47
102
{ACAD_REACTORS
330
C
102
}
330
C
100
AcDbDictionary
281
     1
  3
A0
350
48
  3
A1
350
49
  3
A2
350
4A
  3
A3
350
4B
  3
A4
350
4C
  3
A5
350
4D
  3
A6
350
4E
  3
A7
350
4F
  3
A8
350
50
  3
A9
350
51
  3
B0
350
52
  3
B1
350
53
  3
B2
350
54
  3
B3
350
55
  3
B4
350
56
  3
B5
350
57
  3
B6
350
58
  0
DICTIONARY
  5
4EE
102
{ACAD_REACTORS
330
C
102
}
330
C
100
AcDbDictionary
281
     1
  0
DICTIONARY
  5
203
102
{ACAD_REACTORS
330
C
102
}
330
C
100
AcDbDictionary
281
     1
  3
Standard
350
204
  0
DICTIONARY
  5
1E6
102
{ACAD_REACTORS
330
C
102
}
330
C
100
AcDbDictionary
281
     1
  3
2dWireframe
350
1EB
  3
Basic
350
1EE
  3
Brighten
350
1F2
  3
ColorChange
350
1F6
  3
Conceptual
350
1F0
  3
Dim
350
1F1
  3
EdgeColorOff
350
1F9
  3
Facepattern
350
1F5
  3
Flat
350
1E7
  3
FlatWithEdges
350
1E8
  3
Gouraud
350
1E9
  3
GouraudWithEdges
350
1EA
  3
Hidden
350
1ED
  3
JitterOff
350
1F7
  3
Linepattern
350
1F4
  3
OverhangOff
350
1F8
  3
Realistic
350
1EF
  3
Shaded
350
1FE
  3
Shaded with edges
350
1FD
  3
Shades of Gray
350
1FA
  3
Sketchy
350
1FB
  3
Thicken
350
1F3
  3
Wireframe
350
1EC
  3
X-Ray
350
1FC
  0
XRECORD
  5
4E9
102
{ACAD_REACTORS
330
C
102
}
330
C
100
AcDbXrecord
280
     1
 90
        1
330
204
  0
DICTIONARY
  5
4B5
102
{ACAD_REACTORS
330
C
102
}
330
C
100
AcDbDictionary
281
     1
  3
CANNOSCALE
350
4B6
  3
CMLEADERSTYLE
350
4EB
  3
CTABLESTYLE
350
4EA
  3
MSLTSCALE
350
4EC
  0
LAYOUT
  5
1E
102
{ACAD_REACTORS
330
1A
102
}
330
1A
100
AcDbPlotSettings
  1

  2
none_device
  4

  6

 40
0.0
 41
0.0
 42
0.0
 43
0.0
 44
0.0
 45
0.0
 46
0.0
 47
0.0
 48
0.0
 49
0.0
140
0.0
141
0.0
142
1.0
143
1.0
 70
   688
 72
     1
 73
     0
 74
     5
  7

 75
    16
 76
     0
 77
     2
 78
   300
147
1.0
148
0.0
149
0.0
100
AcDbLayout
  1
Layout1
 70
     1
 71
     1
 10
0.0
 20
0.0
 11
420.0
 21
297.0
 12
0.0
 22
0.0
 32
0.0
 14
1.000000000000000E+20
 24
1.000000000000000E+20
 34
1.000000000000000E+20
 15
-1.000000000000000E+20
 25
-1.000000000000000E+20
 35
-1.000000000000000E+20
146
0.0
 13
0.0
 23
0.0
 33
0.0
 16
1.0
 26
0.0
 36
0.0
 17
0.0
 27
1.0
 37
0.0
 76
     0
330
1B
  0
LAYOUT
  5
26
102
{ACAD_REACTORS
330
1A
102
}
330
1A
100
AcDbPlotSettings
  1

  2
none_device
  4

  6

 40
0.0
 41
0.0
 42
0.0
 43
0.0
 44
0.0
 45
0.0
 46
0.0
 47
0.0
 48
0.0
 49
0.0
140
0.0
141
0.0
142
1.0
143
1.0
 70
   688
 72
     1
 73
     0
 74
     5
  7

 75
    16
 76
     0
 77
     2
 78
   300
147
1.0
148
0.0
149
0.0
100
AcDbLayout
  1
Layout2
 70
     1
 71
     2
 10
0.0
 20
0.0
 11
0.0
 21
0.0
 12
0.0
 22
0.0
 32
0.0
 14
0.0
 24
0.0
 34
0.0
 15
0.0
 25
0.0
 35
0.0
146
0.0
 13
0.0
 23
0.0
 33
0.0
 16
1.0
 26
0.0
 36
0.0
 17
0.0
 27
1.0
 37
0.0
 76
     0
330
23
  0
LAYOUT
  5
22
102
{ACAD_REACTORS
330
1A
102
}
330
1A
100
AcDbPlotSettings
  1

  2
none_device
  4
ANSI_A_(11.00_x_8.50_Inches)
  6

 40
6.35
 41
19.05
 42
6.35000508
 43
19.05000254
 44
279.4
 45
215.9
 46
109.5988530588302
 47
69.7786883675371
 48
0.0
 49
0.0
140
0.0
141
0.0
142
0.0402484835672353
143
1.0
 70
  1696
 72
     0
 73
     0
 74
     0
  7

 75
     0
 76
     0
 77
     2
 78
   300
147
0.0179189148389904
148
-1300.490907257244
149
0.0
100
AcDbLayout
  1
Model
 70
     1
 71
     0
 10
0.0
 20
0.0
 11
420.0
 21
297.0
 12
0.0
 22
0.0
 32
0.0
 14
-112.0518135105205
 24
-71.29600352948492
 34
0.0
 15
158.5173864894795
 25
108.7039964705151
 35
0.0
146
0.0
 13
0.0
 23
0.0
 33
0.0
 16
1.0
 26
0.0
 36
0.0
 17
0.0
 27
1.0
 37
0.0
 76
     0
330
1F
331
29
  0
MATERIAL
  5
201
102
{ACAD_REACTORS
330
1FF
102
}
330
1FF
100
AcDbMaterial
  1
ByBlock
 72
     1
 94
      127
  0
MATERIAL
  5
200
102
{ACAD_REACTORS
330
1FF
102
}
330
1FF
100
AcDbMaterial
  1
ByLayer
 72
     1
 94
      127
  0
MATERIAL
  5
202
102
{ACAD_REACTORS
330
1FF
102
}
330
1FF
100
AcDbMaterial
  1
Global
 72
     1
 94
      127
  0
MLEADERSTYLE
  5
206
102
{ACAD_REACTORS
330
205
102
}
330
205
100
AcDbMLeaderStyle
179
     2
170
     2
171
     1
172
     0
 90
        2
 40
0.0
 41
0.0
173
     1
 91
-1056964608
340
14
 92
       -2
290
     1
 42
2.0
291
     1
 43
8.0
  3
Standard
341
0
 44
4.0
300

342
11
174
     1
178
     6
175
     1
176
     0
 93
-1056964608
 45
4.0
292
     0
297
     0
 46
4.0
343
0
 94
-1056964608
 47
1.0
 49
1.0
140
1.0
293
     1
141
0.0
294
     1
177
     0
142
1.0
295
     0
296
     0
143
3.75
271
     0
272
     9
273
     9
  0
MLINESTYLE
  5
18
102
{ACAD_REACTORS
330
17
102
}
330
17
100
AcDbMlineStyle
  2
Standard
 70
     0
  3

 62
   256
 51
90.0
 52
90.0
 71
     2
 49
0.5
 62
   256
  6
BYLAYER
 49
-0.5
 62
   256
  6
BYLAYER
  0
ACDBPLACEHOLDER
  5
F
102
{ACAD_REACTORS
330
E
102
}
330
E
  0
SCALE
  5
48
102
{ACAD_REACTORS
330
47
102
}
330
47
100
AcDbScale
 70
     0
300
1:1
140
1.0
141
1.0
290
     1
  0
SCALE
  5
49
102
{ACAD_REACTORS
330
47
102
}
330
47
100
AcDbScale
 70
     0
300
1:2
140
1.0
141
2.0
290
     0
  0
SCALE
  5
4A
102
{ACAD_REACTORS
330
47
102
}
330
47
100
AcDbScale
 70
     0
300
1:4
140
1.0
141
4.0
290
     0
  0
SCALE
  5
4B
102
{ACAD_REACTORS
330
47
102
}
330
47
100
AcDbScale
 70
     0
300
1:5
140
1.0
141
5.0
290
     0
  0
SCALE
  5
4C
102
{ACAD_REACTORS
330
47
102
}
330
47
100
AcDbScale
 70
     0
300
1:8
140
1.0
141
8.0
290
     0
  0
SCALE
  5
4D
102
{ACAD_REACTORS
330
47
102
}
330
47
100
AcDbScale
 70
     0
300
1:10
140
1.0
141
10.0
290
     0
  0
SCALE
  5
4E
102
{ACAD_REACTORS
330
47
102
}
330
47
100
AcDbScale
 70
     0
300
1:16
140
1.0
141
16.0
290
     0
  0
SCALE
  5
4F
102
{ACAD_REACTORS
330
47
102
}
330
47
100
AcDbScale
 70
     0
300
1:20
140
1.0
141
20.0
290
     0
  0
SCALE
  5
50
102
{ACAD_REACTORS
330
47
102
}
330
47
100
AcDbScale
 70
     0
300
1:30
140
1.0
141
30.0
290
     0
  0
SCALE
  5
51
102
{ACAD_REACTORS
330
47
102
}
330
47
100
AcDbScale
 70
     0
300
1:40
140
1.0
141
40.0
290
     0
  0
SCALE
  5
52
102
{ACAD_REACTORS
330
47
102
}
330
47
100
AcDbScale
 70
     0
300
1:50
140
1.0
141
50.0
290
     0
  0
SCALE
  5
53
102
{ACAD_REACTORS
330
47
102
}
330
47
100
AcDbScale
 70
     0
300
1:100
140
1.0
141
100.0
290
     0
  0
SCALE
  5
54
102
{ACAD_REACTORS
330
47
102
}
330
47
100
AcDbScale
 70
     0
300
2:1
140
2.0
141
1.0
290
     0
  0
SCALE
  5
55
102
{ACAD_REACTORS
330
47
102
}
330
47
100
AcDbScale
 70
     0
300
4:1
140
4.0
141
1.0
290
     0
  0
SCALE
  5
56
102
{ACAD_REACTORS
330
47
102
}
330
47
100
AcDbScale
 70
     0
300
8:1
140
8.0
141
1.0
290
     0
  0
SCALE
  5
57
102
{ACAD_REACTORS
330
47
102
}
330
47
100
AcDbScale
 70
     0
300
10:1
140
10.0
141
1.0
290
     0
  0
SCALE
  5
58
102
{ACAD_REACTORS
330
47
102
}
330
47
100
AcDbScale
 70
     0
300
100:1
140
100.0
141
1.0
290
     0
  0
TABLESTYLE
  5
204
102
{ACAD_REACTORS
330
203
102
}
102
{ACAD_XDICTIONARY
360
4E7
102
}
330
203
100
AcDbTableStyle
  3
Standard
 70
     0
 71
     0
 40
0.06
 41
0.06
280
     0
281
     0
  7
Standard
140
4.5
170
     2
 62
     0
 63
   257
283
     0
 90
      512
 91
        0
  1

274
    -2
284
     1
 64
     0
275
    -2
285
     1
 65
     0
276
    -2
286
     1
 66
     0
277
    -2
287
     1
 67
     0
278
    -2
288
     1
 68
     0
279
    -2
289
     1
 69
     0
  7
Standard
140
6.0
170
     5
 62
     0
 63
   257
283
     0
 90
      512
 91
        0
  1

274
    -2
284
     1
 64
     0
275
    -2
285
     1
 65
     0
276
    -2
286
     1
 66
     0
277
    -2
287
     1
 67
     0
278
    -2
288
     1
 68
     0
279
    -2
289
     1
 69
     0
  7
Standard
140
4.5
170
     5
 62
     0
 63
   257
283
     0
 90
      512
 91
        0
  1

274
    -2
284
     1
 64
     0
275
    -2
285
     1
 65
     0
276
    -2
286
     1
 66
     0
277
    -2
287
     1
 67
     0
278
    -2
288
     1
 68
     0
279
    -2
289
     1
 69
     0
  0
VISUALSTYLE
  5
1EB
102
{ACAD_REACTORS
330
1E6
102
}
102
{ACAD_XDICTIONARY
360
4BF
102
}
330
1E6
100
AcDbVisualStyle
  2
2dWireframe
 70
     4
177
     2
291
     0
 71
     0
176
     1
 72
     2
176
     1
 73
     0
176
     1
 90
        0
176
     1
 40
0.6
176
     1
 41
30.0
176
     1
 62
     5
 63
     7
421
 16777215
176
     1
 74
     1
176
     1
 91
        4
176
     1
 64
     7
176
     1
 65
   257
176
     1
 75
     1
176
     1
175
     1
176
     1
 42
1.0
176
     1
 92
        0
176
     1
 66
   257
176
     1
 43
1.0
176
     1
 76
     1
176
     1
 77
     6
176
     1
 78
     2
176
     1
 67
     7
176
     1
 79
     5
176
     1
170
     0
176
     1
171
     0
176
     1
290
     0
176
     1
 93
        1
176
     1
 44
0.0
176
     1
173
     0
176
     1
  0
VISUALSTYLE
  5
1EE
102
{ACAD_REACTORS
330
1E6
102
}
102
{ACAD_XDICTIONARY
360
4C5
102
}
330
1E6
100
AcDbVisualStyle
  2
Basic
 70
     7
177
     2
291
     1
 71
     1
176
     1
 72
     0
176
     1
 73
     1
176
     1
 90
        0
176
     1
 40
0.6
176
     1
 41
30.0
176
     1
 62
     5
 63
     7
421
 16777215
176
     1
 74
     0
176
     1
 91
        4
176
     1
 64
     7
176
     1
 65
   257
176
     1
 75
     1
176
     1
175
     1
176
     1
 42
1.0
176
     1
 92
        8
176
     1
 66
     7
176
     1
 43
1.0
176
     1
 76
     1
176
     1
 77
     6
176
     1
 78
     2
176
     1
 67
     7
176
     1
 79
     5
176
     1
170
     0
176
     1
171
     0
176
     1
290
     0
176
     1
 93
        1
176
     1
 44
0.0
176
     1
173
     0
176
     1
  0
VISUALSTYLE
  5
1F2
102
{ACAD_REACTORS
330
1E6
102
}
102
{ACAD_XDICTIONARY
360
4CD
102
}
330
1E6
100
AcDbVisualStyle
  2
Brighten
 70
    12
177
     2
291
     1
 71
     2
176
     1
 72
     2
176
     1
 73
     0
176
     1
 90
        0
176
     1
 40
0.6
176
     1
 41
30.0
176
     1
 62
     5
 63
     7
421
 16777215
176
     1
 74
     1
176
     1
 91
        4
176
     1
 64
     7
176
     1
 65
   257
176
     1
 75
     1
176
     1
175
     1
176
     1
 42
1.0
176
     1
 92
        8
176
     1
 66
     7
176
     1
 43
1.0
176
     1
 76
     1
176
     1
 77
     6
176
     1
 78
     2
176
     1
 67
     7
176
     1
 79
     5
176
     1
170
     0
176
     1
171
     0
176
     1
290
     0
176
     1
 93
        1
176
     1
 44
50.0
176
     1
173
     0
176
     1
  0
VISUALSTYLE
  5
1F6
102
{ACAD_REACTORS
330
1E6
102
}
102
{ACAD_XDICTIONARY
360
4D5
102
}
330
1E6
100
AcDbVisualStyle
  2
ColorChange
 70
    16
177
     2
291
     1
 71
     2
176
     1
 72
     2
176
     1
 73
     3
176
     1
 90
        0
176
     1
 40
0.6
176
     1
 41
30.0
176
     1
 62
     5
 63
     8
421
  8421504
176
     1
 74
     1
176
     1
 91
        4
176
     1
 64
     7
176
     1
 65
   257
176
     1
 75
     1
176
     1
175
     1
176
     1
 42
1.0
176
     1
 92
        8
176
     1
 66
     8
424
  8421504
176
     1
 43
1.0
176
     1
 76
     1
176
     1
 77
     6
176
     1
 78
     2
176
     1
 67
     7
176
     1
 79
     5
176
     1
170
     0
176
     1
171
     0
176
     1
290
     0
176
     1
 93
        1
176
     1
 44
0.0
176
     1
173
     0
176
     1
  0
VISUALSTYLE
  5
1F0
102
{ACAD_REACTORS
330
1E6
102
}
102
{ACAD_XDICTIONARY
360
4C9
102
}
330
1E6
100
AcDbVisualStyle
  2
Conceptual
 70
     9
177
     2
291
     0
 71
     3
176
     1
 72
     2
176
     1
 73
     0
176
     1
 90
        0
176
     1
 40
0.6
176
     1
 41
30.0
176
     1
 62
     5
 63
     7
421
 16777215
176
     1
 74
     2
176
     1
 91
        2
176
     1
 64
     7
176
     1
 65
   257
176
     1
 75
     1
176
     1
175
     1
176
     1
 42
179.0
176
     1
 92
        8
176
     1
 66
     7
176
     1
 43
1.0
176
     1
 76
     1
176
     1
 77
     6
176
     1
 78
     2
176
     1
 67
     7
176
     1
 79
     3
176
     1
170
     0
176
     1
171
     0
176
     1
290
     0
176
     1
 93
        1
176
     1
 44
0.0
176
     1
173
     0
176
     1
  0
VISUALSTYLE
  5
1F1
102
{ACAD_REACTORS
330
1E6
102
}
102
{ACAD_XDICTIONARY
360
4CB
102
}
330
1E6
100
AcDbVisualStyle
  2
Dim
 70
    11
177
     2
291
     1
 71
     2
176
     1
 72
     2
176
     1
 73
     0
176
     1
 90
        0
176
     1
 40
0.6
176
     1
 41
30.0
176
     1
 62
     5
 63
     7
421
 16777215
176
     1
 74
     1
176
     1
 91
        4
176
     1
 64
     7
176
     1
 65
   257
176
     1
 75
     1
176
     1
175
     1
176
     1
 42
1.0
176
     1
 92
        8
176
     1
 66
     7
176
     1
 43
1.0
176
     1
 76
     1
176
     1
 77
     6
176
     1
 78
     2
176
     1
 67
     7
176
     1
 79
     5
176
     1
170
     0
176
     1
171
     0
176
     1
290
     0
176
     1
 93
        1
176
     1
 44
-50.0
176
     1
173
     0
176
     1
  0
VISUALSTYLE
  5
1F9
102
{ACAD_REACTORS
330
1E6
102
}
102
{ACAD_XDICTIONARY
360
4DB
102
}
330
1E6
100
AcDbVisualStyle
  2
EdgeColorOff
 70
    22
177
     2
291
     1
 71
     2
176
     0
 72
     2
176
     0
 73
     0
176
     0
 90
        0
176
     0
 40
0.6
176
     0
 41
30.0
176
     0
 62
     5
 63
     7
421
 16777215
176
     0
 74
     1
176
     0
 91
        4
176
     0
 64
     7
176
     0
 65
   257
176
     0
 75
     1
176
     0
175
     1
176
     0
 42
1.0
176
     0
 92
        8
176
     2
 66
     7
176
     0
 43
1.0
176
     0
 76
     1
176
     0
 77
     6
176
     0
 78
     2
176
     0
 67
     7
176
     0
 79
     5
176
     0
170
     0
176
     0
171
     0
176
     0
290
     0
176
     0
 93
        1
176
     0
 44
0.0
176
     0
173
     0
176
     0
  0
VISUALSTYLE
  5
1F5
102
{ACAD_REACTORS
330
1E6
102
}
102
{ACAD_XDICTIONARY
360
4D3
102
}
330
1E6
100
AcDbVisualStyle
  2
Facepattern
 70
    15
177
     2
291
     1
 71
     2
176
     1
 72
     2
176
     1
 73
     0
176
     1
 90
        0
176
     1
 40
0.6
176
     1
 41
30.0
176
     1
 62
     5
 63
     7
421
 16777215
176
     1
 74
     1
176
     1
 91
        4
176
     1
 64
     7
176
     1
 65
   257
176
     1
 75
     1
176
     1
175
     1
176
     1
 42
1.0
176
     1
 92
        8
176
     1
 66
     7
176
     1
 43
1.0
176
     1
 76
     1
176
     1
 77
     6
176
     1
 78
     2
176
     1
 67
     7
176
     1
 79
     5
176
     1
170
     0
176
     1
171
     0
176
     1
290
     0
176
     1
 93
        1
176
     1
 44
0.0
176
     1
173
     0
176
     1
  0
VISUALSTYLE
  5
1E7
102
{ACAD_REACTORS
330
1E6
102
}
102
{ACAD_XDICTIONARY
360
4B7
102
}
330
1E6
100
AcDbVisualStyle
  2
Flat
 70
     0
177
     2
291
     1
 71
     2
176
     1
 72
     1
176
     1
 73
     1
176
     1
 90
        2
176
     1
 40
0.6
176
     1
 41
30.0
176
     1
 62
     5
 63
     7
421
 16777215
176
     1
 74
     0
176
     1
 91
        0
176
     1
 64
     7
176
     1
 65
   257
176
     1
 75
     1
176
     1
175
     1
176
     1
 42
1.0
176
     1
 92
        8
176
     1
 66
     7
176
     1
 43
1.0
176
     1
 76
     1
176
     1
 77
     6
176
     1
 78
     2
176
     1
 67
     7
176
     1
 79
     5
176
     1
170
     0
176
     1
171
     0
176
     1
290
     0
176
     1
 93
       13
176
     1
 44
0.0
176
     1
173
     0
176
     1
  0
VISUALSTYLE
  5
1E8
102
{ACAD_REACTORS
330
1E6
102
}
102
{ACAD_XDICTIONARY
360
4B9
102
}
330
1E6
100
AcDbVisualStyle
  2
FlatWithEdges
 70
     1
177
     2
291
     1
 71
     2
176
     1
 72
     1
176
     1
 73
     1
176
     1
 90
        2
176
     1
 40
0.6
176
     1
 41
30.0
176
     1
 62
     5
 63
     7
421
 16777215
176
     1
 74
     1
176
     1
 91
        0
176
     1
 64
     7
176
     1
 65
   257
176
     1
 75
     1
176
     1
175
     1
176
     1
 42
1.0
176
     1
 92
        0
176
     1
 66
   257
176
     1
 43
1.0
176
     1
 76
     1
176
     1
 77
     6
176
     1
 78
     2
176
     1
 67
     7
176
     1
 79
     5
176
     1
170
     0
176
     1
171
     0
176
     1
290
     0
176
     1
 93
       13
176
     1
 44
0.0
176
     1
173
     0
176
     1
  0
VISUALSTYLE
  5
1E9
102
{ACAD_REACTORS
330
1E6
102
}
102
{ACAD_XDICTIONARY
360
4BB
102
}
330
1E6
100
AcDbVisualStyle
  2
Gouraud
 70
     2
177
     2
291
     1
 71
     2
176
     1
 72
     2
176
     1
 73
     1
176
     1
 90
        2
176
     1
 40
0.6
176
     1
 41
30.0
176
     1
 62
     5
 63
     7
421
 16777215
176
     1
 74
     0
176
     1
 91
        0
176
     1
 64
     7
176
     1
 65
   257
176
     1
 75
     1
176
     1
175
     1
176
     1
 42
1.0
176
     1
 92
        0
176
     1
 66
     7
176
     1
 43
1.0
176
     1
 76
     1
176
     1
 77
     6
176
     1
 78
     2
176
     1
 67
     7
176
     1
 79
     5
176
     1
170
     0
176
     1
171
     0
176
     1
290
     0
176
     1
 93
       13
176
     1
 44
0.0
176
     1
173
     0
176
     1
  0
VISUALSTYLE
  5
1EA
102
{ACAD_REACTORS
330
1E6
102
}
102
{ACAD_XDICTIONARY
360
4BD
102
}
330
1E6
100
AcDbVisualStyle
  2
GouraudWithEdges
 70
     3
177
     2
291
     1
 71
     2
176
     1
 72
     2
176
     1
 73
     1
176
     1
 90
        2
176
     1
 40
0.6
176
     1
 41
30.0
176
     1
 62
     5
 63
     7
421
 16777215
176
     1
 74
     1
176
     1
 91
        0
176
     1
 64
     7
176
     1
 65
   257
176
     1
 75
     1
176
     1
175
     1
176
     1
 42
1.0
176
     1
 92
        0
176
     1
 66
   257
176
     1
 43
1.0
176
     1
 76
     1
176
     1
 77
     6
176
     1
 78
     2
176
     1
 67
     7
176
     1
 79
     5
176
     1
170
     0
176
     1
171
     0
176
     1
290
     0
176
     1
 93
       13
176
     1
 44
0.0
176
     1
173
     0
176
     1
  0
VISUALSTYLE
  5
1ED
102
{ACAD_REACTORS
330
1E6
102
}
102
{ACAD_XDICTIONARY
360
4C3
102
}
330
1E6
100
AcDbVisualStyle
  2
Hidden
 70
     6
177
     2
291
     0
 71
     1
176
     1
 72
     2
176
     1
 73
     2
176
     1
 90
        0
176
     1
 40
0.6
176
     1
 41
30.0
176
     1
 62
     5
 63
     7
421
 16777215
176
     1
 74
     2
176
     1
 91
        2
176
     1
 64
     7
176
     1
 65
   257
176
     1
 75
     2
176
     1
175
     1
176
     1
 42
40.0
176
     1
 92
        0
176
     1
 66
   257
176
     1
 43
1.0
176
     1
 76
     1
176
     1
 77
     6
176
     1
 78
     2
176
     1
 67
     7
176
     1
 79
     3
176
     1
170
     0
176
     1
171
     0
176
     1
290
     0
176
     1
 93
        1
176
     1
 44
0.0
176
     1
173
     0
176
     1
  0
VISUALSTYLE
  5
1F7
102
{ACAD_REACTORS
330
1E6
102
}
102
{ACAD_XDICTIONARY
360
4D7
102
}
330
1E6
100
AcDbVisualStyle
  2
JitterOff
 70
    20
177
     2
291
     1
 71
     2
176
     0
 72
     2
176
     0
 73
     0
176
     0
 90
        0
176
     0
 40
0.6
176
     0
 41
30.0
176
     0
 62
     5
 63
     7
421
 16777215
176
     0
 74
     1
176
     0
 91
        4
176
     0
 64
     7
176
     0
 65
   257
176
     0
 75
     1
176
     0
175
     1
176
     0
 42
1.0
176
     0
 92
       10
176
     2
 66
     7
176
     0
 43
1.0
176
     0
 76
     1
176
     0
 77
     6
176
     0
 78
     2
176
     0
 67
     7
176
     0
 79
     5
176
     0
170
     0
176
     0
171
     0
176
     0
290
     0
176
     0
 93
        1
176
     0
 44
0.0
176
     0
173
     0
176
     0
  0
VISUALSTYLE
  5
1F4
102
{ACAD_REACTORS
330
1E6
102
}
102
{ACAD_XDICTIONARY
360
4D1
102
}
330
1E6
100
AcDbVisualStyle
  2
Linepattern
 70
    14
177
     2
291
     1
 71
     2
176
     1
 72
     2
176
     1
 73
     0
176
     1
 90
        0
176
     1
 40
0.6
176
     1
 41
30.0
176
     1
 62
     5
 63
     7
421
 16777215
176
     1
 74
     1
176
     1
 91
        4
176
     1
 64
     7
176
     1
 65
   257
176
     1
 75
     7
176
     1
175
     7
176
     1
 42
1.0
176
     1
 92
        8
176
     1
 66
     7
176
     1
 43
1.0
176
     1
 76
     1
176
     1
 77
     6
176
     1
 78
     2
176
     1
 67
     7
176
     1
 79
     5
176
     1
170
     0
176
     1
171
     0
176
     1
290
     0
176
     1
 93
        1
176
     1
 44
0.0
176
     1
173
     0
176
     1
  0
VISUALSTYLE
  5
1F8
102
{ACAD_REACTORS
330
1E6
102
}
102
{ACAD_XDICTIONARY
360
4D9
102
}
330
1E6
100
AcDbVisualStyle
  2
OverhangOff
 70
    21
177
     2
291
     1
 71
     2
176
     0
 72
     2
176
     0
 73
     0
176
     0
 90
        0
176
     0
 40
0.6
176
     0
 41
30.0
176
     0
 62
     5
 63
     7
421
 16777215
176
     0
 74
     1
176
     0
 91
        4
176
     0
 64
     7
176
     0
 65
   257
176
     0
 75
     1
176
     0
175
     1
176
     0
 42
1.0
176
     0
 92
        9
176
     2
 66
     7
176
     0
 43
1.0
176
     0
 76
     1
176
     0
 77
     6
176
     0
 78
     2
176
     0
 67
     7
176
     0
 79
     5
176
     0
170
     0
176
     0
171
     0
176
     0
290
     0
176
     0
 93
        1
176
     0
 44
0.0
176
     0
173
     0
176
     0
  0
VISUALSTYLE
  5
1EF
102
{ACAD_REACTORS
330
1E6
102
}
102
{ACAD_XDICTIONARY
360
4C7
102
}
330
1E6
100
AcDbVisualStyle
  2
Realistic
 70
     8
177
     2
291
     0
 71
     2
176
     1
 72
     3
176
     1
 73
     0
176
     1
 90
        2
176
     1
 40
0.6
176
     1
 41
30.0
176
     1
 62
     5
 63
     7
421
 16777215
176
     1
 74
     0
176
     1
 91
        0
176
     1
 64
     7
176
     1
 65
   257
176
     1
 75
     1
176
     1
175
     1
176
     1
 42
1.0
176
     1
 92
        8
176
     1
 66
   257
176
     1
 43
1.0
176
     1
 76
     1
176
     1
 77
     6
176
     1
 78
     2
176
     1
 67
     7
176
     1
 79
     3
176
     1
170
     0
176
     1
171
     0
176
     1
290
     0
176
     1
 93
       13
176
     1
 44
0.0
176
     1
173
     0
176
     1
  0
VISUALSTYLE
  5
1FE
102
{ACAD_REACTORS
330
1E6
102
}
102
{ACAD_XDICTIONARY
360
4E5
102
}
330
1E6
100
AcDbVisualStyle
  2
Shaded
 70
    27
177
     2
291
     0
 71
     2
176
     1
 72
     2
176
     1
 73
     1
176
     1
 90
        2
176
     1
 40
0.6
176
     1
 41
30.0
176
     1
 62
     5
 63
     7
421
 16777215
176
     1
 74
     0
176
     1
 91
        4
176
     1
 64
     7
176
     1
 65
   257
176
     1
 75
     1
176
     1
175
     1
176
     1
 42
1.0
176
     1
 92
        8
176
     1
 66
   257
176
     1
 43
1.0
176
     1
 76
     1
176
     1
 77
     6
176
     1
 78
     2
176
     1
 67
     8
425
  7895160
176
     1
 79
     3
176
     1
170
     0
176
     1
171
     0
176
     1
290
     0
176
     1
 93
        5
176
     1
 44
0.0
176
     1
173
     0
176
     1
  0
VISUALSTYLE
  5
1FD
102
{ACAD_REACTORS
330
1E6
102
}
102
{ACAD_XDICTIONARY
360
4E3
102
}
330
1E6
100
AcDbVisualStyle
  2
Shaded with edges
 70
    26
177
     2
291
     0
 71
     2
176
     1
 72
     2
176
     1
 73
     1
176
     1
 90
        2
176
     1
 40
0.6
176
     1
 41
30.0
176
     1
 62
     5
 63
     7
421
 16777215
176
     1
 74
     1
176
     1
 91
       10
176
     1
 64
     7
176
     1
 65
   257
176
     1
 75
     2
176
     1
175
     1
176
     1
 42
1.0
176
     1
 92
        8
176
     1
 66
   257
176
     1
 43
1.0
176
     1
 76
     1
176
     1
 77
     6
176
     1
 78
     2
176
     1
 67
     7
176
     1
 79
     3
176
     1
170
     0
176
     1
171
     0
176
     1
290
     0
176
     1
 93
        5
176
     1
 44
0.0
176
     1
173
     0
176
     1
  0
VISUALSTYLE
  5
1FA
102
{ACAD_REACTORS
330
1E6
102
}
102
{ACAD_XDICTIONARY
360
4DD
102
}
330
1E6
100
AcDbVisualStyle
  2
Shades of Gray
 70
    23
177
     2
291
     0
 71
     2
176
     1
 72
     2
176
     1
 73
     3
176
     1
 90
        0
176
     1
 40
0.6
176
     1
 41
30.0
176
     1
 62
     5
 63
     7
421
 16777215
176
     1
 74
     2
176
     1
 91
        2
176
     1
 64
     7
176
     1
 65
     7
176
     1
 75
     1
176
     1
175
     1
176
     1
 42
40.0
176
     1
 92
        8
176
     1
 66
     7
176
     1
 43
1.0
176
     1
 76
     1
176
     1
 77
     6
176
     1
 78
     2
176
     1
 67
     7
176
     1
 79
     3
176
     1
170
     0
176
     1
171
     0
176
     1
290
     0
176
     1
 93
        1
176
     1
 44
0.0
176
     1
173
     0
176
     1
  0
VISUALSTYLE
  5
1FB
102
{ACAD_REACTORS
330
1E6
102
}
102
{ACAD_XDICTIONARY
360
4DF
102
}
330
1E6
100
AcDbVisualStyle
  2
Sketchy
 70
    24
177
     2
291
     0
 71
     1
176
     1
 72
     2
176
     1
 73
     2
176
     1
 90
        0
176
     1
 40
0.6
176
     1
 41
30.0
176
     1
 62
     5
 63
     7
421
 16777215
176
     1
 74
     2
176
     1
 91
        2
176
     1
 64
     7
176
     1
 65
     7
176
     1
 75
     1
176
     1
175
     1
176
     1
 42
40.0
176
     1
 92
       11
176
     1
 66
     7
176
     1
 43
1.0
176
     1
 76
     1
176
     1
 77
     6
176
     1
 78
     2
176
     1
 67
     7
176
     1
 79
     6
176
     1
170
     0
176
     1
171
     0
176
     1
290
     0
176
     1
 93
        1
176
     1
 44
0.0
176
     1
173
     0
176
     1
  0
VISUALSTYLE
  5
1F3
102
{ACAD_REACTORS
330
1E6
102
}
102
{ACAD_XDICTIONARY
360
4CF
102
}
330
1E6
100
AcDbVisualStyle
  2
Thicken
 70
    13
177
     2
291
     1
 71
     2
176
     1
 72
     2
176
     1
 73
     0
176
     1
 90
        0
176
     1
 40
0.6
176
     1
 41
30.0
176
     1
 62
     5
 63
     7
421
 16777215
176
     1
 74
     1
176
     1
 91
        4
176
     1
 64
     7
176
     1
 65
   257
176
     1
 75
     1
176
     1
175
     1
176
     1
 42
1.0
176
     1
 92
       12
176
     1
 66
     7
176
     1
 43
1.0
176
     1
 76
     1
176
     1
 77
     6
176
     1
 78
     2
176
     1
 67
     7
176
     1
 79
     5
176
     1
170
     0
176
     1
171
     0
176
     1
290
     0
176
     1
 93
        1
176
     1
 44
0.0
176
     1
173
     0
176
     1
  0
VISUALSTYLE
  5
1EC
102
{ACAD_REACTORS
330
1E6
102
}
102
{ACAD_XDICTIONARY
360
4C1
102
}
330
1E6
100
AcDbVisualStyle
  2
Wireframe
 70
     5
177
     2
291
     0
 71
     0
176
     1
 72
     2
176
     1
 73
     0
176
     1
 90
        0
176
     1
 40
0.6
176
     1
 41
30.0
176
     1
 62
     5
 63
     7
421
 16777215
176
     1
 74
     1
176
     1
 91
        4
176
     1
 64
     7
176
     1
 65
   257
176
     1
 75
     1
176
     1
175
     1
176
     1
 42
1.0
176
     1
 92
        0
176
     1
 66
   257
176
     1
 43
1.0
176
     1
 76
     1
176
     1
 77
     6
176
     1
 78
     2
176
     1
 67
     7
176
     1
 79
     3
176
     1
170
     0
176
     1
171
     0
176
     1
290
     0
176
     1
 93
        1
176
     1
 44
0.0
176
     1
173
     0
176
     1
  0
VISUALSTYLE
  5
1FC
102
{ACAD_REACTORS
330
1E6
102
}
102
{ACAD_XDICTIONARY
360
4E1
102
}
330
1E6
100
AcDbVisualStyle
  2
X-Ray
 70
    25
177
     2
291
     0
 71
     2
176
     1
 72
     2
176
     1
 73
     1
176
     1
 90
        1
176
     1
 40
0.5
176
     1
 41
30.0
176
     1
 62
     5
 63
     7
421
 16777215
176
     1
 74
     1
176
     1
 91
        0
176
     1
 64
     7
176
     1
 65
   257
176
     1
 75
     1
176
     1
175
     1
176
     1
 42
1.0
176
     1
 92
        8
176
     1
 66
     7
176
     1
 43
1.0
176
     1
 76
     1
176
     1
 77
     6
176
     1
 78
     2
176
     1
 67
     7
176
     1
 79
     3
176
     1
170
     0
176
     1
171
     0
176
     1
290
     0
176
     1
 93
       13
176
     1
 44
0.0
176
     1
173
     0
176
     1
  0
DICTIONARYVAR
  5
4B6
102
{ACAD_REACTORS
330
4B5
102
}
330
4B5
100
DictionaryVariables
280
     0
  1
1:1
  0
DICTIONARYVAR
  5
4EB
102
{ACAD_REACTORS
330
4B5
102
}
330
4B5
100
DictionaryVariables
280
     0
  1
Standard
  0
DICTIONARYVAR
  5
4EA
102
{ACAD_REACTORS
330
4B5
102
}
330
4B5
100
DictionaryVariables
280
     0
  1
Standard
  0
DICTIONARYVAR
  5
4EC
102
{ACAD_REACTORS
330
4B5
102
}
330
4B5
100
DictionaryVariables
280
     0
  1
0
  0
DICTIONARY
  5
4E7
330
204
100
AcDbDictionary
280
     1
281
     1
  3
ACAD_ROUNDTRIP_2008_TABLESTYLE_CELLSTYLEMAP
360
4E8
  0
DICTIONARY
  5
4BF
330
1EB
100
AcDbDictionary
280
     1
281
     1
  3
ACAD_XREC_ROUNDTRIP
360
4C0
  0
DICTIONARY
  5
4C5
330
1EE
100
AcDbDictionary
280
     1
281
     1
  3
ACAD_XREC_ROUNDTRIP
360
4C6
  0
DICTIONARY
  5
4CD
330
1F2
100
AcDbDictionary
280
     1
281
     1
  3
ACAD_XREC_ROUNDTRIP
360
4CE
  0
DICTIONARY
  5
4D5
330
1F6
100
AcDbDictionary
280
     1
281
     1
  3
ACAD_XREC_ROUNDTRIP
360
4D6
  0
DICTIONARY
  5
4C9
330
1F0
100
AcDbDictionary
280
     1
281
     1
  3
ACAD_XREC_ROUNDTRIP
360
4CA
  0
DICTIONARY
  5
4CB
330
1F1
100
AcDbDictionary
280
     1
281
     1
  3
ACAD_XREC_ROUNDTRIP
360
4CC
  0
DICTIONARY
  5
4DB
330
1F9
100
AcDbDictionary
280
     1
281
     1
  3
ACAD_XREC_ROUNDTRIP
360
4DC
  0
DICTIONARY
  5
4D3
330
1F5
100
AcDbDictionary
280
     1
281
     1
  3
ACAD_XREC_ROUNDTRIP
360
4D4
  0
DICTIONARY
  5
4B7
330
1E7
100
AcDbDictionary
280
     1
281
     1
  3
ACAD_XREC_ROUNDTRIP
360
4B8
  0
DICTIONARY
  5
4B9
330
1E8
100
AcDbDictionary
280
     1
281
     1
  3
ACAD_XREC_ROUNDTRIP
360
4BA
  0
DICTIONARY
  5
4BB
330
1E9
100
AcDbDictionary
280
     1
281
     1
  3
ACAD_XREC_ROUNDTRIP
360
4BC
  0
DICTIONARY
  5
4BD
330
1EA
100
AcDbDictionary
280
     1
281
     1
  3
ACAD_XREC_ROUNDTRIP
360
4BE
  0
DICTIONARY
  5
4C3
330
1ED
100
AcDbDictionary
280
     1
281
     1
  3
ACAD_XREC_ROUNDTRIP
360
4C4
  0
DICTIONARY
  5
4D7
330
1F7
100
AcDbDictionary
280
     1
281
     1
  3
ACAD_XREC_ROUNDTRIP
360
4D8
  0
DICTIONARY
  5
4D1
330
1F4
100
AcDbDictionary
280
     1
281
     1
  3
ACAD_XREC_ROUNDTRIP
360
4D2
  0
DICTIONARY
  5
4D9
330
1F8
100
AcDbDictionary
280
     1
281
     1
  3
ACAD_XREC_ROUNDTRIP
360
4DA
  0
DICTIONARY
  5
4C7
330
1EF
100
AcDbDictionary
280
     1
281
     1
  3
ACAD_XREC_ROUNDTRIP
360
4C8
  0
DICTIONARY
  5
4E5
330
1FE
100
AcDbDictionary
280
     1
281
     1
  3
ACAD_XREC_ROUNDTRIP
360
4E6
  0
DICTIONARY
  5
4E3
330
1FD
100
AcDbDictionary
280
     1
281
     1
  3
ACAD_XREC_ROUNDTRIP
360
4E4
  0
DICTIONARY
  5
4DD
330
1FA
100
AcDbDictionary
280
     1
281
     1
  3
ACAD_XREC_ROUNDTRIP
360
4DE
  0
DICTIONARY
  5
4DF
330
1FB
100
AcDbDictionary
280
     1
281
     1
  3
ACAD_XREC_ROUNDTRIP
360
4E0
  0
DICTIONARY
  5
4CF
330
1F3
100
AcDbDictionary
280
     1
281
     1
  3
ACAD_XREC_ROUNDTRIP
360
4D0
  0
DICTIONARY
  5
4C1
330
1EC
100
AcDbDictionary
280
     1
281
     1
  3
ACAD_XREC_ROUNDTRIP
360
4C2
  0
DICTIONARY
  5
4E1
330
1FC
100
AcDbDictionary
280
     1
281
     1
  3
ACAD_XREC_ROUNDTRIP
360
4E2
  0
CELLSTYLEMAP
  5
4E8
102
{ACAD_REACTORS
330
4E7
102
}
330
4E7
100
AcDbCellStyleMap
 90
        3
300
CELLSTYLE
  1
TABLEFORMAT_BEGIN
 90
        5
170
     1
 91
        0
 92
    32768
 62
   257
 93
        1
300
CONTENTFORMAT
  1
CONTENTFORMAT_BEGIN
 90
        0
 91
        0
 92
      512
 93
        0
300

 40
0.0
140
1.0
 94
        5
 62
     0
340
11
144
6.0
309
CONTENTFORMAT_END
171
     1
301
MARGIN
  1
CELLMARGIN_BEGIN
 40
1.5
 40
1.5
 40
1.5
 40
1.5
 40
1.5
 40
1.5
309
CELLMARGIN_END
 94
        6
 95
        1
302
GRIDFORMAT
  1
GRIDFORMAT_BEGIN
 90
        0
 91
        1
 62
     0
 92
       -2
340
14
 93
        0
 40
0.045
309
GRIDFORMAT_END
 95
        2
302
GRIDFORMAT
  1
GRIDFORMAT_BEGIN
 90
        0
 91
        1
 62
     0
 92
       -2
340
14
 93
        0
 40
0.045
309
GRIDFORMAT_END
 95
        4
302
GRIDFORMAT
  1
GRIDFORMAT_BEGIN
 90
        0
 91
        1
 62
     0
 92
       -2
340
14
 93
        0
 40
0.045
309
GRIDFORMAT_END
 95
        8
302
GRIDFORMAT
  1
GRIDFORMAT_BEGIN
 90
        0
 91
        1
 62
     0
 92
       -2
340
14
 93
        0
 40
0.045
309
GRIDFORMAT_END
 95
       16
302
GRIDFORMAT
  1
GRIDFORMAT_BEGIN
 90
        0
 91
        1
 62
     0
 92
       -2
340
14
 93
        0
 40
0.045
309
GRIDFORMAT_END
 95
       32
302
GRIDFORMAT
  1
GRIDFORMAT_BEGIN
 90
        0
 91
        1
 62
     0
 92
       -2
340
14
 93
        0
 40
0.045
309
GRIDFORMAT_END
309
TABLEFORMAT_END
  1
CELLSTYLE_BEGIN
 90
        1
 91
        1
300
_TITLE
309
CELLSTYLE_END
300
CELLSTYLE
  1
TABLEFORMAT_BEGIN
 90
        5
170
     1
 91
        0
 92
        0
 62
   257
 93
        1
300
CONTENTFORMAT
  1
CONTENTFORMAT_BEGIN
 90
        0
 91
        0
 92
      512
 93
        0
300

 40
0.0
140
1.0
 94
        5
 62
     0
340
11
144
4.5
309
CONTENTFORMAT_END
171
     1
301
MARGIN
  1
CELLMARGIN_BEGIN
 40
1.5
 40
1.5
 40
1.5
 40
1.5
 40
1.5
 40
1.5
309
CELLMARGIN_END
 94
        6
 95
        1
302
GRIDFORMAT
  1
GRIDFORMAT_BEGIN
 90
        0
 91
        1
 62
     0
 92
       -2
340
14
 93
        0
 40
0.045
309
GRIDFORMAT_END
 95
        2
302
GRIDFORMAT
  1
GRIDFORMAT_BEGIN
 90
        0
 91
        1
 62
     0
 92
       -2
340
14
 93
        0
 40
0.045
309
GRIDFORMAT_END
 95
        4
302
GRIDFORMAT
  1
GRIDFORMAT_BEGIN
 90
        0
 91
        1
 62
     0
 92
       -2
340
14
 93
        0
 40
0.045
309
GRIDFORMAT_END
 95
        8
302
GRIDFORMAT
  1
GRIDFORMAT_BEGIN
 90
        0
 91
        1
 62
     0
 92
       -2
340
14
 93
        0
 40
0.045
309
GRIDFORMAT_END
 95
       16
302
GRIDFORMAT
  1
GRIDFORMAT_BEGIN
 90
        0
 91
        1
 62
     0
 92
       -2
340
14
 93
        0
 40
0.045
309
GRIDFORMAT_END
 95
       32
302
GRIDFORMAT
  1
GRIDFORMAT_BEGIN
 90
        0
 91
        1
 62
     0
 92
       -2
340
14
 93
        0
 40
0.045
309
GRIDFORMAT_END
309
TABLEFORMAT_END
  1
CELLSTYLE_BEGIN
 90
        2
 91
        1
300
_HEADER
309
CELLSTYLE_END
300
CELLSTYLE
  1
TABLEFORMAT_BEGIN
 90
        5
170
     1
 91
        0
 92
        0
 62
   257
 93
        1
300
CONTENTFORMAT
  1
CONTENTFORMAT_BEGIN
 90
        0
 91
        0
 92
      512
 93
        0
300

 40
0.0
140
1.0
 94
        2
 62
     0
340
11
144
4.5
309
CONTENTFORMAT_END
171
     1
301
MARGIN
  1
CELLMARGIN_BEGIN
 40
1.5
 40
1.5
 40
1.5
 40
1.5
 40
1.5
 40
1.5
309
CELLMARGIN_END
 94
        6
 95
        1
302
GRIDFORMAT
  1
GRIDFORMAT_BEGIN
 90
        0
 91
        1
 62
     0
 92
       -2
340
14
 93
        0
 40
0.045
309
GRIDFORMAT_END
 95
        2
302
GRIDFORMAT
  1
GRIDFORMAT_BEGIN
 90
        0
 91
        1
 62
     0
 92
       -2
340
14
 93
        0
 40
0.045
309
GRIDFORMAT_END
 95
        4
302
GRIDFORMAT
  1
GRIDFORMAT_BEGIN
 90
        0
 91
        1
 62
     0
 92
       -2
340
14
 93
        0
 40
0.045
309
GRIDFORMAT_END
 95
        8
302
GRIDFORMAT
  1
GRIDFORMAT_BEGIN
 90
        0
 91
        1
 62
     0
 92
       -2
340
14
 93
        0
 40
0.045
309
GRIDFORMAT_END
 95
       16
302
GRIDFORMAT
  1
GRIDFORMAT_BEGIN
 90
        0
 91
        1
 62
     0
 92
       -2
340
14
 93
        0
 40
0.045
309
GRIDFORMAT_END
 95
       32
302
GRIDFORMAT
  1
GRIDFORMAT_BEGIN
 90
        0
 91
        1
 62
     0
 92
       -2
340
14
 93
        0
 40
0.045
309
GRIDFORMAT_END
309
TABLEFORMAT_END
  1
CELLSTYLE_BEGIN
 90
        3
 91
        2
300
_DATA
309
CELLSTYLE_END
  0
XRECORD
  5
4C0
102
{ACAD_REACTORS
330
4BF
102
}
330
4BF
100
AcDbXrecord
280
     1
102
RTVSPost2010Prop28
280
     1
102
RTVSPost2010PropOp28
 70
     1
102
RTVSPost2010Prop29
280
     1
102
RTVSPost2010PropOp29
 70
     1
102
RTVSPost2010Prop30
280
     0
102
RTVSPost2010PropOp30
 70
     1
102
RTVSPost2010Prop31
280
     0
102
RTVSPost2010PropOp31
 70
     1
102
RTVSPost2010Prop32
280
     0
102
RTVSPost2010PropOp32
 70
     1
102
RTVSPost2010Prop33
280
     0
102
RTVSPost2010PropOp33
 70
     1
102
RTVSPost2010Prop34
280
     0
102
RTVSPost2010PropOp34
 70
     1
102
RTVSPost2010Prop35
280
     0
102
RTVSPost2010PropOp35
 70
     1
102
RTVSPost2010Prop36
280
     0
102
RTVSPost2010PropOp36
 70
     1
102
RTVSPost2010Prop37
 90
       50
102
RTVSPost2010PropOp37
 70
     1
102
RTVSPost2010Prop38
140
0.0
102
RTVSPost2010PropOp38
 70
     1
102
RTVSPost2010Prop39
140
1.0
102
RTVSPost2010PropOp39
 70
     1
102
RTVSPost2010Prop40
 90
        0
102
RTVSPost2010PropOp40
 70
     1
102
RTVSPost2010Prop41ColorIndex
 90
       18
102
RTVSPost2010Prop41ColorRGB
 90
        0
102
RTVSPost2010PropOp41
 70
     1
102
RTVSPost2010Prop42
 90
       50
102
RTVSPost2010PropOp42
 70
     1
102
RTVSPost2010Prop43
 90
        3
102
RTVSPost2010PropOp43
 70
     1
102
RTVSPost2010Prop44ColorIndex
 90
        5
102
RTVSPost2010Prop44ColorRGB
 90
      255
102
RTVSPost2010PropOp44
 70
     1
102
RTVSPost2010Prop45
280
     0
102
RTVSPost2010PropOp45
 70
     1
102
RTVSPost2010Prop46
 90
       50
102
RTVSPost2010PropOp46
 70
     1
102
RTVSPost2010Prop47
 90
       50
102
RTVSPost2010PropOp47
 70
     1
102
RTVSPost2010Prop48
 90
       50
102
RTVSPost2010PropOp48
 70
     1
102
RTVSPost2010Prop49
280
     0
102
RTVSPost2010PropOp49
 70
     1
102
RTVSPost2010Prop50
 90
       50
102
RTVSPost2010PropOp50
 70
     1
102
RTVSPost2010Prop51ColorIndex
 90
      256
102
RTVSPost2010Prop51ColorRGB
 90
-16777216
102
RTVSPost2010PropOp51
 70
     0
102
RTVSPost2010Prop52
140
1.0
102
RTVSPost2010PropOp52
 70
     0
102
RTVSPost2010Prop53
 90
        2
102
RTVSPost2010PropOp53
 70
     1
102
RTVSPost2010Prop54
  1
strokes_ogs.tif
102
RTVSPost2010PropOp54
 70
     1
102
RTVSPost2010Prop55
280
     0
102
RTVSPost2010PropOp55
 70
     1
102
RTVSPost2010Prop56
140
1.0
102
RTVSPost2010PropOp56
 70
     1
102
RTVSPost2010Prop57
140
1.0
102
RTVSPost2010PropOp57
 70
     1
  0
XRECORD
  5
4C6
102
{ACAD_REACTORS
330
4C5
102
}
330
4C5
100
AcDbXrecord
280
     1
102
RTVSPost2010Prop28
280
     0
102
RTVSPost2010PropOp28
 70
     1
102
RTVSPost2010Prop29
280
     1
102
RTVSPost2010PropOp29
 70
     1
102
RTVSPost2010Prop30
280
     1
102
RTVSPost2010PropOp30
 70
     1
102
RTVSPost2010Prop31
280
     0
102
RTVSPost2010PropOp31
 70
     1
102
RTVSPost2010Prop32
280
     0
102
RTVSPost2010PropOp32
 70
     1
102
RTVSPost2010Prop33
280
     0
102
RTVSPost2010PropOp33
 70
     1
102
RTVSPost2010Prop34
280
     0
102
RTVSPost2010PropOp34
 70
     1
102
RTVSPost2010Prop35
280
     0
102
RTVSPost2010PropOp35
 70
     1
102
RTVSPost2010Prop36
280
     0
102
RTVSPost2010PropOp36
 70
     1
102
RTVSPost2010Prop37
 90
       50
102
RTVSPost2010PropOp37
 70
     1
102
RTVSPost2010Prop38
140
0.0
102
RTVSPost2010PropOp38
 70
     1
102
RTVSPost2010Prop39
140
1.0
102
RTVSPost2010PropOp39
 70
     1
102
RTVSPost2010Prop40
 90
        0
102
RTVSPost2010PropOp40
 70
     1
102
RTVSPost2010Prop41ColorIndex
 90
       18
102
RTVSPost2010Prop41ColorRGB
 90
        0
102
RTVSPost2010PropOp41
 70
     1
102
RTVSPost2010Prop42
 90
       50
102
RTVSPost2010PropOp42
 70
     1
102
RTVSPost2010Prop43
 90
        3
102
RTVSPost2010PropOp43
 70
     1
102
RTVSPost2010Prop44ColorIndex
 90
        5
102
RTVSPost2010Prop44ColorRGB
 90
      255
102
RTVSPost2010PropOp44
 70
     1
102
RTVSPost2010Prop45
280
     0
102
RTVSPost2010PropOp45
 70
     1
102
RTVSPost2010Prop46
 90
       50
102
RTVSPost2010PropOp46
 70
     1
102
RTVSPost2010Prop47
 90
       50
102
RTVSPost2010PropOp47
 70
     1
102
RTVSPost2010Prop48
 90
       50
102
RTVSPost2010PropOp48
 70
     1
102
RTVSPost2010Prop49
280
     0
102
RTVSPost2010PropOp49
 70
     1
102
RTVSPost2010Prop50
 90
       50
102
RTVSPost2010PropOp50
 70
     1
102
RTVSPost2010Prop51ColorIndex
 90
      256
102
RTVSPost2010Prop51ColorRGB
 90
-16777216
102
RTVSPost2010PropOp51
 70
     0
102
RTVSPost2010Prop52
140
1.0
102
RTVSPost2010PropOp52
 70
     0
102
RTVSPost2010Prop53
 90
        2
102
RTVSPost2010PropOp53
 70
     1
102
RTVSPost2010Prop54
  1
strokes_ogs.tif
102
RTVSPost2010PropOp54
 70
     1
102
RTVSPost2010Prop55
280
     0
102
RTVSPost2010PropOp55
 70
     1
102
RTVSPost2010Prop56
140
1.0
102
RTVSPost2010PropOp56
 70
     1
102
RTVSPost2010Prop57
140
1.0
102
RTVSPost2010PropOp57
 70
     1
  0
XRECORD
  5
4CE
102
{ACAD_REACTORS
330
4CD
102
}
330
4CD
100
AcDbXrecord
280
     1
102
RTVSPost2010Prop28
280
     0
102
RTVSPost2010PropOp28
 70
     1
102
RTVSPost2010Prop29
280
     1
102
RTVSPost2010PropOp29
 70
     1
102
RTVSPost2010Prop30
280
     1
102
RTVSPost2010PropOp30
 70
     1
102
RTVSPost2010Prop31
280
     0
102
RTVSPost2010PropOp31
 70
     1
102
RTVSPost2010Prop32
280
     0
102
RTVSPost2010PropOp32
 70
     1
102
RTVSPost2010Prop33
280
     0
102
RTVSPost2010PropOp33
 70
     1
102
RTVSPost2010Prop34
280
     0
102
RTVSPost2010PropOp34
 70
     1
102
RTVSPost2010Prop35
280
     0
102
RTVSPost2010PropOp35
 70
     1
102
RTVSPost2010Prop36
280
     0
102
RTVSPost2010PropOp36
 70
     1
102
RTVSPost2010Prop37
 90
       50
102
RTVSPost2010PropOp37
 70
     1
102
RTVSPost2010Prop38
140
0.0
102
RTVSPost2010PropOp38
 70
     1
102
RTVSPost2010Prop39
140
1.0
102
RTVSPost2010PropOp39
 70
     1
102
RTVSPost2010Prop40
 90
        0
102
RTVSPost2010PropOp40
 70
     1
102
RTVSPost2010Prop41ColorIndex
 90
       18
102
RTVSPost2010Prop41ColorRGB
 90
        0
102
RTVSPost2010PropOp41
 70
     1
102
RTVSPost2010Prop42
 90
       50
102
RTVSPost2010PropOp42
 70
     1
102
RTVSPost2010Prop43
 90
        3
102
RTVSPost2010PropOp43
 70
     1
102
RTVSPost2010Prop44ColorIndex
 90
        5
102
RTVSPost2010Prop44ColorRGB
 90
      255
102
RTVSPost2010PropOp44
 70
     1
102
RTVSPost2010Prop45
280
     0
102
RTVSPost2010PropOp45
 70
     1
102
RTVSPost2010Prop46
 90
       50
102
RTVSPost2010PropOp46
 70
     1
102
RTVSPost2010Prop47
 90
       50
102
RTVSPost2010PropOp47
 70
     1
102
RTVSPost2010Prop48
 90
       50
102
RTVSPost2010PropOp48
 70
     1
102
RTVSPost2010Prop49
280
     0
102
RTVSPost2010PropOp49
 70
     1
102
RTVSPost2010Prop50
 90
       50
102
RTVSPost2010PropOp50
 70
     1
102
RTVSPost2010Prop51ColorIndex
 90
      256
102
RTVSPost2010Prop51ColorRGB
 90
-16777216
102
RTVSPost2010PropOp51
 70
     0
102
RTVSPost2010Prop52
140
1.0
102
RTVSPost2010PropOp52
 70
     0
102
RTVSPost2010Prop53
 90
        2
102
RTVSPost2010PropOp53
 70
     1
102
RTVSPost2010Prop54
  1
strokes_ogs.tif
102
RTVSPost2010PropOp54
 70
     1
102
RTVSPost2010Prop55
280
     0
102
RTVSPost2010PropOp55
 70
     1
102
RTVSPost2010Prop56
140
1.0
102
RTVSPost2010PropOp56
 70
     1
102
RTVSPost2010Prop57
140
1.0
102
RTVSPost2010PropOp57
 70
     1
  0
XRECORD
  5
4D6
102
{ACAD_REACTORS
330
4D5
102
}
330
4D5
100
AcDbXrecord
280
     1
102
RTVSPost2010Prop28
280
     0
102
RTVSPost2010PropOp28
 70
     1
102
RTVSPost2010Prop29
280
     1
102
RTVSPost2010PropOp29
 70
     1
102
RTVSPost2010Prop30
280
     1
102
RTVSPost2010PropOp30
 70
     1
102
RTVSPost2010Prop31
280
     0
102
RTVSPost2010PropOp31
 70
     1
102
RTVSPost2010Prop32
280
     0
102
RTVSPost2010PropOp32
 70
     1
102
RTVSPost2010Prop33
280
     0
102
RTVSPost2010PropOp33
 70
     1
102
RTVSPost2010Prop34
280
     0
102
RTVSPost2010PropOp34
 70
     1
102
RTVSPost2010Prop35
280
     0
102
RTVSPost2010PropOp35
 70
     1
102
RTVSPost2010Prop36
280
     0
102
RTVSPost2010PropOp36
 70
     1
102
RTVSPost2010Prop37
 90
       50
102
RTVSPost2010PropOp37
 70
     1
102
RTVSPost2010Prop38
140
0.0
102
RTVSPost2010PropOp38
 70
     1
102
RTVSPost2010Prop39
140
1.0
102
RTVSPost2010PropOp39
 70
     1
102
RTVSPost2010Prop40
 90
        0
102
RTVSPost2010PropOp40
 70
     1
102
RTVSPost2010Prop41ColorIndex
 90
       18
102
RTVSPost2010Prop41ColorRGB
 90
        0
102
RTVSPost2010PropOp41
 70
     1
102
RTVSPost2010Prop42
 90
       50
102
RTVSPost2010PropOp42
 70
     1
102
RTVSPost2010Prop43
 90
        3
102
RTVSPost2010PropOp43
 70
     1
102
RTVSPost2010Prop44ColorIndex
 90
        5
102
RTVSPost2010Prop44ColorRGB
 90
      255
102
RTVSPost2010PropOp44
 70
     1
102
RTVSPost2010Prop45
280
     0
102
RTVSPost2010PropOp45
 70
     1
102
RTVSPost2010Prop46
 90
       50
102
RTVSPost2010PropOp46
 70
     1
102
RTVSPost2010Prop47
 90
       50
102
RTVSPost2010PropOp47
 70
     1
102
RTVSPost2010Prop48
 90
       50
102
RTVSPost2010PropOp48
 70
     1
102
RTVSPost2010Prop49
280
     0
102
RTVSPost2010PropOp49
 70
     1
102
RTVSPost2010Prop50
 90
       50
102
RTVSPost2010PropOp50
 70
     1
102
RTVSPost2010Prop51ColorIndex
 90
      256
102
RTVSPost2010Prop51ColorRGB
 90
-16777216
102
RTVSPost2010PropOp51
 70
     0
102
RTVSPost2010Prop52
140
1.0
102
RTVSPost2010PropOp52
 70
     0
102
RTVSPost2010Prop53
 90
        2
102
RTVSPost2010PropOp53
 70
     1
102
RTVSPost2010Prop54
  1
strokes_ogs.tif
102
RTVSPost2010PropOp54
 70
     1
102
RTVSPost2010Prop55
280
     0
102
RTVSPost2010PropOp55
 70
     1
102
RTVSPost2010Prop56
140
1.0
102
RTVSPost2010PropOp56
 70
     1
102
RTVSPost2010Prop57
140
1.0
102
RTVSPost2010PropOp57
 70
     1
  0
XRECORD
  5
4CA
102
{ACAD_REACTORS
330
4C9
102
}
330
4C9
100
AcDbXrecord
280
     1
102
RTVSPost2010Prop28
280
     0
102
RTVSPost2010PropOp28
 70
     1
102
RTVSPost2010Prop29
280
     1
102
RTVSPost2010PropOp29
 70
     1
102
RTVSPost2010Prop30
280
     1
102
RTVSPost2010PropOp30
 70
     1
102
RTVSPost2010Prop31
280
     0
102
RTVSPost2010PropOp31
 70
     1
102
RTVSPost2010Prop32
280
     0
102
RTVSPost2010PropOp32
 70
     1
102
RTVSPost2010Prop33
280
     0
102
RTVSPost2010PropOp33
 70
     1
102
RTVSPost2010Prop34
280
     0
102
RTVSPost2010PropOp34
 70
     1
102
RTVSPost2010Prop35
280
     0
102
RTVSPost2010PropOp35
 70
     1
102
RTVSPost2010Prop36
280
     0
102
RTVSPost2010PropOp36
 70
     1
102
RTVSPost2010Prop37
 90
       50
102
RTVSPost2010PropOp37
 70
     1
102
RTVSPost2010Prop38
140
0.0
102
RTVSPost2010PropOp38
 70
     1
102
RTVSPost2010Prop39
140
1.0
102
RTVSPost2010PropOp39
 70
     1
102
RTVSPost2010Prop40
 90
        0
102
RTVSPost2010PropOp40
 70
     1
102
RTVSPost2010Prop41ColorIndex
 90
       18
102
RTVSPost2010Prop41ColorRGB
 90
        0
102
RTVSPost2010PropOp41
 70
     1
102
RTVSPost2010Prop42
 90
       50
102
RTVSPost2010PropOp42
 70
     1
102
RTVSPost2010Prop43
 90
        3
102
RTVSPost2010PropOp43
 70
     1
102
RTVSPost2010Prop44ColorIndex
 90
        5
102
RTVSPost2010Prop44ColorRGB
 90
      255
102
RTVSPost2010PropOp44
 70
     1
102
RTVSPost2010Prop45
280
     0
102
RTVSPost2010PropOp45
 70
     1
102
RTVSPost2010Prop46
 90
       50
102
RTVSPost2010PropOp46
 70
     1
102
RTVSPost2010Prop47
 90
       50
102
RTVSPost2010PropOp47
 70
     1
102
RTVSPost2010Prop48
 90
       50
102
RTVSPost2010PropOp48
 70
     1
102
RTVSPost2010Prop49
280
     0
102
RTVSPost2010PropOp49
 70
     1
102
RTVSPost2010Prop50
 90
       50
102
RTVSPost2010PropOp50
 70
     1
102
RTVSPost2010Prop51ColorIndex
 90
      256
102
RTVSPost2010Prop51ColorRGB
 90
-16777216
102
RTVSPost2010PropOp51
 70
     0
102
RTVSPost2010Prop52
140
1.0
102
RTVSPost2010PropOp52
 70
     0
102
RTVSPost2010Prop53
 90
        2
102
RTVSPost2010PropOp53
 70
     1
102
RTVSPost2010Prop54
  1
strokes_ogs.tif
102
RTVSPost2010PropOp54
 70
     1
102
RTVSPost2010Prop55
280
     0
102
RTVSPost2010PropOp55
 70
     1
102
RTVSPost2010Prop56
140
1.0
102
RTVSPost2010PropOp56
 70
     1
102
RTVSPost2010Prop57
140
1.0
102
RTVSPost2010PropOp57
 70
     1
  0
XRECORD
  5
4CC
102
{ACAD_REACTORS
330
4CB
102
}
330
4CB
100
AcDbXrecord
280
     1
102
RTVSPost2010Prop28
280
     0
102
RTVSPost2010PropOp28
 70
     1
102
RTVSPost2010Prop29
280
     1
102
RTVSPost2010PropOp29
 70
     1
102
RTVSPost2010Prop30
280
     1
102
RTVSPost2010PropOp30
 70
     1
102
RTVSPost2010Prop31
280
     0
102
RTVSPost2010PropOp31
 70
     1
102
RTVSPost2010Prop32
280
     0
102
RTVSPost2010PropOp32
 70
     1
102
RTVSPost2010Prop33
280
     0
102
RTVSPost2010PropOp33
 70
     1
102
RTVSPost2010Prop34
280
     0
102
RTVSPost2010PropOp34
 70
     1
102
RTVSPost2010Prop35
280
     0
102
RTVSPost2010PropOp35
 70
     1
102
RTVSPost2010Prop36
280
     0
102
RTVSPost2010PropOp36
 70
     1
102
RTVSPost2010Prop37
 90
       50
102
RTVSPost2010PropOp37
 70
     1
102
RTVSPost2010Prop38
140
0.0
102
RTVSPost2010PropOp38
 70
     1
102
RTVSPost2010Prop39
140
1.0
102
RTVSPost2010PropOp39
 70
     1
102
RTVSPost2010Prop40
 90
        0
102
RTVSPost2010PropOp40
 70
     1
102
RTVSPost2010Prop41ColorIndex
 90
       18
102
RTVSPost2010Prop41ColorRGB
 90
        0
102
RTVSPost2010PropOp41
 70
     1
102
RTVSPost2010Prop42
 90
       50
102
RTVSPost2010PropOp42
 70
     1
102
RTVSPost2010Prop43
 90
        3
102
RTVSPost2010PropOp43
 70
     1
102
RTVSPost2010Prop44ColorIndex
 90
        5
102
RTVSPost2010Prop44ColorRGB
 90
      255
102
RTVSPost2010PropOp44
 70
     1
102
RTVSPost2010Prop45
280
     0
102
RTVSPost2010PropOp45
 70
     1
102
RTVSPost2010Prop46
 90
       50
102
RTVSPost2010PropOp46
 70
     1
102
RTVSPost2010Prop47
 90
       50
102
RTVSPost2010PropOp47
 70
     1
102
RTVSPost2010Prop48
 90
       50
102
RTVSPost2010PropOp48
 70
     1
102
RTVSPost2010Prop49
280
     0
102
RTVSPost2010PropOp49
 70
     1
102
RTVSPost2010Prop50
 90
       50
102
RTVSPost2010PropOp50
 70
     1
102
RTVSPost2010Prop51ColorIndex
 90
      256
102
RTVSPost2010Prop51ColorRGB
 90
-16777216
102
RTVSPost2010PropOp51
 70
     0
102
RTVSPost2010Prop52
140
1.0
102
RTVSPost2010PropOp52
 70
     0
102
RTVSPost2010Prop53
 90
        2
102
RTVSPost2010PropOp53
 70
     1
102
RTVSPost2010Prop54
  1
strokes_ogs.tif
102
RTVSPost2010PropOp54
 70
     1
102
RTVSPost2010Prop55
280
     0
102
RTVSPost2010PropOp55
 70
     1
102
RTVSPost2010Prop56
140
1.0
102
RTVSPost2010PropOp56
 70
     1
102
RTVSPost2010Prop57
140
1.0
102
RTVSPost2010PropOp57
 70
     1
  0
XRECORD
  5
4DC
102
{ACAD_REACTORS
330
4DB
102
}
330
4DB
100
AcDbXrecord
280
     1
102
RTVSPost2010Prop28
280
     0
102
RTVSPost2010PropOp28
 70
     0
102
RTVSPost2010Prop29
280
     1
102
RTVSPost2010PropOp29
 70
     0
102
RTVSPost2010Prop30
280
     1
102
RTVSPost2010PropOp30
 70
     0
102
RTVSPost2010Prop31
280
     0
102
RTVSPost2010PropOp31
 70
     0
102
RTVSPost2010Prop32
280
     0
102
RTVSPost2010PropOp32
 70
     0
102
RTVSPost2010Prop33
280
     0
102
RTVSPost2010PropOp33
 70
     0
102
RTVSPost2010Prop34
280
     0
102
RTVSPost2010PropOp34
 70
     0
102
RTVSPost2010Prop35
280
     0
102
RTVSPost2010PropOp35
 70
     0
102
RTVSPost2010Prop36
280
     0
102
RTVSPost2010PropOp36
 70
     0
102
RTVSPost2010Prop37
 90
       50
102
RTVSPost2010PropOp37
 70
     0
102
RTVSPost2010Prop38
140
0.0
102
RTVSPost2010PropOp38
 70
     0
102
RTVSPost2010Prop39
140
1.0
102
RTVSPost2010PropOp39
 70
     0
102
RTVSPost2010Prop40
 90
        0
102
RTVSPost2010PropOp40
 70
     0
102
RTVSPost2010Prop41ColorIndex
 90
       18
102
RTVSPost2010Prop41ColorRGB
 90
        0
102
RTVSPost2010PropOp41
 70
     0
102
RTVSPost2010Prop42
 90
       50
102
RTVSPost2010PropOp42
 70
     0
102
RTVSPost2010Prop43
 90
        3
102
RTVSPost2010PropOp43
 70
     0
102
RTVSPost2010Prop44ColorIndex
 90
        5
102
RTVSPost2010Prop44ColorRGB
 90
      255
102
RTVSPost2010PropOp44
 70
     0
102
RTVSPost2010Prop45
280
     0
102
RTVSPost2010PropOp45
 70
     0
102
RTVSPost2010Prop46
 90
       50
102
RTVSPost2010PropOp46
 70
     0
102
RTVSPost2010Prop47
 90
       50
102
RTVSPost2010PropOp47
 70
     0
102
RTVSPost2010Prop48
 90
       50
102
RTVSPost2010PropOp48
 70
     0
102
RTVSPost2010Prop49
280
     0
102
RTVSPost2010PropOp49
 70
     0
102
RTVSPost2010Prop50
 90
       50
102
RTVSPost2010PropOp50
 70
     0
102
RTVSPost2010Prop51ColorIndex
 90
      256
102
RTVSPost2010Prop51ColorRGB
 90
-16777216
102
RTVSPost2010PropOp51
 70
     0
102
RTVSPost2010Prop52
140
1.0
102
RTVSPost2010PropOp52
 70
     0
102
RTVSPost2010Prop53
 90
        2
102
RTVSPost2010PropOp53
 70
     0
102
RTVSPost2010Prop54
  1
strokes_ogs.tif
102
RTVSPost2010PropOp54
 70
     0
102
RTVSPost2010Prop55
280
     0
102
RTVSPost2010PropOp55
 70
     0
102
RTVSPost2010Prop56
140
1.0
102
RTVSPost2010PropOp56
 70
     0
102
RTVSPost2010Prop57
140
1.0
102
RTVSPost2010PropOp57
 70
     0
  0
XRECORD
  5
4D4
102
{ACAD_REACTORS
330
4D3
102
}
330
4D3
100
AcDbXrecord
280
     1
102
RTVSPost2010Prop28
280
     0
102
RTVSPost2010PropOp28
 70
     1
102
RTVSPost2010Prop29
280
     1
102
RTVSPost2010PropOp29
 70
     1
102
RTVSPost2010Prop30
280
     1
102
RTVSPost2010PropOp30
 70
     1
102
RTVSPost2010Prop31
280
     0
102
RTVSPost2010PropOp31
 70
     1
102
RTVSPost2010Prop32
280
     0
102
RTVSPost2010PropOp32
 70
     1
102
RTVSPost2010Prop33
280
     0
102
RTVSPost2010PropOp33
 70
     1
102
RTVSPost2010Prop34
280
     0
102
RTVSPost2010PropOp34
 70
     1
102
RTVSPost2010Prop35
280
     0
102
RTVSPost2010PropOp35
 70
     1
102
RTVSPost2010Prop36
280
     0
102
RTVSPost2010PropOp36
 70
     1
102
RTVSPost2010Prop37
 90
       50
102
RTVSPost2010PropOp37
 70
     1
102
RTVSPost2010Prop38
140
0.0
102
RTVSPost2010PropOp38
 70
     1
102
RTVSPost2010Prop39
140
1.0
102
RTVSPost2010PropOp39
 70
     1
102
RTVSPost2010Prop40
 90
        0
102
RTVSPost2010PropOp40
 70
     1
102
RTVSPost2010Prop41ColorIndex
 90
       18
102
RTVSPost2010Prop41ColorRGB
 90
        0
102
RTVSPost2010PropOp41
 70
     1
102
RTVSPost2010Prop42
 90
       50
102
RTVSPost2010PropOp42
 70
     1
102
RTVSPost2010Prop43
 90
        3
102
RTVSPost2010PropOp43
 70
     1
102
RTVSPost2010Prop44ColorIndex
 90
        5
102
RTVSPost2010Prop44ColorRGB
 90
      255
102
RTVSPost2010PropOp44
 70
     1
102
RTVSPost2010Prop45
280
     0
102
RTVSPost2010PropOp45
 70
     1
102
RTVSPost2010Prop46
 90
       50
102
RTVSPost2010PropOp46
 70
     1
102
RTVSPost2010Prop47
 90
       50
102
RTVSPost2010PropOp47
 70
     1
102
RTVSPost2010Prop48
 90
       50
102
RTVSPost2010PropOp48
 70
     1
102
RTVSPost2010Prop49
280
     0
102
RTVSPost2010PropOp49
 70
     1
102
RTVSPost2010Prop50
 90
       50
102
RTVSPost2010PropOp50
 70
     1
102
RTVSPost2010Prop51ColorIndex
 90
      256
102
RTVSPost2010Prop51ColorRGB
 90
-16777216
102
RTVSPost2010PropOp51
 70
     0
102
RTVSPost2010Prop52
140
1.0
102
RTVSPost2010PropOp52
 70
     0
102
RTVSPost2010Prop53
 90
        2
102
RTVSPost2010PropOp53
 70
     1
102
RTVSPost2010Prop54
  1
strokes_ogs.tif
102
RTVSPost2010PropOp54
 70
     1
102
RTVSPost2010Prop55
280
     0
102
RTVSPost2010PropOp55
 70
     1
102
RTVSPost2010Prop56
140
1.0
102
RTVSPost2010PropOp56
 70
     1
102
RTVSPost2010Prop57
140
1.0
102
RTVSPost2010PropOp57
 70
     1
  0
XRECORD
  5
4B8
102
{ACAD_REACTORS
330
4B7
102
}
330
4B7
100
AcDbXrecord
280
     1
102
RTVSPost2010Prop28
280
     0
102
RTVSPost2010PropOp28
 70
     1
102
RTVSPost2010Prop29
280
     1
102
RTVSPost2010PropOp29
 70
     1
102
RTVSPost2010Prop30
280
     1
102
RTVSPost2010PropOp30
 70
     1
102
RTVSPost2010Prop31
280
     0
102
RTVSPost2010PropOp31
 70
     1
102
RTVSPost2010Prop32
280
     0
102
RTVSPost2010PropOp32
 70
     1
102
RTVSPost2010Prop33
280
     0
102
RTVSPost2010PropOp33
 70
     1
102
RTVSPost2010Prop34
280
     0
102
RTVSPost2010PropOp34
 70
     1
102
RTVSPost2010Prop35
280
     0
102
RTVSPost2010PropOp35
 70
     1
102
RTVSPost2010Prop36
280
     0
102
RTVSPost2010PropOp36
 70
     1
102
RTVSPost2010Prop37
 90
       50
102
RTVSPost2010PropOp37
 70
     1
102
RTVSPost2010Prop38
140
0.0
102
RTVSPost2010PropOp38
 70
     1
102
RTVSPost2010Prop39
140
1.0
102
RTVSPost2010PropOp39
 70
     1
102
RTVSPost2010Prop40
 90
        0
102
RTVSPost2010PropOp40
 70
     1
102
RTVSPost2010Prop41ColorIndex
 90
       18
102
RTVSPost2010Prop41ColorRGB
 90
        0
102
RTVSPost2010PropOp41
 70
     1
102
RTVSPost2010Prop42
 90
       50
102
RTVSPost2010PropOp42
 70
     1
102
RTVSPost2010Prop43
 90
        3
102
RTVSPost2010PropOp43
 70
     1
102
RTVSPost2010Prop44ColorIndex
 90
        5
102
RTVSPost2010Prop44ColorRGB
 90
      255
102
RTVSPost2010PropOp44
 70
     1
102
RTVSPost2010Prop45
280
     0
102
RTVSPost2010PropOp45
 70
     1
102
RTVSPost2010Prop46
 90
       50
102
RTVSPost2010PropOp46
 70
     1
102
RTVSPost2010Prop47
 90
       50
102
RTVSPost2010PropOp47
 70
     1
102
RTVSPost2010Prop48
 90
       50
102
RTVSPost2010PropOp48
 70
     1
102
RTVSPost2010Prop49
280
     0
102
RTVSPost2010PropOp49
 70
     1
102
RTVSPost2010Prop50
 90
       50
102
RTVSPost2010PropOp50
 70
     1
102
RTVSPost2010Prop51ColorIndex
 90
      256
102
RTVSPost2010Prop51ColorRGB
 90
-16777216
102
RTVSPost2010PropOp51
 70
     0
102
RTVSPost2010Prop52
140
1.0
102
RTVSPost2010PropOp52
 70
     0
102
RTVSPost2010Prop53
 90
        2
102
RTVSPost2010PropOp53
 70
     1
102
RTVSPost2010Prop54
  1
strokes_ogs.tif
102
RTVSPost2010PropOp54
 70
     1
102
RTVSPost2010Prop55
280
     0
102
RTVSPost2010PropOp55
 70
     1
102
RTVSPost2010Prop56
140
1.0
102
RTVSPost2010PropOp56
 70
     1
102
RTVSPost2010Prop57
140
1.0
102
RTVSPost2010PropOp57
 70
     1
  0
XRECORD
  5
4BA
102
{ACAD_REACTORS
330
4B9
102
}
330
4B9
100
AcDbXrecord
280
     1
102
RTVSPost2010Prop28
280
     0
102
RTVSPost2010PropOp28
 70
     1
102
RTVSPost2010Prop29
280
     1
102
RTVSPost2010PropOp29
 70
     1
102
RTVSPost2010Prop30
280
     1
102
RTVSPost2010PropOp30
 70
     1
102
RTVSPost2010Prop31
280
     0
102
RTVSPost2010PropOp31
 70
     1
102
RTVSPost2010Prop32
280
     0
102
RTVSPost2010PropOp32
 70
     1
102
RTVSPost2010Prop33
280
     0
102
RTVSPost2010PropOp33
 70
     1
102
RTVSPost2010Prop34
280
     0
102
RTVSPost2010PropOp34
 70
     1
102
RTVSPost2010Prop35
280
     0
102
RTVSPost2010PropOp35
 70
     1
102
RTVSPost2010Prop36
280
     0
102
RTVSPost2010PropOp36
 70
     1
102
RTVSPost2010Prop37
 90
       50
102
RTVSPost2010PropOp37
 70
     1
102
RTVSPost2010Prop38
140
0.0
102
RTVSPost2010PropOp38
 70
     1
102
RTVSPost2010Prop39
140
1.0
102
RTVSPost2010PropOp39
 70
     1
102
RTVSPost2010Prop40
 90
        0
102
RTVSPost2010PropOp40
 70
     1
102
RTVSPost2010Prop41ColorIndex
 90
       18
102
RTVSPost2010Prop41ColorRGB
 90
        0
102
RTVSPost2010PropOp41
 70
     1
102
RTVSPost2010Prop42
 90
       50
102
RTVSPost2010PropOp42
 70
     1
102
RTVSPost2010Prop43
 90
        3
102
RTVSPost2010PropOp43
 70
     1
102
RTVSPost2010Prop44ColorIndex
 90
        5
102
RTVSPost2010Prop44ColorRGB
 90
      255
102
RTVSPost2010PropOp44
 70
     1
102
RTVSPost2010Prop45
280
     0
102
RTVSPost2010PropOp45
 70
     1
102
RTVSPost2010Prop46
 90
       50
102
RTVSPost2010PropOp46
 70
     1
102
RTVSPost2010Prop47
 90
       50
102
RTVSPost2010PropOp47
 70
     1
102
RTVSPost2010Prop48
 90
       50
102
RTVSPost2010PropOp48
 70
     1
102
RTVSPost2010Prop49
280
     0
102
RTVSPost2010PropOp49
 70
     1
102
RTVSPost2010Prop50
 90
       50
102
RTVSPost2010PropOp50
 70
     1
102
RTVSPost2010Prop51ColorIndex
 90
      256
102
RTVSPost2010Prop51ColorRGB
 90
-16777216
102
RTVSPost2010PropOp51
 70
     0
102
RTVSPost2010Prop52
140
1.0
102
RTVSPost2010PropOp52
 70
     0
102
RTVSPost2010Prop53
 90
        2
102
RTVSPost2010PropOp53
 70
     1
102
RTVSPost2010Prop54
  1
strokes_ogs.tif
102
RTVSPost2010PropOp54
 70
     1
102
RTVSPost2010Prop55
280
     0
102
RTVSPost2010PropOp55
 70
     1
102
RTVSPost2010Prop56
140
1.0
102
RTVSPost2010PropOp56
 70
     1
102
RTVSPost2010Prop57
140
1.0
102
RTVSPost2010PropOp57
 70
     1
  0
XRECORD
  5
4BC
102
{ACAD_REACTORS
330
4BB
102
}
330
4BB
100
AcDbXrecord
280
     1
102
RTVSPost2010Prop28
280
     0
102
RTVSPost2010PropOp28
 70
     1
102
RTVSPost2010Prop29
280
     1
102
RTVSPost2010PropOp29
 70
     1
102
RTVSPost2010Prop30
280
     1
102
RTVSPost2010PropOp30
 70
     1
102
RTVSPost2010Prop31
280
     0
102
RTVSPost2010PropOp31
 70
     1
102
RTVSPost2010Prop32
280
     0
102
RTVSPost2010PropOp32
 70
     1
102
RTVSPost2010Prop33
280
     0
102
RTVSPost2010PropOp33
 70
     1
102
RTVSPost2010Prop34
280
     0
102
RTVSPost2010PropOp34
 70
     1
102
RTVSPost2010Prop35
280
     0
102
RTVSPost2010PropOp35
 70
     1
102
RTVSPost2010Prop36
280
     0
102
RTVSPost2010PropOp36
 70
     1
102
RTVSPost2010Prop37
 90
       50
102
RTVSPost2010PropOp37
 70
     1
102
RTVSPost2010Prop38
140
0.0
102
RTVSPost2010PropOp38
 70
     1
102
RTVSPost2010Prop39
140
1.0
102
RTVSPost2010PropOp39
 70
     1
102
RTVSPost2010Prop40
 90
        0
102
RTVSPost2010PropOp40
 70
     1
102
RTVSPost2010Prop41ColorIndex
 90
       18
102
RTVSPost2010Prop41ColorRGB
 90
        0
102
RTVSPost2010PropOp41
 70
     1
102
RTVSPost2010Prop42
 90
       50
102
RTVSPost2010PropOp42
 70
     1
102
RTVSPost2010Prop43
 90
        3
102
RTVSPost2010PropOp43
 70
     1
102
RTVSPost2010Prop44ColorIndex
 90
        5
102
RTVSPost2010Prop44ColorRGB
 90
      255
102
RTVSPost2010PropOp44
 70
     1
102
RTVSPost2010Prop45
280
     0
102
RTVSPost2010PropOp45
 70
     1
102
RTVSPost2010Prop46
 90
       50
102
RTVSPost2010PropOp46
 70
     1
102
RTVSPost2010Prop47
 90
       50
102
RTVSPost2010PropOp47
 70
     1
102
RTVSPost2010Prop48
 90
       50
102
RTVSPost2010PropOp48
 70
     1
102
RTVSPost2010Prop49
280
     0
102
RTVSPost2010PropOp49
 70
     1
102
RTVSPost2010Prop50
 90
       50
102
RTVSPost2010PropOp50
 70
     1
102
RTVSPost2010Prop51ColorIndex
 90
      256
102
RTVSPost2010Prop51ColorRGB
 90
-16777216
102
RTVSPost2010PropOp51
 70
     0
102
RTVSPost2010Prop52
140
1.0
102
RTVSPost2010PropOp52
 70
     0
102
RTVSPost2010Prop53
 90
        2
102
RTVSPost2010PropOp53
 70
     1
102
RTVSPost2010Prop54
  1
strokes_ogs.tif
102
RTVSPost2010PropOp54
 70
     1
102
RTVSPost2010Prop55
280
     0
102
RTVSPost2010PropOp55
 70
     1
102
RTVSPost2010Prop56
140
1.0
102
RTVSPost2010PropOp56
 70
     1
102
RTVSPost2010Prop57
140
1.0
102
RTVSPost2010PropOp57
 70
     1
  0
XRECORD
  5
4BE
102
{ACAD_REACTORS
330
4BD
102
}
330
4BD
100
AcDbXrecord
280
     1
102
RTVSPost2010Prop28
280
     0
102
RTVSPost2010PropOp28
 70
     1
102
RTVSPost2010Prop29
280
     1
102
RTVSPost2010PropOp29
 70
     1
102
RTVSPost2010Prop30
280
     1
102
RTVSPost2010PropOp30
 70
     1
102
RTVSPost2010Prop31
280
     0
102
RTVSPost2010PropOp31
 70
     1
102
RTVSPost2010Prop32
280
     0
102
RTVSPost2010PropOp32
 70
     1
102
RTVSPost2010Prop33
280
     0
102
RTVSPost2010PropOp33
 70
     1
102
RTVSPost2010Prop34
280
     0
102
RTVSPost2010PropOp34
 70
     1
102
RTVSPost2010Prop35
280
     0
102
RTVSPost2010PropOp35
 70
     1
102
RTVSPost2010Prop36
280
     0
102
RTVSPost2010PropOp36
 70
     1
102
RTVSPost2010Prop37
 90
       50
102
RTVSPost2010PropOp37
 70
     1
102
RTVSPost2010Prop38
140
0.0
102
RTVSPost2010PropOp38
 70
     1
102
RTVSPost2010Prop39
140
1.0
102
RTVSPost2010PropOp39
 70
     1
102
RTVSPost2010Prop40
 90
        0
102
RTVSPost2010PropOp40
 70
     1
102
RTVSPost2010Prop41ColorIndex
 90
       18
102
RTVSPost2010Prop41ColorRGB
 90
        0
102
RTVSPost2010PropOp41
 70
     1
102
RTVSPost2010Prop42
 90
       50
102
RTVSPost2010PropOp42
 70
     1
102
RTVSPost2010Prop43
 90
        3
102
RTVSPost2010PropOp43
 70
     1
102
RTVSPost2010Prop44ColorIndex
 90
        5
102
RTVSPost2010Prop44ColorRGB
 90
      255
102
RTVSPost2010PropOp44
 70
     1
102
RTVSPost2010Prop45
280
     0
102
RTVSPost2010PropOp45
 70
     1
102
RTVSPost2010Prop46
 90
       50
102
RTVSPost2010PropOp46
 70
     1
102
RTVSPost2010Prop47
 90
       50
102
RTVSPost2010PropOp47
 70
     1
102
RTVSPost2010Prop48
 90
       50
102
RTVSPost2010PropOp48
 70
     1
102
RTVSPost2010Prop49
280
     0
102
RTVSPost2010PropOp49
 70
     1
102
RTVSPost2010Prop50
 90
       50
102
RTVSPost2010PropOp50
 70
     1
102
RTVSPost2010Prop51ColorIndex
 90
      256
102
RTVSPost2010Prop51ColorRGB
 90
-16777216
102
RTVSPost2010PropOp51
 70
     0
102
RTVSPost2010Prop52
140
1.0
102
RTVSPost2010PropOp52
 70
     0
102
RTVSPost2010Prop53
 90
        2
102
RTVSPost2010PropOp53
 70
     1
102
RTVSPost2010Prop54
  1
strokes_ogs.tif
102
RTVSPost2010PropOp54
 70
     1
102
RTVSPost2010Prop55
280
     0
102
RTVSPost2010PropOp55
 70
     1
102
RTVSPost2010Prop56
140
1.0
102
RTVSPost2010PropOp56
 70
     1
102
RTVSPost2010Prop57
140
1.0
102
RTVSPost2010PropOp57
 70
     1
  0
XRECORD
  5
4C4
102
{ACAD_REACTORS
330
4C3
102
}
330
4C3
100
AcDbXrecord
280
     1
102
RTVSPost2010Prop28
280
     0
102
RTVSPost2010PropOp28
 70
     1
102
RTVSPost2010Prop29
280
     1
102
RTVSPost2010PropOp29
 70
     1
102
RTVSPost2010Prop30
280
     1
102
RTVSPost2010PropOp30
 70
     1
102
RTVSPost2010Prop31
280
     0
102
RTVSPost2010PropOp31
 70
     1
102
RTVSPost2010Prop32
280
     0
102
RTVSPost2010PropOp32
 70
     1
102
RTVSPost2010Prop33
280
     0
102
RTVSPost2010PropOp33
 70
     1
102
RTVSPost2010Prop34
280
     0
102
RTVSPost2010PropOp34
 70
     1
102
RTVSPost2010Prop35
280
     0
102
RTVSPost2010PropOp35
 70
     1
102
RTVSPost2010Prop36
280
     0
102
RTVSPost2010PropOp36
 70
     1
102
RTVSPost2010Prop37
 90
       50
102
RTVSPost2010PropOp37
 70
     1
102
RTVSPost2010Prop38
140
0.0
102
RTVSPost2010PropOp38
 70
     1
102
RTVSPost2010Prop39
140
1.0
102
RTVSPost2010PropOp39
 70
     1
102
RTVSPost2010Prop40
 90
        0
102
RTVSPost2010PropOp40
 70
     1
102
RTVSPost2010Prop41ColorIndex
 90
       18
102
RTVSPost2010Prop41ColorRGB
 90
        0
102
RTVSPost2010PropOp41
 70
     1
102
RTVSPost2010Prop42
 90
       50
102
RTVSPost2010PropOp42
 70
     1
102
RTVSPost2010Prop43
 90
        3
102
RTVSPost2010PropOp43
 70
     1
102
RTVSPost2010Prop44ColorIndex
 90
        5
102
RTVSPost2010Prop44ColorRGB
 90
      255
102
RTVSPost2010PropOp44
 70
     1
102
RTVSPost2010Prop45
280
     0
102
RTVSPost2010PropOp45
 70
     1
102
RTVSPost2010Prop46
 90
       50
102
RTVSPost2010PropOp46
 70
     1
102
RTVSPost2010Prop47
 90
       50
102
RTVSPost2010PropOp47
 70
     1
102
RTVSPost2010Prop48
 90
       50
102
RTVSPost2010PropOp48
 70
     1
102
RTVSPost2010Prop49
280
     0
102
RTVSPost2010PropOp49
 70
     1
102
RTVSPost2010Prop50
 90
       50
102
RTVSPost2010PropOp50
 70
     1
102
RTVSPost2010Prop51ColorIndex
 90
      256
102
RTVSPost2010Prop51ColorRGB
 90
-16777216
102
RTVSPost2010PropOp51
 70
     0
102
RTVSPost2010Prop52
140
1.0
102
RTVSPost2010PropOp52
 70
     0
102
RTVSPost2010Prop53
 90
        2
102
RTVSPost2010PropOp53
 70
     1
102
RTVSPost2010Prop54
  1
strokes_ogs.tif
102
RTVSPost2010PropOp54
 70
     1
102
RTVSPost2010Prop55
280
     0
102
RTVSPost2010PropOp55
 70
     1
102
RTVSPost2010Prop56
140
1.0
102
RTVSPost2010PropOp56
 70
     1
102
RTVSPost2010Prop57
140
1.0
102
RTVSPost2010PropOp57
 70
     1
  0
XRECORD
  5
4D8
102
{ACAD_REACTORS
330
4D7
102
}
330
4D7
100
AcDbXrecord
280
     1
102
RTVSPost2010Prop28
280
     0
102
RTVSPost2010PropOp28
 70
     0
102
RTVSPost2010Prop29
280
     1
102
RTVSPost2010PropOp29
 70
     0
102
RTVSPost2010Prop30
280
     1
102
RTVSPost2010PropOp30
 70
     0
102
RTVSPost2010Prop31
280
     0
102
RTVSPost2010PropOp31
 70
     0
102
RTVSPost2010Prop32
280
     0
102
RTVSPost2010PropOp32
 70
     0
102
RTVSPost2010Prop33
280
     0
102
RTVSPost2010PropOp33
 70
     0
102
RTVSPost2010Prop34
280
     0
102
RTVSPost2010PropOp34
 70
     0
102
RTVSPost2010Prop35
280
     0
102
RTVSPost2010PropOp35
 70
     0
102
RTVSPost2010Prop36
280
     0
102
RTVSPost2010PropOp36
 70
     0
102
RTVSPost2010Prop37
 90
       50
102
RTVSPost2010PropOp37
 70
     0
102
RTVSPost2010Prop38
140
0.0
102
RTVSPost2010PropOp38
 70
     0
102
RTVSPost2010Prop39
140
1.0
102
RTVSPost2010PropOp39
 70
     0
102
RTVSPost2010Prop40
 90
        0
102
RTVSPost2010PropOp40
 70
     0
102
RTVSPost2010Prop41ColorIndex
 90
       18
102
RTVSPost2010Prop41ColorRGB
 90
        0
102
RTVSPost2010PropOp41
 70
     0
102
RTVSPost2010Prop42
 90
       50
102
RTVSPost2010PropOp42
 70
     0
102
RTVSPost2010Prop43
 90
        3
102
RTVSPost2010PropOp43
 70
     0
102
RTVSPost2010Prop44ColorIndex
 90
        5
102
RTVSPost2010Prop44ColorRGB
 90
      255
102
RTVSPost2010PropOp44
 70
     0
102
RTVSPost2010Prop45
280
     0
102
RTVSPost2010PropOp45
 70
     0
102
RTVSPost2010Prop46
 90
       50
102
RTVSPost2010PropOp46
 70
     0
102
RTVSPost2010Prop47
 90
       50
102
RTVSPost2010PropOp47
 70
     0
102
RTVSPost2010Prop48
 90
       50
102
RTVSPost2010PropOp48
 70
     0
102
RTVSPost2010Prop49
280
     0
102
RTVSPost2010PropOp49
 70
     0
102
RTVSPost2010Prop50
 90
       50
102
RTVSPost2010PropOp50
 70
     0
102
RTVSPost2010Prop51ColorIndex
 90
      256
102
RTVSPost2010Prop51ColorRGB
 90
-16777216
102
RTVSPost2010PropOp51
 70
     0
102
RTVSPost2010Prop52
140
1.0
102
RTVSPost2010PropOp52
 70
     0
102
RTVSPost2010Prop53
 90
        2
102
RTVSPost2010PropOp53
 70
     0
102
RTVSPost2010Prop54
  1
strokes_ogs.tif
102
RTVSPost2010PropOp54
 70
     0
102
RTVSPost2010Prop55
280
     0
102
RTVSPost2010PropOp55
 70
     0
102
RTVSPost2010Prop56
140
1.0
102
RTVSPost2010PropOp56
 70
     0
102
RTVSPost2010Prop57
140
1.0
102
RTVSPost2010PropOp57
 70
     0
  0
XRECORD
  5
4D2
102
{ACAD_REACTORS
330
4D1
102
}
330
4D1
100
AcDbXrecord
280
     1
102
RTVSPost2010Prop28
280
     0
102
RTVSPost2010PropOp28
 70
     1
102
RTVSPost2010Prop29
280
     1
102
RTVSPost2010PropOp29
 70
     1
102
RTVSPost2010Prop30
280
     1
102
RTVSPost2010PropOp30
 70
     1
102
RTVSPost2010Prop31
280
     0
102
RTVSPost2010PropOp31
 70
     1
102
RTVSPost2010Prop32
280
     0
102
RTVSPost2010PropOp32
 70
     1
102
RTVSPost2010Prop33
280
     0
102
RTVSPost2010PropOp33
 70
     1
102
RTVSPost2010Prop34
280
     0
102
RTVSPost2010PropOp34
 70
     1
102
RTVSPost2010Prop35
280
     0
102
RTVSPost2010PropOp35
 70
     1
102
RTVSPost2010Prop36
280
     0
102
RTVSPost2010PropOp36
 70
     1
102
RTVSPost2010Prop37
 90
       50
102
RTVSPost2010PropOp37
 70
     1
102
RTVSPost2010Prop38
140
0.0
102
RTVSPost2010PropOp38
 70
     1
102
RTVSPost2010Prop39
140
1.0
102
RTVSPost2010PropOp39
 70
     1
102
RTVSPost2010Prop40
 90
        0
102
RTVSPost2010PropOp40
 70
     1
102
RTVSPost2010Prop41ColorIndex
 90
       18
102
RTVSPost2010Prop41ColorRGB
 90
        0
102
RTVSPost2010PropOp41
 70
     1
102
RTVSPost2010Prop42
 90
       50
102
RTVSPost2010PropOp42
 70
     1
102
RTVSPost2010Prop43
 90
        3
102
RTVSPost2010PropOp43
 70
     1
102
RTVSPost2010Prop44ColorIndex
 90
        5
102
RTVSPost2010Prop44ColorRGB
 90
      255
102
RTVSPost2010PropOp44
 70
     1
102
RTVSPost2010Prop45
280
     0
102
RTVSPost2010PropOp45
 70
     1
102
RTVSPost2010Prop46
 90
       50
102
RTVSPost2010PropOp46
 70
     1
102
RTVSPost2010Prop47
 90
       50
102
RTVSPost2010PropOp47
 70
     1
102
RTVSPost2010Prop48
 90
       50
102
RTVSPost2010PropOp48
 70
     1
102
RTVSPost2010Prop49
280
     0
102
RTVSPost2010PropOp49
 70
     1
102
RTVSPost2010Prop50
 90
       50
102
RTVSPost2010PropOp50
 70
     1
102
RTVSPost2010Prop51ColorIndex
 90
      256
102
RTVSPost2010Prop51ColorRGB
 90
-16777216
102
RTVSPost2010PropOp51
 70
     0
102
RTVSPost2010Prop52
140
1.0
102
RTVSPost2010PropOp52
 70
     0
102
RTVSPost2010Prop53
 90
        2
102
RTVSPost2010PropOp53
 70
     1
102
RTVSPost2010Prop54
  1
strokes_ogs.tif
102
RTVSPost2010PropOp54
 70
     1
102
RTVSPost2010Prop55
280
     0
102
RTVSPost2010PropOp55
 70
     1
102
RTVSPost2010Prop56
140
1.0
102
RTVSPost2010PropOp56
 70
     1
102
RTVSPost2010Prop57
140
1.0
102
RTVSPost2010PropOp57
 70
     1
  0
XRECORD
  5
4DA
102
{ACAD_REACTORS
330
4D9
102
}
330
4D9
100
AcDbXrecord
280
     1
102
RTVSPost2010Prop28
280
     0
102
RTVSPost2010PropOp28
 70
     0
102
RTVSPost2010Prop29
280
     1
102
RTVSPost2010PropOp29
 70
     0
102
RTVSPost2010Prop30
280
     1
102
RTVSPost2010PropOp30
 70
     0
102
RTVSPost2010Prop31
280
     0
102
RTVSPost2010PropOp31
 70
     0
102
RTVSPost2010Prop32
280
     0
102
RTVSPost2010PropOp32
 70
     0
102
RTVSPost2010Prop33
280
     0
102
RTVSPost2010PropOp33
 70
     0
102
RTVSPost2010Prop34
280
     0
102
RTVSPost2010PropOp34
 70
     0
102
RTVSPost2010Prop35
280
     0
102
RTVSPost2010PropOp35
 70
     0
102
RTVSPost2010Prop36
280
     0
102
RTVSPost2010PropOp36
 70
     0
102
RTVSPost2010Prop37
 90
       50
102
RTVSPost2010PropOp37
 70
     0
102
RTVSPost2010Prop38
140
0.0
102
RTVSPost2010PropOp38
 70
     0
102
RTVSPost2010Prop39
140
1.0
102
RTVSPost2010PropOp39
 70
     0
102
RTVSPost2010Prop40
 90
        0
102
RTVSPost2010PropOp40
 70
     0
102
RTVSPost2010Prop41ColorIndex
 90
       18
102
RTVSPost2010Prop41ColorRGB
 90
        0
102
RTVSPost2010PropOp41
 70
     0
102
RTVSPost2010Prop42
 90
       50
102
RTVSPost2010PropOp42
 70
     0
102
RTVSPost2010Prop43
 90
        3
102
RTVSPost2010PropOp43
 70
     0
102
RTVSPost2010Prop44ColorIndex
 90
        5
102
RTVSPost2010Prop44ColorRGB
 90
      255
102
RTVSPost2010PropOp44
 70
     0
102
RTVSPost2010Prop45
280
     0
102
RTVSPost2010PropOp45
 70
     0
102
RTVSPost2010Prop46
 90
       50
102
RTVSPost2010PropOp46
 70
     0
102
RTVSPost2010Prop47
 90
       50
102
RTVSPost2010PropOp47
 70
     0
102
RTVSPost2010Prop48
 90
       50
102
RTVSPost2010PropOp48
 70
     0
102
RTVSPost2010Prop49
280
     0
102
RTVSPost2010PropOp49
 70
     0
102
RTVSPost2010Prop50
 90
       50
102
RTVSPost2010PropOp50
 70
     0
102
RTVSPost2010Prop51ColorIndex
 90
      256
102
RTVSPost2010Prop51ColorRGB
 90
-16777216
102
RTVSPost2010PropOp51
 70
     0
102
RTVSPost2010Prop52
140
1.0
102
RTVSPost2010PropOp52
 70
     0
102
RTVSPost2010Prop53
 90
        2
102
RTVSPost2010PropOp53
 70
     0
102
RTVSPost2010Prop54
  1
strokes_ogs.tif
102
RTVSPost2010PropOp54
 70
     0
102
RTVSPost2010Prop55
280
     0
102
RTVSPost2010PropOp55
 70
     0
102
RTVSPost2010Prop56
140
1.0
102
RTVSPost2010PropOp56
 70
     0
102
RTVSPost2010Prop57
140
1.0
102
RTVSPost2010PropOp57
 70
     0
  0
XRECORD
  5
4C8
102
{ACAD_REACTORS
330
4C7
102
}
330
4C7
100
AcDbXrecord
280
     1
102
RTVSPost2010Prop28
280
     0
102
RTVSPost2010PropOp28
 70
     1
102
RTVSPost2010Prop29
280
     1
102
RTVSPost2010PropOp29
 70
     1
102
RTVSPost2010Prop30
280
     1
102
RTVSPost2010PropOp30
 70
     1
102
RTVSPost2010Prop31
280
     0
102
RTVSPost2010PropOp31
 70
     1
102
RTVSPost2010Prop32
280
     0
102
RTVSPost2010PropOp32
 70
     1
102
RTVSPost2010Prop33
280
     0
102
RTVSPost2010PropOp33
 70
     1
102
RTVSPost2010Prop34
280
     0
102
RTVSPost2010PropOp34
 70
     1
102
RTVSPost2010Prop35
280
     0
102
RTVSPost2010PropOp35
 70
     1
102
RTVSPost2010Prop36
280
     0
102
RTVSPost2010PropOp36
 70
     1
102
RTVSPost2010Prop37
 90
       50
102
RTVSPost2010PropOp37
 70
     1
102
RTVSPost2010Prop38
140
0.0
102
RTVSPost2010PropOp38
 70
     1
102
RTVSPost2010Prop39
140
1.0
102
RTVSPost2010PropOp39
 70
     1
102
RTVSPost2010Prop40
 90
        0
102
RTVSPost2010PropOp40
 70
     1
102
RTVSPost2010Prop41ColorIndex
 90
       18
102
RTVSPost2010Prop41ColorRGB
 90
        0
102
RTVSPost2010PropOp41
 70
     1
102
RTVSPost2010Prop42
 90
       50
102
RTVSPost2010PropOp42
 70
     1
102
RTVSPost2010Prop43
 90
        3
102
RTVSPost2010PropOp43
 70
     1
102
RTVSPost2010Prop44ColorIndex
 90
        5
102
RTVSPost2010Prop44ColorRGB
 90
      255
102
RTVSPost2010PropOp44
 70
     1
102
RTVSPost2010Prop45
280
     0
102
RTVSPost2010PropOp45
 70
     1
102
RTVSPost2010Prop46
 90
       50
102
RTVSPost2010PropOp46
 70
     1
102
RTVSPost2010Prop47
 90
       50
102
RTVSPost2010PropOp47
 70
     1
102
RTVSPost2010Prop48
 90
       50
102
RTVSPost2010PropOp48
 70
     1
102
RTVSPost2010Prop49
280
     0
102
RTVSPost2010PropOp49
 70
     1
102
RTVSPost2010Prop50
 90
       50
102
RTVSPost2010PropOp50
 70
     1
102
RTVSPost2010Prop51ColorIndex
 90
      256
102
RTVSPost2010Prop51ColorRGB
 90
-16777216
102
RTVSPost2010PropOp51
 70
     0
102
RTVSPost2010Prop52
140
1.0
102
RTVSPost2010PropOp52
 70
     0
102
RTVSPost2010Prop53
 90
        2
102
RTVSPost2010PropOp53
 70
     1
102
RTVSPost2010Prop54
  1
strokes_ogs.tif
102
RTVSPost2010PropOp54
 70
     1
102
RTVSPost2010Prop55
280
     0
102
RTVSPost2010PropOp55
 70
     1
102
RTVSPost2010Prop56
140
1.0
102
RTVSPost2010PropOp56
 70
     1
102
RTVSPost2010Prop57
140
1.0
102
RTVSPost2010PropOp57
 70
     1
  0
XRECORD
  5
4E6
102
{ACAD_REACTORS
330
4E5
102
}
330
4E5
100
AcDbXrecord
280
     1
102
RTVSPost2010Prop28
280
     0
102
RTVSPost2010PropOp28
 70
     1
102
RTVSPost2010Prop29
280
     1
102
RTVSPost2010PropOp29
 70
     1
102
RTVSPost2010Prop30
280
     1
102
RTVSPost2010PropOp30
 70
     1
102
RTVSPost2010Prop31
280
     0
102
RTVSPost2010PropOp31
 70
     1
102
RTVSPost2010Prop32
280
     0
102
RTVSPost2010PropOp32
 70
     1
102
RTVSPost2010Prop33
280
     0
102
RTVSPost2010PropOp33
 70
     1
102
RTVSPost2010Prop34
280
     0
102
RTVSPost2010PropOp34
 70
     1
102
RTVSPost2010Prop35
280
     0
102
RTVSPost2010PropOp35
 70
     1
102
RTVSPost2010Prop36
280
     0
102
RTVSPost2010PropOp36
 70
     1
102
RTVSPost2010Prop37
 90
       50
102
RTVSPost2010PropOp37
 70
     1
102
RTVSPost2010Prop38
140
0.0
102
RTVSPost2010PropOp38
 70
     1
102
RTVSPost2010Prop39
140
1.0
102
RTVSPost2010PropOp39
 70
     1
102
RTVSPost2010Prop40
 90
        0
102
RTVSPost2010PropOp40
 70
     1
102
RTVSPost2010Prop41ColorIndex
 90
       18
102
RTVSPost2010Prop41ColorRGB
 90
        0
102
RTVSPost2010PropOp41
 70
     1
102
RTVSPost2010Prop42
 90
       50
102
RTVSPost2010PropOp42
 70
     1
102
RTVSPost2010Prop43
 90
        3
102
RTVSPost2010PropOp43
 70
     1
102
RTVSPost2010Prop44ColorIndex
 90
        5
102
RTVSPost2010Prop44ColorRGB
 90
      255
102
RTVSPost2010PropOp44
 70
     1
102
RTVSPost2010Prop45
280
     0
102
RTVSPost2010PropOp45
 70
     1
102
RTVSPost2010Prop46
 90
       50
102
RTVSPost2010PropOp46
 70
     1
102
RTVSPost2010Prop47
 90
       50
102
RTVSPost2010PropOp47
 70
     1
102
RTVSPost2010Prop48
 90
       50
102
RTVSPost2010PropOp48
 70
     1
102
RTVSPost2010Prop49
280
     0
102
RTVSPost2010PropOp49
 70
     1
102
RTVSPost2010Prop50
 90
       50
102
RTVSPost2010PropOp50
 70
     1
102
RTVSPost2010Prop51ColorIndex
 90
      256
102
RTVSPost2010Prop51ColorRGB
 90
-16777216
102
RTVSPost2010PropOp51
 70
     0
102
RTVSPost2010Prop52
140
1.0
102
RTVSPost2010PropOp52
 70
     0
102
RTVSPost2010Prop53
 90
        2
102
RTVSPost2010PropOp53
 70
     1
102
RTVSPost2010Prop54
  1
strokes_ogs.tif
102
RTVSPost2010PropOp54
 70
     1
102
RTVSPost2010Prop55
280
     0
102
RTVSPost2010PropOp55
 70
     1
102
RTVSPost2010Prop56
140
1.0
102
RTVSPost2010PropOp56
 70
     1
102
RTVSPost2010Prop57
140
1.0
102
RTVSPost2010PropOp57
 70
     1
  0
XRECORD
  5
4E4
102
{ACAD_REACTORS
330
4E3
102
}
330
4E3
100
AcDbXrecord
280
     1
102
RTVSPost2010Prop28
280
     0
102
RTVSPost2010PropOp28
 70
     1
102
RTVSPost2010Prop29
280
     1
102
RTVSPost2010PropOp29
 70
     1
102
RTVSPost2010Prop30
280
     1
102
RTVSPost2010PropOp30
 70
     1
102
RTVSPost2010Prop31
280
     0
102
RTVSPost2010PropOp31
 70
     1
102
RTVSPost2010Prop32
280
     0
102
RTVSPost2010PropOp32
 70
     1
102
RTVSPost2010Prop33
280
     0
102
RTVSPost2010PropOp33
 70
     1
102
RTVSPost2010Prop34
280
     0
102
RTVSPost2010PropOp34
 70
     1
102
RTVSPost2010Prop35
280
     0
102
RTVSPost2010PropOp35
 70
     1
102
RTVSPost2010Prop36
280
     0
102
RTVSPost2010PropOp36
 70
     1
102
RTVSPost2010Prop37
 90
       50
102
RTVSPost2010PropOp37
 70
     1
102
RTVSPost2010Prop38
140
0.0
102
RTVSPost2010PropOp38
 70
     1
102
RTVSPost2010Prop39
140
1.0
102
RTVSPost2010PropOp39
 70
     1
102
RTVSPost2010Prop40
 90
        0
102
RTVSPost2010PropOp40
 70
     1
102
RTVSPost2010Prop41ColorIndex
 90
       18
102
RTVSPost2010Prop41ColorRGB
 90
        0
102
RTVSPost2010PropOp41
 70
     1
102
RTVSPost2010Prop42
 90
       50
102
RTVSPost2010PropOp42
 70
     1
102
RTVSPost2010Prop43
 90
        3
102
RTVSPost2010PropOp43
 70
     1
102
RTVSPost2010Prop44ColorIndex
 90
        5
102
RTVSPost2010Prop44ColorRGB
 90
      255
102
RTVSPost2010PropOp44
 70
     1
102
RTVSPost2010Prop45
280
     0
102
RTVSPost2010PropOp45
 70
     1
102
RTVSPost2010Prop46
 90
       50
102
RTVSPost2010PropOp46
 70
     1
102
RTVSPost2010Prop47
 90
       50
102
RTVSPost2010PropOp47
 70
     1
102
RTVSPost2010Prop48
 90
       50
102
RTVSPost2010PropOp48
 70
     1
102
RTVSPost2010Prop49
280
     0
102
RTVSPost2010PropOp49
 70
     1
102
RTVSPost2010Prop50
 90
       50
102
RTVSPost2010PropOp50
 70
     1
102
RTVSPost2010Prop51ColorIndex
 90
      256
102
RTVSPost2010Prop51ColorRGB
 90
-16777216
102
RTVSPost2010PropOp51
 70
     0
102
RTVSPost2010Prop52
140
1.0
102
RTVSPost2010PropOp52
 70
     0
102
RTVSPost2010Prop53
 90
        2
102
RTVSPost2010PropOp53
 70
     1
102
RTVSPost2010Prop54
  1
strokes_ogs.tif
102
RTVSPost2010PropOp54
 70
     1
102
RTVSPost2010Prop55
280
     0
102
RTVSPost2010PropOp55
 70
     1
102
RTVSPost2010Prop56
140
1.0
102
RTVSPost2010PropOp56
 70
     1
102
RTVSPost2010Prop57
140
1.0
102
RTVSPost2010PropOp57
 70
     1
  0
XRECORD
  5
4DE
102
{ACAD_REACTORS
330
4DD
102
}
330
4DD
100
AcDbXrecord
280
     1
102
RTVSPost2010Prop28
280
     0
102
RTVSPost2010PropOp28
 70
     1
102
RTVSPost2010Prop29
280
     1
102
RTVSPost2010PropOp29
 70
     1
102
RTVSPost2010Prop30
280
     1
102
RTVSPost2010PropOp30
 70
     1
102
RTVSPost2010Prop31
280
     0
102
RTVSPost2010PropOp31
 70
     1
102
RTVSPost2010Prop32
280
     0
102
RTVSPost2010PropOp32
 70
     1
102
RTVSPost2010Prop33
280
     0
102
RTVSPost2010PropOp33
 70
     1
102
RTVSPost2010Prop34
280
     0
102
RTVSPost2010PropOp34
 70
     1
102
RTVSPost2010Prop35
280
     0
102
RTVSPost2010PropOp35
 70
     1
102
RTVSPost2010Prop36
280
     0
102
RTVSPost2010PropOp36
 70
     1
102
RTVSPost2010Prop37
 90
       50
102
RTVSPost2010PropOp37
 70
     1
102
RTVSPost2010Prop38
140
0.0
102
RTVSPost2010PropOp38
 70
     1
102
RTVSPost2010Prop39
140
1.0
102
RTVSPost2010PropOp39
 70
     1
102
RTVSPost2010Prop40
 90
        0
102
RTVSPost2010PropOp40
 70
     1
102
RTVSPost2010Prop41ColorIndex
 90
       18
102
RTVSPost2010Prop41ColorRGB
 90
        0
102
RTVSPost2010PropOp41
 70
     1
102
RTVSPost2010Prop42
 90
       50
102
RTVSPost2010PropOp42
 70
     1
102
RTVSPost2010Prop43
 90
        3
102
RTVSPost2010PropOp43
 70
     1
102
RTVSPost2010Prop44ColorIndex
 90
        5
102
RTVSPost2010Prop44ColorRGB
 90
      255
102
RTVSPost2010PropOp44
 70
     1
102
RTVSPost2010Prop45
280
     0
102
RTVSPost2010PropOp45
 70
     1
102
RTVSPost2010Prop46
 90
       50
102
RTVSPost2010PropOp46
 70
     1
102
RTVSPost2010Prop47
 90
       50
102
RTVSPost2010PropOp47
 70
     1
102
RTVSPost2010Prop48
 90
       50
102
RTVSPost2010PropOp48
 70
     1
102
RTVSPost2010Prop49
280
     0
102
RTVSPost2010PropOp49
 70
     1
102
RTVSPost2010Prop50
 90
       50
102
RTVSPost2010PropOp50
 70
     1
102
RTVSPost2010Prop51ColorIndex
 90
      256
102
RTVSPost2010Prop51ColorRGB
 90
-16777216
102
RTVSPost2010PropOp51
 70
     0
102
RTVSPost2010Prop52
140
1.0
102
RTVSPost2010PropOp52
 70
     0
102
RTVSPost2010Prop53
 90
        2
102
RTVSPost2010PropOp53
 70
     1
102
RTVSPost2010Prop54
  1
strokes_ogs.tif
102
RTVSPost2010PropOp54
 70
     1
102
RTVSPost2010Prop55
280
     0
102
RTVSPost2010PropOp55
 70
     1
102
RTVSPost2010Prop56
140
1.0
102
RTVSPost2010PropOp56
 70
     1
102
RTVSPost2010Prop57
140
1.0
102
RTVSPost2010PropOp57
 70
     1
  0
XRECORD
  5
4E0
102
{ACAD_REACTORS
330
4DF
102
}
330
4DF
100
AcDbXrecord
280
     1
102
RTVSPost2010Prop28
280
     0
102
RTVSPost2010PropOp28
 70
     1
102
RTVSPost2010Prop29
280
     1
102
RTVSPost2010PropOp29
 70
     1
102
RTVSPost2010Prop30
280
     1
102
RTVSPost2010PropOp30
 70
     1
102
RTVSPost2010Prop31
280
     0
102
RTVSPost2010PropOp31
 70
     1
102
RTVSPost2010Prop32
280
     0
102
RTVSPost2010PropOp32
 70
     1
102
RTVSPost2010Prop33
280
     0
102
RTVSPost2010PropOp33
 70
     1
102
RTVSPost2010Prop34
280
     0
102
RTVSPost2010PropOp34
 70
     1
102
RTVSPost2010Prop35
280
     0
102
RTVSPost2010PropOp35
 70
     1
102
RTVSPost2010Prop36
280
     0
102
RTVSPost2010PropOp36
 70
     1
102
RTVSPost2010Prop37
 90
       50
102
RTVSPost2010PropOp37
 70
     1
102
RTVSPost2010Prop38
140
0.0
102
RTVSPost2010PropOp38
 70
     1
102
RTVSPost2010Prop39
140
1.0
102
RTVSPost2010PropOp39
 70
     1
102
RTVSPost2010Prop40
 90
        0
102
RTVSPost2010PropOp40
 70
     1
102
RTVSPost2010Prop41ColorIndex
 90
       18
102
RTVSPost2010Prop41ColorRGB
 90
        0
102
RTVSPost2010PropOp41
 70
     1
102
RTVSPost2010Prop42
 90
       50
102
RTVSPost2010PropOp42
 70
     1
102
RTVSPost2010Prop43
 90
        3
102
RTVSPost2010PropOp43
 70
     1
102
RTVSPost2010Prop44ColorIndex
 90
        5
102
RTVSPost2010Prop44ColorRGB
 90
      255
102
RTVSPost2010PropOp44
 70
     1
102
RTVSPost2010Prop45
280
     0
102
RTVSPost2010PropOp45
 70
     1
102
RTVSPost2010Prop46
 90
       50
102
RTVSPost2010PropOp46
 70
     1
102
RTVSPost2010Prop47
 90
       50
102
RTVSPost2010PropOp47
 70
     1
102
RTVSPost2010Prop48
 90
       50
102
RTVSPost2010PropOp48
 70
     1
102
RTVSPost2010Prop49
280
     0
102
RTVSPost2010PropOp49
 70
     1
102
RTVSPost2010Prop50
 90
       50
102
RTVSPost2010PropOp50
 70
     1
102
RTVSPost2010Prop51ColorIndex
 90
      256
102
RTVSPost2010Prop51ColorRGB
 90
-16777216
102
RTVSPost2010PropOp51
 70
     0
102
RTVSPost2010Prop52
140
1.0
102
RTVSPost2010PropOp52
 70
     0
102
RTVSPost2010Prop53
 90
        2
102
RTVSPost2010PropOp53
 70
     1
102
RTVSPost2010Prop54
  1
strokes_ogs.tif
102
RTVSPost2010PropOp54
 70
     1
102
RTVSPost2010Prop55
280
     0
102
RTVSPost2010PropOp55
 70
     1
102
RTVSPost2010Prop56
140
1.0
102
RTVSPost2010PropOp56
 70
     1
102
RTVSPost2010Prop57
140
1.0
102
RTVSPost2010PropOp57
 70
     1
  0
XRECORD
  5
4D0
102
{ACAD_REACTORS
330
4CF
102
}
330
4CF
100
AcDbXrecord
280
     1
102
RTVSPost2010Prop28
280
     0
102
RTVSPost2010PropOp28
 70
     1
102
RTVSPost2010Prop29
280
     1
102
RTVSPost2010PropOp29
 70
     1
102
RTVSPost2010Prop30
280
     1
102
RTVSPost2010PropOp30
 70
     1
102
RTVSPost2010Prop31
280
     0
102
RTVSPost2010PropOp31
 70
     1
102
RTVSPost2010Prop32
280
     0
102
RTVSPost2010PropOp32
 70
     1
102
RTVSPost2010Prop33
280
     0
102
RTVSPost2010PropOp33
 70
     1
102
RTVSPost2010Prop34
280
     0
102
RTVSPost2010PropOp34
 70
     1
102
RTVSPost2010Prop35
280
     0
102
RTVSPost2010PropOp35
 70
     1
102
RTVSPost2010Prop36
280
     0
102
RTVSPost2010PropOp36
 70
     1
102
RTVSPost2010Prop37
 90
       50
102
RTVSPost2010PropOp37
 70
     1
102
RTVSPost2010Prop38
140
0.0
102
RTVSPost2010PropOp38
 70
     1
102
RTVSPost2010Prop39
140
1.0
102
RTVSPost2010PropOp39
 70
     1
102
RTVSPost2010Prop40
 90
        0
102
RTVSPost2010PropOp40
 70
     1
102
RTVSPost2010Prop41ColorIndex
 90
       18
102
RTVSPost2010Prop41ColorRGB
 90
        0
102
RTVSPost2010PropOp41
 70
     1
102
RTVSPost2010Prop42
 90
       50
102
RTVSPost2010PropOp42
 70
     1
102
RTVSPost2010Prop43
 90
        3
102
RTVSPost2010PropOp43
 70
     1
102
RTVSPost2010Prop44ColorIndex
 90
        5
102
RTVSPost2010Prop44ColorRGB
 90
      255
102
RTVSPost2010PropOp44
 70
     1
102
RTVSPost2010Prop45
280
     0
102
RTVSPost2010PropOp45
 70
     1
102
RTVSPost2010Prop46
 90
       50
102
RTVSPost2010PropOp46
 70
     1
102
RTVSPost2010Prop47
 90
       50
102
RTVSPost2010PropOp47
 70
     1
102
RTVSPost2010Prop48
 90
       50
102
RTVSPost2010PropOp48
 70
     1
102
RTVSPost2010Prop49
280
     0
102
RTVSPost2010PropOp49
 70
     1
102
RTVSPost2010Prop50
 90
       50
102
RTVSPost2010PropOp50
 70
     1
102
RTVSPost2010Prop51ColorIndex
 90
      256
102
RTVSPost2010Prop51ColorRGB
 90
-16777216
102
RTVSPost2010PropOp51
 70
     0
102
RTVSPost2010Prop52
140
1.0
102
RTVSPost2010PropOp52
 70
     0
102
RTVSPost2010Prop53
 90
        2
102
RTVSPost2010PropOp53
 70
     1
102
RTVSPost2010Prop54
  1
strokes_ogs.tif
102
RTVSPost2010PropOp54
 70
     1
102
RTVSPost2010Prop55
280
     0
102
RTVSPost2010PropOp55
 70
     1
102
RTVSPost2010Prop56
140
1.0
102
RTVSPost2010PropOp56
 70
     1
102
RTVSPost2010Prop57
140
1.0
102
RTVSPost2010PropOp57
 70
     1
  0
XRECORD
  5
4C2
102
{ACAD_REACTORS
330
4C1
102
}
330
4C1
100
AcDbXrecord
280
     1
102
RTVSPost2010Prop28
280
     0
102
RTVSPost2010PropOp28
 70
     1
102
RTVSPost2010Prop29
280
     1
102
RTVSPost2010PropOp29
 70
     1
102
RTVSPost2010Prop30
280
     1
102
RTVSPost2010PropOp30
 70
     1
102
RTVSPost2010Prop31
280
     0
102
RTVSPost2010PropOp31
 70
     1
102
RTVSPost2010Prop32
280
     0
102
RTVSPost2010PropOp32
 70
     1
102
RTVSPost2010Prop33
280
     0
102
RTVSPost2010PropOp33
 70
     1
102
RTVSPost2010Prop34
280
     0
102
RTVSPost2010PropOp34
 70
     1
102
RTVSPost2010Prop35
280
     0
102
RTVSPost2010PropOp35
 70
     1
102
RTVSPost2010Prop36
280
     0
102
RTVSPost2010PropOp36
 70
     1
102
RTVSPost2010Prop37
 90
       50
102
RTVSPost2010PropOp37
 70
     1
102
RTVSPost2010Prop38
140
0.0
102
RTVSPost2010PropOp38
 70
     1
102
RTVSPost2010Prop39
140
1.0
102
RTVSPost2010PropOp39
 70
     1
102
RTVSPost2010Prop40
 90
        0
102
RTVSPost2010PropOp40
 70
     1
102
RTVSPost2010Prop41ColorIndex
 90
       18
102
RTVSPost2010Prop41ColorRGB
 90
        0
102
RTVSPost2010PropOp41
 70
     1
102
RTVSPost2010Prop42
 90
       50
102
RTVSPost2010PropOp42
 70
     1
102
RTVSPost2010Prop43
 90
        3
102
RTVSPost2010PropOp43
 70
     1
102
RTVSPost2010Prop44ColorIndex
 90
        5
102
RTVSPost2010Prop44ColorRGB
 90
      255
102
RTVSPost2010PropOp44
 70
     1
102
RTVSPost2010Prop45
280
     0
102
RTVSPost2010PropOp45
 70
     1
102
RTVSPost2010Prop46
 90
       50
102
RTVSPost2010PropOp46
 70
     1
102
RTVSPost2010Prop47
 90
       50
102
RTVSPost2010PropOp47
 70
     1
102
RTVSPost2010Prop48
 90
       50
102
RTVSPost2010PropOp48
 70
     1
102
RTVSPost2010Prop49
280
     0
102
RTVSPost2010PropOp49
 70
     1
102
RTVSPost2010Prop50
 90
       50
102
RTVSPost2010PropOp50
 70
     1
102
RTVSPost2010Prop51ColorIndex
 90
      256
102
RTVSPost2010Prop51ColorRGB
 90
-16777216
102
RTVSPost2010PropOp51
 70
     0
102
RTVSPost2010Prop52
140
1.0
102
RTVSPost2010PropOp52
 70
     0
102
RTVSPost2010Prop53
 90
        2
102
RTVSPost2010PropOp53
 70
     1
102
RTVSPost2010Prop54
  1
strokes_ogs.tif
102
RTVSPost2010PropOp54
 70
     1
102
RTVSPost2010Prop55
280
     0
102
RTVSPost2010PropOp55
 70
     1
102
RTVSPost2010Prop56
140
1.0
102
RTVSPost2010PropOp56
 70
     1
102
RTVSPost2010Prop57
140
1.0
102
RTVSPost2010PropOp57
 70
     1
  0
XRECORD
  5
4E2
102
{ACAD_REACTORS
330
4E1
102
}
330
4E1
100
AcDbXrecord
280
     1
102
RTVSPost2010Prop28
280
     0
102
RTVSPost2010PropOp28
 70
     1
102
RTVSPost2010Prop29
280
     1
102
RTVSPost2010PropOp29
 70
     1
102
RTVSPost2010Prop30
280
     1
102
RTVSPost2010PropOp30
 70
     1
102
RTVSPost2010Prop31
280
     0
102
RTVSPost2010PropOp31
 70
     1
102
RTVSPost2010Prop32
280
     0
102
RTVSPost2010PropOp32
 70
     1
102
RTVSPost2010Prop33
280
     0
102
RTVSPost2010PropOp33
 70
     1
102
RTVSPost2010Prop34
280
     0
102
RTVSPost2010PropOp34
 70
     1
102
RTVSPost2010Prop35
280
     0
102
RTVSPost2010PropOp35
 70
     1
102
RTVSPost2010Prop36
280
     0
102
RTVSPost2010PropOp36
 70
     1
102
RTVSPost2010Prop37
 90
       50
102
RTVSPost2010PropOp37
 70
     1
102
RTVSPost2010Prop38
140
0.0
102
RTVSPost2010PropOp38
 70
     1
102
RTVSPost2010Prop39
140
1.0
102
RTVSPost2010PropOp39
 70
     1
102
RTVSPost2010Prop40
 90
        0
102
RTVSPost2010PropOp40
 70
     1
102
RTVSPost2010Prop41ColorIndex
 90
       18
102
RTVSPost2010Prop41ColorRGB
 90
        0
102
RTVSPost2010PropOp41
 70
     1
102
RTVSPost2010Prop42
 90
       50
102
RTVSPost2010PropOp42
 70
     1
102
RTVSPost2010Prop43
 90
        3
102
RTVSPost2010PropOp43
 70
     1
102
RTVSPost2010Prop44ColorIndex
 90
        5
102
RTVSPost2010Prop44ColorRGB
 90
      255
102
RTVSPost2010PropOp44
 70
     1
102
RTVSPost2010Prop45
280
     0
102
RTVSPost2010PropOp45
 70
     1
102
RTVSPost2010Prop46
 90
       50
102
RTVSPost2010PropOp46
 70
     1
102
RTVSPost2010Prop47
 90
       50
102
RTVSPost2010PropOp47
 70
     1
102
RTVSPost2010Prop48
 90
       50
102
RTVSPost2010PropOp48
 70
     1
102
RTVSPost2010Prop49
280
     0
102
RTVSPost2010PropOp49
 70
     1
102
RTVSPost2010Prop50
 90
       50
102
RTVSPost2010PropOp50
 70
     1
102
RTVSPost2010Prop51ColorIndex
 90
      256
102
RTVSPost2010Prop51ColorRGB
 90
-16777216
102
RTVSPost2010PropOp51
 70
     0
102
RTVSPost2010Prop52
140
1.0
102
RTVSPost2010PropOp52
 70
     0
102
RTVSPost2010Prop53
 90
        2
102
RTVSPost2010PropOp53
 70
     1
102
RTVSPost2010Prop54
  1
strokes_ogs.tif
102
RTVSPost2010PropOp54
 70
     1
102
RTVSPost2010Prop55
280
     0
102
RTVSPost2010PropOp55
 70
     1
102
RTVSPost2010Prop56
140
1.0
102
RTVSPost2010PropOp56
 70
     1
102
RTVSPost2010Prop57
140
1.0
102
RTVSPost2010PropOp57
 70
     1
  0
ENDSEC
  0
EOF
