  0
SECTION
  2
HEADER
  9
$ACADVER
  1
AC1024
  9
$ACADMAINTVER
 70
     6
  9
$DWGCODEPAGE
  3
ANSI_1252
  9
$LASTSAVEDBY
  1
Gean.batista
  9
$INSBASE
 10
0.0
 20
0.0
 30
0.0
  9
$EXTMIN
 10
1160.153756328129
 20
-533.8042456657
 30
0.0
  9
$EXTMAX
 10
1596.843536466386
 20
650.8304888054
 30
0.0
  9
$LIMMIN
 10
0.0
 20
0.0
  9
$LIMMAX
 10
420.0
 20
297.0
  9
$ORTHOMODE
 70
     1
  9
$REGENMODE
 70
     1
  9
$FILLMODE
 70
     1
  9
$QTEXTMODE
 70
     0
  9
$MIRRTEXT
 70
     1
  9
$LTSCALE
 40
1.0
  9
$ATTMODE
 70
     1
  9
$TEXTSIZE
 40
3.5
  9
$TRACEWID
 40
1.0
  9
$TEXTSTYLE
  7
Standard
  9
$CLAYER
  8
0
  9
$CELTYPE
  6
ByLayer
  9
$CECOLOR
 62
   256
  9
$CELTSCALE
 40
1.0
  9
$DISPSILH
 70
     0
  9
$DIMSCALE
 40
1.0
  9
$DIMASZ
 40
3.302
  9
$DIMEXO
 40
0.0
  9
$DIMDLI
 40
3.75
  9
$DIMRND
 40
0.0
  9
$DIMDLE
 40
0.0
  9
$DIMEXE
 40
1.0
  9
$DIMTP
 40
0.0
  9
$DIMTM
 40
0.0
  9
$DIMTXT
 40
3.5
  9
$DIMCEN
 40
2.5
  9
$DIMTSZ
 40
0.0
  9
$DIMTOL
 70
     0
  9
$DIMLIM
 70
     0
  9
$DIMTIH
 70
     1
  9
$DIMTOH
 70
     1
  9
$DIMSE1
 70
     0
  9
$DIMSE2
 70
     0
  9
$DIMTAD
 70
     1
  9
$DIMZIN
 70
     0
  9
$DIMTOFFSET
 70
     1
  9
$DIMBLK
  1

  9
$DIMASO
 70
     1
  9
$DIMSHO
 70
     1
  9
$DIMPOST
  1

  9
$DIMAPOST
  1

  9
$DIMALT
 70
     0
  9
$DIMALTD
 70
     3
  9
$DIMALTF
 40
0.0393700787
  9
$DIMLFAC
 40
1.0
  9
$DIMTOFL
 70
     1
  9
$DIMTVP
 40
0.0
  9
$DIMTIX
 70
     0
  9
$DIMSOXD
 70
     0
  9
$DIMSAH
 70
     0
  9
$DIMBLK1
  1

  9
$DIMBLK2
  1

  9
$DIMSTYLE
  2
ISO-25
  9
$DIMCLRD
 70
     0
  9
$DIMCLRE
 70
     0
  9
$DIMCLRT
 70
     0
  9
$DIMTFAC
 40
1.0
  9
$DIMGAP
 40
1.524
  9
$DIMJUST
 70
     0
  9
$DIMSD1
 70
     0
  9
$DIMSD2
 70
     0
  9
$DIMTOLJ
 70
     0
  9
$DIMTZIN
 70
     0
  9
$DIMALTZ
 70
     0
  9
$DIMALTTZ
 70
     0
  9
$DIMUPT
 70
     0
  9
$DIMDEC
 70
     2
  9
$DIMTDEC
 70
     2
  9
$DIMALTU
 70
     2
  9
$DIMALTTD
 70
     3
  9
$DIMTXSTY
  7
Standard
  9
$DIMAUNIT
 70
     0
  9
$DIMADEC
 70
     2
  9
$DIMALTRND
 40
0.0
  9
$DIMAZIN
 70
     0
  9
$DIMDSEP
 70
    44
  9
$DIMATFIT
 70
     3
  9
$DIMFRAC
 70
     0
  9
$DIMLDRBLK
  1

  9
$DIMLUNIT
 70
     2
  9
$DIMLWD
 70
    -2
  9
$DIMLWE
 70
    -2
  9
$DIMTMOVE
 70
     0
  9
$DIMFXL
 40
1.0
  9
$DIMFXLON
 70
     0
  9
$DIMJOGANG
 40
0.7853981633974483
  9
$DIMTFILL
 70
     0
  9
$DIMTFILLCLR
 70
     0
  9
$DIMARCSYM
 70
     0
  9
$DIMLTYPE
  6

  9
$DIMLTEX1
  6

  9
$DIMLTEX2
  6

  9
$DIMTXTDIRECTION
 70
     0
  9
$LUNITS
 70
     2
  9
$LUPREC
 70
     2
  9
$SKETCHINC
 40
1.0
  9
$FILLETRAD
 40
0.0
  9
$AUNITS
 70
     0
  9
$AUPREC
 70
     2
  9
$MENU
  1
.
  9
$ELEVATION
 40
0.0
  9
$PELEVATION
 40
0.0
  9
$THICKNESS
 40
0.0
  9
$LIMCHECK
 70
     0
  9
$CHAMFERA
 40
0.0
  9
$CHAMFERB
 40
0.0
  9
$CHAMFERC
 40
0.0
  9
$CHAMFERD
 40
0.0
  9
$SKPOLY
 70
     0
  9
$TDCREATE
 40
2461316.565766135
  9
$TDUCREATE
 40
2461316.690766135
  9
$TDUPDATE
 40
2461316.568012998
  9
$TDUUPDATE
 40
2461316.693012998
  9
$TDINDWG
 40
0.0020331597
  9
$TDUSRTIMER
 40
0.0020331366
  9
$USRTIMER
 70
     1
  9
$ANGBASE
 50
0.0
  9
$ANGDIR
 70
     0
  9
$PDMODE
 70
     0
  9
$PDSIZE
 40
-1.0
  9
$PLINEWID
 40
0.0
  9
$SPLFRAME
 70
     0
  9
$SPLINETYPE
 70
     6
  9
$SPLINESEGS
 70
     8
  9
$HANDSEED
  5
2B02
  9
$SURFTAB1
 70
     6
  9
$SURFTAB2
 70
     6
  9
$SURFTYPE
 70
     6
  9
$SURFU
 70
     6
  9
$SURFV
 70
     6
  9
$UCSBASE
  2

  9
$UCSNAME
  2

  9
$UCSORG
 10
0.0
 20
0.0
 30
0.0
  9
$UCSXDIR
 10
1.0
 20
0.0
 30
0.0
  9
$UCSYDIR
 10
0.0
 20
1.0
 30
0.0
  9
$UCSORTHOREF
  2

  9
$UCSORTHOVIEW
 70
     0
  9
$UCSORGTOP
 10
0.0
 20
0.0
 30
0.0
  9
$UCSORGBOTTOM
 10
0.0
 20
0.0
 30
0.0
  9
$UCSORGLEFT
 10
0.0
 20
0.0
 30
0.0
  9
$UCSORGRIGHT
 10
0.0
 20
0.0
 30
0.0
  9
$UCSORGFRONT
 10
0.0
 20
0.0
 30
0.0
  9
$UCSORGBACK
 10
0.0
 20
0.0
 30
0.0
  9
$PUCSBASE
  2

  9
$PUCSNAME
  2

  9
$PUCSORG
 10
0.0
 20
0.0
 30
0.0
  9
$PUCSXDIR
 10
1.0
 20
0.0
 30
0.0
  9
$PUCSYDIR
 10
0.0
 20
1.0
 30
0.0
  9
$PUCSORTHOREF
  2

  9
$PUCSORTHOVIEW
 70
     0
  9
$PUCSORGTOP
 10
0.0
 20
0.0
 30
0.0
  9
$PUCSORGBOTTOM
 10
0.0
 20
0.0
 30
0.0
  9
$PUCSORGLEFT
 10
0.0
 20
0.0
 30
0.0
  9
$PUCSORGRIGHT
 10
0.0
 20
0.0
 30
0.0
  9
$PUCSORGFRONT
 10
0.0
 20
0.0
 30
0.0
  9
$PUCSORGBACK
 10
0.0
 20
0.0
 30
0.0
  9
$USERI1
 70
     0
  9
$USERI2
 70
     0
  9
$USERI3
 70
     0
  9
$USERI4
 70
     0
  9
$USERI5
 70
     0
  9
$USERR1
 40
0.0
  9
$USERR2
 40
0.0
  9
$USERR3
 40
0.0
  9
$USERR4
 40
0.0
  9
$USERR5
 40
0.0
  9
$WORLDVIEW
 70
     1
  9
$SHADEDGE
 70
     3
  9
$SHADEDIF
 70
    70
  9
$TILEMODE
 70
     1
  9
$MAXACTVP
 70
    64
  9
$PINSBASE
 10
0.0
 20
0.0
 30
0.0
  9
$PLIMCHECK
 70
     0
  9
$PEXTMIN
 10
1.000000000000000E+20
 20
1.000000000000000E+20
 30
1.000000000000000E+20
  9
$PEXTMAX
 10
-1.000000000000000E+20
 20
-1.000000000000000E+20
 30
-1.000000000000000E+20
  9
$PLIMMIN
 10
0.0
 20
0.0
  9
$PLIMMAX
 10
420.0
 20
297.0
  9
$UNITMODE
 70
     0
  9
$VISRETAIN
 70
     1
  9
$PLINEGEN
 70
     0
  9
$PSLTSCALE
 70
     1
  9
$TREEDEPTH
 70
  3020
  9
$CMLSTYLE
  2
Standard
  9
$CMLJUST
 70
     0
  9
$CMLSCALE
 40
20.0
  9
$PROXYGRAPHICS
 70
     1
  9
$MEASUREMENT
 70
     1
  9
$CELWEIGHT
370
    -1
  9
$ENDCAPS
280
     0
  9
$JOINSTYLE
280
     0
  9
$LWDISPLAY
290
     1
  9
$INSUNITS
 70
     4
  9
$HYPERLINKBASE
  1

  9
$STYLESHEET
  1

  9
$XEDIT
290
     1
  9
$CEPSNTYPE
380
     0
  9
$PSTYLEMODE
290
     1
  9
$FINGERPRINTGUID
  2
{0dbe30ab-3023-4296-ac81-ef2cd7e6c2ea}
  9
$VERSIONGUID
  2
{FAEB1C32-E019-11D5-929B-00C0DF256EC4}
  9
$EXTNAMES
290
     1
  9
$PSVPSCALE
 40
0.0
  9
$OLESTARTUP
290
     0
  9
$SORTENTS
280
   127
  9
$INDEXCTL
280
     0
  9
$HIDETEXT
280
     1
  9
$XCLIPFRAME
280
     2
  9
$HALOGAP
280
     0
  9
$OBSCOLOR
 70
   257
  9
$OBSLTYPE
280
     0
  9
$INTERSECTIONDISPLAY
280
     0
  9
$INTERSECTIONCOLOR
 70
   257
  9
$DIMASSOC
280
     2
  9
$PROJECTNAME
  1

  9
$CAMERADISPLAY
290
     0
  9
$LENSLENGTH
 40
50.0
  9
$CAMERAHEIGHT
 40
0.0
  9
$STEPSPERSEC
 40
2.0
  9
$STEPSIZE
 40
6.0
  9
$3DDWFPREC
 40
2.0
  9
$PSOLWIDTH
 40
0.25
  9
$PSOLHEIGHT
 40
4.0
  9
$LOFTANG1
 40
1.570796326794897
  9
$LOFTANG2
 40
1.570796326794897
  9
$LOFTMAG1
 40
0.0
  9
$LOFTMAG2
 40
0.0
  9
$LOFTPARAM
 70
     7
  9
$LOFTNORMALS
280
     1
  9
$LATITUDE
 40
37.795
  9
$LONGITUDE
 40
-122.394
  9
$NORTHDIRECTION
 40
0.0
  9
$TIMEZONE
 70
 -8000
  9
$LIGHTGLYPHDISPLAY
280
     1
  9
$TILEMODELIGHTSYNCH
280
     1
  9
$CMATERIAL
347
269A
  9
$SOLIDHIST
280
     1
  9
$SHOWHIST
280
     1
  9
$DWFFRAME
280
     2
  9
$DGNFRAME
280
     0
  9
$REALWORLDSCALE
290
     1
  9
$INTERFERECOLOR
 62
   256
  9
$INTERFEREOBJVS
345
2689
  9
$INTERFEREVPVS
346
2686
  9
$CSHADOW
280
     0
  9
$SHADOWPLANELOCATION
 40
0.0
  0
ENDSEC
  0
SECTION
  2
CLASSES
  0
CLASS
  1
ACDBDICTIONARYWDFLT
  2
AcDbDictionaryWithDefault
  3
ObjectDBX Classes
 90
        0
 91
        1
280
     0
281
     0
  0
CLASS
  1
VISUALSTYLE
  2
AcDbVisualStyle
  3
ObjectDBX Classes
 90
     4095
 91
        1
280
     0
281
     0
  0
CLASS
  1
MATERIAL
  2
AcDbMaterial
  3
ObjectDBX Classes
 90
     1153
 91
        1
280
     0
281
     0
  0
CLASS
  1
SCALE
  2
AcDbScale
  3
ObjectDBX Classes
 90
     1153
 91
        1
280
     0
281
     0
  0
CLASS
  1
TABLESTYLE
  2
AcDbTableStyle
  3
ObjectDBX Classes
 90
     4095
 91
        1
280
     0
281
     0
  0
CLASS
  1
MLEADERSTYLE
  2
AcDbMLeaderStyle
  3
ACDB_MLEADERSTYLE_CLASS
 90
     4095
 91
        1
280
     0
281
     0
  0
CLASS
  1
SUN
  2
AcDbSun
  3
SCENEOE
 90
     1153
 91
        1
280
     0
281
     0
  0
CLASS
  1
ACDBPLACEHOLDER
  2
AcDbPlaceHolder
  3
ObjectDBX Classes
 90
        0
 91
        1
280
     0
281
     0
  0
CLASS
  1
LAYOUT
  2
AcDbLayout
  3
ObjectDBX Classes
 90
        0
 91
        1
280
     0
281
     0
  0
CLASS
  1
ACDBASSOCNETWORK
  2
AcDbAssocNetwork
  3
ObjectDBX Classes
 90
     1025
 91
        1
280
     0
281
     0
  0
CLASS
  1
ACDBASSOCACTION
  2
AcDbAssocAction
  3
ObjectDBX Classes
 90
     1025
 91
        1
280
     0
281
     0
  0
CLASS
  1
ACDBASSOCARRAYACTIONBODY
  2
AcDbAssocArrayActionBody
  3
ObjectDBX Classes
 90
     1025
 91
        1
280
     0
281
     0
  0
CLASS
  1
ACDBASSOCVERTEXACTIONPARAM
  2
AcDbAssocVertexActionParam
  3
ObjectDBX Classes
 90
     1025
 91
        1
280
     0
281
     0
  0
CLASS
  1
ACDBASSOCDEPENDENCY
  2
AcDbAssocDependency
  3
ObjectDBX Classes
 90
     1025
 91
        1
280
     0
281
     0
  0
CLASS
  1
DICTIONARYVAR
  2
AcDbDictionaryVar
  3
ObjectDBX Classes
 90
        0
 91
        1
280
     0
281
     0
  0
CLASS
  1
CELLSTYLEMAP
  2
AcDbCellStyleMap
  3
ObjectDBX Classes
 90
     1152
 91
        1
280
     0
281
     0
  0
ENDSEC
  0
SECTION
  2
TABLES
  0
TABLE
  2
VPORT
  5
8
330
0
100
AcDbSymbolTable
 70
     1
  0
VPORT
  5
29
330
8
100
AcDbSymbolTableRecord
100
AcDbViewportTableRecord
  2
*Active
 70
     0
 10
0.0
 20
0.0
 11
1.0
 21
1.0
 12
1233.823665493133
 22
-165.3879089177681
 13
0.0
 23
0.0
 14
10.0
 24
10.0
 15
10.0
 25
10.0
 16
0.0
 26
0.0
 36
1.0
 17
0.0
 27
0.0
 37
0.0
 40
1636.420575491785
 41
2.69479606188467
 42
50.0
 43
0.0
 44
0.0
 50
0.0
 51
0.0
 71
     0
 72
   100
 73
     1
 74
     3
 75
     0
 76
     0
 77
     0
 78
     0
281
     0
 65
     1
110
0.0
120
0.0
130
0.0
111
1.0
121
0.0
131
0.0
112
0.0
122
1.0
132
0.0
 79
     0
146
0.0
348
2685
 60
     3
 61
     5
292
     1
282
     1
141
0.0
142
0.0
 63
   250
421
  3355443
361
26A1
  0
ENDTAB
  0
TABLE
  2
LTYPE
  5
5
330
0
100
AcDbSymbolTable
 70
     6
  0
LTYPE
  5
14
330
5
100
AcDbSymbolTableRecord
100
AcDbLinetypeTableRecord
  2
ByBlock
 70
     0
  3

 72
    65
 73
     0
 40
0.0
  0
LTYPE
  5
15
330
5
100
AcDbSymbolTableRecord
100
AcDbLinetypeTableRecord
  2
ByLayer
 70
     0
  3

 72
    65
 73
     0
 40
0.0
  0
LTYPE
  5
16
330
5
100
AcDbSymbolTableRecord
100
AcDbLinetypeTableRecord
  2
Continuous
 70
     0
  3
Solid line
 72
    65
 73
     0
 40
0.0
  0
LTYPE
  5
5E
330
5
100
AcDbSymbolTableRecord
100
AcDbLinetypeTableRecord
  2
HIDDEN
 70
     0
  3
Hidden __ __ __ __ __ __ __ __ __ __ __ __ __ __
 72
    65
 73
     2
 40
1.905
 49
1.27
 74
     0
 49
-0.635
 74
     0
  0
LTYPE
  5
5F
330
5
100
AcDbSymbolTableRecord
100
AcDbLinetypeTableRecord
  2
PHANTOM
 70
     0
  3
Phantom ______  __  __  ______  __  __  ______
 72
    65
 73
     6
 40
12.7
 49
6.35
 74
     0
 49
-1.27
 74
     0
 49
1.27
 74
     0
 49
-1.27
 74
     0
 49
1.27
 74
     0
 49
-1.27
 74
     0
  0
LTYPE
  5
60
330
5
100
AcDbSymbolTableRecord
100
AcDbLinetypeTableRecord
  2
CENTER
 70
     0
  3
Center ____ _ ____ _ ____ _ ____ _ ____ _ ____
 72
    65
 73
     4
 40
10.16
 49
6.35
 74
     0
 49
-1.27
 74
     0
 49
1.27
 74
     0
 49
-1.27
 74
     0
  0
LTYPE
  5
61
330
5
100
AcDbSymbolTableRecord
100
AcDbLinetypeTableRecord
  2
CENTERX2
 70
     0
  3
Center (2x) ________  __  ________  __  _____
 72
    65
 73
     4
 40
20.32
 49
12.7
 74
     0
 49
-2.54
 74
     0
 49
2.54
 74
     0
 49
-2.54
 74
     0
  0
LTYPE
  5
62
330
5
100
AcDbSymbolTableRecord
100
AcDbLinetypeTableRecord
  2
DOT2
 70
     0
  3
Dot (.5x) ........................................
 72
    65
 73
     2
 40
0.635
 49
0.0
 74
     0
 49
-0.635
 74
     0
  0
ENDTAB
  0
TABLE
  2
LAYER
  5
2
330
0
100
AcDbSymbolTable
 70
     1
  0
LAYER
  5
10
330
2
100
AcDbSymbolTableRecord
100
AcDbLayerTableRecord
  2
0
 70
     0
 62
     7
  6
Continuous
370
    -3
390
F
347
269C
  0
ENDTAB
  0
TABLE
  2
STYLE
  5
3
330
0
100
AcDbSymbolTable
 70
     1
  0
STYLE
  5
11
330
3
100
AcDbSymbolTableRecord
100
AcDbTextStyleTableRecord
  2
Standard
 70
     0
 40
0.0
 41
1.0
 50
0.0
 71
     0
 42
3.5
  3
txt
  4

  0
ENDTAB
  0
TABLE
  2
VIEW
  5
6
330
0
100
AcDbSymbolTable
 70
     0
  0
ENDTAB
  0
TABLE
  2
UCS
  5
7
330
0
100
AcDbSymbolTable
 70
     0
  0
ENDTAB
  0
TABLE
  2
APPID
  5
9
330
0
100
AcDbSymbolTable
 70
     3
  0
APPID
  5
12
330
9
100
AcDbSymbolTableRecord
100
AcDbRegAppTableRecord
  2
ACAD
 70
     0
  0
APPID
  5
2AC3
330
9
100
AcDbSymbolTableRecord
100
AcDbRegAppTableRecord
  2
AcadAnnotative
 70
     0
  0
APPID
  5
2AC4
330
9
100
AcDbSymbolTableRecord
100
AcDbRegAppTableRecord
  2
AcadAnnoPO
 70
     0
  0
ENDTAB
  0
TABLE
  2
DIMSTYLE
  5
A
330
0
100
AcDbSymbolTable
 70
     1
100
AcDbDimStyleTable
  0
DIMSTYLE
105
27
330
A
100
AcDbSymbolTableRecord
100
AcDbDimStyleTableRecord
  2
ISO-25
 70
     0
 41
2.5
 42
0.625
 43
3.75
 44
1.25
 73
     0
 74
     0
 77
     1
 78
     8
140
2.5
141
2.5
143
0.0393700787
147
0.625
171
     3
172
     1
178
     0
271
     2
272
     2
274
     3
278
    44
283
     0
284
     8
340
11
  0
ENDTAB
  0
TABLE
  2
BLOCK_RECORD
  5
1
330
0
100
AcDbSymbolTable
 70
     8
  0
BLOCK_RECORD
  5
1F
330
1
100
AcDbSymbolTableRecord
100
AcDbBlockTableRecord
  2
*Model_Space
340
22
 70
     0
280
     1
281
     0
  0
BLOCK_RECORD
  5
1B
330
1
100
AcDbSymbolTableRecord
100
AcDbBlockTableRecord
  2
*Paper_Space
340
1E
 70
     0
280
     1
281
     0
  0
BLOCK_RECORD
  5
23
330
1
100
AcDbSymbolTableRecord
100
AcDbBlockTableRecord
  2
*Paper_Space0
340
26
 70
     0
280
     1
281
     0
  0
BLOCK_RECORD
  5
26CA
102
{ACAD_REACTORS
330
26EE
102
}
330
1
100
AcDbSymbolTableRecord
100
AcDbBlockTableRecord
  2
*U2
340
0
102
{BLKREFS
331
26E1
331
26E2
331
26E3
331
0
331
0
331
0
331
0
331
0
331
0
331
0
331
0
331
0
331
2721
331
2722
331
2723
331
2724
331
2725
331
2726
331
2727
331
2728
331
2729
331
272A
331
272B
331
272C
331
272D
331
272E
331
272F
331
0
331
0
331
0
331
0
331
0
331
0
331
0
331
0
331
0
331
0
331
0
331
0
331
0
331
0
331
0
331
0
331
0
331
0
331
0
102
}
 70
     0
280
     1
281
     0
  0
BLOCK_RECORD
  5
26DA
102
{ACAD_REACTORS
330
26ED
102
}
330
1
100
AcDbSymbolTableRecord
100
AcDbBlockTableRecord
  2
*U3
340
0
102
{BLKREFS
331
0
102
}
 70
     0
280
     1
281
     0
  0
BLOCK_RECORD
  5
26F3
102
{ACAD_REACTORS
330
2706
102
}
330
1
100
AcDbSymbolTableRecord
100
AcDbBlockTableRecord
  2
*U4
340
0
102
{BLKREFS
331
0
331
0
102
}
 70
     0
280
     1
281
     0
  0
BLOCK_RECORD
  5
26F9
102
{ACAD_REACTORS
330
2707
102
}
330
1
100
AcDbSymbolTableRecord
100
AcDbBlockTableRecord
  2
*U5
340
0
102
{BLKREFS
331
26F5
331
26F6
331
0
331
26F5
331
26F6
331
0
331
270C
331
270D
331
270E
331
270F
331
2710
331
2711
331
2712
331
2713
331
2714
331
2715
331
2716
331
2717
331
2718
331
2719
331
271A
331
271B
331
0
331
0
331
0
331
0
331
2720
102
}
 70
     0
280
     1
281
     0
  0
BLOCK_RECORD
  5
2734
102
{ACAD_REACTORS
330
2757
102
}
330
1
100
AcDbSymbolTableRecord
100
AcDbBlockTableRecord
  2
*U6
340
0
102
{BLKREFS
331
0
331
0
102
}
 70
     0
280
     1
281
     0
  0
BLOCK_RECORD
  5
274A
102
{ACAD_REACTORS
330
2758
102
}
330
1
100
AcDbSymbolTableRecord
100
AcDbBlockTableRecord
  2
*U7
340
0
102
{BLKREFS
331
2736
331
2737
331
2738
331
2739
331
273A
331
273B
331
273C
331
273D
331
273E
331
273F
331
2740
331
2741
331
2742
331
2743
331
2744
331
2745
331
2746
331
2747
331
0
331
2736
331
2737
331
2738
331
2739
331
273A
331
273B
331
273C
331
273D
331
273E
331
273F
331
2740
331
2741
331
2742
331
2743
331
2744
331
2745
331
2746
331
2747
331
0
102
}
 70
     0
280
     1
281
     0
  0
BLOCK_RECORD
  5
27FF
330
1
100
AcDbSymbolTableRecord
100
AcDbBlockTableRecord
  2
DI_COLUNA_FRONTAL_80
340
0
102
{BLKREFS
331
2AC7
102
}
 70
     4
280
     1
281
     0
1001
AcadAnnotative
1000
AnnotativeData
1002
{
1070
     1
1070
     0
1002
}
  0
ENDTAB
  0
ENDSEC
  0
SECTION
  2
BLOCKS
  0
BLOCK
  5
20
330
1F
100
AcDbEntity
  8
0
100
AcDbBlockBegin
  2
*Model_Space
 70
     0
 10
0.0
 20
0.0
 30
0.0
  3
*Model_Space
  1

  0
ENDBLK
  5
21
330
1F
100
AcDbEntity
  8
0
100
AcDbBlockEnd
  0
BLOCK
  5
1C
330
1B
100
AcDbEntity
 67
     1
  8
0
100
AcDbBlockBegin
  2
*Paper_Space
 70
     0
 10
0.0
 20
0.0
 30
0.0
  3
*Paper_Space
  1

  0
ENDBLK
  5
1D
330
1B
100
AcDbEntity
 67
     1
  8
0
100
AcDbBlockEnd
  0
BLOCK
  5
24
330
23
100
AcDbEntity
  8
0
100
AcDbBlockBegin
  2
*Paper_Space0
 70
     0
 10
0.0
 20
0.0
 30
0.0
  3
*Paper_Space0
  1

  0
ENDBLK
  5
25
330
23
100
AcDbEntity
  8
0
100
AcDbBlockEnd
  0
BLOCK
  5
26D8
330
26CA
100
AcDbEntity
  8
0
100
AcDbBlockBegin
  2
*U2
 70
     1
 10
0.0
 20
0.0
 30
0.0
  3
*U2
  1

  0
LINE
  5
26D0
330
26CA
100
AcDbEntity
  8
0
  6
Continuous
 62
     7
370
    25
100
AcDbLine
 10
23.49999999999977
 20
-9.484338691250116
 30
0.0
 11
27.99999999999977
 21
7.427195834049883
 31
0.0
  0
LINE
  5
26D1
330
26CA
100
AcDbEntity
  8
0
  6
Continuous
 62
     7
370
    25
100
AcDbLine
 10
20.26901278839978
 20
9.484338691249889
 30
0.0
 11
15.76901278839978
 21
-7.42719583405011
 31
0.0
  0
LINE
  5
26D2
330
26CA
100
AcDbEntity
  8
0
  6
Continuous
 62
     7
370
    25
100
AcDbLine
 10
-15.76901278840023
 20
-7.42719583405011
 30
0.0
 11
-20.26901278840023
 21
9.484338691249889
 31
0.0
  0
LINE
  5
26D3
330
26CA
100
AcDbEntity
  8
0
  6
Continuous
 62
     7
370
    25
100
AcDbLine
 10
-28.00000000000023
 20
7.427195834049883
 30
0.0
 11
-23.50000000000023
 21
-9.484338691250116
 31
0.0
  0
ARC
  5
26D4
330
26CA
100
AcDbEntity
  8
0
  6
Continuous
 62
     7
370
    25
100
AcDbCircle
 10
19.63450639419989
 20
-8.455767262650113
 30
0.0
 40
4.00000000000008
100
AcDbArc
 50
165.0994033122006
 51
345.0994033122006
  0
ARC
  5
26D5
330
26CA
100
AcDbEntity
  8
0
  6
Continuous
 62
     7
370
    25
100
AcDbCircle
 10
24.13450639419989
 20
8.455767262649886
 30
0.0
 40
4.000000000000285
100
AcDbArc
 50
345.0994033121998
 51
165.0994033121998
  0
ARC
  5
26D6
330
26CA
100
AcDbEntity
  8
0
  6
Continuous
 62
     7
370
    25
100
AcDbCircle
 10
-24.13450639420012
 20
8.455767262649886
 30
0.0
 40
4.000000000000065
100
AcDbArc
 50
14.90059668780026
 51
194.9005966878003
  0
ARC
  5
26D7
330
26CA
100
AcDbEntity
  8
0
  6
Continuous
 62
     7
370
    25
100
AcDbCircle
 10
-19.63450639420012
 20
-8.455767262650113
 30
0.0
 40
4.00000000000008
100
AcDbArc
 50
194.9005966877994
 51
14.90059668779942
  0
ENDBLK
  5
26D9
330
26CA
100
AcDbEntity
  8
0
100
AcDbBlockEnd
  0
BLOCK
  5
26F0
330
26DA
100
AcDbEntity
  8
0
100
AcDbBlockBegin
  2
*U3
 70
     1
 10
0.0
 20
0.0
 30
0.0
  3
*U3
  1

  0
INSERT
  5
26E1
330
26DA
100
AcDbEntity
  8
0
  6
ByBlock
347
269B
 62
     0
440
 16777216
370
    -2
100
AcDbBlockReference
  2
*U2
 10
0.0
 20
0.0
 30
0.0
  0
INSERT
  5
26E2
330
26DA
100
AcDbEntity
  8
0
  6
ByBlock
347
269B
 62
     0
440
 16777216
370
    -2
100
AcDbBlockReference
  2
*U2
 10
0.0
 20
50.0
 30
0.0
  0
INSERT
  5
26E3
330
26DA
100
AcDbEntity
  8
0
  6
ByBlock
347
269B
 62
     0
440
 16777216
370
    -2
100
AcDbBlockReference
  2
*U2
 10
0.0
 20
100.0
 30
0.0
  0
INSERT
  5
2721
330
26DA
100
AcDbEntity
  8
0
  6
ByBlock
347
269B
 62
     0
440
 16777216
370
    -2
380
     1
100
AcDbBlockReference
  2
*U2
 10
0.0
 20
150.0
 30
0.0
  0
INSERT
  5
2722
330
26DA
100
AcDbEntity
  8
0
  6
ByBlock
347
269B
 62
     0
440
 16777216
370
    -2
380
     1
100
AcDbBlockReference
  2
*U2
 10
0.0
 20
200.0
 30
0.0
  0
INSERT
  5
2723
330
26DA
100
AcDbEntity
  8
0
  6
ByBlock
347
269B
 62
     0
440
 16777216
370
    -2
380
     1
100
AcDbBlockReference
  2
*U2
 10
0.0
 20
250.0
 30
0.0
  0
INSERT
  5
2724
330
26DA
100
AcDbEntity
  8
0
  6
ByBlock
347
269B
 62
     0
440
 16777216
370
    -2
380
     1
100
AcDbBlockReference
  2
*U2
 10
0.0
 20
300.0
 30
0.0
  0
INSERT
  5
2725
330
26DA
100
AcDbEntity
  8
0
  6
ByBlock
347
269B
 62
     0
440
 16777216
370
    -2
380
     1
100
AcDbBlockReference
  2
*U2
 10
0.0
 20
350.0
 30
0.0
  0
INSERT
  5
2726
330
26DA
100
AcDbEntity
  8
0
  6
ByBlock
347
269B
 62
     0
440
 16777216
370
    -2
380
     1
100
AcDbBlockReference
  2
*U2
 10
0.0
 20
400.0
 30
0.0
  0
INSERT
  5
2727
330
26DA
100
AcDbEntity
  8
0
  6
ByBlock
347
269B
 62
     0
440
 16777216
370
    -2
380
     1
100
AcDbBlockReference
  2
*U2
 10
0.0
 20
450.0
 30
0.0
  0
INSERT
  5
2728
330
26DA
100
AcDbEntity
  8
0
  6
ByBlock
347
269B
 62
     0
440
 16777216
370
    -2
380
     1
100
AcDbBlockReference
  2
*U2
 10
0.0
 20
500.0
 30
0.0
  0
INSERT
  5
2729
330
26DA
100
AcDbEntity
  8
0
  6
ByBlock
347
269B
 62
     0
440
 16777216
370
    -2
380
     1
100
AcDbBlockReference
  2
*U2
 10
0.0
 20
550.0
 30
0.0
  0
INSERT
  5
272A
330
26DA
100
AcDbEntity
  8
0
  6
ByBlock
347
269B
 62
     0
440
 16777216
370
    -2
380
     1
100
AcDbBlockReference
  2
*U2
 10
0.0
 20
600.0
 30
0.0
  0
INSERT
  5
272B
330
26DA
100
AcDbEntity
  8
0
  6
ByBlock
347
269B
 62
     0
440
 16777216
370
    -2
380
     1
100
AcDbBlockReference
  2
*U2
 10
0.0
 20
650.0
 30
0.0
  0
INSERT
  5
272C
330
26DA
100
AcDbEntity
  8
0
  6
ByBlock
347
269B
 62
     0
440
 16777216
370
    -2
380
     1
100
AcDbBlockReference
  2
*U2
 10
0.0
 20
700.0
 30
0.0
  0
INSERT
  5
272D
330
26DA
100
AcDbEntity
  8
0
  6
ByBlock
347
269B
 62
     0
440
 16777216
370
    -2
380
     1
100
AcDbBlockReference
  2
*U2
 10
0.0
 20
750.0
 30
0.0
  0
INSERT
  5
272E
330
26DA
100
AcDbEntity
  8
0
  6
ByBlock
347
269B
 62
     0
440
 16777216
370
    -2
380
     1
100
AcDbBlockReference
  2
*U2
 10
0.0
 20
800.0
 30
0.0
  0
INSERT
  5
272F
330
26DA
100
AcDbEntity
  8
0
  6
ByBlock
347
269B
 62
     0
440
 16777216
370
    -2
380
     1
100
AcDbBlockReference
  2
*U2
 10
0.0
 20
850.0
 30
0.0
  0
ENDBLK
  5
26F1
330
26DA
100
AcDbEntity
  8
0
100
AcDbBlockEnd
  0
BLOCK
  5
26F4
330
26F3
100
AcDbEntity
  8
0
100
AcDbBlockBegin
  2
*U4
 70
     1
 10
0.0
 20
0.0
 30
0.0
  3
*U4
  1

  0
INSERT
  5
26F5
330
26F3
100
AcDbEntity
  8
0
  6
ByBlock
347
269B
 62
     0
440
 16777216
370
    -2
100
AcDbBlockReference
  2
*U5
 10
0.0
 20
0.0
 30
0.0
  0
INSERT
  5
26F6
330
26F3
100
AcDbEntity
  8
0
  6
ByBlock
347
269B
 62
     0
440
 16777216
370
    -2
100
AcDbBlockReference
  2
*U5
 10
0.0
 20
50.0
 30
0.0
  0
INSERT
  5
270C
330
26F3
100
AcDbEntity
  8
0
  6
ByBlock
347
269B
 62
     0
440
 16777216
370
    -2
380
     1
100
AcDbBlockReference
  2
*U5
 10
0.0
 20
100.0
 30
0.0
  0
INSERT
  5
270D
330
26F3
100
AcDbEntity
  8
0
  6
ByBlock
347
269B
 62
     0
440
 16777216
370
    -2
380
     1
100
AcDbBlockReference
  2
*U5
 10
0.0
 20
150.0
 30
0.0
  0
INSERT
  5
270E
330
26F3
100
AcDbEntity
  8
0
  6
ByBlock
347
269B
 62
     0
440
 16777216
370
    -2
380
     1
100
AcDbBlockReference
  2
*U5
 10
0.0
 20
200.0
 30
0.0
  0
INSERT
  5
270F
330
26F3
100
AcDbEntity
  8
0
  6
ByBlock
347
269B
 62
     0
440
 16777216
370
    -2
380
     1
100
AcDbBlockReference
  2
*U5
 10
0.0
 20
250.0
 30
0.0
  0
INSERT
  5
2710
330
26F3
100
AcDbEntity
  8
0
  6
ByBlock
347
269B
 62
     0
440
 16777216
370
    -2
380
     1
100
AcDbBlockReference
  2
*U5
 10
0.0
 20
300.0
 30
0.0
  0
INSERT
  5
2711
330
26F3
100
AcDbEntity
  8
0
  6
ByBlock
347
269B
 62
     0
440
 16777216
370
    -2
380
     1
100
AcDbBlockReference
  2
*U5
 10
0.0
 20
350.0
 30
0.0
  0
INSERT
  5
2712
330
26F3
100
AcDbEntity
  8
0
  6
ByBlock
347
269B
 62
     0
440
 16777216
370
    -2
380
     1
100
AcDbBlockReference
  2
*U5
 10
0.0
 20
400.0
 30
0.0
  0
INSERT
  5
2713
330
26F3
100
AcDbEntity
  8
0
  6
ByBlock
347
269B
 62
     0
440
 16777216
370
    -2
380
     1
100
AcDbBlockReference
  2
*U5
 10
0.0
 20
450.0
 30
0.0
  0
INSERT
  5
2714
330
26F3
100
AcDbEntity
  8
0
  6
ByBlock
347
269B
 62
     0
440
 16777216
370
    -2
380
     1
100
AcDbBlockReference
  2
*U5
 10
0.0
 20
500.0
 30
0.0
  0
INSERT
  5
2715
330
26F3
100
AcDbEntity
  8
0
  6
ByBlock
347
269B
 62
     0
440
 16777216
370
    -2
380
     1
100
AcDbBlockReference
  2
*U5
 10
0.0
 20
550.0
 30
0.0
  0
INSERT
  5
2716
330
26F3
100
AcDbEntity
  8
0
  6
ByBlock
347
269B
 62
     0
440
 16777216
370
    -2
380
     1
100
AcDbBlockReference
  2
*U5
 10
0.0
 20
600.0
 30
0.0
  0
INSERT
  5
2717
330
26F3
100
AcDbEntity
  8
0
  6
ByBlock
347
269B
 62
     0
440
 16777216
370
    -2
380
     1
100
AcDbBlockReference
  2
*U5
 10
0.0
 20
650.0
 30
0.0
  0
INSERT
  5
2718
330
26F3
100
AcDbEntity
  8
0
  6
ByBlock
347
269B
 62
     0
440
 16777216
370
    -2
380
     1
100
AcDbBlockReference
  2
*U5
 10
0.0
 20
700.0
 30
0.0
  0
INSERT
  5
2719
330
26F3
100
AcDbEntity
  8
0
  6
ByBlock
347
269B
 62
     0
440
 16777216
370
    -2
380
     1
100
AcDbBlockReference
  2
*U5
 10
0.0
 20
750.0
 30
0.0
  0
INSERT
  5
271A
330
26F3
100
AcDbEntity
  8
0
  6
ByBlock
347
269B
 62
     0
440
 16777216
370
    -2
380
     1
100
AcDbBlockReference
  2
*U5
 10
0.0
 20
800.0
 30
0.0
  0
INSERT
  5
271B
330
26F3
100
AcDbEntity
  8
0
  6
ByBlock
347
269B
 62
     0
440
 16777216
370
    -2
380
     1
100
AcDbBlockReference
  2
*U5
 10
0.0
 20
850.0
 30
0.0
  0
INSERT
  5
2720
330
26F3
100
AcDbEntity
  8
0
  6
ByBlock
347
269B
 62
     0
440
 16777216
370
    -2
380
     1
100
AcDbBlockReference
  2
*U5
 10
0.0
 20
900.0
 30
0.0
  0
ENDBLK
  5
26F8
330
26F3
100
AcDbEntity
  8
0
100
AcDbBlockEnd
  0
BLOCK
  5
26FA
330
26F9
100
AcDbEntity
  8
0
100
AcDbBlockBegin
  2
*U5
 70
     1
 10
0.0
 20
0.0
 30
0.0
  3
*U5
  1

  0
LINE
  5
26FB
330
26F9
100
AcDbEntity
  8
0
  6
Continuous
 62
     7
370
    25
100
AcDbLine
 10
23.49999999999977
 20
-9.484338691250116
 30
0.0
 11
27.99999999999977
 21
7.427195834049883
 31
0.0
  0
LINE
  5
26FC
330
26F9
100
AcDbEntity
  8
0
  6
Continuous
 62
     7
370
    25
100
AcDbLine
 10
20.26901278839978
 20
9.484338691249889
 30
0.0
 11
15.76901278839978
 21
-7.42719583405011
 31
0.0
  0
LINE
  5
26FD
330
26F9
100
AcDbEntity
  8
0
  6
Continuous
 62
     7
370
    25
100
AcDbLine
 10
-15.76901278840023
 20
-7.42719583405011
 30
0.0
 11
-20.26901278840023
 21
9.484338691249889
 31
0.0
  0
LINE
  5
26FE
330
26F9
100
AcDbEntity
  8
0
  6
Continuous
 62
     7
370
    25
100
AcDbLine
 10
-28.00000000000023
 20
7.427195834049883
 30
0.0
 11
-23.50000000000023
 21
-9.484338691250116
 31
0.0
  0
ARC
  5
26FF
330
26F9
100
AcDbEntity
  8
0
  6
Continuous
 62
     7
370
    25
100
AcDbCircle
 10
19.63450639419989
 20
-8.455767262650113
 30
0.0
 40
4.00000000000008
100
AcDbArc
 50
165.0994033122006
 51
345.0994033122006
  0
ARC
  5
2700
330
26F9
100
AcDbEntity
  8
0
  6
Continuous
 62
     7
370
    25
100
AcDbCircle
 10
24.13450639419989
 20
8.455767262649886
 30
0.0
 40
4.000000000000285
100
AcDbArc
 50
345.0994033121998
 51
165.0994033121998
  0
ARC
  5
2701
330
26F9
100
AcDbEntity
  8
0
  6
Continuous
 62
     7
370
    25
100
AcDbCircle
 10
-24.13450639420012
 20
8.455767262649886
 30
0.0
 40
4.000000000000065
100
AcDbArc
 50
14.90059668780026
 51
194.9005966878003
  0
ARC
  5
2702
330
26F9
100
AcDbEntity
  8
0
  6
Continuous
 62
     7
370
    25
100
AcDbCircle
 10
-19.63450639420012
 20
-8.455767262650113
 30
0.0
 40
4.00000000000008
100
AcDbArc
 50
194.9005966877994
 51
14.90059668779942
  0
ENDBLK
  5
2703
330
26F9
100
AcDbEntity
  8
0
100
AcDbBlockEnd
  0
BLOCK
  5
2735
330
2734
100
AcDbEntity
  8
0
100
AcDbBlockBegin
  2
*U6
 70
     1
 10
0.0
 20
0.0
 30
0.0
  3
*U6
  1

  0
INSERT
  5
2736
330
2734
100
AcDbEntity
  8
0
  6
ByBlock
347
269B
 62
     0
440
 16777216
370
    -2
100
AcDbBlockReference
  2
*U7
 10
0.0
 20
0.0
 30
0.0
  0
INSERT
  5
2737
330
2734
100
AcDbEntity
  8
0
  6
ByBlock
347
269B
 62
     0
440
 16777216
370
    -2
100
AcDbBlockReference
  2
*U7
 10
0.0
 20
50.0
 30
0.0
  0
INSERT
  5
2738
330
2734
100
AcDbEntity
  8
0
  6
ByBlock
347
269B
 62
     0
440
 16777216
370
    -2
100
AcDbBlockReference
  2
*U7
 10
0.0
 20
100.0
 30
0.0
  0
INSERT
  5
2739
330
2734
100
AcDbEntity
  8
0
  6
ByBlock
347
269B
 62
     0
440
 16777216
370
    -2
380
     1
100
AcDbBlockReference
  2
*U7
 10
0.0
 20
150.0
 30
0.0
  0
INSERT
  5
273A
330
2734
100
AcDbEntity
  8
0
  6
ByBlock
347
269B
 62
     0
440
 16777216
370
    -2
380
     1
100
AcDbBlockReference
  2
*U7
 10
0.0
 20
200.0
 30
0.0
  0
INSERT
  5
273B
330
2734
100
AcDbEntity
  8
0
  6
ByBlock
347
269B
 62
     0
440
 16777216
370
    -2
380
     1
100
AcDbBlockReference
  2
*U7
 10
0.0
 20
250.0
 30
0.0
  0
INSERT
  5
273C
330
2734
100
AcDbEntity
  8
0
  6
ByBlock
347
269B
 62
     0
440
 16777216
370
    -2
380
     1
100
AcDbBlockReference
  2
*U7
 10
0.0
 20
300.0
 30
0.0
  0
INSERT
  5
273D
330
2734
100
AcDbEntity
  8
0
  6
ByBlock
347
269B
 62
     0
440
 16777216
370
    -2
380
     1
100
AcDbBlockReference
  2
*U7
 10
0.0
 20
350.0
 30
0.0
  0
INSERT
  5
273E
330
2734
100
AcDbEntity
  8
0
  6
ByBlock
347
269B
 62
     0
440
 16777216
370
    -2
380
     1
100
AcDbBlockReference
  2
*U7
 10
0.0
 20
400.0
 30
0.0
  0
INSERT
  5
273F
330
2734
100
AcDbEntity
  8
0
  6
ByBlock
347
269B
 62
     0
440
 16777216
370
    -2
380
     1
100
AcDbBlockReference
  2
*U7
 10
0.0
 20
450.0
 30
0.0
  0
INSERT
  5
2740
330
2734
100
AcDbEntity
  8
0
  6
ByBlock
347
269B
 62
     0
440
 16777216
370
    -2
380
     1
100
AcDbBlockReference
  2
*U7
 10
0.0
 20
500.0
 30
0.0
  0
INSERT
  5
2741
330
2734
100
AcDbEntity
  8
0
  6
ByBlock
347
269B
 62
     0
440
 16777216
370
    -2
380
     1
100
AcDbBlockReference
  2
*U7
 10
0.0
 20
550.0
 30
0.0
  0
INSERT
  5
2742
330
2734
100
AcDbEntity
  8
0
  6
ByBlock
347
269B
 62
     0
440
 16777216
370
    -2
380
     1
100
AcDbBlockReference
  2
*U7
 10
0.0
 20
600.0
 30
0.0
  0
INSERT
  5
2743
330
2734
100
AcDbEntity
  8
0
  6
ByBlock
347
269B
 62
     0
440
 16777216
370
    -2
380
     1
100
AcDbBlockReference
  2
*U7
 10
0.0
 20
650.0
 30
0.0
  0
INSERT
  5
2744
330
2734
100
AcDbEntity
  8
0
  6
ByBlock
347
269B
 62
     0
440
 16777216
370
    -2
380
     1
100
AcDbBlockReference
  2
*U7
 10
0.0
 20
700.0
 30
0.0
  0
INSERT
  5
2745
330
2734
100
AcDbEntity
  8
0
  6
ByBlock
347
269B
 62
     0
440
 16777216
370
    -2
380
     1
100
AcDbBlockReference
  2
*U7
 10
0.0
 20
750.0
 30
0.0
  0
INSERT
  5
2746
330
2734
100
AcDbEntity
  8
0
  6
ByBlock
347
269B
 62
     0
440
 16777216
370
    -2
380
     1
100
AcDbBlockReference
  2
*U7
 10
0.0
 20
800.0
 30
0.0
  0
INSERT
  5
2747
330
2734
100
AcDbEntity
  8
0
  6
ByBlock
347
269B
 62
     0
440
 16777216
370
    -2
380
     1
100
AcDbBlockReference
  2
*U7
 10
0.0
 20
850.0
 30
0.0
  0
ENDBLK
  5
2749
330
2734
100
AcDbEntity
  8
0
100
AcDbBlockEnd
  0
BLOCK
  5
274B
330
274A
100
AcDbEntity
  8
0
100
AcDbBlockBegin
  2
*U7
 70
     1
 10
0.0
 20
0.0
 30
0.0
  3
*U7
  1

  0
LINE
  5
274C
330
274A
100
AcDbEntity
  8
0
  6
Continuous
 62
     7
370
    25
100
AcDbLine
 10
23.49999999999977
 20
-9.484338691250116
 30
0.0
 11
27.99999999999977
 21
7.427195834049883
 31
0.0
  0
LINE
  5
274D
330
274A
100
AcDbEntity
  8
0
  6
Continuous
 62
     7
370
    25
100
AcDbLine
 10
20.26901278839978
 20
9.484338691249889
 30
0.0
 11
15.76901278839978
 21
-7.42719583405011
 31
0.0
  0
LINE
  5
274E
330
274A
100
AcDbEntity
  8
0
  6
Continuous
 62
     7
370
    25
100
AcDbLine
 10
-15.76901278840023
 20
-7.42719583405011
 30
0.0
 11
-20.26901278840023
 21
9.484338691249889
 31
0.0
  0
LINE
  5
274F
330
274A
100
AcDbEntity
  8
0
  6
Continuous
 62
     7
370
    25
100
AcDbLine
 10
-28.00000000000023
 20
7.427195834049883
 30
0.0
 11
-23.50000000000023
 21
-9.484338691250116
 31
0.0
  0
ARC
  5
2750
330
274A
100
AcDbEntity
  8
0
  6
Continuous
 62
     7
370
    25
100
AcDbCircle
 10
19.63450639419989
 20
-8.455767262650113
 30
0.0
 40
4.00000000000008
100
AcDbArc
 50
165.0994033122006
 51
345.0994033122006
  0
ARC
  5
2751
330
274A
100
AcDbEntity
  8
0
  6
Continuous
 62
     7
370
    25
100
AcDbCircle
 10
24.13450639419989
 20
8.455767262649886
 30
0.0
 40
4.000000000000285
100
AcDbArc
 50
345.0994033121998
 51
165.0994033121998
  0
ARC
  5
2752
330
274A
100
AcDbEntity
  8
0
  6
Continuous
 62
     7
370
    25
100
AcDbCircle
 10
-24.13450639420012
 20
8.455767262649886
 30
0.0
 40
4.000000000000065
100
AcDbArc
 50
14.90059668780026
 51
194.9005966878003
  0
ARC
  5
2753
330
274A
100
AcDbEntity
  8
0
  6
Continuous
 62
     7
370
    25
100
AcDbCircle
 10
-19.63450639420012
 20
-8.455767262650113
 30
0.0
 40
4.00000000000008
100
AcDbArc
 50
194.9005966877994
 51
14.90059668779942
  0
ENDBLK
  5
2754
330
274A
100
AcDbEntity
  8
0
100
AcDbBlockEnd
  0
BLOCK
  5
2AC5
330
27FF
100
AcDbEntity
  8
0
100
AcDbBlockBegin
  2
DI_COLUNA_FRONTAL_80
 70
     0
 10
0.0
 20
0.0
 30
0.0
  3
DI_COLUNA_FRONTAL_80
  1

  0
SPLINE
  5
2800
330
27FF
100
AcDbEntity
  8
0
  6
Continuous
 62
     7
370
    25
100
AcDbSpline
210
0.0
220
0.0
230
1.0
 70
     8
 71
     3
 72
     9
 73
     5
 74
     0
 42
0.00000001
 43
0.00000001
 40
0.0
 40
0.0
 40
0.0
 40
0.0
 40
0.820959052353881
 40
1.0
 40
1.0
 40
1.0
 40
1.0
 10
-62.3283071169551
 20
-60.22150537213003
 30
0.0
 10
-62.32809195410209
 20
-60.22261762470151
 30
0.0
 10
-62.32782986690904
 20
-60.22397244571033
 30
0.0
 10
-62.3433288366989
 20
-60.22700905143398
 30
0.0
 10
-62.34610378693696
 20
-60.22755272820046
 30
0.0
  0
SPLINE
  5
2801
330
27FF
100
AcDbEntity
  8
0
  6
Continuous
 62
     7
370
    25
100
AcDbSpline
210
0.0
220
0.0
230
1.0
 70
     8
 71
     3
 72
    17
 73
    13
 74
     0
 42
0.00000001
 43
0.00000001
 40
0.0
 40
0.0
 40
0.0
 40
0.0
 40
0.0326685927870288
 40
0.1400708640358954
 40
0.2458764385052649
 40
0.3656996864014435
 40
0.4848617938667554
 40
0.5984735049304122
 40
0.7113272049357554
 40
0.8290003341497956
 40
0.9347502635108551
 40
0.9999999999999999
 40
0.9999999999999999
 40
0.9999999999999999
 40
0.9999999999999999
 10
-62.3651098204939
 20
-60.22873300013981
 30
0.0
 10
-62.36746631418509
 20
-60.22819590214596
 30
0.0
 10
-62.3775700890701
 20
-60.22589302425484
 30
0.0
 10
-62.32609165671602
 20
-60.26820982284022
 30
0.0
 10
-62.26985647550305
 20
-60.38523681376256
 30
0.0
 10
-62.21577536530003
 20
-60.56557818164134
 30
0.0
 10
-62.1919326071079
 20
-60.78969241911528
 30
0.0
 10
-62.20477562398696
 20
-61.01419257580079
 30
0.0
 10
-62.24957659913207
 20
-61.21010166437242
 30
0.0
 10
-62.3073675441351
 20
-61.34916456139416
 30
0.0
 10
-62.36501203302305
 20
-61.41845807113253
 30
0.0
 10
-62.36628232110797
 20
-61.41874621722883
 30
0.0
 10
-62.36676703528792
 20
-61.41885616748374
 30
0.0
  0
SPLINE
  5
2802
330
27FF
100
AcDbEntity
  8
0
  6
Continuous
 62
     7
370
    25
100
AcDbSpline
210
0.0
220
0.0
230
1.0
 70
     8
 71
     3
 72
     9
 73
     5
 74
     0
 42
0.00000001
 43
0.00000001
 40
0.0
 40
0.0
 40
0.0
 40
0.0
 40
0.7018802251557733
 40
1.0
 40
1.0
 40
1.0
 40
1.0
 10
-62.3697430758491
 20
-61.42184338156443
 30
0.0
 10
-62.35224007849592
 20
-61.42454228755804
 30
0.0
 10
-62.32730277904511
 20
-61.42838753906534
 30
0.0
 10
-62.32921194464802
 20
-61.42643921421239
 30
0.0
 10
-62.32978110466797
 20
-61.42585838004601
 30
0.0
  0
SPLINE
  5
2803
330
27FF
100
AcDbEntity
  8
0
  6
Continuous
 62
     7
370
    25
100
AcDbSpline
210
0.0
220
0.0
230
1.0
 70
     8
 71
     3
 72
    10
 73
     6
 74
     0
 42
0.00000001
 43
0.00000001
 40
0.0
 40
0.0
 40
0.0
 40
0.0
 40
0.245561695097485
 40
0.9143722813601357
 40
1.0
 40
1.0
 40
1.0
 40
1.0
 10
-62.01561530304002
 20
-61.2757611206402
 30
0.0
 10
-62.00569002850693
 20
-61.24969921336225
 30
0.0
 10
-61.96873232663711
 20
-61.15265522771602
 30
0.0
 10
-61.94357978365906
 20
-61.00908222844276
 30
0.0
 10
-61.94735390514006
 20
-60.90355059803295
 30
0.0
 10
-61.94778226278095
 20
-60.89157290191434
 30
0.0
  0
SPLINE
  5
2804
330
27FF
100
AcDbEntity
  8
0
  6
Continuous
 62
     7
370
    25
100
AcDbSpline
210
0.0
220
0.0
230
1.0
 70
     8
 71
     3
 72
    21
 73
    17
 74
     0
 42
0.00000001
 43
0.00000001
 40
0.0
 40
0.0
 40
0.0
 40
0.0
 40
0.054631384437779
 40
0.1069389125265257
 40
0.1834659726514993
 40
0.2748758170867217
 40
0.3527665845290845
 40
0.4340157173118097
 40
0.5137883765815193
 40
0.6021962835902649
 40
0.6848375338203823
 40
0.7401432755406604
 40
0.798895335886762
 40
0.8534818717545827
 40
0.9395499314175504
 40
1.0
 40
1.0
 40
1.0
 40
1.0
 10
-62.36912470114112
 20
-59.97558513645009
 30
0.0
 10
-62.40840790336006
 20
-59.98576303272654
 30
0.0
 10
-62.48530331739994
 20
-60.00568588789162
 30
0.0
 10
-62.56229014819701
 20
-60.10796715747
 30
0.0
 10
-62.61309244889503
 20
-60.2499523777729
 30
0.0
 10
-62.64466829186495
 20
-60.47134584867109
 30
0.0
 10
-62.65717420867099
 20
-60.74632984220176
 30
0.0
 10
-62.65397241722394
 20
-61.02153552106319
 30
0.0
 10
-62.63400774079605
 20
-61.27805401515894
 30
0.0
 10
-62.59208363950506
 20
-61.47578327294269
 30
0.0
 10
-62.52541039438893
 20
-61.6092273658914
 30
0.0
 10
-62.39672138909896
 20
-61.68512767646661
 30
0.0
 10
-62.26870844213795
 20
-61.6657198263419
 30
0.0
 10
-62.16359670914699
 20
-61.58423759780322
 30
0.0
 10
-62.07653470739706
 20
-61.46743770349343
 30
0.0
 10
-62.03340828876389
 20
-61.33174490344692
 30
0.0
 10
-62.01561530304002
 20
-61.27576112064008
 30
0.0
  0
SPLINE
  5
2805
330
27FF
100
AcDbEntity
  8
0
  6
Continuous
 62
     7
370
    25
100
AcDbSpline
210
0.0
220
0.0
230
1.0
 70
     8
 71
     3
 72
     9
 73
     5
 74
     0
 42
0.00000001
 43
0.00000001
 40
0.0
 40
0.0
 40
0.0
 40
0.0
 40
0.820959052353881
 40
1.0
 40
1.0
 40
1.0
 40
1.0
 10
52.6716928830449
 20
-60.22150537213003
 30
0.0
 10
52.67190804589791
 20
-60.22261762470151
 30
0.0
 10
52.67217013309096
 20
-60.22397244571033
 30
0.0
 10
52.6566711633011
 20
-60.22700905143398
 30
0.0
 10
52.65389621306304
 20
-60.22755272820046
 30
0.0
  0
SPLINE
  5
2806
330
27FF
100
AcDbEntity
  8
0
  6
Continuous
 62
     7
370
    25
100
AcDbSpline
210
0.0
220
0.0
230
1.0
 70
     8
 71
     3
 72
    17
 73
    13
 74
     0
 42
0.00000001
 43
0.00000001
 40
0.0
 40
0.0
 40
0.0
 40
0.0
 40
0.0326685927870288
 40
0.1400708640358954
 40
0.2458764385052649
 40
0.3656996864014435
 40
0.4848617938667554
 40
0.5984735049304122
 40
0.7113272049357554
 40
0.8290003341497956
 40
0.9347502635108551
 40
0.9999999999999999
 40
0.9999999999999999
 40
0.9999999999999999
 40
0.9999999999999999
 10
52.6348901795061
 20
-60.22873300013981
 30
0.0
 10
52.63253368581491
 20
-60.22819590214596
 30
0.0
 10
52.62242991093103
 20
-60.22589302425484
 30
0.0
 10
52.67390834328398
 20
-60.26820982284022
 30
0.0
 10
52.73014352449695
 20
-60.38523681376256
 30
0.0
 10
52.78422463469997
 20
-60.56557818164134
 30
0.0
 10
52.80806739289096
 20
-60.78969241911528
 30
0.0
 10
52.79522437601304
 20
-61.01419257580079
 30
0.0
 10
52.75042340086793
 20
-61.21010166437242
 30
0.0
 10
52.6926324558649
 20
-61.34916456139416
 30
0.0
 10
52.63498796697695
 20
-61.41845807113253
 30
0.0
 10
52.63371767889203
 20
-61.41874621722883
 30
0.0
 10
52.63323296471208
 20
-61.41885616748374
 30
0.0
  0
SPLINE
  5
2807
330
27FF
100
AcDbEntity
  8
0
  6
Continuous
 62
     7
370
    25
100
AcDbSpline
210
0.0
220
0.0
230
1.0
 70
     8
 71
     3
 72
     9
 73
     5
 74
     0
 42
0.00000001
 43
0.00000001
 40
0.0
 40
0.0
 40
0.0
 40
0.0
 40
0.7018802251557733
 40
1.0
 40
1.0
 40
1.0
 40
1.0
 10
52.6302569241509
 20
-61.42184338156443
 30
0.0
 10
52.64775992150408
 20
-61.42454228755804
 30
0.0
 10
52.67269722095489
 20
-61.42838753906534
 30
0.0
 10
52.67078805535107
 20
-61.42643921421239
 30
0.0
 10
52.67021889533203
 20
-61.42585838004601
 30
0.0
  0
SPLINE
  5
2808
330
27FF
100
AcDbEntity
  8
0
  6
Continuous
 62
     7
370
    25
100
AcDbSpline
210
0.0
220
0.0
230
1.0
 70
     8
 71
     3
 72
    10
 73
     6
 74
     0
 42
0.00000001
 43
0.00000001
 40
0.0
 40
0.0
 40
0.0
 40
0.0
 40
0.245561695097485
 40
0.9143722813601357
 40
1.0
 40
1.0
 40
1.0
 40
1.0
 10
52.98438469695998
 20
-61.2757611206402
 30
0.0
 10
52.99430997149307
 20
-61.24969921336225
 30
0.0
 10
53.03126767336403
 20
-61.15265522771602
 30
0.0
 10
53.05642021633889
 20
-61.00908222844276
 30
0.0
 10
53.05264609485994
 20
-60.90355059803295
 30
0.0
 10
53.05221773721905
 20
-60.89157290191434
 30
0.0
  0
SPLINE
  5
2809
330
27FF
100
AcDbEntity
  8
0
  6
Continuous
 62
     7
370
    25
100
AcDbSpline
210
0.0
220
0.0
230
1.0
 70
     8
 71
     3
 72
    21
 73
    17
 74
     0
 42
0.00000001
 43
0.00000001
 40
0.0
 40
0.0
 40
0.0
 40
0.0
 40
0.054631384437779
 40
0.1069389125265257
 40
0.1834659726514993
 40
0.2748758170867217
 40
0.3527665845290845
 40
0.4340157173118097
 40
0.5137883765815193
 40
0.6021962835902649
 40
0.6848375338203823
 40
0.7401432755406604
 40
0.798895335886762
 40
0.8534818717545827
 40
0.9395499314175504
 40
1.0
 40
1.0
 40
1.0
 40
1.0
 10
52.63087529885888
 20
-59.97558513645009
 30
0.0
 10
52.59159209663994
 20
-59.98576303272654
 30
0.0
 10
52.51469668260006
 20
-60.00568588789162
 30
0.0
 10
52.43770985180299
 20
-60.10796715747
 30
0.0
 10
52.38690755110497
 20
-60.2499523777729
 30
0.0
 10
52.35533170813596
 20
-60.47134584867109
 30
0.0
 10
52.3428257913281
 20
-60.74632984220176
 30
0.0
 10
52.34602758277606
 20
-61.02153552106319
 30
0.0
 10
52.36599225920395
 20
-61.27805401515894
 30
0.0
 10
52.40791636049494
 20
-61.47578327294269
 30
0.0
 10
52.47458960561107
 20
-61.6092273658914
 30
0.0
 10
52.60327861090104
 20
-61.68512767646661
 30
0.0
 10
52.73129155786091
 20
-61.6657198263419
 30
0.0
 10
52.83640329085301
 20
-61.58423759780322
 30
0.0
 10
52.92346529260203
 20
-61.46743770349343
 30
0.0
 10
52.96659171123611
 20
-61.33174490344692
 30
0.0
 10
52.98438469695998
 20
-61.27576112064008
 30
0.0
  0
SPLINE
  5
280A
330
27FF
100
AcDbEntity
  8
0
  6
Continuous
 62
     7
370
    25
100
AcDbSpline
210
0.0
220
0.0
230
1.0
 70
     8
 71
     3
 72
     9
 73
     5
 74
     0
 42
0.00000001
 43
0.00000001
 40
0.0
 40
0.0
 40
0.0
 40
0.0
 40
0.5000682312429342
 40
0.9999999999999999
 40
0.9999999999999999
 40
0.9999999999999999
 40
0.9999999999999999
 10
62.23981154780995
 20
12.66287227845561
 30
0.0
 10
62.11221685087708
 20
12.73680205748025
 30
0.0
 10
61.85706227603691
 20
12.88464144099981
 30
0.0
 10
61.60209837389789
 20
13.0325504135381
 30
0.0
 10
61.47463381933289
 20
13.10649480779415
 30
0.0
  0
SPLINE
  5
280B
330
27FF
100
AcDbEntity
  8
0
  6
Continuous
 62
     7
370
    25
100
AcDbSpline
210
0.0
220
0.0
230
1.0
 70
     8
 71
     3
 72
     9
 73
     5
 74
     0
 42
0.00000001
 43
0.00000001
 40
0.0
 40
0.0
 40
0.0
 40
0.0
 40
0.4999163954156443
 40
0.9999999999999999
 40
0.9999999999999999
 40
0.9999999999999999
 40
0.9999999999999999
 10
62.23981154780995
 20
-4.270461054877785
 30
0.0
 10
62.11227922300191
 20
-4.196559434671087
 30
0.0
 10
61.85717191710705
 20
-4.048731476067758
 30
0.0
 10
61.60216073199308
 20
-3.900811086930389
 30
0.0
 10
61.47463381933289
 20
-3.826838525539074
 30
0.0
  0
SPLINE
  5
280C
330
27FF
100
AcDbEntity
  8
0
  6
Continuous
 62
     7
370
    25
100
AcDbSpline
210
0.0
220
0.0
230
1.0
 70
     8
 71
     3
 72
     9
 73
     5
 74
     0
 42
0.00000001
 43
0.00000001
 40
0.0
 40
0.0
 40
0.0
 40
0.0
 40
0.4999037667239077
 40
1.0
 40
1.0
 40
1.0
 40
1.0
 10
62.23981154780995
 20
-5.681572165988882
 30
0.0
 10
62.11228441074195
 20
-5.607672894367397
 30
0.0
 10
61.85718103774002
 20
-5.459845899372169
 30
0.0
 10
61.6021659194289
 20
-5.311924547528349
 30
0.0
 10
61.47463381933289
 20
-5.237949636650399
 30
0.0
  0
SPLINE
  5
280D
330
27FF
100
AcDbEntity
  8
0
  6
Continuous
 62
     7
370
    25
100
AcDbSpline
210
0.0
220
0.0
230
1.0
 70
     8
 71
     3
 72
     9
 73
     5
 74
     0
 42
0.00000001
 43
0.00000001
 40
0.0
 40
0.0
 40
0.0
 40
0.0
 40
0.4998911418013905
 40
1.0
 40
1.0
 40
1.0
 40
1.0
 10
62.23981154780995
 20
-7.092683277099979
 30
0.0
 10
62.11228959695791
 20
-7.018786354375948
 30
0.0
 10
61.85719015592099
 20
-6.8709603247774
 30
0.0
 10
61.60217110547205
 20
-6.723038008471349
 30
0.0
 10
61.47463381933289
 20
-6.649060747761382
 30
0.0
  0
SPLINE
  5
280E
330
27FF
100
AcDbEntity
  8
0
  6
Continuous
 62
     7
370
    25
100
AcDbSpline
210
0.0
220
0.0
230
1.0
 70
     8
 71
     3
 72
     9
 73
     5
 74
     0
 42
0.00000001
 43
0.00000001
 40
0.0
 40
0.0
 40
0.0
 40
0.0
 40
0.4998785206547617
 40
1.0
 40
1.0
 40
1.0
 40
1.0
 10
62.23981154780995
 20
-8.50379438821119
 30
0.0
 10
62.1122947816491
 20
-8.429899814697649
 30
0.0
 10
61.8571992716561
 20
-8.282074752287201
 30
0.0
 10
61.60217629012391
 20
-8.134151469759672
 30
0.0
 10
61.47463381933289
 20
-8.060171858872593
 30
0.0
  0
SPLINE
  5
280F
330
27FF
100
AcDbEntity
  8
0
  6
Continuous
 62
     7
370
    25
100
AcDbSpline
210
0.0
220
0.0
230
1.0
 70
     8
 71
     3
 72
     9
 73
     5
 74
     0
 42
0.00000001
 43
0.00000001
 40
0.0
 40
0.0
 40
0.0
 40
0.0
 40
0.4998659032908472
 40
0.9999999999999999
 40
0.9999999999999999
 40
0.9999999999999999
 40
0.9999999999999999
 10
62.23981154780995
 20
-9.914905499322288
 30
0.0
 10
62.11229996481802
 20
-9.841013275332557
 30
0.0
 10
61.8572083849499
 20
-9.693189181904302
 30
0.0
 10
61.60218147338492
 20
-9.545264931394001
 30
0.0
 10
61.47463381933289
 20
-9.47128296998369
 30
0.0
  0
SPLINE
  5
2810
330
27FF
100
AcDbEntity
  8
0
  6
Continuous
 62
     7
370
    25
100
AcDbSpline
210
0.0
220
0.0
230
1.0
 70
     8
 71
     3
 72
     9
 73
     5
 74
     0
 42
0.00000001
 43
0.00000001
 40
0.0
 40
0.0
 40
0.0
 40
0.0
 40
0.49985328971636
 40
0.9999999999999999
 40
0.9999999999999999
 40
0.9999999999999999
 40
0.9999999999999999
 10
62.23981154780995
 20
-11.32601661043338
 30
0.0
 10
62.112305146464
 20
-11.25212673628147
 30
0.0
 10
61.85721749580898
 20
-11.10430361363279
 30
0.0
 10
61.60218665525599
 20
-10.95637839337479
 30
0.0
 10
61.47463381933289
 20
-10.88239408109467
 30
0.0
  0
SPLINE
  5
2811
330
27FF
100
AcDbEntity
  8
0
  6
Continuous
 62
     7
370
    25
100
AcDbSpline
210
0.0
220
0.0
230
1.0
 70
     8
 71
     3
 72
     9
 73
     5
 74
     0
 42
0.00000001
 43
0.00000001
 40
0.0
 40
0.0
 40
0.0
 40
0.0
 40
0.499840679938217
 40
1.0
 40
1.0
 40
1.0
 40
1.0
 10
62.23981154780995
 20
-12.73712772154437
 30
0.0
 10
62.11231032658998
 20
-12.66324019754438
 30
0.0
 10
61.85722660423994
 20
-12.51541804747609
 30
0.0
 10
61.60219183573804
 20
-12.3674918557025
 30
0.0
 10
61.47463381933289
 20
-12.29350519220588
 30
0.0
  0
SPLINE
  5
2812
330
27FF
100
AcDbEntity
  8
0
  6
Continuous
 62
     7
370
    25
100
AcDbSpline
210
0.0
220
0.0
230
1.0
 70
     8
 71
     3
 72
     9
 73
     5
 74
     0
 42
0.00000001
 43
0.00000001
 40
0.0
 40
0.0
 40
0.0
 40
0.0
 40
0.4998280739629733
 40
1.0
 40
1.0
 40
1.0
 40
1.0
 10
62.23981154780995
 20
-14.14823883265547
 30
0.0
 10
62.11231550519506
 20
-14.07435365912215
 30
0.0
 10
61.8572357102471
 20
-13.92653248343765
 30
0.0
 10
61.60219701483197
 20
-13.77860531837808
 30
0.0
 10
61.47463381933289
 20
-13.70461630331698
 30
0.0
  0
SPLINE
  5
2813
330
27FF
100
AcDbEntity
  8
0
  6
Continuous
 62
     7
370
    25
100
AcDbSpline
210
0.0
220
0.0
230
1.0
 70
     8
 71
     3
 72
     9
 73
     5
 74
     0
 42
0.00000001
 43
0.00000001
 40
0.0
 40
0.0
 40
0.0
 40
0.0
 40
0.4998154717977439
 40
0.9999999999999999
 40
0.9999999999999999
 40
0.9999999999999999
 40
0.9999999999999999
 10
62.23981154780995
 20
-15.55934994376679
 30
0.0
 10
62.11232068227991
 20
-15.48546712101535
 30
0.0
 10
61.85724481383909
 20
-15.33764692152118
 30
0.0
 10
61.60220219253893
 20
-15.18971878140155
 30
0.0
 10
61.47463381933289
 20
-15.11572741442797
 30
0.0
  0
SPLINE
  5
2814
330
27FF
100
AcDbEntity
  8
0
  6
Continuous
 62
     7
370
    25
100
AcDbSpline
210
0.0
220
0.0
230
1.0
 70
     8
 71
     3
 72
     9
 73
     5
 74
     0
 42
0.00000001
 43
0.00000001
 40
0.0
 40
0.0
 40
0.0
 40
0.0
 40
0.4998028734488861
 40
1.0
 40
1.0
 40
1.0
 40
1.0
 10
62.23981154780995
 20
-16.97046105487777
 30
0.0
 10
62.11232585784796
 20
-16.89658058322419
 30
0.0
 10
61.85725391501796
 20
-16.74876136172975
 30
0.0
 10
61.6022073688589
 20
-16.60083224477398
 30
0.0
 10
61.47463381933289
 20
-16.52683852553906
 30
0.0
  0
SPLINE
  5
2815
330
27FF
100
AcDbEntity
  8
0
  6
Continuous
 62
     7
370
    25
100
AcDbSpline
210
0.0
220
0.0
230
1.0
 70
     8
 71
     3
 72
     9
 73
     5
 74
     0
 42
0.00000001
 43
0.00000001
 40
0.0
 40
0.0
 40
0.0
 40
0.0
 40
0.4997902789232391
 40
1.0
 40
1.0
 40
1.0
 40
1.0
 10
62.23981154780995
 20
-18.38157216598887
 30
0.0
 10
62.11233103189693
 20
-18.30769404574869
 30
0.0
 10
61.85726301379304
 20
-18.15987580406687
 30
0.0
 10
61.60221254379189
 20
-18.01194570849526
 30
0.0
 10
61.47463381933289
 20
-17.93794963665027
 30
0.0
  0
SPLINE
  5
2816
330
27FF
100
AcDbEntity
  8
0
  6
Continuous
 62
     7
370
    25
100
AcDbSpline
210
0.0
220
0.0
230
1.0
 70
     8
 71
     3
 72
     9
 73
     5
 74
     0
 42
0.00000001
 43
0.00000001
 40
0.0
 40
0.0
 40
0.0
 40
0.0
 40
0.4997776882276264
 40
1.0
 40
1.0
 40
1.0
 40
1.0
 10
62.23981154780995
 20
-19.79268327709997
 30
0.0
 10
62.11233620442999
 20
-19.7188075085902
 30
0.0
 10
61.85727211016911
 20
-19.57099024853636
 30
0.0
 10
61.60221771734109
 20
-19.42305917256618
 30
0.0
 10
61.47463381933289
 20
-19.34906074776126
 30
0.0
  0
SPLINE
  5
2817
330
27FF
100
AcDbEntity
  8
0
  6
Continuous
 62
     7
370
    25
100
AcDbSpline
210
0.0
220
0.0
230
1.0
 70
     8
 71
     3
 72
     9
 73
     5
 74
     0
 42
0.00000001
 43
0.00000001
 40
0.0
 40
0.0
 40
0.0
 40
0.0
 40
0.4997651013688434
 40
1.0
 40
1.0
 40
1.0
 40
1.0
 10
62.23981154780995
 20
-21.20379438821107
 30
0.0
 10
62.11234137544807
 20
-21.12992097174856
 30
0.0
 10
61.85728120415206
 20
-20.98210469514169
 30
0.0
 10
61.6022228895049
 20
-20.8341726369876
 30
0.0
 10
61.47463381933289
 20
-20.76017185887258
 30
0.0
  0
SPLINE
  5
2818
330
27FF
100
AcDbEntity
  8
0
  6
Continuous
 62
     7
370
    25
100
AcDbSpline
210
0.0
220
0.0
230
1.0
 70
     8
 71
     3
 72
     9
 73
     5
 74
     0
 42
0.00000001
 43
0.00000001
 40
0.0
 40
0.0
 40
0.0
 40
0.0
 40
0.4997525183535518
 40
1.0
 40
1.0
 40
1.0
 40
1.0
 10
62.23981154780995
 20
-22.61490549932216
 30
0.0
 10
62.11234654494911
 20
-22.54103443522456
 30
0.0
 10
61.85729029574691
 20
-22.39321914388626
 30
0.0
 10
61.60222806028492
 20
-22.24528610175969
 30
0.0
 10
61.47463381933289
 20
-22.17128296998357
 30
0.0
  0
SPLINE
  5
2819
330
27FF
100
AcDbEntity
  8
0
  6
Continuous
 62
     7
370
    25
100
AcDbSpline
210
0.0
220
0.0
230
1.0
 70
     8
 71
     3
 72
     9
 73
     5
 74
     0
 42
0.00000001
 43
0.00000001
 40
0.0
 40
0.0
 40
0.0
 40
0.0
 40
0.4997399391885592
 40
1.0
 40
1.0
 40
1.0
 40
1.0
 10
62.23981154780995
 20
-24.02601661043326
 30
0.0
 10
62.11235171293697
 20
-23.9521478990186
 30
0.0
 10
61.85729938496092
 20
-23.80433359477325
 30
0.0
 10
61.60223322968295
 20
-23.65639956688307
 30
0.0
 10
61.47463381933289
 20
-23.58239408109466
 30
0.0
  0
SPLINE
  5
281A
330
27FF
100
AcDbEntity
  8
0
  6
Continuous
 62
     7
370
    25
100
AcDbSpline
210
0.0
220
0.0
230
1.0
 70
     8
 71
     3
 72
     9
 73
     5
 74
     0
 42
0.00000001
 43
0.00000001
 40
0.0
 40
0.0
 40
0.0
 40
0.0
 40
0.4997273638804011
 40
1.0
 40
1.0
 40
1.0
 40
1.0
 10
62.23981154780995
 20
-25.43712772154447
 30
0.0
 10
62.11235687941189
 20
-25.3632613631309
 30
0.0
 10
61.85730847180002
 20
-25.2154480478066
 30
0.0
 10
61.60223839769901
 20
-25.06751303235859
 30
0.0
 10
61.47463381933289
 20
-24.99350519220587
 30
0.0
  0
SPLINE
  5
281B
330
27FF
100
AcDbEntity
  8
0
  6
Continuous
 62
     7
370
    25
100
AcDbSpline
210
0.0
220
0.0
230
1.0
 70
     8
 71
     3
 72
     9
 73
     5
 74
     0
 42
0.00000001
 43
0.00000001
 40
0.0
 40
0.0
 40
0.0
 40
0.0
 40
0.4997147924360626
 40
0.9999999999999999
 40
0.9999999999999999
 40
0.9999999999999999
 40
0.9999999999999999
 10
62.23981154780995
 20
-26.84823883265557
 30
0.0
 10
62.11236204437409
 20
-26.77437482756216
 30
0.0
 10
61.85731755626898
 20
-26.62656250298909
 30
0.0
 10
61.60224356433309
 20
-26.4786264981862
 30
0.0
 10
61.47463381933289
 20
-26.40461630331686
 30
0.0
  0
SPLINE
  5
281C
330
27FF
100
AcDbEntity
  8
0
  6
Continuous
 62
     7
370
    25
100
AcDbSpline
210
0.0
220
0.0
230
1.0
 70
     8
 71
     3
 72
     9
 73
     5
 74
     0
 42
0.00000001
 43
0.00000001
 40
0.0
 40
0.0
 40
0.0
 40
0.0
 40
0.49970222486176
 40
1.0
 40
1.0
 40
1.0
 40
1.0
 10
62.23981154780995
 20
-28.25934994376667
 30
0.0
 10
62.11236720782495
 20
-28.18548829231258
 30
0.0
 10
61.85732663837507
 20
-28.0376769603252
 30
0.0
 10
61.60224872958611
 20
-27.8897399643667
 30
0.0
 10
61.47463381933289
 20
-27.81572741442807
 30
0.0
  0
SPLINE
  5
281D
330
27FF
100
AcDbEntity
  8
0
  6
Continuous
 62
     7
370
    25
100
AcDbSpline
210
0.0
220
0.0
230
1.0
 70
     8
 71
     3
 72
     9
 73
     5
 74
     0
 42
0.00000001
 43
0.00000001
 40
0.0
 40
0.0
 40
0.0
 40
0.0
 40
0.4996896611649432
 40
0.9999999999999999
 40
0.9999999999999999
 40
0.9999999999999999
 40
0.9999999999999999
 10
62.23981154780995
 20
-29.67046105487776
 30
0.0
 10
62.11237236976604
 20
-29.59660175738298
 30
0.0
 10
61.85733571812307
 20
-29.44879141981738
 30
0.0
 10
61.6022538934601
 20
-29.3008534309007
 30
0.0
 10
61.47463381933289
 20
-29.22683852553916
 30
0.0
  0
SPLINE
  5
281E
330
27FF
100
AcDbEntity
  8
0
  6
Continuous
 62
     7
370
    25
100
AcDbSpline
210
0.0
220
0.0
230
1.0
 70
     8
 71
     3
 72
     9
 73
     5
 74
     0
 42
0.00000001
 43
0.00000001
 40
0.0
 40
0.0
 40
0.0
 40
0.0
 40
0.4996771013517221
 40
1.0
 40
1.0
 40
1.0
 40
1.0
 10
62.23981154780995
 20
-31.08157216598886
 30
0.0
 10
62.11237753019691
 20
-31.00771522277375
 30
0.0
 10
61.85734479551888
 20
-30.85990588146996
 30
0.0
 10
61.60225905595507
 20
-30.71196689778856
 30
0.0
 10
61.47463381933289
 20
-30.63794963665015
 30
0.0
  0
SPLINE
  5
281F
330
27FF
100
AcDbEntity
  8
0
  6
Continuous
 62
     7
370
    25
100
AcDbSpline
210
0.0
220
0.0
230
1.0
 70
     8
 71
     3
 72
     9
 73
     5
 74
     0
 42
0.00000001
 43
0.00000001
 40
0.0
 40
0.0
 40
0.0
 40
0.0
 40
0.4996645454290417
 40
0.9999999999999999
 40
0.9999999999999999
 40
0.9999999999999999
 40
0.9999999999999999
 10
62.23981154780995
 20
-32.49268327710007
 30
0.0
 10
62.11238268911893
 20
-32.41882868848489
 30
0.0
 10
61.85735387057002
 20
-32.27102034528605
 30
0.0
 10
61.60226421707193
 20
-32.1230803650314
 30
0.0
 10
61.47463381933289
 20
-32.04906074776147
 30
0.0
  0
SPLINE
  5
2820
330
27FF
100
AcDbEntity
  8
0
  6
Continuous
 62
     7
370
    25
100
AcDbSpline
210
0.0
220
0.0
230
1.0
 70
     8
 71
     3
 72
     9
 73
     5
 74
     0
 42
0.00000001
 43
0.00000001
 40
0.0
 40
0.0
 40
0.0
 40
0.0
 40
0.4996519934036234
 40
1.0
 40
1.0
 40
1.0
 40
1.0
 10
62.23981154780995
 20
-33.90379438821117
 30
0.0
 10
62.11238784653301
 20
-33.82994215451737
 30
0.0
 10
61.8573629432799
 20
-33.68213481126878
 30
0.0
 10
61.60226937681091
 20
-33.53419383262889
 30
0.0
 10
61.47463381933289
 20
-33.46017185887246
 30
0.0
  0
SPLINE
  5
2821
330
27FF
100
AcDbEntity
  8
0
  6
Continuous
 62
     7
370
    25
100
AcDbSpline
210
0.0
220
0.0
230
1.0
 70
     8
 71
     3
 72
     9
 73
     5
 74
     0
 42
0.00000001
 43
0.00000001
 40
0.0
 40
0.0
 40
0.0
 40
0.0
 40
0.4996394452823374
 40
0.9999999999999999
 40
0.9999999999999999
 40
0.9999999999999999
 40
0.9999999999999999
 10
62.23981154780995
 20
-35.31490549932226
 30
0.0
 10
62.11239300243892
 20
-35.24105562087129
 30
0.0
 10
61.857372013656
 20
-35.09324927942197
 30
0.0
 10
61.60227453517291
 20
-34.9453073005821
 30
0.0
 10
61.47463381933289
 20
-34.87128296998355
 30
0.0
  0
SPLINE
  5
2822
330
27FF
100
AcDbEntity
  8
0
  6
Continuous
 62
     7
370
    25
100
AcDbSpline
210
0.0
220
0.0
230
1.0
 70
     8
 71
     3
 72
     9
 73
     5
 74
     0
 42
0.00000001
 43
0.00000001
 40
0.0
 40
0.0
 40
0.0
 40
0.0
 40
0.5000809083157635
 40
1.0
 40
1.0
 40
1.0
 40
1.0
 10
62.23981154780995
 20
14.07398338956671
 30
0.0
 10
62.11221164323501
 20
14.14791551315665
 30
0.0
 10
61.85705312297796
 20
14.29575583731321
 30
0.0
 10
61.602093168294
 20
14.4436638697012
 30
0.0
 10
61.47463381933289
 20
14.51760591890525
 30
0.0
  0
SPLINE
  5
2823
330
27FF
100
AcDbEntity
  8
0
  6
Continuous
 62
     7
370
    25
100
AcDbSpline
210
0.0
220
0.0
230
1.0
 70
     8
 71
     3
 72
     9
 73
     5
 74
     0
 42
0.00000001
 43
0.00000001
 40
0.0
 40
0.0
 40
0.0
 40
0.0
 40
0.4898213464021896
 40
0.9999999999999999
 40
0.9999999999999999
 40
0.9999999999999999
 40
0.9999999999999999
 10
53.501291885819
 20
13.79830260804351
 30
0.0
 10
53.37856173531691
 20
13.72714401216575
 30
0.0
 10
53.12800068605998
 20
13.58186942092851
 30
0.0
 10
52.87743631073704
 20
13.43670512337235
 30
0.0
 10
52.7496037150961
 20
13.36264539749442
 30
0.0
  0
SPLINE
  5
2824
330
27FF
100
AcDbEntity
  8
0
  6
Continuous
 62
     7
370
    25
100
AcDbSpline
210
0.0
220
0.0
230
1.0
 70
     8
 71
     3
 72
     9
 73
     5
 74
     0
 42
0.00000001
 43
0.00000001
 40
0.0
 40
0.0
 40
0.0
 40
0.0
 40
0.4700017630844806
 40
0.9999999999999999
 40
0.9999999999999999
 40
0.9999999999999999
 40
0.9999999999999999
 10
61.49870813493089
 20
13.09253171574301
 30
0.0
 10
61.49870822287198
 20
13.11860398242953
 30
0.0
 10
61.49870840998005
 20
13.17407668218164
 30
0.0
 10
61.4987082152561
 20
13.22954938195875
 30
0.0
 10
61.4987081120521
 20
13.25894981503734
 30
0.0
  0
SPLINE
  5
2825
330
27FF
100
AcDbEntity
  8
0
  6
Continuous
 62
     7
370
    25
100
AcDbSpline
210
0.0
220
0.0
230
1.0
 70
     8
 71
     3
 72
     9
 73
     5
 74
     0
 42
0.00000001
 43
0.00000001
 40
0.0
 40
0.0
 40
0.0
 40
0.0
 40
0.469504843246194
 40
1.0
 40
1.0
 40
1.0
 40
1.0
 10
61.49870837689991
 20
-3.840800749490995
 30
0.0
 10
61.49870939309108
 20
-3.814756197175086
 30
0.0
 10
61.4987115574811
 20
-3.759283814534797
 30
0.0
 10
61.49870930629504
 20
-3.703811377484499
 30
0.0
 10
61.4987081120521
 20
-3.674383518295997
 30
0.0
  0
SPLINE
  5
2826
330
27FF
100
AcDbEntity
  8
0
  6
Continuous
 62
     7
370
    25
100
AcDbSpline
210
0.0
220
0.0
230
1.0
 70
     8
 71
     3
 72
     9
 73
     5
 74
     0
 42
0.00000001
 43
0.00000001
 40
0.0
 40
0.0
 40
0.0
 40
0.0
 40
0.4694634553486329
 40
0.9999999999999999
 40
0.9999999999999999
 40
0.9999999999999999
 40
0.9999999999999999
 10
61.49870839434493
 20
-5.251911787682786
 30
0.0
 10
61.49870947731301
 20
-5.225869545907301
 30
0.0
 10
61.498711784134
 20
-5.170397194483655
 30
0.0
 10
61.49870938492199
 20
-5.114924775106772
 30
0.0
 10
61.4987081120521
 20
-5.085494629407094
 30
0.0
  0
SPLINE
  5
2827
330
27FF
100
AcDbEntity
  8
0
  6
Continuous
 62
     7
370
    25
100
AcDbSpline
210
0.0
220
0.0
230
1.0
 70
     8
 71
     3
 72
     9
 73
     5
 74
     0
 42
0.00000001
 43
0.00000001
 40
0.0
 40
0.0
 40
0.0
 40
0.0
 40
0.4694220729197614
 40
1.0
 40
1.0
 40
1.0
 40
1.0
 10
61.49870841137204
 20
-6.66302282578539
 30
0.0
 10
61.49870955949109
 20
-6.636982894756386
 30
0.0
 10
61.49871200530606
 20
-6.58151057564038
 30
0.0
 10
61.49870946165606
 20
-6.526038172948574
 30
0.0
 10
61.4987081120521
 20
-6.496605740518248
 30
0.0
  0
SPLINE
  5
2828
330
27FF
100
AcDbEntity
  8
0
  6
Continuous
 62
     7
370
    25
100
AcDbSpline
210
0.0
220
0.0
230
1.0
 70
     8
 71
     3
 72
     9
 73
     5
 74
     0
 42
0.00000001
 43
0.00000001
 40
0.0
 40
0.0
 40
0.0
 40
0.0
 40
0.4693806964025146
 40
1.0
 40
1.0
 40
1.0
 40
1.0
 10
61.498708427981
 20
-8.074133863798465
 30
0.0
 10
61.49870963962508
 20
-8.048096243732857
 30
0.0
 10
61.49871222099296
 20
-7.992623958091201
 30
0.0
 10
61.49870953649793
 20
-7.937151571023776
 30
0.0
 10
61.4987081120521
 20
-7.907716851629289
 30
0.0
  0
SPLINE
  5
2829
330
27FF
100
AcDbEntity
  8
0
  6
Continuous
 62
     7
370
    25
100
AcDbSpline
210
0.0
220
0.0
230
1.0
 70
     8
 71
     3
 72
     9
 73
     5
 74
     0
 42
0.00000001
 43
0.00000001
 40
0.0
 40
0.0
 40
0.0
 40
0.0
 40
0.4693393262388849
 40
1.0
 40
1.0
 40
1.0
 40
1.0
 10
61.49870844417001
 20
-9.485244901722297
 30
0.0
 10
61.49870971771497
 20
-9.459209592847799
 30
0.0
 10
61.4987124311981
 20
-9.403737341921783
 30
0.0
 10
61.49870960944509
 20
-9.34826496934636
 30
0.0
 10
61.4987081120521
 20
-9.3188279627405
 30
0.0
  0
SPLINE
  5
282A
330
27FF
100
AcDbEntity
  8
0
  6
Continuous
 62
     7
370
    25
100
AcDbSpline
210
0.0
220
0.0
230
1.0
 70
     8
 71
     3
 72
     9
 73
     5
 74
     0
 42
0.00000001
 43
0.00000001
 40
0.0
 40
0.0
 40
0.0
 40
0.0
 40
0.4692979628715909
 40
1.0
 40
1.0
 40
1.0
 40
1.0
 10
61.4987084599411
 20
-10.8963559395566
 30
0.0
 10
61.4987097937601
 20
-10.8703229421115
 30
0.0
 10
61.49871263591808
 20
-10.81485072721898
 30
0.0
 10
61.49870968049891
 20
-10.75937836793025
 30
0.0
 10
61.4987081120521
 20
-10.7299390738516
 30
0.0
  0
SPLINE
  5
282B
330
27FF
100
AcDbEntity
  8
0
  6
Continuous
 62
     7
370
    25
100
AcDbSpline
210
0.0
220
0.0
230
1.0
 70
     8
 71
     3
 72
     9
 73
     5
 74
     0
 42
0.00000001
 43
0.00000001
 40
0.0
 40
0.0
 40
0.0
 40
0.0
 40
0.4692566067429793
 40
1.0
 40
1.0
 40
1.0
 40
1.0
 10
61.49870847529201
 20
-12.30746697730149
 30
0.0
 10
61.49870986776091
 20
-12.28143629153487
 30
0.0
 10
61.49871283515495
 20
-12.22596411406886
 30
0.0
 10
61.49870974965893
 20
-12.17049176678967
 30
0.0
 10
61.4987081120521
 20
-12.14105018496269
 30
0.0
  0
SPLINE
  5
282C
330
27FF
100
AcDbEntity
  8
0
  6
Continuous
 62
     7
370
    25
100
AcDbSpline
210
0.0
220
0.0
230
1.0
 70
     8
 71
     3
 72
     9
 73
     5
 74
     0
 42
0.00000001
 43
0.00000001
 40
0.0
 40
0.0
 40
0.0
 40
0.0
 40
0.4692152582938739
 40
1.0
 40
1.0
 40
1.0
 40
1.0
 10
61.49870849022409
 20
-13.71857801495668
 30
0.0
 10
61.49870993971899
 20
-13.69254964112889
 30
0.0
 10
61.49871302890801
 20
-13.63707750255776
 30
0.0
 10
61.49870981692402
 20
-13.5816051659383
 30
0.0
 10
61.4987081120521
 20
-13.55216129607385
 30
0.0
  0
SPLINE
  5
282D
330
27FF
100
AcDbEntity
  8
0
  6
Continuous
 62
     7
370
    25
100
AcDbSpline
210
0.0
220
0.0
230
1.0
 70
     8
 71
     3
 72
     9
 73
     5
 74
     0
 42
0.00000001
 43
0.00000001
 40
0.0
 40
0.0
 40
0.0
 40
0.0
 40
0.4691739179665763
 40
1.0
 40
1.0
 40
1.0
 40
1.0
 10
61.49870850473599
 20
-15.12968905252205
 30
0.0
 10
61.49871000963299
 20
-15.10366299090356
 30
0.0
 10
61.49871321717796
 20
-15.04819089277197
 30
0.0
 10
61.49870988229509
 20
-14.99271856539019
 30
0.0
 10
61.4987081120521
 20
-14.96327240718489
 30
0.0
  0
SPLINE
  5
282E
330
27FF
100
AcDbEntity
  8
0
  6
Continuous
 62
     7
370
    25
100
AcDbSpline
210
0.0
220
0.0
230
1.0
 70
     8
 71
     3
 72
     9
 73
     5
 74
     0
 42
0.00000001
 43
0.00000001
 40
0.0
 40
0.0
 40
0.0
 40
0.0
 40
0.4691325862024489
 40
1.0
 40
1.0
 40
1.0
 40
1.0
 10
61.49870851882997
 20
-16.54080008999779
 30
0.0
 10
61.49871007750403
 20
-16.51477634087047
 30
0.0
 10
61.49871339996298
 20
-16.45930428479755
 30
0.0
 10
61.498709945771
 20
-16.4038319651595
 30
0.0
 10
61.4987081120521
 20
-16.37438351829599
 30
0.0
  0
SPLINE
  5
282F
330
27FF
100
AcDbEntity
  8
0
  6
Continuous
 62
     7
370
    25
100
AcDbSpline
210
0.0
220
0.0
230
1.0
 70
     8
 71
     3
 72
     9
 73
     5
 74
     0
 42
0.00000001
 43
0.00000001
 40
0.0
 40
0.0
 40
0.0
 40
0.0
 40
0.4690912634413029
 40
1.0
 40
1.0
 40
1.0
 40
1.0
 10
61.49870853250309
 20
-17.9519111273836
 30
0.0
 10
61.49871014333098
 20
-17.92588969103929
 30
0.0
 10
61.49871357726397
 20
-17.87041767872006
 30
0.0
 10
61.49871000735106
 20
-17.81494536526009
 30
0.0
 10
61.4987081120521
 20
-17.7854946294072
 30
0.0
  0
SPLINE
  5
2830
330
27FF
100
AcDbEntity
  8
0
  6
Continuous
 62
     7
370
    25
100
AcDbSpline
210
0.0
220
0.0
230
1.0
 70
     8
 71
     3
 72
     9
 73
     5
 74
     0
 42
0.00000001
 43
0.00000001
 40
0.0
 40
0.0
 40
0.0
 40
0.0
 40
0.4690499501233523
 40
1.0
 40
1.0
 40
1.0
 40
1.0
 10
61.49870854575693
 20
-19.36302216467965
 30
0.0
 10
61.49871020711589
 20
-19.33700304142116
 30
0.0
 10
61.49871374908207
 20
-19.28153107462566
 30
0.0
 10
61.49871006703506
 20
-19.22605876570606
 30
0.0
 10
61.4987081120521
 20
-19.19660574051818
 30
0.0
  0
SPLINE
  5
2831
330
27FF
100
AcDbEntity
  8
0
  6
Continuous
 62
     7
370
    25
100
AcDbSpline
210
0.0
220
0.0
230
1.0
 70
     8
 71
     3
 72
     9
 73
     5
 74
     0
 42
0.00000001
 43
0.00000001
 40
0.0
 40
0.0
 40
0.0
 40
0.0
 40
0.4690086466892766
 40
1.0
 40
1.0
 40
1.0
 40
1.0
 10
61.49870855859103
 20
-20.77413320188555
 30
0.0
 10
61.49871026885808
 20
-20.74811639202636
 30
0.0
 10
61.49871391541501
 20
-20.69264447260076
 30
0.0
 10
61.49871012482299
 20
-20.63717216651105
 30
0.0
 10
61.4987081120521
 20
-20.60771685162939
 30
0.0
  0
SPLINE
  5
2832
330
27FF
100
AcDbEntity
  8
0
  6
Continuous
 62
     7
370
    25
100
AcDbSpline
210
0.0
220
0.0
230
1.0
 70
     8
 71
     3
 72
     9
 73
     5
 74
     0
 42
0.00000001
 43
0.00000001
 40
0.0
 40
0.0
 40
0.0
 40
0.0
 40
0.468967353578765
 40
1.0
 40
1.0
 40
1.0
 40
1.0
 10
61.49870857100495
 20
-22.18524423900135
 30
0.0
 10
61.49871032855708
 20
-22.15922974286588
 30
0.0
 10
61.49871407626301
 20
-22.1037578727308
 30
0.0
 10
61.49871018071508
 20
-22.04828556768956
 30
0.0
 10
61.4987081120521
 20
-22.01882796274049
 30
0.0
  0
SPLINE
  5
2833
330
27FF
100
AcDbEntity
  8
0
  6
Continuous
 62
     7
370
    25
100
AcDbSpline
210
0.0
220
0.0
230
1.0
 70
     8
 71
     3
 72
     9
 73
     5
 74
     0
 42
0.00000001
 43
0.00000001
 40
0.0
 40
0.0
 40
0.0
 40
0.0
 40
0.4689260712301095
 40
1.0
 40
1.0
 40
1.0
 40
1.0
 10
61.49870858300005
 20
-23.596355276027
 30
0.0
 10
61.49871038621404
 20
-23.57034309395016
 30
0.0
 10
61.49871423162699
 20
-23.5148712751012
 30
0.0
 10
61.4987102347111
 20
-23.45939896925518
 30
0.0
 10
61.4987081120521
 20
-23.42993907385147
 30
0.0
  0
SPLINE
  5
2834
330
27FF
100
AcDbEntity
  8
0
  6
Continuous
 62
     7
370
    25
100
AcDbSpline
210
0.0
220
0.0
230
1.0
 70
     8
 71
     3
 72
     9
 73
     5
 74
     0
 42
0.00000001
 43
0.00000001
 40
0.0
 40
0.0
 40
0.0
 40
0.0
 40
0.4688848000823397
 40
1.0
 40
1.0
 40
1.0
 40
1.0
 10
61.49870859457405
 20
-25.00746631296249
 30
0.0
 10
61.49871044182896
 20
-24.98145644528967
 30
0.0
 10
61.49871438150694
 20
-24.92598467979809
 30
0.0
 10
61.498710286809
 20
-24.87051237122199
 30
0.0
 10
61.4987081120521
 20
-24.8410501849628
 30
0.0
  0
SPLINE
  5
2835
330
27FF
100
AcDbEntity
  8
0
  6
Continuous
 62
     7
370
    25
100
AcDbSpline
210
0.0
220
0.0
230
1.0
 70
     8
 71
     3
 72
     9
 73
     5
 74
     0
 42
0.00000001
 43
0.00000001
 40
0.0
 40
0.0
 40
0.0
 40
0.0
 40
0.4688435405740575
 40
1.0
 40
1.0
 40
1.0
 40
1.0
 10
61.49870860572696
 20
-26.41857734980755
 30
0.0
 10
61.49871049540093
 20
-26.39256979689497
 30
0.0
 10
61.49871452590196
 20
-26.33709808690656
 30
0.0
 10
61.49871033700992
 20
-26.28162577360376
 30
0.0
 10
61.4987081120521
 20
-26.25216129607378
 30
0.0
  0
SPLINE
  5
2836
330
27FF
100
AcDbEntity
  8
0
  6
Continuous
 62
     7
370
    25
100
AcDbSpline
210
0.0
220
0.0
230
1.0
 70
     8
 71
     3
 72
     9
 73
     5
 74
     0
 42
0.00000001
 43
0.00000001
 40
0.0
 40
0.0
 40
0.0
 40
0.0
 40
0.4688022931429068
 40
1.0
 40
1.0
 40
1.0
 40
1.0
 10
61.49870861645991
 20
-27.8296883865624
 30
0.0
 10
61.49871054693199
 20
-27.8036831487766
 30
0.0
 10
61.49871466481204
 20
-27.74821149651257
 30
0.0
 10
61.49871038531296
 20
-27.69273917641499
 30
0.0
 10
61.4987081120521
 20
-27.66327240718488
 30
0.0
  0
SPLINE
  5
2837
330
27FF
100
AcDbEntity
  8
0
  6
Continuous
 62
     7
370
    25
100
AcDbSpline
210
0.0
220
0.0
230
1.0
 70
     8
 71
     3
 72
     9
 73
     5
 74
     0
 42
0.00000001
 43
0.00000001
 40
0.0
 40
0.0
 40
0.0
 40
0.0
 40
0.4687610582250845
 40
1.0
 40
1.0
 40
1.0
 40
1.0
 10
61.49870862677403
 20
-29.24079942322669
 30
0.0
 10
61.49871059642192
 20
-29.21479650094506
 30
0.0
 10
61.4987147982381
 20
-29.15932490870136
 30
0.0
 10
61.49871043171788
 20
-29.10385257966897
 30
0.0
 10
61.4987081120521
 20
-29.07438351829609
 30
0.0
  0
SPLINE
  5
2838
330
27FF
100
AcDbEntity
  8
0
  6
Continuous
 62
     7
370
    25
100
AcDbSpline
210
0.0
220
0.0
230
1.0
 70
     8
 71
     3
 72
     9
 73
     5
 74
     0
 42
0.00000001
 43
0.00000001
 40
0.0
 40
0.0
 40
0.0
 40
0.0
 40
0.4687198362585184
 40
0.9999999999999999
 40
0.9999999999999999
 40
0.9999999999999999
 40
0.9999999999999999
 10
61.49870863666592
 20
-30.65191045980049
 30
0.0
 10
61.49871064386889
 20
-30.6259098534108
 30
0.0
 10
61.49871492617694
 20
-30.57043832355765
 30
0.0
 10
61.49871047622401
 20
-30.51496598338008
 30
0.0
 10
61.4987081120521
 20
-30.48549462940707
 30
0.0
  0
SPLINE
  5
2839
330
27FF
100
AcDbEntity
  8
0
  6
Continuous
 62
     7
370
    25
100
AcDbSpline
210
0.0
220
0.0
230
1.0
 70
     8
 71
     3
 72
     9
 73
     5
 74
     0
 42
0.00000001
 43
0.00000001
 40
0.0
 40
0.0
 40
0.0
 40
0.0
 40
0.4686786276790965
 40
1.0
 40
1.0
 40
1.0
 40
1.0
 10
61.49870864613808
 20
-32.06302149628357
 30
0.0
 10
61.49871068927496
 20
-32.0370232061843
 30
0.0
 10
61.49871504863199
 20
-31.98155174116766
 30
0.0
 10
61.49871051883201
 20
-31.92607938756197
 30
0.0
 10
61.4987081120521
 20
-31.89660574051828
 30
0.0
  0
SPLINE
  5
283A
330
27FF
100
AcDbEntity
  8
0
  6
Continuous
 62
     7
370
    25
100
AcDbSpline
210
0.0
220
0.0
230
1.0
 70
     8
 71
     3
 72
     9
 73
     5
 74
     0
 42
0.00000001
 43
0.00000001
 40
0.0
 40
0.0
 40
0.0
 40
0.0
 40
0.4686374329228695
 40
1.0
 40
1.0
 40
1.0
 40
1.0
 10
61.49870865518801
 20
-33.47413253267587
 30
0.0
 10
61.49871073264103
 20
-33.44813655927595
 30
0.0
 10
61.49871516560302
 20
-33.39266516161609
 30
0.0
 10
61.498710559541
 20
-33.33719279222879
 30
0.0
 10
61.4987081120521
 20
-33.30771685162927
 30
0.0
  0
SPLINE
  5
283B
330
27FF
100
AcDbEntity
  8
0
  6
Continuous
 62
     7
370
    25
100
AcDbSpline
210
0.0
220
0.0
230
1.0
 70
     8
 71
     3
 72
     9
 73
     5
 74
     0
 42
0.00000001
 43
0.00000001
 40
0.0
 40
0.0
 40
0.0
 40
0.0
 40
0.4685962524240548
 40
1.0
 40
1.0
 40
1.0
 40
1.0
 10
61.49870866381889
 20
-34.88524356897767
 30
0.0
 10
61.49871077396506
 20
-34.85924991269627
 30
0.0
 10
61.49871527708797
 20
-34.80377858498747
 30
0.0
 10
61.49871059835095
 20
-34.7483061973943
 30
0.0
 10
61.4987081120521
 20
-34.71882796274036
 30
0.0
  0
SPLINE
  5
283C
330
27FF
100
AcDbEntity
  8
0
  6
Continuous
 62
     7
370
    25
100
AcDbSpline
210
0.0
220
0.0
230
1.0
 70
     8
 71
     3
 72
     9
 73
     5
 74
     0
 42
0.00000001
 43
0.00000001
 40
0.0
 40
0.0
 40
0.0
 40
0.0
 40
0.5000682312429342
 40
0.9999999999999999
 40
0.9999999999999999
 40
0.9999999999999999
 40
0.9999999999999999
 10
-52.76018845219005
 20
12.66287227845561
 30
0.0
 10
-52.88778314912292
 20
12.73680205748025
 30
0.0
 10
-53.14293772396309
 20
12.88464144099981
 30
0.0
 10
-53.39790162610211
 20
13.0325504135381
 30
0.0
 10
-53.52536618066711
 20
13.10649480779415
 30
0.0
  0
SPLINE
  5
283D
330
27FF
100
AcDbEntity
  8
0
  6
Continuous
 62
     7
370
    25
100
AcDbSpline
210
0.0
220
0.0
230
1.0
 70
     8
 71
     3
 72
     9
 73
     5
 74
     0
 42
0.00000001
 43
0.00000001
 40
0.0
 40
0.0
 40
0.0
 40
0.0
 40
0.4999163954156443
 40
0.9999999999999999
 40
0.9999999999999999
 40
0.9999999999999999
 40
0.9999999999999999
 10
-52.76018845219005
 20
-4.270461054877785
 30
0.0
 10
-52.88772077699809
 20
-4.196559434671087
 30
0.0
 10
-53.14282808289295
 20
-4.048731476067758
 30
0.0
 10
-53.39783926800601
 20
-3.900811086930389
 30
0.0
 10
-53.52536618066711
 20
-3.826838525539074
 30
0.0
  0
SPLINE
  5
283E
330
27FF
100
AcDbEntity
  8
0
  6
Continuous
 62
     7
370
    25
100
AcDbSpline
210
0.0
220
0.0
230
1.0
 70
     8
 71
     3
 72
     9
 73
     5
 74
     0
 42
0.00000001
 43
0.00000001
 40
0.0
 40
0.0
 40
0.0
 40
0.0
 40
0.4999037667239077
 40
1.0
 40
1.0
 40
1.0
 40
1.0
 10
-52.76018845219005
 20
-5.681572165988882
 30
0.0
 10
-52.88771558925691
 20
-5.607672894367397
 30
0.0
 10
-53.14281896225998
 20
-5.459845899372169
 30
0.0
 10
-53.3978340805711
 20
-5.311924547528349
 30
0.0
 10
-53.52536618066711
 20
-5.237949636650399
 30
0.0
  0
SPLINE
  5
283F
330
27FF
100
AcDbEntity
  8
0
  6
Continuous
 62
     7
370
    25
100
AcDbSpline
210
0.0
220
0.0
230
1.0
 70
     8
 71
     3
 72
     9
 73
     5
 74
     0
 42
0.00000001
 43
0.00000001
 40
0.0
 40
0.0
 40
0.0
 40
0.0
 40
0.4998911418013905
 40
1.0
 40
1.0
 40
1.0
 40
1.0
 10
-52.76018845219005
 20
-7.092683277099979
 30
0.0
 10
-52.88771040304209
 20
-7.018786354375948
 30
0.0
 10
-53.14280984407901
 20
-6.8709603247774
 30
0.0
 10
-53.39782889452795
 20
-6.723038008471349
 30
0.0
 10
-53.52536618066711
 20
-6.649060747761382
 30
0.0
  0
SPLINE
  5
2840
330
27FF
100
AcDbEntity
  8
0
  6
Continuous
 62
     7
370
    25
100
AcDbSpline
210
0.0
220
0.0
230
1.0
 70
     8
 71
     3
 72
     9
 73
     5
 74
     0
 42
0.00000001
 43
0.00000001
 40
0.0
 40
0.0
 40
0.0
 40
0.0
 40
0.4998785206547617
 40
1.0
 40
1.0
 40
1.0
 40
1.0
 10
-52.76018845219005
 20
-8.50379438821119
 30
0.0
 10
-52.8877052183509
 20
-8.429899814697649
 30
0.0
 10
-53.1428007283439
 20
-8.282074752287201
 30
0.0
 10
-53.39782370987609
 20
-8.134151469759672
 30
0.0
 10
-53.52536618066711
 20
-8.060171858872593
 30
0.0
  0
SPLINE
  5
2841
330
27FF
100
AcDbEntity
  8
0
  6
Continuous
 62
     7
370
    25
100
AcDbSpline
210
0.0
220
0.0
230
1.0
 70
     8
 71
     3
 72
     9
 73
     5
 74
     0
 42
0.00000001
 43
0.00000001
 40
0.0
 40
0.0
 40
0.0
 40
0.0
 40
0.4998659032906302
 40
0.9999999999999999
 40
0.9999999999999999
 40
0.9999999999999999
 40
0.9999999999999999
 10
-52.76018845219005
 20
-9.914905499322174
 30
0.0
 10
-52.88770003518312
 20
-9.841013275332557
 30
0.0
 10
-53.14279161505101
 20
-9.69318918190396
 30
0.0
 10
-53.39781852661508
 20
-9.545264931394001
 30
0.0
 10
-53.52536618066711
 20
-9.47128296998369
 30
0.0
  0
SPLINE
  5
2842
330
27FF
100
AcDbEntity
  8
0
  6
Continuous
 62
     7
370
    25
100
AcDbSpline
210
0.0
220
0.0
230
1.0
 70
     8
 71
     3
 72
     9
 73
     5
 74
     0
 42
0.00000001
 43
0.00000001
 40
0.0
 40
0.0
 40
0.0
 40
0.0
 40
0.49985328971636
 40
0.9999999999999999
 40
0.9999999999999999
 40
0.9999999999999999
 40
0.9999999999999999
 10
-52.76018845219005
 20
-11.32601661043338
 30
0.0
 10
-52.887694853536
 20
-11.25212673628147
 30
0.0
 10
-53.14278250419102
 20
-11.10430361363279
 30
0.0
 10
-53.39781334474401
 20
-10.95637839337479
 30
0.0
 10
-53.52536618066711
 20
-10.88239408109467
 30
0.0
  0
SPLINE
  5
2843
330
27FF
100
AcDbEntity
  8
0
  6
Continuous
 62
     7
370
    25
100
AcDbSpline
210
0.0
220
0.0
230
1.0
 70
     8
 71
     3
 72
     9
 73
     5
 74
     0
 42
0.00000001
 43
0.00000001
 40
0.0
 40
0.0
 40
0.0
 40
0.0
 40
0.499840679938217
 40
1.0
 40
1.0
 40
1.0
 40
1.0
 10
-52.76018845219005
 20
-12.73712772154437
 30
0.0
 10
-52.88768967341002
 20
-12.66324019754438
 30
0.0
 10
-53.14277339576006
 20
-12.51541804747609
 30
0.0
 10
-53.39780816426196
 20
-12.3674918557025
 30
0.0
 10
-53.52536618066711
 20
-12.29350519220588
 30
0.0
  0
SPLINE
  5
2844
330
27FF
100
AcDbEntity
  8
0
  6
Continuous
 62
     7
370
    25
100
AcDbSpline
210
0.0
220
0.0
230
1.0
 70
     8
 71
     3
 72
     9
 73
     5
 74
     0
 42
0.00000001
 43
0.00000001
 40
0.0
 40
0.0
 40
0.0
 40
0.0
 40
0.4998280739629733
 40
1.0
 40
1.0
 40
1.0
 40
1.0
 10
-52.76018845219005
 20
-14.14823883265547
 30
0.0
 10
-52.88768449480494
 20
-14.07435365912215
 30
0.0
 10
-53.1427642897529
 20
-13.92653248343765
 30
0.0
 10
-53.39780298516803
 20
-13.77860531837808
 30
0.0
 10
-53.52536618066711
 20
-13.70461630331698
 30
0.0
  0
SPLINE
  5
2845
330
27FF
100
AcDbEntity
  8
0
  6
Continuous
 62
     7
370
    25
100
AcDbSpline
210
0.0
220
0.0
230
1.0
 70
     8
 71
     3
 72
     9
 73
     5
 74
     0
 42
0.00000001
 43
0.00000001
 40
0.0
 40
0.0
 40
0.0
 40
0.0
 40
0.4998154717977439
 40
0.9999999999999999
 40
0.9999999999999999
 40
0.9999999999999999
 40
0.9999999999999999
 10
-52.76018845219005
 20
-15.55934994376679
 30
0.0
 10
-52.88767931772009
 20
-15.48546712101535
 30
0.0
 10
-53.14275518616091
 20
-15.33764692152118
 30
0.0
 10
-53.39779780746107
 20
-15.18971878140155
 30
0.0
 10
-53.52536618066711
 20
-15.11572741442797
 30
0.0
  0
SPLINE
  5
2846
330
27FF
100
AcDbEntity
  8
0
  6
Continuous
 62
     7
370
    25
100
AcDbSpline
210
0.0
220
0.0
230
1.0
 70
     8
 71
     3
 72
     9
 73
     5
 74
     0
 42
0.00000001
 43
0.00000001
 40
0.0
 40
0.0
 40
0.0
 40
0.0
 40
0.4998028734488861
 40
1.0
 40
1.0
 40
1.0
 40
1.0
 10
-52.76018845219005
 20
-16.97046105487777
 30
0.0
 10
-52.88767414215204
 20
-16.89658058322419
 30
0.0
 10
-53.14274608498204
 20
-16.74876136172975
 30
0.0
 10
-53.3977926311411
 20
-16.60083224477398
 30
0.0
 10
-53.52536618066711
 20
-16.52683852553906
 30
0.0
  0
SPLINE
  5
2847
330
27FF
100
AcDbEntity
  8
0
  6
Continuous
 62
     7
370
    25
100
AcDbSpline
210
0.0
220
0.0
230
1.0
 70
     8
 71
     3
 72
     9
 73
     5
 74
     0
 42
0.00000001
 43
0.00000001
 40
0.0
 40
0.0
 40
0.0
 40
0.0
 40
0.4997902789232391
 40
1.0
 40
1.0
 40
1.0
 40
1.0
 10
-52.76018845219005
 20
-18.38157216598887
 30
0.0
 10
-52.88766896810307
 20
-18.30769404574869
 30
0.0
 10
-53.14273698620696
 20
-18.15987580406687
 30
0.0
 10
-53.39778745620811
 20
-18.01194570849526
 30
0.0
 10
-53.52536618066711
 20
-17.93794963665027
 30
0.0
  0
SPLINE
  5
2848
330
27FF
100
AcDbEntity
  8
0
  6
Continuous
 62
     7
370
    25
100
AcDbSpline
210
0.0
220
0.0
230
1.0
 70
     8
 71
     3
 72
     9
 73
     5
 74
     0
 42
0.00000001
 43
0.00000001
 40
0.0
 40
0.0
 40
0.0
 40
0.0
 40
0.4997776882278435
 40
1.0
 40
1.0
 40
1.0
 40
1.0
 10
-52.76018845219005
 20
-19.79268327709997
 30
0.0
 10
-52.88766379557001
 20
-19.71880750859009
 30
0.0
 10
-53.14272788983089
 20
-19.57099024853676
 30
0.0
 10
-53.39778228265891
 20
-19.42305917256635
 30
0.0
 10
-53.52536618066711
 20
-19.34906074776126
 30
0.0
  0
SPLINE
  5
2849
330
27FF
100
AcDbEntity
  8
0
  6
Continuous
 62
     7
370
    25
100
AcDbSpline
210
0.0
220
0.0
230
1.0
 70
     8
 71
     3
 72
     9
 73
     5
 74
     0
 42
0.00000001
 43
0.00000001
 40
0.0
 40
0.0
 40
0.0
 40
0.0
 40
0.4997651013688434
 40
1.0
 40
1.0
 40
1.0
 40
1.0
 10
-52.76018845219005
 20
-21.20379438821107
 30
0.0
 10
-52.88765862455307
 20
-21.12992097174856
 30
0.0
 10
-53.14271879584794
 20
-20.98210469514169
 30
0.0
 10
-53.3977771104951
 20
-20.8341726369876
 30
0.0
 10
-53.52536618066711
 20
-20.76017185887258
 30
0.0
  0
SPLINE
  5
284A
330
27FF
100
AcDbEntity
  8
0
  6
Continuous
 62
     7
370
    25
100
AcDbSpline
210
0.0
220
0.0
230
1.0
 70
     8
 71
     3
 72
     9
 73
     5
 74
     0
 42
0.00000001
 43
0.00000001
 40
0.0
 40
0.0
 40
0.0
 40
0.0
 40
0.4997525183535518
 40
1.0
 40
1.0
 40
1.0
 40
1.0
 10
-52.76018845219005
 20
-22.61490549932216
 30
0.0
 10
-52.88765345505089
 20
-22.54103443522456
 30
0.0
 10
-53.14270970425196
 20
-22.39321914388626
 30
0.0
 10
-53.39777193971508
 20
-22.24528610175969
 30
0.0
 10
-53.52536618066711
 20
-22.17128296998357
 30
0.0
  0
SPLINE
  5
284B
330
27FF
100
AcDbEntity
  8
0
  6
Continuous
 62
     7
370
    25
100
AcDbSpline
210
0.0
220
0.0
230
1.0
 70
     8
 71
     3
 72
     9
 73
     5
 74
     0
 42
0.00000001
 43
0.00000001
 40
0.0
 40
0.0
 40
0.0
 40
0.0
 40
0.4997399391885592
 40
1.0
 40
1.0
 40
1.0
 40
1.0
 10
-52.76018845219005
 20
-24.02601661043326
 30
0.0
 10
-52.88764828706303
 20
-23.9521478990186
 30
0.0
 10
-53.14270061503794
 20
-23.80433359477325
 30
0.0
 10
-53.39776677031705
 20
-23.65639956688307
 30
0.0
 10
-53.52536618066711
 20
-23.58239408109466
 30
0.0
  0
SPLINE
  5
284C
330
27FF
100
AcDbEntity
  8
0
  6
Continuous
 62
     7
370
    25
100
AcDbSpline
210
0.0
220
0.0
230
1.0
 70
     8
 71
     3
 72
     9
 73
     5
 74
     0
 42
0.00000001
 43
0.00000001
 40
0.0
 40
0.0
 40
0.0
 40
0.0
 40
0.4997273638804011
 40
1.0
 40
1.0
 40
1.0
 40
1.0
 10
-52.76018845219005
 20
-25.43712772154447
 30
0.0
 10
-52.88764312058811
 20
-25.3632613631309
 30
0.0
 10
-53.14269152819998
 20
-25.2154480478066
 30
0.0
 10
-53.39776160230099
 20
-25.06751303235859
 30
0.0
 10
-53.52536618066711
 20
-24.99350519220587
 30
0.0
  0
SPLINE
  5
284D
330
27FF
100
AcDbEntity
  8
0
  6
Continuous
 62
     7
370
    25
100
AcDbSpline
210
0.0
220
0.0
230
1.0
 70
     8
 71
     3
 72
     9
 73
     5
 74
     0
 42
0.00000001
 43
0.00000001
 40
0.0
 40
0.0
 40
0.0
 40
0.0
 40
0.4997147924358456
 40
1.0
 40
1.0
 40
1.0
 40
1.0
 10
-52.76018845219005
 20
-26.84823883265557
 30
0.0
 10
-52.887637955625
 20
-26.7743748275621
 30
0.0
 10
-53.14268244373011
 20
-26.62656250298909
 30
0.0
 10
-53.39775643566691
 20
-26.47862649818597
 30
0.0
 10
-53.52536618066711
 20
-26.40461630331686
 30
0.0
  0
SPLINE
  5
284E
330
27FF
100
AcDbEntity
  8
0
  6
Continuous
 62
     7
370
    25
100
AcDbSpline
210
0.0
220
0.0
230
1.0
 70
     8
 71
     3
 72
     9
 73
     5
 74
     0
 42
0.00000001
 43
0.00000001
 40
0.0
 40
0.0
 40
0.0
 40
0.0
 40
0.499702224861977
 40
1.0
 40
1.0
 40
1.0
 40
1.0
 10
-52.76018845219005
 20
-28.25934994376667
 30
0.0
 10
-52.88763279217392
 20
-28.1854882923127
 30
0.0
 10
-53.14267336162493
 20
-28.03767696032509
 30
0.0
 10
-53.39775127041389
 20
-27.88973996436658
 30
0.0
 10
-53.52536618066711
 20
-27.81572741442807
 30
0.0
  0
SPLINE
  5
284F
330
27FF
100
AcDbEntity
  8
0
  6
Continuous
 62
     7
370
    25
100
AcDbSpline
210
0.0
220
0.0
230
1.0
 70
     8
 71
     3
 72
     9
 73
     5
 74
     0
 42
0.00000001
 43
0.00000001
 40
0.0
 40
0.0
 40
0.0
 40
0.0
 40
0.4996896611649432
 40
0.9999999999999999
 40
0.9999999999999999
 40
0.9999999999999999
 40
0.9999999999999999
 10
-52.76018845219005
 20
-29.67046105487776
 30
0.0
 10
-52.88762763023396
 20
-29.59660175738298
 30
0.0
 10
-53.14266428187693
 20
-29.44879141981738
 30
0.0
 10
-53.3977461065399
 20
-29.3008534309007
 30
0.0
 10
-53.52536618066711
 20
-29.22683852553916
 30
0.0
  0
SPLINE
  5
2850
330
27FF
100
AcDbEntity
  8
0
  6
Continuous
 62
     7
370
    25
100
AcDbSpline
210
0.0
220
0.0
230
1.0
 70
     8
 71
     3
 72
     9
 73
     5
 74
     0
 42
0.00000001
 43
0.00000001
 40
0.0
 40
0.0
 40
0.0
 40
0.0
 40
0.4996771013517221
 40
1.0
 40
1.0
 40
1.0
 40
1.0
 10
-52.76018845219005
 20
-31.08157216598886
 30
0.0
 10
-52.88762246980309
 20
-31.00771522277375
 30
0.0
 10
-53.14265520448112
 20
-30.85990588146996
 30
0.0
 10
-53.39774094404493
 20
-30.71196689778856
 30
0.0
 10
-53.52536618066711
 20
-30.63794963665015
 30
0.0
  0
SPLINE
  5
2851
330
27FF
100
AcDbEntity
  8
0
  6
Continuous
 62
     7
370
    25
100
AcDbSpline
210
0.0
220
0.0
230
1.0
 70
     8
 71
     3
 72
     9
 73
     5
 74
     0
 42
0.00000001
 43
0.00000001
 40
0.0
 40
0.0
 40
0.0
 40
0.0
 40
0.4996645454290417
 40
0.9999999999999999
 40
0.9999999999999999
 40
0.9999999999999999
 40
0.9999999999999999
 10
-52.76018845219005
 20
-32.49268327710007
 30
0.0
 10
-52.88761731088107
 20
-32.41882868848489
 30
0.0
 10
-53.14264612942998
 20
-32.27102034528605
 30
0.0
 10
-53.39773578292807
 20
-32.1230803650314
 30
0.0
 10
-53.52536618066711
 20
-32.04906074776147
 30
0.0
  0
SPLINE
  5
2852
330
27FF
100
AcDbEntity
  8
0
  6
Continuous
 62
     7
370
    25
100
AcDbSpline
210
0.0
220
0.0
230
1.0
 70
     8
 71
     3
 72
     9
 73
     5
 74
     0
 42
0.00000001
 43
0.00000001
 40
0.0
 40
0.0
 40
0.0
 40
0.0
 40
0.4996519934036234
 40
1.0
 40
1.0
 40
1.0
 40
1.0
 10
-52.76018845219005
 20
-33.90379438821117
 30
0.0
 10
-52.8876121534679
 20
-33.82994215451737
 30
0.0
 10
-53.1426370567201
 20
-33.68213481126878
 30
0.0
 10
-53.39773062318909
 20
-33.53419383262889
 30
0.0
 10
-53.52536618066711
 20
-33.46017185887246
 30
0.0
  0
SPLINE
  5
2853
330
27FF
100
AcDbEntity
  8
0
  6
Continuous
 62
     7
370
    25
100
AcDbSpline
210
0.0
220
0.0
230
1.0
 70
     8
 71
     3
 72
     9
 73
     5
 74
     0
 42
0.00000001
 43
0.00000001
 40
0.0
 40
0.0
 40
0.0
 40
0.0
 40
0.4996394452823374
 40
0.9999999999999999
 40
0.9999999999999999
 40
0.9999999999999999
 40
0.9999999999999999
 10
-52.76018845219005
 20
-35.31490549932226
 30
0.0
 10
-52.88760699756108
 20
-35.24105562087129
 30
0.0
 10
-53.142627986344
 20
-35.09324927942197
 30
0.0
 10
-53.39772546482709
 20
-34.9453073005821
 30
0.0
 10
-53.52536618066711
 20
-34.87128296998355
 30
0.0
  0
SPLINE
  5
2854
330
27FF
100
AcDbEntity
  8
0
  6
Continuous
 62
     7
370
    25
100
AcDbSpline
210
0.0
220
0.0
230
1.0
 70
     8
 71
     3
 72
     9
 73
     5
 74
     0
 42
0.00000001
 43
0.00000001
 40
0.0
 40
0.0
 40
0.0
 40
0.0
 40
0.5000809083157635
 40
1.0
 40
1.0
 40
1.0
 40
1.0
 10
-52.76018845219005
 20
14.07398338956671
 30
0.0
 10
-52.88778835676499
 20
14.14791551315665
 30
0.0
 10
-53.14294687702295
 20
14.29575583731321
 30
0.0
 10
-53.397906831706
 20
14.4436638697012
 30
0.0
 10
-53.52536618066711
 20
14.51760591890525
 30
0.0
  0
SPLINE
  5
2855
330
27FF
100
AcDbEntity
  8
0
  6
Continuous
 62
     7
370
    25
100
AcDbSpline
210
0.0
220
0.0
230
1.0
 70
     8
 71
     3
 72
     9
 73
     5
 74
     0
 42
0.00000001
 43
0.00000001
 40
0.0
 40
0.0
 40
0.0
 40
0.0
 40
0.4898213464021896
 40
0.9999999999999999
 40
0.9999999999999999
 40
0.9999999999999999
 40
0.9999999999999999
 10
-61.498708114181
 20
13.79830260804351
 30
0.0
 10
-61.62143826468309
 20
13.72714401216575
 30
0.0
 10
-61.87199931394002
 20
13.58186942092851
 30
0.0
 10
-62.12256368926296
 20
13.43670512337235
 30
0.0
 10
-62.2503962849039
 20
13.36264539749442
 30
0.0
  0
SPLINE
  5
2856
330
27FF
100
AcDbEntity
  8
0
  6
Continuous
 62
     7
370
    25
100
AcDbSpline
210
0.0
220
0.0
230
1.0
 70
     8
 71
     3
 72
     9
 73
     5
 74
     0
 42
0.00000001
 43
0.00000001
 40
0.0
 40
0.0
 40
0.0
 40
0.0
 40
0.4700017630844806
 40
0.9999999999999999
 40
0.9999999999999999
 40
0.9999999999999999
 40
0.9999999999999999
 10
-53.50129186506911
 20
13.09253171574301
 30
0.0
 10
-53.50129177712802
 20
13.11860398242953
 30
0.0
 10
-53.50129159002108
 20
13.17407668218164
 30
0.0
 10
-53.5012917847439
 20
13.22954938195875
 30
0.0
 10
-53.5012918879479
 20
13.25894981503734
 30
0.0
  0
SPLINE
  5
2857
330
27FF
100
AcDbEntity
  8
0
  6
Continuous
 62
     7
370
    25
100
AcDbSpline
210
0.0
220
0.0
230
1.0
 70
     8
 71
     3
 72
     9
 73
     5
 74
     0
 42
0.00000001
 43
0.00000001
 40
0.0
 40
0.0
 40
0.0
 40
0.0
 40
0.469504843246194
 40
1.0
 40
1.0
 40
1.0
 40
1.0
 10
-53.501291623101
 20
-3.840800749490995
 30
0.0
 10
-53.50129060690892
 20
-3.814756197175086
 30
0.0
 10
-53.50128844251799
 20
-3.759283814534797
 30
0.0
 10
-53.50129069370496
 20
-3.703811377484499
 30
0.0
 10
-53.5012918879479
 20
-3.674383518295997
 30
0.0
  0
SPLINE
  5
2858
330
27FF
100
AcDbEntity
  8
0
  6
Continuous
 62
     7
370
    25
100
AcDbSpline
210
0.0
220
0.0
230
1.0
 70
     8
 71
     3
 72
     9
 73
     5
 74
     0
 42
0.00000001
 43
0.00000001
 40
0.0
 40
0.0
 40
0.0
 40
0.0
 40
0.4694634553486329
 40
0.9999999999999999
 40
0.9999999999999999
 40
0.9999999999999999
 40
0.9999999999999999
 10
-53.50129160565507
 20
-5.251911787682786
 30
0.0
 10
-53.50129052268608
 20
-5.225869545907301
 30
0.0
 10
-53.50128821586509
 20
-5.170397194483655
 30
0.0
 10
-53.50129061507801
 20
-5.114924775106772
 30
0.0
 10
-53.5012918879479
 20
-5.085494629407094
 30
0.0
  0
SPLINE
  5
2859
330
27FF
100
AcDbEntity
  8
0
  6
Continuous
 62
     7
370
    25
100
AcDbSpline
210
0.0
220
0.0
230
1.0
 70
     8
 71
     3
 72
     9
 73
     5
 74
     0
 42
0.00000001
 43
0.00000001
 40
0.0
 40
0.0
 40
0.0
 40
0.0
 40
0.4694220729197614
 40
1.0
 40
1.0
 40
1.0
 40
1.0
 10
-53.50129158862796
 20
-6.66302282578539
 30
0.0
 10
-53.50129044050891
 20
-6.636982894756386
 30
0.0
 10
-53.50128799469508
 20
-6.58151057564038
 30
0.0
 10
-53.50129053834394
 20
-6.526038172948574
 30
0.0
 10
-53.5012918879479
 20
-6.496605740518248
 30
0.0
  0
SPLINE
  5
285A
330
27FF
100
AcDbEntity
  8
0
  6
Continuous
 62
     7
370
    25
100
AcDbSpline
210
0.0
220
0.0
230
1.0
 70
     8
 71
     3
 72
     9
 73
     5
 74
     0
 42
0.00000001
 43
0.00000001
 40
0.0
 40
0.0
 40
0.0
 40
0.0
 40
0.4693806964025146
 40
1.0
 40
1.0
 40
1.0
 40
1.0
 10
-53.501291572019
 20
-8.074133863798465
 30
0.0
 10
-53.50129036037492
 20
-8.048096243732857
 30
0.0
 10
-53.50128777900591
 20
-7.992623958091201
 30
0.0
 10
-53.50129046350207
 20
-7.937151571023776
 30
0.0
 10
-53.5012918879479
 20
-7.907716851629289
 30
0.0
  0
SPLINE
  5
285B
330
27FF
100
AcDbEntity
  8
0
  6
Continuous
 62
     7
370
    25
100
AcDbSpline
210
0.0
220
0.0
230
1.0
 70
     8
 71
     3
 72
     9
 73
     5
 74
     0
 42
0.00000001
 43
0.00000001
 40
0.0
 40
0.0
 40
0.0
 40
0.0
 40
0.4693393262388849
 40
1.0
 40
1.0
 40
1.0
 40
1.0
 10
-53.50129155582999
 20
-9.485244901722297
 30
0.0
 10
-53.50129028228594
 20
-9.459209592847799
 30
0.0
 10
-53.5012875688019
 20
-9.403737341921783
 30
0.0
 10
-53.50129039055491
 20
-9.34826496934636
 30
0.0
 10
-53.5012918879479
 20
-9.3188279627405
 30
0.0
  0
SPLINE
  5
285C
330
27FF
100
AcDbEntity
  8
0
  6
Continuous
 62
     7
370
    25
100
AcDbSpline
210
0.0
220
0.0
230
1.0
 70
     8
 71
     3
 72
     9
 73
     5
 74
     0
 42
0.00000001
 43
0.00000001
 40
0.0
 40
0.0
 40
0.0
 40
0.0
 40
0.4692979628715909
 40
1.0
 40
1.0
 40
1.0
 40
1.0
 10
-53.5012915400589
 20
-10.8963559395566
 30
0.0
 10
-53.5012902062399
 20
-10.8703229421115
 30
0.0
 10
-53.50128736408192
 20
-10.81485072721898
 30
0.0
 10
-53.50129031950109
 20
-10.75937836793025
 30
0.0
 10
-53.5012918879479
 20
-10.7299390738516
 30
0.0
  0
SPLINE
  5
285D
330
27FF
100
AcDbEntity
  8
0
  6
Continuous
 62
     7
370
    25
100
AcDbSpline
210
0.0
220
0.0
230
1.0
 70
     8
 71
     3
 72
     9
 73
     5
 74
     0
 42
0.00000001
 43
0.00000001
 40
0.0
 40
0.0
 40
0.0
 40
0.0
 40
0.4692566067429793
 40
1.0
 40
1.0
 40
1.0
 40
1.0
 10
-53.50129152470799
 20
-12.30746697730149
 30
0.0
 10
-53.50129013223909
 20
-12.28143629153487
 30
0.0
 10
-53.50128716484505
 20
-12.22596411406886
 30
0.0
 10
-53.50129025034107
 20
-12.17049176678967
 30
0.0
 10
-53.5012918879479
 20
-12.14105018496269
 30
0.0
  0
SPLINE
  5
285E
330
27FF
100
AcDbEntity
  8
0
  6
Continuous
 62
     7
370
    25
100
AcDbSpline
210
0.0
220
0.0
230
1.0
 70
     8
 71
     3
 72
     9
 73
     5
 74
     0
 42
0.00000001
 43
0.00000001
 40
0.0
 40
0.0
 40
0.0
 40
0.0
 40
0.4692152582938739
 40
1.0
 40
1.0
 40
1.0
 40
1.0
 10
-53.50129150977591
 20
-13.71857801495668
 30
0.0
 10
-53.50129006028101
 20
-13.69254964112889
 30
0.0
 10
-53.50128697109199
 20
-13.63707750255776
 30
0.0
 10
-53.50129018307598
 20
-13.5816051659383
 30
0.0
 10
-53.5012918879479
 20
-13.55216129607385
 30
0.0
  0
SPLINE
  5
285F
330
27FF
100
AcDbEntity
  8
0
  6
Continuous
 62
     7
370
    25
100
AcDbSpline
210
0.0
220
0.0
230
1.0
 70
     8
 71
     3
 72
     9
 73
     5
 74
     0
 42
0.00000001
 43
0.00000001
 40
0.0
 40
0.0
 40
0.0
 40
0.0
 40
0.4691739179665763
 40
1.0
 40
1.0
 40
1.0
 40
1.0
 10
-53.50129149526401
 20
-15.12968905252205
 30
0.0
 10
-53.50128999036701
 20
-15.10366299090356
 30
0.0
 10
-53.50128678282204
 20
-15.04819089277197
 30
0.0
 10
-53.50129011770491
 20
-14.99271856539019
 30
0.0
 10
-53.5012918879479
 20
-14.96327240718489
 30
0.0
  0
SPLINE
  5
2860
330
27FF
100
AcDbEntity
  8
0
  6
Continuous
 62
     7
370
    25
100
AcDbSpline
210
0.0
220
0.0
230
1.0
 70
     8
 71
     3
 72
     9
 73
     5
 74
     0
 42
0.00000001
 43
0.00000001
 40
0.0
 40
0.0
 40
0.0
 40
0.0
 40
0.4691325862024489
 40
1.0
 40
1.0
 40
1.0
 40
1.0
 10
-53.50129148117003
 20
-16.54080008999779
 30
0.0
 10
-53.50128992249597
 20
-16.51477634087047
 30
0.0
 10
-53.50128660003702
 20
-16.45930428479755
 30
0.0
 10
-53.50129005422991
 20
-16.4038319651595
 30
0.0
 10
-53.5012918879479
 20
-16.37438351829599
 30
0.0
  0
SPLINE
  5
2861
330
27FF
100
AcDbEntity
  8
0
  6
Continuous
 62
     7
370
    25
100
AcDbSpline
210
0.0
220
0.0
230
1.0
 70
     8
 71
     3
 72
     9
 73
     5
 74
     0
 42
0.00000001
 43
0.00000001
 40
0.0
 40
0.0
 40
0.0
 40
0.0
 40
0.4690912634413029
 40
1.0
 40
1.0
 40
1.0
 40
1.0
 10
-53.50129146749691
 20
-17.9519111273836
 30
0.0
 10
-53.50128985666902
 20
-17.92588969103929
 30
0.0
 10
-53.50128642273603
 20
-17.87041767872006
 30
0.0
 10
-53.50128999264894
 20
-17.81494536526009
 30
0.0
 10
-53.5012918879479
 20
-17.7854946294072
 30
0.0
  0
SPLINE
  5
2862
330
27FF
100
AcDbEntity
  8
0
  6
Continuous
 62
     7
370
    25
100
AcDbSpline
210
0.0
220
0.0
230
1.0
 70
     8
 71
     3
 72
     9
 73
     5
 74
     0
 42
0.00000001
 43
0.00000001
 40
0.0
 40
0.0
 40
0.0
 40
0.0
 40
0.4690499501233523
 40
1.0
 40
1.0
 40
1.0
 40
1.0
 10
-53.50129145424307
 20
-19.36302216467965
 30
0.0
 10
-53.50128979288411
 20
-19.33700304142116
 30
0.0
 10
-53.50128625091793
 20
-19.28153107462566
 30
0.0
 10
-53.50128993296494
 20
-19.22605876570606
 30
0.0
 10
-53.5012918879479
 20
-19.19660574051818
 30
0.0
  0
SPLINE
  5
2863
330
27FF
100
AcDbEntity
  8
0
  6
Continuous
 62
     7
370
    25
100
AcDbSpline
210
0.0
220
0.0
230
1.0
 70
     8
 71
     3
 72
     9
 73
     5
 74
     0
 42
0.00000001
 43
0.00000001
 40
0.0
 40
0.0
 40
0.0
 40
0.0
 40
0.4690086466892766
 40
1.0
 40
1.0
 40
1.0
 40
1.0
 10
-53.50129144140897
 20
-20.77413320188555
 30
0.0
 10
-53.50128973114192
 20
-20.74811639202636
 30
0.0
 10
-53.50128608458499
 20
-20.69264447260076
 30
0.0
 10
-53.50128987517701
 20
-20.63717216651105
 30
0.0
 10
-53.5012918879479
 20
-20.60771685162939
 30
0.0
  0
SPLINE
  5
2864
330
27FF
100
AcDbEntity
  8
0
  6
Continuous
 62
     7
370
    25
100
AcDbSpline
210
0.0
220
0.0
230
1.0
 70
     8
 71
     3
 72
     9
 73
     5
 74
     0
 42
0.00000001
 43
0.00000001
 40
0.0
 40
0.0
 40
0.0
 40
0.0
 40
0.468967353578765
 40
1.0
 40
1.0
 40
1.0
 40
1.0
 10
-53.50129142899505
 20
-22.18524423900135
 30
0.0
 10
-53.50128967144292
 20
-22.15922974286588
 30
0.0
 10
-53.50128592373699
 20
-22.1037578727308
 30
0.0
 10
-53.50128981928492
 20
-22.04828556768956
 30
0.0
 10
-53.5012918879479
 20
-22.01882796274049
 30
0.0
  0
SPLINE
  5
2865
330
27FF
100
AcDbEntity
  8
0
  6
Continuous
 62
     7
370
    25
100
AcDbSpline
210
0.0
220
0.0
230
1.0
 70
     8
 71
     3
 72
     9
 73
     5
 74
     0
 42
0.00000001
 43
0.00000001
 40
0.0
 40
0.0
 40
0.0
 40
0.0
 40
0.4689260712301095
 40
1.0
 40
1.0
 40
1.0
 40
1.0
 10
-53.50129141699995
 20
-23.596355276027
 30
0.0
 10
-53.50128961378596
 20
-23.57034309395016
 30
0.0
 10
-53.50128576837301
 20
-23.5148712751012
 30
0.0
 10
-53.5012897652889
 20
-23.45939896925518
 30
0.0
 10
-53.5012918879479
 20
-23.42993907385147
 30
0.0
  0
SPLINE
  5
2866
330
27FF
100
AcDbEntity
  8
0
  6
Continuous
 62
     7
370
    25
100
AcDbSpline
210
0.0
220
0.0
230
1.0
 70
     8
 71
     3
 72
     9
 73
     5
 74
     0
 42
0.00000001
 43
0.00000001
 40
0.0
 40
0.0
 40
0.0
 40
0.0
 40
0.4688848000823397
 40
1.0
 40
1.0
 40
1.0
 40
1.0
 10
-53.50129140542595
 20
-25.00746631296249
 30
0.0
 10
-53.50128955817104
 20
-24.98145644528967
 30
0.0
 10
-53.50128561849306
 20
-24.92598467979809
 30
0.0
 10
-53.501289713191
 20
-24.87051237122199
 30
0.0
 10
-53.5012918879479
 20
-24.8410501849628
 30
0.0
  0
SPLINE
  5
2867
330
27FF
100
AcDbEntity
  8
0
  6
Continuous
 62
     7
370
    25
100
AcDbSpline
210
0.0
220
0.0
230
1.0
 70
     8
 71
     3
 72
     9
 73
     5
 74
     0
 42
0.00000001
 43
0.00000001
 40
0.0
 40
0.0
 40
0.0
 40
0.0
 40
0.4688435405740575
 40
1.0
 40
1.0
 40
1.0
 40
1.0
 10
-53.50129139427304
 20
-26.41857734980755
 30
0.0
 10
-53.50128950459907
 20
-26.39256979689497
 30
0.0
 10
-53.50128547409804
 20
-26.33709808690656
 30
0.0
 10
-53.50128966299098
 20
-26.28162577360376
 30
0.0
 10
-53.5012918879479
 20
-26.25216129607378
 30
0.0
  0
SPLINE
  5
2868
330
27FF
100
AcDbEntity
  8
0
  6
Continuous
 62
     7
370
    25
100
AcDbSpline
210
0.0
220
0.0
230
1.0
 70
     8
 71
     3
 72
     9
 73
     5
 74
     0
 42
0.00000001
 43
0.00000001
 40
0.0
 40
0.0
 40
0.0
 40
0.0
 40
0.4688022931429068
 40
1.0
 40
1.0
 40
1.0
 40
1.0
 10
-53.50129138354009
 20
-27.8296883865624
 30
0.0
 10
-53.50128945306801
 20
-27.8036831487766
 30
0.0
 10
-53.50128533518796
 20
-27.74821149651257
 30
0.0
 10
-53.50128961468704
 20
-27.69273917641499
 30
0.0
 10
-53.5012918879479
 20
-27.66327240718488
 30
0.0
  0
SPLINE
  5
2869
330
27FF
100
AcDbEntity
  8
0
  6
Continuous
 62
     7
370
    25
100
AcDbSpline
210
0.0
220
0.0
230
1.0
 70
     8
 71
     3
 72
     9
 73
     5
 74
     0
 42
0.00000001
 43
0.00000001
 40
0.0
 40
0.0
 40
0.0
 40
0.0
 40
0.4687610582250845
 40
1.0
 40
1.0
 40
1.0
 40
1.0
 10
-53.50129137322597
 20
-29.24079942322669
 30
0.0
 10
-53.50128940357808
 20
-29.21479650094506
 30
0.0
 10
-53.5012852017619
 20
-29.15932490870136
 30
0.0
 10
-53.50128956828212
 20
-29.10385257966897
 30
0.0
 10
-53.5012918879479
 20
-29.07438351829609
 30
0.0
  0
SPLINE
  5
286A
330
27FF
100
AcDbEntity
  8
0
  6
Continuous
 62
     7
370
    25
100
AcDbSpline
210
0.0
220
0.0
230
1.0
 70
     8
 71
     3
 72
     9
 73
     5
 74
     0
 42
0.00000001
 43
0.00000001
 40
0.0
 40
0.0
 40
0.0
 40
0.0
 40
0.4687198362585184
 40
0.9999999999999999
 40
0.9999999999999999
 40
0.9999999999999999
 40
0.9999999999999999
 10
-53.50129136333408
 20
-30.65191045980049
 30
0.0
 10
-53.50128935613111
 20
-30.6259098534108
 30
0.0
 10
-53.50128507382306
 20
-30.57043832355765
 30
0.0
 10
-53.50128952377599
 20
-30.51496598338008
 30
0.0
 10
-53.5012918879479
 20
-30.48549462940707
 30
0.0
  0
SPLINE
  5
286B
330
27FF
100
AcDbEntity
  8
0
  6
Continuous
 62
     7
370
    25
100
AcDbSpline
210
0.0
220
0.0
230
1.0
 70
     8
 71
     3
 72
     9
 73
     5
 74
     0
 42
0.00000001
 43
0.00000001
 40
0.0
 40
0.0
 40
0.0
 40
0.0
 40
0.4686786276790965
 40
1.0
 40
1.0
 40
1.0
 40
1.0
 10
-53.50129135386192
 20
-32.06302149628357
 30
0.0
 10
-53.50128931072504
 20
-32.0370232061843
 30
0.0
 10
-53.5012849513671
 20
-31.98155174116766
 30
0.0
 10
-53.50128948116799
 20
-31.92607938756197
 30
0.0
 10
-53.5012918879479
 20
-31.89660574051828
 30
0.0
  0
SPLINE
  5
286C
330
27FF
100
AcDbEntity
  8
0
  6
Continuous
 62
     7
370
    25
100
AcDbSpline
210
0.0
220
0.0
230
1.0
 70
     8
 71
     3
 72
     9
 73
     5
 74
     0
 42
0.00000001
 43
0.00000001
 40
0.0
 40
0.0
 40
0.0
 40
0.0
 40
0.4686374329228695
 40
1.0
 40
1.0
 40
1.0
 40
1.0
 10
-53.50129134481199
 20
-33.47413253267587
 30
0.0
 10
-53.50128926735897
 20
-33.44813655927595
 30
0.0
 10
-53.50128483439698
 20
-33.39266516161609
 30
0.0
 10
-53.501289440459
 20
-33.33719279222879
 30
0.0
 10
-53.5012918879479
 20
-33.30771685162927
 30
0.0
  0
SPLINE
  5
286D
330
27FF
100
AcDbEntity
  8
0
  6
Continuous
 62
     7
370
    25
100
AcDbSpline
210
0.0
220
0.0
230
1.0
 70
     8
 71
     3
 72
     9
 73
     5
 74
     0
 42
0.00000001
 43
0.00000001
 40
0.0
 40
0.0
 40
0.0
 40
0.0
 40
0.4685962524240548
 40
1.0
 40
1.0
 40
1.0
 40
1.0
 10
-53.50129133618111
 20
-34.88524356897767
 30
0.0
 10
-53.50128922603494
 20
-34.85924991269627
 30
0.0
 10
-53.50128472291203
 20
-34.80377858498747
 30
0.0
 10
-53.50128940164905
 20
-34.7483061973943
 30
0.0
 10
-53.5012918879479
 20
-34.71882796274036
 30
0.0
  0
CIRCLE
  5
286E
330
27FF
100
AcDbEntity
  8
0
  6
Continuous
 62
     7
370
    25
100
AcDbCircle
 10
22.14999999990005
 20
79.76000000000005
 30
0.0
 40
9.99999999999963
  0
CIRCLE
  5
286F
330
27FF
100
AcDbEntity
  8
0
  6
Continuous
 62
     7
370
    25
100
AcDbCircle
 10
22.14999999990005
 20
29.76000000000005
 30
0.0
 40
9.99999999999963
  0
CIRCLE
  5
2870
330
27FF
100
AcDbEntity
  8
0
  6
Continuous
 62
     7
370
    25
100
AcDbCircle
 10
-21.15000000009991
 20
79.76000000000005
 30
0.0
 40
10.00000000000055
  0
CIRCLE
  5
2871
330
27FF
100
AcDbEntity
  8
0
  6
Continuous
 62
     7
370
    25
100
AcDbCircle
 10
-21.15000000009991
 20
29.76000000000005
 30
0.0
 40
10.00000000000055
  0
SPLINE
  5
2872
330
27FF
100
AcDbEntity
  8
0
  6
Continuous
 62
     7
370
    25
100
AcDbSpline
210
0.0
220
0.0
230
1.0
 70
    24
 71
     3
 72
     9
 73
     5
 74
     0
 42
0.00000001
 43
0.00000001
 40
0.0
 40
0.0
 40
0.0
 40
0.0
 40
0.070213649126827
 40
0.9999999999999999
 40
0.9999999999999999
 40
0.9999999999999999
 40
0.9999999999999999
 10
-27.33630907301108
 20
28.3274916913777
 30
0.0
 10
-27.3166992248
 20
28.24280626151375
 30
0.0
 10
-27.03741096028102
 20
27.0366956132703
 30
0.0
 10
-26.76372214252592
 20
25.85476626166201
 30
0.0
 10
-26.50925001539008
 20
24.75582448284024
 30
0.0
  0
SPLINE
  5
2873
330
27FF
100
AcDbEntity
  8
0
  6
Continuous
 62
     7
370
    25
100
AcDbSpline
210
0.0
220
0.0
230
1.0
 70
    24
 71
     3
 72
     9
 73
     5
 74
     0
 42
0.00000001
 43
0.00000001
 40
0.0
 40
0.0
 40
0.0
 40
0.0
 40
0.7889992377322985
 40
1.0
 40
1.0
 40
1.0
 40
1.0
 10
-16.81625687720907
 20
25.11875334155934
 30
0.0
 10
-16.10046244624209
 20
25.78712316132231
 30
0.0
 10
-15.1932442935049
 20
26.63423401745462
 30
0.0
 10
-14.32073251905695
 20
27.44893794947825
 30
0.0
 10
-14.13663186956092
 20
27.6208411001578
 30
0.0
  0
SPLINE
  5
2874
330
27FF
100
AcDbEntity
  8
0
  6
Continuous
 62
     7
370
    25
100
AcDbSpline
210
0.0
220
0.0
230
1.0
 70
    24
 71
     3
 72
     9
 73
     5
 74
     0
 42
0.00000001
 43
0.00000001
 40
0.0
 40
0.0
 40
0.0
 40
0.0
 40
0.070213649126825
 40
1.0
 40
1.0
 40
1.0
 40
1.0
 10
-14.96369092718191
 20
31.19250830869481
 30
0.0
 10
-14.98330077539208
 20
31.27719373855882
 30
0.0
 10
-15.26258903991493
 20
32.4833043868029
 30
0.0
 10
-15.53627785766798
 20
33.66523373841085
 30
0.0
 10
-15.79074998480201
 20
34.76417551723222
 30
0.0
  0
SPLINE
  5
2875
330
27FF
100
AcDbEntity
  8
0
  6
Continuous
 62
     7
370
    25
100
AcDbSpline
210
0.0
220
0.0
230
1.0
 70
    24
 71
     3
 72
     9
 73
     5
 74
     0
 42
0.00000001
 43
0.00000001
 40
0.0
 40
0.0
 40
0.0
 40
0.0
 40
0.0702136491268148
 40
0.9999999999999999
 40
0.9999999999999999
 40
0.9999999999999999
 40
0.9999999999999999
 10
-19.29743405006911
 20
35.83375496717173
 30
0.0
 10
-19.38057870776811
 20
35.85911505538922
 30
0.0
 10
-20.56474530118294
 20
36.2202996474565
 30
0.0
 10
-21.72517055403
 20
36.57424285435394
 30
0.0
 10
-22.80411811533691
 20
36.90333441711135
 30
0.0
  0
SPLINE
  5
2876
330
27FF
100
AcDbEntity
  8
0
  6
Continuous
 62
     7
370
    25
100
AcDbSpline
210
0.0
220
0.0
230
1.0
 70
    24
 71
     3
 72
     9
 73
     5
 74
     0
 42
0.00000001
 43
0.00000001
 40
0.0
 40
0.0
 40
0.0
 40
0.0
 40
0.2110007622677339
 40
1.0
 40
1.0
 40
1.0
 40
1.0
 10
-22.80411811533691
 20
36.90333441711135
 30
0.0
 10
-22.98821876483294
 20
36.73143126643174
 30
0.0
 10
-23.86073053928089
 20
35.91672733440834
 30
0.0
 10
-24.76794869201808
 20
35.06961647827603
 30
0.0
 10
-25.48374312298392
 20
34.40124665851295
 30
0.0
  0
SPLINE
  5
2877
330
27FF
100
AcDbEntity
  8
0
  6
Continuous
 62
     7
370
    25
100
AcDbSpline
210
0.0
220
0.0
230
1.0
 70
    24
 71
     3
 72
     9
 73
     5
 74
     0
 42
0.00000001
 43
0.00000001
 40
0.0
 40
0.0
 40
0.0
 40
0.0
 40
0.2318492724218667
 40
1.0
 40
1.0
 40
1.0
 40
1.0
 10
-25.48374312298392
 20
34.40124665851295
 30
0.0
 10
-25.69396224892989
 20
34.2049554983127
 30
0.0
 10
-26.60066824696992
 20
33.35832286431844
 30
0.0
 10
-27.48447292452806
 20
32.53307423497671
 30
0.0
 10
-28.16336813063094
 20
31.89915889991511
 30
0.0
  0
SPLINE
  5
2878
330
27FF
100
AcDbEntity
  8
0
  6
Continuous
 62
     7
370
    25
100
AcDbSpline
210
0.0
220
0.0
230
1.0
 70
    24
 71
     3
 72
     9
 73
     5
 74
     0
 42
0.00000001
 43
0.00000001
 40
0.0
 40
0.0
 40
0.0
 40
0.0
 40
0.0702136491268117
 40
1.0
 40
1.0
 40
1.0
 40
1.0
 10
-23.00256595012297
 20
23.68624503290101
 30
0.0
 10
-22.91942129242511
 20
23.66088494468363
 30
0.0
 10
-21.73525469901006
 20
23.29970035261641
 30
0.0
 10
-20.57482944616095
 20
22.94575714571891
 30
0.0
 10
-19.49588188485495
 20
22.61666558296162
 30
0.0
  0
SPLINE
  5
2879
330
27FF
100
AcDbEntity
  8
0
  6
Continuous
 62
     7
370
    25
100
AcDbSpline
210
0.0
220
0.0
230
1.0
 70
    24
 71
     3
 72
     9
 73
     5
 74
     0
 42
0.00000001
 43
0.00000001
 40
0.0
 40
0.0
 40
0.0
 40
0.0
 40
0.7681507275780299
 40
1.0
 40
1.0
 40
1.0
 40
1.0
 10
-19.49588188485495
 20
22.6166655829615
 30
0.0
 10
-18.81698667875207
 20
23.25058091802282
 30
0.0
 10
-17.93318200119393
 20
24.07582954736415
 30
0.0
 10
-17.02647600315504
 20
24.92246218135892
 30
0.0
 10
-16.81625687720907
 20
25.11875334155934
 30
0.0
  0
SPLINE
  5
287A
330
27FF
100
AcDbEntity
  8
0
  6
Continuous
 62
     7
370
    25
100
AcDbSpline
210
0.0
220
0.0
230
1.0
 70
    24
 71
     3
 72
     9
 73
     5
 74
     0
 42
0.00000001
 43
0.00000001
 40
0.0
 40
0.0
 40
0.0
 40
0.0
 40
0.070213649126827
 40
0.9999999999999999
 40
0.9999999999999999
 40
0.9999999999999999
 40
0.9999999999999999
 10
15.9636909269891
 20
28.3274916913777
 30
0.0
 10
15.98330077519995
 20
28.24280626151375
 30
0.0
 10
16.26258903971893
 20
27.0366956132703
 30
0.0
 10
16.53627785747403
 20
25.85476626166201
 30
0.0
 10
16.7907499846101
 20
24.75582448284024
 30
0.0
  0
SPLINE
  5
287B
330
27FF
100
AcDbEntity
  8
0
  6
Continuous
 62
     7
370
    25
100
AcDbSpline
210
0.0
220
0.0
230
1.0
 70
    24
 71
     3
 72
     9
 73
     5
 74
     0
 42
0.00000001
 43
0.00000001
 40
0.0
 40
0.0
 40
0.0
 40
0.0
 40
0.2110007622677339
 40
1.0
 40
1.0
 40
1.0
 40
1.0
 10
20.49588188466305
 20
36.90333441711135
 30
0.0
 10
20.31178123516702
 20
36.73143126643174
 30
0.0
 10
19.43926946071906
 20
35.91672733440834
 30
0.0
 10
18.5320513079821
 20
35.06961647827603
 30
0.0
 10
17.81625687701603
 20
34.40124665851295
 30
0.0
  0
SPLINE
  5
287C
330
27FF
100
AcDbEntity
  8
0
  6
Continuous
 62
     7
370
    25
100
AcDbSpline
210
0.0
220
0.0
230
1.0
 70
    24
 71
     3
 72
     9
 73
     5
 74
     0
 42
0.00000001
 43
0.00000001
 40
0.0
 40
0.0
 40
0.0
 40
0.0
 40
0.0702136491268148
 40
0.9999999999999999
 40
0.9999999999999999
 40
0.9999999999999999
 40
0.9999999999999999
 10
24.00256594993107
 20
35.83375496717173
 30
0.0
 10
23.91942129223298
 20
35.85911505538922
 30
0.0
 10
22.73525469881611
 20
36.2202996474565
 30
0.0
 10
21.57482944596904
 20
36.57424285435394
 30
0.0
 10
20.49588188466305
 20
36.90333441711135
 30
0.0
  0
SPLINE
  5
287D
330
27FF
100
AcDbEntity
  8
0
  6
Continuous
 62
     7
370
    25
100
AcDbSpline
210
0.0
220
0.0
230
1.0
 70
    24
 71
     3
 72
     9
 73
     5
 74
     0
 42
0.00000001
 43
0.00000001
 40
0.0
 40
0.0
 40
0.0
 40
0.0
 40
0.2318492724218667
 40
1.0
 40
1.0
 40
1.0
 40
1.0
 10
17.81625687701603
 20
34.40124665851295
 30
0.0
 10
17.60603775106892
 20
34.2049554983127
 30
0.0
 10
16.69933175303004
 20
33.35832286431844
 30
0.0
 10
15.81552707547189
 20
32.53307423497671
 30
0.0
 10
15.13663186936901
 20
31.89915889991511
 30
0.0
  0
SPLINE
  5
287E
330
27FF
100
AcDbEntity
  8
0
  6
Continuous
 62
     7
370
    25
100
AcDbSpline
210
0.0
220
0.0
230
1.0
 70
    24
 71
     3
 72
     9
 73
     5
 74
     0
 42
0.00000001
 43
0.00000001
 40
0.0
 40
0.0
 40
0.0
 40
0.0
 40
0.070213649126825
 40
1.0
 40
1.0
 40
1.0
 40
1.0
 10
28.33630907281804
 20
31.19250830869481
 30
0.0
 10
28.3166992246081
 20
31.27719373855882
 30
0.0
 10
28.03741096008503
 20
32.4833043868029
 30
0.0
 10
27.76372214233197
 20
33.66523373841085
 30
0.0
 10
27.50925001519795
 20
34.76417551723222
 30
0.0
  0
SPLINE
  5
287F
330
27FF
100
AcDbEntity
  8
0
  6
Continuous
 62
     7
370
    25
100
AcDbSpline
210
0.0
220
0.0
230
1.0
 70
    24
 71
     3
 72
     9
 73
     5
 74
     0
 42
0.00000001
 43
0.00000001
 40
0.0
 40
0.0
 40
0.0
 40
0.0
 40
0.0702136491268117
 40
1.0
 40
1.0
 40
1.0
 40
1.0
 10
20.29743404987698
 20
23.68624503290101
 30
0.0
 10
20.38057870757507
 20
23.66088494468363
 30
0.0
 10
21.56474530099104
 20
23.29970035261641
 30
0.0
 10
22.72517055383901
 20
22.94575714571891
 30
0.0
 10
23.804118115145
 20
22.61666558296162
 30
0.0
  0
SPLINE
  5
2880
330
27FF
100
AcDbEntity
  8
0
  6
Continuous
 62
     7
370
    25
100
AcDbSpline
210
0.0
220
0.0
230
1.0
 70
    24
 71
     3
 72
     9
 73
     5
 74
     0
 42
0.00000001
 43
0.00000001
 40
0.0
 40
0.0
 40
0.0
 40
0.0
 40
0.7681507275780299
 40
1.0
 40
1.0
 40
1.0
 40
1.0
 10
23.804118115145
 20
22.6166655829615
 30
0.0
 10
24.48301332124811
 20
23.25058091802282
 30
0.0
 10
25.36681799880603
 20
24.07582954736415
 30
0.0
 10
26.27352399684492
 20
24.92246218135892
 30
0.0
 10
26.48374312279088
 20
25.11875334155934
 30
0.0
  0
SPLINE
  5
2881
330
27FF
100
AcDbEntity
  8
0
  6
Continuous
 62
     7
370
    25
100
AcDbSpline
210
0.0
220
0.0
230
1.0
 70
    24
 71
     3
 72
     9
 73
     5
 74
     0
 42
0.00000001
 43
0.00000001
 40
0.0
 40
0.0
 40
0.0
 40
0.0
 40
0.7889992377322985
 40
1.0
 40
1.0
 40
1.0
 40
1.0
 10
26.48374312279088
 20
25.11875334155934
 30
0.0
 10
27.19953755375809
 20
25.78712316132231
 30
0.0
 10
28.10675570649505
 20
26.63423401745462
 30
0.0
 10
28.97926748094301
 20
27.44893794947825
 30
0.0
 10
29.16336813043904
 20
27.6208411001578
 30
0.0
  0
SPLINE
  5
2882
330
27FF
100
AcDbEntity
  8
0
  6
Continuous
 62
     7
370
    25
100
AcDbSpline
210
0.0
220
0.0
230
1.0
 70
    24
 71
     3
 72
     9
 73
     5
 74
     0
 42
0.00000001
 43
0.00000001
 40
0.0
 40
0.0
 40
0.0
 40
0.0
 40
0.070213649126825
 40
1.0
 40
1.0
 40
1.0
 40
1.0
 10
28.33630907281804
 20
81.19250830869481
 30
0.0
 10
28.3166992246081
 20
81.27719373855894
 30
0.0
 10
28.03741096008503
 20
82.48330438680324
 30
0.0
 10
27.76372214233197
 20
83.66523373841085
 30
0.0
 10
27.50925001519795
 20
84.76417551723222
 30
0.0
  0
SPLINE
  5
2883
330
27FF
100
AcDbEntity
  8
0
  6
Continuous
 62
     7
370
    25
100
AcDbSpline
210
0.0
220
0.0
230
1.0
 70
    24
 71
     3
 72
     9
 73
     5
 74
     0
 42
0.00000001
 43
0.00000001
 40
0.0
 40
0.0
 40
0.0
 40
0.0
 40
0.7681507275780299
 40
1.0
 40
1.0
 40
1.0
 40
1.0
 10
23.804118115145
 20
72.6166655829615
 30
0.0
 10
24.48301332124811
 20
73.25058091802293
 30
0.0
 10
25.36681799880603
 20
74.07582954736432
 30
0.0
 10
26.27352399684492
 20
74.92246218135892
 30
0.0
 10
26.48374312279088
 20
75.11875334155934
 30
0.0
  0
SPLINE
  5
2884
330
27FF
100
AcDbEntity
  8
0
  6
Continuous
 62
     7
370
    25
100
AcDbSpline
210
0.0
220
0.0
230
1.0
 70
    24
 71
     3
 72
     9
 73
     5
 74
     0
 42
0.00000001
 43
0.00000001
 40
0.0
 40
0.0
 40
0.0
 40
0.0
 40
0.0702136491268117
 40
1.0
 40
1.0
 40
1.0
 40
1.0
 10
20.29743404987698
 20
73.68624503290101
 30
0.0
 10
20.38057870757507
 20
73.66088494468363
 30
0.0
 10
21.56474530099104
 20
73.2997003526163
 30
0.0
 10
22.72517055383901
 20
72.94575714571891
 30
0.0
 10
23.804118115145
 20
72.61666558296162
 30
0.0
  0
SPLINE
  5
2885
330
27FF
100
AcDbEntity
  8
0
  6
Continuous
 62
     7
370
    25
100
AcDbSpline
210
0.0
220
0.0
230
1.0
 70
    24
 71
     3
 72
     9
 73
     5
 74
     0
 42
0.00000001
 43
0.00000001
 40
0.0
 40
0.0
 40
0.0
 40
0.0
 40
0.7889992377322985
 40
1.0
 40
1.0
 40
1.0
 40
1.0
 10
26.48374312279088
 20
75.11875334155934
 30
0.0
 10
27.19953755375809
 20
75.78712316132231
 30
0.0
 10
28.10675570649505
 20
76.63423401745462
 30
0.0
 10
28.97926748094301
 20
77.4489379494783
 30
0.0
 10
29.16336813043904
 20
77.6208411001578
 30
0.0
  0
SPLINE
  5
2886
330
27FF
100
AcDbEntity
  8
0
  6
Continuous
 62
     7
370
    25
100
AcDbSpline
210
0.0
220
0.0
230
1.0
 70
    24
 71
     3
 72
     9
 73
     5
 74
     0
 42
0.00000001
 43
0.00000001
 40
0.0
 40
0.0
 40
0.0
 40
0.0
 40
0.0702136491268148
 40
0.9999999999999999
 40
0.9999999999999999
 40
0.9999999999999999
 40
0.9999999999999999
 10
24.00256594993107
 20
85.83375496717173
 30
0.0
 10
23.91942129223298
 20
85.85911505538911
 30
0.0
 10
22.73525469881611
 20
86.22029964745644
 30
0.0
 10
21.57482944596904
 20
86.57424285435371
 30
0.0
 10
20.49588188466305
 20
86.90333441711135
 30
0.0
  0
SPLINE
  5
2887
330
27FF
100
AcDbEntity
  8
0
  6
Continuous
 62
     7
370
    25
100
AcDbSpline
210
0.0
220
0.0
230
1.0
 70
    24
 71
     3
 72
     9
 73
     5
 74
     0
 42
0.00000001
 43
0.00000001
 40
0.0
 40
0.0
 40
0.0
 40
0.0
 40
0.2110007622677339
 40
1.0
 40
1.0
 40
1.0
 40
1.0
 10
20.49588188466305
 20
86.90333441711135
 30
0.0
 10
20.31178123516702
 20
86.73143126643174
 30
0.0
 10
19.43926946071906
 20
85.91672733440822
 30
0.0
 10
18.5320513079821
 20
85.06961647827603
 30
0.0
 10
17.81625687701603
 20
84.40124665851295
 30
0.0
  0
SPLINE
  5
2888
330
27FF
100
AcDbEntity
  8
0
  6
Continuous
 62
     7
370
    25
100
AcDbSpline
210
0.0
220
0.0
230
1.0
 70
    24
 71
     3
 72
     9
 73
     5
 74
     0
 42
0.00000001
 43
0.00000001
 40
0.0
 40
0.0
 40
0.0
 40
0.0
 40
0.070213649126827
 40
0.9999999999999999
 40
0.9999999999999999
 40
0.9999999999999999
 40
0.9999999999999999
 10
15.9636909269891
 20
78.3274916913777
 30
0.0
 10
15.98330077519995
 20
78.24280626151375
 30
0.0
 10
16.26258903971893
 20
77.03669561326984
 30
0.0
 10
16.53627785747403
 20
75.85476626166184
 30
0.0
 10
16.7907499846101
 20
74.75582448284024
 30
0.0
  0
SPLINE
  5
2889
330
27FF
100
AcDbEntity
  8
0
  6
Continuous
 62
     7
370
    25
100
AcDbSpline
210
0.0
220
0.0
230
1.0
 70
    24
 71
     3
 72
     9
 73
     5
 74
     0
 42
0.00000001
 43
0.00000001
 40
0.0
 40
0.0
 40
0.0
 40
0.0
 40
0.2318492724218667
 40
1.0
 40
1.0
 40
1.0
 40
1.0
 10
17.81625687701603
 20
84.40124665851295
 30
0.0
 10
17.60603775106892
 20
84.2049554983127
 30
0.0
 10
16.69933175303004
 20
83.35832286431844
 30
0.0
 10
15.81552707547189
 20
82.53307423497671
 30
0.0
 10
15.13663186936901
 20
81.89915889991511
 30
0.0
  0
SPLINE
  5
288A
330
27FF
100
AcDbEntity
  8
0
  6
Continuous
 62
     7
370
    25
100
AcDbSpline
210
0.0
220
0.0
230
1.0
 70
    24
 71
     3
 72
     9
 73
     5
 74
     0
 42
0.00000001
 43
0.00000001
 40
0.0
 40
0.0
 40
0.0
 40
0.0
 40
0.070213649126825
 40
1.0
 40
1.0
 40
1.0
 40
1.0
 10
-14.96369092718191
 20
81.19250830869481
 30
0.0
 10
-14.98330077539208
 20
81.27719373855894
 30
0.0
 10
-15.26258903991493
 20
82.48330438680324
 30
0.0
 10
-15.53627785766798
 20
83.66523373841085
 30
0.0
 10
-15.79074998480201
 20
84.76417551723222
 30
0.0
  0
SPLINE
  5
288B
330
27FF
100
AcDbEntity
  8
0
  6
Continuous
 62
     7
370
    25
100
AcDbSpline
210
0.0
220
0.0
230
1.0
 70
    24
 71
     3
 72
     9
 73
     5
 74
     0
 42
0.00000001
 43
0.00000001
 40
0.0
 40
0.0
 40
0.0
 40
0.0
 40
0.0702136491268148
 40
0.9999999999999999
 40
0.9999999999999999
 40
0.9999999999999999
 40
0.9999999999999999
 10
-19.29743405006911
 20
85.83375496717173
 30
0.0
 10
-19.38057870776811
 20
85.85911505538911
 30
0.0
 10
-20.56474530118294
 20
86.22029964745644
 30
0.0
 10
-21.72517055403
 20
86.57424285435371
 30
0.0
 10
-22.80411811533691
 20
86.90333441711135
 30
0.0
  0
SPLINE
  5
288C
330
27FF
100
AcDbEntity
  8
0
  6
Continuous
 62
     7
370
    25
100
AcDbSpline
210
0.0
220
0.0
230
1.0
 70
    24
 71
     3
 72
     9
 73
     5
 74
     0
 42
0.00000001
 43
0.00000001
 40
0.0
 40
0.0
 40
0.0
 40
0.0
 40
0.2110007622677339
 40
1.0
 40
1.0
 40
1.0
 40
1.0
 10
-22.80411811533691
 20
86.90333441711135
 30
0.0
 10
-22.98821876483294
 20
86.73143126643174
 30
0.0
 10
-23.86073053928089
 20
85.91672733440822
 30
0.0
 10
-24.76794869201808
 20
85.06961647827603
 30
0.0
 10
-25.48374312298392
 20
84.40124665851295
 30
0.0
  0
SPLINE
  5
288D
330
27FF
100
AcDbEntity
  8
0
  6
Continuous
 62
     7
370
    25
100
AcDbSpline
210
0.0
220
0.0
230
1.0
 70
    24
 71
     3
 72
     9
 73
     5
 74
     0
 42
0.00000001
 43
0.00000001
 40
0.0
 40
0.0
 40
0.0
 40
0.0
 40
0.2318492724218667
 40
1.0
 40
1.0
 40
1.0
 40
1.0
 10
-25.48374312298392
 20
84.40124665851295
 30
0.0
 10
-25.69396224892989
 20
84.2049554983127
 30
0.0
 10
-26.60066824696992
 20
83.35832286431844
 30
0.0
 10
-27.48447292452806
 20
82.53307423497671
 30
0.0
 10
-28.16336813063094
 20
81.89915889991511
 30
0.0
  0
SPLINE
  5
288E
330
27FF
100
AcDbEntity
  8
0
  6
Continuous
 62
     7
370
    25
100
AcDbSpline
210
0.0
220
0.0
230
1.0
 70
    24
 71
     3
 72
     9
 73
     5
 74
     0
 42
0.00000001
 43
0.00000001
 40
0.0
 40
0.0
 40
0.0
 40
0.0
 40
0.070213649126827
 40
0.9999999999999999
 40
0.9999999999999999
 40
0.9999999999999999
 40
0.9999999999999999
 10
-27.33630907301108
 20
78.3274916913777
 30
0.0
 10
-27.3166992248
 20
78.24280626151375
 30
0.0
 10
-27.03741096028102
 20
77.03669561326984
 30
0.0
 10
-26.76372214252592
 20
75.85476626166184
 30
0.0
 10
-26.50925001539008
 20
74.75582448284024
 30
0.0
  0
SPLINE
  5
288F
330
27FF
100
AcDbEntity
  8
0
  6
Continuous
 62
     7
370
    25
100
AcDbSpline
210
0.0
220
0.0
230
1.0
 70
    24
 71
     3
 72
     9
 73
     5
 74
     0
 42
0.00000001
 43
0.00000001
 40
0.0
 40
0.0
 40
0.0
 40
0.0
 40
0.0702136491268117
 40
1.0
 40
1.0
 40
1.0
 40
1.0
 10
-23.00256595012297
 20
73.68624503290101
 30
0.0
 10
-22.91942129242511
 20
73.66088494468363
 30
0.0
 10
-21.73525469901006
 20
73.2997003526163
 30
0.0
 10
-20.57482944616095
 20
72.94575714571891
 30
0.0
 10
-19.49588188485495
 20
72.61666558296162
 30
0.0
  0
SPLINE
  5
2890
330
27FF
100
AcDbEntity
  8
0
  6
Continuous
 62
     7
370
    25
100
AcDbSpline
210
0.0
220
0.0
230
1.0
 70
    24
 71
     3
 72
     9
 73
     5
 74
     0
 42
0.00000001
 43
0.00000001
 40
0.0
 40
0.0
 40
0.0
 40
0.0
 40
0.7681507275780299
 40
1.0
 40
1.0
 40
1.0
 40
1.0
 10
-19.49588188485495
 20
72.6166655829615
 30
0.0
 10
-18.81698667875207
 20
73.25058091802293
 30
0.0
 10
-17.93318200119393
 20
74.07582954736432
 30
0.0
 10
-17.02647600315504
 20
74.92246218135892
 30
0.0
 10
-16.81625687720907
 20
75.11875334155934
 30
0.0
  0
SPLINE
  5
2891
330
27FF
100
AcDbEntity
  8
0
  6
Continuous
 62
     7
370
    25
100
AcDbSpline
210
0.0
220
0.0
230
1.0
 70
    24
 71
     3
 72
     9
 73
     5
 74
     0
 42
0.00000001
 43
0.00000001
 40
0.0
 40
0.0
 40
0.0
 40
0.0
 40
0.7889992377322985
 40
1.0
 40
1.0
 40
1.0
 40
1.0
 10
-16.81625687720907
 20
75.11875334155934
 30
0.0
 10
-16.10046244624209
 20
75.78712316132231
 30
0.0
 10
-15.1932442935049
 20
76.63423401745462
 30
0.0
 10
-14.32073251905695
 20
77.4489379494783
 30
0.0
 10
-14.13663186956092
 20
77.6208411001578
 30
0.0
  0
SPLINE
  5
2892
330
27FF
100
AcDbEntity
  8
0
  6
Continuous
 62
     7
370
    25
100
AcDbSpline
210
0.0
220
0.0
230
1.0
 70
     8
 71
     3
 72
    12
 73
     8
 74
     0
 42
0.00000001
 43
0.00000001
 40
0.0
 40
0.0
 40
0.0
 40
0.0
 40
0.1395511049374809
 40
0.3570484726722547
 40
0.6284914075360434
 40
0.8812356850326523
 40
1.0
 40
1.0
 40
1.0
 40
1.0
 10
-62.32280420697998
 20
-61.42166314024831
 30
0.0
 10
-62.31376484975203
 20
-61.43448719983763
 30
0.0
 10
-62.29063720276008
 20
-61.46729819686931
 30
0.0
 10
-62.23624441031302
 20
-61.45959142246141
 30
0.0
 10
-62.16834289064104
 20
-61.40132602354305
 30
0.0
 10
-62.10726995300092
 20
-61.30302608728488
 30
0.0
 10
-62.08202334932412
 20
-61.21704294295108
 30
0.0
 10
-62.07395248460693
 20
-61.1895557476542
 30
0.0
  0
SPLINE
  5
2893
330
27FF
100
AcDbEntity
  8
0
  6
Continuous
 62
     7
370
    25
100
AcDbSpline
210
0.0
220
0.0
230
1.0
 70
     8
 71
     3
 72
    12
 73
     8
 74
     0
 42
0.00000001
 43
0.00000001
 40
0.0
 40
0.0
 40
0.0
 40
0.0
 40
0.1395511049374809
 40
0.3570484726722547
 40
0.6284914075360434
 40
0.8812356850326523
 40
1.0
 40
1.0
 40
1.0
 40
1.0
 10
52.67719579302002
 20
-61.42166314024831
 30
0.0
 10
52.68623515024797
 20
-61.43448719983763
 30
0.0
 10
52.70936279723992
 20
-61.46729819686931
 30
0.0
 10
52.76375558968698
 20
-61.45959142246141
 30
0.0
 10
52.83165710935896
 20
-61.40132602354305
 30
0.0
 10
52.89273004699908
 20
-61.30302608728488
 30
0.0
 10
52.91797665067588
 20
-61.21704294295108
 30
0.0
 10
52.92604751539307
 20
-61.1895557476542
 30
0.0
  0
SPLINE
  5
2894
330
27FF
100
AcDbEntity
  8
0
  6
Continuous
 62
     7
370
    25
100
AcDbSpline
210
0.0
220
0.0
230
1.0
 70
     8
 71
     3
 72
    15
 73
    11
 74
     0
 42
0.00000001
 43
0.00000001
 40
0.0
 40
0.0
 40
0.0
 40
0.0
 40
0.0000286045468423
 40
0.001337506323719
 40
0.0632860674283796
 40
0.1566119316585738
 40
0.3190288747442075
 40
0.6589979785338971
 40
0.994996657054896
 40
1.0
 40
1.0
 40
1.0
 40
1.0
 10
53.61675345186995
 20
14.26555386235515
 30
0.0
 10
53.61672943349208
 20
14.26555498442514
 30
0.0
 10
53.61560636963804
 20
14.2656074507525
 30
0.0
 10
53.56252007602689
 20
14.26809068655234
 30
0.0
 10
53.43719731565898
 20
14.27431818809384
 30
0.0
 10
53.21516846432405
 20
14.28732109506774
 30
0.0
 10
52.89523132365707
 20
14.3125090402076
 30
0.0
 10
52.79365319865906
 20
14.34965683595544
 30
0.0
 10
52.91596548424604
 20
14.37644490901562
 30
0.0
 10
53.19196683584596
 20
14.39151038442452
 30
0.0
 10
53.19601645821899
 20
14.39173143220535
 30
0.0
  0
SPLINE
  5
2895
330
27FF
100
AcDbEntity
  8
0
  6
Continuous
 62
     7
370
    25
100
AcDbSpline
210
0.0
220
0.0
230
1.0
 70
     8
 71
     3
 72
    10
 73
     6
 74
     0
 42
0.00000001
 43
0.00000001
 40
0.0
 40
0.0
 40
0.0
 40
0.0
 40
0.2375807308778424
 40
0.6187886144389674
 40
0.9999999999999999
 40
0.9999999999999999
 40
0.9999999999999999
 40
0.9999999999999999
 10
61.59110873897498
 20
14.75295789252414
 30
0.0
 10
61.58307753609711
 20
14.7616832032304
 30
0.0
 10
61.56215994365493
 20
14.78440862756361
 30
0.0
 10
61.0422581978471
 20
14.8226382724427
 30
0.0
 10
60.37857558723499
 20
14.85230699675844
 30
0.0
 10
60.04673275769096
 20
14.86714142705455
 30
0.0
  0
SPLINE
  5
2896
330
27FF
100
AcDbEntity
  8
0
  6
Continuous
 62
     7
370
    25
100
AcDbSpline
210
0.0
220
0.0
230
1.0
 70
     8
 71
     3
 72
    13
 73
     9
 74
     0
 42
0.00000001
 43
0.00000001
 40
0.0
 40
0.0
 40
0.0
 40
0.0
 40
0.2011332674357584
 40
0.4005214805280423
 40
0.6022100864214394
 40
0.7598472966623783
 40
0.9186590809530587
 40
1.0
 40
1.0
 40
1.0
 40
1.0
 10
53.61675734128994
 20
14.2655538108317
 30
0.0
 10
54.1829269592331
 20
14.2270007954362
 30
0.0
 10
55.31035404526096
 20
14.15022925484601
 30
0.0
 10
57.812871750554
 20
14.03971051208532
 30
0.0
 10
60.01426198929289
 20
13.93041060703564
 30
0.0
 10
61.50217903210796
 20
13.83519296838591
 30
0.0
 10
62.23555348199807
 20
13.75857093808531
 30
0.0
 10
62.18579991589604
 20
13.71374941899961
 30
0.0
 10
62.16894813477393
 20
13.6985681468139
 30
0.0
  0
SPLINE
  5
2897
330
27FF
100
AcDbEntity
  8
0
  6
Continuous
 62
     7
370
    25
100
AcDbSpline
210
0.0
220
0.0
230
1.0
 70
     8
 71
     3
 72
    15
 73
    11
 74
     0
 42
0.00000001
 43
0.00000001
 40
0.0
 40
0.0
 40
0.0
 40
0.0
 40
0.0677264991069894
 40
0.1856052355757354
 40
0.337775917184239
 40
0.4886263492274873
 40
0.6412171812800206
 40
0.760480205418423
 40
0.8806318728729091
 40
1.0
 40
1.0
 40
1.0
 40
1.0
 10
52.8267823894239
 20
12.9931501819193
 30
0.0
 10
52.81542470064892
 20
12.976263033951
 30
0.0
 10
52.78429882631008
 20
12.92998361425271
 30
0.0
 10
53.61633992070711
 20
12.84633637371451
 30
0.0
 10
55.34752426280011
 20
12.73894861272015
 30
0.0
 10
57.80413407752894
 20
12.62864154463682
 30
0.0
 10
60.0111946480979
 20
12.51930503571475
 30
0.0
 10
61.51636290442593
 20
12.42404130544662
 30
0.0
 10
62.32102282455003
 20
12.33289845449491
 30
0.0
 10
62.22325758275997
 20
12.27390524016391
 30
0.0
 10
62.17453487142393
 20
12.24450512515381
 30
0.0
  0
SPLINE
  5
2898
330
27FF
100
AcDbEntity
  8
0
  6
Continuous
 62
     7
370
    25
100
AcDbSpline
210
0.0
220
0.0
230
1.0
 70
     8
 71
     3
 72
    12
 73
     8
 74
     0
 42
0.00000001
 43
0.00000001
 40
0.0
 40
0.0
 40
0.0
 40
0.0
 40
0.2192838374040899
 40
0.4819480519135766
 40
0.6872430105553556
 40
0.8940676469337226
 40
1.0
 40
1.0
 40
1.0
 40
1.0
 10
55.81324730973211
 20
-2.799999999963291
 30
0.0
 10
56.46574707407399
 20
-2.831212043906191
 30
0.0
 10
57.8998290110801
 20
-2.8998107329503
 30
0.0
 10
60.02199684948005
 20
-3.002896026253552
 30
0.0
 10
61.50027883808389
 20
-3.098146924247089
 30
0.0
 10
62.23577134574703
 20
-3.174761643201862
 30
0.0
 10
62.18585503748
 20
-3.21958372405885
 30
0.0
 10
62.16894813477393
 20
-3.234765186519496
 30
0.0
  0
SPLINE
  5
2899
330
27FF
100
AcDbEntity
  8
0
  6
Continuous
 62
     7
370
    25
100
AcDbSpline
210
0.0
220
0.0
230
1.0
 70
     8
 71
     3
 72
    15
 73
    11
 74
     0
 42
0.00000001
 43
0.00000001
 40
0.0
 40
0.0
 40
0.0
 40
0.0
 40
0.0718833948492989
 40
0.196997255297533
 40
0.3585078210994224
 40
0.5186171034738465
 40
0.6805736075814586
 40
0.8071567200721722
 40
0.9346830187486848
 40
1.0
 40
1.0
 40
1.0
 40
1.0
 10
52.8267823894239
 20
-3.940183151414089
 30
0.0
 10
52.81542730930892
 20
-3.957070306994694
 30
0.0
 10
52.7843085840309
 20
-4.003349747554353
 30
0.0
 10
53.61625572406592
 20
-4.086996713925657
 30
0.0
 10
55.34793369078307
 20
-4.194385915360385
 30
0.0
 10
57.80262751966393
 20
-4.304687392427695
 30
0.0
 10
60.01636112000506
 20
-4.414043373839547
 30
0.0
 10
61.50166334655705
 20
-4.509249133279354
 30
0.0
 10
62.23561260711108
 20
-4.585873774966558
 30
0.0
 10
62.18581487510801
 20
-4.630695093405052
 30
0.0
 10
62.16894813477393
 20
-4.645876297630593
 30
0.0
  0
SPLINE
  5
289A
330
27FF
100
AcDbEntity
  8
0
  6
Continuous
 62
     7
370
    25
100
AcDbSpline
210
0.0
220
0.0
230
1.0
 70
     8
 71
     3
 72
    15
 73
    11
 74
     0
 42
0.00000001
 43
0.00000001
 40
0.0
 40
0.0
 40
0.0
 40
0.0
 40
0.0677264991069894
 40
0.1856052355757354
 40
0.337775917184239
 40
0.4886263492274873
 40
0.6412171812800206
 40
0.760480205418423
 40
0.8806318728729091
 40
1.0
 40
1.0
 40
1.0
 40
1.0
 10
52.8267823894239
 20
-5.351294262525187
 30
0.0
 10
52.81542470064892
 20
-5.368181410493264
 30
0.0
 10
52.78429882631008
 20
-5.414460830191558
 30
0.0
 10
53.61633992070711
 20
-5.498108070729984
 30
0.0
 10
55.34752426280011
 20
-5.605495831724284
 30
0.0
 10
57.80413407752894
 20
-5.715802899807557
 30
0.0
 10
60.0111946480979
 20
-5.825139408729797
 30
0.0
 10
61.51636290442593
 20
-5.920403138997756
 30
0.0
 10
62.32102282455003
 20
-6.011545989949582
 30
0.0
 10
62.22325758275997
 20
-6.070539204280578
 30
0.0
 10
62.17453487142393
 20
-6.099939319290684
 30
0.0
  0
SPLINE
  5
289B
330
27FF
100
AcDbEntity
  8
0
  6
Continuous
 62
     7
370
    25
100
AcDbSpline
210
0.0
220
0.0
230
1.0
 70
     8
 71
     3
 72
    15
 73
    11
 74
     0
 42
0.00000001
 43
0.00000001
 40
0.0
 40
0.0
 40
0.0
 40
0.0
 40
0.0718833948492989
 40
0.196997255297533
 40
0.3585078210994224
 40
0.5186171034738465
 40
0.6805736075814586
 40
0.8071567200721722
 40
0.9346830187486848
 40
1.0
 40
1.0
 40
1.0
 40
1.0
 10
52.8267823894239
 20
-6.762405373636398
 30
0.0
 10
52.81542730930892
 20
-6.779292529217003
 30
0.0
 10
52.7843085840309
 20
-6.825571969776661
 30
0.0
 10
53.61625572406592
 20
-6.909218936147795
 30
0.0
 10
55.34793369078307
 20
-7.016608137582466
 30
0.0
 10
57.80262751966393
 20
-7.126909614650003
 30
0.0
 10
60.01636112000506
 20
-7.236265596061799
 30
0.0
 10
61.50166334655705
 20
-7.331471355501662
 30
0.0
 10
62.23561260711108
 20
-7.408095997188752
 30
0.0
 10
62.18581487510801
 20
-7.45291731562736
 30
0.0
 10
62.16894813477393
 20
-7.468098519852788
 30
0.0
  0
SPLINE
  5
289C
330
27FF
100
AcDbEntity
  8
0
  6
Continuous
 62
     7
370
    25
100
AcDbSpline
210
0.0
220
0.0
230
1.0
 70
     8
 71
     3
 72
    15
 73
    11
 74
     0
 42
0.00000001
 43
0.00000001
 40
0.0
 40
0.0
 40
0.0
 40
0.0
 40
0.0718833948492989
 40
0.196997255297533
 40
0.3585078210994225
 40
0.5186171034738467
 40
0.6805736075814588
 40
0.8071567200721724
 40
0.934683018748685
 40
1.0
 40
1.0
 40
1.0
 40
1.0
 10
52.8267823894239
 20
-8.173516484747381
 30
0.0
 10
52.81542730930892
 20
-8.190403640327986
 30
0.0
 10
52.7843085840309
 20
-8.236683080887758
 30
0.0
 10
53.61625572406706
 20
-8.320330047259063
 30
0.0
 10
55.34793369078193
 20
-8.42771924869345
 30
0.0
 10
57.80262751966507
 20
-8.538020725761271
 30
0.0
 10
60.01636112000392
 20
-8.647376707172953
 30
0.0
 10
61.50166334655796
 20
-8.74258246661276
 30
0.0
 10
62.23561260711108
 20
-8.81920710829985
 30
0.0
 10
62.18581487510801
 20
-8.864028426738457
 30
0.0
 10
62.16894813477393
 20
-8.879209630963885
 30
0.0
  0
SPLINE
  5
289D
330
27FF
100
AcDbEntity
  8
0
  6
Continuous
 62
     7
370
    25
100
AcDbSpline
210
0.0
220
0.0
230
1.0
 70
     8
 71
     3
 72
    15
 73
    11
 74
     0
 42
0.00000001
 43
0.00000001
 40
0.0
 40
0.0
 40
0.0
 40
0.0
 40
0.0718833948492989
 40
0.196997255297533
 40
0.3585078210994224
 40
0.5186171034738465
 40
0.6805736075814586
 40
0.8071567200721722
 40
0.9346830187486848
 40
1.0
 40
1.0
 40
1.0
 40
1.0
 10
52.8267823894239
 20
-9.584627595858592
 30
0.0
 10
52.81542730930892
 20
-9.601514751439197
 30
0.0
 10
52.7843085840309
 20
-9.647794191998855
 30
0.0
 10
53.61625572406592
 20
-9.73144115837016
 30
0.0
 10
55.34793369078307
 20
-9.83883035980466
 30
0.0
 10
57.80262751966393
 20
-9.949131836872255
 30
0.0
 10
60.01636112000506
 20
-10.05848781828388
 30
0.0
 10
61.50166334655705
 20
-10.15369357772397
 30
0.0
 10
62.23561260711108
 20
-10.230318219411
 30
0.0
 10
62.18581487510801
 20
-10.2751395378495
 30
0.0
 10
62.16894813477393
 20
-10.2903207420751
 30
0.0
  0
SPLINE
  5
289E
330
27FF
100
AcDbEntity
  8
0
  6
Continuous
 62
     7
370
    25
100
AcDbSpline
210
0.0
220
0.0
230
1.0
 70
     8
 71
     3
 72
    15
 73
    11
 74
     0
 42
0.00000001
 43
0.00000001
 40
0.0
 40
0.0
 40
0.0
 40
0.0
 40
0.0718833948492993
 40
0.1969972552975402
 40
0.3585078210994191
 40
0.5186171034738442
 40
0.6805736075814568
 40
0.8071567200721713
 40
0.9346830187486843
 40
0.9999999999999999
 40
0.9999999999999999
 40
0.9999999999999999
 40
0.9999999999999999
 10
52.8267823894239
 20
-10.99573870696969
 30
0.0
 10
52.81542730930892
 20
-11.01262586255029
 30
0.0
 10
52.78430858402999
 20
-11.05890530310978
 30
0.0
 10
53.61625572406706
 20
-11.14255226948126
 30
0.0
 10
55.34793369078193
 20
-11.2499414709157
 30
0.0
 10
57.80262751966302
 20
-11.36024294798318
 30
0.0
 10
60.01636112000506
 20
-11.46959892939537
 30
0.0
 10
61.50166334655705
 20
-11.5648046888349
 30
0.0
 10
62.23561260711108
 20
-11.64142933052227
 30
0.0
 10
62.1858148751071
 20
-11.68625064896059
 30
0.0
 10
62.16894813477393
 20
-11.70143185318597
 30
0.0
  0
SPLINE
  5
289F
330
27FF
100
AcDbEntity
  8
0
  6
Continuous
 62
     7
370
    25
100
AcDbSpline
210
0.0
220
0.0
230
1.0
 70
     8
 71
     3
 72
    15
 73
    11
 74
     0
 42
0.00000001
 43
0.00000001
 40
0.0
 40
0.0
 40
0.0
 40
0.0
 40
0.0718833948492993
 40
0.1969972552975403
 40
0.3585078210994191
 40
0.5186171034738442
 40
0.680573607581457
 40
0.8071567200721714
 40
0.9346830187486846
 40
1.0
 40
1.0
 40
1.0
 40
1.0
 10
52.8267823894239
 20
-12.40684981808067
 30
0.0
 10
52.81542730931005
 20
-12.42373697366145
 30
0.0
 10
52.7843085840309
 20
-12.47001641422105
 30
0.0
 10
53.61625572406706
 20
-12.55366338059235
 30
0.0
 10
55.34793369078307
 20
-12.6610525820268
 30
0.0
 10
57.80262751966393
 20
-12.77135405909445
 30
0.0
 10
60.01636112000506
 20
-12.88071004050636
 30
0.0
 10
61.50166334655705
 20
-12.97591579994605
 30
0.0
 10
62.23561260711108
 20
-13.05254044163325
 30
0.0
 10
62.1858148751071
 20
-13.09736176007158
 30
0.0
 10
62.16894813477393
 20
-13.11254296429718
 30
0.0
  0
SPLINE
  5
28A0
330
27FF
100
AcDbEntity
  8
0
  6
Continuous
 62
     7
370
    25
100
AcDbSpline
210
0.0
220
0.0
230
1.0
 70
     8
 71
     3
 72
    15
 73
    11
 74
     0
 42
0.00000001
 43
0.00000001
 40
0.0
 40
0.0
 40
0.0
 40
0.0
 40
0.0718833948492989
 40
0.196997255297533
 40
0.3585078210994225
 40
0.5186171034738467
 40
0.6805736075814588
 40
0.8071567200721724
 40
0.934683018748685
 40
1.0
 40
1.0
 40
1.0
 40
1.0
 10
52.8267823894239
 20
-13.81796092919188
 30
0.0
 10
52.81542730930892
 20
-13.8348480847726
 30
0.0
 10
52.7843085840309
 20
-13.88112752533226
 30
0.0
 10
53.61625572406706
 20
-13.96477449170345
 30
0.0
 10
55.34793369078193
 20
-14.07216369313795
 30
0.0
 10
57.80262751966507
 20
-14.1824651702056
 30
0.0
 10
60.01636112000392
 20
-14.2918211516174
 30
0.0
 10
61.50166334655796
 20
-14.38702691105709
 30
0.0
 10
62.23561260711108
 20
-14.46365155274435
 30
0.0
 10
62.18581487510801
 20
-14.5084728711829
 30
0.0
 10
62.16894813477393
 20
-14.52365407540839
 30
0.0
  0
SPLINE
  5
28A1
330
27FF
100
AcDbEntity
  8
0
  6
Continuous
 62
     7
370
    25
100
AcDbSpline
210
0.0
220
0.0
230
1.0
 70
     8
 71
     3
 72
    15
 73
    11
 74
     0
 42
0.00000001
 43
0.00000001
 40
0.0
 40
0.0
 40
0.0
 40
0.0
 40
0.071883394849299
 40
0.1969972552975329
 40
0.3585078210994224
 40
0.5186171034738466
 40
0.6805736075814587
 40
0.8071567200721723
 40
0.9346830187486849
 40
1.0
 40
1.0
 40
1.0
 40
1.0
 10
52.8267823894239
 20
-15.22907204030298
 30
0.0
 10
52.81542730930892
 20
-15.24595919588359
 30
0.0
 10
52.7843085840309
 20
-15.29223863644359
 30
0.0
 10
53.61625572406592
 20
-15.37588560281449
 30
0.0
 10
55.34793369078193
 20
-15.48327480424905
 30
0.0
 10
57.80262751966507
 20
-15.59357628131676
 30
0.0
 10
60.01636112000392
 20
-15.7029322627285
 30
0.0
 10
61.50166334655796
 20
-15.7981380221683
 30
0.0
 10
62.23561260711108
 20
-15.87476266385556
 30
0.0
 10
62.18581487510801
 20
-15.91958398229389
 30
0.0
 10
62.16894813477393
 20
-15.93476518651937
 30
0.0
  0
SPLINE
  5
28A2
330
27FF
100
AcDbEntity
  8
0
  6
Continuous
 62
     7
370
    25
100
AcDbSpline
210
0.0
220
0.0
230
1.0
 70
     8
 71
     3
 72
    15
 73
    11
 74
     0
 42
0.00000001
 43
0.00000001
 40
0.0
 40
0.0
 40
0.0
 40
0.0
 40
0.0718833948492989
 40
0.196997255297533
 40
0.3585078210994225
 40
0.5186171034738467
 40
0.6805736075814586
 40
0.8071567200721724
 40
0.9346830187486848
 40
1.0
 40
1.0
 40
1.0
 40
1.0
 10
52.8267823894239
 20
-16.64018315141396
 30
0.0
 10
52.81542730930892
 20
-16.6570703069948
 30
0.0
 10
52.7843085840309
 20
-16.7033497475544
 30
0.0
 10
53.61625572406706
 20
-16.78699671392576
 30
0.0
 10
55.34793369078193
 20
-16.89438591536009
 30
0.0
 10
57.80262751966507
 20
-17.00468739242785
 30
0.0
 10
60.01636112000392
 20
-17.11404337383959
 30
0.0
 10
61.50166334655796
 20
-17.20924913327957
 30
0.0
 10
62.23561260711108
 20
-17.28587377496649
 30
0.0
 10
62.18581487510801
 20
-17.33069509340498
 30
0.0
 10
62.16894813477393
 20
-17.34587629763058
 30
0.0
  0
SPLINE
  5
28A3
330
27FF
100
AcDbEntity
  8
0
  6
Continuous
 62
     7
370
    25
100
AcDbSpline
210
0.0
220
0.0
230
1.0
 70
     8
 71
     3
 72
    15
 73
    11
 74
     0
 42
0.00000001
 43
0.00000001
 40
0.0
 40
0.0
 40
0.0
 40
0.0
 40
0.0718833948492991
 40
0.1969972552975332
 40
0.3585078210994225
 40
0.5186171034738467
 40
0.6805736075814588
 40
0.8071567200721724
 40
0.934683018748685
 40
1.0
 40
1.0
 40
1.0
 40
1.0
 10
52.8267823894239
 20
-18.05129426252518
 30
0.0
 10
52.81542730930892
 20
-18.06818141810555
 30
0.0
 10
52.7843085840309
 20
-18.11446085866567
 30
0.0
 10
53.61625572406592
 20
-18.19810782503657
 30
0.0
 10
55.34793369078307
 20
-18.3054970264713
 30
0.0
 10
57.80262751966393
 20
-18.41579850353889
 30
0.0
 10
60.01636112000506
 20
-18.5251544849508
 30
0.0
 10
61.50166334655705
 20
-18.62036024439038
 30
0.0
 10
62.23561260711199
 20
-18.69698488607776
 30
0.0
 10
62.18581487510801
 20
-18.74180620451619
 30
0.0
 10
62.16894813477393
 20
-18.75698740874157
 30
0.0
  0
SPLINE
  5
28A4
330
27FF
100
AcDbEntity
  8
0
  6
Continuous
 62
     7
370
    25
100
AcDbSpline
210
0.0
220
0.0
230
1.0
 70
     8
 71
     3
 72
    15
 73
    11
 74
     0
 42
0.00000001
 43
0.00000001
 40
0.0
 40
0.0
 40
0.0
 40
0.0
 40
0.0718833948492989
 40
0.196997255297533
 40
0.3585078210994225
 40
0.5186171034738467
 40
0.6805736075814586
 40
0.8071567200721724
 40
0.9346830187486848
 40
1.0
 40
1.0
 40
1.0
 40
1.0
 10
52.8267823894239
 20
-19.46240537363627
 30
0.0
 10
52.81542730930892
 20
-19.47929252921688
 30
0.0
 10
52.7843085840309
 20
-19.52557196977665
 30
0.0
 10
53.61625572406706
 20
-19.60921893614807
 30
0.0
 10
55.34793369078193
 20
-19.71660813758228
 30
0.0
 10
57.80262751966507
 20
-19.82690961465016
 30
0.0
 10
60.01636112000392
 20
-19.93626559606179
 30
0.0
 10
61.50166334655796
 20
-20.03147135550165
 30
0.0
 10
62.23561260711108
 20
-20.1080959971888
 30
0.0
 10
62.18581487510801
 20
-20.15291731562729
 30
0.0
 10
62.16894813477393
 20
-20.16809851985278
 30
0.0
  0
SPLINE
  5
28A5
330
27FF
100
AcDbEntity
  8
0
  6
Continuous
 62
     7
370
    25
100
AcDbSpline
210
0.0
220
0.0
230
1.0
 70
     8
 71
     3
 72
    15
 73
    11
 74
     0
 42
0.00000001
 43
0.00000001
 40
0.0
 40
0.0
 40
0.0
 40
0.0
 40
0.0718833948492988
 40
0.1969972552975329
 40
0.3585078210994224
 40
0.5186171034738466
 40
0.6805736075814587
 40
0.8071567200721723
 40
0.9346830187486849
 40
1.0
 40
1.0
 40
1.0
 40
1.0
 10
52.8267823894239
 20
-20.87351648474748
 30
0.0
 10
52.81542730930892
 20
-20.89040364032809
 30
0.0
 10
52.7843085840309
 20
-20.93668308088786
 30
0.0
 10
53.61625572406592
 20
-21.02033004725888
 30
0.0
 10
55.34793369078307
 20
-21.1277192486935
 30
0.0
 10
57.80262751966393
 20
-21.2380207257612
 30
0.0
 10
60.01636112000506
 20
-21.34737670717288
 30
0.0
 10
61.50166334655705
 20
-21.44258246661275
 30
0.0
 10
62.23561260711108
 20
-21.5192071082999
 30
0.0
 10
62.18581487510801
 20
-21.5640284267385
 30
0.0
 10
62.16894813477393
 20
-21.57920963096399
 30
0.0
  0
SPLINE
  5
28A6
330
27FF
100
AcDbEntity
  8
0
  6
Continuous
 62
     7
370
    25
100
AcDbSpline
210
0.0
220
0.0
230
1.0
 70
     8
 71
     3
 72
    15
 73
    11
 74
     0
 42
0.00000001
 43
0.00000001
 40
0.0
 40
0.0
 40
0.0
 40
0.0
 40
0.0718833948492989
 40
0.196997255297533
 40
0.3585078210994225
 40
0.5186171034738467
 40
0.6805736075814586
 40
0.8071567200721724
 40
0.9346830187486848
 40
1.0
 40
1.0
 40
1.0
 40
1.0
 10
52.8267823894239
 20
-22.28462759585858
 30
0.0
 10
52.81542730930892
 20
-22.30151475143919
 30
0.0
 10
52.7843085840309
 20
-22.34779419199896
 30
0.0
 10
53.61625572406706
 20
-22.43144115837015
 30
0.0
 10
55.34793369078193
 20
-22.53883035980459
 30
0.0
 10
57.80262751966507
 20
-22.6491318368723
 30
0.0
 10
60.01636112000392
 20
-22.7584878182841
 30
0.0
 10
61.50166334655796
 20
-22.8536935777239
 30
0.0
 10
62.23561260711108
 20
-22.93031821941099
 30
0.0
 10
62.18581487510801
 20
-22.97513953784949
 30
0.0
 10
62.16894813477393
 20
-22.99032074207497
 30
0.0
  0
SPLINE
  5
28A7
330
27FF
100
AcDbEntity
  8
0
  6
Continuous
 62
     7
370
    25
100
AcDbSpline
210
0.0
220
0.0
230
1.0
 70
     8
 71
     3
 72
    15
 73
    11
 74
     0
 42
0.00000001
 43
0.00000001
 40
0.0
 40
0.0
 40
0.0
 40
0.0
 40
0.0718833948492991
 40
0.1969972552975332
 40
0.3585078210994225
 40
0.5186171034738467
 40
0.6805736075814588
 40
0.8071567200721724
 40
0.934683018748685
 40
1.0
 40
1.0
 40
1.0
 40
1.0
 10
52.8267823894239
 20
-23.69573870696956
 30
0.0
 10
52.81542730930892
 20
-23.71262586255017
 30
0.0
 10
52.7843085840309
 20
-23.75890530311017
 30
0.0
 10
53.61625572406592
 20
-23.84255226948108
 30
0.0
 10
55.34793369078307
 20
-23.94994147091586
 30
0.0
 10
57.80262751966393
 20
-24.06024294798345
 30
0.0
 10
60.01636112000506
 20
-24.16959892939508
 30
0.0
 10
61.50166334655705
 20
-24.264804688835
 30
0.0
 10
62.23561260711199
 20
-24.3414293305222
 30
0.0
 10
62.18581487510801
 20
-24.38625064896058
 30
0.0
 10
62.16894813477393
 20
-24.40143185318607
 30
0.0
  0
SPLINE
  5
28A8
330
27FF
100
AcDbEntity
  8
0
  6
Continuous
 62
     7
370
    25
100
AcDbSpline
210
0.0
220
0.0
230
1.0
 70
     8
 71
     3
 72
    15
 73
    11
 74
     0
 42
0.00000001
 43
0.00000001
 40
0.0
 40
0.0
 40
0.0
 40
0.0
 40
0.0718833948492989
 40
0.196997255297533
 40
0.3585078210994225
 40
0.5186171034738467
 40
0.6805736075814586
 40
0.8071567200721724
 40
0.9346830187486848
 40
1.0
 40
1.0
 40
1.0
 40
1.0
 10
52.8267823894239
 20
-25.10684981808066
 30
0.0
 10
52.81542730930892
 20
-25.12373697366149
 30
0.0
 10
52.7843085840309
 20
-25.1700164142211
 30
0.0
 10
53.61625572406706
 20
-25.2536633805924
 30
0.0
 10
55.34793369078193
 20
-25.36105258202667
 30
0.0
 10
57.80262751966507
 20
-25.47135405909449
 30
0.0
 10
60.01636112000392
 20
-25.58071004050629
 30
0.0
 10
61.50166334655796
 20
-25.67591579994615
 30
0.0
 10
62.23561260711108
 20
-25.75254044163319
 30
0.0
 10
62.18581487510801
 20
-25.79736176007179
 30
0.0
 10
62.16894813477393
 20
-25.81254296429717
 30
0.0
  0
SPLINE
  5
28A9
330
27FF
100
AcDbEntity
  8
0
  6
Continuous
 62
     7
370
    25
100
AcDbSpline
210
0.0
220
0.0
230
1.0
 70
     8
 71
     3
 72
    15
 73
    11
 74
     0
 42
0.00000001
 43
0.00000001
 40
0.0
 40
0.0
 40
0.0
 40
0.0
 40
0.0718833948492988
 40
0.1969972552975329
 40
0.3585078210994224
 40
0.5186171034738466
 40
0.6805736075814587
 40
0.8071567200721723
 40
0.9346830187486849
 40
1.0
 40
1.0
 40
1.0
 40
1.0
 10
52.8267823894239
 20
-26.51796092919187
 30
0.0
 10
52.81542730930892
 20
-26.53484808477248
 30
0.0
 10
52.7843085840309
 20
-26.58112752533236
 30
0.0
 10
53.61625572406592
 20
-26.66477449170316
 30
0.0
 10
55.34793369078307
 20
-26.77216369313805
 30
0.0
 10
57.80262751966393
 20
-26.88246517020565
 30
0.0
 10
60.01636112000506
 20
-26.99182115161739
 30
0.0
 10
61.50166334655705
 20
-27.08702691105725
 30
0.0
 10
62.23561260711108
 20
-27.16365155274445
 30
0.0
 10
62.18581487510801
 20
-27.20847287118278
 30
0.0
 10
62.16894813477393
 20
-27.22365407540826
 30
0.0
  0
SPLINE
  5
28AA
330
27FF
100
AcDbEntity
  8
0
  6
Continuous
 62
     7
370
    25
100
AcDbSpline
210
0.0
220
0.0
230
1.0
 70
     8
 71
     3
 72
    15
 73
    11
 74
     0
 42
0.00000001
 43
0.00000001
 40
0.0
 40
0.0
 40
0.0
 40
0.0
 40
0.0718833948492989
 40
0.196997255297533
 40
0.3585078210994224
 40
0.5186171034738465
 40
0.6805736075814586
 40
0.8071567200721722
 40
0.9346830187486848
 40
1.0
 40
1.0
 40
1.0
 40
1.0
 10
52.8267823894239
 20
-27.92907204030286
 30
0.0
 10
52.81542730930892
 20
-27.94595919588357
 30
0.0
 10
52.7843085840309
 20
-27.99223863644346
 30
0.0
 10
53.61625572406592
 20
-28.07588560281448
 30
0.0
 10
55.34793369078307
 20
-28.18327480424915
 30
0.0
 10
57.80262751966393
 20
-28.29357628131669
 30
0.0
 10
60.01636112000506
 20
-28.40293226272837
 30
0.0
 10
61.50166334655705
 20
-28.49813802216829
 30
0.0
 10
62.23561260711108
 20
-28.57476266385549
 30
0.0
 10
62.18581487510801
 20
-28.61958398229399
 30
0.0
 10
62.16894813477393
 20
-28.63476518651959
 30
0.0
  0
SPLINE
  5
28AB
330
27FF
100
AcDbEntity
  8
0
  6
Continuous
 62
     7
370
    25
100
AcDbSpline
210
0.0
220
0.0
230
1.0
 70
     8
 71
     3
 72
    15
 73
    11
 74
     0
 42
0.00000001
 43
0.00000001
 40
0.0
 40
0.0
 40
0.0
 40
0.0
 40
0.0718833948492989
 40
0.196997255297533
 40
0.3585078210994225
 40
0.5186171034738467
 40
0.6805736075814588
 40
0.8071567200721724
 40
0.934683018748685
 40
1.0
 40
1.0
 40
1.0
 40
1.0
 10
52.8267823894239
 20
-29.34018315141407
 30
0.0
 10
52.81542730930892
 20
-29.35707030699479
 30
0.0
 10
52.7843085840309
 20
-29.4033497475545
 30
0.0
 10
53.61625572406706
 20
-29.48699671392575
 30
0.0
 10
55.34793369078193
 20
-29.59438591536019
 30
0.0
 10
57.80262751966507
 20
-29.70468739242779
 30
0.0
 10
60.01636112000392
 20
-29.8140433738397
 30
0.0
 10
61.50166334655796
 20
-29.90924913327927
 30
0.0
 10
62.23561260711108
 20
-29.98587377496665
 30
0.0
 10
62.18581487510801
 20
-30.03069509340509
 30
0.0
 10
62.16894813477393
 20
-30.04587629763057
 30
0.0
  0
SPLINE
  5
28AC
330
27FF
100
AcDbEntity
  8
0
  6
Continuous
 62
     7
370
    25
100
AcDbSpline
210
0.0
220
0.0
230
1.0
 70
     8
 71
     3
 72
    15
 73
    11
 74
     0
 42
0.00000001
 43
0.00000001
 40
0.0
 40
0.0
 40
0.0
 40
0.0
 40
0.0718833948492989
 40
0.196997255297533
 40
0.3585078210994225
 40
0.5186171034738467
 40
0.6805736075814586
 40
0.8071567200721724
 40
0.9346830187486848
 40
1.0
 40
1.0
 40
1.0
 40
1.0
 10
52.8267823894239
 20
-30.75129426252516
 30
0.0
 10
52.81542730930892
 20
-30.76818141810577
 30
0.0
 10
52.7843085840309
 20
-30.8144608586656
 30
0.0
 10
53.61625572406706
 20
-30.89810782503696
 30
0.0
 10
55.34793369078193
 20
-31.00549702647106
 30
0.0
 10
57.80262751966507
 20
-31.11579850353905
 30
0.0
 10
60.01636112000392
 20
-31.22515448495068
 30
0.0
 10
61.50166334655796
 20
-31.32036024439077
 30
0.0
 10
62.23561260711108
 20
-31.39698488607746
 30
0.0
 10
62.18581487510801
 20
-31.4418062045163
 30
0.0
 10
62.16894813477393
 20
-31.45698740874167
 30
0.0
  0
SPLINE
  5
28AD
330
27FF
100
AcDbEntity
  8
0
  6
Continuous
 62
     7
370
    25
100
AcDbSpline
210
0.0
220
0.0
230
1.0
 70
     8
 71
     3
 72
    15
 73
    11
 74
     0
 42
0.00000001
 43
0.00000001
 40
0.0
 40
0.0
 40
0.0
 40
0.0
 40
0.0718833948492989
 40
0.196997255297533
 40
0.3585078210994225
 40
0.5186171034738467
 40
0.6805736075814588
 40
0.8071567200721724
 40
0.934683018748685
 40
1.0
 40
1.0
 40
1.0
 40
1.0
 10
52.8267823894239
 20
-32.16240537363615
 30
0.0
 10
52.81542730930892
 20
-32.17929252921709
 30
0.0
 10
52.7843085840309
 20
-32.22557196977675
 30
0.0
 10
53.61625572406706
 20
-32.309218936148
 30
0.0
 10
55.34793369078193
 20
-32.41660813758227
 30
0.0
 10
57.80262751966507
 20
-32.52690961465009
 30
0.0
 10
60.01636112000392
 20
-32.63626559606189
 30
0.0
 10
61.50166334655796
 20
-32.73147135550158
 30
0.0
 10
62.23561260711108
 20
-32.80809599718879
 30
0.0
 10
62.18581487510801
 20
-32.85291731562739
 30
0.0
 10
62.16894813477393
 20
-32.86809851985277
 30
0.0
  0
SPLINE
  5
28AE
330
27FF
100
AcDbEntity
  8
0
  6
Continuous
 62
     7
370
    25
100
AcDbSpline
210
0.0
220
0.0
230
1.0
 70
     8
 71
     3
 72
    15
 73
    11
 74
     0
 42
0.00000001
 43
0.00000001
 40
0.0
 40
0.0
 40
0.0
 40
0.0
 40
0.0718833948492989
 40
0.196997255297533
 40
0.3585078210994225
 40
0.5186171034738467
 40
0.6805736075814586
 40
0.8071567200721724
 40
0.9346830187486848
 40
1.0
 40
1.0
 40
1.0
 40
1.0
 10
52.8267823894239
 20
-33.57351648474747
 30
0.0
 10
52.81542730930892
 20
-33.59040364032796
 30
0.0
 10
52.7843085840309
 20
-33.63668308088785
 30
0.0
 10
53.61625572406706
 20
-33.72033004725915
 30
0.0
 10
55.34793369078193
 20
-33.8277192486936
 30
0.0
 10
57.80262751966507
 20
-33.93802072576125
 30
0.0
 10
60.01636112000392
 20
-34.04737670717299
 30
0.0
 10
61.50166334655796
 20
-34.14258246661285
 30
0.0
 10
62.23561260711108
 20
-34.21920710829988
 30
0.0
 10
62.18581487510801
 20
-34.26402842673838
 30
0.0
 10
62.16894813477393
 20
-34.27920963096386
 30
0.0
  0
SPLINE
  5
28AF
330
27FF
100
AcDbEntity
  8
0
  6
Continuous
 62
     7
370
    25
100
AcDbSpline
210
0.0
220
0.0
230
1.0
 70
     8
 71
     3
 72
    10
 73
     6
 74
     0
 42
0.00000001
 43
0.00000001
 40
0.0
 40
0.0
 40
0.0
 40
0.0
 40
0.453879376062047
 40
0.9081424783848435
 40
1.0
 40
1.0
 40
1.0
 40
1.0
 10
60.2571482059459
 20
14.265553481327
 30
0.0
 10
60.70748035841098
 20
14.23652202766505
 30
0.0
 10
61.60852539064899
 20
14.17843457608575
 30
0.0
 10
62.22110519400189
 20
14.11413533271451
 30
0.0
 10
62.18763032261609
 20
14.07924585638261
 30
0.0
 10
62.18199984724606
 20
14.07337744437643
 30
0.0
  0
SPLINE
  5
28B0
330
27FF
100
AcDbEntity
  8
0
  6
Continuous
 62
     7
370
    25
100
AcDbSpline
210
0.0
220
0.0
230
1.0
 70
     8
 71
     3
 72
    16
 73
    12
 74
     0
 42
0.00000001
 43
0.00000001
 40
0.0
 40
0.0
 40
0.0
 40
0.0
 40
0.055078156798004
 40
0.2092348473256457
 40
0.3625871249105478
 40
0.4831522145266084
 40
0.6044408469071311
 40
0.7253565523201431
 40
0.8500110959496894
 40
0.9747710270994338
 40
1.0
 40
1.0
 40
1.0
 40
1.0
 10
52.87378647630203
 20
13.3627042040934
 30
0.0
 10
52.82088618448711
 20
13.35005061692954
 30
0.0
 10
52.61992476666001
 20
13.30198126362694
 30
0.0
 10
53.400737464435
 20
13.21504084510701
 30
0.0
 10
54.94631981621296
 20
13.11518808248741
 30
0.0
 10
56.84167325656608
 20
13.02431925395172
 30
0.0
 10
58.65873792302091
 20
12.93874757929404
 30
0.0
 10
60.35021931613392
 20
12.85364483123624
 30
0.0
 10
61.58601854650306
 20
12.76730275233581
 30
0.0
 10
62.22199267953511
 20
12.70302480451073
 30
0.0
 10
62.18775804752909
 20
12.6681343980444
 30
0.0
 10
62.1819995908711
 20
12.6622656364529
 30
0.0
  0
SPLINE
  5
28B1
330
27FF
100
AcDbEntity
  8
0
  6
Continuous
 62
     7
370
    25
100
AcDbSpline
210
0.0
220
0.0
230
1.0
 70
     8
 71
     3
 72
     9
 73
     5
 74
     0
 42
0.00000001
 43
0.00000001
 40
0.0
 40
0.0
 40
0.0
 40
0.0
 40
0.484748173825215
 40
1.0
 40
1.0
 40
1.0
 40
1.0
 10
52.873781974135
 20
11.9515915821467
 30
0.0
 10
52.80497027909109
 20
11.93896478463063
 30
0.0
 10
52.6630167890919
 20
11.91291662561162
 30
0.0
 10
52.91635463810303
 20
11.88591344048564
 30
0.0
 10
53.04688742744497
 20
11.87200000003685
 30
0.0
  0
SPLINE
  5
28B2
330
27FF
100
AcDbEntity
  8
0
  6
Continuous
 62
     7
370
    25
100
AcDbSpline
210
0.0
220
0.0
230
1.0
 70
     8
 71
     3
 72
     9
 73
     5
 74
     0
 42
0.00000001
 43
0.00000001
 40
0.0
 40
0.0
 40
0.0
 40
0.0
 40
0.7054468956720208
 40
1.0
 40
1.0
 40
1.0
 40
1.0
 10
61.86557136707597
 20
-2.799999999963291
 30
0.0
 10
62.01299869824788
 20
-2.814131789369469
 30
0.0
 10
62.221983006036
 20
-2.834164182300867
 30
0.0
 10
62.19109494434906
 20
-2.854093894454877
 30
0.0
 10
62.18199676989298
 20
-2.859964253038356
 30
0.0
  0
SPLINE
  5
28B3
330
27FF
100
AcDbEntity
  8
0
  6
Continuous
 62
     7
370
    25
100
AcDbSpline
210
0.0
220
0.0
230
1.0
 70
     8
 71
     3
 72
    16
 73
    12
 74
     0
 42
0.00000001
 43
0.00000001
 40
0.0
 40
0.0
 40
0.0
 40
0.0
 40
0.0550527368523192
 40
0.2092116196759988
 40
0.362566078117206
 40
0.4831328823157955
 40
0.6044232395685067
 40
0.7253406645502316
 40
0.8499969809193271
 40
0.9747586863073601
 40
1.0
 40
1.0
 40
1.0
 40
1.0
 10
52.87373245432104
 20
-3.570647257917301
 30
0.0
 10
52.82086239377804
 20
-3.583294841598388
 30
0.0
 10
52.61994538889894
 20
-3.631358237138386
 30
0.0
 10
53.40075066440909
 20
-3.718292530815859
 30
0.0
 10
54.9463171548789
 20
-3.818145242157868
 30
0.0
 10
56.84167379476094
 20
-3.909014081425084
 30
0.0
 10
58.65873818502291
 20
-3.994585753719264
 30
0.0
 10
60.35021771804008
 20
-4.079688501333692
 30
0.0
 10
61.58602489314808
 20
-4.166030584507268
 30
0.0
 10
62.22200469456106
 20
-4.230311324279967
 30
0.0
 10
62.1877590908789
 20
-4.265204513355457
 30
0.0
 10
62.18199651336204
 20
-4.271076061385656
 30
0.0
  0
SPLINE
  5
28B4
330
27FF
100
AcDbEntity
  8
0
  6
Continuous
 62
     7
370
    25
100
AcDbSpline
210
0.0
220
0.0
230
1.0
 70
     8
 71
     3
 72
    16
 73
    12
 74
     0
 42
0.00000001
 43
0.00000001
 40
0.0
 40
0.0
 40
0.0
 40
0.0
 40
0.0550506186552088
 40
0.209209684092649
 40
0.3625643241947106
 40
0.4831312712145058
 40
0.6044217721455303
 40
0.7253393403637994
 40
0.8499958043984612
 40
0.9747576575769022
 40
1.0
 40
1.0
 40
1.0
 40
1.0
 10
52.87372795288798
 20
-4.981759879617982
 30
0.0
 10
52.82086041123989
 20
-4.994406963052597
 30
0.0
 10
52.61994710713793
 20
-5.042469862156452
 30
0.0
 10
53.40075176447499
 20
-5.1294036454766
 30
0.0
 10
54.94631693308793
 20
-5.229256352545065
 30
0.0
 10
56.84167383961199
 20
-5.3201251927062
 30
0.0
 10
58.65873820686397
 20
-5.405696864803986
 30
0.0
 10
60.35021758483504
 20
-5.490799612381181
 30
0.0
 10
61.58602542215795
 20
-5.577141695911052
 30
0.0
 10
62.22200569618303
 20
-5.641422668422479
 30
0.0
 10
62.18775917790094
 20
-5.676316089458453
 30
0.0
 10
62.18199625681905
 20
-5.6821878697682
 30
0.0
  0
SPLINE
  5
28B5
330
27FF
100
AcDbEntity
  8
0
  6
Continuous
 62
     7
370
    25
100
AcDbSpline
210
0.0
220
0.0
230
1.0
 70
     8
 71
     3
 72
    16
 73
    12
 74
     0
 42
0.00000001
 43
0.00000001
 40
0.0
 40
0.0
 40
0.0
 40
0.0
 40
0.0550485004785842
 40
0.2092077485177984
 40
0.3625625702687903
 40
0.4831296601004167
 40
0.6044203047003236
 40
0.7253380161457358
 40
0.849994627836271
 40
0.9747566287954194
 40
1.0
 40
1.0
 40
1.0
 40
1.0
 10
52.87372345151493
 20
-6.392872501298086
 30
0.0
 10
52.82085842870492
 20
-6.405519084492994
 30
0.0
 10
52.6199488253319
 20
-6.453581487167355
 30
0.0
 10
53.40075286455203
 20
-6.540514760137171
 30
0.0
 10
54.94631671129491
 20
-6.64036746293209
 30
0.0
 10
56.8416738844619
 20
-6.7312363039876
 30
0.0
 10
58.65873822870594
 20
-6.816807975888366
 30
0.0
 10
60.35021745162294
 20
-6.9019107234285
 30
0.0
 10
61.58602595118691
 20
-6.988252807314552
 30
0.0
 10
62.22200669786207
 20
-7.052534012576871
 30
0.0
 10
62.18775926493504
 20
-7.087427665584983
 30
0.0
 10
62.18199600026196
 20
-7.093299678186099
 30
0.0
  0
SPLINE
  5
28B6
330
27FF
100
AcDbEntity
  8
0
  6
Continuous
 62
     7
370
    25
100
AcDbSpline
210
0.0
220
0.0
230
1.0
 70
     8
 71
     3
 72
    16
 73
    12
 74
     0
 42
0.00000001
 43
0.00000001
 40
0.0
 40
0.0
 40
0.0
 40
0.0
 40
0.0550463823224591
 40
0.2092058129514979
 40
0.3625608163395332
 40
0.4831280489736451
 40
0.6044188372330327
 40
0.7253366918962147
 40
0.8499934512329612
 40
0.9747555999631461
 40
1.0
 40
1.0
 40
1.0
 40
1.0
 10
52.8737189502051
 20
-7.803985122957499
 30
0.0
 10
52.82085644617405
 20
-7.816631205919066
 30
0.0
 10
52.6199505434829
 20
-7.864693112170698
 30
0.0
 10
53.40075396463794
 20
-7.951625874797571
 30
0.0
 10
54.94631648950008
 20
-8.051478573319287
 30
0.0
 10
56.84167392931408
 20
-8.142347415269
 30
0.0
 10
58.65873825054996
 20
-8.227919086972861
 30
0.0
 10
60.35021731840607
 20
-8.313021834475762
 30
0.0
 10
61.58602648023498
 20
-8.39936391871845
 30
0.0
 10
62.22200769959704
 20
-8.463645356742575
 30
0.0
 10
62.18775935198209
 20
-8.498539241735159
 30
0.0
 10
62.18199574369305
 20
-8.504411486638958
 30
0.0
  0
SPLINE
  5
28B7
330
27FF
100
AcDbEntity
  8
0
  6
Continuous
 62
     7
370
    25
100
AcDbSpline
210
0.0
220
0.0
230
1.0
 70
     8
 71
     3
 72
    16
 73
    12
 74
     0
 42
0.00000001
 43
0.00000001
 40
0.0
 40
0.0
 40
0.0
 40
0.0
 40
0.0550442641868215
 40
0.2092038773936983
 40
0.3625590624068527
 40
0.4831264378340754
 40
0.6044173697435128
 40
0.725335367615063
 40
0.8499922745883276
 40
0.9747545710798481
 40
0.9999999999999999
 40
0.9999999999999999
 40
0.9999999999999999
 40
0.9999999999999999
 10
52.87371444895598
 20
-9.215097744595994
 30
0.0
 10
52.82085446364704
 20
-9.227743327331552
 30
0.0
 10
52.61995226159002
 20
-9.275804737167448
 30
0.0
 10
53.40075506473499
 20
-9.362736989458085
 30
0.0
 10
54.94631626770297
 20
-9.46258968370637
 30
0.0
 10
56.84167397416491
 20
-9.553458526550173
 30
0.0
 10
58.65873827239398
 20
-9.639030198057355
 30
0.0
 10
60.35021718518601
 20
-9.724132945523365
 30
0.0
 10
61.58602700930192
 20
-9.81047503012195
 30
0.0
 10
62.22200870139
 20
-9.874756700921068
 30
0.0
 10
62.18775943904006
 20
-9.909650817908357
 30
0.0
 10
62.18199548711095
 20
-9.915523295127286
 30
0.0
  0
SPLINE
  5
28B8
330
27FF
100
AcDbEntity
  8
0
  6
Continuous
 62
     7
370
    25
100
AcDbSpline
210
0.0
220
0.0
230
1.0
 70
     8
 71
     3
 72
    16
 73
    12
 74
     0
 42
0.00000001
 43
0.00000001
 40
0.0
 40
0.0
 40
0.0
 40
0.0
 40
0.0550421460716979
 40
0.2092019418445001
 40
0.3625573084709233
 40
0.48312482668194
 40
0.6044159022320545
 40
0.7253340433026289
 40
0.8499910979027789
 40
0.9747535421459943
 40
1.0
 40
1.0
 40
1.0
 40
1.0
 10
52.87370994776893
 20
-10.6262103662138
 30
0.0
 10
52.82085248112298
 20
-10.63885544873006
 30
0.0
 10
52.61995397965507
 20
-10.68691636215675
 30
0.0
 10
53.40075616484296
 20
-10.7738481041186
 30
0.0
 10
54.94631604590404
 20
-10.87370079409345
 30
0.0
 10
56.84167401901709
 20
-10.9645696378318
 30
0.0
 10
58.6587382942389
 20
-11.05014130914185
 30
0.0
 10
60.35021705196095
 20
-11.13524405657085
 30
0.0
 10
61.58602753838591
 20
-11.22158614152545
 30
0.0
 10
62.22200970323888
 20
-11.28586804511059
 30
0.0
 10
62.18775952611009
 20
-11.3207623941052
 30
0.0
 10
62.18199523051499
 20
-11.32663510365069
 30
0.0
  0
SPLINE
  5
28B9
330
27FF
100
AcDbEntity
  8
0
  6
Continuous
 62
     7
370
    25
100
AcDbSpline
210
0.0
220
0.0
230
1.0
 70
     8
 71
     3
 72
    16
 73
    12
 74
     0
 42
0.00000001
 43
0.00000001
 40
0.0
 40
0.0
 40
0.0
 40
0.0
 40
0.0550400279770649
 40
0.2092000063038053
 40
0.3625555545315726
 40
0.4831232155170084
 40
0.6044144346983686
 40
0.7253327189585649
 40
0.8499899211759074
 40
0.9747525131611162
 40
1.0
 40
1.0
 40
1.0
 40
1.0
 10
52.87370544664395
 20
-12.03732298781085
 30
0.0
 10
52.82085049860189
 20
-12.04996757011446
 30
0.0
 10
52.6199556976751
 20
-12.09802798713918
 30
0.0
 10
53.40075726496207
 20
-12.18495921877928
 30
0.0
 10
54.94631582410307
 20
-12.28481190448048
 30
0.0
 10
56.84167406386791
 20
-12.37568074911309
 30
0.0
 10
58.6587383160861
 20
-12.4612524202264
 30
0.0
 10
60.35021691873089
 20
-12.54635516761806
 30
0.0
 10
61.58602806749104
 20
-12.63269725292946
 30
0.0
 10
62.22201070514598
 20
-12.69697938931188
 30
0.0
 10
62.18775961319102
 20
-12.73187397032569
 30
0.0
 10
62.18199497390697
 20
-12.73774691220927
 30
0.0
  0
SPLINE
  5
28BA
330
27FF
100
AcDbEntity
  8
0
  6
Continuous
 62
     7
370
    25
100
AcDbSpline
210
0.0
220
0.0
230
1.0
 70
     8
 71
     3
 72
    16
 73
    12
 74
     0
 42
0.00000001
 43
0.00000001
 40
0.0
 40
0.0
 40
0.0
 40
0.0
 40
0.0550379099029494
 40
0.2091980707717149
 40
0.3625538005889754
 40
0.4831216043395128
 40
0.604412967142746
 40
0.7253313945832194
 40
0.8499887444081216
 40
0.9747514841256821
 40
1.0
 40
1.0
 40
1.0
 40
1.0
 10
52.87370094558105
 20
-13.44843560938705
 30
0.0
 10
52.82084851608602
 20
-13.46107969148505
 30
0.0
 10
52.61995741565192
 20
-13.50913961211455
 30
0.0
 10
53.4007583650889
 20
-13.59607033343968
 30
0.0
 10
54.94631560230005
 20
-13.69592301486767
 30
0.0
 10
56.84167410871896
 20
-13.7867918603942
 30
0.0
 10
58.65873833793489
 20
-13.87236353131095
 30
0.0
 10
60.35021678549606
 20
-13.95746627866566
 30
0.0
 10
61.586028596613
 20
-14.04380836433347
 30
0.0
 10
62.22201170710991
 20
-14.10809073352459
 30
0.0
 10
62.187759700284
 20
-14.14298554656955
 30
0.0
 10
62.18199471728599
 20
-14.14885872080316
 30
0.0
  0
SPLINE
  5
28BB
330
27FF
100
AcDbEntity
  8
0
  6
Continuous
 62
     7
370
    25
100
AcDbSpline
210
0.0
220
0.0
230
1.0
 70
     8
 71
     3
 72
    16
 73
    12
 74
     0
 42
0.00000001
 43
0.00000001
 40
0.0
 40
0.0
 40
0.0
 40
0.0
 40
0.0550357918497758
 40
0.2091961352485057
 40
0.3625520466432615
 40
0.4831199931494682
 40
0.6044114995650846
 40
0.7253300701763757
 40
0.8499875675990843
 40
0.9747504550392364
 40
1.0
 40
1.0
 40
1.0
 40
1.0
 10
52.87369644457999
 20
-14.85954823094266
 30
0.0
 10
52.8208465335731
 20
-14.87219181284155
 30
0.0
 10
52.6199591335851
 20
-14.92025123708265
 30
0.0
 10
53.40075946522893
 20
-15.00718144810077
 30
0.0
 10
54.94631538049407
 20
-15.10703412525436
 30
0.0
 10
56.84167415357206
 20
-15.19790297167577
 30
0.0
 10
58.65873835978391
 20
-15.28347464239539
 30
0.0
 10
60.35021665225599
 20
-15.36857738971315
 30
0.0
 10
61.58602912575407
 20
-15.45491947573686
 30
0.0
 10
62.22201270913001
 20
-15.51920207774987
 30
0.0
 10
62.18775978738995
 20
-15.55409712283699
 30
0.0
 10
62.18199446065205
 20
-15.55997052943195
 30
0.0
  0
SPLINE
  5
28BC
330
27FF
100
AcDbEntity
  8
0
  6
Continuous
 62
     7
370
    25
100
AcDbSpline
210
0.0
220
0.0
230
1.0
 70
     8
 71
     3
 72
    16
 73
    12
 74
     0
 42
0.00000001
 43
0.00000001
 40
0.0
 40
0.0
 40
0.0
 40
0.0
 40
0.0550336738171117
 40
0.2091941997338549
 40
0.3625502926942176
 40
0.4831183819467464
 40
0.6044100319653434
 40
0.725328745738078
 40
0.8499863907489293
 40
0.9747494259020006
 40
0.9999999999999999
 40
0.9999999999999999
 40
0.9999999999999999
 40
0.9999999999999999
 10
52.87369194364101
 20
-16.27066085247725
 30
0.0
 10
52.82084455106292
 20
-16.28330393418406
 30
0.0
 10
52.61996085147393
 20
-16.33136286204359
 30
0.0
 10
53.40076056537691
 20
-16.41829256276139
 30
0.0
 10
54.94631515868809
 20
-16.51814523564167
 30
0.0
 10
56.84167419842311
 20
-16.609014082957
 30
0.0
 10
58.65873838163407
 20
-16.69458575348
 30
0.0
 10
60.35021651901093
 20
-16.77968850076059
 30
0.0
 10
61.58602965491491
 20
-16.86603058714076
 30
0.0
 10
62.22201371120605
 20
-16.93031342198645
 30
0.0
 10
62.18775987450704
 20
-16.96520869912769
 30
0.0
 10
62.18199420400492
 20
-16.97108233809615
 30
0.0
  0
SPLINE
  5
28BD
330
27FF
100
AcDbEntity
  8
0
  6
Continuous
 62
     7
370
    25
100
AcDbSpline
210
0.0
220
0.0
230
1.0
 70
     8
 71
     3
 72
    16
 73
    12
 74
     0
 42
0.00000001
 43
0.00000001
 40
0.0
 40
0.0
 40
0.0
 40
0.0
 40
0.0550315558051923
 40
0.2091922642279987
 40
0.3625485387420804
 40
0.4831167707315857
 40
0.6044085643437609
 40
0.7253274212685656
 40
0.8499852138578967
 40
0.974748396714216
 40
1.0
 40
1.0
 40
1.0
 40
1.0
 10
52.87368744276409
 20
-17.68177347399109
 30
0.0
 10
52.82084256855705
 20
-17.69441605551248
 30
0.0
 10
52.61996256931889
 20
-17.74247448699685
 30
0.0
 10
53.40076166553604
 20
-17.82940367742185
 30
0.0
 10
54.94631493687803
 20
-17.92925634602858
 30
0.0
 10
56.84167424327597
 20
-18.02012519423857
 30
0.0
 10
58.6587384034849
 20
-18.10569686456427
 30
0.0
 10
60.350216385762
 20
-18.19079961180796
 30
0.0
 10
61.58603018409394
 20
-18.27714169854426
 30
0.0
 10
62.22201471334211
 20
-18.34142476623526
 30
0.0
 10
62.18775996163504
 20
-18.3763202754418
 30
0.0
 10
62.18199394734506
 20
-18.3821941467956
 30
0.0
  0
SPLINE
  5
28BE
330
27FF
100
AcDbEntity
  8
0
  6
Continuous
 62
     7
370
    25
100
AcDbSpline
210
0.0
220
0.0
230
1.0
 70
     8
 71
     3
 72
    16
 73
    12
 74
     0
 42
0.00000001
 43
0.00000001
 40
0.0
 40
0.0
 40
0.0
 40
0.0
 40
0.0550294378139937
 40
0.2091903287308388
 40
0.3625467847866775
 40
0.4831151595037544
 40
0.6044070967000471
 40
0.7253260967674903
 40
0.8499840369255777
 40
0.9747473674754132
 40
1.0
 40
1.0
 40
1.0
 40
1.0
 10
52.87368294194994
 20
-19.09288609548395
 30
0.0
 10
52.82084058605506
 20
-19.10552817682697
 30
0.0
 10
52.619964287122
 20
-19.15358611194409
 30
0.0
 10
53.40076276570608
 20
-19.24051479208288
 30
0.0
 10
54.94631471506705
 20
-19.34036745641566
 30
0.0
 10
56.84167428812907
 20
-19.43123630552009
 30
0.0
 10
58.65873842533711
 20
-19.5168079756487
 30
0.0
 10
60.35021625250806
 20
-19.60191072285556
 30
0.0
 10
61.58603071329094
 20
-19.68825280994798
 30
0.0
 10
62.22201571553092
 20
-19.7525361104951
 30
0.0
 10
62.187760048776
 20
-19.7874318517795
 30
0.0
 10
62.18199369067202
 20
-19.79330595553
 30
0.0
  0
SPLINE
  5
28BF
330
27FF
100
AcDbEntity
  8
0
  6
Continuous
 62
     7
370
    25
100
AcDbSpline
210
0.0
220
0.0
230
1.0
 70
     8
 71
     3
 72
    16
 73
    12
 74
     0
 42
0.00000001
 43
0.00000001
 40
0.0
 40
0.0
 40
0.0
 40
0.0
 40
0.055027319843772
 40
0.2091883932426676
 40
0.3625450308283379
 40
0.4831135482636111
 40
0.6044056290345893
 40
0.7253247722352679
 40
0.8499828599524178
 40
0.9747463381860678
 40
1.0
 40
1.0
 40
1.0
 40
1.0
 10
52.87367844119808
 20
-20.50399871695589
 30
0.0
 10
52.82083860355692
 20
-20.51664029812719
 30
0.0
 10
52.6199660048801
 20
-20.56469773688298
 30
0.0
 10
53.40076386588589
 20
-20.65162590674379
 30
0.0
 10
54.94631449325402
 20
-20.75147856680258
 30
0.0
 10
56.84167433298103
 20
-20.8423474168012
 30
0.0
 10
58.6587384471909
 20
-20.92791908673325
 30
0.0
 10
60.35021611924799
 20
-21.01302183390288
 30
0.0
 10
61.58603124250794
 20
-21.09936392135216
 30
0.0
 10
62.22201671777907
 20
-21.1636474547671
 30
0.0
 10
62.1877601359281
 20
-21.19854342814057
 30
0.0
 10
62.18199343398601
 20
-21.20441776429959
 30
0.0
  0
SPLINE
  5
28C0
330
27FF
100
AcDbEntity
  8
0
  6
Continuous
 62
     7
370
    25
100
AcDbSpline
210
0.0
220
0.0
230
1.0
 70
     8
 71
     3
 72
    16
 73
    12
 74
     0
 42
0.00000001
 43
0.00000001
 40
0.0
 40
0.0
 40
0.0
 40
0.0
 40
0.0550252018940605
 40
0.2091864577630557
 40
0.3625432768666692
 40
0.4831119370107915
 40
0.6044041613470521
 40
0.7253234476715922
 40
0.8499816829381408
 40
0.9747453088459332
 40
1.0
 40
1.0
 40
1.0
 40
1.0
 10
52.87367394050807
 20
-21.9151113384068
 30
0.0
 10
52.82083662106311
 20
-21.92775241941348
 30
0.0
 10
52.61996772259408
 20
-21.97580936181549
 30
0.0
 10
53.40076496607708
 20
-22.06273702140459
 30
0.0
 10
54.94631427143804
 20
-22.1625896771896
 30
0.0
 10
56.8416743778339
 20
-22.25345852808266
 30
0.0
 10
58.65873846904697
 20
-22.33903019781786
 30
0.0
 10
60.35021598598405
 20
-22.4241329449502
 30
0.0
 10
61.58603177174291
 20
-22.51047503275589
 30
0.0
 10
62.22201772008202
 20
-22.57475879905076
 30
0.0
 10
62.18776022309294
 20
-22.60965500452517
 30
0.0
 10
62.18199317728704
 20
-22.6155295731042
 30
0.0
  0
SPLINE
  5
28C1
330
27FF
100
AcDbEntity
  8
0
  6
Continuous
 62
     7
370
    25
100
AcDbSpline
210
0.0
220
0.0
230
1.0
 70
     8
 71
     3
 72
    16
 73
    12
 74
     0
 42
0.00000001
 43
0.00000001
 40
0.0
 40
0.0
 40
0.0
 40
0.0
 40
0.0550230839655522
 40
0.2091845222926222
 40
0.3625415229022165
 40
0.4831103257457836
 40
0.6044026936378657
 40
0.7253221230768352
 40
0.849980505883059
 40
0.9747442794552619
 40
1.0
 40
1.0
 40
1.0
 40
1.0
 10
52.87366943988104
 20
-23.32622395983685
 30
0.0
 10
52.82083463857202
 20
-23.33886454068556
 30
0.0
 10
52.61996944026396
 20
-23.38692098674017
 30
0.0
 10
53.40076606627599
 20
-23.4738481360655
 30
0.0
 10
54.94631404962206
 20
-23.57370078757668
 30
0.0
 10
56.84167442268699
 20
-23.66456963936406
 30
0.0
 10
58.6587384909019
 20
-23.7501413089023
 30
0.0
 10
60.35021585271488
 20
-23.83524405599769
 30
0.0
 10
61.58603230099789
 20
-23.92158614415945
 30
0.0
 10
62.22201872244091
 20
-23.98587014334618
 30
0.0
 10
62.18776031026891
 20
-24.02076658093307
 30
0.0
 10
62.18199292057602
 20
-24.0266413819441
 30
0.0
  0
SPLINE
  5
28C2
330
27FF
100
AcDbEntity
  8
0
  6
Continuous
 62
     7
370
    25
100
AcDbSpline
210
0.0
220
0.0
230
1.0
 70
     8
 71
     3
 72
    16
 73
    12
 74
     0
 42
0.00000001
 43
0.00000001
 40
0.0
 40
0.0
 40
0.0
 40
0.0
 40
0.0550209660577848
 40
0.2091825868309409
 40
0.3625397689345899
 40
0.4831087144682253
 40
0.6044012259066965
 40
0.725320798450692
 40
0.8499793287868965
 40
0.9747432500138076
 40
1.0
 40
1.0
 40
1.0
 40
1.0
 10
52.87366493931609
 20
-24.73733658124587
 30
0.0
 10
52.82083265608503
 20
-24.74997666194366
 30
0.0
 10
52.61997115789109
 20
-24.7980326116583
 30
0.0
 10
53.40076716648605
 20
-24.8849592507263
 30
0.0
 10
54.9463138278029
 20
-24.98481189796365
 30
0.0
 10
56.84167446754009
 20
-25.07568075064557
 30
0.0
 10
58.6587385127591
 20
-25.16125241998679
 30
0.0
 10
60.35021571944094
 20
-25.24635516704495
 30
0.0
 10
61.58603283027105
 20
-25.33269725556369
 30
0.0
 10
62.22201972485891
 20
-25.39698148765285
 30
0.0
 10
62.18776039745694
 20
-25.43187815736439
 30
0.0
 10
62.18199266385091
 20
-25.43775319081897
 30
0.0
  0
SPLINE
  5
28C3
330
27FF
100
AcDbEntity
  8
0
  6
Continuous
 62
     7
370
    25
100
AcDbSpline
210
0.0
220
0.0
230
1.0
 70
     8
 71
     3
 72
    16
 73
    12
 74
     0
 42
0.00000001
 43
0.00000001
 40
0.0
 40
0.0
 40
0.0
 40
0.0
 40
0.0550188481707587
 40
0.2091806513780121
 40
0.3625380149637897
 40
0.4831071031781174
 40
0.604399758153545
 40
0.7253194737931626
 40
0.849978151649654
 40
0.9747422205215706
 40
1.0
 40
1.0
 40
1.0
 40
1.0
 10
52.87366043881389
 20
-26.14844920263386
 30
0.0
 10
52.82083067360304
 20
-26.16108878318767
 30
0.0
 10
52.6199728754741
 20
-26.20914423656899
 30
0.0
 10
53.40076826670793
 20
-26.29607036538738
 30
0.0
 10
54.94631360598191
 20
-26.39592300835056
 30
0.0
 10
56.84167451239296
 20
-26.48679186192686
 30
0.0
 10
58.6587385346179
 20
-26.57236353107129
 30
0.0
 10
60.3502155861629
 20
-26.6574662780925
 30
0.0
 10
61.58603335956195
 20
-26.7438083669673
 30
0.0
 10
62.22202072733398
 20
-26.80809283197226
 30
0.0
 10
62.18776048465588
 20
-26.84298973381919
 30
0.0
 10
62.18199240711306
 20
-26.8488649997289
 30
0.0
  0
SPLINE
  5
28C4
330
27FF
100
AcDbEntity
  8
0
  6
Continuous
 62
     7
370
    25
100
AcDbSpline
210
0.0
220
0.0
230
1.0
 70
     8
 71
     3
 72
    16
 73
    12
 74
     0
 42
0.00000001
 43
0.00000001
 40
0.0
 40
0.0
 40
0.0
 40
0.0
 40
0.0550167303049396
 40
0.209178715934265
 40
0.3625362609902087
 40
0.4831054918758232
 40
0.6043982903787458
 40
0.7253181491045537
 40
0.8499769744716072
 40
0.9747411909787971
 40
0.9999999999999999
 40
0.9999999999999999
 40
0.9999999999999999
 40
0.9999999999999999
 10
52.8736559383749
 20
-27.55956182400075
 30
0.0
 10
52.8208286911231
 20
-27.57220090441729
 30
0.0
 10
52.6199745930121
 20
-27.62025586147217
 30
0.0
 10
53.40076936693799
 20
-27.70718148004835
 30
0.0
 10
54.94631338415888
 20
-27.80703411873759
 30
0.0
 10
56.84167455724696
 20
-27.89790297320837
 30
0.0
 10
58.65873855647692
 20
-27.98347464215567
 30
0.0
 10
60.35021545288009
 20
-28.06857738913999
 30
0.0
 10
61.58603388887195
 20
-28.15491947837097
 30
0.0
 10
62.22202172986499
 20
-28.21920417630275
 30
0.0
 10
62.18776057186801
 20
-28.2541013102973
 30
0.0
 10
62.18199215036293
 20
-28.25997680867397
 30
0.0
  0
SPLINE
  5
28C5
330
27FF
100
AcDbEntity
  8
0
  6
Continuous
 62
     7
370
    25
100
AcDbSpline
210
0.0
220
0.0
230
1.0
 70
     8
 71
     3
 72
    16
 73
    12
 74
     0
 42
0.00000001
 43
0.00000001
 40
0.0
 40
0.0
 40
0.0
 40
0.0
 40
0.0550146124601014
 40
0.2091767804995102
 40
0.362534507013694
 40
0.4831038805612197
 40
0.6043968225822047
 40
0.7253168243847993
 40
0.849975797252721
 40
0.9747401613854818
 40
0.9999999999999999
 40
0.9999999999999999
 40
0.9999999999999999
 40
0.9999999999999999
 10
52.87365143799889
 20
-28.97067444534656
 30
0.0
 10
52.82082670864907
 20
-28.98331302563275
 30
0.0
 10
52.6199763105069
 20
-29.03136748636825
 30
0.0
 10
53.40077046717897
 20
-29.11829259470949
 30
0.0
 10
54.94631316233404
 20
-29.2181452291245
 30
0.0
 10
56.84167460210006
 20
-29.30901408448955
 30
0.0
 10
58.6587385783389
 20
-29.39458575324045
 30
0.0
 10
60.35021531959205
 20
-29.47968850018708
 30
0.0
 10
61.58603441820196
 20
-29.56603058977549
 30
0.0
 10
62.22202273245102
 20
-29.63031552064456
 30
0.0
 10
62.18776065909105
 20
-29.66521288679888
 30
0.0
 10
62.18199189360007
 20
-29.67108861765405
 30
0.0
  0
SPLINE
  5
28C6
330
27FF
100
AcDbEntity
  8
0
  6
Continuous
 62
     7
370
    25
100
AcDbSpline
210
0.0
220
0.0
230
1.0
 70
     8
 71
     3
 72
    16
 73
    12
 74
     0
 42
0.00000001
 43
0.00000001
 40
0.0
 40
0.0
 40
0.0
 40
0.0
 40
0.0550124946362337
 40
0.2091748450737
 40
0.3625327530341604
 40
0.4831022692341914
 40
0.6043953547637771
 40
0.7253154996337253
 40
0.8499746199927909
 40
0.9747391317413898
 40
0.9999999999999999
 40
0.9999999999999999
 40
0.9999999999999999
 40
0.9999999999999999
 10
52.87364693768495
 20
-30.38178706667139
 30
0.0
 10
52.82082472617708
 20
-30.39442514683418
 30
0.0
 10
52.6199780279569
 20
-30.44247911125728
 30
0.0
 10
53.40077156742996
 20
-30.5294037093704
 30
0.0
 10
54.94631294050691
 20
-30.62925633951136
 30
0.0
 10
56.84167464695406
 20
-30.72012519577095
 30
0.0
 10
58.65873860019997
 20
-30.80569686432489
 30
0.0
 10
60.35021518629901
 20
-30.89079961123468
 30
0.0
 10
61.58603494754902
 20
-30.97714170117899
 30
0.0
 10
62.22202373509504
 20
-31.04142686499898
 30
0.0
 10
62.18776074632706
 20
-31.07632446332366
 30
0.0
 10
62.18199163682289
 20
-31.08220042666926
 30
0.0
  0
SPLINE
  5
28C7
330
27FF
100
AcDbEntity
  8
0
  6
Continuous
 62
     7
370
    25
100
AcDbSpline
210
0.0
220
0.0
230
1.0
 70
     8
 71
     3
 72
    16
 73
    12
 74
     0
 42
0.00000001
 43
0.00000001
 40
0.0
 40
0.0
 40
0.0
 40
0.0
 40
0.055010376833577
 40
0.2091729096570747
 40
0.3625309990518486
 40
0.4831006578949797
 40
0.604393886923704
 40
0.7253141748515732
 40
0.849973442692058
 40
0.9747381020467624
 40
1.0
 40
1.0
 40
1.0
 40
1.0
 10
52.873642437434
 20
-31.79289968797497
 30
0.0
 10
52.8208227437101
 20
-31.8055372680214
 30
0.0
 10
52.61997974536507
 20
-31.85359073613876
 30
0.0
 10
53.40077266769094
 20
-31.9405148240316
 30
0.0
 10
54.94631271867797
 20
-32.04036744989838
 30
0.0
 10
56.84167469180807
 20
-32.13123630705246
 30
0.0
 10
58.65873862206195
 20
-32.21680797540927
 30
0.0
 10
60.3502150530021
 20
-32.30191072228229
 30
0.0
 10
61.58603547691405
 20
-32.38825281258249
 30
0.0
 10
62.22202473779589
 20
-32.452538209365
 30
0.0
 10
62.18776083357307
 20
-32.48743603987219
 30
0.0
 10
62.18199138003411
 20
-32.49331223571949
 30
0.0
  0
SPLINE
  5
28C8
330
27FF
100
AcDbEntity
  8
0
  6
Continuous
 62
     7
370
    25
100
AcDbSpline
210
0.0
220
0.0
230
1.0
 70
     8
 71
     3
 72
    16
 73
    12
 74
     0
 42
0.00000001
 43
0.00000001
 40
0.0
 40
0.0
 40
0.0
 40
0.0
 40
0.0550082590519073
 40
0.2091709742494468
 40
0.3625292450666073
 40
0.4830990465434614
 40
0.6043924190618912
 40
0.7253128500382771
 40
0.8499722653504861
 40
0.9747370723015928
 40
1.0
 40
1.0
 40
1.0
 40
1.0
 10
52.87363793724694
 20
-33.20401230925756
 30
0.0
 10
52.82082076124789
 20
-33.21664938919429
 30
0.0
 10
52.61998146272799
 20
-33.26470236101346
 30
0.0
 10
53.40077376796307
 20
-33.35162593869279
 30
0.0
 10
54.94631249684699
 20
-33.45147856028507
 30
0.0
 10
56.84167473666207
 20
-33.54234741833375
 30
0.0
 10
58.65873864392711
 20
-33.62791908649365
 30
0.0
 10
60.35021491969906
 20
-33.71302183332966
 30
0.0
 10
61.58603600629908
 20
-33.79936392398656
 30
0.0
 10
62.22202574055291
 20
-33.86364955374188
 30
0.0
 10
62.1877609208309
 20
-33.89854761644358
 30
0.0
 10
62.18199112323191
 20
-33.90442404480478
 30
0.0
  0
SPLINE
  5
28C9
330
27FF
100
AcDbEntity
  8
0
  6
Continuous
 62
     7
370
    25
100
AcDbSpline
210
0.0
220
0.0
230
1.0
 70
     8
 71
     3
 72
    16
 73
    12
 74
     0
 42
0.00000001
 43
0.00000001
 40
0.0
 40
0.0
 40
0.0
 40
0.0
 40
0.0550061412916619
 40
0.2091690388511433
 40
0.3625274910786534
 40
0.4830974351797673
 40
0.6043909511783825
 40
0.7253115251937942
 40
0.8499710879679432
 40
0.9747360425056595
 40
1.0
 40
1.0
 40
1.0
 40
1.0
 10
52.87363343712195
 20
-34.6151249305189
 30
0.0
 10
52.82081877878909
 20
-34.62776151035297
 30
0.0
 10
52.61998318004589
 20
-34.6758139858801
 30
0.0
 10
53.40077486824407
 20
-34.76273705335399
 30
0.0
 10
54.94631227501509
 20
-34.86258967067209
 30
0.0
 10
56.84167478151608
 20
-34.95345852961538
 30
0.0
 10
58.65873866579204
 20
-35.03903019757809
 30
0.0
 10
60.35021478639192
 20
-35.12413294437715
 30
0.0
 10
61.58603653570299
 20
-35.21047503539029
 30
0.0
 10
62.222026743367
 20
-35.2747608981316
 30
0.0
 10
62.18776100810192
 20
-35.30965919303856
 30
0.0
 10
62.18199086641789
 20
-35.31553585392498
 30
0.0
  0
SPLINE
  5
28CA
330
27FF
100
AcDbEntity
  8
0
  6
Continuous
 62
     7
370
    25
100
AcDbSpline
210
0.0
220
0.0
230
1.0
 70
     8
 71
     3
 72
    13
 73
     9
 74
     0
 42
0.00000001
 43
0.00000001
 40
0.0
 40
0.0
 40
0.0
 40
0.0
 40
0.2011332674357584
 40
0.4005214805280423
 40
0.6022100864214394
 40
0.7598472966623783
 40
0.9186590809530587
 40
1.0
 40
1.0
 40
1.0
 40
1.0
 10
-61.38324265871006
 20
14.2655538108317
 30
0.0
 10
-60.8170730407669
 20
14.2270007954362
 30
0.0
 10
-59.68964595473904
 20
14.15022925484601
 30
0.0
 10
-57.187128249446
 20
14.03971051208532
 30
0.0
 10
-54.98573801070711
 20
13.93041060703564
 30
0.0
 10
-53.49782096789204
 20
13.83519296838591
 30
0.0
 10
-52.76444651800102
 20
13.75857093808531
 30
0.0
 10
-52.81420008410396
 20
13.71374941899961
 30
0.0
 10
-52.83105186522607
 20
13.6985681468139
 30
0.0
  0
SPLINE
  5
28CB
330
27FF
100
AcDbEntity
  8
0
  6
Continuous
 62
     7
370
    25
100
AcDbSpline
210
0.0
220
0.0
230
1.0
 70
     8
 71
     3
 72
    15
 73
    11
 74
     0
 42
0.00000001
 43
0.00000001
 40
0.0
 40
0.0
 40
0.0
 40
0.0
 40
0.0677264991069894
 40
0.1856052355757354
 40
0.337775917184239
 40
0.4886263492274873
 40
0.6412171812800206
 40
0.760480205418423
 40
0.8806318728729091
 40
1.0
 40
1.0
 40
1.0
 40
1.0
 10
-62.1732176105761
 20
12.9931501819193
 30
0.0
 10
-62.18457529935108
 20
12.976263033951
 30
0.0
 10
-62.21570117369106
 20
12.92998361425271
 30
0.0
 10
-61.38366007929289
 20
12.84633637371451
 30
0.0
 10
-59.65247573719989
 20
12.73894861272015
 30
0.0
 10
-57.19586592247106
 20
12.62864154463682
 30
0.0
 10
-54.9888053519021
 20
12.51930503571475
 30
0.0
 10
-53.48363709557293
 20
12.42404130544662
 30
0.0
 10
-52.67897717545111
 20
12.33289845449491
 30
0.0
 10
-52.77674241724003
 20
12.27390524016391
 30
0.0
 10
-52.82546512857607
 20
12.24450512515381
 30
0.0
  0
SPLINE
  5
28CC
330
27FF
100
AcDbEntity
  8
0
  6
Continuous
 62
     7
370
    25
100
AcDbSpline
210
0.0
220
0.0
230
1.0
 70
     8
 71
     3
 72
    12
 73
     8
 74
     0
 42
0.00000001
 43
0.00000001
 40
0.0
 40
0.0
 40
0.0
 40
0.0
 40
0.2192838374040899
 40
0.4819480519135766
 40
0.6872430105553556
 40
0.8940676469337226
 40
1.0
 40
1.0
 40
1.0
 40
1.0
 10
-59.18675269026789
 20
-2.799999999963291
 30
0.0
 10
-58.5342529259251
 20
-2.831212043906191
 30
0.0
 10
-57.10017098891899
 20
-2.8998107329503
 30
0.0
 10
-54.97800315051995
 20
-3.002896026253552
 30
0.0
 10
-53.49972116191611
 20
-3.098146924247089
 30
0.0
 10
-52.76422865425297
 20
-3.174761643201862
 30
0.0
 10
-52.81414496252091
 20
-3.21958372405885
 30
0.0
 10
-52.83105186522607
 20
-3.234765186519496
 30
0.0
  0
SPLINE
  5
28CD
330
27FF
100
AcDbEntity
  8
0
  6
Continuous
 62
     7
370
    25
100
AcDbSpline
210
0.0
220
0.0
230
1.0
 70
     8
 71
     3
 72
    15
 73
    11
 74
     0
 42
0.00000001
 43
0.00000001
 40
0.0
 40
0.0
 40
0.0
 40
0.0
 40
0.0718833948492989
 40
0.196997255297533
 40
0.3585078210994224
 40
0.5186171034738465
 40
0.6805736075814586
 40
0.8071567200721722
 40
0.9346830187486848
 40
1.0
 40
1.0
 40
1.0
 40
1.0
 10
-62.1732176105761
 20
-3.940183151414089
 30
0.0
 10
-62.18457269069108
 20
-3.957070306994694
 30
0.0
 10
-62.2156914159691
 20
-4.003349747554353
 30
0.0
 10
-61.38374427593408
 20
-4.086996713925657
 30
0.0
 10
-59.65206630921693
 20
-4.194385915360385
 30
0.0
 10
-57.19737248033607
 20
-4.304687392427695
 30
0.0
 10
-54.98363887999608
 20
-4.414043373839547
 30
0.0
 10
-53.49833665344204
 20
-4.509249133279354
 30
0.0
 10
-52.76438739288892
 20
-4.585873774966558
 30
0.0
 10
-52.81418512489199
 20
-4.630695093405052
 30
0.0
 10
-52.83105186522607
 20
-4.645876297630593
 30
0.0
  0
SPLINE
  5
28CE
330
27FF
100
AcDbEntity
  8
0
  6
Continuous
 62
     7
370
    25
100
AcDbSpline
210
0.0
220
0.0
230
1.0
 70
     8
 71
     3
 72
    15
 73
    11
 74
     0
 42
0.00000001
 43
0.00000001
 40
0.0
 40
0.0
 40
0.0
 40
0.0
 40
0.0677264991069894
 40
0.1856052355757354
 40
0.337775917184239
 40
0.4886263492274873
 40
0.6412171812800206
 40
0.760480205418423
 40
0.8806318728729091
 40
1.0
 40
1.0
 40
1.0
 40
1.0
 10
-62.1732176105761
 20
-5.351294262525187
 30
0.0
 10
-62.18457529935108
 20
-5.368181410493264
 30
0.0
 10
-62.21570117369106
 20
-5.414460830191558
 30
0.0
 10
-61.38366007929289
 20
-5.498108070729984
 30
0.0
 10
-59.65247573719989
 20
-5.605495831724284
 30
0.0
 10
-57.19586592247106
 20
-5.715802899807557
 30
0.0
 10
-54.9888053519021
 20
-5.825139408729797
 30
0.0
 10
-53.48363709557293
 20
-5.920403138997756
 30
0.0
 10
-52.67897717545111
 20
-6.011545989949582
 30
0.0
 10
-52.77674241724003
 20
-6.070539204280578
 30
0.0
 10
-52.82546512857607
 20
-6.099939319290684
 30
0.0
  0
SPLINE
  5
28CF
330
27FF
100
AcDbEntity
  8
0
  6
Continuous
 62
     7
370
    25
100
AcDbSpline
210
0.0
220
0.0
230
1.0
 70
     8
 71
     3
 72
    15
 73
    11
 74
     0
 42
0.00000001
 43
0.00000001
 40
0.0
 40
0.0
 40
0.0
 40
0.0
 40
0.0718833948492989
 40
0.196997255297533
 40
0.3585078210994224
 40
0.5186171034738465
 40
0.6805736075814586
 40
0.8071567200721722
 40
0.9346830187486848
 40
1.0
 40
1.0
 40
1.0
 40
1.0
 10
-62.1732176105761
 20
-6.762405373636398
 30
0.0
 10
-62.18457269069108
 20
-6.779292529217003
 30
0.0
 10
-62.2156914159691
 20
-6.825571969776661
 30
0.0
 10
-61.38374427593408
 20
-6.909218936147795
 30
0.0
 10
-59.65206630921693
 20
-7.016608137582466
 30
0.0
 10
-57.19737248033607
 20
-7.126909614650003
 30
0.0
 10
-54.98363887999608
 20
-7.236265596061799
 30
0.0
 10
-53.49833665344204
 20
-7.331471355501662
 30
0.0
 10
-52.76438739288892
 20
-7.408095997188752
 30
0.0
 10
-52.81418512489199
 20
-7.45291731562736
 30
0.0
 10
-52.83105186522607
 20
-7.468098519852788
 30
0.0
  0
SPLINE
  5
28D0
330
27FF
100
AcDbEntity
  8
0
  6
Continuous
 62
     7
370
    25
100
AcDbSpline
210
0.0
220
0.0
230
1.0
 70
     8
 71
     3
 72
    15
 73
    11
 74
     0
 42
0.00000001
 43
0.00000001
 40
0.0
 40
0.0
 40
0.0
 40
0.0
 40
0.0718833948492989
 40
0.196997255297533
 40
0.3585078210994225
 40
0.5186171034738467
 40
0.6805736075814588
 40
0.8071567200721724
 40
0.934683018748685
 40
1.0
 40
1.0
 40
1.0
 40
1.0
 10
-62.1732176105761
 20
-8.173516484747381
 30
0.0
 10
-62.18457269069108
 20
-8.190403640327986
 30
0.0
 10
-62.2156914159691
 20
-8.236683080887758
 30
0.0
 10
-61.38374427593294
 20
-8.320330047259063
 30
0.0
 10
-59.65206630921807
 20
-8.42771924869345
 30
0.0
 10
-57.19737248033607
 20
-8.538020725761271
 30
0.0
 10
-54.98363887999494
 20
-8.647376707172953
 30
0.0
 10
-53.49833665344295
 20
-8.74258246661276
 30
0.0
 10
-52.76438739288892
 20
-8.81920710829985
 30
0.0
 10
-52.81418512489199
 20
-8.864028426738457
 30
0.0
 10
-52.83105186522607
 20
-8.879209630963885
 30
0.0
  0
SPLINE
  5
28D1
330
27FF
100
AcDbEntity
  8
0
  6
Continuous
 62
     7
370
    25
100
AcDbSpline
210
0.0
220
0.0
230
1.0
 70
     8
 71
     3
 72
    15
 73
    11
 74
     0
 42
0.00000001
 43
0.00000001
 40
0.0
 40
0.0
 40
0.0
 40
0.0
 40
0.0718833948492989
 40
0.196997255297533
 40
0.3585078210994224
 40
0.5186171034738465
 40
0.6805736075814586
 40
0.8071567200721722
 40
0.9346830187486848
 40
1.0
 40
1.0
 40
1.0
 40
1.0
 10
-62.1732176105761
 20
-9.584627595858592
 30
0.0
 10
-62.18457269069108
 20
-9.601514751439197
 30
0.0
 10
-62.2156914159691
 20
-9.647794191998855
 30
0.0
 10
-61.38374427593408
 20
-9.73144115837016
 30
0.0
 10
-59.65206630921693
 20
-9.83883035980466
 30
0.0
 10
-57.19737248033607
 20
-9.949131836872255
 30
0.0
 10
-54.98363887999608
 20
-10.05848781828388
 30
0.0
 10
-53.49833665344204
 20
-10.15369357772397
 30
0.0
 10
-52.76438739288892
 20
-10.230318219411
 30
0.0
 10
-52.81418512489199
 20
-10.2751395378495
 30
0.0
 10
-52.83105186522607
 20
-10.2903207420751
 30
0.0
  0
SPLINE
  5
28D2
330
27FF
100
AcDbEntity
  8
0
  6
Continuous
 62
     7
370
    25
100
AcDbSpline
210
0.0
220
0.0
230
1.0
 70
     8
 71
     3
 72
    15
 73
    11
 74
     0
 42
0.00000001
 43
0.00000001
 40
0.0
 40
0.0
 40
0.0
 40
0.0
 40
0.0718833948492989
 40
0.196997255297533
 40
0.3585078210994225
 40
0.5186171034738467
 40
0.6805736075814586
 40
0.8071567200721724
 40
0.9346830187486848
 40
1.0
 40
1.0
 40
1.0
 40
1.0
 10
-62.1732176105761
 20
-10.99573870696969
 30
0.0
 10
-62.18457269069108
 20
-11.01262586255029
 30
0.0
 10
-62.2156914159691
 20
-11.05890530310995
 30
0.0
 10
-61.38374427593294
 20
-11.1425522694812
 30
0.0
 10
-59.65206630921807
 20
-11.24994147091559
 30
0.0
 10
-57.19737248033607
 20
-11.36024294798335
 30
0.0
 10
-54.98363887999608
 20
-11.46959892939515
 30
0.0
 10
-53.49833665344204
 20
-11.56480468883495
 30
0.0
 10
-52.76438739288892
 20
-11.64142933052216
 30
0.0
 10
-52.81418512489199
 20
-11.68625064896059
 30
0.0
 10
-52.83105186522607
 20
-11.70143185318597
 30
0.0
  0
SPLINE
  5
28D3
330
27FF
100
AcDbEntity
  8
0
  6
Continuous
 62
     7
370
    25
100
AcDbSpline
210
0.0
220
0.0
230
1.0
 70
     8
 71
     3
 72
    15
 73
    11
 74
     0
 42
0.00000001
 43
0.00000001
 40
0.0
 40
0.0
 40
0.0
 40
0.0
 40
0.071883394849299
 40
0.1969972552975331
 40
0.3585078210994224
 40
0.5186171034738466
 40
0.6805736075814587
 40
0.8071567200721723
 40
0.9346830187486849
 40
1.0
 40
1.0
 40
1.0
 40
1.0
 10
-62.1732176105761
 20
-12.40684981808067
 30
0.0
 10
-62.18457269069108
 20
-12.42373697366139
 30
0.0
 10
-62.2156914159691
 20
-12.47001641422105
 30
0.0
 10
-61.38374427593294
 20
-12.55366338059247
 30
0.0
 10
-59.65206630921693
 20
-12.6610525820268
 30
0.0
 10
-57.19737248033607
 20
-12.77135405909445
 30
0.0
 10
-54.98363887999494
 20
-12.88071004050636
 30
0.0
 10
-53.49833665344295
 20
-12.97591579994605
 30
0.0
 10
-52.76438739288892
 20
-13.05254044163325
 30
0.0
 10
-52.81418512489199
 20
-13.09736176007175
 30
0.0
 10
-52.83105186522607
 20
-13.11254296429718
 30
0.0
  0
SPLINE
  5
28D4
330
27FF
100
AcDbEntity
  8
0
  6
Continuous
 62
     7
370
    25
100
AcDbSpline
210
0.0
220
0.0
230
1.0
 70
     8
 71
     3
 72
    15
 73
    11
 74
     0
 42
0.00000001
 43
0.00000001
 40
0.0
 40
0.0
 40
0.0
 40
0.0
 40
0.0718833948492989
 40
0.196997255297533
 40
0.3585078210994225
 40
0.5186171034738467
 40
0.6805736075814588
 40
0.8071567200721724
 40
0.934683018748685
 40
1.0
 40
1.0
 40
1.0
 40
1.0
 10
-62.1732176105761
 20
-13.81796092919188
 30
0.0
 10
-62.18457269069108
 20
-13.8348480847726
 30
0.0
 10
-62.2156914159691
 20
-13.88112752533226
 30
0.0
 10
-61.38374427593294
 20
-13.96477449170345
 30
0.0
 10
-59.65206630921807
 20
-14.07216369313795
 30
0.0
 10
-57.19737248033607
 20
-14.1824651702056
 30
0.0
 10
-54.98363887999494
 20
-14.2918211516174
 30
0.0
 10
-53.49833665344295
 20
-14.38702691105709
 30
0.0
 10
-52.76438739288892
 20
-14.46365155274435
 30
0.0
 10
-52.81418512489199
 20
-14.5084728711829
 30
0.0
 10
-52.83105186522607
 20
-14.52365407540839
 30
0.0
  0
SPLINE
  5
28D5
330
27FF
100
AcDbEntity
  8
0
  6
Continuous
 62
     7
370
    25
100
AcDbSpline
210
0.0
220
0.0
230
1.0
 70
     8
 71
     3
 72
    15
 73
    11
 74
     0
 42
0.00000001
 43
0.00000001
 40
0.0
 40
0.0
 40
0.0
 40
0.0
 40
0.071883394849299
 40
0.1969972552975329
 40
0.3585078210994224
 40
0.5186171034738466
 40
0.6805736075814587
 40
0.8071567200721723
 40
0.9346830187486849
 40
1.0
 40
1.0
 40
1.0
 40
1.0
 10
-62.1732176105761
 20
-15.22907204030298
 30
0.0
 10
-62.18457269069108
 20
-15.24595919588359
 30
0.0
 10
-62.2156914159691
 20
-15.29223863644359
 30
0.0
 10
-61.38374427593408
 20
-15.37588560281449
 30
0.0
 10
-59.65206630921807
 20
-15.48327480424905
 30
0.0
 10
-57.19737248033607
 20
-15.59357628131676
 30
0.0
 10
-54.98363887999494
 20
-15.7029322627285
 30
0.0
 10
-53.49833665344295
 20
-15.7981380221683
 30
0.0
 10
-52.76438739288892
 20
-15.87476266385556
 30
0.0
 10
-52.81418512489199
 20
-15.91958398229389
 30
0.0
 10
-52.83105186522607
 20
-15.93476518651937
 30
0.0
  0
SPLINE
  5
28D6
330
27FF
100
AcDbEntity
  8
0
  6
Continuous
 62
     7
370
    25
100
AcDbSpline
210
0.0
220
0.0
230
1.0
 70
     8
 71
     3
 72
    15
 73
    11
 74
     0
 42
0.00000001
 43
0.00000001
 40
0.0
 40
0.0
 40
0.0
 40
0.0
 40
0.0718833948492989
 40
0.196997255297533
 40
0.3585078210994225
 40
0.5186171034738467
 40
0.6805736075814586
 40
0.8071567200721724
 40
0.9346830187486848
 40
1.0
 40
1.0
 40
1.0
 40
1.0
 10
-62.1732176105761
 20
-16.64018315141396
 30
0.0
 10
-62.18457269069108
 20
-16.6570703069948
 30
0.0
 10
-62.2156914159691
 20
-16.7033497475544
 30
0.0
 10
-61.38374427593294
 20
-16.78699671392576
 30
0.0
 10
-59.65206630921807
 20
-16.89438591536009
 30
0.0
 10
-57.19737248033607
 20
-17.00468739242785
 30
0.0
 10
-54.98363887999608
 20
-17.11404337383959
 30
0.0
 10
-53.49833665344204
 20
-17.20924913327957
 30
0.0
 10
-52.76438739288892
 20
-17.28587377496649
 30
0.0
 10
-52.81418512489199
 20
-17.33069509340498
 30
0.0
 10
-52.83105186522607
 20
-17.34587629763058
 30
0.0
  0
SPLINE
  5
28D7
330
27FF
100
AcDbEntity
  8
0
  6
Continuous
 62
     7
370
    25
100
AcDbSpline
210
0.0
220
0.0
230
1.0
 70
     8
 71
     3
 72
    15
 73
    11
 74
     0
 42
0.00000001
 43
0.00000001
 40
0.0
 40
0.0
 40
0.0
 40
0.0
 40
0.0718833948492991
 40
0.1969972552975332
 40
0.3585078210994225
 40
0.5186171034738467
 40
0.6805736075814588
 40
0.8071567200721724
 40
0.934683018748685
 40
1.0
 40
1.0
 40
1.0
 40
1.0
 10
-62.1732176105761
 20
-18.05129426252518
 30
0.0
 10
-62.18457269069108
 20
-18.06818141810555
 30
0.0
 10
-62.2156914159691
 20
-18.11446085866567
 30
0.0
 10
-61.38374427593408
 20
-18.19810782503657
 30
0.0
 10
-59.65206630921693
 20
-18.3054970264713
 30
0.0
 10
-57.19737248033607
 20
-18.41579850353889
 30
0.0
 10
-54.98363887999494
 20
-18.5251544849508
 30
0.0
 10
-53.49833665344295
 20
-18.62036024439038
 30
0.0
 10
-52.76438739288892
 20
-18.69698488607776
 30
0.0
 10
-52.81418512489199
 20
-18.74180620451619
 30
0.0
 10
-52.83105186522607
 20
-18.75698740874157
 30
0.0
  0
SPLINE
  5
28D8
330
27FF
100
AcDbEntity
  8
0
  6
Continuous
 62
     7
370
    25
100
AcDbSpline
210
0.0
220
0.0
230
1.0
 70
     8
 71
     3
 72
    15
 73
    11
 74
     0
 42
0.00000001
 43
0.00000001
 40
0.0
 40
0.0
 40
0.0
 40
0.0
 40
0.0718833948492989
 40
0.196997255297533
 40
0.3585078210994225
 40
0.5186171034738467
 40
0.6805736075814586
 40
0.8071567200721724
 40
0.9346830187486848
 40
1.0
 40
1.0
 40
1.0
 40
1.0
 10
-62.1732176105761
 20
-19.46240537363627
 30
0.0
 10
-62.18457269069108
 20
-19.47929252921688
 30
0.0
 10
-62.2156914159691
 20
-19.52557196977665
 30
0.0
 10
-61.38374427593294
 20
-19.60921893614807
 30
0.0
 10
-59.65206630921807
 20
-19.71660813758228
 30
0.0
 10
-57.19737248033607
 20
-19.82690961465016
 30
0.0
 10
-54.98363887999608
 20
-19.93626559606179
 30
0.0
 10
-53.49833665344204
 20
-20.03147135550165
 30
0.0
 10
-52.76438739288892
 20
-20.1080959971888
 30
0.0
 10
-52.81418512489199
 20
-20.15291731562729
 30
0.0
 10
-52.83105186522607
 20
-20.16809851985278
 30
0.0
  0
SPLINE
  5
28D9
330
27FF
100
AcDbEntity
  8
0
  6
Continuous
 62
     7
370
    25
100
AcDbSpline
210
0.0
220
0.0
230
1.0
 70
     8
 71
     3
 72
    15
 73
    11
 74
     0
 42
0.00000001
 43
0.00000001
 40
0.0
 40
0.0
 40
0.0
 40
0.0
 40
0.0718833948492988
 40
0.1969972552975329
 40
0.3585078210994224
 40
0.5186171034738466
 40
0.6805736075814587
 40
0.8071567200721723
 40
0.9346830187486849
 40
1.0
 40
1.0
 40
1.0
 40
1.0
 10
-62.1732176105761
 20
-20.87351648474748
 30
0.0
 10
-62.18457269069108
 20
-20.89040364032809
 30
0.0
 10
-62.2156914159691
 20
-20.93668308088786
 30
0.0
 10
-61.38374427593408
 20
-21.02033004725888
 30
0.0
 10
-59.65206630921807
 20
-21.1277192486935
 30
0.0
 10
-57.19737248033607
 20
-21.2380207257612
 30
0.0
 10
-54.98363887999494
 20
-21.34737670717288
 30
0.0
 10
-53.49833665344295
 20
-21.44258246661275
 30
0.0
 10
-52.76438739288892
 20
-21.5192071082999
 30
0.0
 10
-52.81418512489199
 20
-21.5640284267385
 30
0.0
 10
-52.83105186522607
 20
-21.57920963096399
 30
0.0
  0
SPLINE
  5
28DA
330
27FF
100
AcDbEntity
  8
0
  6
Continuous
 62
     7
370
    25
100
AcDbSpline
210
0.0
220
0.0
230
1.0
 70
     8
 71
     3
 72
    15
 73
    11
 74
     0
 42
0.00000001
 43
0.00000001
 40
0.0
 40
0.0
 40
0.0
 40
0.0
 40
0.0718833948492989
 40
0.196997255297533
 40
0.3585078210994225
 40
0.5186171034738467
 40
0.6805736075814586
 40
0.8071567200721724
 40
0.9346830187486848
 40
1.0
 40
1.0
 40
1.0
 40
1.0
 10
-62.1732176105761
 20
-22.28462759585858
 30
0.0
 10
-62.18457269069108
 20
-22.30151475143919
 30
0.0
 10
-62.2156914159691
 20
-22.34779419199896
 30
0.0
 10
-61.38374427593294
 20
-22.43144115837015
 30
0.0
 10
-59.65206630921807
 20
-22.53883035980459
 30
0.0
 10
-57.19737248033607
 20
-22.6491318368723
 30
0.0
 10
-54.98363887999608
 20
-22.7584878182841
 30
0.0
 10
-53.49833665344204
 20
-22.8536935777239
 30
0.0
 10
-52.76438739288892
 20
-22.93031821941099
 30
0.0
 10
-52.81418512489199
 20
-22.97513953784949
 30
0.0
 10
-52.83105186522607
 20
-22.99032074207497
 30
0.0
  0
SPLINE
  5
28DB
330
27FF
100
AcDbEntity
  8
0
  6
Continuous
 62
     7
370
    25
100
AcDbSpline
210
0.0
220
0.0
230
1.0
 70
     8
 71
     3
 72
    15
 73
    11
 74
     0
 42
0.00000001
 43
0.00000001
 40
0.0
 40
0.0
 40
0.0
 40
0.0
 40
0.0718833948492991
 40
0.1969972552975332
 40
0.3585078210994225
 40
0.5186171034738467
 40
0.6805736075814588
 40
0.8071567200721724
 40
0.934683018748685
 40
1.0
 40
1.0
 40
1.0
 40
1.0
 10
-62.1732176105761
 20
-23.69573870696956
 30
0.0
 10
-62.18457269069108
 20
-23.71262586255017
 30
0.0
 10
-62.2156914159691
 20
-23.75890530311017
 30
0.0
 10
-61.38374427593408
 20
-23.84255226948108
 30
0.0
 10
-59.65206630921693
 20
-23.94994147091586
 30
0.0
 10
-57.19737248033607
 20
-24.06024294798345
 30
0.0
 10
-54.98363887999494
 20
-24.16959892939508
 30
0.0
 10
-53.49833665344295
 20
-24.264804688835
 30
0.0
 10
-52.76438739288892
 20
-24.3414293305222
 30
0.0
 10
-52.81418512489199
 20
-24.38625064896058
 30
0.0
 10
-52.83105186522607
 20
-24.40143185318607
 30
0.0
  0
SPLINE
  5
28DC
330
27FF
100
AcDbEntity
  8
0
  6
Continuous
 62
     7
370
    25
100
AcDbSpline
210
0.0
220
0.0
230
1.0
 70
     8
 71
     3
 72
    15
 73
    11
 74
     0
 42
0.00000001
 43
0.00000001
 40
0.0
 40
0.0
 40
0.0
 40
0.0
 40
0.0718833948492989
 40
0.196997255297533
 40
0.3585078210994225
 40
0.5186171034738467
 40
0.6805736075814586
 40
0.8071567200721724
 40
0.9346830187486848
 40
1.0
 40
1.0
 40
1.0
 40
1.0
 10
-62.1732176105761
 20
-25.10684981808066
 30
0.0
 10
-62.18457269069108
 20
-25.12373697366149
 30
0.0
 10
-62.2156914159691
 20
-25.1700164142211
 30
0.0
 10
-61.38374427593294
 20
-25.2536633805924
 30
0.0
 10
-59.65206630921807
 20
-25.36105258202667
 30
0.0
 10
-57.19737248033607
 20
-25.47135405909449
 30
0.0
 10
-54.98363887999608
 20
-25.58071004050629
 30
0.0
 10
-53.49833665344204
 20
-25.67591579994615
 30
0.0
 10
-52.76438739288892
 20
-25.75254044163319
 30
0.0
 10
-52.81418512489199
 20
-25.79736176007179
 30
0.0
 10
-52.83105186522607
 20
-25.81254296429717
 30
0.0
  0
SPLINE
  5
28DD
330
27FF
100
AcDbEntity
  8
0
  6
Continuous
 62
     7
370
    25
100
AcDbSpline
210
0.0
220
0.0
230
1.0
 70
     8
 71
     3
 72
    15
 73
    11
 74
     0
 42
0.00000001
 43
0.00000001
 40
0.0
 40
0.0
 40
0.0
 40
0.0
 40
0.0718833948492988
 40
0.1969972552975329
 40
0.3585078210994224
 40
0.5186171034738466
 40
0.6805736075814587
 40
0.8071567200721723
 40
0.9346830187486849
 40
1.0
 40
1.0
 40
1.0
 40
1.0
 10
-62.1732176105761
 20
-26.51796092919187
 30
0.0
 10
-62.18457269069108
 20
-26.53484808477248
 30
0.0
 10
-62.2156914159691
 20
-26.58112752533236
 30
0.0
 10
-61.38374427593408
 20
-26.66477449170316
 30
0.0
 10
-59.65206630921807
 20
-26.77216369313805
 30
0.0
 10
-57.19737248033607
 20
-26.88246517020565
 30
0.0
 10
-54.98363887999494
 20
-26.99182115161739
 30
0.0
 10
-53.49833665344295
 20
-27.08702691105725
 30
0.0
 10
-52.76438739288892
 20
-27.16365155274445
 30
0.0
 10
-52.81418512489199
 20
-27.20847287118278
 30
0.0
 10
-52.83105186522607
 20
-27.22365407540826
 30
0.0
  0
SPLINE
  5
28DE
330
27FF
100
AcDbEntity
  8
0
  6
Continuous
 62
     7
370
    25
100
AcDbSpline
210
0.0
220
0.0
230
1.0
 70
     8
 71
     3
 72
    15
 73
    11
 74
     0
 42
0.00000001
 43
0.00000001
 40
0.0
 40
0.0
 40
0.0
 40
0.0
 40
0.0718833948492989
 40
0.196997255297533
 40
0.3585078210994224
 40
0.5186171034738465
 40
0.6805736075814586
 40
0.8071567200721722
 40
0.9346830187486848
 40
1.0
 40
1.0
 40
1.0
 40
1.0
 10
-62.1732176105761
 20
-27.92907204030286
 30
0.0
 10
-62.18457269069108
 20
-27.94595919588357
 30
0.0
 10
-62.2156914159691
 20
-27.99223863644346
 30
0.0
 10
-61.38374427593408
 20
-28.07588560281448
 30
0.0
 10
-59.65206630921693
 20
-28.18327480424915
 30
0.0
 10
-57.19737248033607
 20
-28.29357628131669
 30
0.0
 10
-54.98363887999608
 20
-28.40293226272837
 30
0.0
 10
-53.49833665344204
 20
-28.49813802216829
 30
0.0
 10
-52.76438739288892
 20
-28.57476266385549
 30
0.0
 10
-52.81418512489199
 20
-28.61958398229399
 30
0.0
 10
-52.83105186522607
 20
-28.63476518651959
 30
0.0
  0
SPLINE
  5
28DF
330
27FF
100
AcDbEntity
  8
0
  6
Continuous
 62
     7
370
    25
100
AcDbSpline
210
0.0
220
0.0
230
1.0
 70
     8
 71
     3
 72
    15
 73
    11
 74
     0
 42
0.00000001
 43
0.00000001
 40
0.0
 40
0.0
 40
0.0
 40
0.0
 40
0.0718833948492989
 40
0.196997255297533
 40
0.3585078210994225
 40
0.5186171034738467
 40
0.6805736075814588
 40
0.8071567200721724
 40
0.934683018748685
 40
1.0
 40
1.0
 40
1.0
 40
1.0
 10
-62.1732176105761
 20
-29.34018315141407
 30
0.0
 10
-62.18457269069108
 20
-29.35707030699479
 30
0.0
 10
-62.2156914159691
 20
-29.4033497475545
 30
0.0
 10
-61.38374427593294
 20
-29.48699671392575
 30
0.0
 10
-59.65206630921807
 20
-29.59438591536019
 30
0.0
 10
-57.19737248033607
 20
-29.70468739242779
 30
0.0
 10
-54.98363887999494
 20
-29.8140433738397
 30
0.0
 10
-53.49833665344295
 20
-29.90924913327927
 30
0.0
 10
-52.76438739288892
 20
-29.98587377496665
 30
0.0
 10
-52.81418512489199
 20
-30.03069509340509
 30
0.0
 10
-52.83105186522607
 20
-30.04587629763057
 30
0.0
  0
SPLINE
  5
28E0
330
27FF
100
AcDbEntity
  8
0
  6
Continuous
 62
     7
370
    25
100
AcDbSpline
210
0.0
220
0.0
230
1.0
 70
     8
 71
     3
 72
    15
 73
    11
 74
     0
 42
0.00000001
 43
0.00000001
 40
0.0
 40
0.0
 40
0.0
 40
0.0
 40
0.0718833948492989
 40
0.196997255297533
 40
0.3585078210994225
 40
0.5186171034738467
 40
0.6805736075814586
 40
0.8071567200721724
 40
0.9346830187486848
 40
1.0
 40
1.0
 40
1.0
 40
1.0
 10
-62.1732176105761
 20
-30.75129426252516
 30
0.0
 10
-62.18457269069108
 20
-30.76818141810577
 30
0.0
 10
-62.2156914159691
 20
-30.8144608586656
 30
0.0
 10
-61.38374427593294
 20
-30.89810782503696
 30
0.0
 10
-59.65206630921807
 20
-31.00549702647106
 30
0.0
 10
-57.19737248033607
 20
-31.11579850353905
 30
0.0
 10
-54.98363887999608
 20
-31.22515448495068
 30
0.0
 10
-53.49833665344204
 20
-31.32036024439077
 30
0.0
 10
-52.76438739288892
 20
-31.39698488607746
 30
0.0
 10
-52.81418512489199
 20
-31.4418062045163
 30
0.0
 10
-52.83105186522607
 20
-31.45698740874167
 30
0.0
  0
SPLINE
  5
28E1
330
27FF
100
AcDbEntity
  8
0
  6
Continuous
 62
     7
370
    25
100
AcDbSpline
210
0.0
220
0.0
230
1.0
 70
     8
 71
     3
 72
    15
 73
    11
 74
     0
 42
0.00000001
 43
0.00000001
 40
0.0
 40
0.0
 40
0.0
 40
0.0
 40
0.0718833948492989
 40
0.196997255297533
 40
0.3585078210994225
 40
0.5186171034738467
 40
0.6805736075814588
 40
0.8071567200721724
 40
0.934683018748685
 40
1.0
 40
1.0
 40
1.0
 40
1.0
 10
-62.1732176105761
 20
-32.16240537363615
 30
0.0
 10
-62.18457269069108
 20
-32.17929252921709
 30
0.0
 10
-62.2156914159691
 20
-32.22557196977675
 30
0.0
 10
-61.38374427593294
 20
-32.309218936148
 30
0.0
 10
-59.65206630921807
 20
-32.41660813758227
 30
0.0
 10
-57.19737248033607
 20
-32.52690961465009
 30
0.0
 10
-54.98363887999494
 20
-32.63626559606189
 30
0.0
 10
-53.49833665344295
 20
-32.73147135550158
 30
0.0
 10
-52.76438739288892
 20
-32.80809599718879
 30
0.0
 10
-52.81418512489199
 20
-32.85291731562739
 30
0.0
 10
-52.83105186522607
 20
-32.86809851985277
 30
0.0
  0
SPLINE
  5
28E2
330
27FF
100
AcDbEntity
  8
0
  6
Continuous
 62
     7
370
    25
100
AcDbSpline
210
0.0
220
0.0
230
1.0
 70
     8
 71
     3
 72
    15
 73
    11
 74
     0
 42
0.00000001
 43
0.00000001
 40
0.0
 40
0.0
 40
0.0
 40
0.0
 40
0.0718833948492989
 40
0.196997255297533
 40
0.3585078210994225
 40
0.5186171034738467
 40
0.6805736075814586
 40
0.8071567200721724
 40
0.9346830187486848
 40
1.0
 40
1.0
 40
1.0
 40
1.0
 10
-62.1732176105761
 20
-33.57351648474747
 30
0.0
 10
-62.18457269069108
 20
-33.59040364032796
 30
0.0
 10
-62.2156914159691
 20
-33.63668308088785
 30
0.0
 10
-61.38374427593294
 20
-33.72033004725915
 30
0.0
 10
-59.65206630921807
 20
-33.8277192486936
 30
0.0
 10
-57.19737248033607
 20
-33.93802072576125
 30
0.0
 10
-54.98363887999608
 20
-34.04737670717299
 30
0.0
 10
-53.49833665344204
 20
-34.14258246661285
 30
0.0
 10
-52.76438739288892
 20
-34.21920710829988
 30
0.0
 10
-52.81418512489199
 20
-34.26402842673838
 30
0.0
 10
-52.83105186522607
 20
-34.27920963096386
 30
0.0
  0
SPLINE
  5
28E3
330
27FF
100
AcDbEntity
  8
0
  6
Continuous
 62
     7
370
    25
100
AcDbSpline
210
0.0
220
0.0
230
1.0
 70
     8
 71
     3
 72
    10
 73
     6
 74
     0
 42
0.00000001
 43
0.00000001
 40
0.0
 40
0.0
 40
0.0
 40
0.0
 40
0.453879376062047
 40
0.9081424783848435
 40
1.0
 40
1.0
 40
1.0
 40
1.0
 10
-54.7428517940541
 20
14.265553481327
 30
0.0
 10
-54.29251964158902
 20
14.23652202766505
 30
0.0
 10
-53.39147460935101
 20
14.17843457608575
 30
0.0
 10
-52.77889480599811
 20
14.11413533271451
 30
0.0
 10
-52.81236967738391
 20
14.07924585638261
 30
0.0
 10
-52.81800015275394
 20
14.07337744437643
 30
0.0
  0
SPLINE
  5
28E4
330
27FF
100
AcDbEntity
  8
0
  6
Continuous
 62
     7
370
    25
100
AcDbSpline
210
0.0
220
0.0
230
1.0
 70
     8
 71
     3
 72
    16
 73
    12
 74
     0
 42
0.00000001
 43
0.00000001
 40
0.0
 40
0.0
 40
0.0
 40
0.0
 40
0.055078156798004
 40
0.2092348473256457
 40
0.3625871249105478
 40
0.4831522145266084
 40
0.6044408469071311
 40
0.7253565523201431
 40
0.8500110959496894
 40
0.9747710270994338
 40
1.0
 40
1.0
 40
1.0
 40
1.0
 10
-62.12621352369797
 20
13.3627042040934
 30
0.0
 10
-62.17911381551289
 20
13.35005061692954
 30
0.0
 10
-62.38007523333999
 20
13.30198126362694
 30
0.0
 10
-61.599262535565
 20
13.21504084510701
 30
0.0
 10
-60.05368018378704
 20
13.11518808248741
 30
0.0
 10
-58.15832674343392
 20
13.02431925395172
 30
0.0
 10
-56.34126207697909
 20
12.93874757929404
 30
0.0
 10
-54.64978068386608
 20
12.85364483123624
 30
0.0
 10
-53.41398145349694
 20
12.76730275233581
 30
0.0
 10
-52.77800732046603
 20
12.70302480451073
 30
0.0
 10
-52.81224195247091
 20
12.6681343980444
 30
0.0
 10
-52.8180004091289
 20
12.6622656364529
 30
0.0
  0
SPLINE
  5
28E5
330
27FF
100
AcDbEntity
  8
0
  6
Continuous
 62
     7
370
    25
100
AcDbSpline
210
0.0
220
0.0
230
1.0
 70
     8
 71
     3
 72
     9
 73
     5
 74
     0
 42
0.00000001
 43
0.00000001
 40
0.0
 40
0.0
 40
0.0
 40
0.0
 40
0.484748173825215
 40
1.0
 40
1.0
 40
1.0
 40
1.0
 10
-62.126218025865
 20
11.9515915821467
 30
0.0
 10
-62.19502972090891
 20
11.93896478463063
 30
0.0
 10
-62.3369832109081
 20
11.91291662561162
 30
0.0
 10
-62.08364536189697
 20
11.88591344048564
 30
0.0
 10
-61.95311257255503
 20
11.87200000003685
 30
0.0
  0
SPLINE
  5
28E6
330
27FF
100
AcDbEntity
  8
0
  6
Continuous
 62
     7
370
    25
100
AcDbSpline
210
0.0
220
0.0
230
1.0
 70
     8
 71
     3
 72
     9
 73
     5
 74
     0
 42
0.00000001
 43
0.00000001
 40
0.0
 40
0.0
 40
0.0
 40
0.0
 40
0.7054468956720208
 40
1.0
 40
1.0
 40
1.0
 40
1.0
 10
-53.13442863292403
 20
-2.799999999963291
 30
0.0
 10
-52.98700130175212
 20
-2.814131789369469
 30
0.0
 10
-52.778016993964
 20
-2.834164182300867
 30
0.0
 10
-52.80890505565094
 20
-2.854093894454877
 30
0.0
 10
-52.81800323010702
 20
-2.859964253038356
 30
0.0
  0
SPLINE
  5
28E7
330
27FF
100
AcDbEntity
  8
0
  6
Continuous
 62
     7
370
    25
100
AcDbSpline
210
0.0
220
0.0
230
1.0
 70
     8
 71
     3
 72
    16
 73
    12
 74
     0
 42
0.00000001
 43
0.00000001
 40
0.0
 40
0.0
 40
0.0
 40
0.0
 40
0.0550527368523194
 40
0.2092116196759995
 40
0.3625660781172181
 40
0.4831328823157938
 40
0.6044232395685054
 40
0.7253406645502307
 40
0.8499969809193265
 40
0.97475868630736
 40
1.0
 40
1.0
 40
1.0
 40
1.0
 10
-62.12626754567896
 20
-3.570647257917301
 30
0.0
 10
-62.17913760622309
 20
-3.583294841598388
 30
0.0
 10
-62.38005461110106
 20
-3.631358237138556
 30
0.0
 10
-61.59924933559091
 20
-3.718292530815859
 30
0.0
 10
-60.05368284511997
 20
-3.818145242157868
 30
0.0
 10
-58.15832620523906
 20
-3.9090140814248
 30
0.0
 10
-56.34126181497709
 20
-3.994585753719548
 30
0.0
 10
-54.64978228195992
 20
-4.079688501333351
 30
0.0
 10
-53.41397510685101
 20
-4.166030584507382
 30
0.0
 10
-52.77799530543894
 20
-4.230311324279967
 30
0.0
 10
-52.81224090912201
 20
-4.265204513355457
 30
0.0
 10
-52.81800348663796
 20
-4.271076061385656
 30
0.0
  0
SPLINE
  5
28E8
330
27FF
100
AcDbEntity
  8
0
  6
Continuous
 62
     7
370
    25
100
AcDbSpline
210
0.0
220
0.0
230
1.0
 70
     8
 71
     3
 72
    16
 73
    12
 74
     0
 42
0.00000001
 43
0.00000001
 40
0.0
 40
0.0
 40
0.0
 40
0.0
 40
0.055050618655209
 40
0.2092096840926496
 40
0.3625643241947227
 40
0.4831312712145041
 40
0.604421772145529
 40
0.7253393403637985
 40
0.8499958043984609
 40
0.9747576575769022
 40
1.0
 40
1.0
 40
1.0
 40
1.0
 10
-62.12627204711293
 20
-4.981759879617982
 30
0.0
 10
-62.17913958876011
 20
-4.994406963052597
 30
0.0
 10
-62.38005289286298
 20
-5.042469862156452
 30
0.0
 10
-61.59924823552501
 20
-5.1294036454766
 30
0.0
 10
-60.05368306691207
 20
-5.229256352545065
 30
0.0
 10
-58.15832616038801
 20
-5.3201251927062
 30
0.0
 10
-56.34126179313603
 20
-5.405696864804156
 30
0.0
 10
-54.64978241516701
 20
-5.490799612380783
 30
0.0
 10
-53.41397457784092
 20
-5.577141695911052
 30
0.0
 10
-52.7779943038181
 20
-5.641422668422251
 30
0.0
 10
-52.81224082209906
 20
-5.676316089458567
 30
0.0
 10
-52.81800374318095
 20
-5.6821878697682
 30
0.0
  0
SPLINE
  5
28E9
330
27FF
100
AcDbEntity
  8
0
  6
Continuous
 62
     7
370
    25
100
AcDbSpline
210
0.0
220
0.0
230
1.0
 70
     8
 71
     3
 72
    16
 73
    12
 74
     0
 42
0.00000001
 43
0.00000001
 40
0.0
 40
0.0
 40
0.0
 40
0.0
 40
0.0550485004785844
 40
0.2092077485177991
 40
0.3625625702688025
 40
0.483129660100415
 40
0.6044203047003223
 40
0.7253380161457349
 40
0.8499946278362706
 40
0.9747566287954192
 40
1.0
 40
1.0
 40
1.0
 40
1.0
 10
-62.12627654848507
 20
-6.392872501298086
 30
0.0
 10
-62.17914157129508
 20
-6.405519084492994
 30
0.0
 10
-62.3800511746681
 20
-6.453581487167185
 30
0.0
 10
-61.5992471354491
 20
-6.540514760137
 30
0.0
 10
-60.05368328870509
 20
-6.640367462932261
 30
0.0
 10
-58.1583261155381
 20
-6.731236303987259
 30
0.0
 10
-56.34126177129292
 20
-6.816807975888594
 30
0.0
 10
-54.64978254837797
 20
-6.901910723428273
 30
0.0
 10
-53.41397404881195
 20
-6.988252807314552
 30
0.0
 10
-52.77799330213793
 20
-7.052534012576757
 30
0.0
 10
-52.81224073506496
 20
-7.087427665584983
 30
0.0
 10
-52.8180039997369
 20
-7.093299678186099
 30
0.0
  0
SPLINE
  5
28EA
330
27FF
100
AcDbEntity
  8
0
  6
Continuous
 62
     7
370
    25
100
AcDbSpline
210
0.0
220
0.0
230
1.0
 70
     8
 71
     3
 72
    16
 73
    12
 74
     0
 42
0.00000001
 43
0.00000001
 40
0.0
 40
0.0
 40
0.0
 40
0.0
 40
0.0550463823224593
 40
0.2092058129514986
 40
0.3625608163395454
 40
0.4831280489736434
 40
0.6044188372330315
 40
0.7253366918962139
 40
0.8499934512329608
 40
0.974755599963146
 40
1.0
 40
1.0
 40
1.0
 40
1.0
 10
-62.1262810497949
 20
-7.803985122957499
 30
0.0
 10
-62.17914355382595
 20
-7.81663120591935
 30
0.0
 10
-62.3800494565171
 20
-7.864693112170983
 30
0.0
 10
-61.59924603536092
 20
-7.951625874797571
 30
0.0
 10
-60.05368351049992
 20
-8.051478573319287
 30
0.0
 10
-58.15832607068592
 20
-8.142347415268887
 30
0.0
 10
-56.34126174945004
 20
-8.227919086973202
 30
0.0
 10
-54.64978268159302
 20
-8.313021834475762
 30
0.0
 10
-53.41397351976593
 20
-8.399363918718166
 30
0.0
 10
-52.77799230040205
 20
-8.463645356743086
 30
0.0
 10
-52.81224064801904
 20
-8.498539241734989
 30
0.0
 10
-52.81800425630695
 20
-8.504411486638958
 30
0.0
  0
SPLINE
  5
28EB
330
27FF
100
AcDbEntity
  8
0
  6
Continuous
 62
     7
370
    25
100
AcDbSpline
210
0.0
220
0.0
230
1.0
 70
     8
 71
     3
 72
    16
 73
    12
 74
     0
 42
0.00000001
 43
0.00000001
 40
0.0
 40
0.0
 40
0.0
 40
0.0
 40
0.0550442641868217
 40
0.209203877393699
 40
0.3625590624068648
 40
0.4831264378340737
 40
0.6044173697435116
 40
0.7253353676150621
 40
0.8499922745883272
 40
0.9747545710798481
 40
1.0
 40
1.0
 40
1.0
 40
1.0
 10
-62.12628555104402
 20
-9.215097744595994
 30
0.0
 10
-62.17914553635296
 20
-9.227743327331666
 30
0.0
 10
-62.38004773840908
 20
-9.275804737167562
 30
0.0
 10
-61.59924493526501
 20
-9.362736989457801
 30
0.0
 10
-60.05368373229589
 20
-9.462589683706483
 30
0.0
 10
-58.15832602583509
 20
-9.553458526550173
 30
0.0
 10
-56.34126172760512
 20
-9.639030198057583
 30
0.0
 10
-54.64978281481399
 20
-9.724132945523252
 30
0.0
 10
-53.41397299069808
 20
-9.81047503012195
 30
0.0
 10
-52.77799129861
 20
-9.874756700921068
 30
0.0
 10
-52.81224056095994
 20
-9.9096508179083
 30
0.0
 10
-52.81800451288905
 20
-9.915523295127286
 30
0.0
  0
SPLINE
  5
28EC
330
27FF
100
AcDbEntity
  8
0
  6
Continuous
 62
     7
370
    25
100
AcDbSpline
210
0.0
220
0.0
230
1.0
 70
     8
 71
     3
 72
    16
 73
    12
 74
     0
 42
0.00000001
 43
0.00000001
 40
0.0
 40
0.0
 40
0.0
 40
0.0
 40
0.0550421460716981
 40
0.2092019418445007
 40
0.3625573084709355
 40
0.4831248266819383
 40
0.6044159022320533
 40
0.725334043302628
 40
0.8499910979027785
 40
0.9747535421459942
 40
1.0
 40
1.0
 40
1.0
 40
1.0
 10
-62.12629005223107
 20
-10.6262103662138
 30
0.0
 10
-62.17914751887702
 20
-10.63885544873
 30
0.0
 10
-62.38004602034493
 20
-10.68691636215686
 30
0.0
 10
-61.59924383515704
 20
-10.7738481041186
 30
0.0
 10
-60.05368395409596
 20
-10.87370079409357
 30
0.0
 10
-58.15832598098291
 20
-10.96456963783169
 30
0.0
 10
-56.34126170575996
 20
-11.05014130914219
 30
0.0
 10
-54.64978294803905
 20
-11.13524405657085
 30
0.0
 10
-53.41397246161409
 20
-11.22158614152568
 30
0.0
 10
-52.77799029675998
 20
-11.28586804511036
 30
0.0
 10
-52.81224047388991
 20
-11.32076239410537
 30
0.0
 10
-52.81800476948411
 20
-11.32663510365069
 30
0.0
  0
SPLINE
  5
28ED
330
27FF
100
AcDbEntity
  8
0
  6
Continuous
 62
     7
370
    25
100
AcDbSpline
210
0.0
220
0.0
230
1.0
 70
     8
 71
     3
 72
    16
 73
    12
 74
     0
 42
0.00000001
 43
0.00000001
 40
0.0
 40
0.0
 40
0.0
 40
0.0
 40
0.0550400279770651
 40
0.209200006303806
 40
0.3625555545315847
 40
0.4831232155170066
 40
0.6044144346983674
 40
0.725332718958564
 40
0.849989921175907
 40
0.9747525131611162
 40
1.0
 40
1.0
 40
1.0
 40
1.0
 10
-62.12629455335605
 20
-12.03732298781097
 30
0.0
 10
-62.17914950139698
 20
-12.04996757011469
 30
0.0
 10
-62.3800443023249
 20
-12.0980279871394
 30
0.0
 10
-61.59924273503793
 20
-12.18495921877945
 30
0.0
 10
-60.05368417589693
 20
-12.28481190448025
 30
0.0
 10
-58.15832593613209
 20
-12.3756807491132
 30
0.0
 10
-56.3412616839139
 20
-12.4612524202264
 30
0.0
 10
-54.64978308126911
 20
-12.54635516761846
 30
0.0
 10
-53.41397193250896
 20
-12.63269725292935
 30
0.0
 10
-52.77798929485402
 20
-12.69697938931165
 30
0.0
 10
-52.81224038680898
 20
-12.73187397032569
 30
0.0
 10
-52.81800502609303
 20
-12.73774691220927
 30
0.0
  0
SPLINE
  5
28EE
330
27FF
100
AcDbEntity
  8
0
  6
Continuous
 62
     7
370
    25
100
AcDbSpline
210
0.0
220
0.0
230
1.0
 70
     8
 71
     3
 72
    16
 73
    12
 74
     0
 42
0.00000001
 43
0.00000001
 40
0.0
 40
0.0
 40
0.0
 40
0.0
 40
0.0550379099029496
 40
0.2091980707717156
 40
0.3625538005889877
 40
0.4831216043395112
 40
0.6044129671427448
 40
0.7253313945832188
 40
0.8499887444081213
 40
0.9747514841256824
 40
1.0
 40
1.0
 40
1.0
 40
1.0
 10
-62.12629905441895
 20
-13.44843560938705
 30
0.0
 10
-62.17915148391398
 20
-13.46107969148505
 30
0.0
 10
-62.38004258434808
 20
-13.50913961211467
 30
0.0
 10
-61.59924163490996
 20
-13.59607033343985
 30
0.0
 10
-60.05368439769995
 20
-13.69592301486756
 30
0.0
 10
-58.1583258912799
 20
-13.78679186039426
 30
0.0
 10
-56.34126166206511
 20
-13.87236353131107
 30
0.0
 10
-54.64978321450394
 20
-13.95746627866549
 30
0.0
 10
-53.41397140338609
 20
-14.04380836433347
 30
0.0
 10
-52.777988292891
 20
-14.10809073352459
 30
0.0
 10
-52.81224029971509
 20
-14.14298554656955
 30
0.0
 10
-52.81800528271401
 20
-14.14885872080316
 30
0.0
  0
SPLINE
  5
28EF
330
27FF
100
AcDbEntity
  8
0
  6
Continuous
 62
     7
370
    25
100
AcDbSpline
210
0.0
220
0.0
230
1.0
 70
     8
 71
     3
 72
    16
 73
    12
 74
     0
 42
0.00000001
 43
0.00000001
 40
0.0
 40
0.0
 40
0.0
 40
0.0
 40
0.055035791849776
 40
0.2091961352485064
 40
0.3625520466432737
 40
0.4831199931494665
 40
0.6044114995650833
 40
0.7253300701763749
 40
0.8499875675990838
 40
0.9747504550392363
 40
1.0
 40
1.0
 40
1.0
 40
1.0
 10
-62.12630355542001
 20
-14.85954823094255
 30
0.0
 10
-62.1791534664269
 20
-14.87219181284155
 30
0.0
 10
-62.3800408664149
 20
-14.9202512370826
 30
0.0
 10
-61.59924053477107
 20
-15.0071814481006
 30
0.0
 10
-60.05368461950593
 20
-15.10703412525436
 30
0.0
 10
-58.15832584642794
 20
-15.19790297167589
 30
0.0
 10
-56.341261640217
 20
-15.28347464239539
 30
0.0
 10
-54.64978334774401
 20
-15.36857738971315
 30
0.0
 10
-53.41397087424502
 20
-15.45491947573697
 30
0.0
 10
-52.77798729086999
 20
-15.51920207774987
 30
0.0
 10
-52.81224021261005
 20
-15.55409712283677
 30
0.0
 10
-52.81800553934795
 20
-15.55997052943195
 30
0.0
  0
SPLINE
  5
28F0
330
27FF
100
AcDbEntity
  8
0
  6
Continuous
 62
     7
370
    25
100
AcDbSpline
210
0.0
220
0.0
230
1.0
 70
     8
 71
     3
 72
    16
 73
    12
 74
     0
 42
0.00000001
 43
0.00000001
 40
0.0
 40
0.0
 40
0.0
 40
0.0
 40
0.0550336738171118
 40
0.2091941997338556
 40
0.3625502926942298
 40
0.4831183819467448
 40
0.604410031965342
 40
0.7253287457380772
 40
0.8499863907489289
 40
0.9747494259020006
 40
1.0
 40
1.0
 40
1.0
 40
1.0
 10
-62.12630805635899
 20
-16.27066085247725
 30
0.0
 10
-62.17915544893708
 20
-16.28330393418406
 30
0.0
 10
-62.38003914852607
 20
-16.33136286204336
 30
0.0
 10
-61.59923943462195
 20
-16.41829256276145
 30
0.0
 10
-60.05368484131191
 20
-16.51814523564155
 30
0.0
 10
-58.15832580157598
 20
-16.6090140829574
 30
0.0
 10
-56.34126161836707
 20
-16.69458575347966
 30
0.0
 10
-54.64978348098794
 20
-16.7796885007607
 30
0.0
 10
-53.41397034508509
 20
-16.8660305871407
 30
0.0
 10
-52.77798628879304
 20
-16.93031342198668
 30
0.0
 10
-52.81224012549296
 20
-16.96520869912769
 30
0.0
 10
-52.81800579599508
 20
-16.97108233809627
 30
0.0
  0
SPLINE
  5
28F1
330
27FF
100
AcDbEntity
  8
0
  6
Continuous
 62
     7
370
    25
100
AcDbSpline
210
0.0
220
0.0
230
1.0
 70
     8
 71
     3
 72
    16
 73
    12
 74
     0
 42
0.00000001
 43
0.00000001
 40
0.0
 40
0.0
 40
0.0
 40
0.0
 40
0.0550315558051925
 40
0.2091922642279994
 40
0.3625485387420926
 40
0.483116770731584
 40
0.6044085643437596
 40
0.7253274212685649
 40
0.8499852138578963
 40
0.974748396714216
 40
1.0
 40
1.0
 40
1.0
 40
1.0
 10
-62.126312557235
 20
-17.6817734739912
 30
0.0
 10
-62.17915743144295
 20
-17.69441605551259
 30
0.0
 10
-62.38003743068111
 20
-17.7424744869972
 30
0.0
 10
-61.59923833446305
 20
-17.82940367742196
 30
0.0
 10
-60.05368506312107
 20
-17.92925634602858
 30
0.0
 10
-58.15832575672403
 20
-18.02012519423846
 30
0.0
 10
-56.3412615965151
 20
-18.10569686456449
 30
0.0
 10
-54.649783614238
 20
-18.19079961180796
 30
0.0
 10
-53.41396981590492
 20
-18.2771416985446
 30
0.0
 10
-52.77798528665994
 20
-18.34142476623487
 30
0.0
 10
-52.81224003836405
 20
-18.3763202754418
 30
0.0
 10
-52.81800605265494
 20
-18.3821941467956
 30
0.0
  0
SPLINE
  5
28F2
330
27FF
100
AcDbEntity
  8
0
  6
Continuous
 62
     7
370
    25
100
AcDbSpline
210
0.0
220
0.0
230
1.0
 70
     8
 71
     3
 72
    16
 73
    12
 74
     0
 42
0.00000001
 43
0.00000001
 40
0.0
 40
0.0
 40
0.0
 40
0.0
 40
0.0550294378139959
 40
0.2091903287308411
 40
0.3625467847866911
 40
0.4831151595037539
 40
0.6044070967000467
 40
0.72532609676749
 40
0.8499840369255776
 40
0.9747473674754134
 40
1.0
 40
1.0
 40
1.0
 40
1.0
 10
-62.12631705805006
 20
-19.09288609548395
 30
0.0
 10
-62.17915941394494
 20
-19.10552817682685
 30
0.0
 10
-62.380035712878
 20
-19.15358611194409
 30
0.0
 10
-61.59923723429392
 20
-19.24051479208265
 30
0.0
 10
-60.05368528493204
 20
-19.34036745641589
 30
0.0
 10
-58.15832571187207
 20
-19.4312363055198
 30
0.0
 10
-56.34126157466198
 20
-19.51680797564899
 30
0.0
 10
-54.64978374749307
 20
-19.60191072285545
 30
0.0
 10
-53.41396928670792
 20
-19.68825280994798
 30
0.0
 10
-52.77798428446908
 20
-19.7525361104955
 30
0.0
 10
-52.812239951224
 20
-19.7874318517795
 30
0.0
 10
-52.81800630932798
 20
-19.79330595553
 30
0.0
  0
SPLINE
  5
28F3
330
27FF
100
AcDbEntity
  8
0
  6
Continuous
 62
     7
370
    25
100
AcDbSpline
210
0.0
220
0.0
230
1.0
 70
     8
 71
     3
 72
    16
 73
    12
 74
     0
 42
0.00000001
 43
0.00000001
 40
0.0
 40
0.0
 40
0.0
 40
0.0
 40
0.0550273198437722
 40
0.2091883932426684
 40
0.3625450308283501
 40
0.4831135482636094
 40
0.6044056290345879
 40
0.725324772235267
 40
0.8499828599524174
 40
0.9747463381860678
 40
1.0
 40
1.0
 40
1.0
 40
1.0
 10
-62.12632155880192
 20
-20.50399871695589
 30
0.0
 10
-62.17916139644308
 20
-20.51664029812736
 30
0.0
 10
-62.3800339951199
 20
-20.56469773688309
 30
0.0
 10
-61.59923613411411
 20
-20.65162590674356
 30
0.0
 10
-60.05368550674598
 20
-20.75147856680258
 30
0.0
 10
-58.15832566701897
 20
-20.84234741680126
 30
0.0
 10
-56.3412615528091
 20
-20.92791908673325
 30
0.0
 10
-54.64978388075201
 20
-21.013021833903
 30
0.0
 10
-53.41396875749092
 20
-21.09936392135199
 30
0.0
 10
-52.77798328222207
 20
-21.16364745476716
 30
0.0
 10
-52.8122398640719
 20
-21.19854342814045
 30
0.0
 10
-52.81800656601399
 20
-21.20441776429959
 30
0.0
  0
SPLINE
  5
28F4
330
27FF
100
AcDbEntity
  8
0
  6
Continuous
 62
     7
370
    25
100
AcDbSpline
210
0.0
220
0.0
230
1.0
 70
     8
 71
     3
 72
    16
 73
    12
 74
     0
 42
0.00000001
 43
0.00000001
 40
0.0
 40
0.0
 40
0.0
 40
0.0
 40
0.0550252018940626
 40
0.2091864577630581
 40
0.3625432768666828
 40
0.4831119370107909
 40
0.6044041613470518
 40
0.725323447671592
 40
0.8499816829381407
 40
0.9747453088459332
 40
1.0
 40
1.0
 40
1.0
 40
1.0
 10
-62.12632605949193
 20
-21.9151113384068
 30
0.0
 10
-62.17916337893689
 20
-21.92775241941348
 30
0.0
 10
-62.38003227740592
 20
-21.97580936181555
 30
0.0
 10
-61.59923503392292
 20
-22.06273702140459
 30
0.0
 10
-60.05368572856105
 20
-22.16258967718977
 30
0.0
 10
-58.1583256221661
 20
-22.25345852808249
 30
0.0
 10
-56.34126153095394
 20
-22.33903019781786
 30
0.0
 10
-54.64978401401595
 20
-22.42413294495026
 30
0.0
 10
-53.41396822825595
 20
-22.51047503275589
 30
0.0
 10
-52.77798227991798
 20
-22.57475879905076
 30
0.0
 10
-52.81223977690706
 20
-22.60965500452517
 30
0.0
 10
-52.81800682271296
 20
-22.6155295731042
 30
0.0
  0
SPLINE
  5
28F5
330
27FF
100
AcDbEntity
  8
0
  6
Continuous
 62
     7
370
    25
100
AcDbSpline
210
0.0
220
0.0
230
1.0
 70
     8
 71
     3
 72
    16
 73
    12
 74
     0
 42
0.00000001
 43
0.00000001
 40
0.0
 40
0.0
 40
0.0
 40
0.0
 40
0.0550230839655522
 40
0.2091845222926222
 40
0.3625415229022165
 40
0.4831103257457836
 40
0.6044026936378657
 40
0.7253221230768352
 40
0.849980505883059
 40
0.9747442794552619
 40
1.0
 40
1.0
 40
1.0
 40
1.0
 10
-62.12633056011896
 20
-23.32622395983685
 30
0.0
 10
-62.17916536142798
 20
-23.33886454068556
 30
0.0
 10
-62.38003055973604
 20
-23.38692098674017
 30
0.0
 10
-61.59923393372401
 20
-23.4738481360655
 30
0.0
 10
-60.05368595037794
 20
-23.57370078757668
 30
0.0
 10
-58.15832557731301
 20
-23.66456963936406
 30
0.0
 10
-56.3412615090981
 20
-23.7501413089023
 30
0.0
 10
-54.64978414728512
 20
-23.83524405599769
 30
0.0
 10
-53.41396769900211
 20
-23.92158614415945
 30
0.0
 10
-52.77798127755705
 20
-23.98587014334618
 30
0.0
 10
-52.81223968973109
 20
-24.02076658093307
 30
0.0
 10
-52.81800707942398
 20
-24.0266413819441
 30
0.0
  0
SPLINE
  5
28F6
330
27FF
100
AcDbEntity
  8
0
  6
Continuous
 62
     7
370
    25
100
AcDbSpline
210
0.0
220
0.0
230
1.0
 70
     8
 71
     3
 72
    16
 73
    12
 74
     0
 42
0.00000001
 43
0.00000001
 40
0.0
 40
0.0
 40
0.0
 40
0.0
 40
0.0550209660577848
 40
0.2091825868309409
 40
0.3625397689345899
 40
0.4831087144682253
 40
0.6044012259066965
 40
0.725320798450692
 40
0.8499793287868965
 40
0.9747432500138076
 40
1.0
 40
1.0
 40
1.0
 40
1.0
 10
-62.12633506068391
 20
-24.73733658124587
 30
0.0
 10
-62.17916734391497
 20
-24.74997666194366
 30
0.0
 10
-62.38002884210891
 20
-24.7980326116583
 30
0.0
 10
-61.59923283351395
 20
-24.8849592507263
 30
0.0
 10
-60.0536861721971
 20
-24.98481189796365
 30
0.0
 10
-58.15832553245991
 20
-25.07568075064557
 30
0.0
 10
-56.3412614872409
 20
-25.16125241998679
 30
0.0
 10
-54.64978428055906
 20
-25.24635516704495
 30
0.0
 10
-53.41396716972895
 20
-25.33269725556369
 30
0.0
 10
-52.77798027514109
 20
-25.39698148765285
 30
0.0
 10
-52.81223960254306
 20
-25.43187815736439
 30
0.0
 10
-52.81800733614909
 20
-25.43775319081897
 30
0.0
  0
SPLINE
  5
28F7
330
27FF
100
AcDbEntity
  8
0
  6
Continuous
 62
     7
370
    25
100
AcDbSpline
210
0.0
220
0.0
230
1.0
 70
     8
 71
     3
 72
    16
 73
    12
 74
     0
 42
0.00000001
 43
0.00000001
 40
0.0
 40
0.0
 40
0.0
 40
0.0
 40
0.0550188481707587
 40
0.2091806513780121
 40
0.3625380149637897
 40
0.4831071031781174
 40
0.604399758153545
 40
0.7253194737931626
 40
0.849978151649654
 40
0.9747422205215706
 40
1.0
 40
1.0
 40
1.0
 40
1.0
 10
-62.12633956118611
 20
-26.14844920263386
 30
0.0
 10
-62.1791693263981
 20
-26.16108878318767
 30
0.0
 10
-62.3800271245259
 20
-26.20914423656899
 30
0.0
 10
-61.59923173329207
 20
-26.29607036538738
 30
0.0
 10
-60.05368639401809
 20
-26.39592300835056
 30
0.0
 10
-58.15832548760704
 20
-26.48679186192686
 30
0.0
 10
-56.3412614653821
 20
-26.57236353107129
 30
0.0
 10
-54.6497844138371
 20
-26.6574662780925
 30
0.0
 10
-53.41396664043805
 20
-26.7438083669673
 30
0.0
 10
-52.77797927266602
 20
-26.80809283197226
 30
0.0
 10
-52.81223951534412
 20
-26.84298973381919
 30
0.0
 10
-52.81800759288694
 20
-26.8488649997289
 30
0.0
  0
SPLINE
  5
28F8
330
27FF
100
AcDbEntity
  8
0
  6
Continuous
 62
     7
370
    25
100
AcDbSpline
210
0.0
220
0.0
230
1.0
 70
     8
 71
     3
 72
    16
 73
    12
 74
     0
 42
0.00000001
 43
0.00000001
 40
0.0
 40
0.0
 40
0.0
 40
0.0
 40
0.0550167303049397
 40
0.2091787159342657
 40
0.362536260990221
 40
0.4831054918758216
 40
0.6043982903787446
 40
0.7253181491045528
 40
0.8499769744716068
 40
0.9747411909787971
 40
1.0
 40
1.0
 40
1.0
 40
1.0
 10
-62.1263440616251
 20
-27.55956182400075
 30
0.0
 10
-62.1791713088769
 20
-27.57220090441729
 30
0.0
 10
-62.3800254069879
 20
-27.62025586147217
 30
0.0
 10
-61.59923063306201
 20
-27.70718148004806
 30
0.0
 10
-60.05368661584112
 20
-27.80703411873765
 30
0.0
 10
-58.15832544275304
 20
-27.89790297320826
 30
0.0
 10
-56.34126144352399
 20
-27.9834746421555
 30
0.0
 10
-54.64978454711991
 20
-28.0685773891401
 30
0.0
 10
-53.41396611112896
 20
-28.15491947837069
 30
0.0
 10
-52.77797827013592
 20
-28.21920417630309
 30
0.0
 10
-52.81223942813199
 20
-28.2541013102973
 30
0.0
 10
-52.81800784963707
 20
-28.25997680867397
 30
0.0
  0
SPLINE
  5
28F9
330
27FF
100
AcDbEntity
  8
0
  6
Continuous
 62
     7
370
    25
100
AcDbSpline
210
0.0
220
0.0
230
1.0
 70
     8
 71
     3
 72
    16
 73
    12
 74
     0
 42
0.00000001
 43
0.00000001
 40
0.0
 40
0.0
 40
0.0
 40
0.0
 40
0.0550146124601016
 40
0.2091767804995109
 40
0.3625345070137062
 40
0.483103880561218
 40
0.6043968225822035
 40
0.7253168243847984
 40
0.8499757972527205
 40
0.9747401613854818
 40
1.0
 40
1.0
 40
1.0
 40
1.0
 10
-62.12634856200111
 20
-28.97067444534656
 30
0.0
 10
-62.17917329135093
 20
-28.98331302563287
 30
0.0
 10
-62.3800236894931
 20
-29.03136748636825
 30
0.0
 10
-61.59922953282103
 20
-29.1182925947096
 30
0.0
 10
-60.05368683766596
 20
-29.2181452291245
 30
0.0
 10
-58.15832539789994
 20
-29.30901408448989
 30
0.0
 10
-56.34126142166201
 20
-29.39458575324028
 30
0.0
 10
-54.64978468040795
 20
-29.47968850018725
 30
0.0
 10
-53.41396558179804
 20
-29.56603058977515
 30
0.0
 10
-52.77797726754898
 20
-29.6303155206449
 30
0.0
 10
-52.81223934090895
 20
-29.66521288679877
 30
0.0
 10
-52.81800810639993
 20
-29.67108861765405
 30
0.0
  0
SPLINE
  5
28FA
330
27FF
100
AcDbEntity
  8
0
  6
Continuous
 62
     7
370
    25
100
AcDbSpline
210
0.0
220
0.0
230
1.0
 70
     8
 71
     3
 72
    16
 73
    12
 74
     0
 42
0.00000001
 43
0.00000001
 40
0.0
 40
0.0
 40
0.0
 40
0.0
 40
0.0550124946362339
 40
0.2091748450737007
 40
0.3625327530341727
 40
0.4831022692341898
 40
0.6043953547637758
 40
0.7253154996337245
 40
0.8499746199927904
 40
0.9747391317413898
 40
1.0
 40
1.0
 40
1.0
 40
1.0
 10
-62.12635306231505
 20
-30.38178706667145
 30
0.0
 10
-62.17917527382201
 20
-30.39442514683418
 30
0.0
 10
-62.38002197204196
 20
-30.4424791112574
 30
0.0
 10
-61.59922843257004
 20
-30.52940370937046
 30
0.0
 10
-60.05368705949309
 20
-30.62925633951136
 30
0.0
 10
-58.15832535304503
 20
-30.72012519577117
 30
0.0
 10
-56.34126139980094
 20
-30.80569686432449
 30
0.0
 10
-54.64978481370008
 20
-30.89079961123508
 30
0.0
 10
-53.41396505245211
 20
-30.97714170117899
 30
0.0
 10
-52.77797626490405
 20
-31.04142686499875
 30
0.0
 10
-52.81223925367408
 20
-31.07632446332366
 30
0.0
 10
-52.81800836317711
 20
-31.08220042666926
 30
0.0
  0
SPLINE
  5
28FB
330
27FF
100
AcDbEntity
  8
0
  6
Continuous
 62
     7
370
    25
100
AcDbSpline
210
0.0
220
0.0
230
1.0
 70
     8
 71
     3
 72
    16
 73
    12
 74
     0
 42
0.00000001
 43
0.00000001
 40
0.0
 40
0.0
 40
0.0
 40
0.0
 40
0.0550103768335772
 40
0.2091729096570753
 40
0.3625309990518608
 40
0.483100657894978
 40
0.6043938869237028
 40
0.7253141748515723
 40
0.8499734426920575
 40
0.9747381020467623
 40
1.0
 40
1.0
 40
1.0
 40
1.0
 10
-62.126357562566
 20
-31.79289968797497
 30
0.0
 10
-62.1791772562899
 20
-31.80553726802128
 30
0.0
 10
-62.38002025463493
 20
-31.85359073613876
 30
0.0
 10
-61.59922733230906
 20
-31.9405148240316
 30
0.0
 10
-60.05368728132112
 20
-32.04036744989838
 30
0.0
 10
-58.15832530819307
 20
-32.13123630705229
 30
0.0
 10
-56.34126137793692
 20
-32.21680797540927
 30
0.0
 10
-54.6497849469979
 20
-32.30191072228229
 30
0.0
 10
-53.41396452308504
 20
-32.38825281258266
 30
0.0
 10
-52.77797526220502
 20
-32.45253820936466
 30
0.0
 10
-52.81223916642602
 20
-32.48743603987219
 30
0.0
 10
-52.81800861996498
 20
-32.4933122357196
 30
0.0
  0
SPLINE
  5
28FC
330
27FF
100
AcDbEntity
  8
0
  6
Continuous
 62
     7
370
    25
100
AcDbSpline
210
0.0
220
0.0
230
1.0
 70
     8
 71
     3
 72
    16
 73
    12
 74
     0
 42
0.00000001
 43
0.00000001
 40
0.0
 40
0.0
 40
0.0
 40
0.0
 40
0.0550082590519075
 40
0.2091709742494476
 40
0.3625292450666195
 40
0.4830990465434596
 40
0.6043924190618898
 40
0.7253128500382761
 40
0.8499722653504855
 40
0.9747370723015927
 40
1.0
 40
1.0
 40
1.0
 40
1.0
 10
-62.12636206275306
 20
-33.20401230925756
 30
0.0
 10
-62.17917923875211
 20
-33.21664938919429
 30
0.0
 10
-62.38001853727292
 20
-33.26470236101318
 30
0.0
 10
-61.59922623203806
 20
-33.35162593869268
 30
0.0
 10
-60.0536875031521
 20
-33.45147856028547
 30
0.0
 10
-58.15832526333793
 20
-33.54234741833375
 30
0.0
 10
-56.34126135607289
 20
-33.62791908649365
 30
0.0
 10
-54.64978508030094
 20
-33.71302183332955
 30
0.0
 10
-53.41396399370092
 20
-33.79936392398656
 30
0.0
 10
-52.77797425944709
 20
-33.86364955374205
 30
0.0
 10
-52.81223907916797
 20
-33.89854761644369
 30
0.0
 10
-52.81800887676809
 20
-33.90442404480478
 30
0.0
  0
SPLINE
  5
28FD
330
27FF
100
AcDbEntity
  8
0
  6
Continuous
 62
     7
370
    25
100
AcDbSpline
210
0.0
220
0.0
230
1.0
 70
     8
 71
     3
 72
    16
 73
    12
 74
     0
 42
0.00000001
 43
0.00000001
 40
0.0
 40
0.0
 40
0.0
 40
0.0
 40
0.0550061412916621
 40
0.2091690388511439
 40
0.3625274910786655
 40
0.4830974351797654
 40
0.604390951178381
 40
0.7253115251937932
 40
0.8499710879679425
 40
0.9747360425056593
 40
0.9999999999999999
 40
0.9999999999999999
 40
0.9999999999999999
 40
0.9999999999999999
 10
-62.12636656287805
 20
-34.6151249305189
 30
0.0
 10
-62.17918122121091
 20
-34.62776151035297
 30
0.0
 10
-62.38001681995411
 20
-34.6758139858801
 30
0.0
 10
-61.59922513175707
 20
-34.76273705335376
 30
0.0
 10
-60.05368772498491
 20
-34.86258967067226
 30
0.0
 10
-58.15832521848392
 20
-34.95345852961515
 30
0.0
 10
-56.34126133420796
 20
-35.03903019757809
 30
0.0
 10
-54.64978521360808
 20
-35.12413294437698
 30
0.0
 10
-53.41396346429701
 20
-35.2104750353904
 30
0.0
 10
-52.77797325663391
 20
-35.27476089813149
 30
0.0
 10
-52.81223899189695
 20
-35.30965919303856
 30
0.0
 10
-52.81800913358211
 20
-35.31553585392498
 30
0.0
  0
SPLINE
  5
28FE
330
27FF
100
AcDbEntity
  8
0
  6
Continuous
 62
     7
370
    25
100
AcDbSpline
210
0.0
220
0.0
230
1.0
 70
     8
 71
     3
 72
    15
 73
    11
 74
     0
 42
0.00000001
 43
0.00000001
 40
0.0
 40
0.0
 40
0.0
 40
0.0
 40
0.0000286045468423
 40
0.001337506323719
 40
0.0632860674283796
 40
0.1566119316585738
 40
0.3190288747442075
 40
0.6589979785338971
 40
0.994996657054896
 40
1.0
 40
1.0
 40
1.0
 40
1.0
 10
-61.38324654813005
 20
14.26555386235515
 30
0.0
 10
-61.38327056650792
 20
14.26555498442514
 30
0.0
 10
-61.38439363036309
 20
14.2656074507525
 30
0.0
 10
-61.43747992393992
 20
14.26809068655234
 30
0.0
 10
-61.56280268436308
 20
14.27431818809384
 30
0.0
 10
-61.7848315356639
 20
14.28732109506774
 30
0.0
 10
-62.10476867635293
 20
14.3125090402076
 30
0.0
 10
-62.20634680133799
 20
14.34965683595544
 30
0.0
 10
-62.08403451575305
 20
14.37644490901562
 30
0.0
 10
-61.80803316415404
 20
14.39151038442452
 30
0.0
 10
-61.80398354178101
 20
14.39173143220535
 30
0.0
  0
SPLINE
  5
28FF
330
27FF
100
AcDbEntity
  8
0
  6
Continuous
 62
     7
370
    25
100
AcDbSpline
210
0.0
220
0.0
230
1.0
 70
     8
 71
     3
 72
    10
 73
     6
 74
     0
 42
0.00000001
 43
0.00000001
 40
0.0
 40
0.0
 40
0.0
 40
0.0
 40
0.2375807308778424
 40
0.6187886144389674
 40
0.9999999999999999
 40
0.9999999999999999
 40
0.9999999999999999
 40
0.9999999999999999
 10
-53.40889126102502
 20
14.75295789252414
 30
0.0
 10
-53.41692246390289
 20
14.7616832032304
 30
0.0
 10
-53.43784005634507
 20
14.78440862756361
 30
0.0
 10
-53.9577418021529
 20
14.8226382724427
 30
0.0
 10
-54.62142441276501
 20
14.85230699675844
 30
0.0
 10
-54.95326724230904
 20
14.86714142705455
 30
0.0
  0
SPLINE
  5
2900
330
27FF
100
AcDbEntity
  8
0
  6
Continuous
 62
     7
370
    25
100
AcDbSpline
210
0.0
220
0.0
230
1.0
 70
     8
 71
     3
 72
    19
 73
    15
 74
     0
 42
0.00000001
 43
0.00000001
 40
0.0
 40
0.0
 40
0.0
 40
0.0
 40
0.0936137681629778
 40
0.1932034369893365
 40
0.2894927399802605
 40
0.3793391453487063
 40
0.462952714771007
 40
0.5437911007406695
 40
0.6260744388270211
 40
0.7129479221584886
 40
0.8056805952038616
 40
0.8798329492459137
 40
0.9748068693193003
 40
0.9999999999999999
 40
0.9999999999999999
 40
0.9999999999999999
 40
0.9999999999999999
 10
-62.2357846481359
 20
-60.10222894614441
 30
0.0
 10
-62.20919184267905
 20
-60.1102960060021
 30
0.0
 10
-62.15430866134602
 20
-60.12694509215186
 30
0.0
 10
-62.06532342428591
 20
-60.26116255863639
 30
0.0
 10
-61.99323016158405
 20
-60.46216353237611
 30
0.0
 10
-61.95501353173995
 20
-60.70000678953335
 30
0.0
 10
-61.9548227062819
 20
-60.93814582558531
 30
0.0
 10
-61.98743860687591
 20
-61.15624575301518
 30
0.0
 10
-62.04606752590598
 20
-61.34207241887367
 30
0.0
 10
-62.1228173535269
 20
-61.48114254376031
 30
0.0
 10
-62.20019308734004
 20
-61.54987483552765
 30
0.0
 10
-62.27052726215607
 20
-61.54704238338155
 30
0.0
 10
-62.31688394422804
 20
-61.50803747863102
 30
0.0
 10
-62.33430053909501
 20
-61.44028950692501
 30
0.0
 10
-62.33795194393292
 20
-61.42608608349207
 30
0.0
  0
SPLINE
  5
2901
330
27FF
100
AcDbEntity
  8
0
  6
Continuous
 62
     7
370
    25
100
AcDbSpline
210
0.0
220
0.0
230
1.0
 70
     8
 71
     3
 72
     9
 73
     5
 74
     0
 42
0.00000001
 43
0.00000001
 40
0.0
 40
0.0
 40
0.0
 40
0.0
 40
0.4131634306569918
 40
1.0
 40
1.0
 40
1.0
 40
1.0
 10
-62.34523217817696
 20
-60.24225217282827
 30
0.0
 10
-62.33377462011595
 20
-60.20710060163441
 30
0.0
 10
-62.30604332249504
 20
-60.12202150560205
 30
0.0
 10
-62.26176738651293
 20
-60.10954853904701
 30
0.0
 10
-62.2357846481359
 20
-60.10222894614441
 30
0.0
  0
SPLINE
  5
2902
330
27FF
100
AcDbEntity
  8
0
  6
Continuous
 62
     7
370
    25
100
AcDbSpline
210
0.0
220
0.0
230
1.0
 70
     8
 71
     3
 72
     9
 73
     5
 74
     0
 42
0.00000001
 43
0.00000001
 40
0.0
 40
0.0
 40
0.0
 40
0.0
 40
0.0602136495376156
 40
1.0
 40
1.0
 40
1.0
 40
1.0
 10
-62.2690975886369
 20
-60.1896114391879
 30
0.0
 10
-62.27036420132094
 20
-60.18962725872046
 30
0.0
 10
-62.2913995096601
 20
-60.18988998208425
 30
0.0
 10
-62.30913668454309
 20
-60.2082294474514
 30
0.0
 10
-62.32580583939512
 20
-60.22546462667827
 30
0.0
  0
SPLINE
  5
2903
330
27FF
100
AcDbEntity
  8
0
  6
Continuous
 62
     7
370
    25
100
AcDbSpline
210
0.0
220
0.0
230
1.0
 70
     8
 71
     3
 72
    14
 73
    10
 74
     0
 42
0.00000001
 43
0.00000001
 40
0.0
 40
0.0
 40
0.0
 40
0.0
 40
0.0702459395420518
 40
0.2073545653093984
 40
0.3487859775305317
 40
0.5012280711016429
 40
0.6659004034862381
 40
0.8376960763364251
 40
0.9999999999999999
 40
0.9999999999999999
 40
0.9999999999999999
 40
0.9999999999999999
 10
-62.07395248460693
 20
-61.18955574765408
 30
0.0
 10
-62.06504248309602
 20
-61.16391476979385
 30
0.0
 10
-62.03874161072804
 20
-61.08822678194809
 30
0.0
 10
-62.01635610370295
 20
-60.92344910572336
 30
0.0
 10
-62.01579278795703
 20
-60.71511515604578
 30
0.0
 10
-62.05066242910812
 20
-60.50507329402177
 30
0.0
 10
-62.115743325209
 20
-60.32867641437866
 30
0.0
 10
-62.19584203466911
 20
-60.21121060107197
 30
0.0
 10
-62.24514597798998
 20
-60.19667349370417
 30
0.0
 10
-62.2690975886369
 20
-60.1896114391879
 30
0.0
  0
SPLINE
  5
2904
330
27FF
100
AcDbEntity
  8
0
  6
Continuous
 62
     7
370
    25
100
AcDbSpline
210
0.0
220
0.0
230
1.0
 70
     8
 71
     3
 72
    19
 73
    15
 74
     0
 42
0.00000001
 43
0.00000001
 40
0.0
 40
0.0
 40
0.0
 40
0.0
 40
0.0936137681629778
 40
0.1932034369893365
 40
0.2894927399802605
 40
0.3793391453487063
 40
0.462952714771007
 40
0.5437911007406695
 40
0.6260744388270211
 40
0.7129479221584886
 40
0.8056805952038616
 40
0.8798329492459137
 40
0.9748068693193003
 40
0.9999999999999999
 40
0.9999999999999999
 40
0.9999999999999999
 40
0.9999999999999999
 10
52.7642153518641
 20
-60.10222894614441
 30
0.0
 10
52.79080815732004
 20
-60.1102960060021
 30
0.0
 10
52.84569133865398
 20
-60.12694509215186
 30
0.0
 10
52.93467657571409
 20
-60.26116255863639
 30
0.0
 10
53.00676983841709
 20
-60.46216353237611
 30
0.0
 10
53.04498646826005
 20
-60.70000678953335
 30
0.0
 10
53.0451772937181
 20
-60.93814582558531
 30
0.0
 10
53.01256139312409
 20
-61.15624575301518
 30
0.0
 10
52.95393247409402
 20
-61.34207241887367
 30
0.0
 10
52.8771826464731
 20
-61.48114254376031
 30
0.0
 10
52.79980691265996
 20
-61.54987483552765
 30
0.0
 10
52.72947273784393
 20
-61.54704238338155
 30
0.0
 10
52.68311605577105
 20
-61.50803747863102
 30
0.0
 10
52.6656994609059
 20
-61.44028950692501
 30
0.0
 10
52.66204805606708
 20
-61.42608608349207
 30
0.0
  0
SPLINE
  5
2905
330
27FF
100
AcDbEntity
  8
0
  6
Continuous
 62
     7
370
    25
100
AcDbSpline
210
0.0
220
0.0
230
1.0
 70
     8
 71
     3
 72
     9
 73
     5
 74
     0
 42
0.00000001
 43
0.00000001
 40
0.0
 40
0.0
 40
0.0
 40
0.0
 40
0.4131634306569918
 40
1.0
 40
1.0
 40
1.0
 40
1.0
 10
52.65476782182304
 20
-60.24225217282827
 30
0.0
 10
52.66622537988405
 20
-60.20710060163441
 30
0.0
 10
52.69395667750496
 20
-60.12202150560205
 30
0.0
 10
52.73823261348798
 20
-60.10954853904701
 30
0.0
 10
52.7642153518641
 20
-60.10222894614441
 30
0.0
  0
SPLINE
  5
2906
330
27FF
100
AcDbEntity
  8
0
  6
Continuous
 62
     7
370
    25
100
AcDbSpline
210
0.0
220
0.0
230
1.0
 70
     8
 71
     3
 72
     9
 73
     5
 74
     0
 42
0.00000001
 43
0.00000001
 40
0.0
 40
0.0
 40
0.0
 40
0.0
 40
0.0602136495376156
 40
1.0
 40
1.0
 40
1.0
 40
1.0
 10
52.7309024113631
 20
-60.1896114391879
 30
0.0
 10
52.72963579867906
 20
-60.18962725872046
 30
0.0
 10
52.70860049034104
 20
-60.18988998208425
 30
0.0
 10
52.69086331545691
 20
-60.2082294474514
 30
0.0
 10
52.67419416060488
 20
-60.22546462667827
 30
0.0
  0
SPLINE
  5
2907
330
27FF
100
AcDbEntity
  8
0
  6
Continuous
 62
     7
370
    25
100
AcDbSpline
210
0.0
220
0.0
230
1.0
 70
     8
 71
     3
 72
    14
 73
    10
 74
     0
 42
0.00000001
 43
0.00000001
 40
0.0
 40
0.0
 40
0.0
 40
0.0
 40
0.0702459395420518
 40
0.2073545653093984
 40
0.3487859775305317
 40
0.5012280711016429
 40
0.6659004034862381
 40
0.8376960763364251
 40
0.9999999999999999
 40
0.9999999999999999
 40
0.9999999999999999
 40
0.9999999999999999
 10
52.92604751539307
 20
-61.18955574765408
 30
0.0
 10
52.93495751690398
 20
-61.16391476979385
 30
0.0
 10
52.9612583892731
 20
-61.08822678194809
 30
0.0
 10
52.98364389629705
 20
-60.92344910572336
 30
0.0
 10
52.98420721204297
 20
-60.71511515604578
 30
0.0
 10
52.94933757089188
 20
-60.50507329402177
 30
0.0
 10
52.884256674791
 20
-60.32867641437866
 30
0.0
 10
52.80415796533089
 20
-60.21121060107197
 30
0.0
 10
52.75485402201002
 20
-60.19667349370417
 30
0.0
 10
52.7309024113631
 20
-60.1896114391879
 30
0.0
  0
LINE
  5
2908
330
27FF
100
AcDbEntity
  8
0
  6
Continuous
 62
     7
370
    25
100
AcDbLine
 10
-62.45300000010002
 20
-55.99873447109997
 30
0.0
 11
-62.45300000010002
 21
-60.00691098160002
 31
0.0
  0
LINE
  5
2909
330
27FF
100
AcDbEntity
  8
0
  6
Continuous
 62
     7
370
    25
100
AcDbLine
 10
-62.45300000010002
 20
-61.64007081480003
 30
0.0
 11
-62.45300000010002
 21
-65.65073447109995
 31
0.0
  0
LINE
  5
290A
330
27FF
100
AcDbEntity
  8
0
  6
Continuous
 62
     7
370
    25
100
AcDbLine
 10
-52.54700000010007
 20
-65.65073447109995
 30
0.0
 11
-52.54700000010007
 21
-55.99873447109997
 31
0.0
  0
LINE
  5
290B
330
27FF
100
AcDbEntity
  8
0
  6
Continuous
 62
     7
370
    25
100
AcDbLine
 10
52.54699999989998
 20
-55.99873447109997
 30
0.0
 11
52.54699999989998
 21
-60.00691098160002
 31
0.0
  0
LINE
  5
290C
330
27FF
100
AcDbEntity
  8
0
  6
Continuous
 62
     7
370
    25
100
AcDbLine
 10
52.54699999989998
 20
-61.64007081480003
 30
0.0
 11
52.54699999989998
 21
-65.65073447109995
 31
0.0
  0
LINE
  5
290D
330
27FF
100
AcDbEntity
  8
0
  6
Continuous
 62
     7
370
    25
100
AcDbLine
 10
62.45299999989993
 20
-65.65073447109995
 30
0.0
 11
62.45299999989993
 21
-55.99873447109997
 31
0.0
  0
LINE
  5
290E
330
27FF
100
AcDbEntity
  8
0
  6
Continuous
 62
     7
370
    25
100
AcDbLine
 10
67.85049999989997
 20
4.760000000000048
 30
0.0
 11
67.85049999989997
 21
6.284000000000049
 31
0.0
  0
LINE
  5
290F
330
27FF
100
AcDbEntity
  8
0
  6
Continuous
 62
     7
370
    25
100
AcDbLine
 10
47.14949999989994
 20
6.284000000000049
 30
0.0
 11
47.14949999989994
 21
4.760000000000048
 31
0.0
  0
LINE
  5
2910
330
27FF
100
AcDbEntity
  8
0
  6
Continuous
 62
     7
370
    25
100
AcDbLine
 10
-47.14950000010003
 20
4.760000000000048
 30
0.0
 11
-47.14950000010003
 21
6.284000000000049
 31
0.0
  0
LINE
  5
2911
330
27FF
100
AcDbEntity
  8
0
  6
Continuous
 62
     7
370
    25
100
AcDbLine
 10
-67.85050000010006
 20
6.284000000000049
 30
0.0
 11
-67.85050000010006
 21
4.760000000000048
 31
0.0
  0
LINE
  5
2912
330
27FF
100
AcDbEntity
  8
0
  6
Continuous
 62
     7
370
    25
100
AcDbLine
 10
61.61123729590008
 20
14.77851345090005
 30
0.0
 11
60.85359070560003
 21
15.3752655289
 31
0.0
  0
LINE
  5
2913
330
27FF
100
AcDbEntity
  8
0
  6
Continuous
 62
     7
370
    25
100
AcDbLine
 10
54.14640929419988
 20
15.3752655289
 30
0.0
 11
52.84968112110005
 21
14.35391171860005
 31
0.0
  0
LINE
  5
2914
330
27FF
100
AcDbEntity
  8
0
  6
Continuous
 62
     7
370
    25
100
AcDbLine
 10
52.73749999989991
 20
-34.63172967229997
 30
0.0
 11
52.73749999989991
 21
-55.31852556459995
 31
0.0
  0
LINE
  5
2915
330
27FF
100
AcDbEntity
  8
0
  6
Continuous
 62
     7
370
    25
100
AcDbLine
 10
52.73749999989991
 20
-33.22061856119996
 30
0.0
 11
52.73749999989991
 21
-33.57351648469995
 31
0.0
  0
LINE
  5
2916
330
27FF
100
AcDbEntity
  8
0
  6
Continuous
 62
     7
370
    25
100
AcDbLine
 10
52.73749999989991
 20
-31.80950744999996
 30
0.0
 11
52.73749999989991
 21
-32.1624053736
 31
0.0
  0
LINE
  5
2917
330
27FF
100
AcDbEntity
  8
0
  6
Continuous
 62
     7
370
    25
100
AcDbLine
 10
52.73749999989991
 20
-30.3983963389
 30
0.0
 11
52.73749999989991
 21
-30.75129426249998
 31
0.0
  0
LINE
  5
2918
330
27FF
100
AcDbEntity
  8
0
  6
Continuous
 62
     7
370
    25
100
AcDbLine
 10
52.73749999989991
 20
-28.98728522779999
 30
0.0
 11
52.73749999989991
 21
-29.34018315139997
 31
0.0
  0
LINE
  5
2919
330
27FF
100
AcDbEntity
  8
0
  6
Continuous
 62
     7
370
    25
100
AcDbLine
 10
52.73749999989991
 20
-27.57617411669997
 30
0.0
 11
52.73749999989991
 21
-27.92907204029996
 31
0.0
  0
LINE
  5
291A
330
27FF
100
AcDbEntity
  8
0
  6
Continuous
 62
     7
370
    25
100
AcDbLine
 10
52.73749999989991
 20
-26.16506300559996
 30
0.0
 11
52.73749999989991
 21
-26.5179609292
 31
0.0
  0
LINE
  5
291B
330
27FF
100
AcDbEntity
  8
0
  6
Continuous
 62
     7
370
    25
100
AcDbLine
 10
52.73749999989991
 20
-24.75395189449995
 30
0.0
 11
52.73749999989991
 21
-25.10684981809999
 31
0.0
  0
LINE
  5
291C
330
27FF
100
AcDbEntity
  8
0
  6
Continuous
 62
     7
370
    25
100
AcDbLine
 10
52.73749999989991
 20
-23.34284078339999
 30
0.0
 11
52.73749999989991
 21
-23.69573870699998
 31
0.0
  0
LINE
  5
291D
330
27FF
100
AcDbEntity
  8
0
  6
Continuous
 62
     7
370
    25
100
AcDbLine
 10
52.73749999989991
 20
-21.93172967229998
 30
0.0
 11
52.73749999989991
 21
-22.28462759589996
 31
0.0
  0
LINE
  5
291E
330
27FF
100
AcDbEntity
  8
0
  6
Continuous
 62
     7
370
    25
100
AcDbLine
 10
52.73749999989991
 20
-20.52061856119997
 30
0.0
 11
52.73749999989991
 21
-20.87351648469996
 31
0.0
  0
LINE
  5
291F
330
27FF
100
AcDbEntity
  8
0
  6
Continuous
 62
     7
370
    25
100
AcDbLine
 10
52.73749999989991
 20
-19.10950744999997
 30
0.0
 11
52.73749999989991
 21
-19.46240537359995
 31
0.0
  0
LINE
  5
2920
330
27FF
100
AcDbEntity
  8
0
  6
Continuous
 62
     7
370
    25
100
AcDbLine
 10
52.73749999989991
 20
-17.69839633889995
 30
0.0
 11
52.73749999989991
 21
-18.05129426249999
 31
0.0
  0
LINE
  5
2921
330
27FF
100
AcDbEntity
  8
0
  6
Continuous
 62
     7
370
    25
100
AcDbLine
 10
52.73749999989991
 20
-16.2872852278
 30
0.0
 11
52.73749999989991
 21
-16.64018315139998
 31
0.0
  0
LINE
  5
2922
330
27FF
100
AcDbEntity
  8
0
  6
Continuous
 62
     7
370
    25
100
AcDbLine
 10
52.73749999989991
 20
-14.87617411669999
 30
0.0
 11
52.73749999989991
 21
-15.22907204029997
 31
0.0
  0
LINE
  5
2923
330
27FF
100
AcDbEntity
  8
0
  6
Continuous
 62
     7
370
    25
100
AcDbLine
 10
52.73749999989991
 20
-13.46506300559997
 30
0.0
 11
52.73749999989991
 21
-13.81796092919996
 31
0.0
  0
LINE
  5
2924
330
27FF
100
AcDbEntity
  8
0
  6
Continuous
 62
     7
370
    25
100
AcDbLine
 10
52.73749999989991
 20
-12.05395189449996
 30
0.0
 11
52.73749999989991
 21
-12.4068498181
 31
0.0
  0
LINE
  5
2925
330
27FF
100
AcDbEntity
  8
0
  6
Continuous
 62
     7
370
    25
100
AcDbLine
 10
52.73749999989991
 20
-10.64284078339995
 30
0.0
 11
52.73749999989991
 21
-10.99573870699999
 31
0.0
  0
LINE
  5
2926
330
27FF
100
AcDbEntity
  8
0
  6
Continuous
 62
     7
370
    25
100
AcDbLine
 10
52.73749999989991
 20
-9.231729672299991
 30
0.0
 11
52.73749999989991
 21
-9.584627595899974
 31
0.0
  0
LINE
  5
2927
330
27FF
100
AcDbEntity
  8
0
  6
Continuous
 62
     7
370
    25
100
AcDbLine
 10
52.73749999989991
 20
-7.820618561199979
 30
0.0
 11
52.73749999989991
 21
-8.173516484699974
 31
0.0
  0
LINE
  5
2928
330
27FF
100
AcDbEntity
  8
0
  6
Continuous
 62
     7
370
    25
100
AcDbLine
 10
52.73749999989991
 20
-6.409507449999978
 30
0.0
 11
52.73749999989991
 21
-6.762405373599961
 31
0.0
  0
LINE
  5
2929
330
27FF
100
AcDbEntity
  8
0
  6
Continuous
 62
     7
370
    25
100
AcDbLine
 10
52.73749999989991
 20
-4.998396338899965
 30
0.0
 11
52.73749999989991
 21
-5.351294262499948
 31
0.0
  0
LINE
  5
292A
330
27FF
100
AcDbEntity
  8
0
  6
Continuous
 62
     7
370
    25
100
AcDbLine
 10
52.73749999989991
 20
-3.587285227799953
 30
0.0
 11
52.73749999989991
 21
-3.940183151399992
 31
0.0
  0
LINE
  5
292B
330
27FF
100
AcDbEntity
  8
0
  6
Continuous
 62
     7
370
    25
100
AcDbLine
 10
52.73749999989991
 20
11.9349369944
 30
0.0
 11
52.73749999989991
 21
11.87200000000001
 31
0.0
  0
LINE
  5
292C
330
27FF
100
AcDbEntity
  8
0
  6
Continuous
 62
     7
370
    25
100
AcDbLine
 10
52.73749999989991
 20
13.34604810550002
 30
0.0
 11
52.73749999989991
 21
12.99315018190003
 31
0.0
  0
LINE
  5
292D
330
27FF
100
AcDbEntity
  8
0
  6
Continuous
 62
     7
370
    25
100
AcDbLine
 10
62.2624999999
 20
13.69856814680003
 30
0.0
 11
62.2624999999
 21
14.05144525870003
 31
0.0
  0
LINE
  5
292E
330
27FF
100
AcDbEntity
  8
0
  6
Continuous
 62
     7
370
    25
100
AcDbLine
 10
62.2624999999
 20
12.28745703570002
 30
0.0
 11
62.2624999999
 21
12.64033414750003
 31
0.0
  0
LINE
  5
292F
330
27FF
100
AcDbEntity
  8
0
  6
Continuous
 62
     7
370
    25
100
AcDbLine
 10
62.2624999999
 20
-3.234765186499999
 30
0.0
 11
62.2624999999
 21
-2.881888074699987
 31
0.0
  0
LINE
  5
2930
330
27FF
100
AcDbEntity
  8
0
  6
Continuous
 62
     7
370
    25
100
AcDbLine
 10
62.2624999999
 20
-4.645876297599955
 30
0.0
 11
62.2624999999
 21
-4.292999185799999
 31
0.0
  0
LINE
  5
2931
330
27FF
100
AcDbEntity
  8
0
  6
Continuous
 62
     7
370
    25
100
AcDbLine
 10
62.2624999999
 20
-6.056987408699968
 30
0.0
 11
62.2624999999
 21
-5.704110296899955
 31
0.0
  0
LINE
  5
2932
330
27FF
100
AcDbEntity
  8
0
  6
Continuous
 62
     7
370
    25
100
AcDbLine
 10
62.2624999999
 20
-7.468098519899968
 30
0.0
 11
62.2624999999
 21
-7.115221407999968
 31
0.0
  0
LINE
  5
2933
330
27FF
100
AcDbEntity
  8
0
  6
Continuous
 62
     7
370
    25
100
AcDbLine
 10
62.2624999999
 20
-8.87920963099998
 30
0.0
 11
62.2624999999
 21
-8.52633251909998
 31
0.0
  0
LINE
  5
2934
330
27FF
100
AcDbEntity
  8
0
  6
Continuous
 62
     7
370
    25
100
AcDbLine
 10
62.2624999999
 20
-10.29032074209999
 30
0.0
 11
62.2624999999
 21
-9.937443630199994
 31
0.0
  0
LINE
  5
2935
330
27FF
100
AcDbEntity
  8
0
  6
Continuous
 62
     7
370
    25
100
AcDbLine
 10
62.2624999999
 20
-11.70143185319995
 30
0.0
 11
62.2624999999
 21
-11.34855474129995
 31
0.0
  0
LINE
  5
2936
330
27FF
100
AcDbEntity
  8
0
  6
Continuous
 62
     7
370
    25
100
AcDbLine
 10
62.2624999999
 20
-13.11254296429996
 30
0.0
 11
62.2624999999
 21
-12.75966585249995
 31
0.0
  0
LINE
  5
2937
330
27FF
100
AcDbEntity
  8
0
  6
Continuous
 62
     7
370
    25
100
AcDbLine
 10
62.2624999999
 20
-14.52365407539997
 30
0.0
 11
62.2624999999
 21
-14.17077696359996
 31
0.0
  0
LINE
  5
2938
330
27FF
100
AcDbEntity
  8
0
  6
Continuous
 62
     7
370
    25
100
AcDbLine
 10
62.2624999999
 20
-15.93476518649999
 30
0.0
 11
62.2624999999
 21
-15.58188807469998
 31
0.0
  0
LINE
  5
2939
330
27FF
100
AcDbEntity
  8
0
  6
Continuous
 62
     7
370
    25
100
AcDbLine
 10
62.2624999999
 20
-17.3458762976
 30
0.0
 11
62.2624999999
 21
-16.99299918579999
 31
0.0
  0
LINE
  5
293A
330
27FF
100
AcDbEntity
  8
0
  6
Continuous
 62
     7
370
    25
100
AcDbLine
 10
62.2624999999
 20
-18.75698740869996
 30
0.0
 11
62.2624999999
 21
-18.4041102969
 31
0.0
  0
LINE
  5
293B
330
27FF
100
AcDbEntity
  8
0
  6
Continuous
 62
     7
370
    25
100
AcDbLine
 10
62.2624999999
 20
-20.16809851989996
 30
0.0
 11
62.2624999999
 21
-19.81522140799996
 31
0.0
  0
LINE
  5
293C
330
27FF
100
AcDbEntity
  8
0
  6
Continuous
 62
     7
370
    25
100
AcDbLine
 10
62.2624999999
 20
-21.57920963099997
 30
0.0
 11
62.2624999999
 21
-21.22633251909997
 31
0.0
  0
LINE
  5
293D
330
27FF
100
AcDbEntity
  8
0
  6
Continuous
 62
     7
370
    25
100
AcDbLine
 10
62.2624999999
 20
-22.99032074209998
 30
0.0
 11
62.2624999999
 21
-22.63744363019998
 31
0.0
  0
LINE
  5
293E
330
27FF
100
AcDbEntity
  8
0
  6
Continuous
 62
     7
370
    25
100
AcDbLine
 10
62.2624999999
 20
-24.40143185319999
 30
0.0
 11
62.2624999999
 21
-24.04855474129999
 31
0.0
  0
LINE
  5
293F
330
27FF
100
AcDbEntity
  8
0
  6
Continuous
 62
     7
370
    25
100
AcDbLine
 10
62.2624999999
 20
-25.81254296429995
 30
0.0
 11
62.2624999999
 21
-25.4596658525
 31
0.0
  0
LINE
  5
2940
330
27FF
100
AcDbEntity
  8
0
  6
Continuous
 62
     7
370
    25
100
AcDbLine
 10
62.2624999999
 20
-27.22365407539996
 30
0.0
 11
62.2624999999
 21
-26.87077696359995
 31
0.0
  0
LINE
  5
2941
330
27FF
100
AcDbEntity
  8
0
  6
Continuous
 62
     7
370
    25
100
AcDbLine
 10
62.2624999999
 20
-28.63476518649998
 30
0.0
 11
62.2624999999
 21
-28.28188807469996
 31
0.0
  0
LINE
  5
2942
330
27FF
100
AcDbEntity
  8
0
  6
Continuous
 62
     7
370
    25
100
AcDbLine
 10
62.2624999999
 20
-30.04587629759999
 30
0.0
 11
62.2624999999
 21
-29.69299918579998
 31
0.0
  0
LINE
  5
2943
330
27FF
100
AcDbEntity
  8
0
  6
Continuous
 62
     7
370
    25
100
AcDbLine
 10
62.2624999999
 20
-31.4569874087
 30
0.0
 11
62.2624999999
 21
-31.10411029689999
 31
0.0
  0
LINE
  5
2944
330
27FF
100
AcDbEntity
  8
0
  6
Continuous
 62
     7
370
    25
100
AcDbLine
 10
62.2624999999
 20
-32.8680985199
 30
0.0
 11
62.2624999999
 21
-32.515221408
 31
0.0
  0
LINE
  5
2945
330
27FF
100
AcDbEntity
  8
0
  6
Continuous
 62
     7
370
    25
100
AcDbLine
 10
62.2624999999
 20
-34.27920963099996
 30
0.0
 11
62.2624999999
 21
-33.92633251909996
 31
0.0
  0
LINE
  5
2946
330
27FF
100
AcDbEntity
  8
0
  6
Continuous
 62
     7
370
    25
100
AcDbLine
 10
62.2624999999
 20
-55.31852556459995
 30
0.0
 11
62.2624999999
 21
-35.33744363019997
 31
0.0
  0
LINE
  5
2947
330
27FF
100
AcDbEntity
  8
0
  6
Continuous
 62
     7
370
    25
100
AcDbLine
 10
52.82536365390001
 20
-3.526792111399971
 30
0.0
 11
52.74960371509997
 21
-3.570687935799981
 31
0.0
  0
LINE
  5
2948
330
27FF
100
AcDbEntity
  8
0
  6
Continuous
 62
     7
370
    25
100
AcDbLine
 10
52.82536167269996
 20
-4.937904491300003
 30
0.0
 11
52.74960371509997
 21
-4.981799046999981
 31
0.0
  0
LINE
  5
2949
330
27FF
100
AcDbEntity
  8
0
  6
Continuous
 62
     7
370
    25
100
AcDbLine
 10
52.82535969190008
 20
-6.349016871499998
 30
0.0
 11
52.74960371509997
 21
-6.392910158099994
 31
0.0
  0
LINE
  5
294A
330
27FF
100
AcDbEntity
  8
0
  6
Continuous
 62
     7
370
    25
100
AcDbLine
 10
52.82535771149992
 20
-7.760129251999956
 30
0.0
 11
52.74960371509997
 21
-7.80402126919995
 31
0.0
  0
LINE
  5
294B
330
27FF
100
AcDbEntity
  8
0
  6
Continuous
 62
     7
370
    25
100
AcDbLine
 10
52.82535573130008
 20
-9.171241632700003
 30
0.0
 11
52.74960371509997
 21
-9.215132380299963
 31
0.0
  0
LINE
  5
294C
330
27FF
100
AcDbEntity
  8
0
  6
Continuous
 62
     7
370
    25
100
AcDbLine
 10
52.82535375139992
 20
-10.5823540138
 30
0.0
 11
52.74960371509997
 21
-10.62624349139998
 31
0.0
  0
LINE
  5
294D
330
27FF
100
AcDbEntity
  8
0
  6
Continuous
 62
     7
370
    25
100
AcDbLine
 10
52.82535177189993
 20
-11.99346639509997
 30
0.0
 11
52.74960371509997
 21
-12.03735460249999
 31
0.0
  0
LINE
  5
294E
330
27FF
100
AcDbEntity
  8
0
  6
Continuous
 62
     7
370
    25
100
AcDbLine
 10
52.82534979260004
 20
-13.40457877679995
 30
0.0
 11
52.74960371509997
 21
-13.4484657136
 31
0.0
  0
LINE
  5
294F
330
27FF
100
AcDbEntity
  8
0
  6
Continuous
 62
     7
370
    25
100
AcDbLine
 10
52.82534781370009
 20
-14.81569115869996
 30
0.0
 11
52.74960371509997
 21
-14.85957682469996
 31
0.0
  0
LINE
  5
2950
330
27FF
100
AcDbEntity
  8
0
  6
Continuous
 62
     7
370
    25
100
AcDbLine
 10
52.82534583510005
 20
-16.22680354089999
 30
0.0
 11
52.74960371509997
 21
-16.27068793579997
 31
0.0
  0
LINE
  5
2951
330
27FF
100
AcDbEntity
  8
0
  6
Continuous
 62
     7
370
    25
100
AcDbLine
 10
52.82534385679992
 20
-17.63791592339999
 30
0.0
 11
52.74960371509997
 21
-17.68179904699997
 31
0.0
  0
LINE
  5
2952
330
27FF
100
AcDbEntity
  8
0
  6
Continuous
 62
     7
370
    25
100
AcDbLine
 10
52.82534187879992
 20
-19.0490283062
 30
0.0
 11
52.74960371509997
 21
-19.09291015809998
 31
0.0
  0
LINE
  5
2953
330
27FF
100
AcDbEntity
  8
0
  6
Continuous
 62
     7
370
    25
100
AcDbLine
 10
52.82533990110005
 20
-20.46014068919999
 30
0.0
 11
52.74960371509997
 21
-20.5040212692
 31
0.0
  0
LINE
  5
2954
330
27FF
100
AcDbEntity
  8
0
  6
Continuous
 62
     7
370
    25
100
AcDbLine
 10
52.82533792379991
 20
-21.87125307259998
 30
0.0
 11
52.74960371509997
 21
-21.91513238029995
 31
0.0
  0
LINE
  5
2955
330
27FF
100
AcDbEntity
  8
0
  6
Continuous
 62
     7
370
    25
100
AcDbLine
 10
52.82533594670008
 20
-23.2823654563
 30
0.0
 11
52.74960371509997
 21
-23.32624349139996
 31
0.0
  0
LINE
  5
2956
330
27FF
100
AcDbEntity
  8
0
  6
Continuous
 62
     7
370
    25
100
AcDbLine
 10
52.82533396999997
 20
-24.69347784019999
 30
0.0
 11
52.74960371509997
 21
-24.73735460249998
 31
0.0
  0
LINE
  5
2957
330
27FF
100
AcDbEntity
  8
0
  6
Continuous
 62
     7
370
    25
100
AcDbLine
 10
52.8253319936
 20
-26.1045902244
 30
0.0
 11
52.74960371509997
 21
-26.14846571359999
 31
0.0
  0
LINE
  5
2958
330
27FF
100
AcDbEntity
  8
0
  6
Continuous
 62
     7
370
    25
100
AcDbLine
 10
52.82533001749994
 20
-27.51570260889997
 30
0.0
 11
52.74960371509997
 21
-27.5595768247
 31
0.0
  0
LINE
  5
2959
330
27FF
100
AcDbEntity
  8
0
  6
Continuous
 62
     7
370
    25
100
AcDbLine
 10
52.8253280417
 20
-28.92681499369996
 30
0.0
 11
52.74960371509997
 21
-28.97068793579996
 31
0.0
  0
LINE
  5
295A
330
27FF
100
AcDbEntity
  8
0
  6
Continuous
 62
     7
370
    25
100
AcDbLine
 10
52.82532606619998
 20
-30.33792737879998
 30
0.0
 11
52.74960371509997
 21
-30.38179904699996
 31
0.0
  0
LINE
  5
295B
330
27FF
100
AcDbEntity
  8
0
  6
Continuous
 62
     7
370
    25
100
AcDbLine
 10
52.82532409100008
 20
-31.74903976419995
 30
0.0
 11
52.74960371509997
 21
-31.79291015809997
 31
0.0
  0
LINE
  5
295C
330
27FF
100
AcDbEntity
  8
0
  6
Continuous
 62
     7
370
    25
100
AcDbLine
 10
52.82532211619991
 20
-33.1601521499
 30
0.0
 11
52.74960371509997
 21
-33.20402126919998
 31
0.0
  0
LINE
  5
295D
330
27FF
100
AcDbEntity
  8
0
  6
Continuous
 62
     7
370
    25
100
AcDbLine
 10
52.8253201417001
 20
-34.57126453579997
 30
0.0
 11
52.74960371509997
 21
-34.6151323803
 31
0.0
  0
LINE
  5
295E
330
27FF
100
AcDbEntity
  8
0
  6
Continuous
 62
     7
370
    25
100
AcDbLine
 10
62.23981154779995
 20
-2.859349943799998
 30
0.0
 11
62.13740760199994
 21
-2.799999999999955
 31
0.0
  0
LINE
  5
295F
330
27FF
100
AcDbEntity
  8
0
  6
Continuous
 62
     7
370
    25
100
AcDbLine
 10
62.2624999999
 20
-77.33473447109992
 30
0.0
 11
61.18299999989995
 21
-65.90473447109997
 31
0.0
  0
LINE
  5
2960
330
27FF
100
AcDbEntity
  8
0
  6
Continuous
 62
     7
370
    25
100
AcDbLine
 10
53.81699999989996
 20
-65.90473447109997
 30
0.0
 11
52.73749999989991
 21
-77.33473447109992
 31
0.0
  0
LINE
  5
2961
330
27FF
100
AcDbEntity
  8
0
  6
Continuous
 62
     7
370
    25
100
AcDbLine
 10
52.73749999989991
 20
-77.33473447109992
 30
0.0
 11
52.73749999989991
 21
-79.8747344711
 31
0.0
  0
LINE
  5
2962
330
27FF
100
AcDbEntity
  8
0
  6
Continuous
 62
     7
370
    25
100
AcDbLine
 10
62.2624999999
 20
-79.8747344711
 30
0.0
 11
62.2624999999
 21
-77.33473447109992
 31
0.0
  0
LINE
  5
2963
330
27FF
100
AcDbEntity
  8
0
  6
Continuous
 62
     7
370
    25
100
AcDbLine
 10
61.49870811210008
 20
14.50364275510003
 30
0.0
 11
61.49870811210008
 21
14.67006092610001
 31
0.0
  0
LINE
  5
2964
330
27FF
100
AcDbEntity
  8
0
  6
Continuous
 62
     7
370
    25
100
AcDbLine
 10
53.5012918857999
 20
13.96450530610002
 30
0.0
 11
53.5012918857999
 21
13.7881164172
 31
0.0
  0
LINE
  5
2965
330
27FF
100
AcDbEntity
  8
0
  6
Continuous
 62
     7
370
    25
100
AcDbLine
 10
-62.26250000010009
 20
-34.63172967229997
 30
0.0
 11
-62.26250000010009
 21
-55.31852556459995
 31
0.0
  0
LINE
  5
2966
330
27FF
100
AcDbEntity
  8
0
  6
Continuous
 62
     7
370
    25
100
AcDbLine
 10
-62.26250000010009
 20
-33.22061856119996
 30
0.0
 11
-62.26250000010009
 21
-33.57351648469995
 31
0.0
  0
LINE
  5
2967
330
27FF
100
AcDbEntity
  8
0
  6
Continuous
 62
     7
370
    25
100
AcDbLine
 10
-62.26250000010009
 20
-31.80950744999996
 30
0.0
 11
-62.26250000010009
 21
-32.1624053736
 31
0.0
  0
LINE
  5
2968
330
27FF
100
AcDbEntity
  8
0
  6
Continuous
 62
     7
370
    25
100
AcDbLine
 10
-62.26250000010009
 20
-30.3983963389
 30
0.0
 11
-62.26250000010009
 21
-30.75129426249998
 31
0.0
  0
LINE
  5
2969
330
27FF
100
AcDbEntity
  8
0
  6
Continuous
 62
     7
370
    25
100
AcDbLine
 10
-62.26250000010009
 20
-28.98728522779999
 30
0.0
 11
-62.26250000010009
 21
-29.34018315139997
 31
0.0
  0
LINE
  5
296A
330
27FF
100
AcDbEntity
  8
0
  6
Continuous
 62
     7
370
    25
100
AcDbLine
 10
-62.26250000010009
 20
-27.57617411669997
 30
0.0
 11
-62.26250000010009
 21
-27.92907204029996
 31
0.0
  0
LINE
  5
296B
330
27FF
100
AcDbEntity
  8
0
  6
Continuous
 62
     7
370
    25
100
AcDbLine
 10
-62.26250000010009
 20
-26.16506300559996
 30
0.0
 11
-62.26250000010009
 21
-26.5179609292
 31
0.0
  0
LINE
  5
296C
330
27FF
100
AcDbEntity
  8
0
  6
Continuous
 62
     7
370
    25
100
AcDbLine
 10
-62.26250000010009
 20
-24.75395189449995
 30
0.0
 11
-62.26250000010009
 21
-25.10684981809999
 31
0.0
  0
LINE
  5
296D
330
27FF
100
AcDbEntity
  8
0
  6
Continuous
 62
     7
370
    25
100
AcDbLine
 10
-62.26250000010009
 20
-23.34284078339999
 30
0.0
 11
-62.26250000010009
 21
-23.69573870699998
 31
0.0
  0
LINE
  5
296E
330
27FF
100
AcDbEntity
  8
0
  6
Continuous
 62
     7
370
    25
100
AcDbLine
 10
-62.26250000010009
 20
-21.93172967229998
 30
0.0
 11
-62.26250000010009
 21
-22.28462759589996
 31
0.0
  0
LINE
  5
296F
330
27FF
100
AcDbEntity
  8
0
  6
Continuous
 62
     7
370
    25
100
AcDbLine
 10
-62.26250000010009
 20
-20.52061856119997
 30
0.0
 11
-62.26250000010009
 21
-20.87351648469996
 31
0.0
  0
LINE
  5
2970
330
27FF
100
AcDbEntity
  8
0
  6
Continuous
 62
     7
370
    25
100
AcDbLine
 10
-62.26250000010009
 20
-19.10950744999997
 30
0.0
 11
-62.26250000010009
 21
-19.46240537359995
 31
0.0
  0
LINE
  5
2971
330
27FF
100
AcDbEntity
  8
0
  6
Continuous
 62
     7
370
    25
100
AcDbLine
 10
-62.26250000010009
 20
-17.69839633889995
 30
0.0
 11
-62.26250000010009
 21
-18.05129426249999
 31
0.0
  0
LINE
  5
2972
330
27FF
100
AcDbEntity
  8
0
  6
Continuous
 62
     7
370
    25
100
AcDbLine
 10
-62.26250000010009
 20
-16.2872852278
 30
0.0
 11
-62.26250000010009
 21
-16.64018315139998
 31
0.0
  0
LINE
  5
2973
330
27FF
100
AcDbEntity
  8
0
  6
Continuous
 62
     7
370
    25
100
AcDbLine
 10
-62.26250000010009
 20
-14.87617411669999
 30
0.0
 11
-62.26250000010009
 21
-15.22907204029997
 31
0.0
  0
LINE
  5
2974
330
27FF
100
AcDbEntity
  8
0
  6
Continuous
 62
     7
370
    25
100
AcDbLine
 10
-62.26250000010009
 20
-13.46506300559997
 30
0.0
 11
-62.26250000010009
 21
-13.81796092919996
 31
0.0
  0
LINE
  5
2975
330
27FF
100
AcDbEntity
  8
0
  6
Continuous
 62
     7
370
    25
100
AcDbLine
 10
-62.26250000010009
 20
-12.05395189449996
 30
0.0
 11
-62.26250000010009
 21
-12.4068498181
 31
0.0
  0
LINE
  5
2976
330
27FF
100
AcDbEntity
  8
0
  6
Continuous
 62
     7
370
    25
100
AcDbLine
 10
-62.26250000010009
 20
-10.64284078339995
 30
0.0
 11
-62.26250000010009
 21
-10.99573870699999
 31
0.0
  0
LINE
  5
2977
330
27FF
100
AcDbEntity
  8
0
  6
Continuous
 62
     7
370
    25
100
AcDbLine
 10
-62.26250000010009
 20
-9.231729672299991
 30
0.0
 11
-62.26250000010009
 21
-9.584627595899974
 31
0.0
  0
LINE
  5
2978
330
27FF
100
AcDbEntity
  8
0
  6
Continuous
 62
     7
370
    25
100
AcDbLine
 10
-62.26250000010009
 20
-7.820618561199979
 30
0.0
 11
-62.26250000010009
 21
-8.173516484699974
 31
0.0
  0
LINE
  5
2979
330
27FF
100
AcDbEntity
  8
0
  6
Continuous
 62
     7
370
    25
100
AcDbLine
 10
-62.26250000010009
 20
-6.409507449999978
 30
0.0
 11
-62.26250000010009
 21
-6.762405373599961
 31
0.0
  0
LINE
  5
297A
330
27FF
100
AcDbEntity
  8
0
  6
Continuous
 62
     7
370
    25
100
AcDbLine
 10
-62.26250000010009
 20
-4.998396338899965
 30
0.0
 11
-62.26250000010009
 21
-5.351294262499948
 31
0.0
  0
LINE
  5
297B
330
27FF
100
AcDbEntity
  8
0
  6
Continuous
 62
     7
370
    25
100
AcDbLine
 10
-62.26250000010009
 20
-3.587285227799953
 30
0.0
 11
-62.26250000010009
 21
-3.940183151399992
 31
0.0
  0
LINE
  5
297C
330
27FF
100
AcDbEntity
  8
0
  6
Continuous
 62
     7
370
    25
100
AcDbLine
 10
-62.26250000010009
 20
11.9349369944
 30
0.0
 11
-62.26250000010009
 21
11.87200000000001
 31
0.0
  0
LINE
  5
297D
330
27FF
100
AcDbEntity
  8
0
  6
Continuous
 62
     7
370
    25
100
AcDbLine
 10
-62.26250000010009
 20
13.34604810550002
 30
0.0
 11
-62.26250000010009
 21
12.99315018190003
 31
0.0
  0
LINE
  5
297E
330
27FF
100
AcDbEntity
  8
0
  6
Continuous
 62
     7
370
    25
100
AcDbLine
 10
-52.7375000001
 20
13.69856814680003
 30
0.0
 11
-52.7375000001
 21
14.05144525870003
 31
0.0
  0
LINE
  5
297F
330
27FF
100
AcDbEntity
  8
0
  6
Continuous
 62
     7
370
    25
100
AcDbLine
 10
-52.7375000001
 20
12.28745703570002
 30
0.0
 11
-52.7375000001
 21
12.64033414750003
 31
0.0
  0
LINE
  5
2980
330
27FF
100
AcDbEntity
  8
0
  6
Continuous
 62
     7
370
    25
100
AcDbLine
 10
-52.7375000001
 20
-3.234765186499999
 30
0.0
 11
-52.7375000001
 21
-2.881888074699987
 31
0.0
  0
LINE
  5
2981
330
27FF
100
AcDbEntity
  8
0
  6
Continuous
 62
     7
370
    25
100
AcDbLine
 10
-52.7375000001
 20
-4.645876297599955
 30
0.0
 11
-52.7375000001
 21
-4.292999185799999
 31
0.0
  0
LINE
  5
2982
330
27FF
100
AcDbEntity
  8
0
  6
Continuous
 62
     7
370
    25
100
AcDbLine
 10
-52.7375000001
 20
-6.056987408699968
 30
0.0
 11
-52.7375000001
 21
-5.704110296899955
 31
0.0
  0
LINE
  5
2983
330
27FF
100
AcDbEntity
  8
0
  6
Continuous
 62
     7
370
    25
100
AcDbLine
 10
-52.7375000001
 20
-7.468098519899968
 30
0.0
 11
-52.7375000001
 21
-7.115221407999968
 31
0.0
  0
LINE
  5
2984
330
27FF
100
AcDbEntity
  8
0
  6
Continuous
 62
     7
370
    25
100
AcDbLine
 10
-52.7375000001
 20
-8.87920963099998
 30
0.0
 11
-52.7375000001
 21
-8.52633251909998
 31
0.0
  0
LINE
  5
2985
330
27FF
100
AcDbEntity
  8
0
  6
Continuous
 62
     7
370
    25
100
AcDbLine
 10
-52.7375000001
 20
-10.29032074209999
 30
0.0
 11
-52.7375000001
 21
-9.937443630199994
 31
0.0
  0
LINE
  5
2986
330
27FF
100
AcDbEntity
  8
0
  6
Continuous
 62
     7
370
    25
100
AcDbLine
 10
-52.7375000001
 20
-11.70143185319995
 30
0.0
 11
-52.7375000001
 21
-11.34855474129995
 31
0.0
  0
LINE
  5
2987
330
27FF
100
AcDbEntity
  8
0
  6
Continuous
 62
     7
370
    25
100
AcDbLine
 10
-52.7375000001
 20
-13.11254296429996
 30
0.0
 11
-52.7375000001
 21
-12.75966585249995
 31
0.0
  0
LINE
  5
2988
330
27FF
100
AcDbEntity
  8
0
  6
Continuous
 62
     7
370
    25
100
AcDbLine
 10
-52.7375000001
 20
-14.52365407539997
 30
0.0
 11
-52.7375000001
 21
-14.17077696359996
 31
0.0
  0
LINE
  5
2989
330
27FF
100
AcDbEntity
  8
0
  6
Continuous
 62
     7
370
    25
100
AcDbLine
 10
-52.7375000001
 20
-15.93476518649999
 30
0.0
 11
-52.7375000001
 21
-15.58188807469998
 31
0.0
  0
LINE
  5
298A
330
27FF
100
AcDbEntity
  8
0
  6
Continuous
 62
     7
370
    25
100
AcDbLine
 10
-52.7375000001
 20
-17.3458762976
 30
0.0
 11
-52.7375000001
 21
-16.99299918579999
 31
0.0
  0
LINE
  5
298B
330
27FF
100
AcDbEntity
  8
0
  6
Continuous
 62
     7
370
    25
100
AcDbLine
 10
-52.7375000001
 20
-18.75698740869996
 30
0.0
 11
-52.7375000001
 21
-18.4041102969
 31
0.0
  0
LINE
  5
298C
330
27FF
100
AcDbEntity
  8
0
  6
Continuous
 62
     7
370
    25
100
AcDbLine
 10
-52.7375000001
 20
-20.16809851989996
 30
0.0
 11
-52.7375000001
 21
-19.81522140799996
 31
0.0
  0
LINE
  5
298D
330
27FF
100
AcDbEntity
  8
0
  6
Continuous
 62
     7
370
    25
100
AcDbLine
 10
-52.7375000001
 20
-21.57920963099997
 30
0.0
 11
-52.7375000001
 21
-21.22633251909997
 31
0.0
  0
LINE
  5
298E
330
27FF
100
AcDbEntity
  8
0
  6
Continuous
 62
     7
370
    25
100
AcDbLine
 10
-52.7375000001
 20
-22.99032074209998
 30
0.0
 11
-52.7375000001
 21
-22.63744363019998
 31
0.0
  0
LINE
  5
298F
330
27FF
100
AcDbEntity
  8
0
  6
Continuous
 62
     7
370
    25
100
AcDbLine
 10
-52.7375000001
 20
-24.40143185319999
 30
0.0
 11
-52.7375000001
 21
-24.04855474129999
 31
0.0
  0
LINE
  5
2990
330
27FF
100
AcDbEntity
  8
0
  6
Continuous
 62
     7
370
    25
100
AcDbLine
 10
-52.7375000001
 20
-25.81254296429995
 30
0.0
 11
-52.7375000001
 21
-25.4596658525
 31
0.0
  0
LINE
  5
2991
330
27FF
100
AcDbEntity
  8
0
  6
Continuous
 62
     7
370
    25
100
AcDbLine
 10
-52.7375000001
 20
-27.22365407539996
 30
0.0
 11
-52.7375000001
 21
-26.87077696359995
 31
0.0
  0
LINE
  5
2992
330
27FF
100
AcDbEntity
  8
0
  6
Continuous
 62
     7
370
    25
100
AcDbLine
 10
-52.7375000001
 20
-28.63476518649998
 30
0.0
 11
-52.7375000001
 21
-28.28188807469996
 31
0.0
  0
LINE
  5
2993
330
27FF
100
AcDbEntity
  8
0
  6
Continuous
 62
     7
370
    25
100
AcDbLine
 10
-52.7375000001
 20
-30.04587629759999
 30
0.0
 11
-52.7375000001
 21
-29.69299918579998
 31
0.0
  0
LINE
  5
2994
330
27FF
100
AcDbEntity
  8
0
  6
Continuous
 62
     7
370
    25
100
AcDbLine
 10
-52.7375000001
 20
-31.4569874087
 30
0.0
 11
-52.7375000001
 21
-31.10411029689999
 31
0.0
  0
LINE
  5
2995
330
27FF
100
AcDbEntity
  8
0
  6
Continuous
 62
     7
370
    25
100
AcDbLine
 10
-52.7375000001
 20
-32.8680985199
 30
0.0
 11
-52.7375000001
 21
-32.515221408
 31
0.0
  0
LINE
  5
2996
330
27FF
100
AcDbEntity
  8
0
  6
Continuous
 62
     7
370
    25
100
AcDbLine
 10
-52.7375000001
 20
-34.27920963099996
 30
0.0
 11
-52.7375000001
 21
-33.92633251909996
 31
0.0
  0
LINE
  5
2997
330
27FF
100
AcDbEntity
  8
0
  6
Continuous
 62
     7
370
    25
100
AcDbLine
 10
-52.7375000001
 20
-55.31852556459995
 30
0.0
 11
-52.7375000001
 21
-35.33744363019997
 31
0.0
  0
LINE
  5
2998
330
27FF
100
AcDbEntity
  8
0
  6
Continuous
 62
     7
370
    25
100
AcDbLine
 10
-53.38876270409992
 20
14.77851345090005
 30
0.0
 11
-54.14640929439997
 21
15.3752655289
 31
0.0
  0
LINE
  5
2999
330
27FF
100
AcDbEntity
  8
0
  6
Continuous
 62
     7
370
    25
100
AcDbLine
 10
-60.85359070580012
 20
15.3752655289
 30
0.0
 11
-62.15031887889995
 21
14.35391171860005
 31
0.0
  0
LINE
  5
299A
330
27FF
100
AcDbEntity
  8
0
  6
Continuous
 62
     7
370
    25
100
AcDbLine
 10
-62.17461453319993
 20
11.99544404850002
 30
0.0
 11
-62.25039628490003
 21
11.95153428640003
 31
0.0
  0
LINE
  5
299B
330
27FF
100
AcDbEntity
  8
0
  6
Continuous
 62
     7
370
    25
100
AcDbLine
 10
-62.17463634609999
 20
-3.526792111399971
 30
0.0
 11
-62.25039628490003
 21
-3.570687935799981
 31
0.0
  0
LINE
  5
299C
330
27FF
100
AcDbEntity
  8
0
  6
Continuous
 62
     7
370
    25
100
AcDbLine
 10
-62.17463832730004
 20
-4.937904491300003
 30
0.0
 11
-62.25039628490003
 21
-4.981799046999981
 31
0.0
  0
LINE
  5
299D
330
27FF
100
AcDbEntity
  8
0
  6
Continuous
 62
     7
370
    25
100
AcDbLine
 10
-62.17464030809992
 20
-6.349016871499998
 30
0.0
 11
-62.25039628490003
 21
-6.392910158099994
 31
0.0
  0
LINE
  5
299E
330
27FF
100
AcDbEntity
  8
0
  6
Continuous
 62
     7
370
    25
100
AcDbLine
 10
-62.17464228850008
 20
-7.760129251999956
 30
0.0
 11
-62.25039628490003
 21
-7.80402126919995
 31
0.0
  0
LINE
  5
299F
330
27FF
100
AcDbEntity
  8
0
  6
Continuous
 62
     7
370
    25
100
AcDbLine
 10
-62.17464426869992
 20
-9.171241632700003
 30
0.0
 11
-62.25039628490003
 21
-9.215132380299963
 31
0.0
  0
LINE
  5
29A0
330
27FF
100
AcDbEntity
  8
0
  6
Continuous
 62
     7
370
    25
100
AcDbLine
 10
-62.17464624860008
 20
-10.5823540138
 30
0.0
 11
-62.25039628490003
 21
-10.62624349139998
 31
0.0
  0
LINE
  5
29A1
330
27FF
100
AcDbEntity
  8
0
  6
Continuous
 62
     7
370
    25
100
AcDbLine
 10
-62.17464822810007
 20
-11.99346639509997
 30
0.0
 11
-62.25039628490003
 21
-12.03735460249999
 31
0.0
  0
LINE
  5
29A2
330
27FF
100
AcDbEntity
  8
0
  6
Continuous
 62
     7
370
    25
100
AcDbLine
 10
-62.17465020739996
 20
-13.40457877679995
 30
0.0
 11
-62.25039628490003
 21
-13.4484657136
 31
0.0
  0
LINE
  5
29A3
330
27FF
100
AcDbEntity
  8
0
  6
Continuous
 62
     7
370
    25
100
AcDbLine
 10
-62.17465218629991
 20
-14.81569115869996
 30
0.0
 11
-62.25039628490003
 21
-14.85957682469996
 31
0.0
  0
LINE
  5
29A4
330
27FF
100
AcDbEntity
  8
0
  6
Continuous
 62
     7
370
    25
100
AcDbLine
 10
-62.17465416489995
 20
-16.22680354089999
 30
0.0
 11
-62.25039628490003
 21
-16.27068793579997
 31
0.0
  0
LINE
  5
29A5
330
27FF
100
AcDbEntity
  8
0
  6
Continuous
 62
     7
370
    25
100
AcDbLine
 10
-62.17465614320008
 20
-17.63791592339999
 30
0.0
 11
-62.25039628490003
 21
-17.68179904699997
 31
0.0
  0
LINE
  5
29A6
330
27FF
100
AcDbEntity
  8
0
  6
Continuous
 62
     7
370
    25
100
AcDbLine
 10
-62.17465812120008
 20
-19.0490283062
 30
0.0
 11
-62.25039628490003
 21
-19.09291015809998
 31
0.0
  0
LINE
  5
29A7
330
27FF
100
AcDbEntity
  8
0
  6
Continuous
 62
     7
370
    25
100
AcDbLine
 10
-62.17466009889995
 20
-20.46014068919999
 30
0.0
 11
-62.25039628490003
 21
-20.5040212692
 31
0.0
  0
LINE
  5
29A8
330
27FF
100
AcDbEntity
  8
0
  6
Continuous
 62
     7
370
    25
100
AcDbLine
 10
-62.17466207620009
 20
-21.87125307259998
 30
0.0
 11
-62.25039628490003
 21
-21.91513238029995
 31
0.0
  0
LINE
  5
29A9
330
27FF
100
AcDbEntity
  8
0
  6
Continuous
 62
     7
370
    25
100
AcDbLine
 10
-62.17466405329992
 20
-23.2823654563
 30
0.0
 11
-62.25039628490003
 21
-23.32624349139996
 31
0.0
  0
LINE
  5
29AA
330
27FF
100
AcDbEntity
  8
0
  6
Continuous
 62
     7
370
    25
100
AcDbLine
 10
-62.17466603000003
 20
-24.69347784019999
 30
0.0
 11
-62.25039628490003
 21
-24.73735460249998
 31
0.0
  0
LINE
  5
29AB
330
27FF
100
AcDbEntity
  8
0
  6
Continuous
 62
     7
370
    25
100
AcDbLine
 10
-62.1746680064
 20
-26.1045902244
 30
0.0
 11
-62.25039628490003
 21
-26.14846571359999
 31
0.0
  0
LINE
  5
29AC
330
27FF
100
AcDbEntity
  8
0
  6
Continuous
 62
     7
370
    25
100
AcDbLine
 10
-62.17466998250006
 20
-27.51570260889997
 30
0.0
 11
-62.25039628490003
 21
-27.5595768247
 31
0.0
  0
LINE
  5
29AD
330
27FF
100
AcDbEntity
  8
0
  6
Continuous
 62
     7
370
    25
100
AcDbLine
 10
-62.1746719583
 20
-28.92681499369996
 30
0.0
 11
-62.25039628490003
 21
-28.97068793579996
 31
0.0
  0
LINE
  5
29AE
330
27FF
100
AcDbEntity
  8
0
  6
Continuous
 62
     7
370
    25
100
AcDbLine
 10
-62.17467393380002
 20
-30.33792737879998
 30
0.0
 11
-62.25039628490003
 21
-30.38179904699996
 31
0.0
  0
LINE
  5
29AF
330
27FF
100
AcDbEntity
  8
0
  6
Continuous
 62
     7
370
    25
100
AcDbLine
 10
-62.17467590899992
 20
-31.74903976419995
 30
0.0
 11
-62.25039628490003
 21
-31.79291015809997
 31
0.0
  0
LINE
  5
29B0
330
27FF
100
AcDbEntity
  8
0
  6
Continuous
 62
     7
370
    25
100
AcDbLine
 10
-62.17467788380009
 20
-33.1601521499
 30
0.0
 11
-62.25039628490003
 21
-33.20402126919998
 31
0.0
  0
LINE
  5
29B1
330
27FF
100
AcDbEntity
  8
0
  6
Continuous
 62
     7
370
    25
100
AcDbLine
 10
-62.1746798582999
 20
-34.57126453579997
 30
0.0
 11
-62.25039628490003
 21
-34.6151323803
 31
0.0
  0
LINE
  5
29B2
330
27FF
100
AcDbEntity
  8
0
  6
Continuous
 62
     7
370
    25
100
AcDbLine
 10
-52.76018845220005
 20
-2.859349943799998
 30
0.0
 11
-52.86259239800006
 21
-2.799999999999955
 31
0.0
  0
LINE
  5
29B3
330
27FF
100
AcDbEntity
  8
0
  6
Continuous
 62
     7
370
    25
100
AcDbLine
 10
-62.26250000010009
 20
-77.33473447109992
 30
0.0
 11
-62.26250000010009
 21
-79.8747344711
 31
0.0
  0
LINE
  5
29B4
330
27FF
100
AcDbEntity
  8
0
  6
Continuous
 62
     7
370
    25
100
AcDbLine
 10
-52.7375000001
 20
-79.8747344711
 30
0.0
 11
-52.7375000001
 21
-77.33473447109992
 31
0.0
  0
LINE
  5
29B5
330
27FF
100
AcDbEntity
  8
0
  6
Continuous
 62
     7
370
    25
100
AcDbLine
 10
-52.7375000001
 20
-77.33473447109992
 30
0.0
 11
-53.81700000010005
 21
-65.90473447109997
 31
0.0
  0
LINE
  5
29B6
330
27FF
100
AcDbEntity
  8
0
  6
Continuous
 62
     7
370
    25
100
AcDbLine
 10
-61.18300000010004
 20
-65.90473447109997
 30
0.0
 11
-62.26250000010009
 21
-77.33473447109992
 31
0.0
  0
LINE
  5
29B7
330
27FF
100
AcDbEntity
  8
0
  6
Continuous
 62
     7
370
    25
100
AcDbLine
 10
-53.50129188789992
 20
14.50364275510003
 30
0.0
 11
-53.50129188789992
 21
14.67006092610001
 31
0.0
  0
LINE
  5
29B8
330
27FF
100
AcDbEntity
  8
0
  6
Continuous
 62
     7
370
    25
100
AcDbLine
 10
-61.4987081142001
 20
13.96450530610002
 30
0.0
 11
-61.4987081142001
 21
13.7881164172
 31
0.0
  0
LINE
  5
29B9
330
27FF
100
AcDbEntity
  8
0
  6
Continuous
 62
     7
370
    25
100
AcDbLine
 10
-40.00000000010004
 20
1004.76
 30
0.0
 11
-40.00000000010004
 21
104.76
 31
0.0
  0
LINE
  5
29BA
330
27FF
100
AcDbEntity
  8
0
  6
Continuous
 62
     7
370
    25
100
AcDbLine
 10
39.99999999989996
 20
1004.76
 30
0.0
 11
39.99999999989996
 21
104.76
 31
0.0
  0
LINE
  5
29BB
330
27FF
100
AcDbEntity
  8
0
  6
Continuous
 62
     7
370
    25
100
AcDbLine
 10
72.5
 20
-2.799999999999955
 30
0.0
 11
72.5
 21
4.760000000000048
 31
0.0
  0
LINE
  5
29BC
330
27FF
100
AcDbEntity
  8
0
  6
Continuous
 62
     7
370
    25
100
AcDbLine
 10
-77.5
 20
-1.399999999999977
 30
0.0
 11
77.5
 21
-1.399999999999977
 31
0.0
  0
LINE
  5
29BD
330
27FF
100
AcDbEntity
  8
0
  6
Continuous
 62
     7
370
    25
100
AcDbLine
 10
-72.5
 20
-2.799999999999955
 30
0.0
 11
-72.5
 21
4.760000000000048
 31
0.0
  0
LINE
  5
29BE
330
27FF
100
AcDbEntity
  8
0
  6
Continuous
 62
     7
370
    25
100
AcDbLine
 10
-77.5
 20
0.0
 30
0.0
 11
77.5
 21
0.0
 31
0.0
  0
LINE
  5
29BF
330
27FF
100
AcDbEntity
  8
0
  6
Continuous
 62
     7
370
    25
100
AcDbLine
 10
-77.5
 20
-2.799999999999955
 30
0.0
 11
-77.5
 21
4.760000000000048
 31
0.0
  0
LINE
  5
29C0
330
27FF
100
AcDbEntity
  8
0
  6
Continuous
 62
     7
370
    25
100
AcDbLine
 10
77.5
 20
-2.799999999999955
 30
0.0
 11
77.5
 21
4.760000000000048
 31
0.0
  0
LINE
  5
29C1
330
27FF
100
AcDbEntity
  8
0
  6
Continuous
 62
     7
370
    25
100
AcDbLine
 10
-77.5
 20
-2.799999999999955
 30
0.0
 11
77.5
 21
-2.799999999999955
 31
0.0
  0
LINE
  5
29C2
330
27FF
100
AcDbEntity
  8
0
  6
Continuous
 62
     7
370
    25
100
AcDbLine
 10
39.0
 20
4.760000000000048
 30
0.0
 11
39.0
 21
104.76
 31
0.0
  0
LINE
  5
29C3
330
27FF
100
AcDbEntity
  8
0
  6
Continuous
 62
     7
370
    25
100
AcDbLine
 10
-39.0
 20
4.760000000000048
 30
0.0
 11
-39.0
 21
104.76
 31
0.0
  0
LINE
  5
29C4
330
27FF
100
AcDbEntity
  8
0
  6
Continuous
 62
     7
370
    25
100
AcDbLine
 10
44.65000000000009
 20
104.76
 30
0.0
 11
-44.65000000000009
 21
104.76
 31
0.0
  0
LINE
  5
29C5
330
27FF
100
AcDbEntity
  8
0
  6
Continuous
 62
     7
370
    25
100
AcDbLine
 10
44.65000000000009
 20
4.760000000000048
 30
0.0
 11
44.65000000000009
 21
104.76
 31
0.0
  0
LINE
  5
29C6
330
27FF
100
AcDbEntity
  8
0
  6
Continuous
 62
     7
370
    25
100
AcDbLine
 10
-44.65000000000009
 20
4.760000000000048
 30
0.0
 11
-44.65000000000009
 21
104.76
 31
0.0
  0
LINE
  5
29C7
330
27FF
100
AcDbEntity
  8
0
  6
Continuous
 62
     7
370
    25
100
AcDbLine
 10
-77.5
 20
4.760000000000048
 30
0.0
 11
77.5
 21
4.760000000000048
 31
0.0
  0
LINE
  5
29C8
330
27FF
100
AcDbEntity
  8
0
  6
Continuous
 62
     7
370
    25
100
AcDbLine
 10
-26.50925001540008
 20
24.75582448280005
 30
0.0
 11
-23.00256595010001
 21
23.68624503290005
 31
0.0
  0
LINE
  5
29C9
330
27FF
100
AcDbEntity
  8
0
  6
Continuous
 62
     7
370
    25
100
AcDbLine
 10
-14.13663186960002
 20
27.62084110020004
 30
0.0
 11
-14.9636909272001
 21
31.19250830870004
 31
0.0
  0
LINE
  5
29CA
330
27FF
100
AcDbEntity
  8
0
  6
Continuous
 62
     7
370
    25
100
AcDbLine
 10
-15.79074998479996
 20
34.76417551720004
 30
0.0
 11
-19.29743405010004
 21
35.83375496720004
 31
0.0
  0
LINE
  5
29CB
330
27FF
100
AcDbEntity
  8
0
  6
Continuous
 62
     7
370
    25
100
AcDbLine
 10
-28.16336813060002
 20
31.89915889990004
 30
0.0
 11
-27.33630907299994
 21
28.32749169140004
 31
0.0
  0
LINE
  5
29CC
330
27FF
100
AcDbEntity
  8
0
  6
Continuous
 62
     7
370
    25
100
AcDbLine
 10
16.7907499846001
 20
24.75582448280005
 30
0.0
 11
20.29743404989995
 21
23.68624503290005
 31
0.0
  0
LINE
  5
29CD
330
27FF
100
AcDbEntity
  8
0
  6
Continuous
 62
     7
370
    25
100
AcDbLine
 10
15.13663186939993
 20
31.89915889990004
 30
0.0
 11
15.96369092700002
 21
28.32749169140004
 31
0.0
  0
LINE
  5
29CE
330
27FF
100
AcDbEntity
  8
0
  6
Continuous
 62
     7
370
    25
100
AcDbLine
 10
27.5092500152
 20
34.76417551720004
 30
0.0
 11
24.00256594989992
 21
35.83375496720004
 31
0.0
  0
LINE
  5
29CF
330
27FF
100
AcDbEntity
  8
0
  6
Continuous
 62
     7
370
    25
100
AcDbLine
 10
29.16336813039993
 20
27.62084110020004
 30
0.0
 11
28.33630907280008
 21
31.19250830870004
 31
0.0
  0
LINE
  5
29D0
330
27FF
100
AcDbEntity
  8
0
  6
Continuous
 62
     7
370
    25
100
AcDbLine
 10
27.5092500152
 20
84.76417551720004
 30
0.0
 11
24.00256594989992
 21
85.83375496720004
 31
0.0
  0
LINE
  5
29D1
330
27FF
100
AcDbEntity
  8
0
  6
Continuous
 62
     7
370
    25
100
AcDbLine
 10
29.16336813039993
 20
77.62084110020004
 30
0.0
 11
28.33630907280008
 21
81.19250830870004
 31
0.0
  0
LINE
  5
29D2
330
27FF
100
AcDbEntity
  8
0
  6
Continuous
 62
     7
370
    25
100
AcDbLine
 10
16.7907499846001
 20
74.75582448280005
 30
0.0
 11
20.29743404989995
 21
73.68624503290005
 31
0.0
  0
LINE
  5
29D3
330
27FF
100
AcDbEntity
  8
0
  6
Continuous
 62
     7
370
    25
100
AcDbLine
 10
15.13663186939993
 20
81.89915889990004
 30
0.0
 11
15.96369092700002
 21
78.32749169140004
 31
0.0
  0
LINE
  5
29D4
330
27FF
100
AcDbEntity
  8
0
  6
Continuous
 62
     7
370
    25
100
AcDbLine
 10
-15.79074998479996
 20
84.76417551720004
 30
0.0
 11
-19.29743405010004
 21
85.83375496720004
 31
0.0
  0
LINE
  5
29D5
330
27FF
100
AcDbEntity
  8
0
  6
Continuous
 62
     7
370
    25
100
AcDbLine
 10
-28.16336813060002
 20
81.89915889990004
 30
0.0
 11
-27.33630907299994
 21
78.32749169140004
 31
0.0
  0
LINE
  5
29D6
330
27FF
100
AcDbEntity
  8
0
  6
Continuous
 62
     7
370
    25
100
AcDbLine
 10
-26.50925001540008
 20
74.75582448280005
 30
0.0
 11
-23.00256595010001
 21
73.68624503290005
 31
0.0
  0
LINE
  5
29D7
330
27FF
100
AcDbEntity
  8
0
  6
Continuous
 62
     7
370
    25
100
AcDbLine
 10
-14.13663186960002
 20
77.62084110020004
 30
0.0
 11
-14.9636909272001
 21
81.19250830870004
 31
0.0
  0
LINE
  5
29D8
330
27FF
100
AcDbEntity
  8
0
  6
Continuous
 62
     7
370
    25
100
AcDbLine
 10
-52.80100000009998
 20
-65.90473447109997
 30
0.0
 11
-62.19900000010011
 21
-65.90473447109997
 31
0.0
  0
LINE
  5
29D9
330
27FF
100
AcDbEntity
  8
0
  6
Continuous
 62
     7
370
    25
100
AcDbLine
 10
62.19899999990002
 20
-65.90473447109997
 30
0.0
 11
52.80099999989989
 21
-65.90473447109997
 31
0.0
  0
LINE
  5
29DA
330
27FF
100
AcDbEntity
  8
0
  6
Continuous
 62
     7
370
    25
100
AcDbLine
 10
47.14949999989994
 20
6.284000000000049
 30
0.0
 11
67.85049999989997
 21
6.284000000000049
 31
0.0
  0
LINE
  5
29DB
330
27FF
100
AcDbEntity
  8
0
  6
Continuous
 62
     7
370
    25
100
AcDbLine
 10
-67.85050000010006
 20
6.284000000000049
 30
0.0
 11
-47.14950000010003
 21
6.284000000000049
 31
0.0
  0
LINE
  5
29DC
330
27FF
100
AcDbEntity
  8
0
  6
Continuous
 62
     7
370
    25
100
AcDbLine
 10
-51.08114922270011
 20
6.799336153900015
 30
0.0
 11
-54.9292928970001
 21
6.284000000000049
 31
0.0
  0
LINE
  5
29DD
330
27FF
100
AcDbEntity
  8
0
  6
Continuous
 62
     7
370
    25
100
AcDbLine
 10
-54.9292928970001
 20
6.284000000000049
 30
0.0
 11
-58.77743652210006
 21
6.799336153900015
 31
0.0
  0
LINE
  5
29DE
330
27FF
100
AcDbEntity
  8
0
  6
Continuous
 62
     7
370
    25
100
AcDbLine
 10
-58.77743652210006
 20
6.799336153900015
 30
0.0
 11
-58.77743652210006
 21
11.35666384620004
 31
0.0
  0
LINE
  5
29DF
330
27FF
100
AcDbEntity
  8
0
  6
Continuous
 62
     7
370
    25
100
AcDbLine
 10
-54.9292928970001
 20
11.87200000000001
 30
0.0
 11
-58.77743652210006
 21
11.35666384620004
 31
0.0
  0
LINE
  5
29E0
330
27FF
100
AcDbEntity
  8
0
  6
Continuous
 62
     7
370
    25
100
AcDbLine
 10
-51.08114922270011
 20
11.35666384620004
 30
0.0
 11
-54.9292928970001
 21
11.87200000000001
 31
0.0
  0
LINE
  5
29E1
330
27FF
100
AcDbEntity
  8
0
  6
Continuous
 62
     7
370
    25
100
AcDbLine
 10
-51.08114922270011
 20
6.799336153900015
 30
0.0
 11
-51.08114922270011
 21
11.35666384620004
 31
0.0
  0
LINE
  5
29E2
330
27FF
100
AcDbEntity
  8
0
  6
Continuous
 62
     7
370
    25
100
AcDbLine
 10
-58.77743652210006
 20
11.35666384620004
 30
0.0
 11
-61.98686194950005
 21
11.87200000000001
 31
0.0
  0
LINE
  5
29E3
330
27FF
100
AcDbEntity
  8
0
  6
Continuous
 62
     7
370
    25
100
AcDbLine
 10
-64.6415907206001
 20
11.87200000000001
 30
0.0
 11
-50.44243094760009
 21
11.87200000000001
 31
0.0
  0
LINE
  5
29E4
330
27FF
100
AcDbEntity
  8
0
  6
Continuous
 62
     7
370
    25
100
AcDbLine
 10
-58.77743652210006
 20
6.799336153900015
 30
0.0
 11
-61.98686194950005
 21
6.284000000000049
 31
0.0
  0
LINE
  5
29E5
330
27FF
100
AcDbEntity
  8
0
  6
Continuous
 62
     7
370
    25
100
AcDbLine
 10
-61.98686194950005
 20
6.284000000000049
 30
0.0
 11
-65.19628729939996
 21
6.799336153900015
 31
0.0
  0
LINE
  5
29E6
330
27FF
100
AcDbEntity
  8
0
  6
Continuous
 62
     7
370
    25
100
AcDbLine
 10
-65.19628729939996
 20
6.799336153900015
 30
0.0
 11
-65.19628729939996
 21
11.35666384620004
 31
0.0
  0
LINE
  5
29E7
330
27FF
100
AcDbEntity
  8
0
  6
Continuous
 62
     7
370
    25
100
AcDbLine
 10
-61.98686194950005
 20
11.87200000000001
 30
0.0
 11
-65.19628729939996
 21
11.35666384620004
 31
0.0
  0
LINE
  5
29E8
330
27FF
100
AcDbEntity
  8
0
  6
Continuous
 62
     7
370
    25
100
AcDbLine
 10
-50.44243094760009
 20
11.87200000000001
 30
0.0
 11
-51.08114922270011
 21
11.35666384620004
 31
0.0
  0
LINE
  5
29E9
330
27FF
100
AcDbEntity
  8
0
  6
Continuous
 62
     7
370
    25
100
AcDbLine
 10
-50.44243094760009
 20
6.284000000000049
 30
0.0
 11
-51.08114922270011
 21
6.799336153900015
 31
0.0
  0
LINE
  5
29EA
330
27FF
100
AcDbEntity
  8
0
  6
Continuous
 62
     7
370
    25
100
AcDbLine
 10
-65.19628729939996
 20
6.799336153900015
 30
0.0
 11
-64.5575690526
 21
6.284000000000049
 31
0.0
  0
LINE
  5
29EB
330
27FF
100
AcDbEntity
  8
0
  6
Continuous
 62
     7
370
    25
100
AcDbLine
 10
-65.19628729939996
 20
11.35666384620004
 30
0.0
 11
-64.5575690526
 21
11.87200000000001
 31
0.0
  0
LINE
  5
29EC
330
27FF
100
AcDbEntity
  8
0
  6
Continuous
 62
     7
370
    25
100
AcDbLine
 10
-49.8037126756999
 20
6.799336161400049
 30
0.0
 11
-50.44243094760009
 21
6.284000000000049
 31
0.0
  0
LINE
  5
29ED
330
27FF
100
AcDbEntity
  8
0
  6
Continuous
 62
     7
370
    25
100
AcDbLine
 10
-49.8037126756999
 20
11.35666383860001
 30
0.0
 11
-50.44243094760009
 21
11.87200000000001
 31
0.0
  0
LINE
  5
29EE
330
27FF
100
AcDbEntity
  8
0
  6
Continuous
 62
     7
370
    25
100
AcDbLine
 10
-49.8037126756999
 20
11.35666383860001
 30
0.0
 11
-49.8037126756999
 21
6.799336161400049
 31
0.0
  0
LINE
  5
29EF
330
27FF
100
AcDbEntity
  8
0
  6
Continuous
 62
     7
370
    25
100
AcDbLine
 10
63.91885077729989
 20
6.799336153900015
 30
0.0
 11
60.0707071029999
 21
6.284000000000049
 31
0.0
  0
LINE
  5
29F0
330
27FF
100
AcDbEntity
  8
0
  6
Continuous
 62
     7
370
    25
100
AcDbLine
 10
60.0707071029999
 20
6.284000000000049
 30
0.0
 11
56.22256347789994
 21
6.799336153900015
 31
0.0
  0
LINE
  5
29F1
330
27FF
100
AcDbEntity
  8
0
  6
Continuous
 62
     7
370
    25
100
AcDbLine
 10
56.22256347789994
 20
6.799336153900015
 30
0.0
 11
56.22256347789994
 21
11.35666384620004
 31
0.0
  0
LINE
  5
29F2
330
27FF
100
AcDbEntity
  8
0
  6
Continuous
 62
     7
370
    25
100
AcDbLine
 10
60.0707071029999
 20
11.87200000000001
 30
0.0
 11
56.22256347789994
 21
11.35666384620004
 31
0.0
  0
LINE
  5
29F3
330
27FF
100
AcDbEntity
  8
0
  6
Continuous
 62
     7
370
    25
100
AcDbLine
 10
63.91885077729989
 20
11.35666384620004
 30
0.0
 11
60.0707071029999
 21
11.87200000000001
 31
0.0
  0
LINE
  5
29F4
330
27FF
100
AcDbEntity
  8
0
  6
Continuous
 62
     7
370
    25
100
AcDbLine
 10
63.91885077729989
 20
6.799336153900015
 30
0.0
 11
63.91885077729989
 21
11.35666384620004
 31
0.0
  0
LINE
  5
29F5
330
27FF
100
AcDbEntity
  8
0
  6
Continuous
 62
     7
370
    25
100
AcDbLine
 10
56.22256347789994
 20
11.35666384620004
 30
0.0
 11
53.01313805049995
 21
11.87200000000001
 31
0.0
  0
LINE
  5
29F6
330
27FF
100
AcDbEntity
  8
0
  6
Continuous
 62
     7
370
    25
100
AcDbLine
 10
50.35840927939989
 20
11.87200000000001
 30
0.0
 11
64.55756905239991
 21
11.87200000000001
 31
0.0
  0
LINE
  5
29F7
330
27FF
100
AcDbEntity
  8
0
  6
Continuous
 62
     7
370
    25
100
AcDbLine
 10
56.22256347789994
 20
6.799336153900015
 30
0.0
 11
53.01313805049995
 21
6.284000000000049
 31
0.0
  0
LINE
  5
29F8
330
27FF
100
AcDbEntity
  8
0
  6
Continuous
 62
     7
370
    25
100
AcDbLine
 10
53.01313805049995
 20
6.284000000000049
 30
0.0
 11
49.80371270060004
 21
6.799336153900015
 31
0.0
  0
LINE
  5
29F9
330
27FF
100
AcDbEntity
  8
0
  6
Continuous
 62
     7
370
    25
100
AcDbLine
 10
49.80371270060004
 20
6.799336153900015
 30
0.0
 11
49.80371270060004
 21
11.35666384620004
 31
0.0
  0
LINE
  5
29FA
330
27FF
100
AcDbEntity
  8
0
  6
Continuous
 62
     7
370
    25
100
AcDbLine
 10
53.01313805049995
 20
11.87200000000001
 30
0.0
 11
49.80371270060004
 21
11.35666384620004
 31
0.0
  0
LINE
  5
29FB
330
27FF
100
AcDbEntity
  8
0
  6
Continuous
 62
     7
370
    25
100
AcDbLine
 10
64.55756905239991
 20
11.87200000000001
 30
0.0
 11
63.91885077729989
 21
11.35666384620004
 31
0.0
  0
LINE
  5
29FC
330
27FF
100
AcDbEntity
  8
0
  6
Continuous
 62
     7
370
    25
100
AcDbLine
 10
64.55756905239991
 20
6.284000000000049
 30
0.0
 11
63.91885077729989
 21
6.799336153900015
 31
0.0
  0
LINE
  5
29FD
330
27FF
100
AcDbEntity
  8
0
  6
Continuous
 62
     7
370
    25
100
AcDbLine
 10
49.80371270060004
 20
11.35666384620004
 30
0.0
 11
50.4424309474
 21
11.87200000000001
 31
0.0
  0
LINE
  5
29FE
330
27FF
100
AcDbEntity
  8
0
  6
Continuous
 62
     7
370
    25
100
AcDbLine
 10
49.80371270060004
 20
6.799336153900015
 30
0.0
 11
50.4424309474
 21
6.284000000000049
 31
0.0
  0
LINE
  5
29FF
330
27FF
100
AcDbEntity
  8
0
  6
Continuous
 62
     7
370
    25
100
AcDbLine
 10
65.1962873243001
 20
6.799336161400049
 30
0.0
 11
64.55756905239991
 21
6.284000000000049
 31
0.0
  0
LINE
  5
2A00
330
27FF
100
AcDbEntity
  8
0
  6
Continuous
 62
     7
370
    25
100
AcDbLine
 10
65.1962873243001
 20
11.35666383860001
 30
0.0
 11
64.55756905239991
 21
11.87200000000001
 31
0.0
  0
LINE
  5
2A01
330
27FF
100
AcDbEntity
  8
0
  6
Continuous
 62
     7
370
    25
100
AcDbLine
 10
65.1962873243001
 20
11.35666383860001
 30
0.0
 11
65.1962873243001
 21
6.799336161400049
 31
0.0
  0
LINE
  5
2A02
330
27FF
100
AcDbEntity
  8
0
  6
Continuous
 62
     7
370
    25
100
AcDbLine
 10
61.36730755519989
 20
14.70328696530004
 30
0.0
 11
61.6324058094001
 21
14.73707911610001
 31
0.0
  0
LINE
  5
2A03
330
27FF
100
AcDbEntity
  8
0
  6
Continuous
 62
     7
370
    25
100
AcDbLine
 10
60.04673275770006
 20
14.86714142710002
 30
0.0
 11
59.81497035820007
 21
14.86714142710002
 31
0.0
  0
LINE
  5
2A04
330
27FF
100
AcDbEntity
  8
0
  6
Continuous
 62
     7
370
    25
100
AcDbLine
 10
60.25714820589997
 20
14.2655534813
 30
0.0
 11
59.81497035820007
 21
14.86714142710002
 31
0.0
  0
LINE
  5
2A05
330
27FF
100
AcDbEntity
  8
0
  6
Continuous
 62
     7
370
    25
100
AcDbLine
 10
53.61675733280003
 20
14.2655534813
 30
0.0
 11
60.25714820589997
 21
14.2655534813
 31
0.0
  0
LINE
  5
2A06
330
27FF
100
AcDbEntity
  8
0
  6
Continuous
 62
     7
370
    25
100
AcDbLine
 10
54.14640929419988
 20
15.3752655289
 30
0.0
 11
60.85359070560003
 21
15.3752655289
 31
0.0
  0
LINE
  5
2A07
330
27FF
100
AcDbEntity
  8
0
  6
Continuous
 62
     7
370
    25
100
AcDbLine
 10
52.31129109330004
 20
-55.7447344711
 30
0.0
 11
62.6887089065001
 21
-55.7447344711
 31
0.0
  0
LINE
  5
2A08
330
27FF
100
AcDbEntity
  8
0
  6
Continuous
 62
     7
370
    25
100
AcDbLine
 10
52.73749999989991
 20
-77.33473447109992
 30
0.0
 11
62.2624999999
 21
-77.33473447109992
 31
0.0
  0
LINE
  5
2A09
330
27FF
100
AcDbEntity
  8
0
  6
Continuous
 62
     7
370
    25
100
AcDbLine
 10
52.73749999989991
 20
-79.8747344711
 30
0.0
 11
62.2624999999
 21
-79.8747344711
 31
0.0
  0
LINE
  5
2A0A
330
27FF
100
AcDbEntity
  8
0
  6
Continuous
 62
     7
370
    25
100
AcDbLine
 10
-61.38324266719997
 20
14.2655534813
 30
0.0
 11
-54.74285179410003
 21
14.2655534813
 31
0.0
  0
LINE
  5
2A0B
330
27FF
100
AcDbEntity
  8
0
  6
Continuous
 62
     7
370
    25
100
AcDbLine
 10
-53.63269244480011
 20
14.70328696530004
 30
0.0
 11
-53.3675941905999
 21
14.73707911610001
 31
0.0
  0
LINE
  5
2A0C
330
27FF
100
AcDbEntity
  8
0
  6
Continuous
 62
     7
370
    25
100
AcDbLine
 10
-54.95326724229994
 20
14.86714142710002
 30
0.0
 11
-55.18502964179993
 21
14.86714142710002
 31
0.0
  0
LINE
  5
2A0D
330
27FF
100
AcDbEntity
  8
0
  6
Continuous
 62
     7
370
    25
100
AcDbLine
 10
-54.74285179410003
 20
14.2655534813
 30
0.0
 11
-55.18502964179993
 21
14.86714142710002
 31
0.0
  0
LINE
  5
2A0E
330
27FF
100
AcDbEntity
  8
0
  6
Continuous
 62
     7
370
    25
100
AcDbLine
 10
-60.85359070580012
 20
15.3752655289
 30
0.0
 11
-54.14640929439997
 21
15.3752655289
 31
0.0
  0
LINE
  5
2A0F
330
27FF
100
AcDbEntity
  8
0
  6
Continuous
 62
     7
370
    25
100
AcDbLine
 10
-62.68870890669996
 20
-55.7447344711
 30
0.0
 11
-52.3112910934999
 21
-55.7447344711
 31
0.0
  0
LINE
  5
2A10
330
27FF
100
AcDbEntity
  8
0
  6
Continuous
 62
     7
370
    25
100
AcDbLine
 10
-62.26250000010009
 20
-77.33473447109992
 30
0.0
 11
-52.7375000001
 21
-77.33473447109992
 31
0.0
  0
LINE
  5
2A11
330
27FF
100
AcDbEntity
  8
0
  6
Continuous
 62
     7
370
    25
100
AcDbLine
 10
-62.26250000010009
 20
-79.8747344711
 30
0.0
 11
-52.7375000001
 21
-79.8747344711
 31
0.0
  0
LINE
  5
2A12
330
27FF
100
AcDbEntity
  8
0
  6
Continuous
 62
     7
370
    25
100
AcDbLine
 10
-36.00000000010004
 20
1004.76
 30
0.0
 11
-36.00000000010004
 21
104.76
 31
0.0
  0
LINE
  5
2A13
330
27FF
100
AcDbEntity
  8
0
  6
Continuous
 62
     7
370
    25
100
AcDbLine
 10
35.99999999989996
 20
1004.76
 30
0.0
 11
35.99999999989996
 21
104.76
 31
0.0
  0
LINE
  5
2A14
330
27FF
100
AcDbEntity
  8
0
  6
Continuous
 62
     7
370
    25
100
AcDbLine
 10
-52.54700000010007
 20
-55.99873447109997
 30
0.0
 11
-62.45300000010002
 21
-55.99873447109997
 31
0.0
  0
LINE
  5
2A15
330
27FF
100
AcDbEntity
  8
0
  6
Continuous
 62
     7
370
    25
100
AcDbLine
 10
-62.45300000010002
 20
-65.65073447109995
 30
0.0
 11
-52.54700000010007
 21
-65.65073447109995
 31
0.0
  0
LINE
  5
2A16
330
27FF
100
AcDbEntity
  8
0
  6
Continuous
 62
     7
370
    25
100
AcDbLine
 10
52.54699999989998
 20
-65.65073447109995
 30
0.0
 11
62.45299999989993
 21
-65.65073447109995
 31
0.0
  0
LINE
  5
2A17
330
27FF
100
AcDbEntity
  8
0
  6
Continuous
 62
     7
370
    25
100
AcDbLine
 10
62.45299999989993
 20
-55.99873447109997
 30
0.0
 11
52.54699999989998
 21
-55.99873447109997
 31
0.0
  0
LINE
  5
2A18
330
27FF
100
AcDbEntity
  8
0
  6
Continuous
 62
     7
370
    25
100
AcDbLine
 10
52.73749999989991
 20
-55.31852556459995
 30
0.0
 11
62.2624999999
 21
-55.31852556459995
 31
0.0
  0
LINE
  5
2A19
330
27FF
100
AcDbEntity
  8
0
  6
Continuous
 62
     7
370
    25
100
AcDbLine
 10
-62.26250000010009
 20
-55.31852556459995
 30
0.0
 11
-52.7375000001
 21
-55.31852556459995
 31
0.0
  0
ARC
  5
2A1A
330
27FF
100
AcDbEntity
  8
0
  6
Continuous
 62
     7
370
    25
100
AcDbCircle
 10
-52.80100000009998
 20
-55.99873447109997
 30
0.0
 40
0.2539999999999054
100
AcDbArc
 50
0.0
 51
90.0
  0
ARC
  5
2A1B
330
27FF
100
AcDbEntity
  8
0
  6
Continuous
 62
     7
370
    25
100
AcDbCircle
 10
-62.19900000010011
 20
-55.99873447109997
 30
0.0
 40
0.2540000000001328
100
AcDbArc
 50
89.99999999989743
 51
180.0
  0
ARC
  5
2A1C
330
27FF
100
AcDbEntity
  8
0
  6
Continuous
 62
     7
370
    25
100
AcDbCircle
 10
-52.80100000009998
 20
-65.65073447109995
 30
0.0
 40
0.2539999999999054
100
AcDbArc
 50
269.9999999998974
 51
0.0
  0
ARC
  5
2A1D
330
27FF
100
AcDbEntity
  8
0
  6
Continuous
 62
     7
370
    25
100
AcDbCircle
 10
-62.19900000010011
 20
-65.65073447109995
 30
0.0
 40
0.2540000000001328
100
AcDbArc
 50
180.0
 51
270.0000000001026
  0
ARC
  5
2A1E
330
27FF
100
AcDbEntity
  8
0
  6
Continuous
 62
     7
370
    25
100
AcDbCircle
 10
-61.62863277020006
 20
-60.82473447109993
 30
0.0
 40
0.9230753466492609
100
AcDbArc
 50
139.1783915882036
 51
220.6879226294994
  0
ARC
  5
2A1F
330
27FF
100
AcDbEntity
  8
0
  6
Continuous
 62
     7
370
    25
100
AcDbCircle
 10
-53.37136723000003
 20
-60.82473447109993
 30
0.0
 40
0.9230753466481909
100
AcDbArc
 50
333.261087180199
 51
26.73891281980096
  0
ARC
  5
2A20
330
27FF
100
AcDbEntity
  8
0
  6
Continuous
 62
     7
370
    25
100
AcDbCircle
 10
62.19899999990002
 20
-65.65073447109995
 30
0.0
 40
0.2539999999999054
100
AcDbArc
 50
269.9999999998974
 51
0.0
  0
ARC
  5
2A21
330
27FF
100
AcDbEntity
  8
0
  6
Continuous
 62
     7
370
    25
100
AcDbCircle
 10
52.80099999989989
 20
-65.65073447109995
 30
0.0
 40
0.2540000000001328
100
AcDbArc
 50
180.0
 51
270.0000000001026
  0
ARC
  5
2A22
330
27FF
100
AcDbEntity
  8
0
  6
Continuous
 62
     7
370
    25
100
AcDbCircle
 10
62.19899999990002
 20
-55.99873447109997
 30
0.0
 40
0.2539999999999054
100
AcDbArc
 50
0.0
 51
90.0
  0
ARC
  5
2A23
330
27FF
100
AcDbEntity
  8
0
  6
Continuous
 62
     7
370
    25
100
AcDbCircle
 10
52.80099999989989
 20
-55.99873447109997
 30
0.0
 40
0.2540000000001328
100
AcDbArc
 50
89.99999999989743
 51
180.0
  0
ARC
  5
2A24
330
27FF
100
AcDbEntity
  8
0
  6
Continuous
 62
     7
370
    25
100
AcDbCircle
 10
53.37136722979994
 20
-60.82473447109993
 30
0.0
 40
0.9230753466495817
100
AcDbArc
 50
139.1783915882021
 51
220.687922629501
  0
ARC
  5
2A25
330
27FF
100
AcDbEntity
  8
0
  6
Continuous
 62
     7
370
    25
100
AcDbCircle
 10
61.62863276999997
 20
-60.82473447109993
 30
0.0
 40
0.9230753466481909
100
AcDbArc
 50
333.261087180199
 51
26.73891281980096
  0
ARC
  5
2A26
330
27FF
100
AcDbEntity
  8
0
  6
Continuous
 62
     7
370
    25
100
AcDbCircle
 10
52.31129109330004
 20
-55.31852556459995
 30
0.0
 40
0.4262089065668988
100
AcDbArc
 50
269.9999999999083
 51
0.0
  0
ARC
  5
2A27
330
27FF
100
AcDbEntity
  8
0
  6
Continuous
 62
     7
370
    25
100
AcDbCircle
 10
62.6887089065001
 20
-55.31852556459995
 30
0.0
 40
0.4262089065673536
100
AcDbArc
 50
180.0
 51
270.0
  0
ARC
  5
2A28
330
27FF
100
AcDbEntity
  8
0
  6
Continuous
 62
     7
370
    25
100
AcDbCircle
 10
-62.68870890669996
 20
-55.31852556459995
 30
0.0
 40
0.4262089065668988
100
AcDbArc
 50
269.9999999999083
 51
0.0
  0
ARC
  5
2A29
330
27FF
100
AcDbEntity
  8
0
  6
Continuous
 62
     7
370
    25
100
AcDbCircle
 10
-52.3112910934999
 20
-55.31852556459995
 30
0.0
 40
0.4262089065673536
100
AcDbArc
 50
180.0
 51
270.0
  0
ARC
  5
2A2A
330
27FF
100
AcDbEntity
  8
0
  6
Continuous
 62
     7
370
    25
100
AcDbCircle
 10
-21.15000000009991
 20
29.76000000000005
 30
0.0
 40
6.350000000000386
100
AcDbArc
 50
313.0376840691002
 51
253.0376840690998
  0
ARC
  5
2A2B
330
27FF
100
AcDbEntity
  8
0
  6
Continuous
 62
     7
370
    25
100
AcDbCircle
 10
-21.15000000009991
 20
29.76000000000005
 30
0.0
 40
6.350000000000265
100
AcDbArc
 50
253.0376840690994
 51
313.0376840691005
  0
ARC
  5
2A2C
330
27FF
100
AcDbEntity
  8
0
  6
Continuous
 62
     7
370
    25
100
AcDbCircle
 10
22.14999999990005
 20
29.76000000000005
 30
0.0
 40
6.35000000000009
100
AcDbArc
 50
313.0376840691001
 51
253.0376840691009
  0
ARC
  5
2A2D
330
27FF
100
AcDbEntity
  8
0
  6
Continuous
 62
     7
370
    25
100
AcDbCircle
 10
22.14999999990005
 20
29.76000000000005
 30
0.0
 40
6.350000000000036
100
AcDbArc
 50
253.0376840691008
 51
313.0376840691001
  0
ARC
  5
2A2E
330
27FF
100
AcDbEntity
  8
0
  6
Continuous
 62
     7
370
    25
100
AcDbCircle
 10
22.14999999990005
 20
79.76000000000005
 30
0.0
 40
6.35000000000009
100
AcDbArc
 50
313.0376840691001
 51
253.0376840691009
  0
ARC
  5
2A2F
330
27FF
100
AcDbEntity
  8
0
  6
Continuous
 62
     7
370
    25
100
AcDbCircle
 10
22.14999999990005
 20
79.76000000000005
 30
0.0
 40
6.349999999999818
100
AcDbArc
 50
253.0376840691002
 51
313.0376840690997
  0
ARC
  5
2A30
330
27FF
100
AcDbEntity
  8
0
  6
Continuous
 62
     7
370
    25
100
AcDbCircle
 10
-21.15000000009991
 20
79.76000000000005
 30
0.0
 40
6.350000000000136
100
AcDbArc
 50
13.03768406909995
 51
313.0376840690997
  0
ARC
  5
2A31
330
27FF
100
AcDbEntity
  8
0
  6
Continuous
 62
     7
370
    25
100
AcDbCircle
 10
-21.15000000009991
 20
79.76000000000005
 30
0.0
 40
6.349999999999863
100
AcDbArc
 50
313.0376840690997
 51
13.03768406909991
  0
LINE
  5
2A32
330
27FF
100
AcDbEntity
  8
0
100
AcDbLine
 10
-40.00000000010004
 20
1004.76
 30
0.0
 11
39.99999999989996
 21
1004.76
 31
0.0
  0
LINE
  5
2A33
330
27FF
100
AcDbEntity
  8
0
  6
Continuous
 62
     7
370
    25
100
AcDbLine
 10
23.49999999989996
 20
120.2756613088
 30
0.0
 11
27.99999999989996
 21
137.1871958341
 31
0.0
  0
LINE
  5
2A34
330
27FF
100
AcDbEntity
  8
0
  6
Continuous
 62
     7
370
    25
100
AcDbLine
 10
20.26901278829996
 20
139.2443386913
 30
0.0
 11
15.76901278829996
 21
122.332804166
 31
0.0
  0
LINE
  5
2A35
330
27FF
100
AcDbEntity
  8
0
  6
Continuous
 62
     7
370
    25
100
AcDbLine
 10
-15.76901278850005
 20
122.332804166
 30
0.0
 11
-20.26901278850005
 21
139.2443386913
 31
0.0
  0
LINE
  5
2A36
330
27FF
100
AcDbEntity
  8
0
  6
Continuous
 62
     7
370
    25
100
AcDbLine
 10
-28.00000000010004
 20
137.1871958341
 30
0.0
 11
-23.50000000010004
 21
120.2756613088
 31
0.0
  0
ARC
  5
2A37
330
27FF
100
AcDbEntity
  8
0
  6
Continuous
 62
     7
370
    25
100
AcDbCircle
 10
19.63450639410007
 20
121.3042327374
 30
0.0
 40
4.00000000000008
100
AcDbArc
 50
165.0994033122006
 51
345.0994033122006
  0
ARC
  5
2A38
330
27FF
100
AcDbEntity
  8
0
  6
Continuous
 62
     7
370
    25
100
AcDbCircle
 10
24.13450639410007
 20
138.2157672627
 30
0.0
 40
4.000000000000285
100
AcDbArc
 50
345.0994033121998
 51
165.0994033121998
  0
ARC
  5
2A39
330
27FF
100
AcDbEntity
  8
0
  6
Continuous
 62
     7
370
    25
100
AcDbCircle
 10
-24.13450639429993
 20
138.2157672627
 30
0.0
 40
4.000000000000065
100
AcDbArc
 50
14.90059668780026
 51
194.9005966878003
  0
ARC
  5
2A3A
330
27FF
100
AcDbEntity
  8
0
  6
Continuous
 62
     7
370
    25
100
AcDbCircle
 10
-19.63450639429993
 20
121.3042327374
 30
0.0
 40
4.00000000000008
100
AcDbArc
 50
194.9005966877994
 51
14.90059668779942
  0
LINE
  5
2A3B
330
27FF
100
AcDbEntity
  8
0
  6
Continuous
 62
     7
370
    25
100
AcDbLine
 10
23.49999999989996
 20
170.2756613088
 30
0.0
 11
27.99999999989996
 21
187.1871958341
 31
0.0
  0
LINE
  5
2A3C
330
27FF
100
AcDbEntity
  8
0
  6
Continuous
 62
     7
370
    25
100
AcDbLine
 10
20.26901278829996
 20
189.2443386913
 30
0.0
 11
15.76901278829996
 21
172.332804166
 31
0.0
  0
LINE
  5
2A3D
330
27FF
100
AcDbEntity
  8
0
  6
Continuous
 62
     7
370
    25
100
AcDbLine
 10
-15.76901278850005
 20
172.332804166
 30
0.0
 11
-20.26901278850005
 21
189.2443386913
 31
0.0
  0
LINE
  5
2A3E
330
27FF
100
AcDbEntity
  8
0
  6
Continuous
 62
     7
370
    25
100
AcDbLine
 10
-28.00000000010004
 20
187.1871958341
 30
0.0
 11
-23.50000000010004
 21
170.2756613088
 31
0.0
  0
ARC
  5
2A3F
330
27FF
100
AcDbEntity
  8
0
  6
Continuous
 62
     7
370
    25
100
AcDbCircle
 10
19.63450639410007
 20
171.3042327374
 30
0.0
 40
4.00000000000008
100
AcDbArc
 50
165.0994033122006
 51
345.0994033122006
  0
ARC
  5
2A40
330
27FF
100
AcDbEntity
  8
0
  6
Continuous
 62
     7
370
    25
100
AcDbCircle
 10
24.13450639410007
 20
188.2157672627
 30
0.0
 40
4.000000000000285
100
AcDbArc
 50
345.0994033121998
 51
165.0994033121998
  0
ARC
  5
2A41
330
27FF
100
AcDbEntity
  8
0
  6
Continuous
 62
     7
370
    25
100
AcDbCircle
 10
-24.13450639429993
 20
188.2157672627
 30
0.0
 40
4.000000000000065
100
AcDbArc
 50
14.90059668780026
 51
194.9005966878003
  0
ARC
  5
2A42
330
27FF
100
AcDbEntity
  8
0
  6
Continuous
 62
     7
370
    25
100
AcDbCircle
 10
-19.63450639429993
 20
171.3042327374
 30
0.0
 40
4.00000000000008
100
AcDbArc
 50
194.9005966877994
 51
14.90059668779942
  0
LINE
  5
2A43
330
27FF
100
AcDbEntity
  8
0
  6
Continuous
 62
     7
370
    25
100
AcDbLine
 10
23.49999999989996
 20
220.2756613088
 30
0.0
 11
27.99999999989996
 21
237.1871958341
 31
0.0
  0
LINE
  5
2A44
330
27FF
100
AcDbEntity
  8
0
  6
Continuous
 62
     7
370
    25
100
AcDbLine
 10
20.26901278829996
 20
239.2443386913
 30
0.0
 11
15.76901278829996
 21
222.332804166
 31
0.0
  0
LINE
  5
2A45
330
27FF
100
AcDbEntity
  8
0
  6
Continuous
 62
     7
370
    25
100
AcDbLine
 10
-15.76901278850005
 20
222.332804166
 30
0.0
 11
-20.26901278850005
 21
239.2443386913
 31
0.0
  0
LINE
  5
2A46
330
27FF
100
AcDbEntity
  8
0
  6
Continuous
 62
     7
370
    25
100
AcDbLine
 10
-28.00000000010004
 20
237.1871958341
 30
0.0
 11
-23.50000000010004
 21
220.2756613088
 31
0.0
  0
ARC
  5
2A47
330
27FF
100
AcDbEntity
  8
0
  6
Continuous
 62
     7
370
    25
100
AcDbCircle
 10
19.63450639410007
 20
221.3042327374
 30
0.0
 40
4.00000000000008
100
AcDbArc
 50
165.0994033122014
 51
345.0994033122014
  0
ARC
  5
2A48
330
27FF
100
AcDbEntity
  8
0
  6
Continuous
 62
     7
370
    25
100
AcDbCircle
 10
24.13450639410007
 20
238.2157672627
 30
0.0
 40
4.000000000000285
100
AcDbArc
 50
345.099403312199
 51
165.099403312199
  0
ARC
  5
2A49
330
27FF
100
AcDbEntity
  8
0
  6
Continuous
 62
     7
370
    25
100
AcDbCircle
 10
-24.13450639429993
 20
238.2157672627
 30
0.0
 40
4.000000000000065
100
AcDbArc
 50
14.90059668780104
 51
194.900596687801
  0
ARC
  5
2A4A
330
27FF
100
AcDbEntity
  8
0
  6
Continuous
 62
     7
370
    25
100
AcDbCircle
 10
-19.63450639429993
 20
221.3042327374
 30
0.0
 40
4.00000000000008
100
AcDbArc
 50
194.9005966877986
 51
14.90059668779863
  0
LINE
  5
2A4B
330
27FF
100
AcDbEntity
  8
0
  6
Continuous
 62
     7
370
    25
100
AcDbLine
 10
23.49999999989996
 20
270.2756613088
 30
0.0
 11
27.99999999989996
 21
287.1871958341
 31
0.0
  0
LINE
  5
2A4C
330
27FF
100
AcDbEntity
  8
0
  6
Continuous
 62
     7
370
    25
100
AcDbLine
 10
20.26901278829996
 20
289.2443386913
 30
0.0
 11
15.76901278829996
 21
272.332804166
 31
0.0
  0
LINE
  5
2A4D
330
27FF
100
AcDbEntity
  8
0
  6
Continuous
 62
     7
370
    25
100
AcDbLine
 10
-15.76901278850005
 20
272.332804166
 30
0.0
 11
-20.26901278850005
 21
289.2443386913
 31
0.0
  0
LINE
  5
2A4E
330
27FF
100
AcDbEntity
  8
0
  6
Continuous
 62
     7
370
    25
100
AcDbLine
 10
-28.00000000010004
 20
287.1871958341
 30
0.0
 11
-23.50000000010004
 21
270.2756613088
 31
0.0
  0
ARC
  5
2A4F
330
27FF
100
AcDbEntity
  8
0
  6
Continuous
 62
     7
370
    25
100
AcDbCircle
 10
19.63450639410007
 20
271.3042327374
 30
0.0
 40
4.00000000000008
100
AcDbArc
 50
165.0994033122014
 51
345.0994033122014
  0
ARC
  5
2A50
330
27FF
100
AcDbEntity
  8
0
  6
Continuous
 62
     7
370
    25
100
AcDbCircle
 10
24.13450639410007
 20
288.2157672627
 30
0.0
 40
4.000000000000285
100
AcDbArc
 50
345.099403312199
 51
165.099403312199
  0
ARC
  5
2A51
330
27FF
100
AcDbEntity
  8
0
  6
Continuous
 62
     7
370
    25
100
AcDbCircle
 10
-24.13450639429993
 20
288.2157672627
 30
0.0
 40
4.000000000000065
100
AcDbArc
 50
14.90059668780104
 51
194.900596687801
  0
ARC
  5
2A52
330
27FF
100
AcDbEntity
  8
0
  6
Continuous
 62
     7
370
    25
100
AcDbCircle
 10
-19.63450639429993
 20
271.3042327374
 30
0.0
 40
4.00000000000008
100
AcDbArc
 50
194.9005966877986
 51
14.90059668779863
  0
LINE
  5
2A53
330
27FF
100
AcDbEntity
  8
0
  6
Continuous
 62
     7
370
    25
100
AcDbLine
 10
23.49999999989996
 20
320.2756613088
 30
0.0
 11
27.99999999989996
 21
337.1871958341
 31
0.0
  0
LINE
  5
2A54
330
27FF
100
AcDbEntity
  8
0
  6
Continuous
 62
     7
370
    25
100
AcDbLine
 10
20.26901278829996
 20
339.2443386913
 30
0.0
 11
15.76901278829996
 21
322.332804166
 31
0.0
  0
LINE
  5
2A55
330
27FF
100
AcDbEntity
  8
0
  6
Continuous
 62
     7
370
    25
100
AcDbLine
 10
-15.76901278850005
 20
322.332804166
 30
0.0
 11
-20.26901278850005
 21
339.2443386913
 31
0.0
  0
LINE
  5
2A56
330
27FF
100
AcDbEntity
  8
0
  6
Continuous
 62
     7
370
    25
100
AcDbLine
 10
-28.00000000010004
 20
337.1871958341
 30
0.0
 11
-23.50000000010004
 21
320.2756613088
 31
0.0
  0
ARC
  5
2A57
330
27FF
100
AcDbEntity
  8
0
  6
Continuous
 62
     7
370
    25
100
AcDbCircle
 10
19.63450639410007
 20
321.3042327374
 30
0.0
 40
4.00000000000008
100
AcDbArc
 50
165.0994033122014
 51
345.0994033122014
  0
ARC
  5
2A58
330
27FF
100
AcDbEntity
  8
0
  6
Continuous
 62
     7
370
    25
100
AcDbCircle
 10
24.13450639410007
 20
338.2157672627
 30
0.0
 40
4.000000000000285
100
AcDbArc
 50
345.099403312199
 51
165.099403312199
  0
ARC
  5
2A59
330
27FF
100
AcDbEntity
  8
0
  6
Continuous
 62
     7
370
    25
100
AcDbCircle
 10
-24.13450639429993
 20
338.2157672627
 30
0.0
 40
4.000000000000065
100
AcDbArc
 50
14.90059668780104
 51
194.900596687801
  0
ARC
  5
2A5A
330
27FF
100
AcDbEntity
  8
0
  6
Continuous
 62
     7
370
    25
100
AcDbCircle
 10
-19.63450639429993
 20
321.3042327374
 30
0.0
 40
4.00000000000008
100
AcDbArc
 50
194.9005966877986
 51
14.90059668779863
  0
LINE
  5
2A5B
330
27FF
100
AcDbEntity
  8
0
  6
Continuous
 62
     7
370
    25
100
AcDbLine
 10
23.49999999989996
 20
370.2756613088
 30
0.0
 11
27.99999999989996
 21
387.1871958341
 31
0.0
  0
LINE
  5
2A5C
330
27FF
100
AcDbEntity
  8
0
  6
Continuous
 62
     7
370
    25
100
AcDbLine
 10
20.26901278829996
 20
389.2443386913
 30
0.0
 11
15.76901278829996
 21
372.332804166
 31
0.0
  0
LINE
  5
2A5D
330
27FF
100
AcDbEntity
  8
0
  6
Continuous
 62
     7
370
    25
100
AcDbLine
 10
-15.76901278850005
 20
372.332804166
 30
0.0
 11
-20.26901278850005
 21
389.2443386913
 31
0.0
  0
LINE
  5
2A5E
330
27FF
100
AcDbEntity
  8
0
  6
Continuous
 62
     7
370
    25
100
AcDbLine
 10
-28.00000000010004
 20
387.1871958341
 30
0.0
 11
-23.50000000010004
 21
370.2756613088
 31
0.0
  0
ARC
  5
2A5F
330
27FF
100
AcDbEntity
  8
0
  6
Continuous
 62
     7
370
    25
100
AcDbCircle
 10
19.63450639410007
 20
371.3042327374
 30
0.0
 40
4.00000000000008
100
AcDbArc
 50
165.0994033122014
 51
345.0994033122014
  0
ARC
  5
2A60
330
27FF
100
AcDbEntity
  8
0
  6
Continuous
 62
     7
370
    25
100
AcDbCircle
 10
24.13450639410007
 20
388.2157672627
 30
0.0
 40
4.000000000000285
100
AcDbArc
 50
345.099403312199
 51
165.099403312199
  0
ARC
  5
2A61
330
27FF
100
AcDbEntity
  8
0
  6
Continuous
 62
     7
370
    25
100
AcDbCircle
 10
-24.13450639429993
 20
388.2157672627
 30
0.0
 40
4.000000000000065
100
AcDbArc
 50
14.90059668780104
 51
194.900596687801
  0
ARC
  5
2A62
330
27FF
100
AcDbEntity
  8
0
  6
Continuous
 62
     7
370
    25
100
AcDbCircle
 10
-19.63450639429993
 20
371.3042327374
 30
0.0
 40
4.00000000000008
100
AcDbArc
 50
194.9005966877986
 51
14.90059668779863
  0
LINE
  5
2A63
330
27FF
100
AcDbEntity
  8
0
  6
Continuous
 62
     7
370
    25
100
AcDbLine
 10
23.49999999989996
 20
420.2756613088
 30
0.0
 11
27.99999999989996
 21
437.1871958341
 31
0.0
  0
LINE
  5
2A64
330
27FF
100
AcDbEntity
  8
0
  6
Continuous
 62
     7
370
    25
100
AcDbLine
 10
20.26901278829996
 20
439.2443386913
 30
0.0
 11
15.76901278829996
 21
422.332804166
 31
0.0
  0
LINE
  5
2A65
330
27FF
100
AcDbEntity
  8
0
  6
Continuous
 62
     7
370
    25
100
AcDbLine
 10
-15.76901278850005
 20
422.332804166
 30
0.0
 11
-20.26901278850005
 21
439.2443386913
 31
0.0
  0
LINE
  5
2A66
330
27FF
100
AcDbEntity
  8
0
  6
Continuous
 62
     7
370
    25
100
AcDbLine
 10
-28.00000000010004
 20
437.1871958341
 30
0.0
 11
-23.50000000010004
 21
420.2756613088
 31
0.0
  0
ARC
  5
2A67
330
27FF
100
AcDbEntity
  8
0
  6
Continuous
 62
     7
370
    25
100
AcDbCircle
 10
19.63450639410007
 20
421.3042327374
 30
0.0
 40
4.00000000000008
100
AcDbArc
 50
165.0994033122014
 51
345.0994033122014
  0
ARC
  5
2A68
330
27FF
100
AcDbEntity
  8
0
  6
Continuous
 62
     7
370
    25
100
AcDbCircle
 10
24.13450639410007
 20
438.2157672627
 30
0.0
 40
4.000000000000285
100
AcDbArc
 50
345.099403312199
 51
165.099403312199
  0
ARC
  5
2A69
330
27FF
100
AcDbEntity
  8
0
  6
Continuous
 62
     7
370
    25
100
AcDbCircle
 10
-24.13450639429993
 20
438.2157672627
 30
0.0
 40
4.000000000000065
100
AcDbArc
 50
14.90059668780104
 51
194.900596687801
  0
ARC
  5
2A6A
330
27FF
100
AcDbEntity
  8
0
  6
Continuous
 62
     7
370
    25
100
AcDbCircle
 10
-19.63450639429993
 20
421.3042327374
 30
0.0
 40
4.00000000000008
100
AcDbArc
 50
194.9005966877986
 51
14.90059668779863
  0
LINE
  5
2A6B
330
27FF
100
AcDbEntity
  8
0
  6
Continuous
 62
     7
370
    25
100
AcDbLine
 10
23.49999999989996
 20
470.2756613088
 30
0.0
 11
27.99999999989996
 21
487.1871958341
 31
0.0
  0
LINE
  5
2A6C
330
27FF
100
AcDbEntity
  8
0
  6
Continuous
 62
     7
370
    25
100
AcDbLine
 10
20.26901278829996
 20
489.2443386913
 30
0.0
 11
15.76901278829996
 21
472.332804166
 31
0.0
  0
LINE
  5
2A6D
330
27FF
100
AcDbEntity
  8
0
  6
Continuous
 62
     7
370
    25
100
AcDbLine
 10
-15.76901278850005
 20
472.332804166
 30
0.0
 11
-20.26901278850005
 21
489.2443386913
 31
0.0
  0
LINE
  5
2A6E
330
27FF
100
AcDbEntity
  8
0
  6
Continuous
 62
     7
370
    25
100
AcDbLine
 10
-28.00000000010004
 20
487.1871958341
 30
0.0
 11
-23.50000000010004
 21
470.2756613088
 31
0.0
  0
ARC
  5
2A6F
330
27FF
100
AcDbEntity
  8
0
  6
Continuous
 62
     7
370
    25
100
AcDbCircle
 10
19.63450639410007
 20
471.3042327374
 30
0.0
 40
4.00000000000008
100
AcDbArc
 50
165.0994033122014
 51
345.0994033122014
  0
ARC
  5
2A70
330
27FF
100
AcDbEntity
  8
0
  6
Continuous
 62
     7
370
    25
100
AcDbCircle
 10
24.13450639410007
 20
488.2157672627
 30
0.0
 40
4.000000000000285
100
AcDbArc
 50
345.099403312199
 51
165.099403312199
  0
ARC
  5
2A71
330
27FF
100
AcDbEntity
  8
0
  6
Continuous
 62
     7
370
    25
100
AcDbCircle
 10
-24.13450639429993
 20
488.2157672627
 30
0.0
 40
4.000000000000065
100
AcDbArc
 50
14.90059668780104
 51
194.900596687801
  0
ARC
  5
2A72
330
27FF
100
AcDbEntity
  8
0
  6
Continuous
 62
     7
370
    25
100
AcDbCircle
 10
-19.63450639429993
 20
471.3042327374
 30
0.0
 40
4.00000000000008
100
AcDbArc
 50
194.9005966877986
 51
14.90059668779863
  0
LINE
  5
2A73
330
27FF
100
AcDbEntity
  8
0
  6
Continuous
 62
     7
370
    25
100
AcDbLine
 10
23.49999999989996
 20
520.2756613088
 30
0.0
 11
27.99999999989996
 21
537.1871958341001
 31
0.0
  0
LINE
  5
2A74
330
27FF
100
AcDbEntity
  8
0
  6
Continuous
 62
     7
370
    25
100
AcDbLine
 10
20.26901278829996
 20
539.2443386913001
 30
0.0
 11
15.76901278829996
 21
522.332804166
 31
0.0
  0
LINE
  5
2A75
330
27FF
100
AcDbEntity
  8
0
  6
Continuous
 62
     7
370
    25
100
AcDbLine
 10
-15.76901278850005
 20
522.332804166
 30
0.0
 11
-20.26901278850005
 21
539.2443386913001
 31
0.0
  0
LINE
  5
2A76
330
27FF
100
AcDbEntity
  8
0
  6
Continuous
 62
     7
370
    25
100
AcDbLine
 10
-28.00000000010004
 20
537.1871958341001
 30
0.0
 11
-23.50000000010004
 21
520.2756613088
 31
0.0
  0
ARC
  5
2A77
330
27FF
100
AcDbEntity
  8
0
  6
Continuous
 62
     7
370
    25
100
AcDbCircle
 10
19.63450639410007
 20
521.3042327374001
 30
0.0
 40
4.00000000000008
100
AcDbArc
 50
165.0994033122022
 51
345.0994033122006
  0
ARC
  5
2A78
330
27FF
100
AcDbEntity
  8
0
  6
Continuous
 62
     7
370
    25
100
AcDbCircle
 10
24.13450639410007
 20
538.2157672627
 30
0.0
 40
4.000000000000285
100
AcDbArc
 50
345.0994033122006
 51
165.099403312199
  0
ARC
  5
2A79
330
27FF
100
AcDbEntity
  8
0
  6
Continuous
 62
     7
370
    25
100
AcDbCircle
 10
-24.13450639429993
 20
538.2157672627
 30
0.0
 40
4.000000000000065
100
AcDbArc
 50
14.90059668780183
 51
194.9005966878003
  0
ARC
  5
2A7A
330
27FF
100
AcDbEntity
  8
0
  6
Continuous
 62
     7
370
    25
100
AcDbCircle
 10
-19.63450639429993
 20
521.3042327374001
 30
0.0
 40
4.00000000000008
100
AcDbArc
 50
194.9005966877994
 51
14.90059668779785
  0
LINE
  5
2A7B
330
27FF
100
AcDbEntity
  8
0
  6
Continuous
 62
     7
370
    25
100
AcDbLine
 10
23.49999999989996
 20
570.2756613088
 30
0.0
 11
27.99999999989996
 21
587.1871958341001
 31
0.0
  0
LINE
  5
2A7C
330
27FF
100
AcDbEntity
  8
0
  6
Continuous
 62
     7
370
    25
100
AcDbLine
 10
20.26901278829996
 20
589.2443386913001
 30
0.0
 11
15.76901278829996
 21
572.332804166
 31
0.0
  0
LINE
  5
2A7D
330
27FF
100
AcDbEntity
  8
0
  6
Continuous
 62
     7
370
    25
100
AcDbLine
 10
-15.76901278850005
 20
572.332804166
 30
0.0
 11
-20.26901278850005
 21
589.2443386913001
 31
0.0
  0
LINE
  5
2A7E
330
27FF
100
AcDbEntity
  8
0
  6
Continuous
 62
     7
370
    25
100
AcDbLine
 10
-28.00000000010004
 20
587.1871958341001
 30
0.0
 11
-23.50000000010004
 21
570.2756613088
 31
0.0
  0
ARC
  5
2A7F
330
27FF
100
AcDbEntity
  8
0
  6
Continuous
 62
     7
370
    25
100
AcDbCircle
 10
19.63450639410007
 20
571.3042327374001
 30
0.0
 40
4.00000000000008
100
AcDbArc
 50
165.0994033122022
 51
345.0994033122006
  0
ARC
  5
2A80
330
27FF
100
AcDbEntity
  8
0
  6
Continuous
 62
     7
370
    25
100
AcDbCircle
 10
24.13450639410007
 20
588.2157672627
 30
0.0
 40
4.000000000000285
100
AcDbArc
 50
345.0994033122006
 51
165.0994033121974
  0
ARC
  5
2A81
330
27FF
100
AcDbEntity
  8
0
  6
Continuous
 62
     7
370
    25
100
AcDbCircle
 10
-24.13450639429993
 20
588.2157672627
 30
0.0
 40
4.000000000000065
100
AcDbArc
 50
14.90059668780183
 51
194.9005966878003
  0
ARC
  5
2A82
330
27FF
100
AcDbEntity
  8
0
  6
Continuous
 62
     7
370
    25
100
AcDbCircle
 10
-19.63450639429993
 20
571.3042327374001
 30
0.0
 40
4.00000000000008
100
AcDbArc
 50
194.9005966877994
 51
14.90059668779785
  0
LINE
  5
2A83
330
27FF
100
AcDbEntity
  8
0
  6
Continuous
 62
     7
370
    25
100
AcDbLine
 10
23.49999999989996
 20
620.2756613088
 30
0.0
 11
27.99999999989996
 21
637.1871958341001
 31
0.0
  0
LINE
  5
2A84
330
27FF
100
AcDbEntity
  8
0
  6
Continuous
 62
     7
370
    25
100
AcDbLine
 10
20.26901278829996
 20
639.2443386913001
 30
0.0
 11
15.76901278829996
 21
622.332804166
 31
0.0
  0
LINE
  5
2A85
330
27FF
100
AcDbEntity
  8
0
  6
Continuous
 62
     7
370
    25
100
AcDbLine
 10
-15.76901278850005
 20
622.332804166
 30
0.0
 11
-20.26901278850005
 21
639.2443386913001
 31
0.0
  0
LINE
  5
2A86
330
27FF
100
AcDbEntity
  8
0
  6
Continuous
 62
     7
370
    25
100
AcDbLine
 10
-28.00000000010004
 20
637.1871958341001
 30
0.0
 11
-23.50000000010004
 21
620.2756613088
 31
0.0
  0
ARC
  5
2A87
330
27FF
100
AcDbEntity
  8
0
  6
Continuous
 62
     7
370
    25
100
AcDbCircle
 10
19.63450639410007
 20
621.3042327374001
 30
0.0
 40
4.00000000000008
100
AcDbArc
 50
165.0994033122022
 51
345.0994033122006
  0
ARC
  5
2A88
330
27FF
100
AcDbEntity
  8
0
  6
Continuous
 62
     7
370
    25
100
AcDbCircle
 10
24.13450639410007
 20
638.2157672627
 30
0.0
 40
4.000000000000285
100
AcDbArc
 50
345.0994033122006
 51
165.0994033121974
  0
ARC
  5
2A89
330
27FF
100
AcDbEntity
  8
0
  6
Continuous
 62
     7
370
    25
100
AcDbCircle
 10
-24.13450639429993
 20
638.2157672627
 30
0.0
 40
4.000000000000065
100
AcDbArc
 50
14.90059668780183
 51
194.9005966878003
  0
ARC
  5
2A8A
330
27FF
100
AcDbEntity
  8
0
  6
Continuous
 62
     7
370
    25
100
AcDbCircle
 10
-19.63450639429993
 20
621.3042327374001
 30
0.0
 40
4.00000000000008
100
AcDbArc
 50
194.9005966877994
 51
14.90059668779785
  0
LINE
  5
2A8B
330
27FF
100
AcDbEntity
  8
0
  6
Continuous
 62
     7
370
    25
100
AcDbLine
 10
23.49999999989996
 20
670.2756613088
 30
0.0
 11
27.99999999989996
 21
687.1871958341001
 31
0.0
  0
LINE
  5
2A8C
330
27FF
100
AcDbEntity
  8
0
  6
Continuous
 62
     7
370
    25
100
AcDbLine
 10
20.26901278829996
 20
689.2443386913001
 30
0.0
 11
15.76901278829996
 21
672.332804166
 31
0.0
  0
LINE
  5
2A8D
330
27FF
100
AcDbEntity
  8
0
  6
Continuous
 62
     7
370
    25
100
AcDbLine
 10
-15.76901278850005
 20
672.332804166
 30
0.0
 11
-20.26901278850005
 21
689.2443386913001
 31
0.0
  0
LINE
  5
2A8E
330
27FF
100
AcDbEntity
  8
0
  6
Continuous
 62
     7
370
    25
100
AcDbLine
 10
-28.00000000010004
 20
687.1871958341001
 30
0.0
 11
-23.50000000010004
 21
670.2756613088
 31
0.0
  0
ARC
  5
2A8F
330
27FF
100
AcDbEntity
  8
0
  6
Continuous
 62
     7
370
    25
100
AcDbCircle
 10
19.63450639410007
 20
671.3042327374001
 30
0.0
 40
4.00000000000008
100
AcDbArc
 50
165.0994033122022
 51
345.0994033122006
  0
ARC
  5
2A90
330
27FF
100
AcDbEntity
  8
0
  6
Continuous
 62
     7
370
    25
100
AcDbCircle
 10
24.13450639410007
 20
688.2157672627
 30
0.0
 40
4.000000000000285
100
AcDbArc
 50
345.0994033122006
 51
165.0994033121974
  0
ARC
  5
2A91
330
27FF
100
AcDbEntity
  8
0
  6
Continuous
 62
     7
370
    25
100
AcDbCircle
 10
-24.13450639429993
 20
688.2157672627
 30
0.0
 40
4.000000000000065
100
AcDbArc
 50
14.90059668780183
 51
194.9005966878003
  0
ARC
  5
2A92
330
27FF
100
AcDbEntity
  8
0
  6
Continuous
 62
     7
370
    25
100
AcDbCircle
 10
-19.63450639429993
 20
671.3042327374001
 30
0.0
 40
4.00000000000008
100
AcDbArc
 50
194.9005966877994
 51
14.90059668779785
  0
LINE
  5
2A93
330
27FF
100
AcDbEntity
  8
0
  6
Continuous
 62
     7
370
    25
100
AcDbLine
 10
23.49999999989996
 20
720.2756613088
 30
0.0
 11
27.99999999989996
 21
737.1871958341001
 31
0.0
  0
LINE
  5
2A94
330
27FF
100
AcDbEntity
  8
0
  6
Continuous
 62
     7
370
    25
100
AcDbLine
 10
20.26901278829996
 20
739.2443386913001
 30
0.0
 11
15.76901278829996
 21
722.332804166
 31
0.0
  0
LINE
  5
2A95
330
27FF
100
AcDbEntity
  8
0
  6
Continuous
 62
     7
370
    25
100
AcDbLine
 10
-15.76901278850005
 20
722.332804166
 30
0.0
 11
-20.26901278850005
 21
739.2443386913001
 31
0.0
  0
LINE
  5
2A96
330
27FF
100
AcDbEntity
  8
0
  6
Continuous
 62
     7
370
    25
100
AcDbLine
 10
-28.00000000010004
 20
737.1871958341001
 30
0.0
 11
-23.50000000010004
 21
720.2756613088
 31
0.0
  0
ARC
  5
2A97
330
27FF
100
AcDbEntity
  8
0
  6
Continuous
 62
     7
370
    25
100
AcDbCircle
 10
19.63450639410007
 20
721.3042327374001
 30
0.0
 40
4.00000000000008
100
AcDbArc
 50
165.0994033122006
 51
345.0994033122006
  0
ARC
  5
2A98
330
27FF
100
AcDbEntity
  8
0
  6
Continuous
 62
     7
370
    25
100
AcDbCircle
 10
24.13450639410007
 20
738.2157672627
 30
0.0
 40
4.000000000000285
100
AcDbArc
 50
345.0994033122006
 51
165.099403312199
  0
ARC
  5
2A99
330
27FF
100
AcDbEntity
  8
0
  6
Continuous
 62
     7
370
    25
100
AcDbCircle
 10
-24.13450639429993
 20
738.2157672627
 30
0.0
 40
4.000000000000065
100
AcDbArc
 50
14.90059668780026
 51
194.9005966878003
  0
ARC
  5
2A9A
330
27FF
100
AcDbEntity
  8
0
  6
Continuous
 62
     7
370
    25
100
AcDbCircle
 10
-19.63450639429993
 20
721.3042327374001
 30
0.0
 40
4.00000000000008
100
AcDbArc
 50
194.9005966877994
 51
14.90059668779942
  0
LINE
  5
2A9B
330
27FF
100
AcDbEntity
  8
0
  6
Continuous
 62
     7
370
    25
100
AcDbLine
 10
23.49999999989996
 20
770.2756613088
 30
0.0
 11
27.99999999989996
 21
787.1871958341001
 31
0.0
  0
LINE
  5
2A9C
330
27FF
100
AcDbEntity
  8
0
  6
Continuous
 62
     7
370
    25
100
AcDbLine
 10
20.26901278829996
 20
789.2443386913001
 30
0.0
 11
15.76901278829996
 21
772.332804166
 31
0.0
  0
LINE
  5
2A9D
330
27FF
100
AcDbEntity
  8
0
  6
Continuous
 62
     7
370
    25
100
AcDbLine
 10
-15.76901278850005
 20
772.332804166
 30
0.0
 11
-20.26901278850005
 21
789.2443386913001
 31
0.0
  0
LINE
  5
2A9E
330
27FF
100
AcDbEntity
  8
0
  6
Continuous
 62
     7
370
    25
100
AcDbLine
 10
-28.00000000010004
 20
787.1871958341001
 30
0.0
 11
-23.50000000010004
 21
770.2756613088
 31
0.0
  0
ARC
  5
2A9F
330
27FF
100
AcDbEntity
  8
0
  6
Continuous
 62
     7
370
    25
100
AcDbCircle
 10
19.63450639410007
 20
771.3042327374001
 30
0.0
 40
4.00000000000008
100
AcDbArc
 50
165.0994033122006
 51
345.0994033122006
  0
ARC
  5
2AA0
330
27FF
100
AcDbEntity
  8
0
  6
Continuous
 62
     7
370
    25
100
AcDbCircle
 10
24.13450639410007
 20
788.2157672627
 30
0.0
 40
4.000000000000285
100
AcDbArc
 50
345.0994033122006
 51
165.099403312199
  0
ARC
  5
2AA1
330
27FF
100
AcDbEntity
  8
0
  6
Continuous
 62
     7
370
    25
100
AcDbCircle
 10
-24.13450639429993
 20
788.2157672627
 30
0.0
 40
4.000000000000065
100
AcDbArc
 50
14.90059668780026
 51
194.9005966878003
  0
ARC
  5
2AA2
330
27FF
100
AcDbEntity
  8
0
  6
Continuous
 62
     7
370
    25
100
AcDbCircle
 10
-19.63450639429993
 20
771.3042327374001
 30
0.0
 40
4.00000000000008
100
AcDbArc
 50
194.9005966877994
 51
14.90059668779942
  0
LINE
  5
2AA3
330
27FF
100
AcDbEntity
  8
0
  6
Continuous
 62
     7
370
    25
100
AcDbLine
 10
23.49999999989996
 20
820.2756613088
 30
0.0
 11
27.99999999989996
 21
837.1871958341001
 31
0.0
  0
LINE
  5
2AA4
330
27FF
100
AcDbEntity
  8
0
  6
Continuous
 62
     7
370
    25
100
AcDbLine
 10
20.26901278829996
 20
839.2443386913001
 30
0.0
 11
15.76901278829996
 21
822.332804166
 31
0.0
  0
LINE
  5
2AA5
330
27FF
100
AcDbEntity
  8
0
  6
Continuous
 62
     7
370
    25
100
AcDbLine
 10
-15.76901278850005
 20
822.332804166
 30
0.0
 11
-20.26901278850005
 21
839.2443386913001
 31
0.0
  0
LINE
  5
2AA6
330
27FF
100
AcDbEntity
  8
0
  6
Continuous
 62
     7
370
    25
100
AcDbLine
 10
-28.00000000010004
 20
837.1871958341001
 30
0.0
 11
-23.50000000010004
 21
820.2756613088
 31
0.0
  0
ARC
  5
2AA7
330
27FF
100
AcDbEntity
  8
0
  6
Continuous
 62
     7
370
    25
100
AcDbCircle
 10
19.63450639410007
 20
821.3042327374001
 30
0.0
 40
4.00000000000008
100
AcDbArc
 50
165.0994033122006
 51
345.0994033122006
  0
ARC
  5
2AA8
330
27FF
100
AcDbEntity
  8
0
  6
Continuous
 62
     7
370
    25
100
AcDbCircle
 10
24.13450639410007
 20
838.2157672627
 30
0.0
 40
4.000000000000285
100
AcDbArc
 50
345.0994033122006
 51
165.099403312199
  0
ARC
  5
2AA9
330
27FF
100
AcDbEntity
  8
0
  6
Continuous
 62
     7
370
    25
100
AcDbCircle
 10
-24.13450639429993
 20
838.2157672627
 30
0.0
 40
4.000000000000065
100
AcDbArc
 50
14.90059668780026
 51
194.9005966878003
  0
ARC
  5
2AAA
330
27FF
100
AcDbEntity
  8
0
  6
Continuous
 62
     7
370
    25
100
AcDbCircle
 10
-19.63450639429993
 20
821.3042327374001
 30
0.0
 40
4.00000000000008
100
AcDbArc
 50
194.9005966877994
 51
14.90059668779942
  0
LINE
  5
2AAB
330
27FF
100
AcDbEntity
  8
0
  6
Continuous
 62
     7
370
    25
100
AcDbLine
 10
23.49999999989996
 20
870.2756613088
 30
0.0
 11
27.99999999989996
 21
887.1871958341001
 31
0.0
  0
LINE
  5
2AAC
330
27FF
100
AcDbEntity
  8
0
  6
Continuous
 62
     7
370
    25
100
AcDbLine
 10
20.26901278829996
 20
889.2443386913001
 30
0.0
 11
15.76901278829996
 21
872.332804166
 31
0.0
  0
LINE
  5
2AAD
330
27FF
100
AcDbEntity
  8
0
  6
Continuous
 62
     7
370
    25
100
AcDbLine
 10
-15.76901278850005
 20
872.332804166
 30
0.0
 11
-20.26901278850005
 21
889.2443386913001
 31
0.0
  0
LINE
  5
2AAE
330
27FF
100
AcDbEntity
  8
0
  6
Continuous
 62
     7
370
    25
100
AcDbLine
 10
-28.00000000010004
 20
887.1871958341001
 30
0.0
 11
-23.50000000010004
 21
870.2756613088
 31
0.0
  0
ARC
  5
2AAF
330
27FF
100
AcDbEntity
  8
0
  6
Continuous
 62
     7
370
    25
100
AcDbCircle
 10
19.63450639410007
 20
871.3042327374001
 30
0.0
 40
4.00000000000008
100
AcDbArc
 50
165.0994033122006
 51
345.0994033122006
  0
ARC
  5
2AB0
330
27FF
100
AcDbEntity
  8
0
  6
Continuous
 62
     7
370
    25
100
AcDbCircle
 10
24.13450639410007
 20
888.2157672627
 30
0.0
 40
4.000000000000285
100
AcDbArc
 50
345.0994033122006
 51
165.099403312199
  0
ARC
  5
2AB1
330
27FF
100
AcDbEntity
  8
0
  6
Continuous
 62
     7
370
    25
100
AcDbCircle
 10
-24.13450639429993
 20
888.2157672627
 30
0.0
 40
4.000000000000065
100
AcDbArc
 50
14.90059668780026
 51
194.9005966878003
  0
ARC
  5
2AB2
330
27FF
100
AcDbEntity
  8
0
  6
Continuous
 62
     7
370
    25
100
AcDbCircle
 10
-19.63450639429993
 20
871.3042327374001
 30
0.0
 40
4.00000000000008
100
AcDbArc
 50
194.9005966877994
 51
14.90059668779942
  0
LINE
  5
2AB3
330
27FF
100
AcDbEntity
  8
0
  6
Continuous
 62
     7
370
    25
100
AcDbLine
 10
23.49999999989996
 20
920.2756613088
 30
0.0
 11
27.99999999989996
 21
937.1871958341001
 31
0.0
  0
LINE
  5
2AB4
330
27FF
100
AcDbEntity
  8
0
  6
Continuous
 62
     7
370
    25
100
AcDbLine
 10
20.26901278829996
 20
939.2443386913001
 30
0.0
 11
15.76901278829996
 21
922.332804166
 31
0.0
  0
LINE
  5
2AB5
330
27FF
100
AcDbEntity
  8
0
  6
Continuous
 62
     7
370
    25
100
AcDbLine
 10
-15.76901278850005
 20
922.332804166
 30
0.0
 11
-20.26901278850005
 21
939.2443386913001
 31
0.0
  0
LINE
  5
2AB6
330
27FF
100
AcDbEntity
  8
0
  6
Continuous
 62
     7
370
    25
100
AcDbLine
 10
-28.00000000010004
 20
937.1871958341001
 30
0.0
 11
-23.50000000010004
 21
920.2756613088
 31
0.0
  0
ARC
  5
2AB7
330
27FF
100
AcDbEntity
  8
0
  6
Continuous
 62
     7
370
    25
100
AcDbCircle
 10
19.63450639410007
 20
921.3042327374001
 30
0.0
 40
4.00000000000008
100
AcDbArc
 50
165.0994033122006
 51
345.0994033122006
  0
ARC
  5
2AB8
330
27FF
100
AcDbEntity
  8
0
  6
Continuous
 62
     7
370
    25
100
AcDbCircle
 10
24.13450639410007
 20
938.2157672627
 30
0.0
 40
4.000000000000285
100
AcDbArc
 50
345.0994033122006
 51
165.099403312199
  0
ARC
  5
2AB9
330
27FF
100
AcDbEntity
  8
0
  6
Continuous
 62
     7
370
    25
100
AcDbCircle
 10
-24.13450639429993
 20
938.2157672627
 30
0.0
 40
4.000000000000065
100
AcDbArc
 50
14.90059668780026
 51
194.9005966878003
  0
ARC
  5
2ABA
330
27FF
100
AcDbEntity
  8
0
  6
Continuous
 62
     7
370
    25
100
AcDbCircle
 10
-19.63450639429993
 20
921.3042327374001
 30
0.0
 40
4.00000000000008
100
AcDbArc
 50
194.9005966877994
 51
14.90059668779942
  0
LINE
  5
2ABB
330
27FF
100
AcDbEntity
  8
0
  6
Continuous
 62
     7
370
    25
100
AcDbLine
 10
23.49999999989996
 20
970.2756613088002
 30
0.0
 11
27.99999999989996
 21
987.1871958341001
 31
0.0
  0
LINE
  5
2ABC
330
27FF
100
AcDbEntity
  8
0
  6
Continuous
 62
     7
370
    25
100
AcDbLine
 10
20.26901278829996
 20
989.2443386913001
 30
0.0
 11
15.76901278829996
 21
972.3328041660002
 31
0.0
  0
LINE
  5
2ABD
330
27FF
100
AcDbEntity
  8
0
  6
Continuous
 62
     7
370
    25
100
AcDbLine
 10
-15.76901278850005
 20
972.3328041660002
 30
0.0
 11
-20.26901278850005
 21
989.2443386913001
 31
0.0
  0
LINE
  5
2ABE
330
27FF
100
AcDbEntity
  8
0
  6
Continuous
 62
     7
370
    25
100
AcDbLine
 10
-28.00000000010004
 20
987.1871958341001
 30
0.0
 11
-23.50000000010004
 21
970.2756613088002
 31
0.0
  0
ARC
  5
2ABF
330
27FF
100
AcDbEntity
  8
0
  6
Continuous
 62
     7
370
    25
100
AcDbCircle
 10
19.63450639410007
 20
971.3042327374001
 30
0.0
 40
4.00000000000008
100
AcDbArc
 50
165.0994033122006
 51
345.0994033122006
  0
ARC
  5
2AC0
330
27FF
100
AcDbEntity
  8
0
  6
Continuous
 62
     7
370
    25
100
AcDbCircle
 10
24.13450639410007
 20
988.2157672627002
 30
0.0
 40
4.000000000000285
100
AcDbArc
 50
345.0994033121974
 51
165.0994033122006
  0
ARC
  5
2AC1
330
27FF
100
AcDbEntity
  8
0
  6
Continuous
 62
     7
370
    25
100
AcDbCircle
 10
-24.13450639429993
 20
988.2157672627002
 30
0.0
 40
4.000000000000065
100
AcDbArc
 50
14.90059668780026
 51
194.9005966878034
  0
ARC
  5
2AC2
330
27FF
100
AcDbEntity
  8
0
  6
Continuous
 62
     7
370
    25
100
AcDbCircle
 10
-19.63450639429993
 20
971.3042327374001
 30
0.0
 40
4.00000000000008
100
AcDbArc
 50
194.9005966877994
 51
14.90059668779942
  0
ENDBLK
  5
2AC6
330
27FF
100
AcDbEntity
  8
0
100
AcDbBlockEnd
  0
ENDSEC
  0
SECTION
  2
ENTITIES
  0
INSERT
  5
2AC7
330
1F
100
AcDbEntity
  8
0
100
AcDbBlockReference
  2
DI_COLUNA_FRONTAL_80
 10
1270.3309889651
 20
-453.9295111946
 30
0.0
  0
ENDSEC
  0
SECTION
  2
OBJECTS
  0
DICTIONARY
  5
C
330
0
100
AcDbDictionary
281
     1
  3
ACAD_DETAILVIEWSTYLE
350
2B00
  3
ACAD_DGNDEFINITIONS
350
26A5
  3
ACAD_DWFDEFINITIONS
350
26A4
  3
ACAD_GROUP
350
D
  3
ACAD_LAYOUT
350
1A
  3
ACAD_MATERIAL
350
2699
  3
ACAD_MLEADERSTYLE
350
269F
  3
ACAD_MLINESTYLE
350
17
  3
ACAD_PDFDEFINITIONS
350
26A3
  3
ACAD_PLOTSETTINGS
350
19
  3
ACAD_PLOTSTYLENAME
350
E
  3
ACAD_SCALELIST
350
47
  3
ACAD_SECTIONVIEWSTYLE
350
2B01
  3
ACAD_TABLESTYLE
350
269D
  3
ACAD_VISUALSTYLE
350
2680
  3
ACDB_RECOMPOSE_DATA
350
2AFC
  3
AcDbVariableDictionary
350
2AC8
  0
SUN
  5
26A1
330
29
100
AcDbSun
 90
        1
290
     0
 63
     7
421
 16777215
 40
1.0
291
     1
 91
  2455826
 92
 54000000
292
     0
 70
     2
 71
   256
280
     1
  0
DICTIONARY
  5
2B00
102
{ACAD_REACTORS
330
C
102
}
330
C
100
AcDbDictionary
281
     1
  0
DICTIONARY
  5
26A5
102
{ACAD_REACTORS
330
C
102
}
330
C
100
AcDbDictionary
281
     1
  0
DICTIONARY
  5
26A4
102
{ACAD_REACTORS
330
C
102
}
330
C
100
AcDbDictionary
281
     1
  0
DICTIONARY
  5
D
102
{ACAD_REACTORS
330
C
102
}
330
C
100
AcDbDictionary
281
     1
  0
DICTIONARY
  5
1A
102
{ACAD_REACTORS
330
C
102
}
330
C
100
AcDbDictionary
281
     1
  3
Layout1
350
1E
  3
Layout2
350
26
  3
Model
350
22
  0
DICTIONARY
  5
2699
102
{ACAD_REACTORS
330
C
102
}
330
C
100
AcDbDictionary
281
     1
  3
ByBlock
350
269B
  3
ByLayer
350
269A
  3
Global
350
269C
  0
DICTIONARY
  5
269F
102
{ACAD_REACTORS
330
C
102
}
330
C
100
AcDbDictionary
281
     1
  3
Standard
350
26A0
  0
DICTIONARY
  5
17
102
{ACAD_REACTORS
330
C
102
}
330
C
100
AcDbDictionary
281
     1
  3
Standard
350
18
  0
DICTIONARY
  5
26A3
102
{ACAD_REACTORS
330
C
102
}
330
C
100
AcDbDictionary
281
     1
  0
DICTIONARY
  5
19
102
{ACAD_REACTORS
330
C
102
}
330
C
100
AcDbDictionary
281
     1
  0
ACDBDICTIONARYWDFLT
  5
E
102
{ACAD_REACTORS
330
C
102
}
330
C
100
AcDbDictionary
281
     1
  3
Normal
350
F
100
AcDbDictionaryWithDefault
340
F
  0
DICTIONARY
  5
47
102
{ACAD_REACTORS
330
C
102
}
330
C
100
AcDbDictionary
281
     1
  3
A0
350
48
  3
A1
350
49
  3
A2
350
4A
  3
A3
350
4B
  3
A4
350
4C
  3
A5
350
4D
  3
A6
350
4E
  3
A7
350
4F
  3
A8
350
50
  3
A9
350
51
  3
B0
350
52
  3
B1
350
53
  3
B2
350
54
  3
B3
350
55
  3
B4
350
56
  3
B5
350
57
  3
B6
350
58
  0
DICTIONARY
  5
2B01
102
{ACAD_REACTORS
330
C
102
}
330
C
100
AcDbDictionary
281
     1
  0
DICTIONARY
  5
269D
102
{ACAD_REACTORS
330
C
102
}
330
C
100
AcDbDictionary
281
     1
  3
Standard
350
269E
  0
DICTIONARY
  5
2680
102
{ACAD_REACTORS
330
C
102
}
330
C
100
AcDbDictionary
281
     1
  3
2dWireframe
350
2685
  3
Basic
350
2688
  3
Brighten
350
268C
  3
ColorChange
350
2690
  3
Conceptual
350
268A
  3
Dim
350
268B
  3
EdgeColorOff
350
2693
  3
Facepattern
350
268F
  3
Flat
350
2681
  3
FlatWithEdges
350
2682
  3
Gouraud
350
2683
  3
GouraudWithEdges
350
2684
  3
Hidden
350
2687
  3
JitterOff
350
2691
  3
Linepattern
350
268E
  3
OverhangOff
350
2692
  3
Realistic
350
2689
  3
Shaded
350
2698
  3
Shaded with edges
350
2697
  3
Shades of Gray
350
2694
  3
Sketchy
350
2695
  3
Thicken
350
268D
  3
Wireframe
350
2686
  3
X-Ray
350
2696
  0
XRECORD
  5
2AFC
102
{ACAD_REACTORS
330
C
102
}
330
C
100
AcDbXrecord
280
     1
 90
        1
330
269E
  0
DICTIONARY
  5
2AC8
102
{ACAD_REACTORS
330
C
102
}
330
C
100
AcDbDictionary
281
     1
  3
CANNOSCALE
350
2AC9
  3
CMLEADERSTYLE
350
2AFE
  3
CTABLESTYLE
350
2AFD
  3
MSLTSCALE
350
2AFF
  0
LAYOUT
  5
1E
102
{ACAD_REACTORS
330
1A
102
}
330
1A
100
AcDbPlotSettings
  1

  2
none_device
  4

  6

 40
0.0
 41
0.0
 42
0.0
 43
0.0
 44
0.0
 45
0.0
 46
0.0
 47
0.0
 48
0.0
 49
0.0
140
0.0
141
0.0
142
1.0
143
1.0
 70
   688
 72
     1
 73
     0
 74
     5
  7

 75
    16
 76
     0
 77
     2
 78
   300
147
1.0
148
0.0
149
0.0
100
AcDbLayout
  1
Layout1
 70
     1
 71
     1
 10
0.0
 20
0.0
 11
420.0
 21
297.0
 12
0.0
 22
0.0
 32
0.0
 14
1.000000000000000E+20
 24
1.000000000000000E+20
 34
1.000000000000000E+20
 15
-1.000000000000000E+20
 25
-1.000000000000000E+20
 35
-1.000000000000000E+20
146
0.0
 13
0.0
 23
0.0
 33
0.0
 16
1.0
 26
0.0
 36
0.0
 17
0.0
 27
1.0
 37
0.0
 76
     0
330
1B
  0
LAYOUT
  5
26
102
{ACAD_REACTORS
330
1A
102
}
330
1A
100
AcDbPlotSettings
  1

  2
none_device
  4

  6

 40
0.0
 41
0.0
 42
0.0
 43
0.0
 44
0.0
 45
0.0
 46
0.0
 47
0.0
 48
0.0
 49
0.0
140
0.0
141
0.0
142
1.0
143
1.0
 70
   688
 72
     1
 73
     0
 74
     5
  7

 75
    16
 76
     0
 77
     2
 78
   300
147
1.0
148
0.0
149
0.0
100
AcDbLayout
  1
Layout2
 70
     1
 71
     2
 10
0.0
 20
0.0
 11
0.0
 21
0.0
 12
0.0
 22
0.0
 32
0.0
 14
0.0
 24
0.0
 34
0.0
 15
0.0
 25
0.0
 35
0.0
146
0.0
 13
0.0
 23
0.0
 33
0.0
 16
1.0
 26
0.0
 36
0.0
 17
0.0
 27
1.0
 37
0.0
 76
     0
330
23
  0
LAYOUT
  5
22
102
{ACAD_REACTORS
330
1A
102
}
330
1A
100
AcDbPlotSettings
  1

  2
none_device
  4
ANSI_A_(11.00_x_8.50_Inches)
  6

 40
6.35
 41
19.05
 42
6.35000508
 43
19.05000254
 44
279.4
 45
215.9
 46
-95.8529863894
 47
78.3426068576
 48
0.0
 49
0.0
140
0.0
141
0.0
142
0.0071034554
143
1.0
 70
  1696
 72
     0
 73
     0
 74
     0
  7

 75
     0
 76
     0
 77
     2
 78
   300
147
0.0179189148
148
-1300.4909072572
149
0.0
100
AcDbLayout
  1
Model
 70
     1
 71
     0
 10
0.0
 20
0.0
 11
420.0
 21
297.0
 12
0.0
 22
0.0
 32
0.0
 14
1160.153756328129
 24
-533.8042456657
 34
0.0
 15
1596.843536466386
 25
650.8304888054
 35
0.0
146
0.0
 13
0.0
 23
0.0
 33
0.0
 16
1.0
 26
0.0
 36
0.0
 17
0.0
 27
1.0
 37
0.0
 76
     0
330
1F
331
29
  0
MATERIAL
  5
269B
102
{ACAD_REACTORS
330
2699
102
}
330
2699
100
AcDbMaterial
  1
ByBlock
 72
     1
 94
      127
  0
MATERIAL
  5
269A
102
{ACAD_REACTORS
330
2699
102
}
330
2699
100
AcDbMaterial
  1
ByLayer
 72
     1
 94
      127
  0
MATERIAL
  5
269C
102
{ACAD_REACTORS
330
2699
102
}
330
2699
100
AcDbMaterial
  1
Global
 72
     1
 94
      127
1001
ACAD
1070
    -1
1070
     3
1070
     0
1000

1071
        0
  0
MLEADERSTYLE
  5
26A0
102
{ACAD_REACTORS
330
269F
102
}
330
269F
100
AcDbMLeaderStyle
179
     2
170
     2
171
     1
172
     0
 90
        2
 40
0.0
 41
0.0
173
     1
 91
-1056964608
340
14
 92
       -2
290
     1
 42
2.0
291
     1
 43
8.0
  3
Standard
341
0
 44
4.0
300

342
11
174
     1
178
     6
175
     1
176
     0
 93
-1056964608
 45
4.0
292
     0
297
     0
 46
4.0
343
0
 94
-1056964608
 47
1.0
 49
1.0
140
1.0
293
     1
141
0.0
294
     1
177
     0
142
1.0
295
     0
296
     0
143
3.75
271
     0
272
     9
273
     9
  0
MLINESTYLE
  5
18
102
{ACAD_REACTORS
330
17
102
}
330
17
100
AcDbMlineStyle
  2
Standard
 70
     0
  3

 62
   256
 51
90.0
 52
90.0
 71
     2
 49
0.5
 62
   256
  6
BYLAYER
 49
-0.5
 62
   256
  6
BYLAYER
  0
ACDBPLACEHOLDER
  5
F
102
{ACAD_REACTORS
330
E
102
}
330
E
  0
SCALE
  5
48
102
{ACAD_REACTORS
330
47
102
}
330
47
100
AcDbScale
 70
     0
300
1:1
140
1.0
141
1.0
290
     1
  0
SCALE
  5
49
102
{ACAD_REACTORS
330
47
102
}
330
47
100
AcDbScale
 70
     0
300
1:2
140
1.0
141
2.0
290
     0
  0
SCALE
  5
4A
102
{ACAD_REACTORS
330
47
102
}
330
47
100
AcDbScale
 70
     0
300
1:4
140
1.0
141
4.0
290
     0
  0
SCALE
  5
4B
102
{ACAD_REACTORS
330
47
102
}
330
47
100
AcDbScale
 70
     0
300
1:5
140
1.0
141
5.0
290
     0
  0
SCALE
  5
4C
102
{ACAD_REACTORS
330
47
102
}
330
47
100
AcDbScale
 70
     0
300
1:8
140
1.0
141
8.0
290
     0
  0
SCALE
  5
4D
102
{ACAD_REACTORS
330
47
102
}
330
47
100
AcDbScale
 70
     0
300
1:10
140
1.0
141
10.0
290
     0
  0
SCALE
  5
4E
102
{ACAD_REACTORS
330
47
102
}
330
47
100
AcDbScale
 70
     0
300
1:16
140
1.0
141
16.0
290
     0
  0
SCALE
  5
4F
102
{ACAD_REACTORS
330
47
102
}
330
47
100
AcDbScale
 70
     0
300
1:20
140
1.0
141
20.0
290
     0
  0
SCALE
  5
50
102
{ACAD_REACTORS
330
47
102
}
330
47
100
AcDbScale
 70
     0
300
1:30
140
1.0
141
30.0
290
     0
  0
SCALE
  5
51
102
{ACAD_REACTORS
330
47
102
}
330
47
100
AcDbScale
 70
     0
300
1:40
140
1.0
141
40.0
290
     0
  0
SCALE
  5
52
102
{ACAD_REACTORS
330
47
102
}
330
47
100
AcDbScale
 70
     0
300
1:50
140
1.0
141
50.0
290
     0
  0
SCALE
  5
53
102
{ACAD_REACTORS
330
47
102
}
330
47
100
AcDbScale
 70
     0
300
1:100
140
1.0
141
100.0
290
     0
  0
SCALE
  5
54
102
{ACAD_REACTORS
330
47
102
}
330
47
100
AcDbScale
 70
     0
300
2:1
140
2.0
141
1.0
290
     0
  0
SCALE
  5
55
102
{ACAD_REACTORS
330
47
102
}
330
47
100
AcDbScale
 70
     0
300
4:1
140
4.0
141
1.0
290
     0
  0
SCALE
  5
56
102
{ACAD_REACTORS
330
47
102
}
330
47
100
AcDbScale
 70
     0
300
8:1
140
8.0
141
1.0
290
     0
  0
SCALE
  5
57
102
{ACAD_REACTORS
330
47
102
}
330
47
100
AcDbScale
 70
     0
300
10:1
140
10.0
141
1.0
290
     0
  0
SCALE
  5
58
102
{ACAD_REACTORS
330
47
102
}
330
47
100
AcDbScale
 70
     0
300
100:1
140
100.0
141
1.0
290
     0
  0
TABLESTYLE
  5
269E
102
{ACAD_REACTORS
330
269D
102
}
102
{ACAD_XDICTIONARY
360
2AFA
102
}
330
269D
100
AcDbTableStyle
  3
Standard
 70
     0
 71
     0
 40
0.06
 41
0.06
280
     0
281
     0
  7
Standard
140
4.5
170
     2
 62
     0
 63
   257
283
     0
 90
      512
 91
        0
  1

274
    -2
284
     1
 64
     0
275
    -2
285
     1
 65
     0
276
    -2
286
     1
 66
     0
277
    -2
287
     1
 67
     0
278
    -2
288
     1
 68
     0
279
    -2
289
     1
 69
     0
  7
Standard
140
6.0
170
     5
 62
     0
 63
   257
283
     0
 90
      512
 91
        0
  1

274
    -2
284
     1
 64
     0
275
    -2
285
     1
 65
     0
276
    -2
286
     1
 66
     0
277
    -2
287
     1
 67
     0
278
    -2
288
     1
 68
     0
279
    -2
289
     1
 69
     0
  7
Standard
140
4.5
170
     5
 62
     0
 63
   257
283
     0
 90
      512
 91
        0
  1

274
    -2
284
     1
 64
     0
275
    -2
285
     1
 65
     0
276
    -2
286
     1
 66
     0
277
    -2
287
     1
 67
     0
278
    -2
288
     1
 68
     0
279
    -2
289
     1
 69
     0
  0
VISUALSTYLE
  5
2685
102
{ACAD_REACTORS
330
2680
102
}
102
{ACAD_XDICTIONARY
360
2AD2
102
}
330
2680
100
AcDbVisualStyle
  2
2dWireframe
 70
     4
177
     2
291
     0
 71
     0
176
     1
 72
     2
176
     1
 73
     0
176
     1
 90
        0
176
     1
 40
0.6
176
     1
 41
30.0
176
     1
 62
     5
 63
     7
421
 16777215
176
     1
 74
     1
176
     1
 91
        4
176
     1
 64
     7
176
     1
 65
   257
176
     1
 75
     1
176
     1
175
     1
176
     1
 42
1.0
176
     1
 92
        0
176
     1
 66
   257
176
     1
 43
1.0
176
     1
 76
     1
176
     1
 77
     6
176
     1
 78
     2
176
     1
 67
     7
176
     1
 79
     5
176
     1
170
     0
176
     1
171
     0
176
     1
290
     0
176
     1
 93
        1
176
     1
 44
0.0
176
     1
173
     0
176
     1
  0
VISUALSTYLE
  5
2688
102
{ACAD_REACTORS
330
2680
102
}
102
{ACAD_XDICTIONARY
360
2AD8
102
}
330
2680
100
AcDbVisualStyle
  2
Basic
 70
     7
177
     2
291
     1
 71
     1
176
     1
 72
     0
176
     1
 73
     1
176
     1
 90
        0
176
     1
 40
0.6
176
     1
 41
30.0
176
     1
 62
     5
 63
     7
421
 16777215
176
     1
 74
     0
176
     1
 91
        4
176
     1
 64
     7
176
     1
 65
   257
176
     1
 75
     1
176
     1
175
     1
176
     1
 42
1.0
176
     1
 92
        8
176
     1
 66
     7
176
     1
 43
1.0
176
     1
 76
     1
176
     1
 77
     6
176
     1
 78
     2
176
     1
 67
     7
176
     1
 79
     5
176
     1
170
     0
176
     1
171
     0
176
     1
290
     0
176
     1
 93
        1
176
     1
 44
0.0
176
     1
173
     0
176
     1
  0
VISUALSTYLE
  5
268C
102
{ACAD_REACTORS
330
2680
102
}
102
{ACAD_XDICTIONARY
360
2AE0
102
}
330
2680
100
AcDbVisualStyle
  2
Brighten
 70
    12
177
     2
291
     1
 71
     2
176
     1
 72
     2
176
     1
 73
     0
176
     1
 90
        0
176
     1
 40
0.6
176
     1
 41
30.0
176
     1
 62
     5
 63
     7
421
 16777215
176
     1
 74
     1
176
     1
 91
        4
176
     1
 64
     7
176
     1
 65
   257
176
     1
 75
     1
176
     1
175
     1
176
     1
 42
1.0
176
     1
 92
        8
176
     1
 66
     7
176
     1
 43
1.0
176
     1
 76
     1
176
     1
 77
     6
176
     1
 78
     2
176
     1
 67
     7
176
     1
 79
     5
176
     1
170
     0
176
     1
171
     0
176
     1
290
     0
176
     1
 93
        1
176
     1
 44
50.0
176
     1
173
     0
176
     1
  0
VISUALSTYLE
  5
2690
102
{ACAD_REACTORS
330
2680
102
}
102
{ACAD_XDICTIONARY
360
2AE8
102
}
330
2680
100
AcDbVisualStyle
  2
ColorChange
 70
    16
177
     2
291
     1
 71
     2
176
     1
 72
     2
176
     1
 73
     3
176
     1
 90
        0
176
     1
 40
0.6
176
     1
 41
30.0
176
     1
 62
     5
 63
     8
421
  8421504
176
     1
 74
     1
176
     1
 91
        4
176
     1
 64
     7
176
     1
 65
   257
176
     1
 75
     1
176
     1
175
     1
176
     1
 42
1.0
176
     1
 92
        8
176
     1
 66
     8
424
  8421504
176
     1
 43
1.0
176
     1
 76
     1
176
     1
 77
     6
176
     1
 78
     2
176
     1
 67
     7
176
     1
 79
     5
176
     1
170
     0
176
     1
171
     0
176
     1
290
     0
176
     1
 93
        1
176
     1
 44
0.0
176
     1
173
     0
176
     1
  0
VISUALSTYLE
  5
268A
102
{ACAD_REACTORS
330
2680
102
}
102
{ACAD_XDICTIONARY
360
2ADC
102
}
330
2680
100
AcDbVisualStyle
  2
Conceptual
 70
     9
177
     2
291
     0
 71
     3
176
     1
 72
     2
176
     1
 73
     0
176
     1
 90
        0
176
     1
 40
0.6
176
     1
 41
30.0
176
     1
 62
     5
 63
     7
421
 16777215
176
     1
 74
     2
176
     1
 91
        2
176
     1
 64
     7
176
     1
 65
   257
176
     1
 75
     1
176
     1
175
     1
176
     1
 42
179.0
176
     1
 92
        8
176
     1
 66
     7
176
     1
 43
1.0
176
     1
 76
     1
176
     1
 77
     6
176
     1
 78
     2
176
     1
 67
     7
176
     1
 79
     3
176
     1
170
     0
176
     1
171
     0
176
     1
290
     0
176
     1
 93
        1
176
     1
 44
0.0
176
     1
173
     0
176
     1
  0
VISUALSTYLE
  5
268B
102
{ACAD_REACTORS
330
2680
102
}
102
{ACAD_XDICTIONARY
360
2ADE
102
}
330
2680
100
AcDbVisualStyle
  2
Dim
 70
    11
177
     2
291
     1
 71
     2
176
     1
 72
     2
176
     1
 73
     0
176
     1
 90
        0
176
     1
 40
0.6
176
     1
 41
30.0
176
     1
 62
     5
 63
     7
421
 16777215
176
     1
 74
     1
176
     1
 91
        4
176
     1
 64
     7
176
     1
 65
   257
176
     1
 75
     1
176
     1
175
     1
176
     1
 42
1.0
176
     1
 92
        8
176
     1
 66
     7
176
     1
 43
1.0
176
     1
 76
     1
176
     1
 77
     6
176
     1
 78
     2
176
     1
 67
     7
176
     1
 79
     5
176
     1
170
     0
176
     1
171
     0
176
     1
290
     0
176
     1
 93
        1
176
     1
 44
-50.0
176
     1
173
     0
176
     1
  0
VISUALSTYLE
  5
2693
102
{ACAD_REACTORS
330
2680
102
}
102
{ACAD_XDICTIONARY
360
2AEE
102
}
330
2680
100
AcDbVisualStyle
  2
EdgeColorOff
 70
    22
177
     2
291
     1
 71
     2
176
     0
 72
     2
176
     0
 73
     0
176
     0
 90
        0
176
     0
 40
0.6
176
     0
 41
30.0
176
     0
 62
     5
 63
     7
421
 16777215
176
     0
 74
     1
176
     0
 91
        4
176
     0
 64
     7
176
     0
 65
   257
176
     0
 75
     1
176
     0
175
     1
176
     0
 42
1.0
176
     0
 92
        8
176
     2
 66
     7
176
     0
 43
1.0
176
     0
 76
     1
176
     0
 77
     6
176
     0
 78
     2
176
     0
 67
     7
176
     0
 79
     5
176
     0
170
     0
176
     0
171
     0
176
     0
290
     0
176
     0
 93
        1
176
     0
 44
0.0
176
     0
173
     0
176
     0
  0
VISUALSTYLE
  5
268F
102
{ACAD_REACTORS
330
2680
102
}
102
{ACAD_XDICTIONARY
360
2AE6
102
}
330
2680
100
AcDbVisualStyle
  2
Facepattern
 70
    15
177
     2
291
     1
 71
     2
176
     1
 72
     2
176
     1
 73
     0
176
     1
 90
        0
176
     1
 40
0.6
176
     1
 41
30.0
176
     1
 62
     5
 63
     7
421
 16777215
176
     1
 74
     1
176
     1
 91
        4
176
     1
 64
     7
176
     1
 65
   257
176
     1
 75
     1
176
     1
175
     1
176
     1
 42
1.0
176
     1
 92
        8
176
     1
 66
     7
176
     1
 43
1.0
176
     1
 76
     1
176
     1
 77
     6
176
     1
 78
     2
176
     1
 67
     7
176
     1
 79
     5
176
     1
170
     0
176
     1
171
     0
176
     1
290
     0
176
     1
 93
        1
176
     1
 44
0.0
176
     1
173
     0
176
     1
  0
VISUALSTYLE
  5
2681
102
{ACAD_REACTORS
330
2680
102
}
102
{ACAD_XDICTIONARY
360
2ACA
102
}
330
2680
100
AcDbVisualStyle
  2
Flat
 70
     0
177
     2
291
     1
 71
     2
176
     1
 72
     1
176
     1
 73
     1
176
     1
 90
        2
176
     1
 40
0.6
176
     1
 41
30.0
176
     1
 62
     5
 63
     7
421
 16777215
176
     1
 74
     0
176
     1
 91
        0
176
     1
 64
     7
176
     1
 65
   257
176
     1
 75
     1
176
     1
175
     1
176
     1
 42
1.0
176
     1
 92
        8
176
     1
 66
     7
176
     1
 43
1.0
176
     1
 76
     1
176
     1
 77
     6
176
     1
 78
     2
176
     1
 67
     7
176
     1
 79
     5
176
     1
170
     0
176
     1
171
     0
176
     1
290
     0
176
     1
 93
       13
176
     1
 44
0.0
176
     1
173
     0
176
     1
  0
VISUALSTYLE
  5
2682
102
{ACAD_REACTORS
330
2680
102
}
102
{ACAD_XDICTIONARY
360
2ACC
102
}
330
2680
100
AcDbVisualStyle
  2
FlatWithEdges
 70
     1
177
     2
291
     1
 71
     2
176
     1
 72
     1
176
     1
 73
     1
176
     1
 90
        2
176
     1
 40
0.6
176
     1
 41
30.0
176
     1
 62
     5
 63
     7
421
 16777215
176
     1
 74
     1
176
     1
 91
        0
176
     1
 64
     7
176
     1
 65
   257
176
     1
 75
     1
176
     1
175
     1
176
     1
 42
1.0
176
     1
 92
        0
176
     1
 66
   257
176
     1
 43
1.0
176
     1
 76
     1
176
     1
 77
     6
176
     1
 78
     2
176
     1
 67
     7
176
     1
 79
     5
176
     1
170
     0
176
     1
171
     0
176
     1
290
     0
176
     1
 93
       13
176
     1
 44
0.0
176
     1
173
     0
176
     1
  0
VISUALSTYLE
  5
2683
102
{ACAD_REACTORS
330
2680
102
}
102
{ACAD_XDICTIONARY
360
2ACE
102
}
330
2680
100
AcDbVisualStyle
  2
Gouraud
 70
     2
177
     2
291
     1
 71
     2
176
     1
 72
     2
176
     1
 73
     1
176
     1
 90
        2
176
     1
 40
0.6
176
     1
 41
30.0
176
     1
 62
     5
 63
     7
421
 16777215
176
     1
 74
     0
176
     1
 91
        0
176
     1
 64
     7
176
     1
 65
   257
176
     1
 75
     1
176
     1
175
     1
176
     1
 42
1.0
176
     1
 92
        0
176
     1
 66
     7
176
     1
 43
1.0
176
     1
 76
     1
176
     1
 77
     6
176
     1
 78
     2
176
     1
 67
     7
176
     1
 79
     5
176
     1
170
     0
176
     1
171
     0
176
     1
290
     0
176
     1
 93
       13
176
     1
 44
0.0
176
     1
173
     0
176
     1
  0
VISUALSTYLE
  5
2684
102
{ACAD_REACTORS
330
2680
102
}
102
{ACAD_XDICTIONARY
360
2AD0
102
}
330
2680
100
AcDbVisualStyle
  2
GouraudWithEdges
 70
     3
177
     2
291
     1
 71
     2
176
     1
 72
     2
176
     1
 73
     1
176
     1
 90
        2
176
     1
 40
0.6
176
     1
 41
30.0
176
     1
 62
     5
 63
     7
421
 16777215
176
     1
 74
     1
176
     1
 91
        0
176
     1
 64
     7
176
     1
 65
   257
176
     1
 75
     1
176
     1
175
     1
176
     1
 42
1.0
176
     1
 92
        0
176
     1
 66
   257
176
     1
 43
1.0
176
     1
 76
     1
176
     1
 77
     6
176
     1
 78
     2
176
     1
 67
     7
176
     1
 79
     5
176
     1
170
     0
176
     1
171
     0
176
     1
290
     0
176
     1
 93
       13
176
     1
 44
0.0
176
     1
173
     0
176
     1
  0
VISUALSTYLE
  5
2687
102
{ACAD_REACTORS
330
2680
102
}
102
{ACAD_XDICTIONARY
360
2AD6
102
}
330
2680
100
AcDbVisualStyle
  2
Hidden
 70
     6
177
     2
291
     0
 71
     1
176
     1
 72
     2
176
     1
 73
     2
176
     1
 90
        0
176
     1
 40
0.6
176
     1
 41
30.0
176
     1
 62
     5
 63
     7
421
 16777215
176
     1
 74
     2
176
     1
 91
        2
176
     1
 64
     7
176
     1
 65
   257
176
     1
 75
     2
176
     1
175
     1
176
     1
 42
40.0
176
     1
 92
        0
176
     1
 66
   257
176
     1
 43
1.0
176
     1
 76
     1
176
     1
 77
     6
176
     1
 78
     2
176
     1
 67
     7
176
     1
 79
     3
176
     1
170
     0
176
     1
171
     0
176
     1
290
     0
176
     1
 93
        1
176
     1
 44
0.0
176
     1
173
     0
176
     1
  0
VISUALSTYLE
  5
2691
102
{ACAD_REACTORS
330
2680
102
}
102
{ACAD_XDICTIONARY
360
2AEA
102
}
330
2680
100
AcDbVisualStyle
  2
JitterOff
 70
    20
177
     2
291
     1
 71
     2
176
     0
 72
     2
176
     0
 73
     0
176
     0
 90
        0
176
     0
 40
0.6
176
     0
 41
30.0
176
     0
 62
     5
 63
     7
421
 16777215
176
     0
 74
     1
176
     0
 91
        4
176
     0
 64
     7
176
     0
 65
   257
176
     0
 75
     1
176
     0
175
     1
176
     0
 42
1.0
176
     0
 92
       10
176
     2
 66
     7
176
     0
 43
1.0
176
     0
 76
     1
176
     0
 77
     6
176
     0
 78
     2
176
     0
 67
     7
176
     0
 79
     5
176
     0
170
     0
176
     0
171
     0
176
     0
290
     0
176
     0
 93
        1
176
     0
 44
0.0
176
     0
173
     0
176
     0
  0
VISUALSTYLE
  5
268E
102
{ACAD_REACTORS
330
2680
102
}
102
{ACAD_XDICTIONARY
360
2AE4
102
}
330
2680
100
AcDbVisualStyle
  2
Linepattern
 70
    14
177
     2
291
     1
 71
     2
176
     1
 72
     2
176
     1
 73
     0
176
     1
 90
        0
176
     1
 40
0.6
176
     1
 41
30.0
176
     1
 62
     5
 63
     7
421
 16777215
176
     1
 74
     1
176
     1
 91
        4
176
     1
 64
     7
176
     1
 65
   257
176
     1
 75
     7
176
     1
175
     7
176
     1
 42
1.0
176
     1
 92
        8
176
     1
 66
     7
176
     1
 43
1.0
176
     1
 76
     1
176
     1
 77
     6
176
     1
 78
     2
176
     1
 67
     7
176
     1
 79
     5
176
     1
170
     0
176
     1
171
     0
176
     1
290
     0
176
     1
 93
        1
176
     1
 44
0.0
176
     1
173
     0
176
     1
  0
VISUALSTYLE
  5
2692
102
{ACAD_REACTORS
330
2680
102
}
102
{ACAD_XDICTIONARY
360
2AEC
102
}
330
2680
100
AcDbVisualStyle
  2
OverhangOff
 70
    21
177
     2
291
     1
 71
     2
176
     0
 72
     2
176
     0
 73
     0
176
     0
 90
        0
176
     0
 40
0.6
176
     0
 41
30.0
176
     0
 62
     5
 63
     7
421
 16777215
176
     0
 74
     1
176
     0
 91
        4
176
     0
 64
     7
176
     0
 65
   257
176
     0
 75
     1
176
     0
175
     1
176
     0
 42
1.0
176
     0
 92
        9
176
     2
 66
     7
176
     0
 43
1.0
176
     0
 76
     1
176
     0
 77
     6
176
     0
 78
     2
176
     0
 67
     7
176
     0
 79
     5
176
     0
170
     0
176
     0
171
     0
176
     0
290
     0
176
     0
 93
        1
176
     0
 44
0.0
176
     0
173
     0
176
     0
  0
VISUALSTYLE
  5
2689
102
{ACAD_REACTORS
330
2680
102
}
102
{ACAD_XDICTIONARY
360
2ADA
102
}
330
2680
100
AcDbVisualStyle
  2
Realistic
 70
     8
177
     2
291
     0
 71
     2
176
     1
 72
     3
176
     1
 73
     0
176
     1
 90
        2
176
     1
 40
0.6
176
     1
 41
30.0
176
     1
 62
     5
 63
     7
421
 16777215
176
     1
 74
     0
176
     1
 91
        0
176
     1
 64
     7
176
     1
 65
   257
176
     1
 75
     1
176
     1
175
     1
176
     1
 42
1.0
176
     1
 92
        8
176
     1
 66
   257
176
     1
 43
1.0
176
     1
 76
     1
176
     1
 77
     6
176
     1
 78
     2
176
     1
 67
     7
176
     1
 79
     3
176
     1
170
     0
176
     1
171
     0
176
     1
290
     0
176
     1
 93
       13
176
     1
 44
0.0
176
     1
173
     0
176
     1
  0
VISUALSTYLE
  5
2698
102
{ACAD_REACTORS
330
2680
102
}
102
{ACAD_XDICTIONARY
360
2AF8
102
}
330
2680
100
AcDbVisualStyle
  2
Shaded
 70
    27
177
     2
291
     0
 71
     2
176
     1
 72
     2
176
     1
 73
     1
176
     1
 90
        2
176
     1
 40
0.6
176
     1
 41
30.0
176
     1
 62
     5
 63
     7
421
 16777215
176
     1
 74
     0
176
     1
 91
        4
176
     1
 64
     7
176
     1
 65
   257
176
     1
 75
     1
176
     1
175
     1
176
     1
 42
1.0
176
     1
 92
        8
176
     1
 66
   257
176
     1
 43
1.0
176
     1
 76
     1
176
     1
 77
     6
176
     1
 78
     2
176
     1
 67
     8
425
  7895160
176
     1
 79
     3
176
     1
170
     0
176
     1
171
     0
176
     1
290
     0
176
     1
 93
        5
176
     1
 44
0.0
176
     1
173
     0
176
     1
  0
VISUALSTYLE
  5
2697
102
{ACAD_REACTORS
330
2680
102
}
102
{ACAD_XDICTIONARY
360
2AF6
102
}
330
2680
100
AcDbVisualStyle
  2
Shaded with edges
 70
    26
177
     2
291
     0
 71
     2
176
     1
 72
     2
176
     1
 73
     1
176
     1
 90
        2
176
     1
 40
0.6
176
     1
 41
30.0
176
     1
 62
     5
 63
     7
421
 16777215
176
     1
 74
     1
176
     1
 91
       10
176
     1
 64
     7
176
     1
 65
   257
176
     1
 75
     2
176
     1
175
     1
176
     1
 42
1.0
176
     1
 92
        8
176
     1
 66
   257
176
     1
 43
1.0
176
     1
 76
     1
176
     1
 77
     6
176
     1
 78
     2
176
     1
 67
     7
176
     1
 79
     3
176
     1
170
     0
176
     1
171
     0
176
     1
290
     0
176
     1
 93
        5
176
     1
 44
0.0
176
     1
173
     0
176
     1
  0
VISUALSTYLE
  5
2694
102
{ACAD_REACTORS
330
2680
102
}
102
{ACAD_XDICTIONARY
360
2AF0
102
}
330
2680
100
AcDbVisualStyle
  2
Shades of Gray
 70
    23
177
     2
291
     0
 71
     2
176
     1
 72
     2
176
     1
 73
     3
176
     1
 90
        0
176
     1
 40
0.6
176
     1
 41
30.0
176
     1
 62
     5
 63
     7
421
 16777215
176
     1
 74
     2
176
     1
 91
        2
176
     1
 64
     7
176
     1
 65
     7
176
     1
 75
     1
176
     1
175
     1
176
     1
 42
40.0
176
     1
 92
        8
176
     1
 66
     7
176
     1
 43
1.0
176
     1
 76
     1
176
     1
 77
     6
176
     1
 78
     2
176
     1
 67
     7
176
     1
 79
     3
176
     1
170
     0
176
     1
171
     0
176
     1
290
     0
176
     1
 93
        1
176
     1
 44
0.0
176
     1
173
     0
176
     1
  0
VISUALSTYLE
  5
2695
102
{ACAD_REACTORS
330
2680
102
}
102
{ACAD_XDICTIONARY
360
2AF2
102
}
330
2680
100
AcDbVisualStyle
  2
Sketchy
 70
    24
177
     2
291
     0
 71
     1
176
     1
 72
     2
176
     1
 73
     2
176
     1
 90
        0
176
     1
 40
0.6
176
     1
 41
30.0
176
     1
 62
     5
 63
     7
421
 16777215
176
     1
 74
     2
176
     1
 91
        2
176
     1
 64
     7
176
     1
 65
     7
176
     1
 75
     1
176
     1
175
     1
176
     1
 42
40.0
176
     1
 92
       11
176
     1
 66
     7
176
     1
 43
1.0
176
     1
 76
     1
176
     1
 77
     6
176
     1
 78
     2
176
     1
 67
     7
176
     1
 79
     6
176
     1
170
     0
176
     1
171
     0
176
     1
290
     0
176
     1
 93
        1
176
     1
 44
0.0
176
     1
173
     0
176
     1
  0
VISUALSTYLE
  5
268D
102
{ACAD_REACTORS
330
2680
102
}
102
{ACAD_XDICTIONARY
360
2AE2
102
}
330
2680
100
AcDbVisualStyle
  2
Thicken
 70
    13
177
     2
291
     1
 71
     2
176
     1
 72
     2
176
     1
 73
     0
176
     1
 90
        0
176
     1
 40
0.6
176
     1
 41
30.0
176
     1
 62
     5
 63
     7
421
 16777215
176
     1
 74
     1
176
     1
 91
        4
176
     1
 64
     7
176
     1
 65
   257
176
     1
 75
     1
176
     1
175
     1
176
     1
 42
1.0
176
     1
 92
       12
176
     1
 66
     7
176
     1
 43
1.0
176
     1
 76
     1
176
     1
 77
     6
176
     1
 78
     2
176
     1
 67
     7
176
     1
 79
     5
176
     1
170
     0
176
     1
171
     0
176
     1
290
     0
176
     1
 93
        1
176
     1
 44
0.0
176
     1
173
     0
176
     1
  0
VISUALSTYLE
  5
2686
102
{ACAD_REACTORS
330
2680
102
}
102
{ACAD_XDICTIONARY
360
2AD4
102
}
330
2680
100
AcDbVisualStyle
  2
Wireframe
 70
     5
177
     2
291
     0
 71
     0
176
     1
 72
     2
176
     1
 73
     0
176
     1
 90
        0
176
     1
 40
0.6
176
     1
 41
30.0
176
     1
 62
     5
 63
     7
421
 16777215
176
     1
 74
     1
176
     1
 91
        4
176
     1
 64
     7
176
     1
 65
   257
176
     1
 75
     1
176
     1
175
     1
176
     1
 42
1.0
176
     1
 92
        0
176
     1
 66
   257
176
     1
 43
1.0
176
     1
 76
     1
176
     1
 77
     6
176
     1
 78
     2
176
     1
 67
     7
176
     1
 79
     3
176
     1
170
     0
176
     1
171
     0
176
     1
290
     0
176
     1
 93
        1
176
     1
 44
0.0
176
     1
173
     0
176
     1
  0
VISUALSTYLE
  5
2696
102
{ACAD_REACTORS
330
2680
102
}
102
{ACAD_XDICTIONARY
360
2AF4
102
}
330
2680
100
AcDbVisualStyle
  2
X-Ray
 70
    25
177
     2
291
     0
 71
     2
176
     1
 72
     2
176
     1
 73
     1
176
     1
 90
        1
176
     1
 40
0.5
176
     1
 41
30.0
176
     1
 62
     5
 63
     7
421
 16777215
176
     1
 74
     1
176
     1
 91
        0
176
     1
 64
     7
176
     1
 65
   257
176
     1
 75
     1
176
     1
175
     1
176
     1
 42
1.0
176
     1
 92
        8
176
     1
 66
     7
176
     1
 43
1.0
176
     1
 76
     1
176
     1
 77
     6
176
     1
 78
     2
176
     1
 67
     7
176
     1
 79
     3
176
     1
170
     0
176
     1
171
     0
176
     1
290
     0
176
     1
 93
       13
176
     1
 44
0.0
176
     1
173
     0
176
     1
  0
DICTIONARYVAR
  5
2AC9
102
{ACAD_REACTORS
330
2AC8
102
}
330
2AC8
100
DictionaryVariables
280
     0
  1
1:1
  0
DICTIONARYVAR
  5
2AFE
102
{ACAD_REACTORS
330
2AC8
102
}
330
2AC8
100
DictionaryVariables
280
     0
  1
Standard
  0
DICTIONARYVAR
  5
2AFD
102
{ACAD_REACTORS
330
2AC8
102
}
330
2AC8
100
DictionaryVariables
280
     0
  1
Standard
  0
DICTIONARYVAR
  5
2AFF
102
{ACAD_REACTORS
330
2AC8
102
}
330
2AC8
100
DictionaryVariables
280
     0
  1
0
  0
DICTIONARY
  5
2AFA
330
269E
100
AcDbDictionary
280
     1
281
     1
  3
ACAD_ROUNDTRIP_2008_TABLESTYLE_CELLSTYLEMAP
360
2AFB
  0
DICTIONARY
  5
2AD2
330
2685
100
AcDbDictionary
280
     1
281
     1
  3
ACAD_XREC_ROUNDTRIP
360
2AD3
  0
DICTIONARY
  5
2AD8
330
2688
100
AcDbDictionary
280
     1
281
     1
  3
ACAD_XREC_ROUNDTRIP
360
2AD9
  0
DICTIONARY
  5
2AE0
330
268C
100
AcDbDictionary
280
     1
281
     1
  3
ACAD_XREC_ROUNDTRIP
360
2AE1
  0
DICTIONARY
  5
2AE8
330
2690
100
AcDbDictionary
280
     1
281
     1
  3
ACAD_XREC_ROUNDTRIP
360
2AE9
  0
DICTIONARY
  5
2ADC
330
268A
100
AcDbDictionary
280
     1
281
     1
  3
ACAD_XREC_ROUNDTRIP
360
2ADD
  0
DICTIONARY
  5
2ADE
330
268B
100
AcDbDictionary
280
     1
281
     1
  3
ACAD_XREC_ROUNDTRIP
360
2ADF
  0
DICTIONARY
  5
2AEE
330
2693
100
AcDbDictionary
280
     1
281
     1
  3
ACAD_XREC_ROUNDTRIP
360
2AEF
  0
DICTIONARY
  5
2AE6
330
268F
100
AcDbDictionary
280
     1
281
     1
  3
ACAD_XREC_ROUNDTRIP
360
2AE7
  0
DICTIONARY
  5
2ACA
330
2681
100
AcDbDictionary
280
     1
281
     1
  3
ACAD_XREC_ROUNDTRIP
360
2ACB
  0
DICTIONARY
  5
2ACC
330
2682
100
AcDbDictionary
280
     1
281
     1
  3
ACAD_XREC_ROUNDTRIP
360
2ACD
  0
DICTIONARY
  5
2ACE
330
2683
100
AcDbDictionary
280
     1
281
     1
  3
ACAD_XREC_ROUNDTRIP
360
2ACF
  0
DICTIONARY
  5
2AD0
330
2684
100
AcDbDictionary
280
     1
281
     1
  3
ACAD_XREC_ROUNDTRIP
360
2AD1
  0
DICTIONARY
  5
2AD6
330
2687
100
AcDbDictionary
280
     1
281
     1
  3
ACAD_XREC_ROUNDTRIP
360
2AD7
  0
DICTIONARY
  5
2AEA
330
2691
100
AcDbDictionary
280
     1
281
     1
  3
ACAD_XREC_ROUNDTRIP
360
2AEB
  0
DICTIONARY
  5
2AE4
330
268E
100
AcDbDictionary
280
     1
281
     1
  3
ACAD_XREC_ROUNDTRIP
360
2AE5
  0
DICTIONARY
  5
2AEC
330
2692
100
AcDbDictionary
280
     1
281
     1
  3
ACAD_XREC_ROUNDTRIP
360
2AED
  0
DICTIONARY
  5
2ADA
330
2689
100
AcDbDictionary
280
     1
281
     1
  3
ACAD_XREC_ROUNDTRIP
360
2ADB
  0
DICTIONARY
  5
2AF8
330
2698
100
AcDbDictionary
280
     1
281
     1
  3
ACAD_XREC_ROUNDTRIP
360
2AF9
  0
DICTIONARY
  5
2AF6
330
2697
100
AcDbDictionary
280
     1
281
     1
  3
ACAD_XREC_ROUNDTRIP
360
2AF7
  0
DICTIONARY
  5
2AF0
330
2694
100
AcDbDictionary
280
     1
281
     1
  3
ACAD_XREC_ROUNDTRIP
360
2AF1
  0
DICTIONARY
  5
2AF2
330
2695
100
AcDbDictionary
280
     1
281
     1
  3
ACAD_XREC_ROUNDTRIP
360
2AF3
  0
DICTIONARY
  5
2AE2
330
268D
100
AcDbDictionary
280
     1
281
     1
  3
ACAD_XREC_ROUNDTRIP
360
2AE3
  0
DICTIONARY
  5
2AD4
330
2686
100
AcDbDictionary
280
     1
281
     1
  3
ACAD_XREC_ROUNDTRIP
360
2AD5
  0
DICTIONARY
  5
2AF4
330
2696
100
AcDbDictionary
280
     1
281
     1
  3
ACAD_XREC_ROUNDTRIP
360
2AF5
  0
CELLSTYLEMAP
  5
2AFB
102
{ACAD_REACTORS
330
2AFA
102
}
330
2AFA
100
AcDbCellStyleMap
 90
        3
300
CELLSTYLE
  1
TABLEFORMAT_BEGIN
 90
        5
170
     1
 91
        0
 92
    32768
 62
   257
 93
        1
300
CONTENTFORMAT
  1
CONTENTFORMAT_BEGIN
 90
        0
 91
        0
 92
      512
 93
        0
300

 40
0.0
140
1.0
 94
        5
 62
     0
340
11
144
6.0
309
CONTENTFORMAT_END
171
     1
301
MARGIN
  1
CELLMARGIN_BEGIN
 40
1.5
 40
1.5
 40
1.5
 40
1.5
 40
1.5
 40
1.5
309
CELLMARGIN_END
 94
        6
 95
        1
302
GRIDFORMAT
  1
GRIDFORMAT_BEGIN
 90
        0
 91
        1
 62
     0
 92
       -2
340
14
 93
        0
 40
0.045
309
GRIDFORMAT_END
 95
        2
302
GRIDFORMAT
  1
GRIDFORMAT_BEGIN
 90
        0
 91
        1
 62
     0
 92
       -2
340
14
 93
        0
 40
0.045
309
GRIDFORMAT_END
 95
        4
302
GRIDFORMAT
  1
GRIDFORMAT_BEGIN
 90
        0
 91
        1
 62
     0
 92
       -2
340
14
 93
        0
 40
0.045
309
GRIDFORMAT_END
 95
        8
302
GRIDFORMAT
  1
GRIDFORMAT_BEGIN
 90
        0
 91
        1
 62
     0
 92
       -2
340
14
 93
        0
 40
0.045
309
GRIDFORMAT_END
 95
       16
302
GRIDFORMAT
  1
GRIDFORMAT_BEGIN
 90
        0
 91
        1
 62
     0
 92
       -2
340
14
 93
        0
 40
0.045
309
GRIDFORMAT_END
 95
       32
302
GRIDFORMAT
  1
GRIDFORMAT_BEGIN
 90
        0
 91
        1
 62
     0
 92
       -2
340
14
 93
        0
 40
0.045
309
GRIDFORMAT_END
309
TABLEFORMAT_END
  1
CELLSTYLE_BEGIN
 90
        1
 91
        1
300
_TITLE
309
CELLSTYLE_END
300
CELLSTYLE
  1
TABLEFORMAT_BEGIN
 90
        5
170
     1
 91
        0
 92
        0
 62
   257
 93
        1
300
CONTENTFORMAT
  1
CONTENTFORMAT_BEGIN
 90
        0
 91
        0
 92
      512
 93
        0
300

 40
0.0
140
1.0
 94
        5
 62
     0
340
11
144
4.5
309
CONTENTFORMAT_END
171
     1
301
MARGIN
  1
CELLMARGIN_BEGIN
 40
1.5
 40
1.5
 40
1.5
 40
1.5
 40
1.5
 40
1.5
309
CELLMARGIN_END
 94
        6
 95
        1
302
GRIDFORMAT
  1
GRIDFORMAT_BEGIN
 90
        0
 91
        1
 62
     0
 92
       -2
340
14
 93
        0
 40
0.045
309
GRIDFORMAT_END
 95
        2
302
GRIDFORMAT
  1
GRIDFORMAT_BEGIN
 90
        0
 91
        1
 62
     0
 92
       -2
340
14
 93
        0
 40
0.045
309
GRIDFORMAT_END
 95
        4
302
GRIDFORMAT
  1
GRIDFORMAT_BEGIN
 90
        0
 91
        1
 62
     0
 92
       -2
340
14
 93
        0
 40
0.045
309
GRIDFORMAT_END
 95
        8
302
GRIDFORMAT
  1
GRIDFORMAT_BEGIN
 90
        0
 91
        1
 62
     0
 92
       -2
340
14
 93
        0
 40
0.045
309
GRIDFORMAT_END
 95
       16
302
GRIDFORMAT
  1
GRIDFORMAT_BEGIN
 90
        0
 91
        1
 62
     0
 92
       -2
340
14
 93
        0
 40
0.045
309
GRIDFORMAT_END
 95
       32
302
GRIDFORMAT
  1
GRIDFORMAT_BEGIN
 90
        0
 91
        1
 62
     0
 92
       -2
340
14
 93
        0
 40
0.045
309
GRIDFORMAT_END
309
TABLEFORMAT_END
  1
CELLSTYLE_BEGIN
 90
        2
 91
        1
300
_HEADER
309
CELLSTYLE_END
300
CELLSTYLE
  1
TABLEFORMAT_BEGIN
 90
        5
170
     1
 91
        0
 92
        0
 62
   257
 93
        1
300
CONTENTFORMAT
  1
CONTENTFORMAT_BEGIN
 90
        0
 91
        0
 92
      512
 93
        0
300

 40
0.0
140
1.0
 94
        2
 62
     0
340
11
144
4.5
309
CONTENTFORMAT_END
171
     1
301
MARGIN
  1
CELLMARGIN_BEGIN
 40
1.5
 40
1.5
 40
1.5
 40
1.5
 40
1.5
 40
1.5
309
CELLMARGIN_END
 94
        6
 95
        1
302
GRIDFORMAT
  1
GRIDFORMAT_BEGIN
 90
        0
 91
        1
 62
     0
 92
       -2
340
14
 93
        0
 40
0.045
309
GRIDFORMAT_END
 95
        2
302
GRIDFORMAT
  1
GRIDFORMAT_BEGIN
 90
        0
 91
        1
 62
     0
 92
       -2
340
14
 93
        0
 40
0.045
309
GRIDFORMAT_END
 95
        4
302
GRIDFORMAT
  1
GRIDFORMAT_BEGIN
 90
        0
 91
        1
 62
     0
 92
       -2
340
14
 93
        0
 40
0.045
309
GRIDFORMAT_END
 95
        8
302
GRIDFORMAT
  1
GRIDFORMAT_BEGIN
 90
        0
 91
        1
 62
     0
 92
       -2
340
14
 93
        0
 40
0.045
309
GRIDFORMAT_END
 95
       16
302
GRIDFORMAT
  1
GRIDFORMAT_BEGIN
 90
        0
 91
        1
 62
     0
 92
       -2
340
14
 93
        0
 40
0.045
309
GRIDFORMAT_END
 95
       32
302
GRIDFORMAT
  1
GRIDFORMAT_BEGIN
 90
        0
 91
        1
 62
     0
 92
       -2
340
14
 93
        0
 40
0.045
309
GRIDFORMAT_END
309
TABLEFORMAT_END
  1
CELLSTYLE_BEGIN
 90
        3
 91
        2
300
_DATA
309
CELLSTYLE_END
  0
XRECORD
  5
2AD3
102
{ACAD_REACTORS
330
2AD2
102
}
330
2AD2
100
AcDbXrecord
280
     1
102
RTVSPost2010Prop28
280
     1
102
RTVSPost2010PropOp28
 70
     1
102
RTVSPost2010Prop29
280
     1
102
RTVSPost2010PropOp29
 70
     1
102
RTVSPost2010Prop30
280
     0
102
RTVSPost2010PropOp30
 70
     1
102
RTVSPost2010Prop31
280
     0
102
RTVSPost2010PropOp31
 70
     1
102
RTVSPost2010Prop32
280
     0
102
RTVSPost2010PropOp32
 70
     1
102
RTVSPost2010Prop33
280
     0
102
RTVSPost2010PropOp33
 70
     1
102
RTVSPost2010Prop34
280
     0
102
RTVSPost2010PropOp34
 70
     1
102
RTVSPost2010Prop35
280
     0
102
RTVSPost2010PropOp35
 70
     1
102
RTVSPost2010Prop36
280
     0
102
RTVSPost2010PropOp36
 70
     1
102
RTVSPost2010Prop37
 90
       50
102
RTVSPost2010PropOp37
 70
     1
102
RTVSPost2010Prop38
140
0.0
102
RTVSPost2010PropOp38
 70
     1
102
RTVSPost2010Prop39
140
1.0
102
RTVSPost2010PropOp39
 70
     1
102
RTVSPost2010Prop40
 90
        0
102
RTVSPost2010PropOp40
 70
     1
102
RTVSPost2010Prop41ColorIndex
 90
       18
102
RTVSPost2010Prop41ColorRGB
 90
        0
102
RTVSPost2010PropOp41
 70
     1
102
RTVSPost2010Prop42
 90
       50
102
RTVSPost2010PropOp42
 70
     1
102
RTVSPost2010Prop43
 90
        3
102
RTVSPost2010PropOp43
 70
     1
102
RTVSPost2010Prop44ColorIndex
 90
        5
102
RTVSPost2010Prop44ColorRGB
 90
      255
102
RTVSPost2010PropOp44
 70
     1
102
RTVSPost2010Prop45
280
     0
102
RTVSPost2010PropOp45
 70
     1
102
RTVSPost2010Prop46
 90
       50
102
RTVSPost2010PropOp46
 70
     1
102
RTVSPost2010Prop47
 90
       50
102
RTVSPost2010PropOp47
 70
     1
102
RTVSPost2010Prop48
 90
       50
102
RTVSPost2010PropOp48
 70
     1
102
RTVSPost2010Prop49
280
     0
102
RTVSPost2010PropOp49
 70
     1
102
RTVSPost2010Prop50
 90
       50
102
RTVSPost2010PropOp50
 70
     1
102
RTVSPost2010Prop51ColorIndex
 90
      256
102
RTVSPost2010Prop51ColorRGB
 90
-16777216
102
RTVSPost2010PropOp51
 70
     0
102
RTVSPost2010Prop52
140
1.0
102
RTVSPost2010PropOp52
 70
     0
102
RTVSPost2010Prop53
 90
        2
102
RTVSPost2010PropOp53
 70
     1
102
RTVSPost2010Prop54
  1
strokes_ogs.tif
102
RTVSPost2010PropOp54
 70
     1
102
RTVSPost2010Prop55
280
     0
102
RTVSPost2010PropOp55
 70
     1
102
RTVSPost2010Prop56
140
1.0
102
RTVSPost2010PropOp56
 70
     1
102
RTVSPost2010Prop57
140
1.0
102
RTVSPost2010PropOp57
 70
     1
  0
XRECORD
  5
2AD9
102
{ACAD_REACTORS
330
2AD8
102
}
330
2AD8
100
AcDbXrecord
280
     1
102
RTVSPost2010Prop28
280
     0
102
RTVSPost2010PropOp28
 70
     1
102
RTVSPost2010Prop29
280
     1
102
RTVSPost2010PropOp29
 70
     1
102
RTVSPost2010Prop30
280
     1
102
RTVSPost2010PropOp30
 70
     1
102
RTVSPost2010Prop31
280
     0
102
RTVSPost2010PropOp31
 70
     1
102
RTVSPost2010Prop32
280
     0
102
RTVSPost2010PropOp32
 70
     1
102
RTVSPost2010Prop33
280
     0
102
RTVSPost2010PropOp33
 70
     1
102
RTVSPost2010Prop34
280
     0
102
RTVSPost2010PropOp34
 70
     1
102
RTVSPost2010Prop35
280
     0
102
RTVSPost2010PropOp35
 70
     1
102
RTVSPost2010Prop36
280
     0
102
RTVSPost2010PropOp36
 70
     1
102
RTVSPost2010Prop37
 90
       50
102
RTVSPost2010PropOp37
 70
     1
102
RTVSPost2010Prop38
140
0.0
102
RTVSPost2010PropOp38
 70
     1
102
RTVSPost2010Prop39
140
1.0
102
RTVSPost2010PropOp39
 70
     1
102
RTVSPost2010Prop40
 90
        0
102
RTVSPost2010PropOp40
 70
     1
102
RTVSPost2010Prop41ColorIndex
 90
       18
102
RTVSPost2010Prop41ColorRGB
 90
        0
102
RTVSPost2010PropOp41
 70
     1
102
RTVSPost2010Prop42
 90
       50
102
RTVSPost2010PropOp42
 70
     1
102
RTVSPost2010Prop43
 90
        3
102
RTVSPost2010PropOp43
 70
     1
102
RTVSPost2010Prop44ColorIndex
 90
        5
102
RTVSPost2010Prop44ColorRGB
 90
      255
102
RTVSPost2010PropOp44
 70
     1
102
RTVSPost2010Prop45
280
     0
102
RTVSPost2010PropOp45
 70
     1
102
RTVSPost2010Prop46
 90
       50
102
RTVSPost2010PropOp46
 70
     1
102
RTVSPost2010Prop47
 90
       50
102
RTVSPost2010PropOp47
 70
     1
102
RTVSPost2010Prop48
 90
       50
102
RTVSPost2010PropOp48
 70
     1
102
RTVSPost2010Prop49
280
     0
102
RTVSPost2010PropOp49
 70
     1
102
RTVSPost2010Prop50
 90
       50
102
RTVSPost2010PropOp50
 70
     1
102
RTVSPost2010Prop51ColorIndex
 90
      256
102
RTVSPost2010Prop51ColorRGB
 90
-16777216
102
RTVSPost2010PropOp51
 70
     0
102
RTVSPost2010Prop52
140
1.0
102
RTVSPost2010PropOp52
 70
     0
102
RTVSPost2010Prop53
 90
        2
102
RTVSPost2010PropOp53
 70
     1
102
RTVSPost2010Prop54
  1
strokes_ogs.tif
102
RTVSPost2010PropOp54
 70
     1
102
RTVSPost2010Prop55
280
     0
102
RTVSPost2010PropOp55
 70
     1
102
RTVSPost2010Prop56
140
1.0
102
RTVSPost2010PropOp56
 70
     1
102
RTVSPost2010Prop57
140
1.0
102
RTVSPost2010PropOp57
 70
     1
  0
XRECORD
  5
2AE1
102
{ACAD_REACTORS
330
2AE0
102
}
330
2AE0
100
AcDbXrecord
280
     1
102
RTVSPost2010Prop28
280
     0
102
RTVSPost2010PropOp28
 70
     1
102
RTVSPost2010Prop29
280
     1
102
RTVSPost2010PropOp29
 70
     1
102
RTVSPost2010Prop30
280
     1
102
RTVSPost2010PropOp30
 70
     1
102
RTVSPost2010Prop31
280
     0
102
RTVSPost2010PropOp31
 70
     1
102
RTVSPost2010Prop32
280
     0
102
RTVSPost2010PropOp32
 70
     1
102
RTVSPost2010Prop33
280
     0
102
RTVSPost2010PropOp33
 70
     1
102
RTVSPost2010Prop34
280
     0
102
RTVSPost2010PropOp34
 70
     1
102
RTVSPost2010Prop35
280
     0
102
RTVSPost2010PropOp35
 70
     1
102
RTVSPost2010Prop36
280
     0
102
RTVSPost2010PropOp36
 70
     1
102
RTVSPost2010Prop37
 90
       50
102
RTVSPost2010PropOp37
 70
     1
102
RTVSPost2010Prop38
140
0.0
102
RTVSPost2010PropOp38
 70
     1
102
RTVSPost2010Prop39
140
1.0
102
RTVSPost2010PropOp39
 70
     1
102
RTVSPost2010Prop40
 90
        0
102
RTVSPost2010PropOp40
 70
     1
102
RTVSPost2010Prop41ColorIndex
 90
       18
102
RTVSPost2010Prop41ColorRGB
 90
        0
102
RTVSPost2010PropOp41
 70
     1
102
RTVSPost2010Prop42
 90
       50
102
RTVSPost2010PropOp42
 70
     1
102
RTVSPost2010Prop43
 90
        3
102
RTVSPost2010PropOp43
 70
     1
102
RTVSPost2010Prop44ColorIndex
 90
        5
102
RTVSPost2010Prop44ColorRGB
 90
      255
102
RTVSPost2010PropOp44
 70
     1
102
RTVSPost2010Prop45
280
     0
102
RTVSPost2010PropOp45
 70
     1
102
RTVSPost2010Prop46
 90
       50
102
RTVSPost2010PropOp46
 70
     1
102
RTVSPost2010Prop47
 90
       50
102
RTVSPost2010PropOp47
 70
     1
102
RTVSPost2010Prop48
 90
       50
102
RTVSPost2010PropOp48
 70
     1
102
RTVSPost2010Prop49
280
     0
102
RTVSPost2010PropOp49
 70
     1
102
RTVSPost2010Prop50
 90
       50
102
RTVSPost2010PropOp50
 70
     1
102
RTVSPost2010Prop51ColorIndex
 90
      256
102
RTVSPost2010Prop51ColorRGB
 90
-16777216
102
RTVSPost2010PropOp51
 70
     0
102
RTVSPost2010Prop52
140
1.0
102
RTVSPost2010PropOp52
 70
     0
102
RTVSPost2010Prop53
 90
        2
102
RTVSPost2010PropOp53
 70
     1
102
RTVSPost2010Prop54
  1
strokes_ogs.tif
102
RTVSPost2010PropOp54
 70
     1
102
RTVSPost2010Prop55
280
     0
102
RTVSPost2010PropOp55
 70
     1
102
RTVSPost2010Prop56
140
1.0
102
RTVSPost2010PropOp56
 70
     1
102
RTVSPost2010Prop57
140
1.0
102
RTVSPost2010PropOp57
 70
     1
  0
XRECORD
  5
2AE9
102
{ACAD_REACTORS
330
2AE8
102
}
330
2AE8
100
AcDbXrecord
280
     1
102
RTVSPost2010Prop28
280
     0
102
RTVSPost2010PropOp28
 70
     1
102
RTVSPost2010Prop29
280
     1
102
RTVSPost2010PropOp29
 70
     1
102
RTVSPost2010Prop30
280
     1
102
RTVSPost2010PropOp30
 70
     1
102
RTVSPost2010Prop31
280
     0
102
RTVSPost2010PropOp31
 70
     1
102
RTVSPost2010Prop32
280
     0
102
RTVSPost2010PropOp32
 70
     1
102
RTVSPost2010Prop33
280
     0
102
RTVSPost2010PropOp33
 70
     1
102
RTVSPost2010Prop34
280
     0
102
RTVSPost2010PropOp34
 70
     1
102
RTVSPost2010Prop35
280
     0
102
RTVSPost2010PropOp35
 70
     1
102
RTVSPost2010Prop36
280
     0
102
RTVSPost2010PropOp36
 70
     1
102
RTVSPost2010Prop37
 90
       50
102
RTVSPost2010PropOp37
 70
     1
102
RTVSPost2010Prop38
140
0.0
102
RTVSPost2010PropOp38
 70
     1
102
RTVSPost2010Prop39
140
1.0
102
RTVSPost2010PropOp39
 70
     1
102
RTVSPost2010Prop40
 90
        0
102
RTVSPost2010PropOp40
 70
     1
102
RTVSPost2010Prop41ColorIndex
 90
       18
102
RTVSPost2010Prop41ColorRGB
 90
        0
102
RTVSPost2010PropOp41
 70
     1
102
RTVSPost2010Prop42
 90
       50
102
RTVSPost2010PropOp42
 70
     1
102
RTVSPost2010Prop43
 90
        3
102
RTVSPost2010PropOp43
 70
     1
102
RTVSPost2010Prop44ColorIndex
 90
        5
102
RTVSPost2010Prop44ColorRGB
 90
      255
102
RTVSPost2010PropOp44
 70
     1
102
RTVSPost2010Prop45
280
     0
102
RTVSPost2010PropOp45
 70
     1
102
RTVSPost2010Prop46
 90
       50
102
RTVSPost2010PropOp46
 70
     1
102
RTVSPost2010Prop47
 90
       50
102
RTVSPost2010PropOp47
 70
     1
102
RTVSPost2010Prop48
 90
       50
102
RTVSPost2010PropOp48
 70
     1
102
RTVSPost2010Prop49
280
     0
102
RTVSPost2010PropOp49
 70
     1
102
RTVSPost2010Prop50
 90
       50
102
RTVSPost2010PropOp50
 70
     1
102
RTVSPost2010Prop51ColorIndex
 90
      256
102
RTVSPost2010Prop51ColorRGB
 90
-16777216
102
RTVSPost2010PropOp51
 70
     0
102
RTVSPost2010Prop52
140
1.0
102
RTVSPost2010PropOp52
 70
     0
102
RTVSPost2010Prop53
 90
        2
102
RTVSPost2010PropOp53
 70
     1
102
RTVSPost2010Prop54
  1
strokes_ogs.tif
102
RTVSPost2010PropOp54
 70
     1
102
RTVSPost2010Prop55
280
     0
102
RTVSPost2010PropOp55
 70
     1
102
RTVSPost2010Prop56
140
1.0
102
RTVSPost2010PropOp56
 70
     1
102
RTVSPost2010Prop57
140
1.0
102
RTVSPost2010PropOp57
 70
     1
  0
XRECORD
  5
2ADD
102
{ACAD_REACTORS
330
2ADC
102
}
330
2ADC
100
AcDbXrecord
280
     1
102
RTVSPost2010Prop28
280
     0
102
RTVSPost2010PropOp28
 70
     1
102
RTVSPost2010Prop29
280
     1
102
RTVSPost2010PropOp29
 70
     1
102
RTVSPost2010Prop30
280
     1
102
RTVSPost2010PropOp30
 70
     1
102
RTVSPost2010Prop31
280
     0
102
RTVSPost2010PropOp31
 70
     1
102
RTVSPost2010Prop32
280
     0
102
RTVSPost2010PropOp32
 70
     1
102
RTVSPost2010Prop33
280
     0
102
RTVSPost2010PropOp33
 70
     1
102
RTVSPost2010Prop34
280
     0
102
RTVSPost2010PropOp34
 70
     1
102
RTVSPost2010Prop35
280
     0
102
RTVSPost2010PropOp35
 70
     1
102
RTVSPost2010Prop36
280
     0
102
RTVSPost2010PropOp36
 70
     1
102
RTVSPost2010Prop37
 90
       50
102
RTVSPost2010PropOp37
 70
     1
102
RTVSPost2010Prop38
140
0.0
102
RTVSPost2010PropOp38
 70
     1
102
RTVSPost2010Prop39
140
1.0
102
RTVSPost2010PropOp39
 70
     1
102
RTVSPost2010Prop40
 90
        0
102
RTVSPost2010PropOp40
 70
     1
102
RTVSPost2010Prop41ColorIndex
 90
       18
102
RTVSPost2010Prop41ColorRGB
 90
        0
102
RTVSPost2010PropOp41
 70
     1
102
RTVSPost2010Prop42
 90
       50
102
RTVSPost2010PropOp42
 70
     1
102
RTVSPost2010Prop43
 90
        3
102
RTVSPost2010PropOp43
 70
     1
102
RTVSPost2010Prop44ColorIndex
 90
        5
102
RTVSPost2010Prop44ColorRGB
 90
      255
102
RTVSPost2010PropOp44
 70
     1
102
RTVSPost2010Prop45
280
     0
102
RTVSPost2010PropOp45
 70
     1
102
RTVSPost2010Prop46
 90
       50
102
RTVSPost2010PropOp46
 70
     1
102
RTVSPost2010Prop47
 90
       50
102
RTVSPost2010PropOp47
 70
     1
102
RTVSPost2010Prop48
 90
       50
102
RTVSPost2010PropOp48
 70
     1
102
RTVSPost2010Prop49
280
     0
102
RTVSPost2010PropOp49
 70
     1
102
RTVSPost2010Prop50
 90
       50
102
RTVSPost2010PropOp50
 70
     1
102
RTVSPost2010Prop51ColorIndex
 90
      256
102
RTVSPost2010Prop51ColorRGB
 90
-16777216
102
RTVSPost2010PropOp51
 70
     0
102
RTVSPost2010Prop52
140
1.0
102
RTVSPost2010PropOp52
 70
     0
102
RTVSPost2010Prop53
 90
        2
102
RTVSPost2010PropOp53
 70
     1
102
RTVSPost2010Prop54
  1
strokes_ogs.tif
102
RTVSPost2010PropOp54
 70
     1
102
RTVSPost2010Prop55
280
     0
102
RTVSPost2010PropOp55
 70
     1
102
RTVSPost2010Prop56
140
1.0
102
RTVSPost2010PropOp56
 70
     1
102
RTVSPost2010Prop57
140
1.0
102
RTVSPost2010PropOp57
 70
     1
  0
XRECORD
  5
2ADF
102
{ACAD_REACTORS
330
2ADE
102
}
330
2ADE
100
AcDbXrecord
280
     1
102
RTVSPost2010Prop28
280
     0
102
RTVSPost2010PropOp28
 70
     1
102
RTVSPost2010Prop29
280
     1
102
RTVSPost2010PropOp29
 70
     1
102
RTVSPost2010Prop30
280
     1
102
RTVSPost2010PropOp30
 70
     1
102
RTVSPost2010Prop31
280
     0
102
RTVSPost2010PropOp31
 70
     1
102
RTVSPost2010Prop32
280
     0
102
RTVSPost2010PropOp32
 70
     1
102
RTVSPost2010Prop33
280
     0
102
RTVSPost2010PropOp33
 70
     1
102
RTVSPost2010Prop34
280
     0
102
RTVSPost2010PropOp34
 70
     1
102
RTVSPost2010Prop35
280
     0
102
RTVSPost2010PropOp35
 70
     1
102
RTVSPost2010Prop36
280
     0
102
RTVSPost2010PropOp36
 70
     1
102
RTVSPost2010Prop37
 90
       50
102
RTVSPost2010PropOp37
 70
     1
102
RTVSPost2010Prop38
140
0.0
102
RTVSPost2010PropOp38
 70
     1
102
RTVSPost2010Prop39
140
1.0
102
RTVSPost2010PropOp39
 70
     1
102
RTVSPost2010Prop40
 90
        0
102
RTVSPost2010PropOp40
 70
     1
102
RTVSPost2010Prop41ColorIndex
 90
       18
102
RTVSPost2010Prop41ColorRGB
 90
        0
102
RTVSPost2010PropOp41
 70
     1
102
RTVSPost2010Prop42
 90
       50
102
RTVSPost2010PropOp42
 70
     1
102
RTVSPost2010Prop43
 90
        3
102
RTVSPost2010PropOp43
 70
     1
102
RTVSPost2010Prop44ColorIndex
 90
        5
102
RTVSPost2010Prop44ColorRGB
 90
      255
102
RTVSPost2010PropOp44
 70
     1
102
RTVSPost2010Prop45
280
     0
102
RTVSPost2010PropOp45
 70
     1
102
RTVSPost2010Prop46
 90
       50
102
RTVSPost2010PropOp46
 70
     1
102
RTVSPost2010Prop47
 90
       50
102
RTVSPost2010PropOp47
 70
     1
102
RTVSPost2010Prop48
 90
       50
102
RTVSPost2010PropOp48
 70
     1
102
RTVSPost2010Prop49
280
     0
102
RTVSPost2010PropOp49
 70
     1
102
RTVSPost2010Prop50
 90
       50
102
RTVSPost2010PropOp50
 70
     1
102
RTVSPost2010Prop51ColorIndex
 90
      256
102
RTVSPost2010Prop51ColorRGB
 90
-16777216
102
RTVSPost2010PropOp51
 70
     0
102
RTVSPost2010Prop52
140
1.0
102
RTVSPost2010PropOp52
 70
     0
102
RTVSPost2010Prop53
 90
        2
102
RTVSPost2010PropOp53
 70
     1
102
RTVSPost2010Prop54
  1
strokes_ogs.tif
102
RTVSPost2010PropOp54
 70
     1
102
RTVSPost2010Prop55
280
     0
102
RTVSPost2010PropOp55
 70
     1
102
RTVSPost2010Prop56
140
1.0
102
RTVSPost2010PropOp56
 70
     1
102
RTVSPost2010Prop57
140
1.0
102
RTVSPost2010PropOp57
 70
     1
  0
XRECORD
  5
2AEF
102
{ACAD_REACTORS
330
2AEE
102
}
330
2AEE
100
AcDbXrecord
280
     1
102
RTVSPost2010Prop28
280
     0
102
RTVSPost2010PropOp28
 70
     0
102
RTVSPost2010Prop29
280
     1
102
RTVSPost2010PropOp29
 70
     0
102
RTVSPost2010Prop30
280
     1
102
RTVSPost2010PropOp30
 70
     0
102
RTVSPost2010Prop31
280
     0
102
RTVSPost2010PropOp31
 70
     0
102
RTVSPost2010Prop32
280
     0
102
RTVSPost2010PropOp32
 70
     0
102
RTVSPost2010Prop33
280
     0
102
RTVSPost2010PropOp33
 70
     0
102
RTVSPost2010Prop34
280
     0
102
RTVSPost2010PropOp34
 70
     0
102
RTVSPost2010Prop35
280
     0
102
RTVSPost2010PropOp35
 70
     0
102
RTVSPost2010Prop36
280
     0
102
RTVSPost2010PropOp36
 70
     0
102
RTVSPost2010Prop37
 90
       50
102
RTVSPost2010PropOp37
 70
     0
102
RTVSPost2010Prop38
140
0.0
102
RTVSPost2010PropOp38
 70
     0
102
RTVSPost2010Prop39
140
1.0
102
RTVSPost2010PropOp39
 70
     0
102
RTVSPost2010Prop40
 90
        0
102
RTVSPost2010PropOp40
 70
     0
102
RTVSPost2010Prop41ColorIndex
 90
       18
102
RTVSPost2010Prop41ColorRGB
 90
        0
102
RTVSPost2010PropOp41
 70
     0
102
RTVSPost2010Prop42
 90
       50
102
RTVSPost2010PropOp42
 70
     0
102
RTVSPost2010Prop43
 90
        3
102
RTVSPost2010PropOp43
 70
     0
102
RTVSPost2010Prop44ColorIndex
 90
        5
102
RTVSPost2010Prop44ColorRGB
 90
      255
102
RTVSPost2010PropOp44
 70
     0
102
RTVSPost2010Prop45
280
     0
102
RTVSPost2010PropOp45
 70
     0
102
RTVSPost2010Prop46
 90
       50
102
RTVSPost2010PropOp46
 70
     0
102
RTVSPost2010Prop47
 90
       50
102
RTVSPost2010PropOp47
 70
     0
102
RTVSPost2010Prop48
 90
       50
102
RTVSPost2010PropOp48
 70
     0
102
RTVSPost2010Prop49
280
     0
102
RTVSPost2010PropOp49
 70
     0
102
RTVSPost2010Prop50
 90
       50
102
RTVSPost2010PropOp50
 70
     0
102
RTVSPost2010Prop51ColorIndex
 90
      256
102
RTVSPost2010Prop51ColorRGB
 90
-16777216
102
RTVSPost2010PropOp51
 70
     0
102
RTVSPost2010Prop52
140
1.0
102
RTVSPost2010PropOp52
 70
     0
102
RTVSPost2010Prop53
 90
        2
102
RTVSPost2010PropOp53
 70
     0
102
RTVSPost2010Prop54
  1
strokes_ogs.tif
102
RTVSPost2010PropOp54
 70
     0
102
RTVSPost2010Prop55
280
     0
102
RTVSPost2010PropOp55
 70
     0
102
RTVSPost2010Prop56
140
1.0
102
RTVSPost2010PropOp56
 70
     0
102
RTVSPost2010Prop57
140
1.0
102
RTVSPost2010PropOp57
 70
     0
  0
XRECORD
  5
2AE7
102
{ACAD_REACTORS
330
2AE6
102
}
330
2AE6
100
AcDbXrecord
280
     1
102
RTVSPost2010Prop28
280
     0
102
RTVSPost2010PropOp28
 70
     1
102
RTVSPost2010Prop29
280
     1
102
RTVSPost2010PropOp29
 70
     1
102
RTVSPost2010Prop30
280
     1
102
RTVSPost2010PropOp30
 70
     1
102
RTVSPost2010Prop31
280
     0
102
RTVSPost2010PropOp31
 70
     1
102
RTVSPost2010Prop32
280
     0
102
RTVSPost2010PropOp32
 70
     1
102
RTVSPost2010Prop33
280
     0
102
RTVSPost2010PropOp33
 70
     1
102
RTVSPost2010Prop34
280
     0
102
RTVSPost2010PropOp34
 70
     1
102
RTVSPost2010Prop35
280
     0
102
RTVSPost2010PropOp35
 70
     1
102
RTVSPost2010Prop36
280
     0
102
RTVSPost2010PropOp36
 70
     1
102
RTVSPost2010Prop37
 90
       50
102
RTVSPost2010PropOp37
 70
     1
102
RTVSPost2010Prop38
140
0.0
102
RTVSPost2010PropOp38
 70
     1
102
RTVSPost2010Prop39
140
1.0
102
RTVSPost2010PropOp39
 70
     1
102
RTVSPost2010Prop40
 90
        0
102
RTVSPost2010PropOp40
 70
     1
102
RTVSPost2010Prop41ColorIndex
 90
       18
102
RTVSPost2010Prop41ColorRGB
 90
        0
102
RTVSPost2010PropOp41
 70
     1
102
RTVSPost2010Prop42
 90
       50
102
RTVSPost2010PropOp42
 70
     1
102
RTVSPost2010Prop43
 90
        3
102
RTVSPost2010PropOp43
 70
     1
102
RTVSPost2010Prop44ColorIndex
 90
        5
102
RTVSPost2010Prop44ColorRGB
 90
      255
102
RTVSPost2010PropOp44
 70
     1
102
RTVSPost2010Prop45
280
     0
102
RTVSPost2010PropOp45
 70
     1
102
RTVSPost2010Prop46
 90
       50
102
RTVSPost2010PropOp46
 70
     1
102
RTVSPost2010Prop47
 90
       50
102
RTVSPost2010PropOp47
 70
     1
102
RTVSPost2010Prop48
 90
       50
102
RTVSPost2010PropOp48
 70
     1
102
RTVSPost2010Prop49
280
     0
102
RTVSPost2010PropOp49
 70
     1
102
RTVSPost2010Prop50
 90
       50
102
RTVSPost2010PropOp50
 70
     1
102
RTVSPost2010Prop51ColorIndex
 90
      256
102
RTVSPost2010Prop51ColorRGB
 90
-16777216
102
RTVSPost2010PropOp51
 70
     0
102
RTVSPost2010Prop52
140
1.0
102
RTVSPost2010PropOp52
 70
     0
102
RTVSPost2010Prop53
 90
        2
102
RTVSPost2010PropOp53
 70
     1
102
RTVSPost2010Prop54
  1
strokes_ogs.tif
102
RTVSPost2010PropOp54
 70
     1
102
RTVSPost2010Prop55
280
     0
102
RTVSPost2010PropOp55
 70
     1
102
RTVSPost2010Prop56
140
1.0
102
RTVSPost2010PropOp56
 70
     1
102
RTVSPost2010Prop57
140
1.0
102
RTVSPost2010PropOp57
 70
     1
  0
XRECORD
  5
2ACB
102
{ACAD_REACTORS
330
2ACA
102
}
330
2ACA
100
AcDbXrecord
280
     1
102
RTVSPost2010Prop28
280
     0
102
RTVSPost2010PropOp28
 70
     1
102
RTVSPost2010Prop29
280
     1
102
RTVSPost2010PropOp29
 70
     1
102
RTVSPost2010Prop30
280
     1
102
RTVSPost2010PropOp30
 70
     1
102
RTVSPost2010Prop31
280
     0
102
RTVSPost2010PropOp31
 70
     1
102
RTVSPost2010Prop32
280
     0
102
RTVSPost2010PropOp32
 70
     1
102
RTVSPost2010Prop33
280
     0
102
RTVSPost2010PropOp33
 70
     1
102
RTVSPost2010Prop34
280
     0
102
RTVSPost2010PropOp34
 70
     1
102
RTVSPost2010Prop35
280
     0
102
RTVSPost2010PropOp35
 70
     1
102
RTVSPost2010Prop36
280
     0
102
RTVSPost2010PropOp36
 70
     1
102
RTVSPost2010Prop37
 90
       50
102
RTVSPost2010PropOp37
 70
     1
102
RTVSPost2010Prop38
140
0.0
102
RTVSPost2010PropOp38
 70
     1
102
RTVSPost2010Prop39
140
1.0
102
RTVSPost2010PropOp39
 70
     1
102
RTVSPost2010Prop40
 90
        0
102
RTVSPost2010PropOp40
 70
     1
102
RTVSPost2010Prop41ColorIndex
 90
       18
102
RTVSPost2010Prop41ColorRGB
 90
        0
102
RTVSPost2010PropOp41
 70
     1
102
RTVSPost2010Prop42
 90
       50
102
RTVSPost2010PropOp42
 70
     1
102
RTVSPost2010Prop43
 90
        3
102
RTVSPost2010PropOp43
 70
     1
102
RTVSPost2010Prop44ColorIndex
 90
        5
102
RTVSPost2010Prop44ColorRGB
 90
      255
102
RTVSPost2010PropOp44
 70
     1
102
RTVSPost2010Prop45
280
     0
102
RTVSPost2010PropOp45
 70
     1
102
RTVSPost2010Prop46
 90
       50
102
RTVSPost2010PropOp46
 70
     1
102
RTVSPost2010Prop47
 90
       50
102
RTVSPost2010PropOp47
 70
     1
102
RTVSPost2010Prop48
 90
       50
102
RTVSPost2010PropOp48
 70
     1
102
RTVSPost2010Prop49
280
     0
102
RTVSPost2010PropOp49
 70
     1
102
RTVSPost2010Prop50
 90
       50
102
RTVSPost2010PropOp50
 70
     1
102
RTVSPost2010Prop51ColorIndex
 90
      256
102
RTVSPost2010Prop51ColorRGB
 90
-16777216
102
RTVSPost2010PropOp51
 70
     0
102
RTVSPost2010Prop52
140
1.0
102
RTVSPost2010PropOp52
 70
     0
102
RTVSPost2010Prop53
 90
        2
102
RTVSPost2010PropOp53
 70
     1
102
RTVSPost2010Prop54
  1
strokes_ogs.tif
102
RTVSPost2010PropOp54
 70
     1
102
RTVSPost2010Prop55
280
     0
102
RTVSPost2010PropOp55
 70
     1
102
RTVSPost2010Prop56
140
1.0
102
RTVSPost2010PropOp56
 70
     1
102
RTVSPost2010Prop57
140
1.0
102
RTVSPost2010PropOp57
 70
     1
  0
XRECORD
  5
2ACD
102
{ACAD_REACTORS
330
2ACC
102
}
330
2ACC
100
AcDbXrecord
280
     1
102
RTVSPost2010Prop28
280
     0
102
RTVSPost2010PropOp28
 70
     1
102
RTVSPost2010Prop29
280
     1
102
RTVSPost2010PropOp29
 70
     1
102
RTVSPost2010Prop30
280
     1
102
RTVSPost2010PropOp30
 70
     1
102
RTVSPost2010Prop31
280
     0
102
RTVSPost2010PropOp31
 70
     1
102
RTVSPost2010Prop32
280
     0
102
RTVSPost2010PropOp32
 70
     1
102
RTVSPost2010Prop33
280
     0
102
RTVSPost2010PropOp33
 70
     1
102
RTVSPost2010Prop34
280
     0
102
RTVSPost2010PropOp34
 70
     1
102
RTVSPost2010Prop35
280
     0
102
RTVSPost2010PropOp35
 70
     1
102
RTVSPost2010Prop36
280
     0
102
RTVSPost2010PropOp36
 70
     1
102
RTVSPost2010Prop37
 90
       50
102
RTVSPost2010PropOp37
 70
     1
102
RTVSPost2010Prop38
140
0.0
102
RTVSPost2010PropOp38
 70
     1
102
RTVSPost2010Prop39
140
1.0
102
RTVSPost2010PropOp39
 70
     1
102
RTVSPost2010Prop40
 90
        0
102
RTVSPost2010PropOp40
 70
     1
102
RTVSPost2010Prop41ColorIndex
 90
       18
102
RTVSPost2010Prop41ColorRGB
 90
        0
102
RTVSPost2010PropOp41
 70
     1
102
RTVSPost2010Prop42
 90
       50
102
RTVSPost2010PropOp42
 70
     1
102
RTVSPost2010Prop43
 90
        3
102
RTVSPost2010PropOp43
 70
     1
102
RTVSPost2010Prop44ColorIndex
 90
        5
102
RTVSPost2010Prop44ColorRGB
 90
      255
102
RTVSPost2010PropOp44
 70
     1
102
RTVSPost2010Prop45
280
     0
102
RTVSPost2010PropOp45
 70
     1
102
RTVSPost2010Prop46
 90
       50
102
RTVSPost2010PropOp46
 70
     1
102
RTVSPost2010Prop47
 90
       50
102
RTVSPost2010PropOp47
 70
     1
102
RTVSPost2010Prop48
 90
       50
102
RTVSPost2010PropOp48
 70
     1
102
RTVSPost2010Prop49
280
     0
102
RTVSPost2010PropOp49
 70
     1
102
RTVSPost2010Prop50
 90
       50
102
RTVSPost2010PropOp50
 70
     1
102
RTVSPost2010Prop51ColorIndex
 90
      256
102
RTVSPost2010Prop51ColorRGB
 90
-16777216
102
RTVSPost2010PropOp51
 70
     0
102
RTVSPost2010Prop52
140
1.0
102
RTVSPost2010PropOp52
 70
     0
102
RTVSPost2010Prop53
 90
        2
102
RTVSPost2010PropOp53
 70
     1
102
RTVSPost2010Prop54
  1
strokes_ogs.tif
102
RTVSPost2010PropOp54
 70
     1
102
RTVSPost2010Prop55
280
     0
102
RTVSPost2010PropOp55
 70
     1
102
RTVSPost2010Prop56
140
1.0
102
RTVSPost2010PropOp56
 70
     1
102
RTVSPost2010Prop57
140
1.0
102
RTVSPost2010PropOp57
 70
     1
  0
XRECORD
  5
2ACF
102
{ACAD_REACTORS
330
2ACE
102
}
330
2ACE
100
AcDbXrecord
280
     1
102
RTVSPost2010Prop28
280
     0
102
RTVSPost2010PropOp28
 70
     1
102
RTVSPost2010Prop29
280
     1
102
RTVSPost2010PropOp29
 70
     1
102
RTVSPost2010Prop30
280
     1
102
RTVSPost2010PropOp30
 70
     1
102
RTVSPost2010Prop31
280
     0
102
RTVSPost2010PropOp31
 70
     1
102
RTVSPost2010Prop32
280
     0
102
RTVSPost2010PropOp32
 70
     1
102
RTVSPost2010Prop33
280
     0
102
RTVSPost2010PropOp33
 70
     1
102
RTVSPost2010Prop34
280
     0
102
RTVSPost2010PropOp34
 70
     1
102
RTVSPost2010Prop35
280
     0
102
RTVSPost2010PropOp35
 70
     1
102
RTVSPost2010Prop36
280
     0
102
RTVSPost2010PropOp36
 70
     1
102
RTVSPost2010Prop37
 90
       50
102
RTVSPost2010PropOp37
 70
     1
102
RTVSPost2010Prop38
140
0.0
102
RTVSPost2010PropOp38
 70
     1
102
RTVSPost2010Prop39
140
1.0
102
RTVSPost2010PropOp39
 70
     1
102
RTVSPost2010Prop40
 90
        0
102
RTVSPost2010PropOp40
 70
     1
102
RTVSPost2010Prop41ColorIndex
 90
       18
102
RTVSPost2010Prop41ColorRGB
 90
        0
102
RTVSPost2010PropOp41
 70
     1
102
RTVSPost2010Prop42
 90
       50
102
RTVSPost2010PropOp42
 70
     1
102
RTVSPost2010Prop43
 90
        3
102
RTVSPost2010PropOp43
 70
     1
102
RTVSPost2010Prop44ColorIndex
 90
        5
102
RTVSPost2010Prop44ColorRGB
 90
      255
102
RTVSPost2010PropOp44
 70
     1
102
RTVSPost2010Prop45
280
     0
102
RTVSPost2010PropOp45
 70
     1
102
RTVSPost2010Prop46
 90
       50
102
RTVSPost2010PropOp46
 70
     1
102
RTVSPost2010Prop47
 90
       50
102
RTVSPost2010PropOp47
 70
     1
102
RTVSPost2010Prop48
 90
       50
102
RTVSPost2010PropOp48
 70
     1
102
RTVSPost2010Prop49
280
     0
102
RTVSPost2010PropOp49
 70
     1
102
RTVSPost2010Prop50
 90
       50
102
RTVSPost2010PropOp50
 70
     1
102
RTVSPost2010Prop51ColorIndex
 90
      256
102
RTVSPost2010Prop51ColorRGB
 90
-16777216
102
RTVSPost2010PropOp51
 70
     0
102
RTVSPost2010Prop52
140
1.0
102
RTVSPost2010PropOp52
 70
     0
102
RTVSPost2010Prop53
 90
        2
102
RTVSPost2010PropOp53
 70
     1
102
RTVSPost2010Prop54
  1
strokes_ogs.tif
102
RTVSPost2010PropOp54
 70
     1
102
RTVSPost2010Prop55
280
     0
102
RTVSPost2010PropOp55
 70
     1
102
RTVSPost2010Prop56
140
1.0
102
RTVSPost2010PropOp56
 70
     1
102
RTVSPost2010Prop57
140
1.0
102
RTVSPost2010PropOp57
 70
     1
  0
XRECORD
  5
2AD1
102
{ACAD_REACTORS
330
2AD0
102
}
330
2AD0
100
AcDbXrecord
280
     1
102
RTVSPost2010Prop28
280
     0
102
RTVSPost2010PropOp28
 70
     1
102
RTVSPost2010Prop29
280
     1
102
RTVSPost2010PropOp29
 70
     1
102
RTVSPost2010Prop30
280
     1
102
RTVSPost2010PropOp30
 70
     1
102
RTVSPost2010Prop31
280
     0
102
RTVSPost2010PropOp31
 70
     1
102
RTVSPost2010Prop32
280
     0
102
RTVSPost2010PropOp32
 70
     1
102
RTVSPost2010Prop33
280
     0
102
RTVSPost2010PropOp33
 70
     1
102
RTVSPost2010Prop34
280
     0
102
RTVSPost2010PropOp34
 70
     1
102
RTVSPost2010Prop35
280
     0
102
RTVSPost2010PropOp35
 70
     1
102
RTVSPost2010Prop36
280
     0
102
RTVSPost2010PropOp36
 70
     1
102
RTVSPost2010Prop37
 90
       50
102
RTVSPost2010PropOp37
 70
     1
102
RTVSPost2010Prop38
140
0.0
102
RTVSPost2010PropOp38
 70
     1
102
RTVSPost2010Prop39
140
1.0
102
RTVSPost2010PropOp39
 70
     1
102
RTVSPost2010Prop40
 90
        0
102
RTVSPost2010PropOp40
 70
     1
102
RTVSPost2010Prop41ColorIndex
 90
       18
102
RTVSPost2010Prop41ColorRGB
 90
        0
102
RTVSPost2010PropOp41
 70
     1
102
RTVSPost2010Prop42
 90
       50
102
RTVSPost2010PropOp42
 70
     1
102
RTVSPost2010Prop43
 90
        3
102
RTVSPost2010PropOp43
 70
     1
102
RTVSPost2010Prop44ColorIndex
 90
        5
102
RTVSPost2010Prop44ColorRGB
 90
      255
102
RTVSPost2010PropOp44
 70
     1
102
RTVSPost2010Prop45
280
     0
102
RTVSPost2010PropOp45
 70
     1
102
RTVSPost2010Prop46
 90
       50
102
RTVSPost2010PropOp46
 70
     1
102
RTVSPost2010Prop47
 90
       50
102
RTVSPost2010PropOp47
 70
     1
102
RTVSPost2010Prop48
 90
       50
102
RTVSPost2010PropOp48
 70
     1
102
RTVSPost2010Prop49
280
     0
102
RTVSPost2010PropOp49
 70
     1
102
RTVSPost2010Prop50
 90
       50
102
RTVSPost2010PropOp50
 70
     1
102
RTVSPost2010Prop51ColorIndex
 90
      256
102
RTVSPost2010Prop51ColorRGB
 90
-16777216
102
RTVSPost2010PropOp51
 70
     0
102
RTVSPost2010Prop52
140
1.0
102
RTVSPost2010PropOp52
 70
     0
102
RTVSPost2010Prop53
 90
        2
102
RTVSPost2010PropOp53
 70
     1
102
RTVSPost2010Prop54
  1
strokes_ogs.tif
102
RTVSPost2010PropOp54
 70
     1
102
RTVSPost2010Prop55
280
     0
102
RTVSPost2010PropOp55
 70
     1
102
RTVSPost2010Prop56
140
1.0
102
RTVSPost2010PropOp56
 70
     1
102
RTVSPost2010Prop57
140
1.0
102
RTVSPost2010PropOp57
 70
     1
  0
XRECORD
  5
2AD7
102
{ACAD_REACTORS
330
2AD6
102
}
330
2AD6
100
AcDbXrecord
280
     1
102
RTVSPost2010Prop28
280
     0
102
RTVSPost2010PropOp28
 70
     1
102
RTVSPost2010Prop29
280
     1
102
RTVSPost2010PropOp29
 70
     1
102
RTVSPost2010Prop30
280
     1
102
RTVSPost2010PropOp30
 70
     1
102
RTVSPost2010Prop31
280
     0
102
RTVSPost2010PropOp31
 70
     1
102
RTVSPost2010Prop32
280
     0
102
RTVSPost2010PropOp32
 70
     1
102
RTVSPost2010Prop33
280
     0
102
RTVSPost2010PropOp33
 70
     1
102
RTVSPost2010Prop34
280
     0
102
RTVSPost2010PropOp34
 70
     1
102
RTVSPost2010Prop35
280
     0
102
RTVSPost2010PropOp35
 70
     1
102
RTVSPost2010Prop36
280
     0
102
RTVSPost2010PropOp36
 70
     1
102
RTVSPost2010Prop37
 90
       50
102
RTVSPost2010PropOp37
 70
     1
102
RTVSPost2010Prop38
140
0.0
102
RTVSPost2010PropOp38
 70
     1
102
RTVSPost2010Prop39
140
1.0
102
RTVSPost2010PropOp39
 70
     1
102
RTVSPost2010Prop40
 90
        0
102
RTVSPost2010PropOp40
 70
     1
102
RTVSPost2010Prop41ColorIndex
 90
       18
102
RTVSPost2010Prop41ColorRGB
 90
        0
102
RTVSPost2010PropOp41
 70
     1
102
RTVSPost2010Prop42
 90
       50
102
RTVSPost2010PropOp42
 70
     1
102
RTVSPost2010Prop43
 90
        3
102
RTVSPost2010PropOp43
 70
     1
102
RTVSPost2010Prop44ColorIndex
 90
        5
102
RTVSPost2010Prop44ColorRGB
 90
      255
102
RTVSPost2010PropOp44
 70
     1
102
RTVSPost2010Prop45
280
     0
102
RTVSPost2010PropOp45
 70
     1
102
RTVSPost2010Prop46
 90
       50
102
RTVSPost2010PropOp46
 70
     1
102
RTVSPost2010Prop47
 90
       50
102
RTVSPost2010PropOp47
 70
     1
102
RTVSPost2010Prop48
 90
       50
102
RTVSPost2010PropOp48
 70
     1
102
RTVSPost2010Prop49
280
     0
102
RTVSPost2010PropOp49
 70
     1
102
RTVSPost2010Prop50
 90
       50
102
RTVSPost2010PropOp50
 70
     1
102
RTVSPost2010Prop51ColorIndex
 90
      256
102
RTVSPost2010Prop51ColorRGB
 90
-16777216
102
RTVSPost2010PropOp51
 70
     0
102
RTVSPost2010Prop52
140
1.0
102
RTVSPost2010PropOp52
 70
     0
102
RTVSPost2010Prop53
 90
        2
102
RTVSPost2010PropOp53
 70
     1
102
RTVSPost2010Prop54
  1
strokes_ogs.tif
102
RTVSPost2010PropOp54
 70
     1
102
RTVSPost2010Prop55
280
     0
102
RTVSPost2010PropOp55
 70
     1
102
RTVSPost2010Prop56
140
1.0
102
RTVSPost2010PropOp56
 70
     1
102
RTVSPost2010Prop57
140
1.0
102
RTVSPost2010PropOp57
 70
     1
  0
XRECORD
  5
2AEB
102
{ACAD_REACTORS
330
2AEA
102
}
330
2AEA
100
AcDbXrecord
280
     1
102
RTVSPost2010Prop28
280
     0
102
RTVSPost2010PropOp28
 70
     0
102
RTVSPost2010Prop29
280
     1
102
RTVSPost2010PropOp29
 70
     0
102
RTVSPost2010Prop30
280
     1
102
RTVSPost2010PropOp30
 70
     0
102
RTVSPost2010Prop31
280
     0
102
RTVSPost2010PropOp31
 70
     0
102
RTVSPost2010Prop32
280
     0
102
RTVSPost2010PropOp32
 70
     0
102
RTVSPost2010Prop33
280
     0
102
RTVSPost2010PropOp33
 70
     0
102
RTVSPost2010Prop34
280
     0
102
RTVSPost2010PropOp34
 70
     0
102
RTVSPost2010Prop35
280
     0
102
RTVSPost2010PropOp35
 70
     0
102
RTVSPost2010Prop36
280
     0
102
RTVSPost2010PropOp36
 70
     0
102
RTVSPost2010Prop37
 90
       50
102
RTVSPost2010PropOp37
 70
     0
102
RTVSPost2010Prop38
140
0.0
102
RTVSPost2010PropOp38
 70
     0
102
RTVSPost2010Prop39
140
1.0
102
RTVSPost2010PropOp39
 70
     0
102
RTVSPost2010Prop40
 90
        0
102
RTVSPost2010PropOp40
 70
     0
102
RTVSPost2010Prop41ColorIndex
 90
       18
102
RTVSPost2010Prop41ColorRGB
 90
        0
102
RTVSPost2010PropOp41
 70
     0
102
RTVSPost2010Prop42
 90
       50
102
RTVSPost2010PropOp42
 70
     0
102
RTVSPost2010Prop43
 90
        3
102
RTVSPost2010PropOp43
 70
     0
102
RTVSPost2010Prop44ColorIndex
 90
        5
102
RTVSPost2010Prop44ColorRGB
 90
      255
102
RTVSPost2010PropOp44
 70
     0
102
RTVSPost2010Prop45
280
     0
102
RTVSPost2010PropOp45
 70
     0
102
RTVSPost2010Prop46
 90
       50
102
RTVSPost2010PropOp46
 70
     0
102
RTVSPost2010Prop47
 90
       50
102
RTVSPost2010PropOp47
 70
     0
102
RTVSPost2010Prop48
 90
       50
102
RTVSPost2010PropOp48
 70
     0
102
RTVSPost2010Prop49
280
     0
102
RTVSPost2010PropOp49
 70
     0
102
RTVSPost2010Prop50
 90
       50
102
RTVSPost2010PropOp50
 70
     0
102
RTVSPost2010Prop51ColorIndex
 90
      256
102
RTVSPost2010Prop51ColorRGB
 90
-16777216
102
RTVSPost2010PropOp51
 70
     0
102
RTVSPost2010Prop52
140
1.0
102
RTVSPost2010PropOp52
 70
     0
102
RTVSPost2010Prop53
 90
        2
102
RTVSPost2010PropOp53
 70
     0
102
RTVSPost2010Prop54
  1
strokes_ogs.tif
102
RTVSPost2010PropOp54
 70
     0
102
RTVSPost2010Prop55
280
     0
102
RTVSPost2010PropOp55
 70
     0
102
RTVSPost2010Prop56
140
1.0
102
RTVSPost2010PropOp56
 70
     0
102
RTVSPost2010Prop57
140
1.0
102
RTVSPost2010PropOp57
 70
     0
  0
XRECORD
  5
2AE5
102
{ACAD_REACTORS
330
2AE4
102
}
330
2AE4
100
AcDbXrecord
280
     1
102
RTVSPost2010Prop28
280
     0
102
RTVSPost2010PropOp28
 70
     1
102
RTVSPost2010Prop29
280
     1
102
RTVSPost2010PropOp29
 70
     1
102
RTVSPost2010Prop30
280
     1
102
RTVSPost2010PropOp30
 70
     1
102
RTVSPost2010Prop31
280
     0
102
RTVSPost2010PropOp31
 70
     1
102
RTVSPost2010Prop32
280
     0
102
RTVSPost2010PropOp32
 70
     1
102
RTVSPost2010Prop33
280
     0
102
RTVSPost2010PropOp33
 70
     1
102
RTVSPost2010Prop34
280
     0
102
RTVSPost2010PropOp34
 70
     1
102
RTVSPost2010Prop35
280
     0
102
RTVSPost2010PropOp35
 70
     1
102
RTVSPost2010Prop36
280
     0
102
RTVSPost2010PropOp36
 70
     1
102
RTVSPost2010Prop37
 90
       50
102
RTVSPost2010PropOp37
 70
     1
102
RTVSPost2010Prop38
140
0.0
102
RTVSPost2010PropOp38
 70
     1
102
RTVSPost2010Prop39
140
1.0
102
RTVSPost2010PropOp39
 70
     1
102
RTVSPost2010Prop40
 90
        0
102
RTVSPost2010PropOp40
 70
     1
102
RTVSPost2010Prop41ColorIndex
 90
       18
102
RTVSPost2010Prop41ColorRGB
 90
        0
102
RTVSPost2010PropOp41
 70
     1
102
RTVSPost2010Prop42
 90
       50
102
RTVSPost2010PropOp42
 70
     1
102
RTVSPost2010Prop43
 90
        3
102
RTVSPost2010PropOp43
 70
     1
102
RTVSPost2010Prop44ColorIndex
 90
        5
102
RTVSPost2010Prop44ColorRGB
 90
      255
102
RTVSPost2010PropOp44
 70
     1
102
RTVSPost2010Prop45
280
     0
102
RTVSPost2010PropOp45
 70
     1
102
RTVSPost2010Prop46
 90
       50
102
RTVSPost2010PropOp46
 70
     1
102
RTVSPost2010Prop47
 90
       50
102
RTVSPost2010PropOp47
 70
     1
102
RTVSPost2010Prop48
 90
       50
102
RTVSPost2010PropOp48
 70
     1
102
RTVSPost2010Prop49
280
     0
102
RTVSPost2010PropOp49
 70
     1
102
RTVSPost2010Prop50
 90
       50
102
RTVSPost2010PropOp50
 70
     1
102
RTVSPost2010Prop51ColorIndex
 90
      256
102
RTVSPost2010Prop51ColorRGB
 90
-16777216
102
RTVSPost2010PropOp51
 70
     0
102
RTVSPost2010Prop52
140
1.0
102
RTVSPost2010PropOp52
 70
     0
102
RTVSPost2010Prop53
 90
        2
102
RTVSPost2010PropOp53
 70
     1
102
RTVSPost2010Prop54
  1
strokes_ogs.tif
102
RTVSPost2010PropOp54
 70
     1
102
RTVSPost2010Prop55
280
     0
102
RTVSPost2010PropOp55
 70
     1
102
RTVSPost2010Prop56
140
1.0
102
RTVSPost2010PropOp56
 70
     1
102
RTVSPost2010Prop57
140
1.0
102
RTVSPost2010PropOp57
 70
     1
  0
XRECORD
  5
2AED
102
{ACAD_REACTORS
330
2AEC
102
}
330
2AEC
100
AcDbXrecord
280
     1
102
RTVSPost2010Prop28
280
     0
102
RTVSPost2010PropOp28
 70
     0
102
RTVSPost2010Prop29
280
     1
102
RTVSPost2010PropOp29
 70
     0
102
RTVSPost2010Prop30
280
     1
102
RTVSPost2010PropOp30
 70
     0
102
RTVSPost2010Prop31
280
     0
102
RTVSPost2010PropOp31
 70
     0
102
RTVSPost2010Prop32
280
     0
102
RTVSPost2010PropOp32
 70
     0
102
RTVSPost2010Prop33
280
     0
102
RTVSPost2010PropOp33
 70
     0
102
RTVSPost2010Prop34
280
     0
102
RTVSPost2010PropOp34
 70
     0
102
RTVSPost2010Prop35
280
     0
102
RTVSPost2010PropOp35
 70
     0
102
RTVSPost2010Prop36
280
     0
102
RTVSPost2010PropOp36
 70
     0
102
RTVSPost2010Prop37
 90
       50
102
RTVSPost2010PropOp37
 70
     0
102
RTVSPost2010Prop38
140
0.0
102
RTVSPost2010PropOp38
 70
     0
102
RTVSPost2010Prop39
140
1.0
102
RTVSPost2010PropOp39
 70
     0
102
RTVSPost2010Prop40
 90
        0
102
RTVSPost2010PropOp40
 70
     0
102
RTVSPost2010Prop41ColorIndex
 90
       18
102
RTVSPost2010Prop41ColorRGB
 90
        0
102
RTVSPost2010PropOp41
 70
     0
102
RTVSPost2010Prop42
 90
       50
102
RTVSPost2010PropOp42
 70
     0
102
RTVSPost2010Prop43
 90
        3
102
RTVSPost2010PropOp43
 70
     0
102
RTVSPost2010Prop44ColorIndex
 90
        5
102
RTVSPost2010Prop44ColorRGB
 90
      255
102
RTVSPost2010PropOp44
 70
     0
102
RTVSPost2010Prop45
280
     0
102
RTVSPost2010PropOp45
 70
     0
102
RTVSPost2010Prop46
 90
       50
102
RTVSPost2010PropOp46
 70
     0
102
RTVSPost2010Prop47
 90
       50
102
RTVSPost2010PropOp47
 70
     0
102
RTVSPost2010Prop48
 90
       50
102
RTVSPost2010PropOp48
 70
     0
102
RTVSPost2010Prop49
280
     0
102
RTVSPost2010PropOp49
 70
     0
102
RTVSPost2010Prop50
 90
       50
102
RTVSPost2010PropOp50
 70
     0
102
RTVSPost2010Prop51ColorIndex
 90
      256
102
RTVSPost2010Prop51ColorRGB
 90
-16777216
102
RTVSPost2010PropOp51
 70
     0
102
RTVSPost2010Prop52
140
1.0
102
RTVSPost2010PropOp52
 70
     0
102
RTVSPost2010Prop53
 90
        2
102
RTVSPost2010PropOp53
 70
     0
102
RTVSPost2010Prop54
  1
strokes_ogs.tif
102
RTVSPost2010PropOp54
 70
     0
102
RTVSPost2010Prop55
280
     0
102
RTVSPost2010PropOp55
 70
     0
102
RTVSPost2010Prop56
140
1.0
102
RTVSPost2010PropOp56
 70
     0
102
RTVSPost2010Prop57
140
1.0
102
RTVSPost2010PropOp57
 70
     0
  0
XRECORD
  5
2ADB
102
{ACAD_REACTORS
330
2ADA
102
}
330
2ADA
100
AcDbXrecord
280
     1
102
RTVSPost2010Prop28
280
     0
102
RTVSPost2010PropOp28
 70
     1
102
RTVSPost2010Prop29
280
     1
102
RTVSPost2010PropOp29
 70
     1
102
RTVSPost2010Prop30
280
     1
102
RTVSPost2010PropOp30
 70
     1
102
RTVSPost2010Prop31
280
     0
102
RTVSPost2010PropOp31
 70
     1
102
RTVSPost2010Prop32
280
     0
102
RTVSPost2010PropOp32
 70
     1
102
RTVSPost2010Prop33
280
     0
102
RTVSPost2010PropOp33
 70
     1
102
RTVSPost2010Prop34
280
     0
102
RTVSPost2010PropOp34
 70
     1
102
RTVSPost2010Prop35
280
     0
102
RTVSPost2010PropOp35
 70
     1
102
RTVSPost2010Prop36
280
     0
102
RTVSPost2010PropOp36
 70
     1
102
RTVSPost2010Prop37
 90
       50
102
RTVSPost2010PropOp37
 70
     1
102
RTVSPost2010Prop38
140
0.0
102
RTVSPost2010PropOp38
 70
     1
102
RTVSPost2010Prop39
140
1.0
102
RTVSPost2010PropOp39
 70
     1
102
RTVSPost2010Prop40
 90
        0
102
RTVSPost2010PropOp40
 70
     1
102
RTVSPost2010Prop41ColorIndex
 90
       18
102
RTVSPost2010Prop41ColorRGB
 90
        0
102
RTVSPost2010PropOp41
 70
     1
102
RTVSPost2010Prop42
 90
       50
102
RTVSPost2010PropOp42
 70
     1
102
RTVSPost2010Prop43
 90
        3
102
RTVSPost2010PropOp43
 70
     1
102
RTVSPost2010Prop44ColorIndex
 90
        5
102
RTVSPost2010Prop44ColorRGB
 90
      255
102
RTVSPost2010PropOp44
 70
     1
102
RTVSPost2010Prop45
280
     0
102
RTVSPost2010PropOp45
 70
     1
102
RTVSPost2010Prop46
 90
       50
102
RTVSPost2010PropOp46
 70
     1
102
RTVSPost2010Prop47
 90
       50
102
RTVSPost2010PropOp47
 70
     1
102
RTVSPost2010Prop48
 90
       50
102
RTVSPost2010PropOp48
 70
     1
102
RTVSPost2010Prop49
280
     0
102
RTVSPost2010PropOp49
 70
     1
102
RTVSPost2010Prop50
 90
       50
102
RTVSPost2010PropOp50
 70
     1
102
RTVSPost2010Prop51ColorIndex
 90
      256
102
RTVSPost2010Prop51ColorRGB
 90
-16777216
102
RTVSPost2010PropOp51
 70
     0
102
RTVSPost2010Prop52
140
1.0
102
RTVSPost2010PropOp52
 70
     0
102
RTVSPost2010Prop53
 90
        2
102
RTVSPost2010PropOp53
 70
     1
102
RTVSPost2010Prop54
  1
strokes_ogs.tif
102
RTVSPost2010PropOp54
 70
     1
102
RTVSPost2010Prop55
280
     0
102
RTVSPost2010PropOp55
 70
     1
102
RTVSPost2010Prop56
140
1.0
102
RTVSPost2010PropOp56
 70
     1
102
RTVSPost2010Prop57
140
1.0
102
RTVSPost2010PropOp57
 70
     1
  0
XRECORD
  5
2AF9
102
{ACAD_REACTORS
330
2AF8
102
}
330
2AF8
100
AcDbXrecord
280
     1
102
RTVSPost2010Prop28
280
     0
102
RTVSPost2010PropOp28
 70
     1
102
RTVSPost2010Prop29
280
     1
102
RTVSPost2010PropOp29
 70
     1
102
RTVSPost2010Prop30
280
     1
102
RTVSPost2010PropOp30
 70
     1
102
RTVSPost2010Prop31
280
     0
102
RTVSPost2010PropOp31
 70
     1
102
RTVSPost2010Prop32
280
     0
102
RTVSPost2010PropOp32
 70
     1
102
RTVSPost2010Prop33
280
     0
102
RTVSPost2010PropOp33
 70
     1
102
RTVSPost2010Prop34
280
     0
102
RTVSPost2010PropOp34
 70
     1
102
RTVSPost2010Prop35
280
     0
102
RTVSPost2010PropOp35
 70
     1
102
RTVSPost2010Prop36
280
     0
102
RTVSPost2010PropOp36
 70
     1
102
RTVSPost2010Prop37
 90
       50
102
RTVSPost2010PropOp37
 70
     1
102
RTVSPost2010Prop38
140
0.0
102
RTVSPost2010PropOp38
 70
     1
102
RTVSPost2010Prop39
140
1.0
102
RTVSPost2010PropOp39
 70
     1
102
RTVSPost2010Prop40
 90
        0
102
RTVSPost2010PropOp40
 70
     1
102
RTVSPost2010Prop41ColorIndex
 90
       18
102
RTVSPost2010Prop41ColorRGB
 90
        0
102
RTVSPost2010PropOp41
 70
     1
102
RTVSPost2010Prop42
 90
       50
102
RTVSPost2010PropOp42
 70
     1
102
RTVSPost2010Prop43
 90
        3
102
RTVSPost2010PropOp43
 70
     1
102
RTVSPost2010Prop44ColorIndex
 90
        5
102
RTVSPost2010Prop44ColorRGB
 90
      255
102
RTVSPost2010PropOp44
 70
     1
102
RTVSPost2010Prop45
280
     0
102
RTVSPost2010PropOp45
 70
     1
102
RTVSPost2010Prop46
 90
       50
102
RTVSPost2010PropOp46
 70
     1
102
RTVSPost2010Prop47
 90
       50
102
RTVSPost2010PropOp47
 70
     1
102
RTVSPost2010Prop48
 90
       50
102
RTVSPost2010PropOp48
 70
     1
102
RTVSPost2010Prop49
280
     0
102
RTVSPost2010PropOp49
 70
     1
102
RTVSPost2010Prop50
 90
       50
102
RTVSPost2010PropOp50
 70
     1
102
RTVSPost2010Prop51ColorIndex
 90
      256
102
RTVSPost2010Prop51ColorRGB
 90
-16777216
102
RTVSPost2010PropOp51
 70
     0
102
RTVSPost2010Prop52
140
1.0
102
RTVSPost2010PropOp52
 70
     0
102
RTVSPost2010Prop53
 90
        2
102
RTVSPost2010PropOp53
 70
     1
102
RTVSPost2010Prop54
  1
strokes_ogs.tif
102
RTVSPost2010PropOp54
 70
     1
102
RTVSPost2010Prop55
280
     0
102
RTVSPost2010PropOp55
 70
     1
102
RTVSPost2010Prop56
140
1.0
102
RTVSPost2010PropOp56
 70
     1
102
RTVSPost2010Prop57
140
1.0
102
RTVSPost2010PropOp57
 70
     1
  0
XRECORD
  5
2AF7
102
{ACAD_REACTORS
330
2AF6
102
}
330
2AF6
100
AcDbXrecord
280
     1
102
RTVSPost2010Prop28
280
     0
102
RTVSPost2010PropOp28
 70
     1
102
RTVSPost2010Prop29
280
     1
102
RTVSPost2010PropOp29
 70
     1
102
RTVSPost2010Prop30
280
     1
102
RTVSPost2010PropOp30
 70
     1
102
RTVSPost2010Prop31
280
     0
102
RTVSPost2010PropOp31
 70
     1
102
RTVSPost2010Prop32
280
     0
102
RTVSPost2010PropOp32
 70
     1
102
RTVSPost2010Prop33
280
     0
102
RTVSPost2010PropOp33
 70
     1
102
RTVSPost2010Prop34
280
     0
102
RTVSPost2010PropOp34
 70
     1
102
RTVSPost2010Prop35
280
     0
102
RTVSPost2010PropOp35
 70
     1
102
RTVSPost2010Prop36
280
     0
102
RTVSPost2010PropOp36
 70
     1
102
RTVSPost2010Prop37
 90
       50
102
RTVSPost2010PropOp37
 70
     1
102
RTVSPost2010Prop38
140
0.0
102
RTVSPost2010PropOp38
 70
     1
102
RTVSPost2010Prop39
140
1.0
102
RTVSPost2010PropOp39
 70
     1
102
RTVSPost2010Prop40
 90
        0
102
RTVSPost2010PropOp40
 70
     1
102
RTVSPost2010Prop41ColorIndex
 90
       18
102
RTVSPost2010Prop41ColorRGB
 90
        0
102
RTVSPost2010PropOp41
 70
     1
102
RTVSPost2010Prop42
 90
       50
102
RTVSPost2010PropOp42
 70
     1
102
RTVSPost2010Prop43
 90
        3
102
RTVSPost2010PropOp43
 70
     1
102
RTVSPost2010Prop44ColorIndex
 90
        5
102
RTVSPost2010Prop44ColorRGB
 90
      255
102
RTVSPost2010PropOp44
 70
     1
102
RTVSPost2010Prop45
280
     0
102
RTVSPost2010PropOp45
 70
     1
102
RTVSPost2010Prop46
 90
       50
102
RTVSPost2010PropOp46
 70
     1
102
RTVSPost2010Prop47
 90
       50
102
RTVSPost2010PropOp47
 70
     1
102
RTVSPost2010Prop48
 90
       50
102
RTVSPost2010PropOp48
 70
     1
102
RTVSPost2010Prop49
280
     0
102
RTVSPost2010PropOp49
 70
     1
102
RTVSPost2010Prop50
 90
       50
102
RTVSPost2010PropOp50
 70
     1
102
RTVSPost2010Prop51ColorIndex
 90
      256
102
RTVSPost2010Prop51ColorRGB
 90
-16777216
102
RTVSPost2010PropOp51
 70
     0
102
RTVSPost2010Prop52
140
1.0
102
RTVSPost2010PropOp52
 70
     0
102
RTVSPost2010Prop53
 90
        2
102
RTVSPost2010PropOp53
 70
     1
102
RTVSPost2010Prop54
  1
strokes_ogs.tif
102
RTVSPost2010PropOp54
 70
     1
102
RTVSPost2010Prop55
280
     0
102
RTVSPost2010PropOp55
 70
     1
102
RTVSPost2010Prop56
140
1.0
102
RTVSPost2010PropOp56
 70
     1
102
RTVSPost2010Prop57
140
1.0
102
RTVSPost2010PropOp57
 70
     1
  0
XRECORD
  5
2AF1
102
{ACAD_REACTORS
330
2AF0
102
}
330
2AF0
100
AcDbXrecord
280
     1
102
RTVSPost2010Prop28
280
     0
102
RTVSPost2010PropOp28
 70
     1
102
RTVSPost2010Prop29
280
     1
102
RTVSPost2010PropOp29
 70
     1
102
RTVSPost2010Prop30
280
     1
102
RTVSPost2010PropOp30
 70
     1
102
RTVSPost2010Prop31
280
     0
102
RTVSPost2010PropOp31
 70
     1
102
RTVSPost2010Prop32
280
     0
102
RTVSPost2010PropOp32
 70
     1
102
RTVSPost2010Prop33
280
     0
102
RTVSPost2010PropOp33
 70
     1
102
RTVSPost2010Prop34
280
     0
102
RTVSPost2010PropOp34
 70
     1
102
RTVSPost2010Prop35
280
     0
102
RTVSPost2010PropOp35
 70
     1
102
RTVSPost2010Prop36
280
     0
102
RTVSPost2010PropOp36
 70
     1
102
RTVSPost2010Prop37
 90
       50
102
RTVSPost2010PropOp37
 70
     1
102
RTVSPost2010Prop38
140
0.0
102
RTVSPost2010PropOp38
 70
     1
102
RTVSPost2010Prop39
140
1.0
102
RTVSPost2010PropOp39
 70
     1
102
RTVSPost2010Prop40
 90
        0
102
RTVSPost2010PropOp40
 70
     1
102
RTVSPost2010Prop41ColorIndex
 90
       18
102
RTVSPost2010Prop41ColorRGB
 90
        0
102
RTVSPost2010PropOp41
 70
     1
102
RTVSPost2010Prop42
 90
       50
102
RTVSPost2010PropOp42
 70
     1
102
RTVSPost2010Prop43
 90
        3
102
RTVSPost2010PropOp43
 70
     1
102
RTVSPost2010Prop44ColorIndex
 90
        5
102
RTVSPost2010Prop44ColorRGB
 90
      255
102
RTVSPost2010PropOp44
 70
     1
102
RTVSPost2010Prop45
280
     0
102
RTVSPost2010PropOp45
 70
     1
102
RTVSPost2010Prop46
 90
       50
102
RTVSPost2010PropOp46
 70
     1
102
RTVSPost2010Prop47
 90
       50
102
RTVSPost2010PropOp47
 70
     1
102
RTVSPost2010Prop48
 90
       50
102
RTVSPost2010PropOp48
 70
     1
102
RTVSPost2010Prop49
280
     0
102
RTVSPost2010PropOp49
 70
     1
102
RTVSPost2010Prop50
 90
       50
102
RTVSPost2010PropOp50
 70
     1
102
RTVSPost2010Prop51ColorIndex
 90
      256
102
RTVSPost2010Prop51ColorRGB
 90
-16777216
102
RTVSPost2010PropOp51
 70
     0
102
RTVSPost2010Prop52
140
1.0
102
RTVSPost2010PropOp52
 70
     0
102
RTVSPost2010Prop53
 90
        2
102
RTVSPost2010PropOp53
 70
     1
102
RTVSPost2010Prop54
  1
strokes_ogs.tif
102
RTVSPost2010PropOp54
 70
     1
102
RTVSPost2010Prop55
280
     0
102
RTVSPost2010PropOp55
 70
     1
102
RTVSPost2010Prop56
140
1.0
102
RTVSPost2010PropOp56
 70
     1
102
RTVSPost2010Prop57
140
1.0
102
RTVSPost2010PropOp57
 70
     1
  0
XRECORD
  5
2AF3
102
{ACAD_REACTORS
330
2AF2
102
}
330
2AF2
100
AcDbXrecord
280
     1
102
RTVSPost2010Prop28
280
     0
102
RTVSPost2010PropOp28
 70
     1
102
RTVSPost2010Prop29
280
     1
102
RTVSPost2010PropOp29
 70
     1
102
RTVSPost2010Prop30
280
     1
102
RTVSPost2010PropOp30
 70
     1
102
RTVSPost2010Prop31
280
     0
102
RTVSPost2010PropOp31
 70
     1
102
RTVSPost2010Prop32
280
     0
102
RTVSPost2010PropOp32
 70
     1
102
RTVSPost2010Prop33
280
     0
102
RTVSPost2010PropOp33
 70
     1
102
RTVSPost2010Prop34
280
     0
102
RTVSPost2010PropOp34
 70
     1
102
RTVSPost2010Prop35
280
     0
102
RTVSPost2010PropOp35
 70
     1
102
RTVSPost2010Prop36
280
     0
102
RTVSPost2010PropOp36
 70
     1
102
RTVSPost2010Prop37
 90
       50
102
RTVSPost2010PropOp37
 70
     1
102
RTVSPost2010Prop38
140
0.0
102
RTVSPost2010PropOp38
 70
     1
102
RTVSPost2010Prop39
140
1.0
102
RTVSPost2010PropOp39
 70
     1
102
RTVSPost2010Prop40
 90
        0
102
RTVSPost2010PropOp40
 70
     1
102
RTVSPost2010Prop41ColorIndex
 90
       18
102
RTVSPost2010Prop41ColorRGB
 90
        0
102
RTVSPost2010PropOp41
 70
     1
102
RTVSPost2010Prop42
 90
       50
102
RTVSPost2010PropOp42
 70
     1
102
RTVSPost2010Prop43
 90
        3
102
RTVSPost2010PropOp43
 70
     1
102
RTVSPost2010Prop44ColorIndex
 90
        5
102
RTVSPost2010Prop44ColorRGB
 90
      255
102
RTVSPost2010PropOp44
 70
     1
102
RTVSPost2010Prop45
280
     0
102
RTVSPost2010PropOp45
 70
     1
102
RTVSPost2010Prop46
 90
       50
102
RTVSPost2010PropOp46
 70
     1
102
RTVSPost2010Prop47
 90
       50
102
RTVSPost2010PropOp47
 70
     1
102
RTVSPost2010Prop48
 90
       50
102
RTVSPost2010PropOp48
 70
     1
102
RTVSPost2010Prop49
280
     0
102
RTVSPost2010PropOp49
 70
     1
102
RTVSPost2010Prop50
 90
       50
102
RTVSPost2010PropOp50
 70
     1
102
RTVSPost2010Prop51ColorIndex
 90
      256
102
RTVSPost2010Prop51ColorRGB
 90
-16777216
102
RTVSPost2010PropOp51
 70
     0
102
RTVSPost2010Prop52
140
1.0
102
RTVSPost2010PropOp52
 70
     0
102
RTVSPost2010Prop53
 90
        2
102
RTVSPost2010PropOp53
 70
     1
102
RTVSPost2010Prop54
  1
strokes_ogs.tif
102
RTVSPost2010PropOp54
 70
     1
102
RTVSPost2010Prop55
280
     0
102
RTVSPost2010PropOp55
 70
     1
102
RTVSPost2010Prop56
140
1.0
102
RTVSPost2010PropOp56
 70
     1
102
RTVSPost2010Prop57
140
1.0
102
RTVSPost2010PropOp57
 70
     1
  0
XRECORD
  5
2AE3
102
{ACAD_REACTORS
330
2AE2
102
}
330
2AE2
100
AcDbXrecord
280
     1
102
RTVSPost2010Prop28
280
     0
102
RTVSPost2010PropOp28
 70
     1
102
RTVSPost2010Prop29
280
     1
102
RTVSPost2010PropOp29
 70
     1
102
RTVSPost2010Prop30
280
     1
102
RTVSPost2010PropOp30
 70
     1
102
RTVSPost2010Prop31
280
     0
102
RTVSPost2010PropOp31
 70
     1
102
RTVSPost2010Prop32
280
     0
102
RTVSPost2010PropOp32
 70
     1
102
RTVSPost2010Prop33
280
     0
102
RTVSPost2010PropOp33
 70
     1
102
RTVSPost2010Prop34
280
     0
102
RTVSPost2010PropOp34
 70
     1
102
RTVSPost2010Prop35
280
     0
102
RTVSPost2010PropOp35
 70
     1
102
RTVSPost2010Prop36
280
     0
102
RTVSPost2010PropOp36
 70
     1
102
RTVSPost2010Prop37
 90
       50
102
RTVSPost2010PropOp37
 70
     1
102
RTVSPost2010Prop38
140
0.0
102
RTVSPost2010PropOp38
 70
     1
102
RTVSPost2010Prop39
140
1.0
102
RTVSPost2010PropOp39
 70
     1
102
RTVSPost2010Prop40
 90
        0
102
RTVSPost2010PropOp40
 70
     1
102
RTVSPost2010Prop41ColorIndex
 90
       18
102
RTVSPost2010Prop41ColorRGB
 90
        0
102
RTVSPost2010PropOp41
 70
     1
102
RTVSPost2010Prop42
 90
       50
102
RTVSPost2010PropOp42
 70
     1
102
RTVSPost2010Prop43
 90
        3
102
RTVSPost2010PropOp43
 70
     1
102
RTVSPost2010Prop44ColorIndex
 90
        5
102
RTVSPost2010Prop44ColorRGB
 90
      255
102
RTVSPost2010PropOp44
 70
     1
102
RTVSPost2010Prop45
280
     0
102
RTVSPost2010PropOp45
 70
     1
102
RTVSPost2010Prop46
 90
       50
102
RTVSPost2010PropOp46
 70
     1
102
RTVSPost2010Prop47
 90
       50
102
RTVSPost2010PropOp47
 70
     1
102
RTVSPost2010Prop48
 90
       50
102
RTVSPost2010PropOp48
 70
     1
102
RTVSPost2010Prop49
280
     0
102
RTVSPost2010PropOp49
 70
     1
102
RTVSPost2010Prop50
 90
       50
102
RTVSPost2010PropOp50
 70
     1
102
RTVSPost2010Prop51ColorIndex
 90
      256
102
RTVSPost2010Prop51ColorRGB
 90
-16777216
102
RTVSPost2010PropOp51
 70
     0
102
RTVSPost2010Prop52
140
1.0
102
RTVSPost2010PropOp52
 70
     0
102
RTVSPost2010Prop53
 90
        2
102
RTVSPost2010PropOp53
 70
     1
102
RTVSPost2010Prop54
  1
strokes_ogs.tif
102
RTVSPost2010PropOp54
 70
     1
102
RTVSPost2010Prop55
280
     0
102
RTVSPost2010PropOp55
 70
     1
102
RTVSPost2010Prop56
140
1.0
102
RTVSPost2010PropOp56
 70
     1
102
RTVSPost2010Prop57
140
1.0
102
RTVSPost2010PropOp57
 70
     1
  0
XRECORD
  5
2AD5
102
{ACAD_REACTORS
330
2AD4
102
}
330
2AD4
100
AcDbXrecord
280
     1
102
RTVSPost2010Prop28
280
     0
102
RTVSPost2010PropOp28
 70
     1
102
RTVSPost2010Prop29
280
     1
102
RTVSPost2010PropOp29
 70
     1
102
RTVSPost2010Prop30
280
     1
102
RTVSPost2010PropOp30
 70
     1
102
RTVSPost2010Prop31
280
     0
102
RTVSPost2010PropOp31
 70
     1
102
RTVSPost2010Prop32
280
     0
102
RTVSPost2010PropOp32
 70
     1
102
RTVSPost2010Prop33
280
     0
102
RTVSPost2010PropOp33
 70
     1
102
RTVSPost2010Prop34
280
     0
102
RTVSPost2010PropOp34
 70
     1
102
RTVSPost2010Prop35
280
     0
102
RTVSPost2010PropOp35
 70
     1
102
RTVSPost2010Prop36
280
     0
102
RTVSPost2010PropOp36
 70
     1
102
RTVSPost2010Prop37
 90
       50
102
RTVSPost2010PropOp37
 70
     1
102
RTVSPost2010Prop38
140
0.0
102
RTVSPost2010PropOp38
 70
     1
102
RTVSPost2010Prop39
140
1.0
102
RTVSPost2010PropOp39
 70
     1
102
RTVSPost2010Prop40
 90
        0
102
RTVSPost2010PropOp40
 70
     1
102
RTVSPost2010Prop41ColorIndex
 90
       18
102
RTVSPost2010Prop41ColorRGB
 90
        0
102
RTVSPost2010PropOp41
 70
     1
102
RTVSPost2010Prop42
 90
       50
102
RTVSPost2010PropOp42
 70
     1
102
RTVSPost2010Prop43
 90
        3
102
RTVSPost2010PropOp43
 70
     1
102
RTVSPost2010Prop44ColorIndex
 90
        5
102
RTVSPost2010Prop44ColorRGB
 90
      255
102
RTVSPost2010PropOp44
 70
     1
102
RTVSPost2010Prop45
280
     0
102
RTVSPost2010PropOp45
 70
     1
102
RTVSPost2010Prop46
 90
       50
102
RTVSPost2010PropOp46
 70
     1
102
RTVSPost2010Prop47
 90
       50
102
RTVSPost2010PropOp47
 70
     1
102
RTVSPost2010Prop48
 90
       50
102
RTVSPost2010PropOp48
 70
     1
102
RTVSPost2010Prop49
280
     0
102
RTVSPost2010PropOp49
 70
     1
102
RTVSPost2010Prop50
 90
       50
102
RTVSPost2010PropOp50
 70
     1
102
RTVSPost2010Prop51ColorIndex
 90
      256
102
RTVSPost2010Prop51ColorRGB
 90
-16777216
102
RTVSPost2010PropOp51
 70
     0
102
RTVSPost2010Prop52
140
1.0
102
RTVSPost2010PropOp52
 70
     0
102
RTVSPost2010Prop53
 90
        2
102
RTVSPost2010PropOp53
 70
     1
102
RTVSPost2010Prop54
  1
strokes_ogs.tif
102
RTVSPost2010PropOp54
 70
     1
102
RTVSPost2010Prop55
280
     0
102
RTVSPost2010PropOp55
 70
     1
102
RTVSPost2010Prop56
140
1.0
102
RTVSPost2010PropOp56
 70
     1
102
RTVSPost2010Prop57
140
1.0
102
RTVSPost2010PropOp57
 70
     1
  0
XRECORD
  5
2AF5
102
{ACAD_REACTORS
330
2AF4
102
}
330
2AF4
100
AcDbXrecord
280
     1
102
RTVSPost2010Prop28
280
     0
102
RTVSPost2010PropOp28
 70
     1
102
RTVSPost2010Prop29
280
     1
102
RTVSPost2010PropOp29
 70
     1
102
RTVSPost2010Prop30
280
     1
102
RTVSPost2010PropOp30
 70
     1
102
RTVSPost2010Prop31
280
     0
102
RTVSPost2010PropOp31
 70
     1
102
RTVSPost2010Prop32
280
     0
102
RTVSPost2010PropOp32
 70
     1
102
RTVSPost2010Prop33
280
     0
102
RTVSPost2010PropOp33
 70
     1
102
RTVSPost2010Prop34
280
     0
102
RTVSPost2010PropOp34
 70
     1
102
RTVSPost2010Prop35
280
     0
102
RTVSPost2010PropOp35
 70
     1
102
RTVSPost2010Prop36
280
     0
102
RTVSPost2010PropOp36
 70
     1
102
RTVSPost2010Prop37
 90
       50
102
RTVSPost2010PropOp37
 70
     1
102
RTVSPost2010Prop38
140
0.0
102
RTVSPost2010PropOp38
 70
     1
102
RTVSPost2010Prop39
140
1.0
102
RTVSPost2010PropOp39
 70
     1
102
RTVSPost2010Prop40
 90
        0
102
RTVSPost2010PropOp40
 70
     1
102
RTVSPost2010Prop41ColorIndex
 90
       18
102
RTVSPost2010Prop41ColorRGB
 90
        0
102
RTVSPost2010PropOp41
 70
     1
102
RTVSPost2010Prop42
 90
       50
102
RTVSPost2010PropOp42
 70
     1
102
RTVSPost2010Prop43
 90
        3
102
RTVSPost2010PropOp43
 70
     1
102
RTVSPost2010Prop44ColorIndex
 90
        5
102
RTVSPost2010Prop44ColorRGB
 90
      255
102
RTVSPost2010PropOp44
 70
     1
102
RTVSPost2010Prop45
280
     0
102
RTVSPost2010PropOp45
 70
     1
102
RTVSPost2010Prop46
 90
       50
102
RTVSPost2010PropOp46
 70
     1
102
RTVSPost2010Prop47
 90
       50
102
RTVSPost2010PropOp47
 70
     1
102
RTVSPost2010Prop48
 90
       50
102
RTVSPost2010PropOp48
 70
     1
102
RTVSPost2010Prop49
280
     0
102
RTVSPost2010PropOp49
 70
     1
102
RTVSPost2010Prop50
 90
       50
102
RTVSPost2010PropOp50
 70
     1
102
RTVSPost2010Prop51ColorIndex
 90
      256
102
RTVSPost2010Prop51ColorRGB
 90
-16777216
102
RTVSPost2010PropOp51
 70
     0
102
RTVSPost2010Prop52
140
1.0
102
RTVSPost2010PropOp52
 70
     0
102
RTVSPost2010Prop53
 90
        2
102
RTVSPost2010PropOp53
 70
     1
102
RTVSPost2010Prop54
  1
strokes_ogs.tif
102
RTVSPost2010PropOp54
 70
     1
102
RTVSPost2010Prop55
280
     0
102
RTVSPost2010PropOp55
 70
     1
102
RTVSPost2010Prop56
140
1.0
102
RTVSPost2010PropOp56
 70
     1
102
RTVSPost2010Prop57
140
1.0
102
RTVSPost2010PropOp57
 70
     1
  0
ENDSEC
  0
EOF
