  0
SECTION
  2
HEADER
  9
$ACADVER
  1
AC1024
  9
$ACADMAINTVER
 70
6
  9
$DWGCODEPAGE
  3
ANSI_1252
  9
$LASTSAVEDBY
  1
ezdxf
  9
$INSBASE
 10
0.0
 20
0.0
 30
0.0
  9
$EXTMIN
 10
1e+20
 20
1e+20
 30
1e+20
  9
$EXTMAX
 10
-1e+20
 20
-1e+20
 30
-1e+20
  9
$LIMMIN
 10
0.0
 20
0.0
  9
$LIMMAX
 10
420.0
 20
297.0
  9
$ORTHOMODE
 70
0
  9
$REGENMODE
 70
1
  9
$FILLMODE
 70
1
  9
$QTEXTMODE
 70
0
  9
$MIRRTEXT
 70
1
  9
$LTSCALE
 40
1.0
  9
$ATTMODE
 70
1
  9
$TEXTSIZE
 40
2.5
  9
$TRACEWID
 40
1.0
  9
$TEXTSTYLE
  7
Standard
  9
$CLAYER
  8
0
  9
$CELTYPE
  6
ByLayer
  9
$CECOLOR
 62
256
  9
$CELTSCALE
 40
1.0
  9
$DISPSILH
 70
0
  9
$DIMSCALE
 40
1.0
  9
$DIMASZ
 40
2.5
  9
$DIMEXO
 40
0.625
  9
$DIMDLI
 40
3.75
  9
$DIMRND
 40
0.0
  9
$DIMDLE
 40
0.0
  9
$DIMEXE
 40
1.25
  9
$DIMTP
 40
0.0
  9
$DIMTM
 40
0.0
  9
$DIMTXT
 40
2.5
  9
$DIMCEN
 40
2.5
  9
$DIMTSZ
 40
0.0
  9
$DIMTOL
 70
0
  9
$DIMLIM
 70
0
  9
$DIMTIH
 70
0
  9
$DIMTOH
 70
0
  9
$DIMSE1
 70
0
  9
$DIMSE2
 70
0
  9
$DIMTAD
 70
1
  9
$DIMZIN
 70
8
  9
$DIMBLK
  1

  9
$DIMASO
 70
1
  9
$DIMSHO
 70
1
  9
$DIMPOST
  1

  9
$DIMAPOST
  1

  9
$DIMALT
 70
0
  9
$DIMALTD
 70
3
  9
$DIMALTF
 40
0.03937007874
  9
$DIMLFAC
 40
1.0
  9
$DIMTOFL
 70
1
  9
$DIMTVP
 40
0.0
  9
$DIMTIX
 70
0
  9
$DIMSOXD
 70
0
  9
$DIMSAH
 70
0
  9
$DIMBLK1
  1

  9
$DIMBLK2
  1

  9
$DIMSTYLE
  2
ISO-25
  9
$DIMCLRD
 70
0
  9
$DIMCLRE
 70
0
  9
$DIMCLRT
 70
0
  9
$DIMTFAC
 40
1.0
  9
$DIMGAP
 40
0.625
  9
$DIMJUST
 70
0
  9
$DIMSD1
 70
0
  9
$DIMSD2
 70
0
  9
$DIMTOLJ
 70
0
  9
$DIMTZIN
 70
8
  9
$DIMALTZ
 70
0
  9
$DIMALTTZ
 70
0
  9
$DIMUPT
 70
0
  9
$DIMDEC
 70
2
  9
$DIMTDEC
 70
2
  9
$DIMALTU
 70
2
  9
$DIMALTTD
 70
3
  9
$DIMTXSTY
  7
Standard
  9
$DIMAUNIT
 70
0
  9
$DIMADEC
 70
0
  9
$DIMALTRND
 40
0.0
  9
$DIMAZIN
 70
0
  9
$DIMDSEP
 70
44
  9
$DIMATFIT
 70
3
  9
$DIMFRAC
 70
0
  9
$DIMLDRBLK
  1

  9
$DIMLUNIT
 70
2
  9
$DIMLWD
 70
-2
  9
$DIMLWE
 70
-2
  9
$DIMTMOVE
 70
0
  9
$DIMFXL
 40
1.0
  9
$DIMFXLON
 70
0
  9
$DIMJOGANG
 40
0.785398163397
  9
$DIMTFILL
 70
0
  9
$DIMTFILLCLR
 70
0
  9
$DIMARCSYM
 70
0
  9
$DIMLTYPE
  6

  9
$DIMLTEX1
  6

  9
$DIMLTEX2
  6

  9
$DIMTXTDIRECTION
 70
0
  9
$LUNITS
 70
2
  9
$LUPREC
 70
4
  9
$SKETCHINC
 40
1.0
  9
$FILLETRAD
 40
10.0
  9
$AUNITS
 70
0
  9
$AUPREC
 70
2
  9
$MENU
  1
.
  9
$ELEVATION
 40
0.0
  9
$PELEVATION
 40
0.0
  9
$THICKNESS
 40
0.0
  9
$LIMCHECK
 70
0
  9
$CHAMFERA
 40
0.0
  9
$CHAMFERB
 40
0.0
  9
$CHAMFERC
 40
0.0
  9
$CHAMFERD
 40
0.0
  9
$SKPOLY
 70
0
  9
$TDCREATE
 40
2461318.825023148
  9
$TDUCREATE
 40
2458532.153996898
  9
$TDUPDATE
 40
2461318.825023148
  9
$TDUUPDATE
 40
2458532.1544311
  9
$TDINDWG
 40
0.0
  9
$TDUSRTIMER
 40
0.0
  9
$USRTIMER
 70
1
  9
$ANGBASE
 50
0.0
  9
$ANGDIR
 70
0
  9
$PDMODE
 70
0
  9
$PDSIZE
 40
0.0
  9
$PLINEWID
 40
0.0
  9
$SPLFRAME
 70
0
  9
$SPLINETYPE
 70
6
  9
$SPLINESEGS
 70
8
  9
$HANDSEED
  5
2B5
  9
$SURFTAB1
 70
6
  9
$SURFTAB2
 70
6
  9
$SURFTYPE
 70
6
  9
$SURFU
 70
6
  9
$SURFV
 70
6
  9
$UCSBASE
  2

  9
$UCSNAME
  2

  9
$UCSORG
 10
0.0
 20
0.0
 30
0.0
  9
$UCSXDIR
 10
1.0
 20
0.0
 30
0.0
  9
$UCSYDIR
 10
0.0
 20
1.0
 30
0.0
  9
$UCSORTHOREF
  2

  9
$UCSORTHOVIEW
 70
0
  9
$UCSORGTOP
 10
0.0
 20
0.0
 30
0.0
  9
$UCSORGBOTTOM
 10
0.0
 20
0.0
 30
0.0
  9
$UCSORGLEFT
 10
0.0
 20
0.0
 30
0.0
  9
$UCSORGRIGHT
 10
0.0
 20
0.0
 30
0.0
  9
$UCSORGFRONT
 10
0.0
 20
0.0
 30
0.0
  9
$UCSORGBACK
 10
0.0
 20
0.0
 30
0.0
  9
$PUCSBASE
  2

  9
$PUCSNAME
  2

  9
$PUCSORG
 10
0.0
 20
0.0
 30
0.0
  9
$PUCSXDIR
 10
1.0
 20
0.0
 30
0.0
  9
$PUCSYDIR
 10
0.0
 20
1.0
 30
0.0
  9
$PUCSORTHOREF
  2

  9
$PUCSORTHOVIEW
 70
0
  9
$PUCSORGTOP
 10
0.0
 20
0.0
 30
0.0
  9
$PUCSORGBOTTOM
 10
0.0
 20
0.0
 30
0.0
  9
$PUCSORGLEFT
 10
0.0
 20
0.0
 30
0.0
  9
$PUCSORGRIGHT
 10
0.0
 20
0.0
 30
0.0
  9
$PUCSORGFRONT
 10
0.0
 20
0.0
 30
0.0
  9
$PUCSORGBACK
 10
0.0
 20
0.0
 30
0.0
  9
$USERI1
 70
0
  9
$USERI2
 70
0
  9
$USERI3
 70
0
  9
$USERI4
 70
0
  9
$USERI5
 70
0
  9
$USERR1
 40
0.0
  9
$USERR2
 40
0.0
  9
$USERR3
 40
0.0
  9
$USERR4
 40
0.0
  9
$USERR5
 40
0.0
  9
$WORLDVIEW
 70
1
  9
$SHADEDGE
 70
3
  9
$SHADEDIF
 70
70
  9
$TILEMODE
 70
1
  9
$MAXACTVP
 70
64
  9
$PINSBASE
 10
0.0
 20
0.0
 30
0.0
  9
$PLIMCHECK
 70
0
  9
$PEXTMIN
 10
1e+20
 20
1e+20
 30
1e+20
  9
$PEXTMAX
 10
-1e+20
 20
-1e+20
 30
-1e+20
  9
$PLIMMIN
 10
0.0
 20
0.0
  9
$PLIMMAX
 10
420.0
 20
297.0
  9
$UNITMODE
 70
0
  9
$VISRETAIN
 70
1
  9
$PLINEGEN
 70
0
  9
$PSLTSCALE
 70
1
  9
$TREEDEPTH
 70
3020
  9
$CMLSTYLE
  2
Standard
  9
$CMLJUST
 70
0
  9
$CMLSCALE
 40
20.0
  9
$PROXYGRAPHICS
 70
1
  9
$MEASUREMENT
 70
1
  9
$CELWEIGHT
370
-1
  9
$ENDCAPS
280
0
  9
$JOINSTYLE
280
0
  9
$LWDISPLAY
290
0
  9
$INSUNITS
 70
6
  9
$HYPERLINKBASE
  1

  9
$STYLESHEET
  1

  9
$XEDIT
290
1
  9
$CEPSNTYPE
380
0
  9
$PSTYLEMODE
290
1
  9
$FINGERPRINTGUID
  2
{E0B4CC85-A491-4755-B62B-F9FCD2DE66C3}
  9
$VERSIONGUID
  2
{6E4B107C-FE37-447D-B084-180F9814094C}
  9
$EXTNAMES
290
1
  9
$PSVPSCALE
 40
0.0
  9
$OLESTARTUP
290
0
  9
$SORTENTS
280
127
  9
$INDEXCTL
280
0
  9
$HIDETEXT
280
1
  9
$XCLIPFRAME
280
1
  9
$HALOGAP
280
0
  9
$OBSCOLOR
 70
257
  9
$OBSLTYPE
280
0
  9
$INTERSECTIONDISPLAY
280
0
  9
$INTERSECTIONCOLOR
 70
257
  9
$DIMASSOC
280
2
  9
$PROJECTNAME
  1

  9
$CAMERADISPLAY
290
0
  9
$LENSLENGTH
 40
50.0
  9
$CAMERAHEIGHT
 40
0.0
  9
$STEPSPERSEC
 40
24.0
  9
$STEPSIZE
 40
100.0
  9
$3DDWFPREC
 40
2.0
  9
$PSOLWIDTH
 40
0.005
  9
$PSOLHEIGHT
 40
0.08
  9
$LOFTANG1
 40
1.570796326795
  9
$LOFTANG2
 40
1.570796326795
  9
$LOFTMAG1
 40
0.0
  9
$LOFTMAG2
 40
0.0
  9
$LOFTPARAM
 70
7
  9
$LOFTNORMALS
280
1
  9
$LATITUDE
 40
37.795
  9
$LONGITUDE
 40
-122.394
  9
$NORTHDIRECTION
 40
0.0
  9
$TIMEZONE
 70
-8000
  9
$LIGHTGLYPHDISPLAY
280
1
  9
$TILEMODELIGHTSYNCH
280
1
  9
$CMATERIAL
347
20
  9
$SOLIDHIST
280
0
  9
$SHOWHIST
280
1
  9
$DWFFRAME
280
2
  9
$DGNFRAME
280
2
  9
$REALWORLDSCALE
290
1
  9
$INTERFERECOLOR
 62
256
  9
$CSHADOW
280
0
  9
$SHADOWPLANELOCATION
 40
0.0
  0
ENDSEC
  0
SECTION
  2
CLASSES
  0
CLASS
  1
ACDBDICTIONARYWDFLT
  2
AcDbDictionaryWithDefault
  3
ObjectDBX Classes
 90
0
 91
0
280
0
281
0
  0
CLASS
  1
SUN
  2
AcDbSun
  3
SCENEOE
 90
1153
 91
0
280
0
281
0
  0
CLASS
  1
VISUALSTYLE
  2
AcDbVisualStyle
  3
ObjectDBX Classes
 90
4095
 91
0
280
0
281
0
  0
CLASS
  1
MATERIAL
  2
AcDbMaterial
  3
ObjectDBX Classes
 90
1153
 91
0
280
0
281
0
  0
CLASS
  1
SCALE
  2
AcDbScale
  3
ObjectDBX Classes
 90
1153
 91
0
280
0
281
0
  0
CLASS
  1
TABLESTYLE
  2
AcDbTableStyle
  3
ObjectDBX Classes
 90
4095
 91
0
280
0
281
0
  0
CLASS
  1
MLEADERSTYLE
  2
AcDbMLeaderStyle
  3
ACDB_MLEADERSTYLE_CLASS
 90
4095
 91
0
280
0
281
0
  0
CLASS
  1
DICTIONARYVAR
  2
AcDbDictionaryVar
  3
ObjectDBX Classes
 90
0
 91
0
280
0
281
0
  0
CLASS
  1
CELLSTYLEMAP
  2
AcDbCellStyleMap
  3
ObjectDBX Classes
 90
1152
 91
0
280
0
281
0
  0
CLASS
  1
MENTALRAYRENDERSETTINGS
  2
AcDbMentalRayRenderSettings
  3
SCENEOE
 90
1024
 91
0
280
0
281
0
  0
CLASS
  1
ACDBDETAILVIEWSTYLE
  2
AcDbDetailViewStyle
  3
ObjectDBX Classes
 90
1025
 91
0
280
0
281
0
  0
CLASS
  1
ACDBSECTIONVIEWSTYLE
  2
AcDbSectionViewStyle
  3
ObjectDBX Classes
 90
1025
 91
0
280
0
281
0
  0
CLASS
  1
RASTERVARIABLES
  2
AcDbRasterVariables
  3
ISM
 90
0
 91
0
280
0
281
0
  0
CLASS
  1
LAYOUT
  2
AcDbLayout
  3
ObjectDBX Classes
 90
0
 91
0
280
0
281
0
  0
CLASS
  1
ACDBPLACEHOLDER
  2
AcDbPlaceHolder
  3
ObjectDBX Classes
 90
0
 91
0
280
0
281
0
  0
ENDSEC
  0
SECTION
  2
TABLES
  0
TABLE
  2
VPORT
  5
8
330
0
100
AcDbSymbolTable
 70
1
  0
VPORT
  5
23
330
8
100
AcDbSymbolTableRecord
100
AcDbViewportTableRecord
  2
*Active
 70
0
 10
0.0
 20
0.0
 11
1.0
 21
1.0
 12
0.0
 22
0.0
 13
0.0
 23
0.0
 14
0.5
 24
0.5
 15
0.5
 25
0.5
 16
0.0
 26
0.0
 36
1.0
 17
0.0
 27
0.0
 37
0.0
 40
1000.0
 41
1.34
 42
50.0
 43
0.0
 44
0.0
 50
0.0
 51
0.0
 71
0
 72
1000
 73
1
 74
3
 75
0
 76
0
 77
0
 78
0
281
0
 65
0
146
0.0
  0
ENDTAB
  0
TABLE
  2
LTYPE
  5
2
330
0
100
AcDbSymbolTable
 70
3
  0
LTYPE
  5
24
330
2
100
AcDbSymbolTableRecord
100
AcDbLinetypeTableRecord
  2
ByBlock
 70
0
  3

 72
65
 73
0
 40
0.0
  0
LTYPE
  5
25
330
2
100
AcDbSymbolTableRecord
100
AcDbLinetypeTableRecord
  2
ByLayer
 70
0
  3

 72
65
 73
0
 40
0.0
  0
LTYPE
  5
26
330
2
100
AcDbSymbolTableRecord
100
AcDbLinetypeTableRecord
  2
Continuous
 70
0
  3

 72
65
 73
0
 40
0.0
  0
ENDTAB
  0
TABLE
  2
LAYER
  5
1
330
0
100
AcDbSymbolTable
 70
2
  0
LAYER
  5
27
330
1
100
AcDbSymbolTableRecord
100
AcDbLayerTableRecord
  2
0
 70
0
 62
7
  6
Continuous
370
-3
390
13
347
21
  0
LAYER
  5
28
330
1
100
AcDbSymbolTableRecord
100
AcDbLayerTableRecord
  2
Defpoints
 70
0
 62
7
  6
Continuous
290
0
370
-3
390
13
347
21
  0
ENDTAB
  0
TABLE
  2
STYLE
  5
5
330
0
100
AcDbSymbolTable
 70
1
  0
STYLE
  5
29
330
5
100
AcDbSymbolTableRecord
100
AcDbTextStyleTableRecord
  2
Standard
 70
0
 40
0.0
 41
1.0
 50
0.0
 71
0
 42
2.5
  3
txt
  4

  0
ENDTAB
  0
TABLE
  2
VIEW
  5
7
330
0
100
AcDbSymbolTable
 70
0
  0
ENDTAB
  0
TABLE
  2
UCS
  5
6
330
0
100
AcDbSymbolTable
 70
0
  0
ENDTAB
  0
TABLE
  2
APPID
  5
3
330
0
100
AcDbSymbolTable
 70
3
  0
APPID
  5
2A
330
3
100
AcDbSymbolTableRecord
100
AcDbRegAppTableRecord
  2
ACAD
 70
0
  0
APPID
  5
2B2
330
3
100
AcDbSymbolTableRecord
100
AcDbRegAppTableRecord
  2
HATCHBACKGROUNDCOLOR
 70
0
  0
APPID
  5
2B3
330
3
100
AcDbSymbolTableRecord
100
AcDbRegAppTableRecord
  2
EZDXF
 70
0
  0
ENDTAB
  0
TABLE
  2
DIMSTYLE
  5
4
330
0
100
AcDbSymbolTable
 70
1
100
AcDbDimStyleTable
  0
DIMSTYLE
105
2B
330
4
100
AcDbSymbolTableRecord
100
AcDbDimStyleTableRecord
  2
Standard
 70
0
 40
1.0
 41
2.5
 42
0.625
 43
3.75
 44
1.25
 45
0.0
 46
0.0
 47
0.0
 48
0.0
 49
2.5
140
2.5
141
2.5
142
0.0
143
0.03937007874
144
1.0
145
0.0
146
1.0
147
0.625
148
0.0
 69
0
 70
0
 71
0
 72
0
 73
0
 74
0
 75
0
 76
0
 77
1
 78
8
 79
3
170
0
171
3
172
1
173
0
174
0
175
0
176
0
177
0
178
0
179
2
271
2
272
2
273
2
274
3
275
0
276
0
277
2
278
44
279
0
280
0
281
0
282
0
283
0
284
8
285
0
286
0
288
0
289
3
290
0
371
-2
372
-2
  0
ENDTAB
  0
TABLE
  2
BLOCK_RECORD
  5
9
330
0
100
AcDbSymbolTable
 70
5
  0
BLOCK_RECORD
  5
17
330
9
100
AcDbSymbolTableRecord
100
AcDbBlockTableRecord
  2
*Model_Space
340
1A
 70
0
280
1
281
0
  0
BLOCK_RECORD
  5
1B
330
9
100
AcDbSymbolTableRecord
100
AcDbBlockTableRecord
  2
*Paper_Space
340
1E
 70
0
280
1
281
0
  0
BLOCK_RECORD
  5
2F
330
9
100
AcDbSymbolTableRecord
100
AcDbBlockTableRecord
  2
DI_COLUNA_FRONTAL_122
340
0
 70
0
280
1
281
0
  0
BLOCK_RECORD
  5
27E
330
9
100
AcDbSymbolTableRecord
100
AcDbBlockTableRecord
  2
*U2
340
0
 70
0
280
1
281
0
  0
BLOCK_RECORD
  5
2A5
330
9
100
AcDbSymbolTableRecord
100
AcDbBlockTableRecord
  2
*U1
340
0
 70
0
280
1
281
0
  0
ENDTAB
  0
ENDSEC
  0
SECTION
  2
BLOCKS
  0
BLOCK
  5
18
330
17
100
AcDbEntity
  8
0
100
AcDbBlockBegin
  2
*Model_Space
 70
0
 10
0.0
 20
0.0
 30
0.0
  3
*Model_Space
  1

  0
ENDBLK
  5
19
330
17
100
AcDbEntity
  8
0
100
AcDbBlockEnd
  0
BLOCK
  5
1C
330
1B
100
AcDbEntity
  8
0
100
AcDbBlockBegin
  2
*Paper_Space
 70
0
 10
0.0
 20
0.0
 30
0.0
  3
*Paper_Space
  1

  0
ENDBLK
  5
1D
330
1B
100
AcDbEntity
  8
0
100
AcDbBlockEnd
  0
BLOCK
  5
30
330
2F
100
AcDbEntity
  8
0
100
AcDbBlockBegin
  2
DI_COLUNA_FRONTAL_122
 70
0
 10
0.0
 20
0.0
 30
0.0
  3
DI_COLUNA_FRONTAL_122
  1

  0
SPLINE
  5
32
330
2F
100
AcDbEntity
  8
0
  6
Continuous
 62
7
370
25
100
AcDbSpline
 70
8
 71
3
 72
9
 73
5
 74
0
 42
1e-08
 43
1e-08
 40
0.0
 40
0.0
 40
0.0
 40
0.0
 40
0.486002440126708
 40
1.0
 40
1.0
 40
1.0
 40
1.0
 10
-61.4987071344723
 20
12.63169126554871
 30
0.0
 10
-61.61944862191109
 20
12.5616507164177
 30
0.0
 10
-61.86788664910979
 20
12.417535083762269
 30
0.0
 10
-62.1164473007686
 20
12.27351439430864
 30
0.0
 10
-62.24420686920179
 20
12.19948811135825
 30
0.0
  0
SPLINE
  5
33
330
2F
100
AcDbEntity
  8
0
  6
Continuous
 62
7
370
25
100
AcDbSpline
 70
8
 71
3
 72
9
 73
5
 74
0
 42
1e-08
 43
1e-08
 40
0.0
 40
0.0
 40
0.0
 40
0.0
 40
0.4861691959177918
 40
1.0
 40
1.0
 40
1.0
 40
1.0
 10
-61.4987067798255
 20
-2.8905305504900882
 30
0.0
 10
-61.61949766439069
 20
-2.960598025354798
 30
0.0
 10
-61.867952082275295
 20
-3.1047196098834977
 30
0.0
 10
-62.1164968905273
 20
-3.248734714076539
 30
0.0
 10
-62.24420686920179
 20
-3.3227341108639656
 30
0.0
  0
SPLINE
  5
34
330
2F
100
AcDbEntity
  8
0
  6
Continuous
 62
7
370
25
100
AcDbSpline
 70
8
 71
3
 72
9
 73
5
 74
0
 42
1e-08
 43
1e-08
 40
0.0
 40
0.0
 40
0.0
 40
0.0
 40
0.4861843324305726
 40
1.0
 40
1.0
 40
1.0
 40
1.0
 10
-61.4987067446085
 20
-4.301641623728635
 30
0.0
 10
-61.61950211166989
 20
-4.37171154830389
 30
0.0
 10
-61.8679580141001
 20
-4.515833684500413
 30
0.0
 10
-62.11650138907109
 20
-4.659848271048305
 30
0.0
 10
-62.24420686920179
 20
-4.733845221975107
 30
0.0
  0
SPLINE
  5
35
330
2F
100
AcDbEntity
  8
0
  6
Continuous
 62
7
370
25
100
AcDbSpline
 70
8
 71
3
 72
9
 73
5
 74
0
 42
1e-08
 43
1e-08
 40
0.0
 40
0.0
 40
0.0
 40
0.0
 40
0.4861994650575501
 40
1.0
 40
1.0
 40
1.0
 40
1.0
 10
-61.4987067088949
 20
-5.712752696809197
 30
0.0
 10
-61.61950655709819
 20
-5.782825071416852
 30
0.0
 10
-61.867963943181394
 20
-5.926947761061218
 30
0.0
 10
-62.116505886017094
 20
-6.070961828299847
 30
0.0
 10
-62.24420686920179
 20
-6.144956333086247
 30
0.0
  0
SPLINE
  5
36
330
2F
100
AcDbEntity
  8
0
  6
Continuous
 62
7
370
25
100
AcDbSpline
 70
8
 71
3
 72
9
 73
5
 74
0
 42
1e-08
 43
1e-08
 40
0.0
 40
0.0
 40
0.0
 40
0.0
 40
0.4862145937907228
 40
0.9999999999999999
 40
0.9999999999999999
 40
0.9999999999999999
 40
0.9999999999999999
 10
-61.49870667268469
 20
-7.123863769731441
 30
0.0
 10
-61.6195110006763
 20
-7.193938594694458
 30
0.0
 10
-61.86796986952619
 20
-7.3380618395701305
 30
0.0
 10
-62.116510381366496
 20
-7.48207538583172
 30
0.0
 10
-62.24420686920179
 20
-7.556067444197277
 30
0.0
  0
SPLINE
  5
37
330
2F
100
AcDbEntity
  8
0
  6
Continuous
 62
7
370
25
100
AcDbSpline
 70
8
 71
3
 72
9
 73
5
 74
0
 42
1e-08
 43
1e-08
 40
0.0
 40
0.0
 40
0.0
 40
0.0
 40
0.4862297186220101
 40
1.0
 40
1.0
 40
1.0
 40
1.0
 10
-61.4987066359776
 20
-8.534974842495368
 30
0.0
 10
-61.61951544240499
 20
-8.605052118137046
 30
0.0
 10
-61.867975793141696
 20
-8.749175920031147
 30
0.0
 10
-62.11651487512029
 20
-8.89318894364448
 30
0.0
 10
-62.24420686920179
 20
-8.967178555308418
 30
0.0
  0
SPLINE
  5
38
330
2F
100
AcDbEntity
  8
0
  6
Continuous
 62
7
370
25
100
AcDbSpline
 70
8
 71
3
 72
9
 73
5
 74
0
 42
1e-08
 43
1e-08
 40
0.0
 40
0.0
 40
0.0
 40
0.0
 40
0.4862448395433615
 40
0.9999999999999999
 40
0.9999999999999999
 40
0.9999999999999999
 40
0.9999999999999999
 10
-61.498706598773595
 20
-9.946085915100976
 30
0.0
 10
-61.61951988228529
 20
-10.016165641745276
 30
0.0
 10
-61.8679817140346
 20
-10.160290002448379
 30
0.0
 10
-62.116519367279395
 20
-10.304302501738793
 30
0.0
 10
-62.24420686920179
 20
-10.37828966641956
 30
0.0
  0
SPLINE
  5
39
330
2F
100
AcDbEntity
  8
0
  6
Continuous
 62
7
370
25
100
AcDbSpline
 70
8
 71
3
 72
9
 73
5
 74
0
 42
1e-08
 43
1e-08
 40
0.0
 40
0.0
 40
0.0
 40
0.0
 40
0.4862599565467273
 40
0.9999999999999999
 40
0.9999999999999999
 40
0.9999999999999999
 40
0.9999999999999999
 10
-61.498706561072595
 20
-11.357196987548045
 30
0.0
 10
-61.619524320317794
 20
-11.42727916551971
 30
0.0
 10
-61.86798763221219
 20
-11.57140408682571
 30
0.0
 10
-62.116523857845294
 20
-11.71541606011521
 30
0.0
 10
-62.24420686920179
 20
-11.7894007775307
 30
0.0
  0
SPLINE
  5
3A
330
2F
100
AcDbEntity
  8
0
  6
Continuous
 62
7
370
25
100
AcDbSpline
 70
8
 71
3
 72
9
 73
5
 74
0
 42
1e-08
 43
1e-08
 40
0.0
 40
0.0
 40
0.0
 40
0.0
 40
0.4862750696240302
 40
1.0
 40
1.0
 40
1.0
 40
1.0
 10
-61.4987065228744
 20
-12.76830805983669
 30
0.0
 10
-61.6195287565035
 20
-12.83839268946079
 30
0.0
 10
-61.86799354768149
 20
-12.98251817316747
 30
0.0
 10
-62.116528346818896
 20
-13.12652961877407
 30
0.0
 10
-62.24420686920179
 20
-13.20051188864173
 30
0.0
  0
SPLINE
  5
3B
330
2F
100
AcDbEntity
  8
0
  6
Continuous
 62
7
370
25
100
AcDbSpline
 70
8
 71
3
 72
9
 73
5
 74
0
 42
1e-08
 43
1e-08
 40
0.0
 40
0.0
 40
0.0
 40
0.0
 40
0.4862901787672729
 40
0.9999999999999999
 40
0.9999999999999999
 40
0.9999999999999999
 40
0.9999999999999999
 10
-61.498706484178896
 20
-14.17941913196656
 30
0.0
 10
-61.6195331908433
 20
-14.249506213568951
 30
0.0
 10
-61.8679994604495
 20
-14.39363226147743
 30
0.0
 10
-62.116532834201294
 20
-14.53764317771626
 30
0.0
 10
-62.24420686920179
 20
-14.61162299975287
 30
0.0
  0
SPLINE
  5
3C
330
2F
100
AcDbEntity
  8
0
  6
Continuous
 62
7
370
25
100
AcDbSpline
 70
8
 71
3
 72
9
 73
5
 74
0
 42
1e-08
 43
1e-08
 40
0.0
 40
0.0
 40
0.0
 40
0.0
 40
0.486305283968422
 40
1.0
 40
1.0
 40
1.0
 40
1.0
 10
-61.498706444986
 20
-15.59053020393779
 30
0.0
 10
-61.61953762333799
 20
-15.66061973784498
 30
0.0
 10
-61.86800537052319
 20
-15.80474635175981
 30
0.0
 10
-62.1165373199937
 20
-15.94875673694211
 30
0.0
 10
-62.24420686920179
 20
-16.02273411086401
 30
0.0
  0
SPLINE
  5
3D
330
2F
100
AcDbEntity
  8
0
  6
Continuous
 62
7
370
25
100
AcDbSpline
 70
8
 71
3
 72
9
 73
5
 74
0
 42
1e-08
 43
1e-08
 40
0.0
 40
0.0
 40
0.0
 40
0.0
 40
0.4863203852194715
 40
1.0
 40
1.0
 40
1.0
 40
1.0
 10
-61.49870640529569
 20
-17.00164127575026
 30
0.0
 10
-61.6195420539883
 20
-17.07173326228932
 30
0.0
 10
-61.86801127790969
 20
-17.21586044401861
 30
0.0
 10
-62.1165418041972
 20
-17.35987029645229
 30
0.0
 10
-62.24420686920179
 20
-17.433845221975147
 30
0.0
  0
SPLINE
  5
3E
330
2F
100
AcDbEntity
  8
0
  6
Continuous
 62
7
370
25
100
AcDbSpline
 70
8
 71
3
 72
9
 73
5
 74
0
 42
1e-08
 43
1e-08
 40
0.0
 40
0.0
 40
0.0
 40
0.0
 40
0.4863354825123064
 40
1.0
 40
1.0
 40
1.0
 40
1.0
 10
-61.498706365107594
 20
-18.41275234740374
 30
0.0
 10
-61.6195464827951
 20
-18.482846786902527
 30
0.0
 10
-61.868017182616
 20
-18.62697453825783
 30
0.0
 10
-62.11654628681289
 20
-18.77098385624736
 30
0.0
 10
-62.24420686920179
 20
-18.844956333086177
 30
0.0
  0
SPLINE
  5
3F
330
2F
100
AcDbEntity
  8
0
  6
Continuous
 62
7
370
25
100
AcDbSpline
 70
8
 71
3
 72
9
 73
5
 74
0
 42
1e-08
 43
1e-08
 40
0.0
 40
0.0
 40
0.0
 40
0.0
 40
0.4863505758389883
 40
1.0
 40
1.0
 40
1.0
 40
1.0
 10
-61.49870632442189
 20
-19.82386341889835
 30
0.0
 10
-61.6195509097594
 20
-19.89396031168515
 30
0.0
 10
-61.8680230846489
 20
-20.03808863448158
 30
0.0
 10
-62.11655076784169
 20
-20.18209741632786
 30
0.0
 10
-62.24420686920179
 20
-20.256067444197317
 30
0.0
  0
SPLINE
  5
40
330
2F
100
AcDbEntity
  8
0
  6
Continuous
 62
7
370
25
100
AcDbSpline
 70
8
 71
3
 72
9
 73
5
 74
0
 42
1e-08
 43
1e-08
 40
0.0
 40
0.0
 40
0.0
 40
0.0
 40
0.486365665191488
 40
0.9999999999999999
 40
0.9999999999999999
 40
0.9999999999999999
 40
0.9999999999999999
 10
-61.49870628323819
 20
-21.23497449023386
 30
0.0
 10
-61.619555334881795
 20
-21.30507383663753
 30
0.0
 10
-61.868028984015695
 20
-21.449202732693728
 30
0.0
 10
-62.11655524728499
 20
-21.593210976694238
 30
0.0
 10
-62.24420686920179
 20
-21.667178555308457
 30
0.0
  0
SPLINE
  5
41
330
2F
100
AcDbEntity
  8
0
  6
Continuous
 62
7
370
25
100
AcDbSpline
 70
8
 71
3
 72
9
 73
5
 74
0
 42
1e-08
 43
1e-08
 40
0.0
 40
0.0
 40
0.0
 40
0.0
 40
0.4863807505618004
 40
1.0
 40
1.0
 40
1.0
 40
1.0
 10
-61.49870624155659
 20
-22.646085561410278
 30
0.0
 10
-61.61955975816329
 20
-22.71618736176055
 30
0.0
 10
-61.8680348807233
 20
-22.86031683289862
 30
0.0
 10
-62.11655972514379
 20
-23.00432453734728
 30
0.0
 10
-62.24420686920179
 20
-23.0782896664196
 30
0.0
  0
SPLINE
  5
42
330
2F
100
AcDbEntity
  8
0
  6
Continuous
 62
7
370
25
100
AcDbSpline
 70
8
 71
3
 72
9
 73
5
 74
0
 42
1e-08
 43
1e-08
 40
0.0
 40
0.0
 40
0.0
 40
0.0
 40
0.4863958319419018
 40
1.0
 40
1.0
 40
1.0
 40
1.0
 10
-61.4987061993768
 20
-24.057196632427488
 30
0.0
 10
-61.619564179604595
 20
-24.12730088705444
 30
0.0
 10
-61.86804077477869
 20
-24.271430935100017
 30
0.0
 10
-62.116564201419095
 20
-24.415438098287428
 30
0.0
 10
-62.24420686920179
 20
-24.48940077753063
 30
0.0
  0
SPLINE
  5
43
330
2F
100
AcDbEntity
  8
0
  6
Continuous
 62
7
370
25
100
AcDbSpline
 70
8
 71
3
 72
9
 73
5
 74
0
 42
1e-08
 43
1e-08
 40
0.0
 40
0.0
 40
0.0
 40
0.0
 40
0.4864109093237435
 40
0.9999999999999999
 40
0.9999999999999999
 40
0.9999999999999999
 40
0.9999999999999999
 10
-61.49870615669879
 20
-25.46830770328538
 30
0.0
 10
-61.6195685992067
 20
-25.53841441251996
 30
0.0
 10
-61.86804666618889
 20
-25.68254503930216
 30
0.0
 10
-62.116568676112195
 20
-25.82655165951524
 30
0.0
 10
-62.24420686920179
 20
-25.90051188864177
 30
0.0
  0
SPLINE
  5
44
330
2F
100
AcDbEntity
  8
0
  6
Continuous
 62
7
370
25
100
AcDbSpline
 70
8
 71
3
 72
9
 73
5
 74
0
 42
1e-08
 43
1e-08
 40
0.0
 40
0.0
 40
0.0
 40
0.0
 40
0.4864259826994148
 40
1.0
 40
1.0
 40
1.0
 40
1.0
 10
-61.49870611352249
 20
-26.879418773983968
 30
0.0
 10
-61.61957301697029
 20
-26.94952793815746
 30
0.0
 10
-61.8680525549609
 20
-27.09365914550892
 30
0.0
 10
-62.116573149224095
 20
-27.237665221031147
 30
0.0
 10
-62.24420686920179
 20
-27.31162299975291
 30
0.0
  0
SPLINE
  5
45
330
2F
100
AcDbEntity
  8
0
  6
Continuous
 62
7
370
25
100
AcDbSpline
 70
8
 71
3
 72
9
 73
5
 74
0
 42
1e-08
 43
1e-08
 40
0.0
 40
0.0
 40
0.0
 40
0.0
 40
0.4864410520608647
 40
1.0
 40
1.0
 40
1.0
 40
1.0
 10
-61.4987060698477
 20
-28.290529844523
 30
0.0
 10
-61.61957743289629
 20
-28.3606414639677
 30
0.0
 10
-61.868058441101596
 20
-28.504773253724288
 30
0.0
 10
-62.11657762075589
 20
-28.64877878283593
 30
0.0
 10
-62.24420686920179
 20
-28.72273411086394
 30
0.0
  0
SPLINE
  5
46
330
2F
100
AcDbEntity
  8
0
  6
Continuous
 62
7
370
25
100
AcDbSpline
 70
8
 71
3
 72
9
 73
5
 74
0
 42
1e-08
 43
1e-08
 40
0.0
 40
0.0
 40
0.0
 40
0.0
 40
0.4864561174001487
 40
1.0
 40
1.0
 40
1.0
 40
1.0
 10
-61.498706025674295
 20
-29.701640914902608
 30
0.0
 10
-61.6195818469854
 20
-29.771754989950928
 30
0.0
 10
-61.86806432461809
 20
-29.91588736395239
 30
0.0
 10
-62.11658209070859
 20
-30.05989234493016
 30
0.0
 10
-62.24420686920179
 20
-30.13384522197508
 30
0.0
  0
SPLINE
  5
47
330
2F
100
AcDbEntity
  8
0
  6
Continuous
 62
7
370
25
100
AcDbSpline
 70
8
 71
3
 72
9
 73
5
 74
0
 42
1e-08
 43
1e-08
 40
0.0
 40
0.0
 40
0.0
 40
0.0
 40
0.4864711787092343
 40
1.0
 40
1.0
 40
1.0
 40
1.0
 10
-61.49870598100219
 20
-31.11275198512247
 30
0.0
 10
-61.61958625923869
 20
-31.18286851610801
 30
0.0
 10
-61.8680702055173
 20
-31.32700147619731
 30
0.0
 10
-62.11658655908339
 20
-31.471005907314147
 30
0.0
 10
-62.24420686920179
 20
-31.54495633308623
 30
0.0
  0
SPLINE
  5
48
330
2F
100
AcDbEntity
  8
0
  6
Continuous
 62
7
370
25
100
AcDbSpline
 70
8
 71
3
 72
9
 73
5
 74
0
 42
1e-08
 43
1e-08
 40
0.0
 40
0.0
 40
0.0
 40
0.0
 40
0.4864862359801796
 40
1.0
 40
1.0
 40
1.0
 40
1.0
 10
-61.498705935831296
 20
-32.52386305518267
 30
0.0
 10
-61.61959066965679
 20
-32.59398204243917
 30
0.0
 10
-61.8680760838062
 20
-32.73811559046285
 30
0.0
 10
-62.11659102588149
 20
-32.88211946998858
 30
0.0
 10
-62.24420686920179
 20
-32.95606744419737
 30
0.0
  0
SPLINE
  5
49
330
2F
100
AcDbEntity
  8
0
  6
Continuous
 62
7
370
25
100
AcDbSpline
 70
8
 71
3
 72
9
 73
5
 74
0
 42
1e-08
 43
1e-08
 40
0.0
 40
0.0
 40
0.0
 40
0.0
 40
0.4865012892049926
 40
1.0
 40
1.0
 40
1.0
 40
1.0
 10
-61.49870589016139
 20
-33.9349741250831
 30
0.0
 10
-61.61959507824059
 20
-34.0050955689452
 30
0.0
 10
-61.86808195949179
 20
-34.14922970675331
 30
0.0
 10
-62.116595491103894
 20
-34.293233032954106
 30
0.0
 10
-62.24420686920179
 20
-34.367178555308385
 30
0.0
  0
SPLINE
  5
4A
330
2F
100
AcDbEntity
  8
0
  6
Continuous
 62
7
370
25
100
AcDbSpline
 70
8
 71
3
 72
9
 73
5
 74
0
 42
1e-08
 43
1e-08
 40
0.0
 40
0.0
 40
0.0
 40
0.0
 40
0.4999161131514253
 40
1.0
 40
1.0
 40
1.0
 40
1.0
 10
-52.974459998611394
 20
-3.975606706882505
 30
0.0
 10
-53.09670420816589
 20
-3.9019029172789197
 30
0.0
 10
-53.3412336528838
 20
-3.754470602807246
 30
0.0
 10
-53.5859310610839
 20
-3.606943513943127
 30
0.0
 10
-53.70830029207839
 20
-3.533167593928564
 30
0.0
  0
SPLINE
  5
4B
330
2F
100
AcDbEntity
  8
0
  6
Continuous
 62
7
370
25
100
AcDbSpline
 70
8
 71
3
 72
9
 73
5
 74
0
 42
1e-08
 43
1e-08
 40
0.0
 40
0.0
 40
0.0
 40
0.0
 40
0.4999073022945228
 40
1.0
 40
1.0
 40
1.0
 40
1.0
 10
-52.974459998611394
 20
-5.386717817993646
 30
0.0
 10
-53.096684079198894
 20
-5.313016907510336
 30
0.0
 10
-53.34117756834469
 20
-5.165587753855271
 30
0.0
 10
-53.585910926686594
 20
-5.018057505121897
 30
0.0
 10
-53.70830029207839
 20
-4.9442787050397055
 30
0.0
  0
SPLINE
  5
4C
330
2F
100
AcDbEntity
  8
0
  6
Continuous
 62
7
370
25
100
AcDbSpline
 70
8
 71
3
 72
9
 73
5
 74
0
 42
1e-08
 43
1e-08
 40
0.0
 40
0.0
 40
0.0
 40
0.0
 40
0.4998984955140481
 40
1.0
 40
1.0
 40
1.0
 40
1.0
 10
-52.974459998611394
 20
-6.797828929104787
 30
0.0
 10
-53.09666395209369
 20
-6.724130898023638
 30
0.0
 10
-53.34112148613089
 20
-6.576704907062457
 30
0.0
 10
-53.5858907933074
 20
-6.429171496656604
 30
0.0
 10
-53.70830029207839
 20
-6.355389816150735
 30
0.0
  0
SPLINE
  5
4D
330
2F
100
AcDbEntity
  8
0
  6
Continuous
 62
7
370
25
100
AcDbSpline
 70
8
 71
3
 72
9
 73
5
 74
0
 42
1e-08
 43
1e-08
 40
0.0
 40
0.0
 40
0.0
 40
0.0
 40
0.4998896928149906
 40
1.0
 40
1.0
 40
1.0
 40
1.0
 10
-52.974459998611394
 20
-8.208940040215927
 30
0.0
 10
-53.09664382684939
 20
-8.135244888819047
 30
0.0
 10
-53.3410654062381
 20
-7.987822062431359
 30
0.0
 10
-53.5858706609459
 20
-7.840285488547803
 30
0.0
 10
-53.70830029207839
 20
-7.766500927261877
 30
0.0
  0
SPLINE
  5
4E
330
2F
100
AcDbEntity
  8
0
  6
Continuous
 62
7
370
25
100
AcDbSpline
 70
8
 71
3
 72
9
 73
5
 74
0
 42
1e-08
 43
1e-08
 40
0.0
 40
0.0
 40
0.0
 40
0.0
 40
0.4998808942022712
 40
1.0
 40
1.0
 40
1.0
 40
1.0
 10
-52.974459998611394
 20
-9.620051151326956
 30
0.0
 10
-53.096623703465
 20
-9.546358879897008
 30
0.0
 10
-53.341009328662
 20
-9.39893921996464
 30
0.0
 10
-53.5858505296019
 20
-9.251399480795717
 30
0.0
 10
-53.70830029207839
 20
-9.177612038373017
 30
0.0
  0
SPLINE
  5
4F
330
2F
100
AcDbEntity
  8
0
  6
Continuous
 62
7
370
25
100
AcDbSpline
 70
8
 71
3
 72
9
 73
5
 74
0
 42
1e-08
 43
1e-08
 40
0.0
 40
0.0
 40
0.0
 40
0.0
 40
0.4998720996809075
 40
0.9999999999999999
 40
0.9999999999999999
 40
0.9999999999999999
 40
0.9999999999999999
 10
-52.974459998611394
 20
-11.031162262438098
 30
0.0
 10
-53.09660358193979
 20
-10.957472871257854
 30
0.0
 10
-53.340953253398396
 20
-10.810056379664855
 30
0.0
 10
-53.585830399275
 20
-10.662513473400901
 30
0.0
 10
-53.70830029207839
 20
-10.588723149484158
 30
0.0
  0
SPLINE
  5
50
330
2F
100
AcDbEntity
  8
0
  6
Continuous
 62
7
370
25
100
AcDbSpline
 70
8
 71
3
 72
9
 73
5
 74
0
 42
1e-08
 43
1e-08
 40
0.0
 40
0.0
 40
0.0
 40
0.0
 40
0.4998633092558426
 40
0.9999999999999999
 40
0.9999999999999999
 40
0.9999999999999999
 40
0.9999999999999999
 10
-52.974459998611394
 20
-12.44227337354924
 30
0.0
 10
-53.09658346227269
 20
-12.368586862902031
 30
0.0
 10
-53.34089718044319
 20
-12.22117354153445
 30
0.0
 10
-53.585810269964995
 20
-12.07362746636347
 30
0.0
 10
-53.70830029207839
 20
-11.99983426059519
 30
0.0
  0
SPLINE
  5
51
330
2F
100
AcDbEntity
  8
0
  6
Continuous
 62
7
370
25
100
AcDbSpline
 70
8
 71
3
 72
9
 73
5
 74
0
 42
1e-08
 43
1e-08
 40
0.0
 40
0.0
 40
0.0
 40
0.0
 40
0.4998545229319851
 40
1.0
 40
1.0
 40
1.0
 40
1.0
 10
-52.974459998611394
 20
-13.85338448466038
 30
0.0
 10
-53.09656334446299
 20
-13.77970085482976
 30
0.0
 10
-53.340841109792194
 20
-13.63229070557597
 30
0.0
 10
-53.585790141671694
 20
-13.48474145968397
 30
0.0
 10
-53.70830029207839
 20
-13.41094537170633
 30
0.0
  0
SPLINE
  5
52
330
2F
100
AcDbEntity
  8
0
  6
Continuous
 62
7
370
25
100
AcDbSpline
 70
8
 71
3
 72
9
 73
5
 74
0
 42
1e-08
 43
1e-08
 40
0.0
 40
0.0
 40
0.0
 40
0.0
 40
0.4998457407142948
 40
1.0
 40
1.0
 40
1.0
 40
1.0
 10
-52.974459998611394
 20
-15.264495595771411
 30
0.0
 10
-53.09654322850959
 20
-15.19081484704148
 30
0.0
 10
-53.340785041441194
 20
-15.04340787179197
 30
0.0
 10
-53.5857700143947
 20
-14.89585545336274
 30
0.0
 10
-53.70830029207839
 20
-14.822056482817471
 30
0.0
  0
SPLINE
  5
53
330
2F
100
AcDbEntity
  8
0
  6
Continuous
 62
7
370
25
100
AcDbSpline
 70
8
 71
3
 72
9
 73
5
 74
0
 42
1e-08
 43
1e-08
 40
0.0
 40
0.0
 40
0.0
 40
0.0
 40
0.4998369626076642
 40
1.0
 40
1.0
 40
1.0
 40
1.0
 10
-52.974459998611394
 20
-16.67560670688255
 30
0.0
 10
-53.096523114411696
 20
-16.60192883953742
 30
0.0
 10
-53.3407289753859
 20
-16.454525040185118
 30
0.0
 10
-53.58574988813379
 20
-16.30696944740011
 30
0.0
 10
-53.70830029207839
 20
-16.23316759392861
 30
0.0
  0
SPLINE
  5
54
330
2F
100
AcDbEntity
  8
0
  6
Continuous
 62
7
370
25
100
AcDbSpline
 70
8
 71
3
 72
9
 73
5
 74
0
 42
1e-08
 43
1e-08
 40
0.0
 40
0.0
 40
0.0
 40
0.0
 40
0.4998281886170475
 40
1.0
 40
1.0
 40
1.0
 40
1.0
 10
-52.974459998611394
 20
-18.086717817993687
 30
0.0
 10
-53.09650300216849
 20
-18.013042832318128
 30
0.0
 10
-53.34067291162219
 20
-17.86564221075775
 30
0.0
 10
-53.58572976288869
 20
-17.71808344179653
 30
0.0
 10
-53.70830029207839
 20
-17.64427870503964
 30
0.0
  0
SPLINE
  5
55
330
2F
100
AcDbEntity
  8
0
  6
Continuous
 62
7
370
25
100
AcDbSpline
 70
8
 71
3
 72
9
 73
5
 74
0
 42
1e-08
 43
1e-08
 40
0.0
 40
0.0
 40
0.0
 40
0.0
 40
0.4998194187473891
 40
1.0
 40
1.0
 40
1.0
 40
1.0
 10
-52.974459998611394
 20
-19.497828929104827
 30
0.0
 10
-53.09648289177889
 20
-19.42415682538383
 30
0.0
 10
-53.34061685014599
 20
-19.27675938351263
 30
0.0
 10
-53.5857096386591
 20
-19.129197436552207
 30
0.0
 10
-53.70830029207839
 20
-19.05538981615078
 30
0.0
  0
SPLINE
  5
56
330
2F
100
AcDbEntity
  8
0
  6
Continuous
 62
7
370
25
100
AcDbSpline
 70
8
 71
3
 72
9
 73
5
 74
0
 42
1e-08
 43
1e-08
 40
0.0
 40
0.0
 40
0.0
 40
0.0
 40
0.4998106530035665
 40
0.9999999999999999
 40
0.9999999999999999
 40
0.9999999999999999
 40
0.9999999999999999
 10
-52.974459998611394
 20
-20.90894004021586
 30
0.0
 10
-53.09646278324219
 20
-20.83527081873486
 30
0.0
 10
-53.34056079095289
 20
-20.68787655845199
 30
0.0
 10
-53.5856895154448
 20
-20.540311431667607
 30
0.0
 10
-53.70830029207839
 20
-20.46650092726192
 30
0.0
  0
SPLINE
  5
57
330
2F
100
AcDbEntity
  8
0
  6
Continuous
 62
7
370
25
100
AcDbSpline
 70
8
 71
3
 72
9
 73
5
 74
0
 42
1e-08
 43
1e-08
 40
0.0
 40
0.0
 40
0.0
 40
0.0
 40
0.4998018913905551
 40
1.0
 40
1.0
 40
1.0
 40
1.0
 10
-52.974459998611394
 20
-22.320051151327
 30
0.0
 10
-53.09644267655739
 20
-22.24638481237167
 30
0.0
 10
-53.340504734039
 20
-22.0989937355786
 30
0.0
 10
-53.5856693932454
 20
-21.951425427143167
 30
0.0
 10
-53.70830029207839
 20
-21.87761203837295
 30
0.0
  0
SPLINE
  5
58
330
2F
100
AcDbEntity
  8
0
  6
Continuous
 62
7
370
25
100
AcDbSpline
 70
8
 71
3
 72
9
 73
5
 74
0
 42
1e-08
 43
1e-08
 40
0.0
 40
0.0
 40
0.0
 40
0.0
 40
0.4997931339131899
 40
1.0
 40
1.0
 40
1.0
 40
1.0
 10
-52.974459998611394
 20
-23.73116226243814
 30
0.0
 10
-53.09642257172359
 20
-23.65749880629457
 30
0.0
 10
-53.3404486793998
 20
-23.5101109148949
 30
0.0
 10
-53.58564927206079
 20
-23.362539422979097
 30
0.0
 10
-53.70830029207839
 20
-23.28872314948409
 30
0.0
  0
SPLINE
  5
59
330
2F
100
AcDbEntity
  8
0
  6
Continuous
 62
7
370
25
100
AcDbSpline
 70
8
 71
3
 72
9
 73
5
 74
0
 42
1e-08
 43
1e-08
 40
0.0
 40
0.0
 40
0.0
 40
0.0
 40
0.499784380576506
 40
0.9999999999999999
 40
0.9999999999999999
 40
0.9999999999999999
 40
0.9999999999999999
 10
-52.974459998611394
 20
-25.14227337354917
 30
0.0
 10
-53.096402468739896
 20
-25.068612800503917
 30
0.0
 10
-53.34039262703139
 20
-24.92122809640356
 30
0.0
 10
-53.5856291518907
 20
-24.773653419175858
 30
0.0
 10
-53.70830029207839
 20
-24.699834260595228
 30
0.0
  0
SPLINE
  5
5A
330
2F
100
AcDbEntity
  8
0
  6
Continuous
 62
7
370
25
100
AcDbSpline
 70
8
 71
3
 72
9
 73
5
 74
0
 42
1e-08
 43
1e-08
 40
0.0
 40
0.0
 40
0.0
 40
0.0
 40
0.4997756313852274
 40
1.0
 40
1.0
 40
1.0
 40
1.0
 10
-52.974459998611394
 20
-26.55338448466031
 30
0.0
 10
-53.0963823676055
 20
-26.47972679500003
 30
0.0
 10
-53.3403365769297
 20
-26.33234528010679
 30
0.0
 10
-53.585609032734695
 20
-26.18476741573388
 30
0.0
 10
-53.70830029207839
 20
-26.110945371706368
 30
0.0
  0
SPLINE
  5
5B
330
2F
100
AcDbEntity
  8
0
  6
Continuous
 62
7
370
25
100
AcDbSpline
 70
8
 71
3
 72
9
 73
5
 74
0
 42
1e-08
 43
1e-08
 40
0.0
 40
0.0
 40
0.0
 40
0.0
 40
0.4997668863443943
 40
1.0
 40
1.0
 40
1.0
 40
1.0
 10
-52.974459998611394
 20
-27.96449559577145
 30
0.0
 10
-53.0963622683193
 20
-27.890840789783258
 30
0.0
 10
-53.340280529090194
 20
-27.74346246600738
 30
0.0
 10
-53.58558891459269
 20
-27.595881412653277
 30
0.0
 10
-53.70830029207839
 20
-27.522056482817398
 30
0.0
  0
SPLINE
  5
5C
330
2F
100
AcDbEntity
  8
0
  6
Continuous
 62
7
370
25
100
AcDbSpline
 70
8
 71
3
 72
9
 73
5
 74
0
 42
1e-08
 43
1e-08
 40
0.0
 40
0.0
 40
0.0
 40
0.0
 40
0.4997581454588112
 40
0.9999999999999999
 40
0.9999999999999999
 40
0.9999999999999999
 40
0.9999999999999999
 10
-52.974459998611394
 20
-29.37560670688259
 30
0.0
 10
-53.09634217088069
 20
-29.30195478485402
 30
0.0
 10
-53.34022448350899
 20
-29.154579654107767
 30
0.0
 10
-53.58556879746429
 20
-29.006995409934717
 30
0.0
 10
-53.70830029207839
 20
-28.933167593928538
 30
0.0
  0
SPLINE
  5
5D
330
2F
100
AcDbEntity
  8
0
  6
Continuous
 62
7
370
25
100
AcDbSpline
 70
8
 71
3
 72
9
 73
5
 74
0
 42
1e-08
 43
1e-08
 40
0.0
 40
0.0
 40
0.0
 40
0.0
 40
0.4997494087333451
 40
1.0
 40
1.0
 40
1.0
 40
1.0
 10
-52.974459998611394
 20
-30.78671781799362
 30
0.0
 10
-53.0963220752886
 20
-30.71306878021267
 30
0.0
 10
-53.3401684401819
 20
-30.56569684441039
 30
0.0
 10
-53.585548681349294
 20
-30.418109407578427
 30
0.0
 10
-53.70830029207839
 20
-30.344278705039677
 30
0.0
  0
SPLINE
  5
5E
330
2F
100
AcDbEntity
  8
0
  6
Continuous
 62
7
370
25
100
AcDbSpline
 70
8
 71
3
 72
9
 73
5
 74
0
 42
1e-08
 43
1e-08
 40
0.0
 40
0.0
 40
0.0
 40
0.0
 40
0.4997406761729926
 40
1.0
 40
1.0
 40
1.0
 40
1.0
 10
-52.974459998611394
 20
-32.19782892910476
 30
0.0
 10
-53.0963019815422
 20
-32.12418277585942
 30
0.0
 10
-53.3401123991047
 20
-31.97681403691792
 30
0.0
 10
-53.58552856624739
 20
-31.829223405584738
 30
0.0
 10
-53.70830029207839
 20
-31.755389816150828
 30
0.0
  0
SPLINE
  5
5F
330
2F
100
AcDbEntity
  8
0
  6
Continuous
 62
7
370
25
100
AcDbSpline
 70
8
 71
3
 72
9
 73
5
 74
0
 42
1e-08
 43
1e-08
 40
0.0
 40
0.0
 40
0.0
 40
0.0
 40
0.4997319477825726
 40
1.0
 40
1.0
 40
1.0
 40
1.0
 10
-52.974459998611394
 20
-33.608940040215906
 30
0.0
 10
-53.096281889640494
 20
-33.53529677179472
 30
0.0
 10
-53.34005636027349
 20
-33.38793123163279
 30
0.0
 10
-53.58550845215839
 20
-33.24033740395409
 30
0.0
 10
-53.70830029207839
 20
-33.16650092726185
 30
0.0
  0
SPLINE
  5
60
330
2F
100
AcDbEntity
  8
0
  6
Continuous
 62
7
370
25
100
AcDbSpline
 70
8
 71
3
 72
9
 73
5
 74
0
 42
1e-08
 43
1e-08
 40
0.0
 40
0.0
 40
0.0
 40
0.0
 40
0.4997232235669857
 40
1.0
 40
1.0
 40
1.0
 40
1.0
 10
-52.974459998611394
 20
-35.020051151327046
 30
0.0
 10
-53.09626179958269
 20
-34.946410768018886
 30
0.0
 10
-53.340000323683796
 20
-34.799048428557455
 30
0.0
 10
-53.58548833908199
 20
-34.651451402686696
 30
0.0
 10
-53.70830029207839
 20
-34.57761203837299
 30
0.0
  0
SPLINE
  5
61
330
2F
100
AcDbEntity
  8
0
  6
Continuous
 62
7
370
25
100
AcDbSpline
 70
8
 71
3
 72
9
 73
5
 74
0
 42
1e-08
 43
1e-08
 40
0.0
 40
0.0
 40
0.0
 40
0.0
 40
0.5000221595862588
 40
1.0
 40
1.0
 40
1.0
 40
1.0
 10
-52.974459998611394
 20
12.957726626450789
 30
0.0
 10
-53.096945901315394
 20
13.031464943645549
 30
0.0
 10
-53.34190685025689
 20
13.1789350422823
 30
0.0
 10
-53.586172753358795
 20
13.326424352565379
 30
0.0
 10
-53.70830029207839
 20
13.40016573940479
 30
0.0
  0
SPLINE
  5
62
330
2F
100
AcDbEntity
  8
0
  6
Continuous
 62
7
370
25
100
AcDbSpline
 70
8
 71
3
 72
9
 73
5
 74
0
 42
1e-08
 43
1e-08
 40
0.0
 40
0.0
 40
0.0
 40
0.0
 40
0.4859872576150773
 40
1.0
 40
1.0
 40
1.0
 40
1.0
 10
-61.498707163739596
 20
14.04280234067863
 30
0.0
 10
-61.61944415235399
 20
13.97276423744144
 30
0.0
 10
-61.86788068381139
 20
13.82864913536881
 30
0.0
 10
-62.11644278296359
 20
13.68462794796717
 30
0.0
 10
-62.24420686920179
 20
13.61059922246939
 30
0.0
  0
SPLINE
  5
63
330
2F
100
AcDbEntity
  8
0
  6
Continuous
 62
7
370
25
100
AcDbSpline
 70
8
 71
3
 72
9
 73
5
 74
0
 42
1e-08
 43
1e-08
 40
0.0
 40
0.0
 40
0.0
 40
0.0
 40
0.4999600226876755
 40
1.0
 40
1.0
 40
1.0
 40
1.0
 10
-53.5175303024738
 20
11.93547486738384
 30
0.0
 10
-53.517524756928495
 20
11.96487066500713
 30
0.0
 10
-53.517513664951
 20
12.02366696128972
 30
0.0
 10
-53.517524756337295
 20
12.08246325759972
 30
0.0
 10
-53.5175303024738
 20
12.111863756272669
 30
0.0
  0
SPLINE
  5
64
330
2F
100
AcDbEntity
  8
0
  6
Continuous
 62
7
370
25
100
AcDbSpline
 70
8
 71
3
 72
9
 73
5
 74
0
 42
1e-08
 43
1e-08
 40
0.0
 40
0.0
 40
0.0
 40
0.0
 40
0.4995204204873779
 40
1.0
 40
1.0
 40
1.0
 40
1.0
 10
-53.5175303024738
 20
-3.5867473548383697
 30
0.0
 10
-53.5174639202325
 20
-3.557377416066697
 30
0.0
 10
-53.5173310282854
 20
-3.498581143547884
 30
0.0
 10
-53.517463835283294
 20
-3.439784823489321
 30
0.0
 10
-53.5175303024738
 20
-3.410358465949547
 30
0.0
  0
SPLINE
  5
65
330
2F
100
AcDbEntity
  8
0
  6
Continuous
 62
7
370
25
100
AcDbSpline
 70
8
 71
3
 72
9
 73
5
 74
0
 42
1e-08
 43
1e-08
 40
0.0
 40
0.0
 40
0.0
 40
0.0
 40
0.4994804822835264
 40
1.0
 40
1.0
 40
1.0
 40
1.0
 10
-53.5175303024738
 20
-4.997858465949511
 30
0.0
 10
-53.51745840454619
 20
-4.968490878618324
 30
0.0
 10
-53.517314459126794
 20
-4.909694612552238
 30
0.0
 10
-53.5174583048712
 20
-4.850898286046721
 30
0.0
 10
-53.5175303024738
 20
-4.821469577060687
 30
0.0
  0
SPLINE
  5
66
330
2F
100
AcDbEntity
  8
0
  6
Continuous
 62
7
370
25
100
AcDbSpline
 70
8
 71
3
 72
9
 73
5
 74
0
 42
1e-08
 43
1e-08
 40
0.0
 40
0.0
 40
0.0
 40
0.0
 40
0.4994405503757262
 40
1.0
 40
1.0
 40
1.0
 40
1.0
 10
-53.5175303024738
 20
-6.408969577060651
 30
0.0
 10
-53.51745289134449
 20
-6.3796043413350425
 30
0.0
 10
-53.5172978956615
 20
-6.320808082794381
 30
0.0
 10
-53.51745277577129
 20
-6.2620117487706555
 30
0.0
 10
-53.5175303024738
 20
-6.2325806881718275
 30
0.0
  0
SPLINE
  5
67
330
2F
100
AcDbEntity
  8
0
  6
Continuous
 62
7
370
25
100
AcDbSpline
 70
8
 71
3
 72
9
 73
5
 74
0
 42
1e-08
 43
1e-08
 40
0.0
 40
0.0
 40
0.0
 40
0.0
 40
0.4994006252303043
 40
1.0
 40
1.0
 40
1.0
 40
1.0
 10
-53.5175303024738
 20
-7.820080688171792
 30
0.0
 10
-53.51744738062669
 20
-7.790717804230395
 30
0.0
 10
-53.51728133788899
 20
-7.731921554370235
 30
0.0
 10
-53.517447247983895
 20
-7.67312521167489
 30
0.0
 10
-53.5175303024738
 20
-7.643691799282857
 30
0.0
  0
SPLINE
  5
68
330
2F
100
AcDbEntity
  8
0
  6
Continuous
 62
7
370
25
100
AcDbSpline
 70
8
 71
3
 72
9
 73
5
 74
0
 42
1e-08
 43
1e-08
 40
0.0
 40
0.0
 40
0.0
 40
0.0
 40
0.4993607073135157
 40
0.9999999999999999
 40
0.9999999999999999
 40
0.9999999999999999
 40
0.9999999999999999
 10
-53.5175303024738
 20
-9.231191799282822
 30
0.0
 10
-53.5174418723922
 20
-9.201831267318038
 30
0.0
 10
-53.51726478580859
 20
-9.143035027375833
 30
0.0
 10
-53.5174417215096
 20
-9.084238674773413
 30
0.0
 10
-53.5175303024738
 20
-9.054802910393999
 30
0.0
  0
SPLINE
  5
69
330
2F
100
AcDbEntity
  8
0
  6
Continuous
 62
7
370
25
100
AcDbSpline
 70
8
 71
3
 72
9
 73
5
 74
0
 42
1e-08
 43
1e-08
 40
0.0
 40
0.0
 40
0.0
 40
0.0
 40
0.49932079709107
 40
1.0
 40
1.0
 40
1.0
 40
1.0
 10
-53.5175303024738
 20
-10.642302910393964
 30
0.0
 10
-53.5174363666402
 20
-10.612944730611405
 30
0.0
 10
-53.5172482394199
 20
-10.554148501906988
 30
0.0
 10
-53.5174361963485
 20
-10.495352138079992
 30
0.0
 10
-53.5175303024738
 20
-10.46591402150514
 30
0.0
  0
SPLINE
  5
6A
330
2F
100
AcDbEntity
  8
0
  6
Continuous
 62
7
370
25
100
AcDbSpline
 70
8
 71
3
 72
9
 73
5
 74
0
 42
1e-08
 43
1e-08
 40
0.0
 40
0.0
 40
0.0
 40
0.0
 40
0.4992808950283392
 40
1.0
 40
1.0
 40
1.0
 40
1.0
 10
-53.5175303024738
 20
-12.0534140215051
 30
0.0
 10
-53.517430863370095
 20
-12.02405819412404
 30
0.0
 10
-53.5172316987222
 20
-11.96526197805929
 30
0.0
 10
-53.51743067250119
 20
-11.90646560160839
 30
0.0
 10
-53.5175303024738
 20
-11.87702513261628
 30
0.0
  0
SPLINE
  5
6B
330
2F
100
AcDbEntity
  8
0
  6
Continuous
 62
7
370
25
100
AcDbSpline
 70
8
 71
3
 72
9
 73
5
 74
0
 42
1e-08
 43
1e-08
 40
0.0
 40
0.0
 40
0.0
 40
0.0
 40
0.4992410015905361
 40
1.0
 40
1.0
 40
1.0
 40
1.0
 10
-53.5175303024738
 20
-13.46452513261624
 30
0.0
 10
-53.51742536258119
 20
-13.435171657869601
 30
0.0
 10
-53.517215163714994
 20
-13.37637545592878
 30
0.0
 10
-53.51742514996799
 20
-13.31757906537239
 30
0.0
 10
-53.5175303024738
 20
-13.28813624372731
 30
0.0
  0
SPLINE
  5
6C
330
2F
100
AcDbEntity
  8
0
  6
Continuous
 62
7
370
25
100
AcDbSpline
 70
8
 71
3
 72
9
 73
5
 74
0
 42
1e-08
 43
1e-08
 40
0.0
 40
0.0
 40
0.0
 40
0.0
 40
0.4992011172428524
 40
1.0
 40
1.0
 40
1.0
 40
1.0
 10
-53.5175303024738
 20
-14.87563624372727
 30
0.0
 10
-53.517419864272895
 20
-14.84628512186141
 30
0.0
 10
-53.5171986343977
 20
-14.78748893561081
 30
0.0
 10
-53.517419628749295
 20
-14.72869252938595
 30
0.0
 10
-53.5175303024738
 20
-14.69924735483845
 30
0.0
  0
SPLINE
  5
6D
330
2F
100
AcDbEntity
  8
0
  6
Continuous
 62
7
370
25
100
AcDbSpline
 70
8
 71
3
 72
9
 73
5
 74
0
 42
1e-08
 43
1e-08
 40
0.0
 40
0.0
 40
0.0
 40
0.0
 40
0.4991612424494202
 40
0.9999999999999999
 40
0.9999999999999999
 40
0.9999999999999999
 40
0.9999999999999999
 10
-53.5175303024738
 20
-16.28674735483841
 30
0.0
 10
-53.51741436844439
 20
-16.25739858611312
 30
0.0
 10
-53.517182110769895
 20
-16.198602417201098
 30
0.0
 10
-53.5174141088457
 20
-16.13980599366287
 30
0.0
 10
-53.5175303024738
 20
-16.110358465949588
 30
0.0
  0
SPLINE
  5
6E
330
2F
100
AcDbEntity
  8
0
  6
Continuous
 62
7
370
25
100
AcDbSpline
 70
8
 71
3
 72
9
 73
5
 74
0
 42
1e-08
 43
1e-08
 40
0.0
 40
0.0
 40
0.0
 40
0.0
 40
0.499121377674394
 40
1.0
 40
1.0
 40
1.0
 40
1.0
 10
-53.51753030247369
 20
-17.697858465949558
 30
0.0
 10
-53.5174088750949
 20
-17.668512050638057
 30
0.0
 10
-53.51716559283079
 20
-17.60971590079523
 30
0.0
 10
-53.51740859025739
 20
-17.55091945821689
 30
0.0
 10
-53.5175303024738
 20
-17.521469577060618
 30
0.0
  0
SPLINE
  5
6F
330
2F
100
AcDbEntity
  8
0
  6
Continuous
 62
7
370
25
100
AcDbSpline
 70
8
 71
3
 72
9
 73
5
 74
0
 42
1e-08
 43
1e-08
 40
0.0
 40
0.0
 40
0.0
 40
0.0
 40
0.4990815233817361
 40
1.0
 40
1.0
 40
1.0
 40
1.0
 10
-53.51753030247369
 20
-19.108969577060698
 30
0.0
 10
-53.5174033842238
 20
-19.07962551544966
 30
0.0
 10
-53.51714908058
 20
-19.020829386488458
 30
0.0
 10
-53.51740307298509
 20
-18.96203292306191
 30
0.0
 10
-53.51753030247369
 20
-18.932580688171758
 30
0.0
  0
SPLINE
  5
70
330
2F
100
AcDbEntity
  8
0
  6
Continuous
 62
7
370
25
100
AcDbSpline
 70
8
 71
3
 72
9
 73
5
 74
0
 42
1e-08
 43
1e-08
 40
0.0
 40
0.0
 40
0.0
 40
0.0
 40
0.4990416800346091
 40
1.0
 40
1.0
 40
1.0
 40
1.0
 10
-53.51753030247369
 20
-20.520080688171728
 30
0.0
 10
-53.5173978958303
 20
-20.49073898056146
 30
0.0
 10
-53.5171325740169
 20
-20.431942874376148
 30
0.0
 10
-53.5173975570291
 20
-20.37314638821168
 30
0.0
 10
-53.51753030247369
 20
-20.343691799282897
 30
0.0
  0
SPLINE
  5
71
330
2F
100
AcDbEntity
  8
0
  6
Continuous
 62
7
370
25
100
AcDbSpline
 70
8
 71
3
 72
9
 73
5
 74
0
 42
1e-08
 43
1e-08
 40
0.0
 40
0.0
 40
0.0
 40
0.0
 40
0.4990018480960667
 40
1.0
 40
1.0
 40
1.0
 40
1.0
 10
-53.51753030247369
 20
-21.931191799282868
 30
0.0
 10
-53.5173924099136
 20
-21.901852445986897
 30
0.0
 10
-53.517116073141
 20
-21.84305636455357
 30
0.0
 10
-53.51739204239
 20
-21.78425985368008
 30
0.0
 10
-53.51753030247369
 20
-21.754802910394037
 30
0.0
  0
SPLINE
  5
72
330
2F
100
AcDbEntity
  8
0
  6
Continuous
 62
7
370
25
100
AcDbSpline
 70
8
 71
3
 72
9
 73
5
 74
0
 42
1e-08
 43
1e-08
 40
0.0
 40
0.0
 40
0.0
 40
0.0
 40
0.4989620280284838
 40
1.0
 40
1.0
 40
1.0
 40
1.0
 10
-53.5175303024738
 20
-23.342302910394007
 30
0.0
 10
-53.517386926472895
 20
-23.312965911739187
 30
0.0
 10
-53.5170995779517
 20
-23.25416985711597
 30
0.0
 10
-53.51738652906829
 20
-23.19537331948078
 30
0.0
 10
-53.5175303024738
 20
-23.165914021505177
 30
0.0
  0
SPLINE
  5
73
330
2F
100
AcDbEntity
  8
0
  6
Continuous
 62
7
370
25
100
AcDbSpline
 70
8
 71
3
 72
9
 73
5
 74
0
 42
1e-08
 43
1e-08
 40
0.0
 40
0.0
 40
0.0
 40
0.0
 40
0.4989222202938943
 40
1.0
 40
1.0
 40
1.0
 40
1.0
 10
-53.5175303024738
 20
-24.753414021505147
 30
0.0
 10
-53.5173814455074
 20
-24.72407937783165
 30
0.0
 10
-53.51708308844839
 20
-24.66528335215827
 30
0.0
 10
-53.517381017064395
 20
-24.60648678562776
 30
0.0
 10
-53.5175303024738
 20
-24.577025132616217
 30
0.0
  0
SPLINE
  5
74
330
2F
100
AcDbEntity
  8
0
  6
Continuous
 62
7
370
25
100
AcDbSpline
 70
8
 71
3
 72
9
 73
5
 74
0
 42
1e-08
 43
1e-08
 40
0.0
 40
0.0
 40
0.0
 40
0.0
 40
0.4988824253538935
 40
1.0
 40
1.0
 40
1.0
 40
1.0
 10
-53.5175303024738
 20
-26.164525132616177
 30
0.0
 10
-53.51737596701639
 20
-26.135192844277828
 30
0.0
 10
-53.5170666046306
 20
-26.07639684977563
 30
0.0
 10
-53.5173755063789
 20
-26.01760025213466
 30
0.0
 10
-53.5175303024738
 20
-25.988136243727357
 30
0.0
  0
SPLINE
  5
75
330
2F
100
AcDbEntity
  8
0
  6
Continuous
 62
7
370
25
100
AcDbSpline
 70
8
 71
3
 72
9
 73
5
 74
0
 42
1e-08
 43
1e-08
 40
0.0
 40
0.0
 40
0.0
 40
0.0
 40
0.4988426436692674
 40
1.0
 40
1.0
 40
1.0
 40
1.0
 10
-53.5175303024738
 20
-27.575636243727317
 30
0.0
 10
-53.517370490999
 20
-27.546306311090937
 30
0.0
 10
-53.51705012649779
 20
-27.48751035006274
 30
0.0
 10
-53.517369997012295
 20
-27.428713719015267
 30
0.0
 10
-53.5175303024738
 20
-27.399247354838497
 30
0.0
  0
SPLINE
  5
76
330
2F
100
AcDbEntity
  8
0
  6
Continuous
 62
7
370
25
100
AcDbSpline
 70
8
 71
3
 72
9
 73
5
 74
0
 42
1e-08
 43
1e-08
 40
0.0
 40
0.0
 40
0.0
 40
0.0
 40
0.4988028757008392
 40
1.0
 40
1.0
 40
1.0
 40
1.0
 10
-53.5175303024738
 20
-28.98674735483846
 30
0.0
 10
-53.517365017454395
 20
-28.95741977828418
 30
0.0
 10
-53.5170336540494
 20
-28.898623853114408
 30
0.0
 10
-53.5173644889653
 20
-28.839827186283568
 30
0.0
 10
-53.5175303024738
 20
-28.81035846594952
 30
0.0
  0
SPLINE
  5
77
330
2F
100
AcDbEntity
  8
0
  6
Continuous
 62
7
370
25
100
AcDbSpline
 70
8
 71
3
 72
9
 73
5
 74
0
 42
1e-08
 43
1e-08
 40
0.0
 40
0.0
 40
0.0
 40
0.0
 40
0.4987631219085485
 40
1.0
 40
1.0
 40
1.0
 40
1.0
 10
-53.5175303024738
 20
-30.3978584659496
 30
0.0
 10
-53.5173595463818
 20
-30.36853324587101
 30
0.0
 10
-53.51701718728489
 20
-30.309737359025238
 30
0.0
 10
-53.51735898223829
 20
-30.25094065395311
 30
0.0
 10
-53.5175303024738
 20
-30.22146957706066
 30
0.0
  0
SPLINE
  5
78
330
2F
100
AcDbEntity
  8
0
  6
Continuous
 62
7
370
25
100
AcDbSpline
 70
8
 71
3
 72
9
 73
5
 74
0
 42
1e-08
 43
1e-08
 40
0.0
 40
0.0
 40
0.0
 40
0.0
 40
0.498723382751649
 40
1.0
 40
1.0
 40
1.0
 40
1.0
 10
-53.5175303024738
 20
-31.80896957706063
 30
0.0
 10
-53.5173540777802
 20
-31.77964671386451
 30
0.0
 10
-53.51700072620359
 20
-31.72085086788994
 30
0.0
 10
-53.517353476832
 20
-31.66205412203775
 30
0.0
 10
-53.5175303024738
 20
-31.63258068817181
 30
0.0
  0
SPLINE
  5
79
330
2F
100
AcDbEntity
  8
0
  6
Continuous
 62
7
370
25
100
AcDbSpline
 70
8
 71
3
 72
9
 73
5
 74
0
 42
1e-08
 43
1e-08
 40
0.0
 40
0.0
 40
0.0
 40
0.0
 40
0.4986836586891826
 40
0.9999999999999999
 40
0.9999999999999999
 40
0.9999999999999999
 40
0.9999999999999999
 10
-53.5175303024738
 20
-33.22008068817177
 30
0.0
 10
-53.5173486116488
 20
-33.19076018227789
 30
0.0
 10
-53.516984270805196
 20
-33.13196437980275
 30
0.0
 10
-53.51734797274699
 20
-33.07316759055128
 30
0.0
 10
-53.5175303024738
 20
-33.04369179928295
 30
0.0
  0
SPLINE
  5
7A
330
2F
100
AcDbEntity
  8
0
  6
Continuous
 62
7
370
25
100
AcDbSpline
 70
8
 71
3
 72
9
 73
5
 74
0
 42
1e-08
 43
1e-08
 40
0.0
 40
0.0
 40
0.0
 40
0.0
 40
0.4986439501794515
 40
1.0
 40
1.0
 40
1.0
 40
1.0
 10
-53.5175303024738
 20
-34.63119179928291
 30
0.0
 10
-53.51734314798679
 20
-34.60187365112448
 30
0.0
 10
-53.516967821089
 20
-34.54307789485804
 30
0.0
 10
-53.51734246998379
 20
-34.48428105950733
 30
0.0
 10
-53.5175303024738
 20
-34.454802910393965
 30
0.0
  0
SPLINE
  5
7B
330
2F
100
AcDbEntity
  8
0
  6
Continuous
 62
7
370
25
100
AcDbSpline
 70
8
 71
3
 72
9
 73
5
 74
0
 42
1e-08
 43
1e-08
 40
0.0
 40
0.0
 40
0.0
 40
0.0
 40
0.4860024401267045
 40
1.0
 40
1.0
 40
1.0
 40
1.0
 10
53.50129286552772
 20
12.63169126554871
 30
0.0
 10
53.38055137808891
 20
12.5616507164177
 30
0.0
 10
53.13211335089024
 20
12.417535083762269
 30
0.0
 10
52.88355269923139
 20
12.27351439430864
 30
0.0
 10
52.75579313079822
 20
12.19948811135825
 30
0.0
  0
SPLINE
  5
7C
330
2F
100
AcDbEntity
  8
0
  6
Continuous
 62
7
370
25
100
AcDbSpline
 70
8
 71
3
 72
9
 73
5
 74
0
 42
1e-08
 43
1e-08
 40
0.0
 40
0.0
 40
0.0
 40
0.0
 40
0.4861691959177988
 40
0.9999999999999999
 40
0.9999999999999999
 40
0.9999999999999999
 40
0.9999999999999999
 10
53.50129322017456
 20
-2.8905305504900882
 30
0.0
 10
53.38050233560935
 20
-2.960598025354798
 30
0.0
 10
53.132047917724684
 20
-3.1047196098834977
 30
0.0
 10
52.88350310947277
 20
-3.248734714076539
 30
0.0
 10
52.755793130798224
 20
-3.3227341108639656
 30
0.0
  0
SPLINE
  5
7D
330
2F
100
AcDbEntity
  8
0
  6
Continuous
 62
7
370
25
100
AcDbSpline
 70
8
 71
3
 72
9
 73
5
 74
0
 42
1e-08
 43
1e-08
 40
0.0
 40
0.0
 40
0.0
 40
0.0
 40
0.4861843324305589
 40
1.0
 40
1.0
 40
1.0
 40
1.0
 10
53.50129325539156
 20
-4.301641623728635
 30
0.0
 10
53.38049788833008
 20
-4.37171154830389
 30
0.0
 10
53.132041985899875
 20
-4.515833684500413
 30
0.0
 10
52.883498610928896
 20
-4.659848271048305
 30
0.0
 10
52.755793130798224
 20
-4.733845221975107
 30
0.0
  0
SPLINE
  5
7E
330
2F
100
AcDbEntity
  8
0
  6
Continuous
 62
7
370
25
100
AcDbSpline
 70
8
 71
3
 72
9
 73
5
 74
0
 42
1e-08
 43
1e-08
 40
0.0
 40
0.0
 40
0.0
 40
0.0
 40
0.4861994650575608
 40
1.0
 40
1.0
 40
1.0
 40
1.0
 10
53.50129329110511
 20
-5.712752696809197
 30
0.0
 10
53.380493442901816
 20
-5.782825071416852
 30
0.0
 10
53.13203605681856
 20
-5.926947761061218
 30
0.0
 10
52.88349411398285
 20
-6.070961828299847
 30
0.0
 10
52.755793130798224
 20
-6.144956333086247
 30
0.0
  0
SPLINE
  5
7F
330
2F
100
AcDbEntity
  8
0
  6
Continuous
 62
7
370
25
100
AcDbSpline
 70
8
 71
3
 72
9
 73
5
 74
0
 42
1e-08
 43
1e-08
 40
0.0
 40
0.0
 40
0.0
 40
0.0
 40
0.4862145937907266
 40
1.0
 40
1.0
 40
1.0
 40
1.0
 10
53.50129332731535
 20
-7.123863769731441
 30
0.0
 10
53.38048899932376
 20
-7.193938594694458
 30
0.0
 10
53.13203013047376
 20
-7.3380618395701305
 30
0.0
 10
52.88348961863352
 20
-7.48207538583172
 30
0.0
 10
52.755793130798224
 20
-7.556067444197277
 30
0.0
  0
SPLINE
  5
80
330
2F
100
AcDbEntity
  8
0
  6
Continuous
 62
7
370
25
100
AcDbSpline
 70
8
 71
3
 72
9
 73
5
 74
0
 42
1e-08
 43
1e-08
 40
0.0
 40
0.0
 40
0.0
 40
0.0
 40
0.4862297186220175
 40
1.0
 40
1.0
 40
1.0
 40
1.0
 10
53.50129336402242
 20
-8.534974842495368
 30
0.0
 10
53.380484557595025
 20
-8.605052118137046
 30
0.0
 10
53.13202420685839
 20
-8.749175920031147
 30
0.0
 10
52.88348512487978
 20
-8.89318894364448
 30
0.0
 10
52.755793130798224
 20
-8.967178555308418
 30
0.0
  0
SPLINE
  5
81
330
2F
100
AcDbEntity
  8
0
  6
Continuous
 62
7
370
25
100
AcDbSpline
 70
8
 71
3
 72
9
 73
5
 74
0
 42
1e-08
 43
1e-08
 40
0.0
 40
0.0
 40
0.0
 40
0.0
 40
0.4862448395433479
 40
1.0
 40
1.0
 40
1.0
 40
1.0
 10
53.5012934012264
 20
-9.946085915100976
 30
0.0
 10
53.380480117714775
 20
-10.016165641745276
 30
0.0
 10
53.132018285965394
 20
-10.160290002448379
 30
0.0
 10
52.88348063272055
 20
-10.304302501738793
 30
0.0
 10
52.755793130798224
 20
-10.37828966641956
 30
0.0
  0
SPLINE
  5
82
330
2F
100
AcDbEntity
  8
0
  6
Continuous
 62
7
370
25
100
AcDbSpline
 70
8
 71
3
 72
9
 73
5
 74
0
 42
1e-08
 43
1e-08
 40
0.0
 40
0.0
 40
0.0
 40
0.0
 40
0.4862599565467169
 40
0.9999999999999999
 40
0.9999999999999999
 40
0.9999999999999999
 40
0.9999999999999999
 10
53.501293438927426
 20
-11.357196987548045
 30
0.0
 10
53.38047567968219
 20
-11.42727916551971
 30
0.0
 10
53.13201236778777
 20
-11.57140408682571
 30
0.0
 10
52.883476142154684
 20
-11.71541606011521
 30
0.0
 10
52.755793130798224
 20
-11.7894007775307
 30
0.0
  0
SPLINE
  5
83
330
2F
100
AcDbEntity
  8
0
  6
Continuous
 62
7
370
25
100
AcDbSpline
 70
8
 71
3
 72
9
 73
5
 74
0
 42
1e-08
 43
1e-08
 40
0.0
 40
0.0
 40
0.0
 40
0.0
 40
0.4862750696240337
 40
1.0
 40
1.0
 40
1.0
 40
1.0
 10
53.50129347712563
 20
-12.76830805983669
 30
0.0
 10
53.380471243496444
 20
-12.83839268946079
 30
0.0
 10
53.132006452318485
 20
-12.98251817316747
 30
0.0
 10
52.8834716531811
 20
-13.12652961877407
 30
0.0
 10
52.755793130798224
 20
-13.20051188864173
 30
0.0
  0
SPLINE
  5
84
330
2F
100
AcDbEntity
  8
0
  6
Continuous
 62
7
370
25
100
AcDbSpline
 70
8
 71
3
 72
9
 73
5
 74
0
 42
1e-08
 43
1e-08
 40
0.0
 40
0.0
 40
0.0
 40
0.0
 40
0.4862901787672558
 40
0.9999999999999999
 40
0.9999999999999999
 40
0.9999999999999999
 40
0.9999999999999999
 10
53.5012935158211
 20
-14.17941913196656
 30
0.0
 10
53.38046680915669
 20
-14.249506213568951
 30
0.0
 10
53.13200053955052
 20
-14.39363226147743
 30
0.0
 10
52.88346716579866
 20
-14.53764317771626
 30
0.0
 10
52.755793130798224
 20
-14.61162299975287
 30
0.0
  0
SPLINE
  5
85
330
2F
100
AcDbEntity
  8
0
  6
Continuous
 62
7
370
25
100
AcDbSpline
 70
8
 71
3
 72
9
 73
5
 74
0
 42
1e-08
 43
1e-08
 40
0.0
 40
0.0
 40
0.0
 40
0.0
 40
0.4863052839684014
 40
1.0
 40
1.0
 40
1.0
 40
1.0
 10
53.501293555013966
 20
-15.59053020393779
 30
0.0
 10
53.380462376662045
 20
-15.66061973784498
 30
0.0
 10
53.131994629476786
 20
-15.80474635175981
 30
0.0
 10
52.883462680006254
 20
-15.94875673694211
 30
0.0
 10
52.755793130798224
 20
-16.02273411086401
 30
0.0
  0
SPLINE
  5
86
330
2F
100
AcDbEntity
  8
0
  6
Continuous
 62
7
370
25
100
AcDbSpline
 70
8
 71
3
 72
9
 73
5
 74
0
 42
1e-08
 43
1e-08
 40
0.0
 40
0.0
 40
0.0
 40
0.0
 40
0.4863203852194508
 40
0.9999999999999999
 40
0.9999999999999999
 40
0.9999999999999999
 40
0.9999999999999999
 10
53.50129359470436
 20
-17.00164127575026
 30
0.0
 10
53.38045794601172
 20
-17.07173326228932
 30
0.0
 10
53.13198872209031
 20
-17.21586044401861
 30
0.0
 10
52.8834581958028
 20
-17.35987029645229
 30
0.0
 10
52.755793130798224
 20
-17.433845221975147
 30
0.0
  0
SPLINE
  5
87
330
2F
100
AcDbEntity
  8
0
  6
Continuous
 62
7
370
25
100
AcDbSpline
 70
8
 71
3
 72
9
 73
5
 74
0
 42
1e-08
 43
1e-08
 40
0.0
 40
0.0
 40
0.0
 40
0.0
 40
0.4863354825123029
 40
1.0
 40
1.0
 40
1.0
 40
1.0
 10
53.501293634892384
 20
-18.41275234740374
 30
0.0
 10
53.38045351720488
 20
-18.482846786902527
 30
0.0
 10
53.13198281738408
 20
-18.62697453825783
 30
0.0
 10
52.88345371318718
 20
-18.77098385624736
 30
0.0
 10
52.755793130798224
 20
-18.844956333086177
 30
0.0
  0
SPLINE
  5
88
330
2F
100
AcDbEntity
  8
0
  6
Continuous
 62
7
370
25
100
AcDbSpline
 70
8
 71
3
 72
9
 73
5
 74
0
 42
1e-08
 43
1e-08
 40
0.0
 40
0.0
 40
0.0
 40
0.0
 40
0.4863505758389919
 40
1.0
 40
1.0
 40
1.0
 40
1.0
 10
53.50129367557817
 20
-19.82386341889835
 30
0.0
 10
53.38044909024066
 20
-19.89396031168515
 30
0.0
 10
53.131976915351075
 20
-20.03808863448158
 30
0.0
 10
52.88344923215828
 20
-20.18209741632786
 30
0.0
 10
52.755793130798224
 20
-20.256067444197317
 30
0.0
  0
SPLINE
  5
89
330
2F
100
AcDbEntity
  8
0
  6
Continuous
 62
7
370
25
100
AcDbSpline
 70
8
 71
3
 72
9
 73
5
 74
0
 42
1e-08
 43
1e-08
 40
0.0
 40
0.0
 40
0.0
 40
0.0
 40
0.4863656651914849
 40
1.0
 40
1.0
 40
1.0
 40
1.0
 10
53.501293716761815
 20
-21.23497449023386
 30
0.0
 10
53.38044466511822
 20
-21.30507383663753
 30
0.0
 10
53.13197101598426
 20
-21.449202732693838
 30
0.0
 10
52.883444752714986
 20
-21.593210976694238
 30
0.0
 10
52.755793130798224
 20
-21.667178555308457
 30
0.0
  0
SPLINE
  5
8A
330
2F
100
AcDbEntity
  8
0
  6
Continuous
 62
7
370
25
100
AcDbSpline
 70
8
 71
3
 72
9
 73
5
 74
0
 42
1e-08
 43
1e-08
 40
0.0
 40
0.0
 40
0.0
 40
0.0
 40
0.4863807505617866
 40
1.0
 40
1.0
 40
1.0
 40
1.0
 10
53.50129375844345
 20
-22.646085561410278
 30
0.0
 10
53.38044024183675
 20
-22.71618736176055
 30
0.0
 10
53.13196511927666
 20
-22.86031683289862
 30
0.0
 10
52.883440274856206
 20
-23.00432453734728
 30
0.0
 10
52.755793130798224
 20
-23.0782896664196
 30
0.0
  0
SPLINE
  5
8B
330
2F
100
AcDbEntity
  8
0
  6
Continuous
 62
7
370
25
100
AcDbSpline
 70
8
 71
3
 72
9
 73
5
 74
0
 42
1e-08
 43
1e-08
 40
0.0
 40
0.0
 40
0.0
 40
0.0
 40
0.486395831941888
 40
1.0
 40
1.0
 40
1.0
 40
1.0
 10
53.5012938006232
 20
-24.057196632427488
 30
0.0
 10
53.3804358203954
 20
-24.12730088705444
 30
0.0
 10
53.13195922522128
 20
-24.27143093510014
 30
0.0
 10
52.883435798580834
 20
-24.415438098287428
 30
0.0
 10
52.755793130798224
 20
-24.48940077753063
 30
0.0
  0
SPLINE
  5
8C
330
2F
100
AcDbEntity
  8
0
  6
Continuous
 62
7
370
25
100
AcDbSpline
 70
8
 71
3
 72
9
 73
5
 74
0
 42
1e-08
 43
1e-08
 40
0.0
 40
0.0
 40
0.0
 40
0.0
 40
0.4864109093237439
 40
1.0
 40
1.0
 40
1.0
 40
1.0
 10
53.501293843301205
 20
-25.46830770328538
 30
0.0
 10
53.380431400793356
 20
-25.53841441251996
 30
0.0
 10
53.1319533338111
 20
-25.68254503930216
 30
0.0
 10
52.88343132388778
 20
-25.82655165951524
 30
0.0
 10
52.755793130798224
 20
-25.90051188864177
 30
0.0
  0
SPLINE
  5
8D
330
2F
100
AcDbEntity
  8
0
  6
Continuous
 62
7
370
25
100
AcDbSpline
 70
8
 71
3
 72
9
 73
5
 74
0
 42
1e-08
 43
1e-08
 40
0.0
 40
0.0
 40
0.0
 40
0.0
 40
0.4864259826994151
 40
1.0
 40
1.0
 40
1.0
 40
1.0
 10
53.50129388647755
 20
-26.879418773983968
 30
0.0
 10
53.38042698302976
 20
-26.94952793815746
 30
0.0
 10
53.131947445039124
 20
-27.09365914550892
 30
0.0
 10
52.88342685077592
 20
-27.237665221031147
 30
0.0
 10
52.755793130798224
 20
-27.31162299975291
 30
0.0
  0
SPLINE
  5
8E
330
2F
100
AcDbEntity
  8
0
  6
Continuous
 62
7
370
25
100
AcDbSpline
 70
8
 71
3
 72
9
 73
5
 74
0
 42
1e-08
 43
1e-08
 40
0.0
 40
0.0
 40
0.0
 40
0.0
 40
0.4864410520608511
 40
1.0
 40
1.0
 40
1.0
 40
1.0
 10
53.50129393015234
 20
-28.290529844523
 30
0.0
 10
53.380422567103786
 20
-28.3606414639677
 30
0.0
 10
53.13194155889842
 20
-28.504773253724288
 30
0.0
 10
52.88342237924415
 20
-28.64877878283593
 30
0.0
 10
52.755793130798224
 20
-28.72273411086394
 30
0.0
  0
SPLINE
  5
8F
330
2F
100
AcDbEntity
  8
0
  6
Continuous
 62
7
370
25
100
AcDbSpline
 70
8
 71
3
 72
9
 73
5
 74
0
 42
1e-08
 43
1e-08
 40
0.0
 40
0.0
 40
0.0
 40
0.0
 40
0.4864561174001421
 40
1.0
 40
1.0
 40
1.0
 40
1.0
 10
53.501293974325726
 20
-29.701640914902608
 30
0.0
 10
53.380418153014574
 20
-29.771754989950928
 30
0.0
 10
53.131935675381925
 20
-29.91588736395239
 30
0.0
 10
52.883417909291396
 20
-30.05989234493016
 30
0.0
 10
52.755793130798224
 20
-30.13384522197508
 30
0.0
  0
SPLINE
  5
90
330
2F
100
AcDbEntity
  8
0
  6
Continuous
 62
7
370
25
100
AcDbSpline
 70
8
 71
3
 72
9
 73
5
 74
0
 42
1e-08
 43
1e-08
 40
0.0
 40
0.0
 40
0.0
 40
0.0
 40
0.4864711787092309
 40
1.0
 40
1.0
 40
1.0
 40
1.0
 10
53.50129401899784
 20
-31.11275198512247
 30
0.0
 10
53.38041374076135
 20
-31.18286851610801
 30
0.0
 10
53.131929794482716
 20
-31.32700147619731
 30
0.0
 10
52.88341344091654
 20
-31.471005907314147
 30
0.0
 10
52.755793130798224
 20
-31.54495633308623
 30
0.0
  0
SPLINE
  5
91
330
2F
100
AcDbEntity
  8
0
  6
Continuous
 62
7
370
25
100
AcDbSpline
 70
8
 71
3
 72
9
 73
5
 74
0
 42
1e-08
 43
1e-08
 40
0.0
 40
0.0
 40
0.0
 40
0.0
 40
0.4864862359801659
 40
0.9999999999999999
 40
0.9999999999999999
 40
0.9999999999999999
 40
0.9999999999999999
 10
53.50129406416877
 20
-32.52386305518267
 30
0.0
 10
53.380409330343234
 20
-32.59398204243917
 30
0.0
 10
53.1319239161938
 20
-32.73811559046285
 30
0.0
 10
52.88340897411849
 20
-32.88211946998858
 30
0.0
 10
52.755793130798224
 20
-32.95606744419737
 30
0.0
  0
SPLINE
  5
92
330
2F
100
AcDbEntity
  8
0
  6
Continuous
 62
7
370
25
100
AcDbSpline
 70
8
 71
3
 72
9
 73
5
 74
0
 42
1e-08
 43
1e-08
 40
0.0
 40
0.0
 40
0.0
 40
0.0
 40
0.4865012892049824
 40
1.0
 40
1.0
 40
1.0
 40
1.0
 10
53.501294109838625
 20
-33.9349741250831
 30
0.0
 10
53.38040492175939
 20
-34.0050955689452
 30
0.0
 10
53.1319180405082
 20
-34.14922970675331
 30
0.0
 10
52.883404508896135
 20
-34.293233032954106
 30
0.0
 10
52.755793130798224
 20
-34.367178555308385
 30
0.0
  0
SPLINE
  5
93
330
2F
100
AcDbEntity
  8
0
  6
Continuous
 62
7
370
25
100
AcDbSpline
 70
8
 71
3
 72
9
 73
5
 74
0
 42
1e-08
 43
1e-08
 40
0.0
 40
0.0
 40
0.0
 40
0.0
 40
0.499916113151422
 40
1.0
 40
1.0
 40
1.0
 40
1.0
 10
62.0255400013886
 20
-3.975606706882505
 30
0.0
 10
61.903295791834154
 20
-3.9019029172789197
 30
0.0
 10
61.65876634711625
 20
-3.754470602807246
 30
0.0
 10
61.41406893891612
 20
-3.606943513943127
 30
0.0
 10
61.29169970792162
 20
-3.533167593928564
 30
0.0
  0
SPLINE
  5
94
330
2F
100
AcDbEntity
  8
0
  6
Continuous
 62
7
370
25
100
AcDbSpline
 70
8
 71
3
 72
9
 73
5
 74
0
 42
1e-08
 43
1e-08
 40
0.0
 40
0.0
 40
0.0
 40
0.0
 40
0.4999073022945195
 40
1.0
 40
1.0
 40
1.0
 40
1.0
 10
62.0255400013886
 20
-5.386717817993646
 30
0.0
 10
61.90331592080112
 20
-5.313016907510336
 30
0.0
 10
61.658822431655274
 20
-5.165587753855271
 30
0.0
 10
61.414089073313356
 20
-5.018057505121897
 30
0.0
 10
61.29169970792162
 20
-4.9442787050397055
 30
0.0
  0
SPLINE
  5
95
330
2F
100
AcDbEntity
  8
0
  6
Continuous
 62
7
370
25
100
AcDbSpline
 70
8
 71
3
 72
9
 73
5
 74
0
 42
1e-08
 43
1e-08
 40
0.0
 40
0.0
 40
0.0
 40
0.0
 40
0.4998984955140448
 40
1.0
 40
1.0
 40
1.0
 40
1.0
 10
62.0255400013886
 20
-6.797828929104787
 30
0.0
 10
61.90333604790633
 20
-6.724130898023638
 30
0.0
 10
61.658878513869126
 20
-6.576704907062457
 30
0.0
 10
61.41410920669259
 20
-6.429171496656604
 30
0.0
 10
61.29169970792162
 20
-6.355389816150735
 30
0.0
  0
SPLINE
  5
96
330
2F
100
AcDbEntity
  8
0
  6
Continuous
 62
7
370
25
100
AcDbSpline
 70
8
 71
3
 72
9
 73
5
 74
0
 42
1e-08
 43
1e-08
 40
0.0
 40
0.0
 40
0.0
 40
0.0
 40
0.499889692814984
 40
0.9999999999999999
 40
0.9999999999999999
 40
0.9999999999999999
 40
0.9999999999999999
 10
62.02554000138859
 20
-8.208940040215927
 30
0.0
 10
61.90335617315064
 20
-8.135244888819047
 30
0.0
 10
61.65893459376198
 20
-7.987822062431359
 30
0.0
 10
61.414129339054085
 20
-7.840285488547803
 30
0.0
 10
61.29169970792162
 20
-7.766500927261877
 30
0.0
  0
SPLINE
  5
97
330
2F
100
AcDbEntity
  8
0
  6
Continuous
 62
7
370
25
100
AcDbSpline
 70
8
 71
3
 72
9
 73
5
 74
0
 42
1e-08
 43
1e-08
 40
0.0
 40
0.0
 40
0.0
 40
0.0
 40
0.4998808942022712
 40
1.0
 40
1.0
 40
1.0
 40
1.0
 10
62.02554000138859
 20
-9.620051151326956
 30
0.0
 10
61.90337629653497
 20
-9.546358879897008
 30
0.0
 10
61.658990671338046
 20
-9.39893921996464
 30
0.0
 10
61.41414947039813
 20
-9.251399480795717
 30
0.0
 10
61.29169970792162
 20
-9.177612038373017
 30
0.0
  0
SPLINE
  5
98
330
2F
100
AcDbEntity
  8
0
  6
Continuous
 62
7
370
25
100
AcDbSpline
 70
8
 71
3
 72
9
 73
5
 74
0
 42
1e-08
 43
1e-08
 40
0.0
 40
0.0
 40
0.0
 40
0.0
 40
0.499872099680914
 40
0.9999999999999999
 40
0.9999999999999999
 40
0.9999999999999999
 40
0.9999999999999999
 10
62.02554000138859
 20
-11.031162262438098
 30
0.0
 10
61.90339641806022
 20
-10.957472871257854
 30
0.0
 10
61.65904674660157
 20
-10.810056379664855
 30
0.0
 10
61.414169600725
 20
-10.662513473400901
 30
0.0
 10
61.29169970792162
 20
-10.588723149484158
 30
0.0
  0
SPLINE
  5
99
330
2F
100
AcDbEntity
  8
0
  6
Continuous
 62
7
370
25
100
AcDbSpline
 70
8
 71
3
 72
9
 73
5
 74
0
 42
1e-08
 43
1e-08
 40
0.0
 40
0.0
 40
0.0
 40
0.0
 40
0.4998633092558491
 40
0.9999999999999999
 40
0.9999999999999999
 40
0.9999999999999999
 40
0.9999999999999999
 10
62.02554000138859
 20
-12.44227337354924
 30
0.0
 10
61.90341653772727
 20
-12.368586862902031
 30
0.0
 10
61.659102819556736
 20
-12.22117354153445
 30
0.0
 10
61.41418973003496
 20
-12.07362746636347
 30
0.0
 10
61.29169970792162
 20
-11.99983426059519
 30
0.0
  0
SPLINE
  5
9A
330
2F
100
AcDbEntity
  8
0
  6
Continuous
 62
7
370
25
100
AcDbSpline
 70
8
 71
3
 72
9
 73
5
 74
0
 42
1e-08
 43
1e-08
 40
0.0
 40
0.0
 40
0.0
 40
0.0
 40
0.4998545229319784
 40
0.9999999999999999
 40
0.9999999999999999
 40
0.9999999999999999
 40
0.9999999999999999
 10
62.02554000138859
 20
-13.85338448466038
 30
0.0
 10
61.90343665553704
 20
-13.77970085482976
 30
0.0
 10
61.65915889020776
 20
-13.63229070557597
 30
0.0
 10
61.41420985832831
 20
-13.48474145968397
 30
0.0
 10
61.29169970792162
 20
-13.41094537170633
 30
0.0
  0
SPLINE
  5
9B
330
2F
100
AcDbEntity
  8
0
  6
Continuous
 62
7
370
25
100
AcDbSpline
 70
8
 71
3
 72
9
 73
5
 74
0
 42
1e-08
 43
1e-08
 40
0.0
 40
0.0
 40
0.0
 40
0.0
 40
0.4998457407143013
 40
1.0
 40
1.0
 40
1.0
 40
1.0
 10
62.02554000138859
 20
-15.264495595771411
 30
0.0
 10
61.90345677149039
 20
-15.19081484704148
 30
0.0
 10
61.65921495855878
 20
-15.04340787179197
 30
0.0
 10
61.414229985605296
 20
-14.89585545336274
 30
0.0
 10
61.29169970792162
 20
-14.822056482817471
 30
0.0
  0
SPLINE
  5
9C
330
2F
100
AcDbEntity
  8
0
  6
Continuous
 62
7
370
25
100
AcDbSpline
 70
8
 71
3
 72
9
 73
5
 74
0
 42
1e-08
 43
1e-08
 40
0.0
 40
0.0
 40
0.0
 40
0.0
 40
0.4998369626076642
 40
1.0
 40
1.0
 40
1.0
 40
1.0
 10
62.02554000138859
 20
-16.67560670688255
 30
0.0
 10
61.903476885588276
 20
-16.60192883953742
 30
0.0
 10
61.6592710246141
 20
-16.454525040185118
 30
0.0
 10
61.41425011186624
 20
-16.30696944740011
 30
0.0
 10
61.29169970792162
 20
-16.23316759392861
 30
0.0
  0
SPLINE
  5
9D
330
2F
100
AcDbEntity
  8
0
  6
Continuous
 62
7
370
25
100
AcDbSpline
 70
8
 71
3
 72
9
 73
5
 74
0
 42
1e-08
 43
1e-08
 40
0.0
 40
0.0
 40
0.0
 40
0.0
 40
0.4998281886170443
 40
1.0
 40
1.0
 40
1.0
 40
1.0
 10
62.0255400013886
 20
-18.086717817993687
 30
0.0
 10
61.90349699783153
 20
-18.013042832318128
 30
0.0
 10
61.65932708837777
 20
-17.86564221075775
 30
0.0
 10
61.41427023711135
 20
-17.71808344179653
 30
0.0
 10
61.29169970792162
 20
-17.64427870503964
 30
0.0
  0
SPLINE
  5
9E
330
2F
100
AcDbEntity
  8
0
  6
Continuous
 62
7
370
25
100
AcDbSpline
 70
8
 71
3
 72
9
 73
5
 74
0
 42
1e-08
 43
1e-08
 40
0.0
 40
0.0
 40
0.0
 40
0.0
 40
0.4998194187473891
 40
1.0
 40
1.0
 40
1.0
 40
1.0
 10
62.0255400013886
 20
-19.497828929104827
 30
0.0
 10
61.90351710822109
 20
-19.42415682538383
 30
0.0
 10
61.659383149854044
 20
-19.27675938351263
 30
0.0
 10
61.41429036134094
 20
-19.129197436552207
 30
0.0
 10
61.29169970792163
 20
-19.05538981615078
 30
0.0
  0
SPLINE
  5
9F
330
2F
100
AcDbEntity
  8
0
  6
Continuous
 62
7
370
25
100
AcDbSpline
 70
8
 71
3
 72
9
 73
5
 74
0
 42
1e-08
 43
1e-08
 40
0.0
 40
0.0
 40
0.0
 40
0.0
 40
0.4998106530035665
 40
1.0
 40
1.0
 40
1.0
 40
1.0
 10
62.0255400013886
 20
-20.90894004021586
 30
0.0
 10
61.903537216757826
 20
-20.83527081873486
 30
0.0
 10
61.659439209047086
 20
-20.68787655845199
 30
0.0
 10
61.414310484555266
 20
-20.540311431667607
 30
0.0
 10
61.29169970792163
 20
-20.46650092726192
 30
0.0
  0
SPLINE
  5
A0
330
2F
100
AcDbEntity
  8
0
  6
Continuous
 62
7
370
25
100
AcDbSpline
 70
8
 71
3
 72
9
 73
5
 74
0
 42
1e-08
 43
1e-08
 40
0.0
 40
0.0
 40
0.0
 40
0.0
 40
0.4998018913905551
 40
0.9999999999999999
 40
0.9999999999999999
 40
0.9999999999999999
 40
0.9999999999999999
 10
62.0255400013886
 20
-22.320051151327
 30
0.0
 10
61.903557323442634
 20
-22.24638481237167
 30
0.0
 10
61.65949526596104
 20
-22.0989937355786
 30
0.0
 10
61.41433060675458
 20
-21.951425427143167
 30
0.0
 10
61.29169970792163
 20
-21.87761203837295
 30
0.0
  0
SPLINE
  5
A1
330
2F
100
AcDbEntity
  8
0
  6
Continuous
 62
7
370
25
100
AcDbSpline
 70
8
 71
3
 72
9
 73
5
 74
0
 42
1e-08
 43
1e-08
 40
0.0
 40
0.0
 40
0.0
 40
0.0
 40
0.4997931339131899
 40
1.0
 40
1.0
 40
1.0
 40
1.0
 10
62.02554000138859
 20
-23.73116226243814
 30
0.0
 10
61.903577428276435
 20
-23.65749880629457
 30
0.0
 10
61.65955132060018
 20
-23.5101109148949
 30
0.0
 10
61.4143507279392
 20
-23.362539422979097
 30
0.0
 10
61.29169970792162
 20
-23.28872314948409
 30
0.0
  0
SPLINE
  5
A2
330
2F
100
AcDbEntity
  8
0
  6
Continuous
 62
7
370
25
100
AcDbSpline
 70
8
 71
3
 72
9
 73
5
 74
0
 42
1e-08
 43
1e-08
 40
0.0
 40
0.0
 40
0.0
 40
0.0
 40
0.4997843805764995
 40
0.9999999999999999
 40
0.9999999999999999
 40
0.9999999999999999
 40
0.9999999999999999
 10
62.02554000138859
 20
-25.14227337354917
 30
0.0
 10
61.9035975312601
 20
-25.068612800503917
 30
0.0
 10
61.65960737296856
 20
-24.92122809640356
 30
0.0
 10
61.41437084810934
 20
-24.773653419175858
 30
0.0
 10
61.29169970792162
 20
-24.699834260595228
 30
0.0
  0
SPLINE
  5
A3
330
2F
100
AcDbEntity
  8
0
  6
Continuous
 62
7
370
25
100
AcDbSpline
 70
8
 71
3
 72
9
 73
5
 74
0
 42
1e-08
 43
1e-08
 40
0.0
 40
0.0
 40
0.0
 40
0.0
 40
0.4997756313852209
 40
1.0
 40
1.0
 40
1.0
 40
1.0
 10
62.02554000138859
 20
-26.55338448466031
 30
0.0
 10
61.90361763239453
 20
-26.47972679500003
 30
0.0
 10
61.65966342307036
 20
-26.33234528010679
 30
0.0
 10
61.4143909672653
 20
-26.18476741573388
 30
0.0
 10
61.29169970792162
 20
-26.110945371706368
 30
0.0
  0
SPLINE
  5
A4
330
2F
100
AcDbEntity
  8
0
  6
Continuous
 62
7
370
25
100
AcDbSpline
 70
8
 71
3
 72
9
 73
5
 74
0
 42
1e-08
 43
1e-08
 40
0.0
 40
0.0
 40
0.0
 40
0.0
 40
0.4997668863443878
 40
1.0
 40
1.0
 40
1.0
 40
1.0
 10
62.02554000138859
 20
-27.96449559577145
 30
0.0
 10
61.90363773168064
 20
-27.890840789783258
 30
0.0
 10
61.659719470909835
 20
-27.74346246600738
 30
0.0
 10
61.41441108540736
 20
-27.595881412653277
 30
0.0
 10
61.29169970792162
 20
-27.522056482817398
 30
0.0
  0
SPLINE
  5
A5
330
2F
100
AcDbEntity
  8
0
  6
Continuous
 62
7
370
25
100
AcDbSpline
 70
8
 71
3
 72
9
 73
5
 74
0
 42
1e-08
 43
1e-08
 40
0.0
 40
0.0
 40
0.0
 40
0.0
 40
0.4997581454588112
 40
0.9999999999999999
 40
0.9999999999999999
 40
0.9999999999999999
 40
0.9999999999999999
 10
62.02554000138859
 20
-29.37560670688259
 30
0.0
 10
61.90365782911929
 20
-29.30195478485402
 30
0.0
 10
61.65977551649102
 20
-29.154579654107767
 30
0.0
 10
61.414431202535745
 20
-29.006995409934717
 30
0.0
 10
61.29169970792162
 20
-28.933167593928538
 30
0.0
  0
SPLINE
  5
A6
330
2F
100
AcDbEntity
  8
0
  6
Continuous
 62
7
370
25
100
AcDbSpline
 70
8
 71
3
 72
9
 73
5
 74
0
 42
1e-08
 43
1e-08
 40
0.0
 40
0.0
 40
0.0
 40
0.0
 40
0.4997494087333451
 40
1.0
 40
1.0
 40
1.0
 40
1.0
 10
62.02554000138859
 20
-30.78671781799362
 30
0.0
 10
61.9036779247114
 20
-30.71306878021267
 30
0.0
 10
61.659831559818116
 20
-30.56569684441039
 30
0.0
 10
61.414451318650755
 20
-30.418109407578427
 30
0.0
 10
61.29169970792162
 20
-30.344278705039677
 30
0.0
  0
SPLINE
  5
A7
330
2F
100
AcDbEntity
  8
0
  6
Continuous
 62
7
370
25
100
AcDbSpline
 70
8
 71
3
 72
9
 73
5
 74
0
 42
1e-08
 43
1e-08
 40
0.0
 40
0.0
 40
0.0
 40
0.0
 40
0.4997406761729926
 40
1.0
 40
1.0
 40
1.0
 40
1.0
 10
62.02554000138859
 20
-32.19782892910476
 30
0.0
 10
61.90369801845784
 20
-32.12418277585942
 30
0.0
 10
61.65988760089523
 20
-31.97681403691792
 30
0.0
 10
61.41447143375261
 20
-31.829223405584738
 30
0.0
 10
61.29169970792162
 20
-31.755389816150828
 30
0.0
  0
SPLINE
  5
A8
330
2F
100
AcDbEntity
  8
0
  6
Continuous
 62
7
370
25
100
AcDbSpline
 70
8
 71
3
 72
9
 73
5
 74
0
 42
1e-08
 43
1e-08
 40
0.0
 40
0.0
 40
0.0
 40
0.0
 40
0.4997319477825791
 40
1.0
 40
1.0
 40
1.0
 40
1.0
 10
62.02554000138859
 20
-33.608940040215906
 30
0.0
 10
61.903718110359506
 20
-33.53529677179472
 30
0.0
 10
61.659943639726535
 20
-33.38793123163279
 30
0.0
 10
61.41449154784159
 20
-33.24033740395398
 30
0.0
 10
61.29169970792162
 20
-33.16650092726185
 30
0.0
  0
SPLINE
  5
A9
330
2F
100
AcDbEntity
  8
0
  6
Continuous
 62
7
370
25
100
AcDbSpline
 70
8
 71
3
 72
9
 73
5
 74
0
 42
1e-08
 43
1e-08
 40
0.0
 40
0.0
 40
0.0
 40
0.0
 40
0.4997232235669857
 40
1.0
 40
1.0
 40
1.0
 40
1.0
 10
62.02554000138859
 20
-35.020051151327046
 30
0.0
 10
61.90373820041734
 20
-34.946410768018886
 30
0.0
 10
61.65999967631624
 20
-34.799048428557455
 30
0.0
 10
61.41451166091799
 20
-34.651451402686696
 30
0.0
 10
61.29169970792162
 20
-34.57761203837299
 30
0.0
  0
SPLINE
  5
AA
330
2F
100
AcDbEntity
  8
0
  6
Continuous
 62
7
370
25
100
AcDbSpline
 70
8
 71
3
 72
9
 73
5
 74
0
 42
1e-08
 43
1e-08
 40
0.0
 40
0.0
 40
0.0
 40
0.0
 40
0.5000221595862555
 40
1.0
 40
1.0
 40
1.0
 40
1.0
 10
62.02554000138859
 20
12.957726626450789
 30
0.0
 10
61.903054098684564
 20
13.031464943645549
 30
0.0
 10
61.65809314974306
 20
13.1789350422823
 30
0.0
 10
61.4138272466412
 20
13.326424352565379
 30
0.0
 10
61.291699707921616
 20
13.40016573940479
 30
0.0
  0
SPLINE
  5
AB
330
2F
100
AcDbEntity
  8
0
  6
Continuous
 62
7
370
25
100
AcDbSpline
 70
8
 71
3
 72
9
 73
5
 74
0
 42
1e-08
 43
1e-08
 40
0.0
 40
0.0
 40
0.0
 40
0.0
 40
0.4859872576150843
 40
1.0
 40
1.0
 40
1.0
 40
1.0
 10
53.50129283626042
 20
14.04280234067863
 30
0.0
 10
53.380555847646015
 20
13.97276423744144
 30
0.0
 10
53.132119316188586
 20
13.82864913536881
 30
0.0
 10
52.8835572170364
 20
13.68462794796717
 30
0.0
 10
52.75579313079822
 20
13.61059922246939
 30
0.0
  0
SPLINE
  5
AC
330
2F
100
AcDbEntity
  8
0
  6
Continuous
 62
7
370
25
100
AcDbSpline
 70
8
 71
3
 72
9
 73
5
 74
0
 42
1e-08
 43
1e-08
 40
0.0
 40
0.0
 40
0.0
 40
0.0
 40
0.4999600226876755
 40
1.0
 40
1.0
 40
1.0
 40
1.0
 10
61.482469697526255
 20
11.93547486738384
 30
0.0
 10
61.48247524307154
 20
11.96487066500713
 30
0.0
 10
61.48248633504898
 20
12.02366696128972
 30
0.0
 10
61.48247524366276
 20
12.08246325759972
 30
0.0
 10
61.482469697526255
 20
12.111863756272669
 30
0.0
  0
SPLINE
  5
AD
330
2F
100
AcDbEntity
  8
0
  6
Continuous
 62
7
370
25
100
AcDbSpline
 70
8
 71
3
 72
9
 73
5
 74
0
 42
1e-08
 43
1e-08
 40
0.0
 40
0.0
 40
0.0
 40
0.0
 40
0.4995204204873779
 40
1.0
 40
1.0
 40
1.0
 40
1.0
 10
61.48246969752626
 20
-3.5867473548383697
 30
0.0
 10
61.48253607976755
 20
-3.557377416066697
 30
0.0
 10
61.48266897171464
 20
-3.498581143547884
 30
0.0
 10
61.48253616471673
 20
-3.439784823489321
 30
0.0
 10
61.48246969752626
 20
-3.410358465949547
 30
0.0
  0
SPLINE
  5
AE
330
2F
100
AcDbEntity
  8
0
  6
Continuous
 62
7
370
25
100
AcDbSpline
 70
8
 71
3
 72
9
 73
5
 74
0
 42
1e-08
 43
1e-08
 40
0.0
 40
0.0
 40
0.0
 40
0.0
 40
0.4994804822835264
 40
1.0
 40
1.0
 40
1.0
 40
1.0
 10
61.48246969752626
 20
-4.997858465949511
 30
0.0
 10
61.48254159545378
 20
-4.968490878618324
 30
0.0
 10
61.48268554087321
 20
-4.909694612552238
 30
0.0
 10
61.48254169512886
 20
-4.850898286046721
 30
0.0
 10
61.48246969752626
 20
-4.821469577060687
 30
0.0
  0
SPLINE
  5
AF
330
2F
100
AcDbEntity
  8
0
  6
Continuous
 62
7
370
25
100
AcDbSpline
 70
8
 71
3
 72
9
 73
5
 74
0
 42
1e-08
 43
1e-08
 40
0.0
 40
0.0
 40
0.0
 40
0.0
 40
0.4994405503757262
 40
1.0
 40
1.0
 40
1.0
 40
1.0
 10
61.48246969752626
 20
-6.408969577060651
 30
0.0
 10
61.48254710865549
 20
-6.3796043413350425
 30
0.0
 10
61.4827021043385
 20
-6.320808082794381
 30
0.0
 10
61.48254722422875
 20
-6.2620117487706555
 30
0.0
 10
61.48246969752626
 20
-6.2325806881718275
 30
0.0
  0
SPLINE
  5
B0
330
2F
100
AcDbEntity
  8
0
  6
Continuous
 62
7
370
25
100
AcDbSpline
 70
8
 71
3
 72
9
 73
5
 74
0
 42
1e-08
 43
1e-08
 40
0.0
 40
0.0
 40
0.0
 40
0.0
 40
0.4994006252303044
 40
1.0
 40
1.0
 40
1.0
 40
1.0
 10
61.48246969752626
 20
-7.820080688171792
 30
0.0
 10
61.482552619373294
 20
-7.790717804230395
 30
0.0
 10
61.48271866211101
 20
-7.731921554370235
 30
0.0
 10
61.48255275201606
 20
-7.67312521167489
 30
0.0
 10
61.48246969752626
 20
-7.643691799282857
 30
0.0
  0
SPLINE
  5
B1
330
2F
100
AcDbEntity
  8
0
  6
Continuous
 62
7
370
25
100
AcDbSpline
 70
8
 71
3
 72
9
 73
5
 74
0
 42
1e-08
 43
1e-08
 40
0.0
 40
0.0
 40
0.0
 40
0.0
 40
0.4993607073135157
 40
0.9999999999999999
 40
0.9999999999999999
 40
0.9999999999999999
 40
0.9999999999999999
 10
61.48246969752626
 20
-9.231191799282822
 30
0.0
 10
61.48255812760787
 20
-9.201831267318038
 30
0.0
 10
61.48273521419139
 20
-9.143035027375833
 30
0.0
 10
61.48255827849044
 20
-9.084238674773413
 30
0.0
 10
61.48246969752626
 20
-9.054802910393999
 30
0.0
  0
SPLINE
  5
B2
330
2F
100
AcDbEntity
  8
0
  6
Continuous
 62
7
370
25
100
AcDbSpline
 70
8
 71
3
 72
9
 73
5
 74
0
 42
1e-08
 43
1e-08
 40
0.0
 40
0.0
 40
0.0
 40
0.0
 40
0.49932079709107
 40
1.0
 40
1.0
 40
1.0
 40
1.0
 10
61.48246969752626
 20
-10.642302910393964
 30
0.0
 10
61.482563633359845
 20
-10.612944730611405
 30
0.0
 10
61.482751760580136
 20
-10.554148501906988
 30
0.0
 10
61.48256380365148
 20
-10.495352138079992
 30
0.0
 10
61.48246969752626
 20
-10.46591402150514
 30
0.0
  0
SPLINE
  5
B3
330
2F
100
AcDbEntity
  8
0
  6
Continuous
 62
7
370
25
100
AcDbSpline
 70
8
 71
3
 72
9
 73
5
 74
0
 42
1e-08
 43
1e-08
 40
0.0
 40
0.0
 40
0.0
 40
0.0
 40
0.4992808950283392
 40
1.0
 40
1.0
 40
1.0
 40
1.0
 10
61.48246969752626
 20
-12.0534140215051
 30
0.0
 10
61.48256913662991
 20
-12.02405819412404
 30
0.0
 10
61.4827683012778
 20
-11.96526197805929
 30
0.0
 10
61.4825693274988
 20
-11.90646560160839
 30
0.0
 10
61.48246969752626
 20
-11.87702513261628
 30
0.0
  0
SPLINE
  5
B4
330
2F
100
AcDbEntity
  8
0
  6
Continuous
 62
7
370
25
100
AcDbSpline
 70
8
 71
3
 72
9
 73
5
 74
0
 42
1e-08
 43
1e-08
 40
0.0
 40
0.0
 40
0.0
 40
0.0
 40
0.499241001590536
 40
1.0
 40
1.0
 40
1.0
 40
1.0
 10
61.48246969752626
 20
-13.46452513261624
 30
0.0
 10
61.482574637418764
 20
-13.435171657869601
 30
0.0
 10
61.482784836285
 20
-13.37637545592878
 30
0.0
 10
61.482574850031995
 20
-13.31757906537239
 30
0.0
 10
61.48246969752626
 20
-13.28813624372731
 30
0.0
  0
SPLINE
  5
B5
330
2F
100
AcDbEntity
  8
0
  6
Continuous
 62
7
370
25
100
AcDbSpline
 70
8
 71
3
 72
9
 73
5
 74
0
 42
1e-08
 43
1e-08
 40
0.0
 40
0.0
 40
0.0
 40
0.0
 40
0.4992011172428525
 40
1.0
 40
1.0
 40
1.0
 40
1.0
 10
61.48246969752626
 20
-14.87563624372727
 30
0.0
 10
61.482580135727105
 20
-14.84628512186141
 30
0.0
 10
61.482801365602256
 20
-14.78748893561081
 30
0.0
 10
61.48258037125064
 20
-14.72869252938595
 30
0.0
 10
61.48246969752626
 20
-14.69924735483845
 30
0.0
  0
SPLINE
  5
B6
330
2F
100
AcDbEntity
  8
0
  6
Continuous
 62
7
370
25
100
AcDbSpline
 70
8
 71
3
 72
9
 73
5
 74
0
 42
1e-08
 43
1e-08
 40
0.0
 40
0.0
 40
0.0
 40
0.0
 40
0.4991612424494203
 40
1.0
 40
1.0
 40
1.0
 40
1.0
 10
61.48246969752626
 20
-16.28674735483841
 30
0.0
 10
61.48258563155562
 20
-16.25739858611312
 30
0.0
 10
61.482817889230084
 20
-16.198602417201098
 30
0.0
 10
61.482585891154294
 20
-16.13980599366287
 30
0.0
 10
61.48246969752626
 20
-16.110358465949588
 30
0.0
  0
SPLINE
  5
B7
330
2F
100
AcDbEntity
  8
0
  6
Continuous
 62
7
370
25
100
AcDbSpline
 70
8
 71
3
 72
9
 73
5
 74
0
 42
1e-08
 43
1e-08
 40
0.0
 40
0.0
 40
0.0
 40
0.0
 40
0.499121377674394
 40
1.0
 40
1.0
 40
1.0
 40
1.0
 10
61.48246969752627
 20
-17.697858465949558
 30
0.0
 10
61.482591124905085
 20
-17.668512050638057
 30
0.0
 10
61.48283440716916
 20
-17.60971590079523
 30
0.0
 10
61.48259140974254
 20
-17.55091945821689
 30
0.0
 10
61.48246969752626
 20
-17.521469577060618
 30
0.0
  0
SPLINE
  5
B8
330
2F
100
AcDbEntity
  8
0
  6
Continuous
 62
7
370
25
100
AcDbSpline
 70
8
 71
3
 72
9
 73
5
 74
0
 42
1e-08
 43
1e-08
 40
0.0
 40
0.0
 40
0.0
 40
0.0
 40
0.4990815233817361
 40
1.0
 40
1.0
 40
1.0
 40
1.0
 10
61.48246969752627
 20
-19.108969577060698
 30
0.0
 10
61.48259661577621
 20
-19.07962551544966
 30
0.0
 10
61.48285091941998
 20
-19.020829386488458
 30
0.0
 10
61.482596927014896
 20
-18.96203292306191
 30
0.0
 10
61.48246969752627
 20
-18.932580688171758
 30
0.0
  0
SPLINE
  5
B9
330
2F
100
AcDbEntity
  8
0
  6
Continuous
 62
7
370
25
100
AcDbSpline
 70
8
 71
3
 72
9
 73
5
 74
0
 42
1e-08
 43
1e-08
 40
0.0
 40
0.0
 40
0.0
 40
0.0
 40
0.4990416800346091
 40
1.0
 40
1.0
 40
1.0
 40
1.0
 10
61.48246969752627
 20
-20.520080688171728
 30
0.0
 10
61.48260210416974
 20
-20.49073898056146
 30
0.0
 10
61.48286742598307
 20
-20.431942874376148
 30
0.0
 10
61.48260244297088
 20
-20.37314638821168
 30
0.0
 10
61.48246969752627
 20
-20.343691799282897
 30
0.0
  0
SPLINE
  5
BA
330
2F
100
AcDbEntity
  8
0
  6
Continuous
 62
7
370
25
100
AcDbSpline
 70
8
 71
3
 72
9
 73
5
 74
0
 42
1e-08
 43
1e-08
 40
0.0
 40
0.0
 40
0.0
 40
0.0
 40
0.4990018480960667
 40
1.0
 40
1.0
 40
1.0
 40
1.0
 10
61.48246969752627
 20
-21.931191799282868
 30
0.0
 10
61.48260759008647
 20
-21.901852445986897
 30
0.0
 10
61.482883926859
 20
-21.84305636455357
 30
0.0
 10
61.48260795761
 20
-21.78425985368008
 30
0.0
 10
61.48246969752627
 20
-21.754802910394037
 30
0.0
  0
SPLINE
  5
BB
330
2F
100
AcDbEntity
  8
0
  6
Continuous
 62
7
370
25
100
AcDbSpline
 70
8
 71
3
 72
9
 73
5
 74
0
 42
1e-08
 43
1e-08
 40
0.0
 40
0.0
 40
0.0
 40
0.0
 40
0.4989620280284838
 40
1.0
 40
1.0
 40
1.0
 40
1.0
 10
61.48246969752626
 20
-23.342302910394007
 30
0.0
 10
61.48261307352715
 20
-23.312965911739187
 30
0.0
 10
61.48290042204833
 20
-23.25416985711597
 30
0.0
 10
61.48261347093177
 20
-23.19537331948078
 30
0.0
 10
61.48246969752626
 20
-23.165914021505177
 30
0.0
  0
SPLINE
  5
BC
330
2F
100
AcDbEntity
  8
0
  6
Continuous
 62
7
370
25
100
AcDbSpline
 70
8
 71
3
 72
9
 73
5
 74
0
 42
1e-08
 43
1e-08
 40
0.0
 40
0.0
 40
0.0
 40
0.0
 40
0.4989222202938943
 40
1.0
 40
1.0
 40
1.0
 40
1.0
 10
61.48246969752626
 20
-24.753414021505147
 30
0.0
 10
61.48261855449259
 20
-24.72407937783165
 30
0.0
 10
61.48291691155161
 20
-24.66528335215827
 30
0.0
 10
61.48261898293566
 20
-24.60648678562776
 30
0.0
 10
61.48246969752626
 20
-24.577025132616217
 30
0.0
  0
SPLINE
  5
BD
330
2F
100
AcDbEntity
  8
0
  6
Continuous
 62
7
370
25
100
AcDbSpline
 70
8
 71
3
 72
9
 73
5
 74
0
 42
1e-08
 43
1e-08
 40
0.0
 40
0.0
 40
0.0
 40
0.0
 40
0.4988824253538935
 40
1.0
 40
1.0
 40
1.0
 40
1.0
 10
61.48246969752626
 20
-26.164525132616177
 30
0.0
 10
61.4826240329836
 20
-26.135192844277828
 30
0.0
 10
61.4829333953694
 20
-26.07639684977563
 30
0.0
 10
61.48262449362115
 20
-26.01760025213466
 30
0.0
 10
61.48246969752626
 20
-25.988136243727357
 30
0.0
  0
SPLINE
  5
BE
330
2F
100
AcDbEntity
  8
0
  6
Continuous
 62
7
370
25
100
AcDbSpline
 70
8
 71
3
 72
9
 73
5
 74
0
 42
1e-08
 43
1e-08
 40
0.0
 40
0.0
 40
0.0
 40
0.0
 40
0.4988426436692674
 40
1.0
 40
1.0
 40
1.0
 40
1.0
 10
61.48246969752626
 20
-27.575636243727317
 30
0.0
 10
61.48262950900099
 20
-27.546306311090937
 30
0.0
 10
61.48294987350221
 20
-27.48751035006274
 30
0.0
 10
61.48263000298769
 20
-27.428713719015267
 30
0.0
 10
61.48246969752626
 20
-27.399247354838497
 30
0.0
  0
SPLINE
  5
BF
330
2F
100
AcDbEntity
  8
0
  6
Continuous
 62
7
370
25
100
AcDbSpline
 70
8
 71
3
 72
9
 73
5
 74
0
 42
1e-08
 43
1e-08
 40
0.0
 40
0.0
 40
0.0
 40
0.0
 40
0.4988028757008392
 40
1.0
 40
1.0
 40
1.0
 40
1.0
 10
61.48246969752626
 20
-28.98674735483846
 30
0.0
 10
61.482634982545584
 20
-28.95741977828418
 30
0.0
 10
61.4829663459506
 20
-28.898623853114408
 30
0.0
 10
61.48263551103472
 20
-28.839827186283568
 30
0.0
 10
61.48246969752626
 20
-28.81035846594952
 30
0.0
  0
SPLINE
  5
C0
330
2F
100
AcDbEntity
  8
0
  6
Continuous
 62
7
370
25
100
AcDbSpline
 70
8
 71
3
 72
9
 73
5
 74
0
 42
1e-08
 43
1e-08
 40
0.0
 40
0.0
 40
0.0
 40
0.0
 40
0.4987631219085485
 40
1.0
 40
1.0
 40
1.0
 40
1.0
 10
61.48246969752626
 20
-30.3978584659496
 30
0.0
 10
61.48264045361825
 20
-30.36853324587101
 30
0.0
 10
61.48298281271517
 20
-30.309737359025238
 30
0.0
 10
61.48264101776169
 20
-30.25094065395311
 30
0.0
 10
61.48246969752626
 20
-30.22146957706066
 30
0.0
  0
SPLINE
  5
C1
330
2F
100
AcDbEntity
  8
0
  6
Continuous
 62
7
370
25
100
AcDbSpline
 70
8
 71
3
 72
9
 73
5
 74
0
 42
1e-08
 43
1e-08
 40
0.0
 40
0.0
 40
0.0
 40
0.0
 40
0.498723382751649
 40
1.0
 40
1.0
 40
1.0
 40
1.0
 10
61.48246969752626
 20
-31.80896957706063
 30
0.0
 10
61.48264592221983
 20
-31.77964671386451
 30
0.0
 10
61.4829992737964
 20
-31.72085086788994
 30
0.0
 10
61.482646523168
 20
-31.66205412203775
 30
0.0
 10
61.48246969752626
 20
-31.63258068817181
 30
0.0
  0
SPLINE
  5
C2
330
2F
100
AcDbEntity
  8
0
  6
Continuous
 62
7
370
25
100
AcDbSpline
 70
8
 71
3
 72
9
 73
5
 74
0
 42
1e-08
 43
1e-08
 40
0.0
 40
0.0
 40
0.0
 40
0.0
 40
0.4986836586891826
 40
0.9999999999999999
 40
0.9999999999999999
 40
0.9999999999999999
 40
0.9999999999999999
 10
61.48246969752626
 20
-33.22008068817177
 30
0.0
 10
61.48265138835118
 20
-33.19076018227789
 30
0.0
 10
61.483015729194825
 20
-33.13196437980275
 30
0.0
 10
61.482652027253046
 20
-33.07316759055128
 30
0.0
 10
61.48246969752626
 20
-33.04369179928295
 30
0.0
  0
SPLINE
  5
C3
330
2F
100
AcDbEntity
  8
0
  6
Continuous
 62
7
370
25
100
AcDbSpline
 70
8
 71
3
 72
9
 73
5
 74
0
 42
1e-08
 43
1e-08
 40
0.0
 40
0.0
 40
0.0
 40
0.0
 40
0.4986439501794515
 40
0.9999999999999999
 40
0.9999999999999999
 40
0.9999999999999999
 40
0.9999999999999999
 10
61.48246969752626
 20
-34.63119179928291
 30
0.0
 10
61.48265685201321
 20
-34.60187365112448
 30
0.0
 10
61.48303217891104
 20
-34.54307789485804
 30
0.0
 10
61.48265753001623
 20
-34.48428105950733
 30
0.0
 10
61.48246969752626
 20
-34.454802910393965
 30
0.0
  0
CIRCLE
  5
C4
330
2F
100
AcDbEntity
  8
0
  6
Continuous
 62
7
370
25
100
AcDbCircle
 10
42.650000000000006
 20
79.75
 30
0.0
 40
9.999999999999996
  0
CIRCLE
  5
C5
330
2F
100
AcDbEntity
  8
0
  6
Continuous
 62
7
370
25
100
AcDbCircle
 10
42.650000000000006
 20
29.75
 30
0.0
 40
10.0
  0
CIRCLE
  5
C6
330
2F
100
AcDbEntity
  8
0
  6
Continuous
 62
7
370
25
100
AcDbCircle
 10
-41.64999999999999
 20
29.75
 30
0.0
 40
9.99999999999998
  0
CIRCLE
  5
C7
330
2F
100
AcDbEntity
  8
0
  6
Continuous
 62
7
370
25
100
AcDbCircle
 10
-41.64999999999999
 20
79.75
 30
0.0
 40
10.0
  0
SPLINE
  5
C8
330
2F
100
AcDbEntity
  8
0
  6
Continuous
 62
7
370
25
100
AcDbSpline
 70
9
 71
3
 72
26
 73
22
 74
0
 42
1e-08
 43
1e-08
 40
0.0
 40
0.0
 40
0.0
 40
0.0
 40
0.0554749306413921
 40
0.1144911424562974
 40
0.1715515782199243
 40
0.2247939933468627
 40
0.2743428690662773
 40
0.3222471885139028
 40
0.3710077775043971
 40
0.4224884577171642
 40
0.4774412569291788
 40
0.5213834758792436
 40
0.5776644239938624
 40
0.6343998543049869
 40
0.6902192015694258
 40
0.7420670535302737
 40
0.7907709432622582
 40
0.8387036332165501
 40
0.8882298024984926
 40
0.9408722739571719
 40
1.0
 40
1.0
 40
1.0
 40
1.0
 10
-58.16738762464209
 20
-60.11222894618144
 30
0.0
 10
-58.081617638762694
 20
-60.12029599819917
 30
0.0
 10
-57.90460247969449
 20
-60.13694506816796
 30
0.0
 10
-57.6657723770266
 20
-60.2711626605194
 30
0.0
 10
-57.48943676416749
 20
-60.47216317567454
 30
0.0
 10
-57.40161739805059
 20
-60.71000798778629
 30
0.0
 10
-57.4011458555172
 20
-60.94814174588463
 30
0.0
 10
-57.476219001278196
 20
-61.16626056484668
 30
0.0
 10
-57.6176905172574
 20
-61.3520146316066
 30
0.0
 10
-57.81853552010139
 20
-61.49137808970677
 30
0.0
 10
-58.0453254286263
 20
-61.55901177025884
 30
0.0
 10
-58.286108912193896
 20
-61.55984036510791
 30
0.0
 10
-58.520146342557396
 20
-61.48995470257283
 30
0.0
 10
-58.73123855069109
 20
-61.33419037135184
 30
0.0
 10
-58.87157218313959
 20
-61.11807430065989
 30
0.0
 10
-58.9261610303481
 20
-60.87714617204936
 30
0.0
 10
-58.9007159290685
 20
-60.644201119067915
 30
0.0
 10
-58.8061277057502
 20
-60.43553092691549
 30
0.0
 10
-58.6487328037547
 20
-60.26482721187147
 30
0.0
 10
-58.430721227007794
 20
-60.13850779466183
 30
0.0
 10
-58.2584964969773
 20
-60.121320973290075
 30
0.0
 10
-58.16738762464209
 20
-60.11222894618144
 30
0.0
  0
SPLINE
  5
C9
330
2F
100
AcDbEntity
  8
0
  6
Continuous
 62
7
370
25
100
AcDbSpline
 70
9
 71
3
 72
27
 73
23
 74
0
 42
1e-08
 43
1e-08
 40
0.0
 40
0.0
 40
0.0
 40
0.0
 40
0.003136031758401
 40
0.0601933720060097
 40
0.1128086468060836
 40
0.1622695780305974
 40
0.2097872948958035
 40
0.2578603728664801
 40
0.3090894238694513
 40
0.3646078623456137
 40
0.4215366366032506
 40
0.4783808987491745
 40
0.5228514880906198
 40
0.5783520553471093
 40
0.6300294024809625
 40
0.6785956829317059
 40
0.7259924151462838
 40
0.7748834804184755
 40
0.8275808001296316
 40
0.884505959998715
 40
0.9438935693197822
 40
1.0
 40
1.0
 40
1.0
 40
1.0
 10
-58.17208223089689
 20
-60.19961143922496
 30
0.0
 10
-58.17637325107199
 20
-60.199636002545446
 30
0.0
 10
-58.25873561012459
 20
-60.200107473882866
 30
0.0
 10
-58.41320939197399
 20
-60.228131956104036
 30
0.0
 10
-58.6057322560048
 20
-60.3328116711797
 30
0.0
 10
-58.747549832736894
 20
-60.48337310644596
 30
0.0
 10
-58.833154849526
 20
-60.66674451658598
 30
0.0
 10
-58.856233217640295
 20
-60.87214729628448
 30
0.0
 10
-58.806705157480295
 20
-61.08453069252422
 30
0.0
 10
-58.679702587821495
 20
-61.27455101719419
 30
0.0
 10
-58.48939619065669
 20
-61.411019491771675
 30
0.0
 10
-58.27890672996169
 20
-61.47214128954019
 30
0.0
 10
-58.062246959417195
 20
-61.47141588921128
 30
0.0
 10
-57.8582075920161
 20
-61.41223736370398
 30
0.0
 10
-57.67709708078789
 20
-61.29002809655586
 30
0.0
 10
-57.5492467181564
 20
-61.12678291558131
 30
0.0
 10
-57.48125049173609
 20
-60.93471685820111
 30
0.0
 10
-57.48167564413589
 20
-60.724742060179345
 30
0.0
 10
-57.5613148493277
 20
-60.51518546148087
 30
0.0
 10
-57.7207093013554
 20
-60.338643983985186
 30
0.0
 10
-57.93576496023459
 20
-60.22121832238851
 30
0.0
 10
-58.0948160176267
 20
-60.206676018288256
 30
0.0
 10
-58.17208223089689
 20
-60.19961143922496
 30
0.0
  0
SPLINE
  5
CA
330
2F
100
AcDbEntity
  8
0
  6
Continuous
 62
7
370
25
100
AcDbSpline
 70
9
 71
3
 72
26
 73
22
 74
0
 42
1e-08
 43
1e-08
 40
0.0
 40
0.0
 40
0.0
 40
0.0
 40
0.0554749306413906
 40
0.1144911424562971
 40
0.171551578219924
 40
0.224793993346863
 40
0.2743428690662775
 40
0.3222471885139025
 40
0.3710077775043967
 40
0.4224884577171661
 40
0.4774412569291793
 40
0.5213834758792426
 40
0.5776644239938613
 40
0.634399854304988
 40
0.6902192015694271
 40
0.7420670535302741
 40
0.7907709432622583
 40
0.8387036332165508
 40
0.8882298024984943
 40
0.9408722739571734
 40
1.0
 40
1.0
 40
1.0
 40
1.0
 10
56.832612375357954
 20
-60.11222894618144
 30
0.0
 10
56.91838236123728
 20
-60.12029599819917
 30
0.0
 10
57.09539752030551
 20
-60.13694506816796
 30
0.0
 10
57.33422762297346
 20
-60.2711626605194
 30
0.0
 10
57.51056323583249
 20
-60.47216317567454
 30
0.0
 10
57.59838260194943
 20
-60.71000798778629
 30
0.0
 10
57.59885414448287
 20
-60.94814174588463
 30
0.0
 10
57.52378099872183
 20
-61.16626056484668
 30
0.0
 10
57.38230948274265
 20
-61.3520146316066
 30
0.0
 10
57.18146447989861
 20
-61.49137808970688
 30
0.0
 10
56.95467457137375
 20
-61.55901177025884
 30
0.0
 10
56.71389108780611
 20
-61.55984036510791
 30
0.0
 10
56.47985365744263
 20
-61.48995470257283
 30
0.0
 10
56.26876144930891
 20
-61.33419037135184
 30
0.0
 10
56.12842781686044
 20
-61.11807430065989
 30
0.0
 10
56.07383896965196
 20
-60.87714617204936
 30
0.0
 10
56.09928407093146
 20
-60.64420111906781
 30
0.0
 10
56.193872294249815
 20
-60.43553092691549
 30
0.0
 10
56.35126719624531
 20
-60.26482721187147
 30
0.0
 10
56.569278772992185
 20
-60.13850779466183
 30
0.0
 10
56.74150350302274
 20
-60.121320973290075
 30
0.0
 10
56.832612375357954
 20
-60.11222894618144
 30
0.0
  0
SPLINE
  5
CB
330
2F
100
AcDbEntity
  8
0
  6
Continuous
 62
7
370
25
100
AcDbSpline
 70
9
 71
3
 72
27
 73
23
 74
0
 42
1e-08
 43
1e-08
 40
0.0
 40
0.0
 40
0.0
 40
0.0
 40
0.003136031758401
 40
0.0601933720060097
 40
0.1128086468060822
 40
0.1622695780305971
 40
0.2097872948958032
 40
0.2578603728664799
 40
0.309089423869452
 40
0.3646078623456134
 40
0.4215366366032504
 40
0.4783808987491743
 40
0.5228514880906197
 40
0.5783520553471092
 40
0.630029402480961
 40
0.6785956829317045
 40
0.7259924151462829
 40
0.7748834804184748
 40
0.8275808001296309
 40
0.8845059599987165
 40
0.9438935693197822
 40
1.0
 40
1.0
 40
1.0
 40
1.0
 10
56.827917769103124
 20
-60.19961143922496
 30
0.0
 10
56.823626748928035
 20
-60.199636002545446
 30
0.0
 10
56.74126438987571
 20
-60.200107473882746
 30
0.0
 10
56.58679060802584
 20
-60.228131956104136
 30
0.0
 10
56.39426774399526
 20
-60.3328116711797
 30
0.0
 10
56.252450167263135
 20
-60.48337310644596
 30
0.0
 10
56.16684515047399
 20
-60.66674451658598
 30
0.0
 10
56.14376678235972
 20
-60.87214729628448
 30
0.0
 10
56.19329484251978
 20
-61.08453069252422
 30
0.0
 10
56.320297412178526
 20
-61.27455101719419
 30
0.0
 10
56.51060380934329
 20
-61.411019491771675
 30
0.0
 10
56.721093270038374
 20
-61.47214128954019
 30
0.0
 10
56.93775304058284
 20
-61.47141588921128
 30
0.0
 10
57.141792407983985
 20
-61.41223736370398
 30
0.0
 10
57.32290291921206
 20
-61.29002809655586
 30
0.0
 10
57.45075328184366
 20
-61.12678291558131
 30
0.0
 10
57.51874950826389
 20
-60.93471685820111
 30
0.0
 10
57.518324355864124
 20
-60.724742060179345
 30
0.0
 10
57.43868515067231
 20
-60.51518546148087
 30
0.0
 10
57.27929069864465
 20
-60.338643983985186
 30
0.0
 10
57.064235039765364
 20
-60.22121832238851
 30
0.0
 10
56.90518398237335
 20
-60.206676018288256
 30
0.0
 10
56.827917769103124
 20
-60.19961143922496
 30
0.0
  0
SPLINE
  5
CC
330
2F
100
AcDbEntity
  8
0
  6
Continuous
 62
7
370
25
100
AcDbSpline
 70
8
 71
3
 72
10
 73
6
 74
0
 42
1e-08
 43
1e-08
 40
0.0
 40
0.0
 40
0.0
 40
0.0
 40
0.366694515333774
 40
0.7302075487335954
 40
1.0
 40
1.0
 40
1.0
 40
1.0
 10
-56.62393342299289
 20
14.25555381079453
 30
0.0
 10
-55.86101197007359
 20
14.217018559343659
 30
0.0
 10
-54.34178825464559
 20
14.140282392520529
 30
0.0
 10
-52.9143697419501
 20
14.03937900735265
 30
0.0
 10
-52.8744421655515
 20
13.972472873129039
 30
0.0
 10
-52.8574327459736
 20
13.94397040410895
 30
0.0
  0
SPLINE
  5
CD
330
2F
100
AcDbEntity
  8
0
  6
Continuous
 62
7
370
25
100
AcDbSpline
 70
8
 71
3
 72
15
 73
11
 74
0
 42
1e-08
 43
1e-08
 40
0.0
 40
0.0
 40
0.0
 40
0.0
 40
0.0593488532898758
 40
0.184452955289938
 40
0.3095253636892614
 40
0.4346191649130242
 40
0.5596925567375685
 40
0.721150881242539
 40
0.8812083755713852
 40
0.9999999999999999
 40
0.9999999999999999
 40
0.9999999999999999
 40
0.9999999999999999
 10
-62.150467380965
 20
13.23883370076452
 30
0.0
 10
-62.17754935710029
 20
13.224834027828159
 30
0.0
 10
-62.261718641869194
 20
13.18132381822741
 30
0.0
 10
-61.560606702673994
 20
13.10873885784087
 30
0.0
 10
-60.26462438659789
 20
13.02067492916749
 30
0.0
 10
-58.504186529675195
 20
12.93243117268457
 30
0.0
 10
-56.41384369437269
 20
12.83631786371671
 30
0.0
 10
-54.35304171957229
 20
12.72900640273218
 30
0.0
 10
-52.9123921400833
 20
12.62829687081797
 30
0.0
 10
-52.8738513746373
 20
12.56137041791418
 30
0.0
 10
-52.8574327459736
 20
12.53285929299787
 30
0.0
  0
SPLINE
  5
CE
330
2F
100
AcDbEntity
  8
0
  6
Continuous
 62
7
370
25
100
AcDbSpline
 70
8
 71
3
 72
9
 73
5
 74
0
 42
1e-08
 43
1e-08
 40
0.0
 40
0.0
 40
0.0
 40
0.0
 40
0.5350319847381361
 40
1.0
 40
1.0
 40
1.0
 40
1.0
 10
-54.2524976409413
 20
-2.808933521831579
 30
0.0
 10
-53.77221515220839
 20
-2.8405509758393936
 30
0.0
 10
-52.874544541042894
 20
-2.89964548777437
 30
0.0
 10
-52.8628638798332
 20
-2.96088739921223
 30
0.0
 10
-52.8574327459736
 20
-2.989362929224403
 30
0.0
  0
SPLINE
  5
CF
330
2F
100
AcDbEntity
  8
0
  6
Continuous
 62
7
370
25
100
AcDbSpline
 70
8
 71
3
 72
15
 73
11
 74
0
 42
1e-08
 43
1e-08
 40
0.0
 40
0.0
 40
0.0
 40
0.0
 40
0.0593488532898758
 40
0.1844529552899389
 40
0.309525363689261
 40
0.4346191649130248
 40
0.5596925567375682
 40
0.7211508812425389
 40
0.8812083755713853
 40
1.0
 40
1.0
 40
1.0
 40
1.0
 10
-62.150467380965
 20
-3.694499632568781
 30
0.0
 10
-62.17754935710039
 20
-3.708499305505141
 30
0.0
 10
-62.261718641869194
 20
-3.752009515105946
 30
0.0
 10
-61.560606702673994
 20
-3.8245944754924808
 30
0.0
 10
-60.26462438659789
 20
-3.912658404165813
 30
0.0
 10
-58.504186529675195
 20
-4.0009021606487885
 30
0.0
 10
-56.41384369437269
 20
-4.0970154696166485
 30
0.0
 10
-54.35304171957219
 20
-4.204326930601175
 30
0.0
 10
-52.9123921400834
 20
-4.305036462515387
 30
0.0
 10
-52.8738513746373
 20
-4.371962915419235
 30
0.0
 10
-52.8574327459736
 20
-4.400474040335432
 30
0.0
  0
SPLINE
  5
D0
330
2F
100
AcDbEntity
  8
0
  6
Continuous
 62
7
370
25
100
AcDbSpline
 70
8
 71
3
 72
15
 73
11
 74
0
 42
1e-08
 43
1e-08
 40
0.0
 40
0.0
 40
0.0
 40
0.0
 40
0.0593488532898758
 40
0.1844529552899389
 40
0.309525363689261
 40
0.4346191649130248
 40
0.5596925567375682
 40
0.7211508812425389
 40
0.8812083755713853
 40
1.0
 40
1.0
 40
1.0
 40
1.0
 10
-62.150467380965
 20
-5.105610743679921
 30
0.0
 10
-62.17754935710039
 20
-5.119610416616281
 30
0.0
 10
-62.261718641869194
 20
-5.163120626216976
 30
0.0
 10
-61.560606702673994
 20
-5.235705586603511
 30
0.0
 10
-60.26462438659789
 20
-5.323769515276954
 30
0.0
 10
-58.504186529675195
 20
-5.412013271759928
 30
0.0
 10
-56.41384369437269
 20
-5.508126580727788
 30
0.0
 10
-54.35304171957219
 20
-5.615438041712316
 30
0.0
 10
-52.9123921400834
 20
-5.716147573626417
 30
0.0
 10
-52.8738513746373
 20
-5.783074026530265
 30
0.0
 10
-52.8574327459736
 20
-5.8115851514465735
 30
0.0
  0
SPLINE
  5
D1
330
2F
100
AcDbEntity
  8
0
  6
Continuous
 62
7
370
25
100
AcDbSpline
 70
8
 71
3
 72
15
 73
11
 74
0
 42
1e-08
 43
1e-08
 40
0.0
 40
0.0
 40
0.0
 40
0.0
 40
0.0593488532898758
 40
0.1844529552899389
 40
0.309525363689261
 40
0.4346191649130248
 40
0.5596925567375682
 40
0.7211508812425389
 40
0.8812083755713853
 40
1.0
 40
1.0
 40
1.0
 40
1.0
 10
-62.150467380965
 20
-6.5167218547910615
 30
0.0
 10
-62.17754935710039
 20
-6.530721527727422
 30
0.0
 10
-62.261718641869194
 20
-6.574231737328116
 30
0.0
 10
-61.560606702673994
 20
-6.646816697714652
 30
0.0
 10
-60.26462438659789
 20
-6.734880626388094
 30
0.0
 10
-58.504186529675195
 20
-6.82312438287096
 30
0.0
 10
-56.41384369437269
 20
-6.919237691838818
 30
0.0
 10
-54.35304171957219
 20
-7.026549152823456
 30
0.0
 10
-52.9123921400834
 20
-7.127258684737557
 30
0.0
 10
-52.8738513746373
 20
-7.194185137641407
 30
0.0
 10
-52.8574327459736
 20
-7.222696262557713
 30
0.0
  0
SPLINE
  5
D2
330
2F
100
AcDbEntity
  8
0
  6
Continuous
 62
7
370
25
100
AcDbSpline
 70
8
 71
3
 72
15
 73
11
 74
0
 42
1e-08
 43
1e-08
 40
0.0
 40
0.0
 40
0.0
 40
0.0
 40
0.0593488532898758
 40
0.1844529552899389
 40
0.309525363689261
 40
0.4346191649130248
 40
0.5596925567375682
 40
0.7211508812425389
 40
0.8812083755713853
 40
1.0
 40
1.0
 40
1.0
 40
1.0
 10
-62.150467380965
 20
-7.927832965902203
 30
0.0
 10
-62.17754935710039
 20
-7.941832638838562
 30
0.0
 10
-62.261718641869194
 20
-7.985342848439258
 30
0.0
 10
-61.560606702673994
 20
-8.057927808825792
 30
0.0
 10
-60.26462438659789
 20
-8.145991737499235
 30
0.0
 10
-58.504186529675195
 20
-8.2342354939821
 30
0.0
 10
-56.41384369437269
 20
-8.33034880294996
 30
0.0
 10
-54.35304171957219
 20
-8.437660263934488
 30
0.0
 10
-52.9123921400834
 20
-8.538369795848698
 30
0.0
 10
-52.8738513746373
 20
-8.605296248752547
 30
0.0
 10
-52.8574327459736
 20
-8.633807373668855
 30
0.0
  0
SPLINE
  5
D3
330
2F
100
AcDbEntity
  8
0
  6
Continuous
 62
7
370
25
100
AcDbSpline
 70
8
 71
3
 72
15
 73
11
 74
0
 42
1e-08
 43
1e-08
 40
0.0
 40
0.0
 40
0.0
 40
0.0
 40
0.0593488532898758
 40
0.1844529552899389
 40
0.309525363689261
 40
0.4346191649130248
 40
0.5596925567375682
 40
0.7211508812425389
 40
0.8812083755713853
 40
1.0
 40
1.0
 40
1.0
 40
1.0
 10
-62.150467380965
 20
-9.338944077013231
 30
0.0
 10
-62.17754935710039
 20
-9.352943749949594
 30
0.0
 10
-62.261718641869194
 20
-9.396453959550398
 30
0.0
 10
-61.560606702673994
 20
-9.469038919936933
 30
0.0
 10
-60.26462438659789
 20
-9.557102848610265
 30
0.0
 10
-58.504186529675195
 20
-9.64534660509324
 30
0.0
 10
-56.41384369437269
 20
-9.741459914061101
 30
0.0
 10
-54.35304171957219
 20
-9.848771375045628
 30
0.0
 10
-52.9123921400834
 20
-9.94948090695984
 30
0.0
 10
-52.8738513746373
 20
-10.016407359863686
 30
0.0
 10
-52.8574327459736
 20
-10.044918484779885
 30
0.0
  0
SPLINE
  5
D4
330
2F
100
AcDbEntity
  8
0
  6
Continuous
 62
7
370
25
100
AcDbSpline
 70
8
 71
3
 72
15
 73
11
 74
0
 42
1e-08
 43
1e-08
 40
0.0
 40
0.0
 40
0.0
 40
0.0
 40
0.0593488532898758
 40
0.1844529552899389
 40
0.309525363689261
 40
0.4346191649130248
 40
0.5596925567375682
 40
0.7211508812425389
 40
0.8812083755713853
 40
1.0
 40
1.0
 40
1.0
 40
1.0
 10
-62.150467380965
 20
-10.750055188124373
 30
0.0
 10
-62.17754935710039
 20
-10.764054861060734
 30
0.0
 10
-62.261718641869194
 20
-10.807565070661427
 30
0.0
 10
-61.560606702673994
 20
-10.880150031047963
 30
0.0
 10
-60.26462438659789
 20
-10.968213959721405
 30
0.0
 10
-58.504186529675195
 20
-11.056457716204381
 30
0.0
 10
-56.41384369437269
 20
-11.152571025172241
 30
0.0
 10
-54.35304171957219
 20
-11.259882486156767
 30
0.0
 10
-52.9123921400834
 20
-11.36059201807087
 30
0.0
 10
-52.8738513746373
 20
-11.42751847097472
 30
0.0
 10
-52.8574327459736
 20
-11.45602959589103
 30
0.0
  0
SPLINE
  5
D5
330
2F
100
AcDbEntity
  8
0
  6
Continuous
 62
7
370
25
100
AcDbSpline
 70
8
 71
3
 72
15
 73
11
 74
0
 42
1e-08
 43
1e-08
 40
0.0
 40
0.0
 40
0.0
 40
0.0
 40
0.0593488532898758
 40
0.1844529552899389
 40
0.309525363689261
 40
0.4346191649130248
 40
0.5596925567375682
 40
0.7211508812425389
 40
0.8812083755713853
 40
1.0
 40
1.0
 40
1.0
 40
1.0
 10
-62.150467380965
 20
-12.16116629923551
 30
0.0
 10
-62.17754935710029
 20
-12.17516597217187
 30
0.0
 10
-62.261718641869095
 20
-12.21867618177257
 30
0.0
 10
-61.560606702673994
 20
-12.291261142159101
 30
0.0
 10
-60.26462438659789
 20
-12.37932507083255
 30
0.0
 10
-58.504186529675195
 20
-12.46756882731541
 30
0.0
 10
-56.41384369437269
 20
-12.563682136283271
 30
0.0
 10
-54.35304171957219
 20
-12.6709935972678
 30
0.0
 10
-52.9123921400834
 20
-12.77170312918201
 30
0.0
 10
-52.8738513746373
 20
-12.83862958208586
 30
0.0
 10
-52.8574327459736
 20
-12.86714070700217
 30
0.0
  0
SPLINE
  5
D6
330
2F
100
AcDbEntity
  8
0
  6
Continuous
 62
7
370
25
100
AcDbSpline
 70
8
 71
3
 72
15
 73
11
 74
0
 42
1e-08
 43
1e-08
 40
0.0
 40
0.0
 40
0.0
 40
0.0
 40
0.0593488532898758
 40
0.1844529552899389
 40
0.309525363689261
 40
0.4346191649130248
 40
0.5596925567375682
 40
0.7211508812425389
 40
0.8812083755713853
 40
1.0
 40
1.0
 40
1.0
 40
1.0
 10
-62.150467380965
 20
-13.572277410346661
 30
0.0
 10
-62.17754935710029
 20
-13.58627708328301
 30
0.0
 10
-62.261718641869095
 20
-13.62978729288371
 30
0.0
 10
-61.560606702673994
 20
-13.70237225327024
 30
0.0
 10
-60.26462438659789
 20
-13.79043618194369
 30
0.0
 10
-58.504186529675195
 20
-13.87867993842655
 30
0.0
 10
-56.41384369437269
 20
-13.97479324739441
 30
0.0
 10
-54.35304171957219
 20
-14.08210470837894
 30
0.0
 10
-52.9123921400834
 20
-14.182814240293151
 30
0.0
 10
-52.8738513746373
 20
-14.249740693197001
 30
0.0
 10
-52.8574327459736
 20
-14.27825181811331
 30
0.0
  0
SPLINE
  5
D7
330
2F
100
AcDbEntity
  8
0
  6
Continuous
 62
7
370
25
100
AcDbSpline
 70
8
 71
3
 72
15
 73
11
 74
0
 42
1e-08
 43
1e-08
 40
0.0
 40
0.0
 40
0.0
 40
0.0
 40
0.0593488532898758
 40
0.1844529552899389
 40
0.309525363689261
 40
0.4346191649130248
 40
0.5596925567375682
 40
0.7211508812425389
 40
0.8812083755713853
 40
1.0
 40
1.0
 40
1.0
 40
1.0
 10
-62.150467380965
 20
-14.983388521457691
 30
0.0
 10
-62.17754935710029
 20
-14.99738819439404
 30
0.0
 10
-62.261718641869095
 20
-15.04089840399485
 30
0.0
 10
-61.560606702673994
 20
-15.11348336438139
 30
0.0
 10
-60.26462438659789
 20
-15.20154729305472
 30
0.0
 10
-58.504186529675195
 20
-15.28979104953769
 30
0.0
 10
-56.41384369437269
 20
-15.38590435850555
 30
0.0
 10
-54.35304171957219
 20
-15.49321581949008
 30
0.0
 10
-52.9123921400834
 20
-15.593925351404291
 30
0.0
 10
-52.8738513746373
 20
-15.660851804308031
 30
0.0
 10
-52.8574327459736
 20
-15.689362929224341
 30
0.0
  0
SPLINE
  5
D8
330
2F
100
AcDbEntity
  8
0
  6
Continuous
 62
7
370
25
100
AcDbSpline
 70
8
 71
3
 72
15
 73
11
 74
0
 42
1e-08
 43
1e-08
 40
0.0
 40
0.0
 40
0.0
 40
0.0
 40
0.0593488532898758
 40
0.1844529552899389
 40
0.309525363689261
 40
0.4346191649130248
 40
0.5596925567375682
 40
0.7211508812425389
 40
0.8812083755713853
 40
1.0
 40
1.0
 40
1.0
 40
1.0
 10
-62.150467380965
 20
-16.39449963256883
 30
0.0
 10
-62.17754935710039
 20
-16.408499305505188
 30
0.0
 10
-62.261718641869194
 20
-16.45200951510588
 30
0.0
 10
-61.560606702673994
 20
-16.52459447549242
 30
0.0
 10
-60.26462438659789
 20
-16.61265840416586
 30
0.0
 10
-58.504186529675195
 20
-16.70090216064883
 30
0.0
 10
-56.41384369437269
 20
-16.79701546961669
 30
0.0
 10
-54.35304171957219
 20
-16.90432693060122
 30
0.0
 10
-52.9123921400834
 20
-17.00503646251532
 30
0.0
 10
-52.8738513746373
 20
-17.07196291541917
 30
0.0
 10
-52.8574327459736
 20
-17.10047404033548
 30
0.0
  0
SPLINE
  5
D9
330
2F
100
AcDbEntity
  8
0
  6
Continuous
 62
7
370
25
100
AcDbSpline
 70
8
 71
3
 72
15
 73
11
 74
0
 42
1e-08
 43
1e-08
 40
0.0
 40
0.0
 40
0.0
 40
0.0
 40
0.0593488532898758
 40
0.1844529552899389
 40
0.309525363689261
 40
0.4346191649130248
 40
0.5596925567375691
 40
0.7211508812425389
 40
0.8812083755713853
 40
1.0
 40
1.0
 40
1.0
 40
1.0
 10
-62.150467380965
 20
-17.80561074367996
 30
0.0
 10
-62.17754935710039
 20
-17.819610416616328
 30
0.0
 10
-62.261718641869194
 20
-17.863120626217018
 30
0.0
 10
-61.560606702673994
 20
-17.935705586603557
 30
0.0
 10
-60.26462438659789
 20
-18.023769515277
 30
0.0
 10
-58.504186529675195
 20
-18.11201327175986
 30
0.0
 10
-56.41384369437269
 20
-18.20812658072772
 30
0.0
 10
-54.35304171957219
 20
-18.315438041712248
 30
0.0
 10
-52.9123921400833
 20
-18.416147573626457
 30
0.0
 10
-52.8738513746373
 20
-18.483074026530307
 30
0.0
 10
-52.8574327459736
 20
-18.511585151446617
 30
0.0
  0
SPLINE
  5
DA
330
2F
100
AcDbEntity
  8
0
  6
Continuous
 62
7
370
25
100
AcDbSpline
 70
8
 71
3
 72
15
 73
11
 74
0
 42
1e-08
 43
1e-08
 40
0.0
 40
0.0
 40
0.0
 40
0.0
 40
0.0593488532898758
 40
0.1844529552899389
 40
0.309525363689261
 40
0.4346191649130248
 40
0.5596925567375691
 40
0.7211508812425389
 40
0.8812083755713853
 40
1.0
 40
1.0
 40
1.0
 40
1.0
 10
-62.150467380965
 20
-19.2167218547911
 30
0.0
 10
-62.17754935710039
 20
-19.230721527727468
 30
0.0
 10
-62.261718641869194
 20
-19.274231737328158
 30
0.0
 10
-61.560606702673994
 20
-19.346816697714697
 30
0.0
 10
-60.26462438659789
 20
-19.43488062638803
 30
0.0
 10
-58.504186529675195
 20
-19.523124382871
 30
0.0
 10
-56.41384369437269
 20
-19.61923769183886
 30
0.0
 10
-54.35304171957219
 20
-19.726549152823388
 30
0.0
 10
-52.9123921400833
 20
-19.827258684737597
 30
0.0
 10
-52.8738513746373
 20
-19.894185137641447
 30
0.0
 10
-52.8574327459736
 20
-19.922696262557647
 30
0.0
  0
SPLINE
  5
DB
330
2F
100
AcDbEntity
  8
0
  6
Continuous
 62
7
370
25
100
AcDbSpline
 70
8
 71
3
 72
15
 73
11
 74
0
 42
1e-08
 43
1e-08
 40
0.0
 40
0.0
 40
0.0
 40
0.0
 40
0.0593488532898758
 40
0.1844529552899389
 40
0.309525363689261
 40
0.4346191649130248
 40
0.5596925567375682
 40
0.7211508812425389
 40
0.8812083755713853
 40
1.0
 40
1.0
 40
1.0
 40
1.0
 10
-62.150467380965
 20
-20.62783296590214
 30
0.0
 10
-62.17754935710039
 20
-20.641832638838498
 30
0.0
 10
-62.261718641869194
 20
-20.685342848439298
 30
0.0
 10
-61.560606702673994
 20
-20.75792780882572
 30
0.0
 10
-60.26462438659789
 20
-20.84599173749917
 30
0.0
 10
-58.504186529675195
 20
-20.93423549398214
 30
0.0
 10
-56.41384369437269
 20
-21.030348802949998
 30
0.0
 10
-54.35304171957219
 20
-21.137660263934528
 30
0.0
 10
-52.9123921400834
 20
-21.23836979584874
 30
0.0
 10
-52.8738513746373
 20
-21.30529624875248
 30
0.0
 10
-52.8574327459736
 20
-21.33380737366879
 30
0.0
  0
SPLINE
  5
DC
330
2F
100
AcDbEntity
  8
0
  6
Continuous
 62
7
370
25
100
AcDbSpline
 70
8
 71
3
 72
15
 73
11
 74
0
 42
1e-08
 43
1e-08
 40
0.0
 40
0.0
 40
0.0
 40
0.0
 40
0.0593488532898758
 40
0.1844529552899389
 40
0.309525363689261
 40
0.4346191649130248
 40
0.5596925567375682
 40
0.7211508812425389
 40
0.8812083755713853
 40
1.0
 40
1.0
 40
1.0
 40
1.0
 10
-62.150467380965
 20
-22.03894407701328
 30
0.0
 10
-62.17754935710039
 20
-22.052943749949637
 30
0.0
 10
-62.261718641869194
 20
-22.096453959550328
 30
0.0
 10
-61.560606702673994
 20
-22.16903891993687
 30
0.0
 10
-60.26462438659789
 20
-22.25710284861031
 30
0.0
 10
-58.504186529675195
 20
-22.34534660509328
 30
0.0
 10
-56.41384369437269
 20
-22.441459914061138
 30
0.0
 10
-54.35304171957219
 20
-22.548771375045668
 30
0.0
 10
-52.9123921400834
 20
-22.64948090695977
 30
0.0
 10
-52.8738513746373
 20
-22.71640735986362
 30
0.0
 10
-52.8574327459736
 20
-22.74491848477993
 30
0.0
  0
SPLINE
  5
DD
330
2F
100
AcDbEntity
  8
0
  6
Continuous
 62
7
370
25
100
AcDbSpline
 70
8
 71
3
 72
15
 73
11
 74
0
 42
1e-08
 43
1e-08
 40
0.0
 40
0.0
 40
0.0
 40
0.0
 40
0.0593488532898758
 40
0.1844529552899389
 40
0.309525363689261
 40
0.4346191649130248
 40
0.5596925567375682
 40
0.7211508812425389
 40
0.8812083755713853
 40
1.0
 40
1.0
 40
1.0
 40
1.0
 10
-62.150467380965
 20
-23.45005518812442
 30
0.0
 10
-62.17754935710039
 20
-23.464054861060777
 30
0.0
 10
-62.261718641869194
 20
-23.507565070661467
 30
0.0
 10
-61.560606702673994
 20
-23.58015003104801
 30
0.0
 10
-60.26462438659789
 20
-23.66821395972145
 30
0.0
 10
-58.504186529675195
 20
-23.75645771620431
 30
0.0
 10
-56.41384369437269
 20
-23.85257102517218
 30
0.0
 10
-54.35304171957219
 20
-23.959882486156697
 30
0.0
 10
-52.9123921400834
 20
-24.06059201807091
 30
0.0
 10
-52.8738513746373
 20
-24.12751847097476
 30
0.0
 10
-52.8574327459736
 20
-24.15602959589107
 30
0.0
  0
SPLINE
  5
DE
330
2F
100
AcDbEntity
  8
0
  6
Continuous
 62
7
370
25
100
AcDbSpline
 70
8
 71
3
 72
15
 73
11
 74
0
 42
1e-08
 43
1e-08
 40
0.0
 40
0.0
 40
0.0
 40
0.0
 40
0.0593488532898758
 40
0.1844529552899389
 40
0.309525363689261
 40
0.4346191649130248
 40
0.5596925567375682
 40
0.7211508812425389
 40
0.8812083755713853
 40
1.0
 40
1.0
 40
1.0
 40
1.0
 10
-62.150467380965
 20
-24.86116629923556
 30
0.0
 10
-62.17754935710039
 20
-24.875165972171917
 30
0.0
 10
-62.261718641869194
 20
-24.918676181772607
 30
0.0
 10
-61.560606702673994
 20
-24.99126114215915
 30
0.0
 10
-60.26462438659789
 20
-25.07932507083248
 30
0.0
 10
-58.504186529675195
 20
-25.16756882731545
 30
0.0
 10
-56.41384369437269
 20
-25.263682136283318
 30
0.0
 10
-54.35304171957219
 20
-25.370993597267837
 30
0.0
 10
-52.9123921400834
 20
-25.47170312918205
 30
0.0
 10
-52.8738513746373
 20
-25.5386295820859
 30
0.0
 10
-52.8574327459736
 20
-25.5671407070021
 30
0.0
  0
SPLINE
  5
DF
330
2F
100
AcDbEntity
  8
0
  6
Continuous
 62
7
370
25
100
AcDbSpline
 70
8
 71
3
 72
15
 73
11
 74
0
 42
1e-08
 43
1e-08
 40
0.0
 40
0.0
 40
0.0
 40
0.0
 40
0.0593488532898758
 40
0.1844529552899389
 40
0.309525363689261
 40
0.4346191649130248
 40
0.5596925567375682
 40
0.7211508812425389
 40
0.8812083755713853
 40
1.0
 40
1.0
 40
1.0
 40
1.0
 10
-62.150467380965
 20
-26.27227741034659
 30
0.0
 10
-62.17754935710039
 20
-26.286277083282947
 30
0.0
 10
-62.261718641869194
 20
-26.329787292883747
 30
0.0
 10
-61.560606702673994
 20
-26.40237225327018
 30
0.0
 10
-60.26462438659789
 20
-26.49043618194362
 30
0.0
 10
-58.504186529675195
 20
-26.5786799384266
 30
0.0
 10
-56.41384369437269
 20
-26.674793247394458
 30
0.0
 10
-54.35304171957219
 20
-26.782104708378977
 30
0.0
 10
-52.9123921400834
 20
-26.88281424029319
 30
0.0
 10
-52.8738513746373
 20
-26.94974069319693
 30
0.0
 10
-52.8574327459736
 20
-26.97825181811324
 30
0.0
  0
SPLINE
  5
E0
330
2F
100
AcDbEntity
  8
0
  6
Continuous
 62
7
370
25
100
AcDbSpline
 70
8
 71
3
 72
15
 73
11
 74
0
 42
1e-08
 43
1e-08
 40
0.0
 40
0.0
 40
0.0
 40
0.0
 40
0.0593488532898758
 40
0.1844529552899389
 40
0.309525363689261
 40
0.4346191649130248
 40
0.5596925567375682
 40
0.7211508812425389
 40
0.8812083755713853
 40
1.0
 40
1.0
 40
1.0
 40
1.0
 10
-62.150467380965
 20
-27.68338852145773
 30
0.0
 10
-62.17754935710039
 20
-27.69738819439409
 30
0.0
 10
-62.261718641869194
 20
-27.740898403994787
 30
0.0
 10
-61.560606702673994
 20
-27.81348336438132
 30
0.0
 10
-60.26462438659789
 20
-27.901547293054758
 30
0.0
 10
-58.504186529675195
 20
-27.98979104953762
 30
0.0
 10
-56.41384369437269
 20
-28.085904358505598
 30
0.0
 10
-54.35304171957219
 20
-28.193215819490117
 30
0.0
 10
-52.9123921400834
 20
-28.29392535140422
 30
0.0
 10
-52.8738513746373
 20
-28.36085180430807
 30
0.0
 10
-52.8574327459736
 20
-28.38936292922438
 30
0.0
  0
SPLINE
  5
E1
330
2F
100
AcDbEntity
  8
0
  6
Continuous
 62
7
370
25
100
AcDbSpline
 70
8
 71
3
 72
15
 73
11
 74
0
 42
1e-08
 43
1e-08
 40
0.0
 40
0.0
 40
0.0
 40
0.0
 40
0.0593488532898758
 40
0.1844529552899389
 40
0.309525363689261
 40
0.4346191649130248
 40
0.5596925567375682
 40
0.7211508812425389
 40
0.8812083755713853
 40
1.0
 40
1.0
 40
1.0
 40
1.0
 10
-62.150467380965
 20
-29.09449963256887
 30
0.0
 10
-62.17754935710039
 20
-29.10849930550523
 30
0.0
 10
-62.261718641869194
 20
-29.152009515105927
 30
0.0
 10
-61.560606702673994
 20
-29.22459447549246
 30
0.0
 10
-60.26462438659789
 20
-29.312658404165898
 30
0.0
 10
-58.504186529675195
 20
-29.40090216064877
 30
0.0
 10
-56.41384369437269
 20
-29.497015469616628
 30
0.0
 10
-54.35304171957219
 20
-29.604326930601157
 30
0.0
 10
-52.9123921400834
 20
-29.70503646251536
 30
0.0
 10
-52.8738513746373
 20
-29.77196291541921
 30
0.0
 10
-52.8574327459736
 20
-29.80047404033552
 30
0.0
  0
SPLINE
  5
E2
330
2F
100
AcDbEntity
  8
0
  6
Continuous
 62
7
370
25
100
AcDbSpline
 70
8
 71
3
 72
15
 73
11
 74
0
 42
1e-08
 43
1e-08
 40
0.0
 40
0.0
 40
0.0
 40
0.0
 40
0.0593488532898758
 40
0.1844529552899389
 40
0.309525363689261
 40
0.4346191649130248
 40
0.5596925567375682
 40
0.7211508812425389
 40
0.8812083755713853
 40
1.0
 40
1.0
 40
1.0
 40
1.0
 10
-62.150467380965
 20
-30.50561074368001
 30
0.0
 10
-62.17754935710039
 20
-30.51961041661637
 30
0.0
 10
-62.261718641869194
 20
-30.563120626217067
 30
0.0
 10
-61.560606702673994
 20
-30.6357055866036
 30
0.0
 10
-60.26462438659789
 20
-30.723769515276928
 30
0.0
 10
-58.504186529675195
 20
-30.81201327175991
 30
0.0
 10
-56.41384369437269
 20
-30.908126580727767
 30
0.0
 10
-54.35304171957219
 20
-31.015438041712297
 30
0.0
 10
-52.9123921400834
 20
-31.11614757362651
 30
0.0
 10
-52.8738513746373
 20
-31.18307402653035
 30
0.0
 10
-52.8574327459736
 20
-31.21158515144655
 30
0.0
  0
SPLINE
  5
E3
330
2F
100
AcDbEntity
  8
0
  6
Continuous
 62
7
370
25
100
AcDbSpline
 70
8
 71
3
 72
15
 73
11
 74
0
 42
1e-08
 43
1e-08
 40
0.0
 40
0.0
 40
0.0
 40
0.0
 40
0.0593488532898758
 40
0.1844529552899389
 40
0.309525363689261
 40
0.4346191649130248
 40
0.5596925567375682
 40
0.7211508812425389
 40
0.8812083755713853
 40
1.0
 40
1.0
 40
1.0
 40
1.0
 10
-62.150467380965
 20
-31.91672185479104
 30
0.0
 10
-62.17754935710039
 20
-31.9307215277274
 30
0.0
 10
-62.261718641869194
 20
-31.9742317373282
 30
0.0
 10
-61.560606702673994
 20
-32.04681669771463
 30
0.0
 10
-60.26462438659789
 20
-32.13488062638807
 30
0.0
 10
-58.504186529675195
 20
-32.22312438287105
 30
0.0
 10
-56.41384369437269
 20
-32.31923769183891
 30
0.0
 10
-54.35304171957219
 20
-32.42654915282343
 30
0.0
 10
-52.9123921400834
 20
-32.52725868473765
 30
0.0
 10
-52.8738513746373
 20
-32.59418513764138
 30
0.0
 10
-52.8574327459736
 20
-32.62269626255769
 30
0.0
  0
SPLINE
  5
E4
330
2F
100
AcDbEntity
  8
0
  6
Continuous
 62
7
370
25
100
AcDbSpline
 70
8
 71
3
 72
15
 73
11
 74
0
 42
1e-08
 43
1e-08
 40
0.0
 40
0.0
 40
0.0
 40
0.0
 40
0.0593488532898758
 40
0.1844529552899389
 40
0.309525363689261
 40
0.4346191649130247
 40
0.5596925567375681
 40
0.7211508812425388
 40
0.8812083755713851
 40
1.0
 40
1.0
 40
1.0
 40
1.0
 10
-62.150467380965
 20
-33.32783296590218
 30
0.0
 10
-62.17754935710039
 20
-33.34183263883854
 30
0.0
 10
-62.261718641869194
 20
-33.38534284843923
 30
0.0
 10
-61.560606702673994
 20
-33.457927808825765
 30
0.0
 10
-60.26462438659789
 20
-33.54599173749922
 30
0.0
 10
-58.504186529675195
 20
-33.634235493982075
 30
0.0
 10
-56.41384369437269
 20
-33.73034880295005
 30
0.0
 10
-54.35304171957229
 20
-33.837660263934566
 30
0.0
 10
-52.9123921400834
 20
-33.93836979584867
 30
0.0
 10
-52.8738513746372
 20
-34.00529624875252
 30
0.0
 10
-52.8574327459736
 20
-34.03380737366883
 30
0.0
  0
SPLINE
  5
E5
330
2F
100
AcDbEntity
  8
0
  6
Continuous
 62
7
370
25
100
AcDbSpline
 70
8
 71
3
 72
15
 73
11
 74
0
 42
1e-08
 43
1e-08
 40
0.0
 40
0.0
 40
0.0
 40
0.0
 40
0.0142808212376363
 40
0.1406150403067099
 40
0.269583118901262
 40
0.437936606731834
 40
0.6082528950617742
 40
0.7776804472215899
 40
0.9108838683334772
 40
1.0
 40
1.0
 40
1.0
 40
1.0
 10
-62.22255955822139
 20
13.590705267916789
 30
0.0
 10
-62.23576843770469
 20
13.58762290872069
 30
0.0
 10
-62.365828683543995
 20
13.55727268898306
 30
0.0
 10
-61.93285161577269
 20
13.50443074460557
 30
0.0
 10
-60.95102722580259
 20
13.41013213822063
 30
0.0
 10
-59.1126519944894
 20
13.31544624121773
 30
0.0
 10
-56.77449147377989
 20
13.205004802186739
 30
0.0
 10
-54.7727849561698
 20
13.10519496052916
 30
0.0
 10
-53.48195018359229
 20
13.023661166780899
 30
0.0
 10
-53.171330406040894
 20
12.97639358185377
 30
0.0
 10
-53.04681939183389
 20
12.95744651098536
 30
0.0
  0
SPLINE
  5
E6
330
2F
100
AcDbEntity
  8
0
  6
Continuous
 62
7
370
25
100
AcDbSpline
 70
8
 71
3
 72
12
 73
8
 74
0
 42
1e-08
 43
1e-08
 40
0.0
 40
0.0
 40
0.0
 40
0.0
 40
0.0284130412535153
 40
0.2797668897759106
 40
0.536361050329953
 40
0.8713161985882879
 40
1.0
 40
1.0
 40
1.0
 40
1.0
 10
-62.22255955822139
 20
12.17959415680565
 30
0.0
 10
-62.23576696759619
 20
12.17651175905117
 30
0.0
 10
-62.3658127381224
 20
12.146161159651129
 30
0.0
 10
-61.9336276824847
 20
12.09333998837721
 30
0.0
 10
-60.94784113296909
 20
11.99893746142473
 30
0.0
 10
-59.53959698994589
 20
11.926030241228359
 30
0.0
 10
-58.495042741807694
 20
11.87591075191925
 30
0.0
 10
-58.205124883252296
 20
11.861999999999659
 30
0.0
  0
SPLINE
  5
E7
330
2F
100
AcDbEntity
  8
0
  6
Continuous
 62
7
370
25
100
AcDbSpline
 70
8
 71
3
 72
15
 73
11
 74
0
 42
1e-08
 43
1e-08
 40
0.0
 40
0.0
 40
0.0
 40
0.0
 40
0.01428056514593
 40
0.1406125187188408
 40
0.269578284585382
 40
0.4379287534066676
 40
0.6082419875292785
 40
0.7776665014190832
 40
0.9108675338524191
 40
1.0
 40
1.0
 40
1.0
 40
1.0
 10
-62.22255955822139
 20
-3.342628065416563
 30
0.0
 10
-62.23576843773819
 20
-3.345710424612779
 30
0.0
 10
-62.36582868390809
 20
-3.3760606443511847
 30
0.0
 10
-61.93285159804189
 20
-3.428902588685932
 30
0.0
 10
-60.95102729859539
 20
-3.5232011952846407
 30
0.0
 10
-59.11265162905289
 20
-3.617887091252591
 30
0.0
 10
-56.774492839693295
 20
-3.728328534372592
 30
0.0
 10
-54.7727803507308
 20
-3.828138361927235
 30
0.0
 10
-53.481902452025594
 20
-3.909675925725263
 30
0.0
 10
-53.1712640673924
 20
-3.956947338610227
 30
0.0
 10
-53.046730582878396
 20
-3.97589822831239
 30
0.0
  0
SPLINE
  5
E8
330
2F
100
AcDbEntity
  8
0
  6
Continuous
 62
7
370
25
100
AcDbSpline
 70
8
 71
3
 72
15
 73
11
 74
0
 42
1e-08
 43
1e-08
 40
0.0
 40
0.0
 40
0.0
 40
0.0
 40
0.014280543807668
 40
0.1406123086132367
 40
0.2695778817769489
 40
0.4379280990461161
 40
0.6082410786838115
 40
0.7776653394166415
 40
0.9108661728187415
 40
0.9999999999999999
 40
0.9999999999999999
 40
0.9999999999999999
 40
0.9999999999999999
 10
-62.22255955822139
 20
-4.753739176527704
 30
0.0
 10
-62.235768437741
 20
-4.756821535723808
 30
0.0
 10
-62.36582868393849
 20
-4.787171755462326
 30
0.0
 10
-61.93285159656469
 20
-4.84001369979352
 30
0.0
 10
-60.9510273046603
 20
-4.934312306410103
 30
0.0
 10
-59.11265159860599
 20
-5.028998202291788
 30
0.0
 10
-56.77449295349639
 20
-5.139439645752407
 30
0.0
 10
-54.77277996702169
 20
-5.239249472132211
 30
0.0
 10
-53.48189847480049
 20
-5.320787350067068
 30
0.0
 10
-53.17125853974049
 20
-5.36805908191411
 30
0.0
 10
-53.0467231829294
 20
-5.387010289818183
 30
0.0
  0
SPLINE
  5
E9
330
2F
100
AcDbEntity
  8
0
  6
Continuous
 62
7
370
25
100
AcDbSpline
 70
8
 71
3
 72
15
 73
11
 74
0
 42
1e-08
 43
1e-08
 40
0.0
 40
0.0
 40
0.0
 40
0.0
 40
0.0142805224698253
 40
0.140612098511761
 40
0.2695774789764306
 40
0.4379274446984222
 40
0.6082401698562024
 40
0.7776641774370321
 40
0.9108648118118069
 40
1.0
 40
1.0
 40
1.0
 40
1.0
 10
-62.22255955822139
 20
-6.164850287638844
 30
0.0
 10
-62.2357684377439
 20
-6.167932646834949
 30
0.0
 10
-62.365828683969
 20
-6.198282866573578
 30
0.0
 10
-61.9328515950873
 20
-6.251124810901107
 30
0.0
 10
-60.951027310724996
 20
-6.345423417535455
 30
0.0
 10
-59.11265156815999
 20
-6.4401093133309875
 30
0.0
 10
-56.77449306729599
 20
-6.550550757132333
 30
0.0
 10
-54.77277958332459
 20
-6.650360582337077
 30
0.0
 10
-53.481894497637995
 20
-6.731898774403543
 30
0.0
 10
-53.17125301217659
 20
-6.779170825207336
 30
0.0
 10
-53.04671578310359
 20
-6.798122351308098
 30
0.0
  0
SPLINE
  5
EA
330
2F
100
AcDbEntity
  8
0
  6
Continuous
 62
7
370
25
100
AcDbSpline
 70
8
 71
3
 72
15
 73
11
 74
0
 42
1e-08
 43
1e-08
 40
0.0
 40
0.0
 40
0.0
 40
0.0
 40
0.0142805011324021
 40
0.140611888414416
 40
0.2695770761838319
 40
0.4379267903635934
 40
0.608239261046462
 40
0.7776630154802685
 40
0.9108634508316312
 40
1.0
 40
1.0
 40
1.0
 40
1.0
 10
-62.22255955822139
 20
-7.5759613987498735
 30
0.0
 10
-62.2357684377466
 20
-7.57904375794609
 30
0.0
 10
-62.3658286839993
 20
-7.609393977684718
 30
0.0
 10
-61.932851593610096
 20
-7.662235922008808
 30
0.0
 10
-60.95102731678949
 20
-7.756534528660918
 30
0.0
 10
-59.112651537714996
 20
-7.851220424370185
 30
0.0
 10
-56.7744931810921
 20
-7.961661868512259
 30
0.0
 10
-54.77277919963929
 20
-8.061471692542053
 30
0.0
 10
-53.4818905205384
 20
-8.1430101987348
 30
0.0
 10
-53.1712474847008
 20
-8.190282568490124
 30
0.0
 10
-53.046708383401196
 20
-8.20923441278225
 30
0.0
  0
SPLINE
  5
EB
330
2F
100
AcDbEntity
  8
0
  6
Continuous
 62
7
370
25
100
AcDbSpline
 70
8
 71
3
 72
15
 73
11
 74
0
 42
1e-08
 43
1e-08
 40
0.0
 40
0.0
 40
0.0
 40
0.0
 40
0.0142804797953989
 40
0.1406116783212071
 40
0.2695766733991624
 40
0.4379261360416459
 40
0.6082383522546123
 40
0.7776618535463791
 40
0.9108620898782477
 40
1.0
 40
1.0
 40
1.0
 40
1.0
 10
-62.22255955822139
 20
-8.987072509861015
 30
0.0
 10
-62.2357684377495
 20
-8.99015486905723
 30
0.0
 10
-62.365828684029694
 20
-9.02050508879586
 30
0.0
 10
-61.93285159213299
 20
-9.073347033116397
 30
0.0
 10
-60.95102732285379
 20
-9.16764563978638
 30
0.0
 10
-59.1126515072709
 20
-9.262331535409384
 30
0.0
 10
-56.77449329488459
 20
-9.372772979892073
 30
0.0
 10
-54.77277881596599
 20
-9.47258280274703
 30
0.0
 10
-53.48188654350159
 20
-9.554121623060729
 30
0.0
 10
-53.1712419573131
 20
-9.601394311762256
 30
0.0
 10
-53.04670098382229
 20
-9.620346474240415
 30
0.0
  0
SPLINE
  5
EC
330
2F
100
AcDbEntity
  8
0
  6
Continuous
 62
7
370
25
100
AcDbSpline
 70
8
 71
3
 72
15
 73
11
 74
0
 42
1e-08
 43
1e-08
 40
0.0
 40
0.0
 40
0.0
 40
0.0
 40
0.0142804584588162
 40
0.1406114682321347
 40
0.2695762706224231
 40
0.4379254817325807
 40
0.6082374434806547
 40
0.7776606916353652
 40
0.9108607289516579
 40
1.0
 40
1.0
 40
1.0
 40
1.0
 10
-62.22255955822139
 20
-10.398183620972157
 30
0.0
 10
-62.2357684377523
 20
-10.401265980168372
 30
0.0
 10
-62.36582868405989
 20
-10.431616199907111
 30
0.0
 10
-61.9328515906559
 20
-10.484458144223984
 30
0.0
 10
-60.95102732891779
 20
-10.578756750911843
 30
0.0
 10
-59.11265147682779
 20
-10.673442646448583
 30
0.0
 10
-56.77449340867359
 20
-10.783884091271888
 30
0.0
 10
-54.77277843230469
 20
-10.883693912952006
 30
0.0
 10
-53.48188256652759
 20
-10.96523304738155
 30
0.0
 10
-53.17123643001369
 20
-11.01250605502384
 30
0.0
 10
-53.04669358436719
 20
-11.031458535682814
 30
0.0
  0
SPLINE
  5
ED
330
2F
100
AcDbEntity
  8
0
  6
Continuous
 62
7
370
25
100
AcDbSpline
 70
8
 71
3
 72
15
 73
11
 74
0
 42
1e-08
 43
1e-08
 40
0.0
 40
0.0
 40
0.0
 40
0.0
 40
0.0142804371226537
 40
0.1406112581472069
 40
0.2695758678536304
 40
0.437924827436425
 40
0.6082365347246277
 40
0.7776595297472771
 40
0.9108593680519208
 40
1.0
 40
1.0
 40
1.0
 40
1.0
 10
-62.22255955822139
 20
-11.8092947320833
 30
0.0
 10
-62.2357684377551
 20
-11.8123770912794
 30
0.0
 10
-62.36582868409039
 20
-11.842727311018251
 30
0.0
 10
-61.932851589178895
 20
-11.895569255331681
 30
0.0
 10
-60.95102733498169
 20
-11.989867862037201
 30
0.0
 10
-59.1126514463856
 20
-12.08455375748778
 30
0.0
 10
-56.774493522459
 20
-12.19499520265181
 30
0.0
 10
-54.7727780486553
 20
-12.29480502315698
 30
0.0
 10
-53.4818785896168
 20
-12.37634447169704
 30
0.0
 10
-53.17123090280279
 20
-12.423617798274881
 30
0.0
 10
-53.046686185035696
 20
-12.44257059710923
 30
0.0
  0
SPLINE
  5
EE
330
2F
100
AcDbEntity
  8
0
  6
Continuous
 62
7
370
25
100
AcDbSpline
 70
8
 71
3
 72
15
 73
11
 74
0
 42
1e-08
 43
1e-08
 40
0.0
 40
0.0
 40
0.0
 40
0.0
 40
0.0142804157869127
 40
0.1406110480664256
 40
0.269575465092787
 40
0.4379241731531828
 40
0.6082356259865359
 40
0.7776583678821198
 40
0.9108580071790421
 40
1.0
 40
1.0
 40
1.0
 40
1.0
 10
-62.22255955822139
 20
-13.22040584319433
 30
0.0
 10
-62.2357684377578
 20
-13.22348820239054
 30
0.0
 10
-62.3658286841206
 20
-13.253838422129391
 30
0.0
 10
-61.93285158770199
 20
-13.30668036643927
 30
0.0
 10
-60.95102734104529
 20
-13.40097897316266
 30
0.0
 10
-59.1126514159445
 20
-13.49566486852709
 30
0.0
 10
-56.77449363624089
 20
-13.60610631403163
 30
0.0
 10
-54.7727776650179
 20
-13.70591613336207
 30
0.0
 10
-53.48187461276889
 20
-13.787455896007321
 30
0.0
 10
-53.171225375680194
 20
-13.83472954151525
 30
0.0
 10
-53.04667878582829
 20
-13.85368265851965
 30
0.0
  0
SPLINE
  5
EF
330
2F
100
AcDbEntity
  8
0
  6
Continuous
 62
7
370
25
100
AcDbSpline
 70
8
 71
3
 72
15
 73
11
 74
0
 42
1e-08
 43
1e-08
 40
0.0
 40
0.0
 40
0.0
 40
0.0
 40
0.014280394451593
 40
0.1406108379897927
 40
0.2695750623398964
 40
0.43792351888286
 40
0.6082347172663881
 40
0.7776572060399047
 40
0.9108566463330351
 40
1.0
 40
1.0
 40
1.0
 40
1.0
 10
-62.22255955822139
 20
-14.63151695430547
 30
0.0
 10
-62.2357684377606
 20
-14.634599313501681
 30
0.0
 10
-62.365828684151
 20
-14.664949533240641
 30
0.0
 10
-61.932851586225
 20
-14.71779147754686
 30
0.0
 10
-60.95102734710889
 20
-14.812090084288121
 30
0.0
 10
-59.11265138550429
 20
-14.90677597956629
 30
0.0
 10
-56.77449375001919
 20
-15.01721742541144
 30
0.0
 10
-54.77277728139259
 20
-15.11702724356716
 30
0.0
 10
-53.481870635984095
 20
-15.198567320312371
 30
0.0
 10
-53.17121984864619
 20
-15.24584128474509
 30
0.0
 10
-53.04667138674489
 20
-15.26479471991431
 30
0.0
  0
SPLINE
  5
F0
330
2F
100
AcDbEntity
  8
0
  6
Continuous
 62
7
370
25
100
AcDbSpline
 70
8
 71
3
 72
15
 73
11
 74
0
 42
1e-08
 43
1e-08
 40
0.0
 40
0.0
 40
0.0
 40
0.0
 40
0.0142803731166951
 40
0.1406106279173132
 40
0.269574659594969
 40
0.4379228646254732
 40
0.6082338085642073
 40
0.7776560442206613
 40
0.9108552855139345
 40
0.9999999999999999
 40
0.9999999999999999
 40
0.9999999999999999
 40
0.9999999999999999
 10
-62.22255955822139
 20
-16.042628065416608
 30
0.0
 10
-62.2357684377634
 20
-16.04571042461282
 30
0.0
 10
-62.365828684181295
 20
-16.076060644351788
 30
0.0
 10
-61.93285158474809
 20
-16.128902588654558
 30
0.0
 10
-60.951027353172194
 20
-16.22320119541347
 30
0.0
 10
-59.1126513550649
 20
-16.31788709060549
 30
0.0
 10
-56.77449386379389
 20
-16.42832853679126
 30
0.0
 10
-54.772776897779195
 20
-16.52813835377225
 30
0.0
 10
-53.48186665926259
 20
-16.6096787446121
 30
0.0
 10
-53.17121432170089
 20
-16.65695302796426
 30
0.0
 10
-53.04666398778559
 20
-16.67590678129287
 30
0.0
  0
SPLINE
  5
F1
330
2F
100
AcDbEntity
  8
0
  6
Continuous
 62
7
370
25
100
AcDbSpline
 70
8
 71
3
 72
15
 73
11
 74
0
 42
1e-08
 43
1e-08
 40
0.0
 40
0.0
 40
0.0
 40
0.0
 40
0.0142803517822195
 40
0.1406104178489918
 40
0.2695742568580133
 40
0.4379222103810365
 40
0.6082328998800128
 40
0.7776548824244152
 40
0.91085392472177
 40
1.0
 40
1.0
 40
1.0
 40
1.0
 10
-62.22255955822139
 20
-17.453739176527638
 30
0.0
 10
-62.2357684377662
 20
-17.456821535723957
 30
0.0
 10
-62.36582868421159
 20
-17.487171755463038
 30
0.0
 10
-61.9328515832713
 20
-17.54001369976215
 30
0.0
 10
-60.9510273592354
 20
-17.634312306538927
 30
0.0
 10
-59.1126513246265
 20
-17.72899820164468
 30
0.0
 10
-56.7744939775651
 20
-17.83943964817107
 30
0.0
 10
-54.77277651417779
 20
-17.93924946397744
 30
0.0
 10
-53.48186268260429
 20
-18.020790168906608
 30
0.0
 10
-53.17120879484429
 20
-18.068064771172768
 30
0.0
 10
-53.0466565889507
 20
-18.08701884265555
 30
0.0
  0
SPLINE
  5
F2
330
2F
100
AcDbEntity
  8
0
  6
Continuous
 62
7
370
25
100
AcDbSpline
 70
8
 71
3
 72
15
 73
11
 74
0
 42
1e-08
 43
1e-08
 40
0.0
 40
0.0
 40
0.0
 40
0.0
 40
0.0142803304481665
 40
0.140610207784832
 40
0.2695738541290344
 40
0.4379215561495584
 40
0.6082319912138169
 40
0.7776537206511802
 40
0.9108525639565584
 40
1.0
 40
1.0
 40
1.0
 40
1.0
 10
-62.22255955822139
 20
-18.864850287638777
 30
0.0
 10
-62.235768437768996
 20
-18.867932646834998
 30
0.0
 10
-62.36582868424209
 20
-18.898282866574178
 30
0.0
 10
-61.932851581794296
 20
-18.95112481086973
 30
0.0
 10
-60.9510273652984
 20
-19.0454234176644
 30
0.0
 10
-59.11265129418919
 20
-19.14010931268388
 30
0.0
 10
-56.7744940913328
 20
-19.25055075955089
 30
0.0
 10
-54.7727761305884
 20
-19.350360574182528
 30
0.0
 10
-53.48185870600929
 20
-19.43190159319579
 30
0.0
 10
-53.171203268076596
 20
-19.47917651437074
 30
0.0
 10
-53.04664919024019
 20
-19.49813090400225
 30
0.0
  0
SPLINE
  5
F3
330
2F
100
AcDbEntity
  8
0
  6
Continuous
 62
7
370
25
100
AcDbSpline
 70
8
 71
3
 72
15
 73
11
 74
0
 42
1e-08
 43
1e-08
 40
0.0
 40
0.0
 40
0.0
 40
0.0
 40
0.0142803091145366
 40
0.1406099977248375
 40
0.2695734514080427
 40
0.4379209019310552
 40
0.6082310825656416
 40
0.7776525589009855
 40
0.9108512032183333
 40
1.0
 40
1.0
 40
1.0
 40
1.0
 10
-62.22255955822139
 20
-20.275961398749917
 30
0.0
 10
-62.235768437771796
 20
-20.279043757946138
 30
0.0
 10
-62.36582868427229
 20
-20.309393977685428
 30
0.0
 10
-61.93285158031769
 20
-20.36223592197732
 30
0.0
 10
-60.95102737136109
 20
-20.45653452878986
 30
0.0
 10
-59.112651263752696
 20
-20.551220423723187
 30
0.0
 10
-56.7744942050968
 20
-20.661661870930697
 30
0.0
 10
-54.772775747010996
 20
-20.76147168438773
 30
0.0
 10
-53.48185472947779
 20
-20.84301301747975
 30
0.0
 10
-53.17119774139789
 20
-20.890288257558048
 30
0.0
 10
-53.046641791654395
 20
-20.909242965332957
 30
0.0
  0
SPLINE
  5
F4
330
2F
100
AcDbEntity
  8
0
  6
Continuous
 62
7
370
25
100
AcDbSpline
 70
8
 71
3
 72
15
 73
11
 74
0
 42
1e-08
 43
1e-08
 40
0.0
 40
0.0
 40
0.0
 40
0.0
 40
0.01428028778133
 40
0.1406097876690111
 40
0.2695730486950421
 40
0.4379202477255331
 40
0.608230173935496
 40
0.7776513971738426
 40
0.9108498425071085
 40
1.0
 40
1.0
 40
1.0
 40
1.0
 10
-62.22255955822139
 20
-21.687072509861057
 30
0.0
 10
-62.235768437774695
 20
-21.690154869057277
 30
0.0
 10
-62.3658286843028
 20
-21.720505088796568
 30
0.0
 10
-61.932851578840896
 20
-21.77334703308502
 30
0.0
 10
-60.9510273774237
 20
-21.86764563991521
 30
0.0
 10
-59.112651233317195
 20
-21.962331534762388
 30
0.0
 10
-56.77449431885739
 20
-22.072772982310408
 30
0.0
 10
-54.77277536344559
 20
-22.172582794593037
 30
0.0
 10
-53.481850753009795
 20
-22.25412444175838
 30
0.0
 10
-53.1711922148082
 20
-22.30140000073459
 30
0.0
 10
-53.04663439319319
 20
-22.32035502664757
 30
0.0
  0
SPLINE
  5
F5
330
2F
100
AcDbEntity
  8
0
  6
Continuous
 62
7
370
25
100
AcDbSpline
 70
8
 71
3
 72
15
 73
11
 74
0
 42
1e-08
 43
1e-08
 40
0.0
 40
0.0
 40
0.0
 40
0.0
 40
0.014280266448547
 40
0.1406095776173552
 40
0.2695726459900386
 40
0.4379195935330022
 40
0.6082292653233937
 40
0.7776502354697676
 40
0.9108484818229028
 40
1.0
 40
1.0
 40
1.0
 40
1.0
 10
-62.22255955822139
 20
-23.09818362097209
 30
0.0
 10
-62.235768437777395
 20
-23.101265980168417
 30
0.0
 10
-62.365828684333096
 20
-23.131616199907707
 30
0.0
 10
-61.93285157736429
 20
-23.184458144192607
 30
0.0
 10
-60.95102738348599
 20
-23.278756751040667
 30
0.0
 10
-59.11265120288269
 20
-23.37344264580159
 30
0.0
 10
-56.77449443261429
 20
-23.483884093690218
 30
0.0
 10
-54.77277497989229
 20
-23.58369390479824
 30
0.0
 10
-53.481846776605295
 20
-23.66523586603168
 30
0.0
 10
-53.1711866883077
 20
-23.712511743900478
 30
0.0
 10
-53.046626994856794
 20
-23.73146708794631
 30
0.0
  0
SPLINE
  5
F6
330
2F
100
AcDbEntity
  8
0
  6
Continuous
 62
7
370
25
100
AcDbSpline
 70
8
 71
3
 72
15
 73
11
 74
0
 42
1e-08
 43
1e-08
 40
0.0
 40
0.0
 40
0.0
 40
0.0
 40
0.0142802451161883
 40
0.1406093675698782
 40
0.269572243293045
 40
0.4379189393534839
 40
0.6082283567293647
 40
0.7776490737888014
 40
0.910847121165764
 40
1.0
 40
1.0
 40
1.0
 40
1.0
 10
-62.22255955822139
 20
-24.50929473208323
 30
0.0
 10
-62.235768437780195
 20
-24.51237709127955
 30
0.0
 10
-62.36582868436349
 20
-24.542727311018957
 30
0.0
 10
-61.9328515758876
 20
-24.595569255300198
 30
0.0
 10
-60.9510273895483
 20
-24.68986786216614
 30
0.0
 10
-59.11265117244909
 20
-24.7845537568409
 30
0.0
 10
-56.77449454636769
 20
-24.89499520507003
 30
0.0
 10
-54.772774596351
 20
-24.99480501500355
 30
0.0
 10
-53.48184280026439
 20
-25.07634729029977
 30
0.0
 10
-53.1711811618965
 20
-25.1236234870557
 30
0.0
 10
-53.0466195966456
 20
-25.142579149228837
 30
0.0
  0
SPLINE
  5
F7
330
2F
100
AcDbEntity
  8
0
  6
Continuous
 62
7
370
25
100
AcDbSpline
 70
8
 71
3
 72
15
 73
11
 74
0
 42
1e-08
 43
1e-08
 40
0.0
 40
0.0
 40
0.0
 40
0.0
 40
0.0142802237842541
 40
0.1406091575265795
 40
0.269571840604062
 40
0.4379182851869786
 40
0.6082274481534097
 40
0.7776479121309436
 40
0.9108457605356917
 40
1.0
 40
1.0
 40
1.0
 40
1.0
 10
-62.22255955822139
 20
-25.92040584319437
 30
0.0
 10
-62.235768437782994
 20
-25.923488202390587
 30
0.0
 10
-62.36582868439379
 20
-25.953838422130097
 30
0.0
 10
-61.93285157441109
 20
-26.0066803664079
 30
0.0
 10
-60.9510273956102
 20
-26.1009789732916
 30
0.0
 10
-59.11265114201649
 20
-26.195664867880097
 30
0.0
 10
-56.7744946601175
 20
-26.30610631644974
 30
0.0
 10
-54.77277421282169
 20
-26.405916125208858
 30
0.0
 10
-53.48183882398729
 20
-26.48745871456253
 30
0.0
 10
-53.1711756355746
 20
-26.53473523020027
 30
0.0
 10
-53.04661219855929
 20
-26.55369121049538
 30
0.0
  0
SPLINE
  5
F8
330
2F
100
AcDbEntity
  8
0
  6
Continuous
 62
7
370
25
100
AcDbSpline
 70
8
 71
3
 72
15
 73
11
 74
0
 42
1e-08
 43
1e-08
 40
0.0
 40
0.0
 40
0.0
 40
0.0
 40
0.0142802024527446
 40
0.1406089474874639
 40
0.2695714379230988
 40
0.4379176310335013
 40
0.6082265395955494
 40
0.777646750496221
 40
0.910844399932717
 40
1.0
 40
1.0
 40
1.0
 40
1.0
 10
-62.22255955822139
 20
-27.33151695430551
 30
0.0
 10
-62.235768437785794
 20
-27.33459931350173
 30
0.0
 10
-62.36582868442399
 20
-27.364949533241248
 30
0.0
 10
-61.932851572934595
 20
-27.41779147751548
 30
0.0
 10
-60.95102740167209
 20
-27.512090084416947
 30
0.0
 10
-59.112651111584796
 20
-27.6067759789193
 30
0.0
 10
-56.774494773863694
 20
-27.71721742782955
 30
0.0
 10
-54.7727738293045
 20
-27.81702723541417
 30
0.0
 10
-53.4818348477739
 20
-27.89857013881984
 30
0.0
 10
-53.1711701093421
 20
-27.94584697333406
 30
0.0
 10
-53.04660480059829
 20
-27.96480327174582
 30
0.0
  0
SPLINE
  5
F9
330
2F
100
AcDbEntity
  8
0
  6
Continuous
 62
7
370
25
100
AcDbSpline
 70
8
 71
3
 72
15
 73
11
 74
0
 42
1e-08
 43
1e-08
 40
0.0
 40
0.0
 40
0.0
 40
0.0
 40
0.0142801811216603
 40
0.1406087374525345
 40
0.2695710352501612
 40
0.4379169768930617
 40
0.6082256310557972
 40
0.7776455888846503
 40
0.91084303935686
 40
1.0
 40
1.0
 40
1.0
 40
1.0
 10
-62.22255955822139
 20
-28.74262806541654
 30
0.0
 10
-62.23576843778859
 20
-28.74571042461287
 30
0.0
 10
-62.3658286844543
 20
-28.776060644352498
 30
0.0
 10
-61.93285157145809
 20
-28.82890258862307
 30
0.0
 10
-60.95102740773359
 20
-28.923201195542408
 30
0.0
 10
-59.1126510811541
 20
-29.0178870899586
 30
0.0
 10
-56.774494887606394
 20
-29.12832853920926
 30
0.0
 10
-54.77277344579929
 20
-29.228138345619588
 30
0.0
 10
-53.4818308716243
 20
-29.309681563072047
 30
0.0
 10
-53.1711645831992
 20
-29.3569587164572
 30
0.0
 10
-53.0465974027627
 20
-29.37591533298005
 30
0.0
  0
SPLINE
  5
FA
330
2F
100
AcDbEntity
  8
0
  6
Continuous
 62
7
370
25
100
AcDbSpline
 70
8
 71
3
 72
15
 73
11
 74
0
 42
1e-08
 43
1e-08
 40
0.0
 40
0.0
 40
0.0
 40
0.0
 40
0.0142801597910016
 40
0.1406085274217956
 40
0.2695706325852577
 40
0.4379163227656734
 40
0.608224722534172
 40
0.7776444272962558
 40
0.9108416788081488
 40
1.0
 40
1.0
 40
1.0
 40
1.0
 10
-62.22255955822139
 20
-30.15373917652768
 30
0.0
 10
-62.23576843779139
 20
-30.15682153572401
 30
0.0
 10
-62.365828684484796
 20
-30.187171755463638
 30
0.0
 10
-61.932851569981594
 20
-30.240013699730767
 30
0.0
 10
-60.95102741379509
 20
-30.33431230666788
 30
0.0
 10
-59.112651050724295
 20
-30.4289982009978
 30
0.0
 10
-56.7744950013455
 20
-30.53943965058896
 30
0.0
 10
-54.7727730623061
 20
-30.6392494558249
 30
0.0
 10
-53.48182689553869
 20
-30.72079298731882
 30
0.0
 10
-53.171159057146
 20
-30.768070459569568
 30
0.0
 10
-53.04659000505259
 20
-30.787027394198297
 30
0.0
  0
SPLINE
  5
FB
330
2F
100
AcDbEntity
  8
0
  6
Continuous
 62
7
370
25
100
AcDbSpline
 70
8
 71
3
 72
15
 73
11
 74
0
 42
1e-08
 43
1e-08
 40
0.0
 40
0.0
 40
0.0
 40
0.0
 40
0.014280138460769
 40
0.1406083173952526
 40
0.2695702299283982
 40
0.4379156686513526
 40
0.6082238140306964
 40
0.7776432657310665
 40
0.9108403182866174
 40
1.0
 40
1.0
 40
1.0
 40
1.0
 10
-62.22255955822139
 20
-31.56485028763882
 30
0.0
 10
-62.23576843779419
 20
-31.56793264683515
 30
0.0
 10
-62.365828684514995
 20
-31.598282866574888
 30
0.0
 10
-61.9328515685052
 20
-31.651124810838358
 30
0.0
 10
-60.95102741985639
 20
-31.74542341779323
 30
0.0
 10
-59.11265102029549
 20
-31.840109312037107
 30
0.0
 10
-56.774495115080995
 20
-31.950550761968778
 30
0.0
 10
-54.77277267882499
 20
-32.05036056603032
 30
0.0
 10
-53.481822919517
 20
-32.131904411560264
 30
0.0
 10
-53.1711535311825
 20
-32.17918220267129
 30
0.0
 10
-53.046582607468096
 20
-32.19813945540033
 30
0.0
  0
SPLINE
  5
FC
330
2F
100
AcDbEntity
  8
0
  6
Continuous
 62
7
370
25
100
AcDbSpline
 70
8
 71
3
 72
15
 73
11
 74
0
 42
1e-08
 43
1e-08
 40
0.0
 40
0.0
 40
0.0
 40
0.0
 40
0.0142801171309627
 40
0.1406081073729079
 40
0.2695698272795877
 40
0.4379150145501073
 40
0.6082229055453813
 40
0.7776421041890963
 40
0.9108389577922822
 40
1.0
 40
1.0
 40
1.0
 40
1.0
 10
-62.22255955822139
 20
-32.97596139874996
 30
0.0
 10
-62.23576843779699
 20
-32.97904375794618
 30
0.0
 10
-62.36582868454549
 20
-33.00939397768603
 30
0.0
 10
-61.93285156702889
 20
-33.06223592194606
 30
0.0
 10
-60.95102742591749
 20
-33.15653452891869
 30
0.0
 10
-59.11265098986769
 20
-33.25122042307631
 30
0.0
 10
-56.774495228812896
 20
-33.36166187334848
 30
0.0
 10
-54.77277229535599
 20
-33.46147167623574
 30
0.0
 10
-53.48181894355939
 20
-33.54301583579638
 30
0.0
 10
-53.17114800530889
 20
-33.590293945762106
 30
0.0
 10
-53.04657521000949
 20
-33.60925151658627
 30
0.0
  0
SPLINE
  5
FD
330
2F
100
AcDbEntity
  8
0
  6
Continuous
 62
7
370
25
100
AcDbSpline
 70
8
 71
3
 72
15
 73
11
 74
0
 42
1e-08
 43
1e-08
 40
0.0
 40
0.0
 40
0.0
 40
0.0
 40
0.0142800958015834
 40
0.1406078973547663
 40
0.2695694246388352
 40
0.4379143604619522
 40
0.6082219970782474
 40
0.7776409426703715
 40
0.910837597325174
 40
1.0
 40
1.0
 40
1.0
 40
1.0
 10
-62.22255955822139
 20
-34.387072509860985
 30
0.0
 10
-62.23576843779979
 20
-34.39015486905732
 30
0.0
 10
-62.36582868457589
 20
-34.42050508879728
 30
0.0
 10
-61.9328515655525
 20
-34.47334703305364
 30
0.0
 10
-60.95102743197819
 20
-34.56764564004415
 30
0.0
 10
-59.1126509594408
 20
-34.662331534115616
 30
0.0
 10
-56.7744953425412
 20
-34.77277298472819
 30
0.0
 10
-54.7727719118991
 20
-34.87258278644127
 30
0.0
 10
-53.4818149676659
 20
-34.95412726002716
 30
0.0
 10
-53.17114247952519
 20
-35.001405688842176
 30
0.0
 10
-53.0465678126767
 20
-35.020363577756
 30
0.0
  0
SPLINE
  5
FE
330
2F
100
AcDbEntity
  8
0
  6
Continuous
 62
7
370
25
100
AcDbSpline
 70
8
 71
3
 72
17
 73
13
 74
0
 42
1e-08
 43
1e-08
 40
0.0
 40
0.0
 40
0.0
 40
0.0
 40
1.61469103274e-05
 40
0.0007550056667478
 40
0.0357241971041287
 40
0.0884054854843255
 40
0.1800878276427662
 40
0.3719961538595742
 40
0.5616632244475349
 40
0.7502182760316162
 40
0.9344580602642573
 40
1.0
 40
1.0
 40
1.0
 40
1.0
 10
-56.623940785378196
 20
14.25555386231787
 30
0.0
 10
-56.62398380011179
 20
14.25555498438781
 30
0.0
 10
-56.62599510549059
 20
14.255607450717699
 30
0.0
 10
-56.72117233735949
 20
14.25809068519453
 30
0.0
 10
-56.9578094362347
 20
14.26431848930416
 30
0.0
 10
-57.4412698203775
 20
14.27731891723584
 30
0.0
 10
-58.348219245431494
 20
14.302530876974929
 30
0.0
 10
-59.579699593220596
 20
14.33947808929371
 30
0.0
 10
-60.829153465899
 20
14.38002920342103
 30
0.0
 10
-61.64744083028489
 20
14.425714050028189
 30
0.0
 10
-62.02269533352879
 20
14.45788162448271
 30
0.0
 10
-61.93859652068009
 20
14.47780243833054
 30
0.0
 10
-61.91652925636629
 20
14.48302959730742
 30
0.0
  0
SPLINE
  5
FF
330
2F
100
AcDbEntity
  8
0
  6
Continuous
 62
7
370
25
100
AcDbSpline
 70
8
 71
3
 72
10
 73
6
 74
0
 42
1e-08
 43
1e-08
 40
0.0
 40
0.0
 40
0.0
 40
0.0
 40
0.3879925741599311
 40
0.7566207923364681
 40
1.0
 40
1.0
 40
1.0
 40
1.0
 10
-56.610650541984
 20
13.62777452883114
 30
0.0
 10
-56.1048576749412
 20
13.59800472387214
 30
0.0
 10
-55.118515602161395
 20
13.539950897804589
 30
0.0
 10
-54.1306106376597
 20
13.464898639042
 30
0.0
 10
-53.869650196612895
 20
13.41786743324381
 30
0.0
 10
-53.765873113702
 20
13.39916436344542
 30
0.0
  0
SPLINE
  5
100
330
2F
100
AcDbEntity
  8
0
  6
Continuous
 62
7
370
25
100
AcDbSpline
 70
8
 71
3
 72
17
 73
13
 74
0
 42
1e-08
 43
1e-08
 40
0.0
 40
0.0
 40
0.0
 40
0.0
 40
1.61469103283e-05
 40
0.0007550056667478
 40
0.0357241971041287
 40
0.0884054854843263
 40
0.180087827642767
 40
0.3719961538595742
 40
0.5616632244475348
 40
0.7502182760316156
 40
0.934458060264257
 40
1.0
 40
1.0
 40
1.0
 40
1.0
 10
58.37605921462179
 20
14.25555386231787
 30
0.0
 10
58.37601619988825
 20
14.25555498438781
 30
0.0
 10
58.37400489451038
 20
14.255607450717589
 30
0.0
 10
58.27882766261861
 20
14.25809068519725
 30
0.0
 10
58.042190563780395
 20
14.26431848930227
 30
0.0
 10
57.55873017961403
 20
14.27731891723689
 30
0.0
 10
56.651780754574716
 20
14.30253087697415
 30
0.0
 10
55.420300406777315
 20
14.339478089293989
 30
0.0
 10
54.17084653410153
 20
14.38002920342098
 30
0.0
 10
53.35255916971499
 20
14.425714050028189
 30
0.0
 10
52.97730466647121
 20
14.45788162448271
 30
0.0
 10
53.06140347931986
 20
14.47780243833054
 30
0.0
 10
53.08347074363368
 20
14.48302959730742
 30
0.0
  0
SPLINE
  5
101
330
2F
100
AcDbEntity
  8
0
  6
Continuous
 62
7
370
25
100
AcDbSpline
 70
8
 71
3
 72
10
 73
6
 74
0
 42
1e-08
 43
1e-08
 40
0.0
 40
0.0
 40
0.0
 40
0.0
 40
0.3666945153337733
 40
0.7302075487335952
 40
0.9999999999999999
 40
0.9999999999999999
 40
0.9999999999999999
 40
0.9999999999999999
 10
58.37606657700712
 20
14.25555381079453
 30
0.0
 10
59.1389880299264
 20
14.217018559343659
 30
0.0
 10
60.65821174535446
 20
14.140282392520529
 30
0.0
 10
62.08563025804989
 20
14.03937900735265
 30
0.0
 10
62.12555783444847
 20
13.972472873129039
 30
0.0
 10
62.14256725402642
 20
13.94397040410895
 30
0.0
  0
SPLINE
  5
102
330
2F
100
AcDbEntity
  8
0
  6
Continuous
 62
7
370
25
100
AcDbSpline
 70
8
 71
3
 72
15
 73
11
 74
0
 42
1e-08
 43
1e-08
 40
0.0
 40
0.0
 40
0.0
 40
0.0
 40
0.0593488532898758
 40
0.1844529552899385
 40
0.3095253636892616
 40
0.4346191649130244
 40
0.5596925567375688
 40
0.721150881242539
 40
0.8812083755713853
 40
1.0
 40
1.0
 40
1.0
 40
1.0
 10
52.849532619035024
 20
13.23883370076452
 30
0.0
 10
52.82245064289967
 20
13.224834027828159
 30
0.0
 10
52.73828135813085
 20
13.18132381822741
 30
0.0
 10
53.439393297326006
 20
13.10873885784087
 30
0.0
 10
54.735375613402084
 20
13.02067492916749
 30
0.0
 10
56.495813470324784
 20
12.93243117268457
 30
0.0
 10
58.586156305627355
 20
12.83631786371671
 30
0.0
 10
60.64695828042777
 20
12.72900640273218
 30
0.0
 10
62.087607859916616
 20
12.62829687081797
 30
0.0
 10
62.12614862536275
 20
12.56137041791418
 30
0.0
 10
62.14256725402642
 20
12.53285929299787
 30
0.0
  0
SPLINE
  5
103
330
2F
100
AcDbEntity
  8
0
  6
Continuous
 62
7
370
25
100
AcDbSpline
 70
8
 71
3
 72
9
 73
5
 74
0
 42
1e-08
 43
1e-08
 40
0.0
 40
0.0
 40
0.0
 40
0.0
 40
0.5350319847381366
 40
1.0
 40
1.0
 40
1.0
 40
1.0
 10
60.74750235905868
 20
-2.808933521831579
 30
0.0
 10
61.227784847791625
 20
-2.8405509758393936
 30
0.0
 10
62.125455458957084
 20
-2.89964548777437
 30
0.0
 10
62.1371361201668
 20
-2.96088739921223
 30
0.0
 10
62.142567254026424
 20
-2.989362929224403
 30
0.0
  0
SPLINE
  5
104
330
2F
100
AcDbEntity
  8
0
  6
Continuous
 62
7
370
25
100
AcDbSpline
 70
8
 71
3
 72
15
 73
11
 74
0
 42
1e-08
 43
1e-08
 40
0.0
 40
0.0
 40
0.0
 40
0.0
 40
0.0593488532898758
 40
0.1844529552899385
 40
0.3095253636892616
 40
0.4346191649130245
 40
0.5596925567375688
 40
0.721150881242539
 40
0.8812083755713853
 40
1.0
 40
1.0
 40
1.0
 40
1.0
 10
52.849532619035024
 20
-3.694499632568781
 30
0.0
 10
52.82245064289967
 20
-3.708499305505141
 30
0.0
 10
52.73828135813085
 20
-3.752009515105946
 30
0.0
 10
53.43939329732601
 20
-3.8245944754924808
 30
0.0
 10
54.735375613402084
 20
-3.912658404165813
 30
0.0
 10
56.49581347032479
 20
-4.0009021606487885
 30
0.0
 10
58.58615630562736
 20
-4.0970154696166485
 30
0.0
 10
60.64695828042777
 20
-4.204326930601175
 30
0.0
 10
62.08760785991662
 20
-4.305036462515387
 30
0.0
 10
62.12614862536276
 20
-4.371962915419235
 30
0.0
 10
62.142567254026424
 20
-4.400474040335432
 30
0.0
  0
SPLINE
  5
105
330
2F
100
AcDbEntity
  8
0
  6
Continuous
 62
7
370
25
100
AcDbSpline
 70
8
 71
3
 72
15
 73
11
 74
0
 42
1e-08
 43
1e-08
 40
0.0
 40
0.0
 40
0.0
 40
0.0
 40
0.0593488532898758
 40
0.1844529552899385
 40
0.3095253636892616
 40
0.4346191649130245
 40
0.5596925567375688
 40
0.721150881242539
 40
0.8812083755713853
 40
1.0
 40
1.0
 40
1.0
 40
1.0
 10
52.849532619035024
 20
-5.105610743679921
 30
0.0
 10
52.82245064289967
 20
-5.119610416616281
 30
0.0
 10
52.73828135813085
 20
-5.163120626216976
 30
0.0
 10
53.43939329732601
 20
-5.235705586603511
 30
0.0
 10
54.735375613402084
 20
-5.323769515276954
 30
0.0
 10
56.49581347032479
 20
-5.412013271759928
 30
0.0
 10
58.58615630562736
 20
-5.508126580727788
 30
0.0
 10
60.64695828042777
 20
-5.615438041712316
 30
0.0
 10
62.08760785991662
 20
-5.716147573626417
 30
0.0
 10
62.12614862536276
 20
-5.783074026530265
 30
0.0
 10
62.142567254026424
 20
-5.8115851514465735
 30
0.0
  0
SPLINE
  5
106
330
2F
100
AcDbEntity
  8
0
  6
Continuous
 62
7
370
25
100
AcDbSpline
 70
8
 71
3
 72
15
 73
11
 74
0
 42
1e-08
 43
1e-08
 40
0.0
 40
0.0
 40
0.0
 40
0.0
 40
0.0593488532898758
 40
0.1844529552899385
 40
0.3095253636892616
 40
0.4346191649130245
 40
0.5596925567375688
 40
0.721150881242539
 40
0.8812083755713853
 40
1.0
 40
1.0
 40
1.0
 40
1.0
 10
52.849532619035024
 20
-6.5167218547910615
 30
0.0
 10
52.82245064289967
 20
-6.530721527727422
 30
0.0
 10
52.73828135813085
 20
-6.574231737328116
 30
0.0
 10
53.43939329732601
 20
-6.646816697714652
 30
0.0
 10
54.735375613402084
 20
-6.734880626388094
 30
0.0
 10
56.49581347032479
 20
-6.82312438287096
 30
0.0
 10
58.58615630562736
 20
-6.919237691838818
 30
0.0
 10
60.64695828042777
 20
-7.026549152823456
 30
0.0
 10
62.08760785991662
 20
-7.127258684737557
 30
0.0
 10
62.12614862536276
 20
-7.194185137641407
 30
0.0
 10
62.142567254026424
 20
-7.222696262557713
 30
0.0
  0
SPLINE
  5
107
330
2F
100
AcDbEntity
  8
0
  6
Continuous
 62
7
370
25
100
AcDbSpline
 70
8
 71
3
 72
15
 73
11
 74
0
 42
1e-08
 43
1e-08
 40
0.0
 40
0.0
 40
0.0
 40
0.0
 40
0.0593488532898758
 40
0.1844529552899385
 40
0.3095253636892616
 40
0.4346191649130245
 40
0.5596925567375688
 40
0.721150881242539
 40
0.8812083755713853
 40
1.0
 40
1.0
 40
1.0
 40
1.0
 10
52.849532619035024
 20
-7.927832965902203
 30
0.0
 10
52.82245064289967
 20
-7.941832638838562
 30
0.0
 10
52.73828135813085
 20
-7.985342848439258
 30
0.0
 10
53.43939329732601
 20
-8.057927808825792
 30
0.0
 10
54.735375613402084
 20
-8.145991737499235
 30
0.0
 10
56.49581347032479
 20
-8.2342354939821
 30
0.0
 10
58.58615630562736
 20
-8.33034880294996
 30
0.0
 10
60.64695828042777
 20
-8.437660263934488
 30
0.0
 10
62.08760785991662
 20
-8.538369795848698
 30
0.0
 10
62.12614862536276
 20
-8.605296248752547
 30
0.0
 10
62.142567254026424
 20
-8.633807373668855
 30
0.0
  0
SPLINE
  5
108
330
2F
100
AcDbEntity
  8
0
  6
Continuous
 62
7
370
25
100
AcDbSpline
 70
8
 71
3
 72
15
 73
11
 74
0
 42
1e-08
 43
1e-08
 40
0.0
 40
0.0
 40
0.0
 40
0.0
 40
0.0593488532898758
 40
0.1844529552899385
 40
0.3095253636892616
 40
0.4346191649130245
 40
0.5596925567375688
 40
0.721150881242539
 40
0.8812083755713853
 40
1.0
 40
1.0
 40
1.0
 40
1.0
 10
52.849532619035024
 20
-9.338944077013231
 30
0.0
 10
52.82245064289967
 20
-9.352943749949594
 30
0.0
 10
52.73828135813085
 20
-9.396453959550398
 30
0.0
 10
53.43939329732601
 20
-9.469038919936933
 30
0.0
 10
54.735375613402084
 20
-9.557102848610265
 30
0.0
 10
56.49581347032479
 20
-9.64534660509324
 30
0.0
 10
58.58615630562736
 20
-9.741459914061101
 30
0.0
 10
60.64695828042777
 20
-9.848771375045628
 30
0.0
 10
62.08760785991662
 20
-9.94948090695984
 30
0.0
 10
62.12614862536276
 20
-10.016407359863686
 30
0.0
 10
62.142567254026424
 20
-10.044918484779885
 30
0.0
  0
SPLINE
  5
109
330
2F
100
AcDbEntity
  8
0
  6
Continuous
 62
7
370
25
100
AcDbSpline
 70
8
 71
3
 72
15
 73
11
 74
0
 42
1e-08
 43
1e-08
 40
0.0
 40
0.0
 40
0.0
 40
0.0
 40
0.0593488532898758
 40
0.1844529552899385
 40
0.3095253636892616
 40
0.4346191649130245
 40
0.5596925567375688
 40
0.721150881242539
 40
0.8812083755713853
 40
1.0
 40
1.0
 40
1.0
 40
1.0
 10
52.849532619035024
 20
-10.750055188124373
 30
0.0
 10
52.82245064289967
 20
-10.764054861060734
 30
0.0
 10
52.73828135813085
 20
-10.807565070661427
 30
0.0
 10
53.43939329732601
 20
-10.880150031047963
 30
0.0
 10
54.735375613402084
 20
-10.968213959721405
 30
0.0
 10
56.49581347032479
 20
-11.056457716204381
 30
0.0
 10
58.58615630562736
 20
-11.152571025172241
 30
0.0
 10
60.64695828042777
 20
-11.259882486156767
 30
0.0
 10
62.08760785991662
 20
-11.36059201807087
 30
0.0
 10
62.12614862536276
 20
-11.42751847097472
 30
0.0
 10
62.142567254026424
 20
-11.45602959589103
 30
0.0
  0
SPLINE
  5
10A
330
2F
100
AcDbEntity
  8
0
  6
Continuous
 62
7
370
25
100
AcDbSpline
 70
8
 71
3
 72
15
 73
11
 74
0
 42
1e-08
 43
1e-08
 40
0.0
 40
0.0
 40
0.0
 40
0.0
 40
0.0593488532898758
 40
0.1844529552899385
 40
0.3095253636892616
 40
0.4346191649130245
 40
0.5596925567375688
 40
0.7211508812425389
 40
0.8812083755713853
 40
1.0
 40
1.0
 40
1.0
 40
1.0
 10
52.849532619035024
 20
-12.16116629923551
 30
0.0
 10
52.82245064289967
 20
-12.17516597217187
 30
0.0
 10
52.738281358130855
 20
-12.21867618177257
 30
0.0
 10
53.43939329732601
 20
-12.291261142159101
 30
0.0
 10
54.735375613402084
 20
-12.37932507083255
 30
0.0
 10
56.49581347032479
 20
-12.46756882731541
 30
0.0
 10
58.58615630562736
 20
-12.563682136283271
 30
0.0
 10
60.64695828042777
 20
-12.67099359726791
 30
0.0
 10
62.087607859916616
 20
-12.77170312918201
 30
0.0
 10
62.12614862536276
 20
-12.83862958208586
 30
0.0
 10
62.142567254026424
 20
-12.86714070700217
 30
0.0
  0
SPLINE
  5
10B
330
2F
100
AcDbEntity
  8
0
  6
Continuous
 62
7
370
25
100
AcDbSpline
 70
8
 71
3
 72
15
 73
11
 74
0
 42
1e-08
 43
1e-08
 40
0.0
 40
0.0
 40
0.0
 40
0.0
 40
0.0593488532898758
 40
0.1844529552899385
 40
0.3095253636892616
 40
0.4346191649130245
 40
0.5596925567375688
 40
0.7211508812425389
 40
0.8812083755713853
 40
1.0
 40
1.0
 40
1.0
 40
1.0
 10
52.849532619035024
 20
-13.572277410346661
 30
0.0
 10
52.82245064289967
 20
-13.58627708328301
 30
0.0
 10
52.738281358130855
 20
-13.62978729288371
 30
0.0
 10
53.43939329732601
 20
-13.70237225327024
 30
0.0
 10
54.735375613402084
 20
-13.79043618194358
 30
0.0
 10
56.49581347032479
 20
-13.87867993842655
 30
0.0
 10
58.58615630562736
 20
-13.97479324739441
 30
0.0
 10
60.64695828042777
 20
-14.08210470837894
 30
0.0
 10
62.087607859916616
 20
-14.182814240293151
 30
0.0
 10
62.12614862536276
 20
-14.249740693197001
 30
0.0
 10
62.142567254026424
 20
-14.27825181811331
 30
0.0
  0
SPLINE
  5
10C
330
2F
100
AcDbEntity
  8
0
  6
Continuous
 62
7
370
25
100
AcDbSpline
 70
8
 71
3
 72
15
 73
11
 74
0
 42
1e-08
 43
1e-08
 40
0.0
 40
0.0
 40
0.0
 40
0.0
 40
0.0593488532898758
 40
0.1844529552899385
 40
0.3095253636892616
 40
0.4346191649130245
 40
0.5596925567375688
 40
0.7211508812425389
 40
0.8812083755713853
 40
1.0
 40
1.0
 40
1.0
 40
1.0
 10
52.849532619035024
 20
-14.983388521457691
 30
0.0
 10
52.82245064289967
 20
-14.99738819439404
 30
0.0
 10
52.738281358130855
 20
-15.04089840399485
 30
0.0
 10
53.43939329732601
 20
-15.11348336438139
 30
0.0
 10
54.735375613402084
 20
-15.20154729305472
 30
0.0
 10
56.49581347032479
 20
-15.28979104953769
 30
0.0
 10
58.58615630562736
 20
-15.38590435850555
 30
0.0
 10
60.64695828042777
 20
-15.49321581949008
 30
0.0
 10
62.087607859916616
 20
-15.593925351404291
 30
0.0
 10
62.12614862536276
 20
-15.660851804308031
 30
0.0
 10
62.142567254026424
 20
-15.689362929224341
 30
0.0
  0
SPLINE
  5
10D
330
2F
100
AcDbEntity
  8
0
  6
Continuous
 62
7
370
25
100
AcDbSpline
 70
8
 71
3
 72
15
 73
11
 74
0
 42
1e-08
 43
1e-08
 40
0.0
 40
0.0
 40
0.0
 40
0.0
 40
0.0593488532898758
 40
0.1844529552899385
 40
0.3095253636892616
 40
0.4346191649130245
 40
0.5596925567375688
 40
0.721150881242539
 40
0.8812083755713853
 40
1.0
 40
1.0
 40
1.0
 40
1.0
 10
52.849532619035024
 20
-16.39449963256883
 30
0.0
 10
52.82245064289967
 20
-16.408499305505188
 30
0.0
 10
52.73828135813085
 20
-16.45200951510588
 30
0.0
 10
53.43939329732601
 20
-16.52459447549242
 30
0.0
 10
54.735375613402084
 20
-16.61265840416586
 30
0.0
 10
56.49581347032479
 20
-16.70090216064872
 30
0.0
 10
58.58615630562736
 20
-16.79701546961669
 30
0.0
 10
60.64695828042777
 20
-16.90432693060122
 30
0.0
 10
62.08760785991662
 20
-17.00503646251532
 30
0.0
 10
62.12614862536276
 20
-17.07196291541917
 30
0.0
 10
62.142567254026424
 20
-17.10047404033548
 30
0.0
  0
SPLINE
  5
10E
330
2F
100
AcDbEntity
  8
0
  6
Continuous
 62
7
370
25
100
AcDbSpline
 70
8
 71
3
 72
15
 73
11
 74
0
 42
1e-08
 43
1e-08
 40
0.0
 40
0.0
 40
0.0
 40
0.0
 40
0.0593488532898758
 40
0.1844529552899385
 40
0.3095253636892616
 40
0.4346191649130245
 40
0.5596925567375688
 40
0.721150881242539
 40
0.8812083755713853
 40
1.0
 40
1.0
 40
1.0
 40
1.0
 10
52.84953261903504
 20
-17.80561074367996
 30
0.0
 10
52.822450642899675
 20
-17.819610416616328
 30
0.0
 10
52.73828135813086
 20
-17.863120626217018
 30
0.0
 10
53.43939329732601
 20
-17.935705586603557
 30
0.0
 10
54.735375613402084
 20
-18.023769515277
 30
0.0
 10
56.495813470324805
 20
-18.11201327175986
 30
0.0
 10
58.58615630562737
 20
-18.20812658072772
 30
0.0
 10
60.64695828042778
 20
-18.315438041712248
 30
0.0
 10
62.08760785991663
 20
-18.416147573626457
 30
0.0
 10
62.12614862536277
 20
-18.483074026530307
 30
0.0
 10
62.14256725402643
 20
-18.511585151446617
 30
0.0
  0
SPLINE
  5
10F
330
2F
100
AcDbEntity
  8
0
  6
Continuous
 62
7
370
25
100
AcDbSpline
 70
8
 71
3
 72
15
 73
11
 74
0
 42
1e-08
 43
1e-08
 40
0.0
 40
0.0
 40
0.0
 40
0.0
 40
0.0593488532898758
 40
0.1844529552899385
 40
0.3095253636892616
 40
0.4346191649130245
 40
0.5596925567375688
 40
0.721150881242539
 40
0.8812083755713853
 40
1.0
 40
1.0
 40
1.0
 40
1.0
 10
52.84953261903504
 20
-19.2167218547911
 30
0.0
 10
52.822450642899675
 20
-19.230721527727468
 30
0.0
 10
52.73828135813086
 20
-19.274231737328158
 30
0.0
 10
53.43939329732601
 20
-19.346816697714697
 30
0.0
 10
54.735375613402084
 20
-19.43488062638803
 30
0.0
 10
56.495813470324805
 20
-19.523124382871
 30
0.0
 10
58.58615630562737
 20
-19.61923769183886
 30
0.0
 10
60.64695828042778
 20
-19.726549152823388
 30
0.0
 10
62.08760785991663
 20
-19.827258684737597
 30
0.0
 10
62.12614862536277
 20
-19.894185137641447
 30
0.0
 10
62.14256725402643
 20
-19.922696262557647
 30
0.0
  0
SPLINE
  5
110
330
2F
100
AcDbEntity
  8
0
  6
Continuous
 62
7
370
25
100
AcDbSpline
 70
8
 71
3
 72
15
 73
11
 74
0
 42
1e-08
 43
1e-08
 40
0.0
 40
0.0
 40
0.0
 40
0.0
 40
0.0593488532898758
 40
0.1844529552899385
 40
0.3095253636892616
 40
0.4346191649130241
 40
0.5596925567375685
 40
0.721150881242539
 40
0.8812083755713853
 40
1.0
 40
1.0
 40
1.0
 40
1.0
 10
52.84953261903504
 20
-20.62783296590214
 30
0.0
 10
52.822450642899675
 20
-20.641832638838498
 30
0.0
 10
52.73828135813086
 20
-20.685342848439298
 30
0.0
 10
53.43939329732603
 20
-20.75792780882572
 30
0.0
 10
54.735375613402084
 20
-20.84599173749917
 30
0.0
 10
56.49581347032479
 20
-20.93423549398214
 30
0.0
 10
58.58615630562736
 20
-21.030348802949998
 30
0.0
 10
60.64695828042777
 20
-21.137660263934528
 30
0.0
 10
62.08760785991663
 20
-21.23836979584874
 30
0.0
 10
62.12614862536277
 20
-21.30529624875248
 30
0.0
 10
62.14256725402643
 20
-21.33380737366879
 30
0.0
  0
SPLINE
  5
111
330
2F
100
AcDbEntity
  8
0
  6
Continuous
 62
7
370
25
100
AcDbSpline
 70
8
 71
3
 72
15
 73
11
 74
0
 42
1e-08
 43
1e-08
 40
0.0
 40
0.0
 40
0.0
 40
0.0
 40
0.0593488532898758
 40
0.1844529552899386
 40
0.3095253636892618
 40
0.4346191649130243
 40
0.5596925567375682
 40
0.7211508812425388
 40
0.8812083755713852
 40
1.0
 40
1.0
 40
1.0
 40
1.0
 10
52.84953261903504
 20
-22.03894407701328
 30
0.0
 10
52.822450642899675
 20
-22.052943749949637
 30
0.0
 10
52.73828135813086
 20
-22.096453959550328
 30
0.0
 10
53.43939329732601
 20
-22.16903891993687
 30
0.0
 10
54.7353756134021
 20
-22.25710284861031
 30
0.0
 10
56.49581347032479
 20
-22.34534660509328
 30
0.0
 10
58.58615630562736
 20
-22.441459914061138
 30
0.0
 10
60.64695828042777
 20
-22.548771375045668
 30
0.0
 10
62.08760785991662
 20
-22.64948090695977
 30
0.0
 10
62.12614862536276
 20
-22.71640735986362
 30
0.0
 10
62.14256725402642
 20
-22.74491848477993
 30
0.0
  0
SPLINE
  5
112
330
2F
100
AcDbEntity
  8
0
  6
Continuous
 62
7
370
25
100
AcDbSpline
 70
8
 71
3
 72
15
 73
11
 74
0
 42
1e-08
 43
1e-08
 40
0.0
 40
0.0
 40
0.0
 40
0.0
 40
0.0593488532898758
 40
0.1844529552899385
 40
0.3095253636892616
 40
0.4346191649130245
 40
0.5596925567375683
 40
0.721150881242539
 40
0.8812083755713853
 40
1.0
 40
1.0
 40
1.0
 40
1.0
 10
52.849532619035024
 20
-23.45005518812442
 30
0.0
 10
52.82245064289967
 20
-23.464054861060777
 30
0.0
 10
52.73828135813085
 20
-23.507565070661467
 30
0.0
 10
53.43939329732601
 20
-23.58015003104801
 30
0.0
 10
54.735375613402084
 20
-23.66821395972145
 30
0.0
 10
56.49581347032479
 20
-23.75645771620431
 30
0.0
 10
58.58615630562736
 20
-23.85257102517218
 30
0.0
 10
60.64695828042777
 20
-23.959882486156808
 30
0.0
 10
62.08760785991662
 20
-24.06059201807091
 30
0.0
 10
62.12614862536276
 20
-24.12751847097476
 30
0.0
 10
62.14256725402642
 20
-24.15602959589107
 30
0.0
  0
SPLINE
  5
113
330
2F
100
AcDbEntity
  8
0
  6
Continuous
 62
7
370
25
100
AcDbSpline
 70
8
 71
3
 72
15
 73
11
 74
0
 42
1e-08
 43
1e-08
 40
0.0
 40
0.0
 40
0.0
 40
0.0
 40
0.0593488532898758
 40
0.1844529552899385
 40
0.3095253636892616
 40
0.4346191649130245
 40
0.5596925567375683
 40
0.721150881242539
 40
0.8812083755713853
 40
1.0
 40
1.0
 40
1.0
 40
1.0
 10
52.849532619035024
 20
-24.86116629923556
 30
0.0
 10
52.82245064289967
 20
-24.875165972171917
 30
0.0
 10
52.73828135813085
 20
-24.918676181772607
 30
0.0
 10
53.43939329732601
 20
-24.99126114215915
 30
0.0
 10
54.735375613402084
 20
-25.07932507083248
 30
0.0
 10
56.49581347032479
 20
-25.16756882731545
 30
0.0
 10
58.58615630562736
 20
-25.263682136283318
 30
0.0
 10
60.64695828042777
 20
-25.370993597267837
 30
0.0
 10
62.08760785991662
 20
-25.47170312918205
 30
0.0
 10
62.12614862536276
 20
-25.5386295820859
 30
0.0
 10
62.14256725402642
 20
-25.5671407070021
 30
0.0
  0
SPLINE
  5
114
330
2F
100
AcDbEntity
  8
0
  6
Continuous
 62
7
370
25
100
AcDbSpline
 70
8
 71
3
 72
15
 73
11
 74
0
 42
1e-08
 43
1e-08
 40
0.0
 40
0.0
 40
0.0
 40
0.0
 40
0.0593488532898758
 40
0.1844529552899385
 40
0.3095253636892616
 40
0.4346191649130245
 40
0.5596925567375683
 40
0.721150881242539
 40
0.8812083755713853
 40
1.0
 40
1.0
 40
1.0
 40
1.0
 10
52.849532619035024
 20
-26.27227741034659
 30
0.0
 10
52.82245064289967
 20
-26.286277083282947
 30
0.0
 10
52.73828135813085
 20
-26.329787292883747
 30
0.0
 10
53.43939329732601
 20
-26.40237225327018
 30
0.0
 10
54.735375613402084
 20
-26.49043618194362
 30
0.0
 10
56.49581347032479
 20
-26.5786799384266
 30
0.0
 10
58.58615630562736
 20
-26.674793247394458
 30
0.0
 10
60.64695828042777
 20
-26.782104708378977
 30
0.0
 10
62.08760785991662
 20
-26.88281424029319
 30
0.0
 10
62.12614862536276
 20
-26.94974069319693
 30
0.0
 10
62.14256725402642
 20
-26.97825181811324
 30
0.0
  0
SPLINE
  5
115
330
2F
100
AcDbEntity
  8
0
  6
Continuous
 62
7
370
25
100
AcDbSpline
 70
8
 71
3
 72
15
 73
11
 74
0
 42
1e-08
 43
1e-08
 40
0.0
 40
0.0
 40
0.0
 40
0.0
 40
0.0593488532898758
 40
0.1844529552899385
 40
0.3095253636892616
 40
0.4346191649130245
 40
0.5596925567375683
 40
0.721150881242539
 40
0.8812083755713853
 40
1.0
 40
1.0
 40
1.0
 40
1.0
 10
52.849532619035024
 20
-27.68338852145773
 30
0.0
 10
52.82245064289967
 20
-27.69738819439409
 30
0.0
 10
52.73828135813085
 20
-27.740898403994787
 30
0.0
 10
53.43939329732601
 20
-27.81348336438132
 30
0.0
 10
54.735375613402084
 20
-27.901547293054758
 30
0.0
 10
56.49581347032479
 20
-27.98979104953762
 30
0.0
 10
58.58615630562736
 20
-28.085904358505488
 30
0.0
 10
60.64695828042777
 20
-28.193215819490117
 30
0.0
 10
62.08760785991662
 20
-28.29392535140422
 30
0.0
 10
62.12614862536276
 20
-28.36085180430807
 30
0.0
 10
62.14256725402642
 20
-28.38936292922438
 30
0.0
  0
SPLINE
  5
116
330
2F
100
AcDbEntity
  8
0
  6
Continuous
 62
7
370
25
100
AcDbSpline
 70
8
 71
3
 72
15
 73
11
 74
0
 42
1e-08
 43
1e-08
 40
0.0
 40
0.0
 40
0.0
 40
0.0
 40
0.0593488532898758
 40
0.1844529552899385
 40
0.3095253636892614
 40
0.4346191649130246
 40
0.5596925567375685
 40
0.721150881242539
 40
0.8812083755713853
 40
1.0
 40
1.0
 40
1.0
 40
1.0
 10
52.849532619035024
 20
-29.09449963256887
 30
0.0
 10
52.82245064289967
 20
-29.10849930550523
 30
0.0
 10
52.73828135813085
 20
-29.152009515105927
 30
0.0
 10
53.43939329732601
 20
-29.22459447549246
 30
0.0
 10
54.73537561340208
 20
-29.312658404165898
 30
0.0
 10
56.49581347032479
 20
-29.40090216064877
 30
0.0
 10
58.586156305627355
 20
-29.497015469616628
 30
0.0
 10
60.64695828042777
 20
-29.604326930601157
 30
0.0
 10
62.08760785991662
 20
-29.70503646251536
 30
0.0
 10
62.12614862536276
 20
-29.77196291541921
 30
0.0
 10
62.14256725402642
 20
-29.80047404033552
 30
0.0
  0
SPLINE
  5
117
330
2F
100
AcDbEntity
  8
0
  6
Continuous
 62
7
370
25
100
AcDbSpline
 70
8
 71
3
 72
15
 73
11
 74
0
 42
1e-08
 43
1e-08
 40
0.0
 40
0.0
 40
0.0
 40
0.0
 40
0.0593488532898758
 40
0.1844529552899385
 40
0.3095253636892613
 40
0.4346191649130245
 40
0.5596925567375685
 40
0.721150881242539
 40
0.8812083755713853
 40
1.0
 40
1.0
 40
1.0
 40
1.0
 10
52.849532619035024
 20
-30.50561074368001
 30
0.0
 10
52.82245064289967
 20
-30.51961041661637
 30
0.0
 10
52.738281358130855
 20
-30.563120626217067
 30
0.0
 10
53.43939329732601
 20
-30.6357055866036
 30
0.0
 10
54.73537561340208
 20
-30.723769515276928
 30
0.0
 10
56.49581347032479
 20
-30.81201327175991
 30
0.0
 10
58.586156305627355
 20
-30.908126580727767
 30
0.0
 10
60.64695828042777
 20
-31.015438041712297
 30
0.0
 10
62.08760785991662
 20
-31.11614757362651
 30
0.0
 10
62.12614862536276
 20
-31.18307402653035
 30
0.0
 10
62.14256725402642
 20
-31.21158515144655
 30
0.0
  0
SPLINE
  5
118
330
2F
100
AcDbEntity
  8
0
  6
Continuous
 62
7
370
25
100
AcDbSpline
 70
8
 71
3
 72
15
 73
11
 74
0
 42
1e-08
 43
1e-08
 40
0.0
 40
0.0
 40
0.0
 40
0.0
 40
0.0593488532898758
 40
0.1844529552899385
 40
0.3095253636892614
 40
0.4346191649130247
 40
0.5596925567375686
 40
0.7211508812425391
 40
0.8812083755713852
 40
1.0
 40
1.0
 40
1.0
 40
1.0
 10
52.849532619035024
 20
-31.91672185479104
 30
0.0
 10
52.82245064289967
 20
-31.9307215277274
 30
0.0
 10
52.73828135813085
 20
-31.9742317373282
 30
0.0
 10
53.43939329732603
 20
-32.04681669771463
 30
0.0
 10
54.73537561340208
 20
-32.13488062638807
 30
0.0
 10
56.49581347032479
 20
-32.22312438287105
 30
0.0
 10
58.586156305627355
 20
-32.31923769183891
 30
0.0
 10
60.64695828042777
 20
-32.42654915282343
 30
0.0
 10
62.087607859916616
 20
-32.52725868473765
 30
0.0
 10
62.12614862536275
 20
-32.59418513764138
 30
0.0
 10
62.14256725402642
 20
-32.62269626255769
 30
0.0
  0
SPLINE
  5
119
330
2F
100
AcDbEntity
  8
0
  6
Continuous
 62
7
370
25
100
AcDbSpline
 70
8
 71
3
 72
15
 73
11
 74
0
 42
1e-08
 43
1e-08
 40
0.0
 40
0.0
 40
0.0
 40
0.0
 40
0.0593488532898758
 40
0.1844529552899385
 40
0.3095253636892614
 40
0.4346191649130246
 40
0.5596925567375685
 40
0.721150881242539
 40
0.881208375571385
 40
1.0
 40
1.0
 40
1.0
 40
1.0
 10
52.849532619035024
 20
-33.32783296590218
 30
0.0
 10
52.82245064289967
 20
-33.34183263883854
 30
0.0
 10
52.73828135813085
 20
-33.38534284843923
 30
0.0
 10
53.43939329732601
 20
-33.457927808825765
 30
0.0
 10
54.73537561340208
 20
-33.54599173749922
 30
0.0
 10
56.49581347032479
 20
-33.634235493982075
 30
0.0
 10
58.586156305627355
 20
-33.73034880295005
 30
0.0
 10
60.64695828042777
 20
-33.837660263934566
 30
0.0
 10
62.087607859916616
 20
-33.93836979584867
 30
0.0
 10
62.12614862536276
 20
-34.00529624875252
 30
0.0
 10
62.14256725402643
 20
-34.03380737366883
 30
0.0
  0
SPLINE
  5
11A
330
2F
100
AcDbEntity
  8
0
  6
Continuous
 62
7
370
25
100
AcDbSpline
 70
8
 71
3
 72
15
 73
11
 74
0
 42
1e-08
 43
1e-08
 40
0.0
 40
0.0
 40
0.0
 40
0.0
 40
0.0142808212376365
 40
0.1406150403067101
 40
0.2695831189012616
 40
0.4379366067318343
 40
0.6082528950617736
 40
0.7776804472215901
 40
0.9108838683334775
 40
0.9999999999999999
 40
0.9999999999999999
 40
0.9999999999999999
 40
0.9999999999999999
 10
52.777440441778666
 20
13.590705267916789
 30
0.0
 10
52.76423156229534
 20
13.58762290872069
 30
0.0
 10
52.63417131645606
 20
13.55727268898306
 30
0.0
 10
53.067148384227295
 20
13.50443074460557
 30
0.0
 10
54.04897277419737
 20
13.41013213822063
 30
0.0
 10
55.887348005510624
 20
13.31544624121773
 30
0.0
 10
58.22550852622014
 20
13.205004802186739
 30
0.0
 10
60.22721504383023
 20
13.10519496052916
 30
0.0
 10
61.518049816407746
 20
13.023661166780899
 30
0.0
 10
61.828669593959084
 20
12.97639358185377
 30
0.0
 10
61.95318060816611
 20
12.95744651098536
 30
0.0
  0
SPLINE
  5
11B
330
2F
100
AcDbEntity
  8
0
  6
Continuous
 62
7
370
25
100
AcDbSpline
 70
8
 71
3
 72
12
 73
8
 74
0
 42
1e-08
 43
1e-08
 40
0.0
 40
0.0
 40
0.0
 40
0.0
 40
0.0284130412535157
 40
0.2797668897759106
 40
0.5363610503299513
 40
0.8713161985882872
 40
1.0
 40
1.0
 40
1.0
 40
1.0
 10
52.777440441778666
 20
12.17959415680565
 30
0.0
 10
52.76423303240379
 20
12.17651175905117
 30
0.0
 10
52.63418726187756
 20
12.146161159651239
 30
0.0
 10
53.066372317515366
 20
12.09333998837721
 30
0.0
 10
54.052158867030876
 20
11.99893746142473
 30
0.0
 10
55.460403010054165
 20
11.926030241228359
 30
0.0
 10
56.504957258192356
 20
11.87591075191925
 30
0.0
 10
56.794875116747676
 20
11.861999999999659
 30
0.0
  0
SPLINE
  5
11C
330
2F
100
AcDbEntity
  8
0
  6
Continuous
 62
7
370
25
100
AcDbSpline
 70
8
 71
3
 72
15
 73
11
 74
0
 42
1e-08
 43
1e-08
 40
0.0
 40
0.0
 40
0.0
 40
0.0
 40
0.0142805651459301
 40
0.140612518718841
 40
0.2695782845853817
 40
0.4379287534066673
 40
0.6082419875292786
 40
0.7776665014190832
 40
0.9108675338524191
 40
1.0
 40
1.0
 40
1.0
 40
1.0
 10
52.777440441778666
 20
-3.342628065416563
 30
0.0
 10
52.764231562261756
 20
-3.345710424612779
 30
0.0
 10
52.63417131609177
 20
-3.3760606443511847
 30
0.0
 10
53.067148401958114
 20
-3.428902588685932
 30
0.0
 10
54.04897270140455
 20
-3.5232011952846407
 30
0.0
 10
55.887348370947166
 20
-3.617887091252591
 30
0.0
 10
58.22550716030672
 20
-3.728328534372592
 30
0.0
 10
60.22721964926917
 20
-3.828138361927346
 30
0.0
 10
61.518097547974406
 20
-3.909675925725263
 30
0.0
 10
61.82873593260763
 20
-3.956947338610227
 30
0.0
 10
61.95326941712158
 20
-3.97589822831239
 30
0.0
  0
SPLINE
  5
11D
330
2F
100
AcDbEntity
  8
0
  6
Continuous
 62
7
370
25
100
AcDbSpline
 70
8
 71
3
 72
15
 73
11
 74
0
 42
1e-08
 43
1e-08
 40
0.0
 40
0.0
 40
0.0
 40
0.0
 40
0.0142805438076681
 40
0.1406123086132369
 40
0.2695778817769486
 40
0.4379280990461157
 40
0.6082410786838116
 40
0.7776653394166415
 40
0.9108661728187415
 40
1.0
 40
1.0
 40
1.0
 40
1.0
 10
52.777440441778666
 20
-4.753739176527704
 30
0.0
 10
52.76423156225896
 20
-4.756821535723808
 30
0.0
 10
52.63417131606143
 20
-4.787171755462326
 30
0.0
 10
53.0671484034354
 20
-4.84001369979352
 30
0.0
 10
54.04897269533971
 20
-4.934312306410103
 30
0.0
 10
55.887348401394064
 20
-5.028998202291788
 30
0.0
 10
58.22550704650357
 20
-5.139439645752407
 30
0.0
 10
60.2272200329783
 20
-5.239249472132211
 30
0.0
 10
61.51810152519954
 20
-5.320787350067068
 30
0.0
 10
61.82874146025951
 20
-5.36805908191411
 30
0.0
 10
61.953276817070645
 20
-5.387010289818183
 30
0.0
  0
SPLINE
  5
11E
330
2F
100
AcDbEntity
  8
0
  6
Continuous
 62
7
370
25
100
AcDbSpline
 70
8
 71
3
 72
15
 73
11
 74
0
 42
1e-08
 43
1e-08
 40
0.0
 40
0.0
 40
0.0
 40
0.0
 40
0.0142805224698254
 40
0.1406120985117611
 40
0.2695774789764302
 40
0.4379274446984217
 40
0.6082401698562023
 40
0.7776641774370319
 40
0.9108648118118066
 40
0.9999999999999999
 40
0.9999999999999999
 40
0.9999999999999999
 40
0.9999999999999999
 10
52.777440441778666
 20
-6.164850287638844
 30
0.0
 10
52.76423156225616
 20
-6.167932646834949
 30
0.0
 10
52.634171316031086
 20
-6.198282866573578
 30
0.0
 10
53.067148404912615
 20
-6.251124810901107
 30
0.0
 10
54.048972689275054
 20
-6.345423417535455
 30
0.0
 10
55.88734843184002
 20
-6.4401093133309875
 30
0.0
 10
58.225506932703965
 20
-6.550550757132333
 30
0.0
 10
60.22722041667549
 20
-6.650360582337077
 30
0.0
 10
61.51810550236197
 20
-6.731898774403543
 30
0.0
 10
61.82874698782339
 20
-6.779170825207336
 30
0.0
 10
61.95328421689643
 20
-6.798122351308098
 30
0.0
  0
SPLINE
  5
11F
330
2F
100
AcDbEntity
  8
0
  6
Continuous
 62
7
370
25
100
AcDbSpline
 70
8
 71
3
 72
15
 73
11
 74
0
 42
1e-08
 43
1e-08
 40
0.0
 40
0.0
 40
0.0
 40
0.0
 40
0.0142805011324022
 40
0.1406118884144163
 40
0.2695770761838315
 40
0.4379267903635932
 40
0.6082392610464622
 40
0.7776630154802685
 40
0.9108634508316312
 40
1.0
 40
1.0
 40
1.0
 40
1.0
 10
52.777440441778666
 20
-7.5759613987498735
 30
0.0
 10
52.764231562253364
 20
-7.57904375794609
 30
0.0
 10
52.63417131600073
 20
-7.609393977684718
 30
0.0
 10
53.067148406389805
 20
-7.662235922008808
 30
0.0
 10
54.048972683210586
 20
-7.756534528660918
 30
0.0
 10
55.887348462285026
 20
-7.851220424370185
 30
0.0
 10
58.2255068189079
 20
-7.961661868512259
 30
0.0
 10
60.22722080036073
 20
-8.061471692542053
 30
0.0
 10
61.51810947946162
 20
-8.1430101987348
 30
0.0
 10
61.82875251529923
 20
-8.190282568490124
 30
0.0
 10
61.953291616598825
 20
-8.20923441278225
 30
0.0
  0
SPLINE
  5
120
330
2F
100
AcDbEntity
  8
0
  6
Continuous
 62
7
370
25
100
AcDbSpline
 70
8
 71
3
 72
15
 73
11
 74
0
 42
1e-08
 43
1e-08
 40
0.0
 40
0.0
 40
0.0
 40
0.0
 40
0.014280479795399
 40
0.1406116783212073
 40
0.269576673399162
 40
0.4379261360416456
 40
0.6082383522546124
 40
0.7776618535463791
 40
0.9108620898782477
 40
1.0
 40
1.0
 40
1.0
 40
1.0
 10
52.777440441778666
 20
-8.987072509861015
 30
0.0
 10
52.764231562250565
 20
-8.99015486905723
 30
0.0
 10
52.634171315970384
 20
-9.02050508879586
 30
0.0
 10
53.067148407866945
 20
-9.073347033116397
 30
0.0
 10
54.04897267714631
 20
-9.16764563978638
 30
0.0
 10
55.887348492729075
 20
-9.262331535409384
 30
0.0
 10
58.225506705115386
 20
-9.372772979892073
 30
0.0
 10
60.227221184034015
 20
-9.47258280274703
 30
0.0
 10
61.518113456498426
 20
-9.554121623060729
 30
0.0
 10
61.828758042686864
 20
-9.601394311762256
 30
0.0
 10
61.95329901617767
 20
-9.620346474240415
 30
0.0
  0
SPLINE
  5
121
330
2F
100
AcDbEntity
  8
0
  6
Continuous
 62
7
370
25
100
AcDbSpline
 70
8
 71
3
 72
15
 73
11
 74
0
 42
1e-08
 43
1e-08
 40
0.0
 40
0.0
 40
0.0
 40
0.0
 40
0.0142804584588161
 40
0.1406114682321347
 40
0.2695762706224225
 40
0.43792548173258
 40
0.6082374434806546
 40
0.7776606916353651
 40
0.9108607289516578
 40
1.0
 40
1.0
 40
1.0
 40
1.0
 10
52.77744044177868
 20
-10.398183620972157
 30
0.0
 10
52.76423156224777
 20
-10.401265980168372
 30
0.0
 10
52.634171315939994
 20
-10.431616199907111
 30
0.0
 10
53.067148409344036
 20
-10.484458144223984
 30
0.0
 10
54.04897267108222
 20
-10.578756750911843
 30
0.0
 10
55.88734852317218
 20
-10.673442646448583
 30
0.0
 10
58.22550659132642
 20
-10.783884091271888
 30
0.0
 10
60.22722156769532
 20
-10.883693912952006
 30
0.0
 10
61.5181174334724
 20
-10.96523304738155
 30
0.0
 10
61.82876356998626
 20
-11.01250605502384
 30
0.0
 10
61.95330641563286
 20
-11.031458535682814
 30
0.0
  0
SPLINE
  5
122
330
2F
100
AcDbEntity
  8
0
  6
Continuous
 62
7
370
25
100
AcDbSpline
 70
8
 71
3
 72
15
 73
11
 74
0
 42
1e-08
 43
1e-08
 40
0.0
 40
0.0
 40
0.0
 40
0.0
 40
0.0142804371226538
 40
0.1406112581472071
 40
0.26957586785363
 40
0.4379248274364246
 40
0.6082365347246278
 40
0.7776595297472771
 40
0.9108593680519208
 40
1.0
 40
1.0
 40
1.0
 40
1.0
 10
52.777440441778666
 20
-11.8092947320833
 30
0.0
 10
52.764231562244966
 20
-11.8123770912794
 30
0.0
 10
52.6341713159097
 20
-11.842727311018251
 30
0.0
 10
53.067148410821076
 20
-11.895569255331681
 30
0.0
 10
54.04897266501831
 20
-11.989867862037201
 30
0.0
 10
55.88734855361434
 20
-12.08455375748778
 30
0.0
 10
58.225506477541
 20
-12.19499520265181
 30
0.0
 10
60.227221951344674
 20
-12.29480502315698
 30
0.0
 10
61.51812141038329
 20
-12.37634447169704
 30
0.0
 10
61.828769097197274
 20
-12.423617798274881
 30
0.0
 10
61.953313814964275
 20
-12.44257059710923
 30
0.0
  0
SPLINE
  5
123
330
2F
100
AcDbEntity
  8
0
  6
Continuous
 62
7
370
25
100
AcDbSpline
 70
8
 71
3
 72
15
 73
11
 74
0
 42
1e-08
 43
1e-08
 40
0.0
 40
0.0
 40
0.0
 40
0.0
 40
0.0142804157869128
 40
0.1406110480664258
 40
0.2695754650927865
 40
0.4379241731531822
 40
0.6082356259865358
 40
0.7776583678821196
 40
0.9108580071790418
 40
1.0
 40
1.0
 40
1.0
 40
1.0
 10
52.777440441778666
 20
-13.22040584319433
 30
0.0
 10
52.764231562242166
 20
-13.22348820239054
 30
0.0
 10
52.634171315879335
 20
-13.253838422129391
 30
0.0
 10
53.067148412298074
 20
-13.30668036643927
 30
0.0
 10
54.048972658954604
 20
-13.40097897316266
 30
0.0
 10
55.887348584055545
 20
-13.49566486852709
 30
0.0
 10
58.22550636375914
 20
-13.60610631403163
 30
0.0
 10
60.22722233498204
 20
-13.70591613336207
 30
0.0
 10
61.51812538723114
 20
-13.787455896007321
 30
0.0
 10
61.8287746243198
 20
-13.83472954151525
 30
0.0
 10
61.95332121417173
 20
-13.85368265851965
 30
0.0
  0
SPLINE
  5
124
330
2F
100
AcDbEntity
  8
0
  6
Continuous
 62
7
370
25
100
AcDbSpline
 70
8
 71
3
 72
15
 73
11
 74
0
 42
1e-08
 43
1e-08
 40
0.0
 40
0.0
 40
0.0
 40
0.0
 40
0.0142803944515931
 40
0.1406108379897928
 40
0.269575062339896
 40
0.4379235188828595
 40
0.6082347172663881
 40
0.7776572060399046
 40
0.9108566463330349
 40
1.0
 40
1.0
 40
1.0
 40
1.0
 10
52.777440441778666
 20
-14.63151695430547
 30
0.0
 10
52.764231562239374
 20
-14.634599313501681
 30
0.0
 10
52.634171315848995
 20
-14.664949533240641
 30
0.0
 10
53.067148413775016
 20
-14.71779147754686
 30
0.0
 10
54.04897265289109
 20
-14.812090084288121
 30
0.0
 10
55.8873486144958
 20
-14.90677597956629
 30
0.0
 10
58.225506249980825
 20
-15.01721742541144
 30
0.0
 10
60.22722271860743
 20
-15.11702724356716
 30
0.0
 10
61.51812936401589
 20
-15.198567320312371
 30
0.0
 10
61.828780151353804
 20
-15.24584128474509
 30
0.0
 10
61.95332861325518
 20
-15.26479471991431
 30
0.0
  0
SPLINE
  5
125
330
2F
100
AcDbEntity
  8
0
  6
Continuous
 62
7
370
25
100
AcDbSpline
 70
8
 71
3
 72
15
 73
11
 74
0
 42
1e-08
 43
1e-08
 40
0.0
 40
0.0
 40
0.0
 40
0.0
 40
0.0142803731166952
 40
0.1406106279173134
 40
0.2695746595949687
 40
0.4379228646254729
 40
0.6082338085642074
 40
0.7776560442206613
 40
0.9108552855139345
 40
0.9999999999999999
 40
0.9999999999999999
 40
0.9999999999999999
 40
0.9999999999999999
 10
52.777440441778666
 20
-16.042628065416608
 30
0.0
 10
52.764231562236574
 20
-16.04571042461282
 30
0.0
 10
52.63417131581866
 20
-16.076060644351788
 30
0.0
 10
53.06714841525191
 20
-16.128902588654558
 30
0.0
 10
54.04897264682776
 20
-16.22320119541358
 30
0.0
 10
55.8873486449351
 20
-16.31788709060549
 30
0.0
 10
58.22550613620607
 20
-16.42832853679126
 30
0.0
 10
60.22722310222081
 20
-16.52813835377225
 30
0.0
 10
61.51813334073747
 20
-16.6096787446121
 30
0.0
 10
61.82878567829911
 20
-16.65695302796426
 30
0.0
 10
61.9533360122144
 20
-16.67590678129287
 30
0.0
  0
SPLINE
  5
126
330
2F
100
AcDbEntity
  8
0
  6
Continuous
 62
7
370
25
100
AcDbSpline
 70
8
 71
3
 72
15
 73
11
 74
0
 42
1e-08
 43
1e-08
 40
0.0
 40
0.0
 40
0.0
 40
0.0
 40
0.0142803517822196
 40
0.1406104178489921
 40
0.2695742568580131
 40
0.4379222103810367
 40
0.6082328998800137
 40
0.777654882424415
 40
0.9108539247217698
 40
1.0
 40
1.0
 40
1.0
 40
1.0
 10
52.777440441778666
 20
-17.453739176527638
 30
0.0
 10
52.764231562233775
 20
-17.456821535723957
 30
0.0
 10
52.634171315788294
 20
-17.487171755463038
 30
0.0
 10
53.06714841672876
 20
-17.54001369976215
 30
0.0
 10
54.0489726407646
 20
-17.634312306538927
 30
0.0
 10
55.88734867537345
 20
-17.72899820164468
 30
0.0
 10
58.225506022434885
 20
-17.83943964817107
 30
0.0
 10
60.22722348582221
 20
-17.93924946397744
 30
0.0
 10
61.518137317395755
 20
-18.020790168906608
 30
0.0
 10
61.828791205155675
 20
-18.068064771172768
 30
0.0
 10
61.953343411049325
 20
-18.08701884265555
 30
0.0
  0
SPLINE
  5
127
330
2F
100
AcDbEntity
  8
0
  6
Continuous
 62
7
370
25
100
AcDbSpline
 70
8
 71
3
 72
15
 73
11
 74
0
 42
1e-08
 43
1e-08
 40
0.0
 40
0.0
 40
0.0
 40
0.0
 40
0.0142803304481666
 40
0.1406102077848317
 40
0.2695738541290348
 40
0.4379215561495587
 40
0.6082319912138178
 40
0.7776537206511801
 40
0.9108525639565583
 40
0.9999999999999999
 40
0.9999999999999999
 40
0.9999999999999999
 40
0.9999999999999999
 10
52.77744044177868
 20
-18.864850287638777
 30
0.0
 10
52.76423156223099
 20
-18.867932646834998
 30
0.0
 10
52.63417131575795
 20
-18.898282866574178
 30
0.0
 10
53.0671484182056
 20
-18.95112481086973
 30
0.0
 10
54.048972634701656
 20
-19.0454234176644
 30
0.0
 10
55.88734870581085
 20
-19.14010931268388
 30
0.0
 10
58.225505908667245
 20
-19.25055075955089
 30
0.0
 10
60.22722386941162
 20
-19.350360574182528
 30
0.0
 10
61.51814129399069
 20
-19.43190159319579
 30
0.0
 10
61.82879673192338
 20
-19.47917651437074
 30
0.0
 10
61.953350809759804
 20
-19.49813090400225
 30
0.0
  0
SPLINE
  5
128
330
2F
100
AcDbEntity
  8
0
  6
Continuous
 62
7
370
25
100
AcDbSpline
 70
8
 71
3
 72
15
 73
11
 74
0
 42
1e-08
 43
1e-08
 40
0.0
 40
0.0
 40
0.0
 40
0.0
 40
0.0142803091145367
 40
0.1406099977248373
 40
0.2695734514080431
 40
0.4379209019310555
 40
0.6082310825656425
 40
0.7776525589009854
 40
0.9108512032183332
 40
1.0
 40
1.0
 40
1.0
 40
1.0
 10
52.77744044177868
 20
-20.275961398749917
 30
0.0
 10
52.76423156222819
 20
-20.279043757946138
 30
0.0
 10
52.63417131572763
 20
-20.309393977685428
 30
0.0
 10
53.067148419682354
 20
-20.36223592197732
 30
0.0
 10
54.04897262863889
 20
-20.45653452878986
 30
0.0
 10
55.887348736247304
 20
-20.551220423723187
 30
0.0
 10
58.22550579490317
 20
-20.661661870930697
 30
0.0
 10
60.22722425298899
 20
-20.76147168438773
 30
0.0
 10
61.5181452705222
 20
-20.84301301747975
 30
0.0
 10
61.828802258602096
 20
-20.890288257558048
 30
0.0
 10
61.953358208345655
 20
-20.909242965332957
 30
0.0
  0
SPLINE
  5
129
330
2F
100
AcDbEntity
  8
0
  6
Continuous
 62
7
370
25
100
AcDbSpline
 70
8
 71
3
 72
15
 73
11
 74
0
 42
1e-08
 43
1e-08
 40
0.0
 40
0.0
 40
0.0
 40
0.0
 40
0.0142802877813301
 40
0.1406097876690108
 40
0.2695730486950424
 40
0.4379202477255336
 40
0.6082301739354969
 40
0.7776513971738425
 40
0.9108498425071084
 40
1.0
 40
1.0
 40
1.0
 40
1.0
 10
52.77744044177868
 20
-21.687072509861057
 30
0.0
 10
52.7642315622254
 20
-21.690154869057277
 30
0.0
 10
52.63417131569727
 20
-21.720505088796568
 30
0.0
 10
53.067148421159075
 20
-21.77334703308502
 30
0.0
 10
54.048972622576336
 20
-21.86764563991521
 30
0.0
 10
55.88734876668279
 20
-21.962331534762388
 30
0.0
 10
58.22550568114266
 20
-22.072772982310408
 30
0.0
 10
60.227224636554375
 20
-22.172582794593037
 30
0.0
 10
61.51814924699021
 20
-22.25412444175838
 30
0.0
 10
61.82880778519177
 20
-22.30140000073459
 30
0.0
 10
61.95336560680684
 20
-22.32035502664757
 30
0.0
  0
SPLINE
  5
12A
330
2F
100
AcDbEntity
  8
0
  6
Continuous
 62
7
370
25
100
AcDbSpline
 70
8
 71
3
 72
15
 73
11
 74
0
 42
1e-08
 43
1e-08
 40
0.0
 40
0.0
 40
0.0
 40
0.0
 40
0.0142802664485471
 40
0.1406095776173553
 40
0.2695726459900383
 40
0.437919593533002
 40
0.6082292653233938
 40
0.7776502354697677
 40
0.9108484818229029
 40
1.0
 40
1.0
 40
1.0
 40
1.0
 10
52.777440441778666
 20
-23.09818362097209
 30
0.0
 10
52.764231562222584
 20
-23.101265980168417
 30
0.0
 10
52.63417131566693
 20
-23.131616199907707
 30
0.0
 10
53.06714842263572
 20
-23.184458144192607
 30
0.0
 10
54.04897261651394
 20
-23.278756751040667
 30
0.0
 10
55.887348797117326
 20
-23.37344264580159
 30
0.0
 10
58.2255055673857
 20
-23.483884093690218
 30
0.0
 10
60.22722502010772
 20
-23.58369390479824
 30
0.0
 10
61.51815322339471
 20
-23.66523586603168
 30
0.0
 10
61.8288133116923
 20
-23.712511743900478
 30
0.0
 10
61.95337300514318
 20
-23.73146708794631
 30
0.0
  0
SPLINE
  5
12B
330
2F
100
AcDbEntity
  8
0
  6
Continuous
 62
7
370
25
100
AcDbSpline
 70
8
 71
3
 72
15
 73
11
 74
0
 42
1e-08
 43
1e-08
 40
0.0
 40
0.0
 40
0.0
 40
0.0
 40
0.0142802451161884
 40
0.1406093675698783
 40
0.2695722432930448
 40
0.4379189393534836
 40
0.6082283567293648
 40
0.7776490737888015
 40
0.910847121165764
 40
1.0
 40
1.0
 40
1.0
 40
1.0
 10
52.777440441778666
 20
-24.50929473208323
 30
0.0
 10
52.76423156221979
 20
-24.51237709127955
 30
0.0
 10
52.63417131563659
 20
-24.542727311018957
 30
0.0
 10
53.06714842411235
 20
-24.59556925530031
 30
0.0
 10
54.048972610451756
 20
-24.68986786216614
 30
0.0
 10
55.88734882755091
 20
-24.7845537568409
 30
0.0
 10
58.22550545363233
 20
-24.89499520507003
 30
0.0
 10
60.22722540364903
 20
-24.99480501500355
 30
0.0
 10
61.51815719973554
 20
-25.07634729029977
 30
0.0
 10
61.82881883810351
 20
-25.12362348705581
 30
0.0
 10
61.95338040335446
 20
-25.142579149228837
 30
0.0
  0
SPLINE
  5
12C
330
2F
100
AcDbEntity
  8
0
  6
Continuous
 62
7
370
25
100
AcDbSpline
 70
8
 71
3
 72
15
 73
11
 74
0
 42
1e-08
 43
1e-08
 40
0.0
 40
0.0
 40
0.0
 40
0.0
 40
0.0142802237842541
 40
0.1406091575265795
 40
0.2695718406040618
 40
0.4379182851869783
 40
0.6082274481534098
 40
0.7776479121309438
 40
0.9108457605356918
 40
1.0
 40
1.0
 40
1.0
 40
1.0
 10
52.777440441778666
 20
-25.92040584319437
 30
0.0
 10
52.76423156221699
 20
-25.923488202390587
 30
0.0
 10
52.63417131560627
 20
-25.953838422130097
 30
0.0
 10
53.067148425588925
 20
-26.0066803664079
 30
0.0
 10
54.048972604389746
 20
-26.10097897329149
 30
0.0
 10
55.88734885798354
 20
-26.195664867880097
 30
0.0
 10
58.225505339882524
 20
-26.30610631644974
 30
0.0
 10
60.22722578717832
 20
-26.405916125208858
 30
0.0
 10
61.5181611760127
 20
-26.48745871456253
 30
0.0
 10
61.828824364425394
 20
-26.53473523020027
 30
0.0
 10
61.95338780144067
 20
-26.55369121049538
 30
0.0
  0
SPLINE
  5
12D
330
2F
100
AcDbEntity
  8
0
  6
Continuous
 62
7
370
25
100
AcDbSpline
 70
8
 71
3
 72
15
 73
11
 74
0
 42
1e-08
 43
1e-08
 40
0.0
 40
0.0
 40
0.0
 40
0.0
 40
0.0142802024527447
 40
0.1406089474874639
 40
0.2695714379230986
 40
0.4379176310335011
 40
0.6082265395955495
 40
0.7776467504962211
 40
0.9108443999327172
 40
1.0
 40
1.0
 40
1.0
 40
1.0
 10
52.777440441778666
 20
-27.33151695430551
 30
0.0
 10
52.76423156221419
 20
-27.33459931350173
 30
0.0
 10
52.63417131557591
 20
-27.364949533241358
 30
0.0
 10
53.06714842706546
 20
-27.41779147751548
 30
0.0
 10
54.048972598327936
 20
-27.512090084416947
 30
0.0
 10
55.88734888841521
 20
-27.6067759789193
 30
0.0
 10
58.22550522613628
 20
-27.71721742782955
 30
0.0
 10
60.22722617069556
 20
-27.81702723541417
 30
0.0
 10
61.51816515222608
 20
-27.89857013881995
 30
0.0
 10
61.82882989065786
 20
-27.945846973334177
 30
0.0
 10
61.95339519940168
 20
-27.96480327174582
 30
0.0
  0
SPLINE
  5
12E
330
2F
100
AcDbEntity
  8
0
  6
Continuous
 62
7
370
25
100
AcDbSpline
 70
8
 71
3
 72
15
 73
11
 74
0
 42
1e-08
 43
1e-08
 40
0.0
 40
0.0
 40
0.0
 40
0.0
 40
0.0142801811216604
 40
0.1406087374525345
 40
0.269571035250161
 40
0.4379169768930614
 40
0.6082256310557972
 40
0.7776455888846503
 40
0.9108430393568598
 40
1.0
 40
1.0
 40
1.0
 40
1.0
 10
52.777440441778666
 20
-28.74262806541654
 30
0.0
 10
52.76423156221139
 20
-28.74571042461287
 30
0.0
 10
52.63417131554557
 20
-28.776060644352498
 30
0.0
 10
53.067148428541955
 20
-28.82890258862307
 30
0.0
 10
54.04897259226632
 20
-28.923201195542408
 30
0.0
 10
55.88734891884592
 20
-29.0178870899586
 30
0.0
 10
58.22550511239362
 20
-29.12832853920926
 30
0.0
 10
60.227226554200755
 20
-29.228138345619588
 30
0.0
 10
61.518169128375675
 20
-29.309681563072047
 30
0.0
 10
61.82883541680075
 20
-29.3569587164572
 30
0.0
 10
61.953402597237286
 20
-29.37591533298005
 30
0.0
  0
SPLINE
  5
12F
330
2F
100
AcDbEntity
  8
0
  6
Continuous
 62
7
370
25
100
AcDbSpline
 70
8
 71
3
 72
15
 73
11
 74
0
 42
1e-08
 43
1e-08
 40
0.0
 40
0.0
 40
0.0
 40
0.0
 40
0.0142801597910016
 40
0.1406085274217957
 40
0.2695706325852574
 40
0.437916322765673
 40
0.608224722534172
 40
0.7776444272962558
 40
0.9108416788081487
 40
0.9999999999999999
 40
0.9999999999999999
 40
0.9999999999999999
 40
0.9999999999999999
 10
52.777440441778666
 20
-30.15373917652768
 30
0.0
 10
52.76423156220859
 20
-30.15682153572401
 30
0.0
 10
52.63417131551525
 20
-30.187171755463638
 30
0.0
 10
53.06714843001839
 20
-30.240013699730767
 30
0.0
 10
54.048972586204876
 20
-30.33431230666788
 30
0.0
 10
55.8873489492757
 20
-30.4289982009978
 30
0.0
 10
58.22550499865452
 20
-30.53943965058896
 30
0.0
 10
60.2272269376939
 20
-30.6392494558249
 30
0.0
 10
61.51817310446134
 20
-30.72079298731882
 30
0.0
 10
61.82884094285402
 20
-30.768070459569568
 30
0.0
 10
61.95340999494742
 20
-30.787027394198297
 30
0.0
  0
SPLINE
  5
130
330
2F
100
AcDbEntity
  8
0
  6
Continuous
 62
7
370
25
100
AcDbSpline
 70
8
 71
3
 72
15
 73
11
 74
0
 42
1e-08
 43
1e-08
 40
0.0
 40
0.0
 40
0.0
 40
0.0
 40
0.0142801384607691
 40
0.1406083173952526
 40
0.269570229928398
 40
0.4379156686513522
 40
0.6082238140306965
 40
0.7776432657310666
 40
0.9108403182866175
 40
1.0
 40
1.0
 40
1.0
 40
1.0
 10
52.777440441778666
 20
-31.56485028763882
 30
0.0
 10
52.76423156220581
 20
-31.56793264683515
 30
0.0
 10
52.63417131548491
 20
-31.598282866574888
 30
0.0
 10
53.067148431494786
 20
-31.651124810838358
 30
0.0
 10
54.04897258014365
 20
-31.74542341779323
 30
0.0
 10
55.88734897970449
 20
-31.840109312037107
 30
0.0
 10
58.22550488491902
 20
-31.950550761968668
 30
0.0
 10
60.22722732117498
 20
-32.05036056603032
 30
0.0
 10
61.518177080483
 20
-32.131904411560264
 30
0.0
 10
61.828846468817495
 20
-32.17918220267129
 30
0.0
 10
61.953417392531875
 20
-32.19813945540033
 30
0.0
  0
SPLINE
  5
131
330
2F
100
AcDbEntity
  8
0
  6
Continuous
 62
7
370
25
100
AcDbSpline
 70
8
 71
3
 72
15
 73
11
 74
0
 42
1e-08
 43
1e-08
 40
0.0
 40
0.0
 40
0.0
 40
0.0
 40
0.0142801171309628
 40
0.1406081073729079
 40
0.2695698272795874
 40
0.437915014550107
 40
0.6082229055453814
 40
0.7776421041890963
 40
0.9108389577922822
 40
1.0
 40
1.0
 40
1.0
 40
1.0
 10
52.777440441778666
 20
-32.97596139874996
 30
0.0
 10
52.76423156220301
 20
-32.97904375794618
 30
0.0
 10
52.63417131545458
 20
-33.00939397768603
 30
0.0
 10
53.06714843297114
 20
-33.06223592194595
 30
0.0
 10
54.0489725740826
 20
-33.15653452891869
 30
0.0
 10
55.88734901013234
 20
-33.25122042307631
 30
0.0
 10
58.225504771187076
 20
-33.36166187334848
 30
0.0
 10
60.227227704643994
 20
-33.46147167623574
 30
0.0
 10
61.5181810564406
 20
-33.54301583579638
 30
0.0
 10
61.82885199469112
 20
-33.590293945762106
 30
0.0
 10
61.95342478999056
 20
-33.60925151658627
 30
0.0
  0
SPLINE
  5
132
330
2F
100
AcDbEntity
  8
0
  6
Continuous
 62
7
370
25
100
AcDbSpline
 70
8
 71
3
 72
15
 73
11
 74
0
 42
1e-08
 43
1e-08
 40
0.0
 40
0.0
 40
0.0
 40
0.0
 40
0.0142800958015835
 40
0.1406078973547663
 40
0.2695694246388349
 40
0.4379143604619519
 40
0.6082219970782475
 40
0.7776409426703716
 40
0.9108375973251741
 40
1.0
 40
1.0
 40
1.0
 40
1.0
 10
52.777440441778666
 20
-34.387072509860985
 30
0.0
 10
52.764231562200216
 20
-34.39015486905732
 30
0.0
 10
52.634171315424254
 20
-34.42050508879717
 30
0.0
 10
53.06714843444743
 20
-34.47334703305364
 30
0.0
 10
54.04897256802174
 20
-34.56764564004415
 30
0.0
 10
55.88734904055923
 20
-34.662331534115616
 30
0.0
 10
58.22550465745872
 20
-34.77277298472819
 30
0.0
 10
60.227228088100944
 20
-34.87258278644127
 30
0.0
 10
61.518185032334046
 20
-34.954127260027256
 30
0.0
 10
61.82885752047479
 20
-35.001405688842176
 30
0.0
 10
61.95343218732333
 20
-35.020363577756
 30
0.0
  0
SPLINE
  5
133
330
2F
100
AcDbEntity
  8
0
  6
Continuous
 62
7
370
25
100
AcDbSpline
 70
8
 71
3
 72
10
 73
6
 74
0
 42
1e-08
 43
1e-08
 40
0.0
 40
0.0
 40
0.0
 40
0.0
 40
0.387992574159932
 40
0.7566207923364682
 40
1.0
 40
1.0
 40
1.0
 40
1.0
 10
58.38934945801599
 20
13.62777452883114
 30
0.0
 10
58.8951423250588
 20
13.59800472387214
 30
0.0
 10
59.88148439783855
 20
13.539950897804589
 30
0.0
 10
60.869389362340314
 20
13.464898639042
 30
0.0
 10
61.130349803387084
 20
13.41786743324381
 30
0.0
 10
61.234126886297986
 20
13.39916436344542
 30
0.0
  0
SPLINE
  5
134
330
2F
100
AcDbEntity
  8
0
  6
Continuous
 62
7
370
25
100
AcDbSpline
 70
24
 71
3
 72
9
 73
5
 74
0
 42
1e-08
 43
1e-08
 40
0.0
 40
0.0
 40
0.0
 40
0.0
 40
0.2318492724220124
 40
1.0
 40
1.0
 40
1.0
 40
1.0
 10
-36.22710744557479
 20
26.446254195109162
 30
0.0
 10
-36.07746865096699
 20
26.69187693761206
 30
0.0
 10
-35.4320545289183
 20
27.751283939139462
 30
0.0
 10
-34.802942091962706
 20
28.78393274196257
 30
0.0
 10
-34.31968891578693
 20
29.57716267118361
 30
0.0
  0
SPLINE
  5
135
330
2F
100
AcDbEntity
  8
0
  6
Continuous
 62
7
370
25
100
AcDbSpline
 70
24
 71
3
 72
9
 73
5
 74
0
 42
1e-08
 43
1e-08
 40
0.0
 40
0.0
 40
0.0
 40
0.0
 40
0.0702136491267772
 40
0.9999999999999999
 40
0.9999999999999999
 40
0.9999999999999999
 40
0.9999999999999999
 10
-36.0774259280975
 20
32.79448981166634
 30
0.0
 10
-36.1191024633915
 20
32.870773719431725
 30
0.0
 10
-36.7126698938324
 20
33.95722783076289
 30
0.0
 10
-37.29433689861129
 20
35.021899637803344
 30
0.0
 10
-37.8351629404081
 20
36.01181695214912
 30
0.0
  0
SPLINE
  5
136
330
2F
100
AcDbEntity
  8
0
  6
Continuous
 62
7
370
25
100
AcDbSpline
 70
24
 71
3
 72
9
 73
5
 74
0
 42
1e-08
 43
1e-08
 40
0.0
 40
0.0
 40
0.0
 40
0.0
 40
0.7681507275779899
 40
1.0
 40
1.0
 40
1.0
 40
1.0
 10
-45.16547402460509
 20
36.18465428096558
 30
0.0
 10
-45.6487272007808
 20
35.39142435174448
 30
0.0
 10
-46.27783963773639
 20
34.35877554892137
 30
0.0
 10
-46.9232537597851
 20
33.299368547393975
 30
0.0
 10
-47.07289255439299
 20
33.05374580489108
 30
0.0
  0
SPLINE
  5
137
330
2F
100
AcDbEntity
  8
0
  6
Continuous
 62
7
370
25
100
AcDbSpline
 70
24
 71
3
 72
9
 73
5
 74
0
 42
1e-08
 43
1e-08
 40
0.0
 40
0.0
 40
0.0
 40
0.0
 40
0.0702136491267731
 40
1.0
 40
1.0
 40
1.0
 40
1.0
 10
-41.5003184825066
 20
36.09823561655735
 30
0.0
 10
-41.587220552178394
 20
36.10028463213362
 30
0.0
 10
-42.8249011278575
 20
36.12946721417844
 30
0.0
 10
-44.03776746183709
 20
36.158064715016884
 30
0.0
 10
-45.16547402460509
 20
36.18465428096558
 30
0.0
  0
SPLINE
  5
138
330
2F
100
AcDbEntity
  8
0
  6
Continuous
 62
7
370
25
100
AcDbSpline
 70
24
 71
3
 72
9
 73
5
 74
0
 42
1e-08
 43
1e-08
 40
0.0
 40
0.0
 40
0.0
 40
0.0
 40
0.7889992377322333
 40
1.0
 40
1.0
 40
1.0
 40
1.0
 10
-47.07289255439299
 20
33.05374580489108
 30
0.0
 10
-47.582411445001995
 20
32.21740234465154
 30
0.0
 10
-48.22819013050939
 20
31.157396934958904
 30
0.0
 10
-48.8492640200611
 20
30.13794290601936
 30
0.0
 10
-48.980311084181096
 20
29.92283732881614
 30
0.0
  0
SPLINE
  5
139
330
2F
100
AcDbEntity
  8
0
  6
Continuous
 62
7
370
25
100
AcDbSpline
 70
24
 71
3
 72
9
 73
5
 74
0
 42
1e-08
 43
1e-08
 40
0.0
 40
0.0
 40
0.0
 40
0.0
 40
0.070213649126778
 40
0.9999999999999999
 40
0.9999999999999999
 40
0.9999999999999999
 40
0.9999999999999999
 10
-47.2225740718703
 20
26.70551018833385
 30
0.0
 10
-47.1808975365762
 20
26.62922628056848
 30
0.0
 10
-46.5873301061353
 20
25.542772169237292
 30
0.0
 10
-46.00566310135639
 20
24.47810036219684
 30
0.0
 10
-45.4648370595597
 20
23.48818304785112
 30
0.0
  0
SPLINE
  5
13A
330
2F
100
AcDbEntity
  8
0
  6
Continuous
 62
7
370
25
100
AcDbSpline
 70
24
 71
3
 72
9
 73
5
 74
0
 42
1e-08
 43
1e-08
 40
0.0
 40
0.0
 40
0.0
 40
0.0
 40
0.0702136491267728
 40
1.0
 40
1.0
 40
1.0
 40
1.0
 10
-41.799681517461195
 20
23.40176438344289
 30
0.0
 10
-41.7127794477894
 20
23.39971536786657
 30
0.0
 10
-40.475098872110195
 20
23.370532785821812
 30
0.0
 10
-39.26223253813059
 20
23.34193528498336
 30
0.0
 10
-38.13452597536269
 20
23.31534571903467
 30
0.0
  0
SPLINE
  5
13B
330
2F
100
AcDbEntity
  8
0
  6
Continuous
 62
7
370
25
100
AcDbSpline
 70
24
 71
3
 72
9
 73
5
 74
0
 42
1e-08
 43
1e-08
 40
0.0
 40
0.0
 40
0.0
 40
0.0
 40
0.2110007622676907
 40
1.0
 40
1.0
 40
1.0
 40
1.0
 10
-38.13452597536269
 20
23.31534571903467
 30
0.0
 10
-38.003478911242794
 20
23.53045129623772
 30
0.0
 10
-37.3824050216911
 20
24.54990532517694
 30
0.0
 10
-36.73662633618389
 20
25.609910734869523
 30
0.0
 10
-36.22710744557479
 20
26.446254195109162
 30
0.0
  0
SPLINE
  5
13C
330
2F
100
AcDbEntity
  8
0
  6
Continuous
 62
7
370
25
100
AcDbSpline
 70
24
 71
3
 72
9
 73
5
 74
0
 42
1e-08
 43
1e-08
 40
0.0
 40
0.0
 40
0.0
 40
0.0
 40
0.0702136491267755
 40
1.0
 40
1.0
 40
1.0
 40
1.0
 10
-47.2225740718703
 20
76.70551018833383
 30
0.0
 10
-47.1808975365762
 20
76.62922628056852
 30
0.0
 10
-46.5873301061354
 20
75.54277216923734
 30
0.0
 10
-46.00566310135649
 20
74.47810036219688
 30
0.0
 10
-45.4648370595597
 20
73.48818304785111
 30
0.0
  0
SPLINE
  5
13D
330
2F
100
AcDbEntity
  8
0
  6
Continuous
 62
7
370
25
100
AcDbSpline
 70
24
 71
3
 72
9
 73
5
 74
0
 42
1e-08
 43
1e-08
 40
0.0
 40
0.0
 40
0.0
 40
0.0
 40
0.0702136491267788
 40
1.0
 40
1.0
 40
1.0
 40
1.0
 10
-36.0774259280975
 20
82.79448981166632
 30
0.0
 10
-36.1191024633915
 20
82.8707737194317
 30
0.0
 10
-36.7126698938325
 20
83.95722783076293
 30
0.0
 10
-37.29433689861139
 20
85.02189963780339
 30
0.0
 10
-37.8351629404081
 20
86.0118169521491
 30
0.0
  0
SPLINE
  5
13E
330
2F
100
AcDbEntity
  8
0
  6
Continuous
 62
7
370
25
100
AcDbSpline
 70
24
 71
3
 72
9
 73
5
 74
0
 42
1e-08
 43
1e-08
 40
0.0
 40
0.0
 40
0.0
 40
0.0
 40
0.0702136491267731
 40
1.0
 40
1.0
 40
1.0
 40
1.0
 10
-41.5003184825066
 20
86.09823561655733
 30
0.0
 10
-41.587220552178394
 20
86.10028463213365
 30
0.0
 10
-42.8249011278575
 20
86.12946721417842
 30
0.0
 10
-44.03776746183709
 20
86.15806471501686
 30
0.0
 10
-45.16547402460509
 20
86.18465428096556
 30
0.0
  0
SPLINE
  5
13F
330
2F
100
AcDbEntity
  8
0
  6
Continuous
 62
7
370
25
100
AcDbSpline
 70
24
 71
3
 72
9
 73
5
 74
0
 42
1e-08
 43
1e-08
 40
0.0
 40
0.0
 40
0.0
 40
0.0
 40
0.7681507275779912
 40
1.0
 40
1.0
 40
1.0
 40
1.0
 10
-45.16547402460509
 20
86.18465428096556
 30
0.0
 10
-45.6487272007808
 20
85.39142435174446
 30
0.0
 10
-46.27783963773639
 20
84.35877554892141
 30
0.0
 10
-46.9232537597851
 20
83.29936854739395
 30
0.0
 10
-47.07289255439299
 20
83.05374580489107
 30
0.0
  0
SPLINE
  5
140
330
2F
100
AcDbEntity
  8
0
  6
Continuous
 62
7
370
25
100
AcDbSpline
 70
24
 71
3
 72
9
 73
5
 74
0
 42
1e-08
 43
1e-08
 40
0.0
 40
0.0
 40
0.0
 40
0.0
 40
0.0702136491267728
 40
1.0
 40
1.0
 40
1.0
 40
1.0
 10
-41.799681517461195
 20
73.40176438344288
 30
0.0
 10
-41.7127794477894
 20
73.39971536786655
 30
0.0
 10
-40.475098872110294
 20
73.37053278582185
 30
0.0
 10
-39.26223253813059
 20
73.3419352849834
 30
0.0
 10
-38.13452597536269
 20
73.31534571903465
 30
0.0
  0
SPLINE
  5
141
330
2F
100
AcDbEntity
  8
0
  6
Continuous
 62
7
370
25
100
AcDbSpline
 70
24
 71
3
 72
9
 73
5
 74
0
 42
1e-08
 43
1e-08
 40
0.0
 40
0.0
 40
0.0
 40
0.0
 40
0.2110007622676907
 40
1.0
 40
1.0
 40
1.0
 40
1.0
 10
-38.13452597536269
 20
73.31534571903465
 30
0.0
 10
-38.003478911242794
 20
73.5304512962377
 30
0.0
 10
-37.3824050216911
 20
74.54990532517692
 30
0.0
 10
-36.73662633618389
 20
75.60991073486956
 30
0.0
 10
-36.22710744557479
 20
76.44625419510915
 30
0.0
  0
SPLINE
  5
142
330
2F
100
AcDbEntity
  8
0
  6
Continuous
 62
7
370
25
100
AcDbSpline
 70
24
 71
3
 72
9
 73
5
 74
0
 42
1e-08
 43
1e-08
 40
0.0
 40
0.0
 40
0.0
 40
0.0
 40
0.2318492724220126
 40
1.0
 40
1.0
 40
1.0
 40
1.0
 10
-36.22710744557479
 20
76.44625419510915
 30
0.0
 10
-36.07746865096699
 20
76.6918769376121
 30
0.0
 10
-35.4320545289183
 20
77.7512839391395
 30
0.0
 10
-34.802942091962706
 20
78.78393274196256
 30
0.0
 10
-34.31968891578693
 20
79.5771626711836
 30
0.0
  0
SPLINE
  5
143
330
2F
100
AcDbEntity
  8
0
  6
Continuous
 62
7
370
25
100
AcDbSpline
 70
24
 71
3
 72
9
 73
5
 74
0
 42
1e-08
 43
1e-08
 40
0.0
 40
0.0
 40
0.0
 40
0.0
 40
0.7889992377322349
 40
1.0
 40
1.0
 40
1.0
 40
1.0
 10
-47.07289255439299
 20
83.05374580489107
 30
0.0
 10
-47.582411445001995
 20
82.21740234465153
 30
0.0
 10
-48.22819013050929
 20
81.15739693495888
 30
0.0
 10
-48.8492640200611
 20
80.13794290601933
 30
0.0
 10
-48.980311084181096
 20
79.92283732881617
 30
0.0
  0
SPLINE
  5
144
330
2F
100
AcDbEntity
  8
0
  6
Continuous
 62
7
370
25
100
AcDbSpline
 70
24
 71
3
 72
9
 73
5
 74
0
 42
1e-08
 43
1e-08
 40
0.0
 40
0.0
 40
0.0
 40
0.0
 40
0.070213649126775
 40
1.0
 40
1.0
 40
1.0
 40
1.0
 10
37.07742592812973
 20
76.70551018833383
 30
0.0
 10
37.11910246342377
 20
76.62922628056852
 30
0.0
 10
37.71266989386457
 20
75.54277216923728
 30
0.0
 10
38.294336898643536
 20
74.47810036219683
 30
0.0
 10
38.83516294044031
 20
73.48818304785111
 30
0.0
  0
SPLINE
  5
145
330
2F
100
AcDbEntity
  8
0
  6
Continuous
 62
7
370
25
100
AcDbSpline
 70
24
 71
3
 72
9
 73
5
 74
0
 42
1e-08
 43
1e-08
 40
0.0
 40
0.0
 40
0.0
 40
0.0
 40
0.788999237732234
 40
1.0
 40
1.0
 40
1.0
 40
1.0
 10
37.22710744560703
 20
83.05374580489107
 30
0.0
 10
36.71758855499803
 20
82.21740234465153
 30
0.0
 10
36.07180986949071
 20
81.15739693495888
 30
0.0
 10
35.450735979938926
 20
80.13794290601933
 30
0.0
 10
35.31968891581889
 20
79.92283732881617
 30
0.0
  0
SPLINE
  5
146
330
2F
100
AcDbEntity
  8
0
  6
Continuous
 62
7
370
25
100
AcDbSpline
 70
24
 71
3
 72
9
 73
5
 74
0
 42
1e-08
 43
1e-08
 40
0.0
 40
0.0
 40
0.0
 40
0.0
 40
0.2318492724220129
 40
1.0
 40
1.0
 40
1.0
 40
1.0
 10
48.07289255442518
 20
76.44625419510915
 30
0.0
 10
48.22253134903306
 20
76.69187693761204
 30
0.0
 10
48.867945471081754
 20
77.75128393913944
 30
0.0
 10
49.497057908037306
 20
78.78393274196256
 30
0.0
 10
49.98031108421308
 20
79.57716267118364
 30
0.0
  0
SPLINE
  5
147
330
2F
100
AcDbEntity
  8
0
  6
Continuous
 62
7
370
25
100
AcDbSpline
 70
24
 71
3
 72
9
 73
5
 74
0
 42
1e-08
 43
1e-08
 40
0.0
 40
0.0
 40
0.0
 40
0.0
 40
0.070213649126771
 40
1.0
 40
1.0
 40
1.0
 40
1.0
 10
42.500318482538816
 20
73.40176438344288
 30
0.0
 10
42.587220552210574
 20
73.3997153678666
 30
0.0
 10
43.824901127889795
 20
73.3705327858218
 30
0.0
 10
45.03776746186941
 20
73.3419352849833
 30
0.0
 10
46.16547402463729
 20
73.31534571903465
 30
0.0
  0
SPLINE
  5
148
330
2F
100
AcDbEntity
  8
0
  6
Continuous
 62
7
370
25
100
AcDbSpline
 70
24
 71
3
 72
9
 73
5
 74
0
 42
1e-08
 43
1e-08
 40
0.0
 40
0.0
 40
0.0
 40
0.0
 40
0.2110007622676909
 40
1.0
 40
1.0
 40
1.0
 40
1.0
 10
46.16547402463729
 20
73.31534571903465
 30
0.0
 10
46.29652108875723
 20
73.5304512962377
 30
0.0
 10
46.91759497830883
 20
74.54990532517698
 30
0.0
 10
47.56337366381614
 20
75.60991073486956
 30
0.0
 10
48.07289255442518
 20
76.44625419510915
 30
0.0
  0
SPLINE
  5
149
330
2F
100
AcDbEntity
  8
0
  6
Continuous
 62
7
370
25
100
AcDbSpline
 70
24
 71
3
 72
9
 73
5
 74
0
 42
1e-08
 43
1e-08
 40
0.0
 40
0.0
 40
0.0
 40
0.0
 40
0.7681507275779912
 40
1.0
 40
1.0
 40
1.0
 40
1.0
 10
39.134525975394936
 20
86.18465428096556
 30
0.0
 10
38.651272799219164
 20
85.39142435174446
 30
0.0
 10
38.022160362263605
 20
84.35877554892141
 30
0.0
 10
37.37674624021493
 20
83.29936854739395
 30
0.0
 10
37.22710744560703
 20
83.05374580489107
 30
0.0
  0
SPLINE
  5
14A
330
2F
100
AcDbEntity
  8
0
  6
Continuous
 62
7
370
25
100
AcDbSpline
 70
24
 71
3
 72
9
 73
5
 74
0
 42
1e-08
 43
1e-08
 40
0.0
 40
0.0
 40
0.0
 40
0.0
 40
0.0702136491267719
 40
1.0
 40
1.0
 40
1.0
 40
1.0
 10
42.799681517493404
 20
86.09823561655733
 30
0.0
 10
42.712779447821646
 20
86.10028463213365
 30
0.0
 10
41.47509887214241
 20
86.12946721417848
 30
0.0
 10
40.262232538162806
 20
86.15806471501692
 30
0.0
 10
39.134525975394936
 20
86.18465428096556
 30
0.0
  0
SPLINE
  5
14B
330
2F
100
AcDbEntity
  8
0
  6
Continuous
 62
7
370
25
100
AcDbSpline
 70
24
 71
3
 72
9
 73
5
 74
0
 42
1e-08
 43
1e-08
 40
0.0
 40
0.0
 40
0.0
 40
0.0
 40
0.0702136491267787
 40
0.9999999999999999
 40
0.9999999999999999
 40
0.9999999999999999
 40
0.9999999999999999
 10
48.2225740719025
 20
82.79448981166632
 30
0.0
 10
48.18089753660844
 20
82.8707737194317
 30
0.0
 10
47.58733010616768
 20
83.95722783076282
 30
0.0
 10
47.00566310138869
 20
85.02189963780333
 30
0.0
 10
46.4648370595919
 20
86.0118169521491
 30
0.0
  0
SPLINE
  5
14C
330
2F
100
AcDbEntity
  8
0
  6
Continuous
 62
7
370
25
100
AcDbSpline
 70
24
 71
3
 72
9
 73
5
 74
0
 42
1e-08
 43
1e-08
 40
0.0
 40
0.0
 40
0.0
 40
0.0
 40
0.0702136491267771
 40
0.9999999999999999
 40
0.9999999999999999
 40
0.9999999999999999
 40
0.9999999999999999
 10
48.2225740719025
 20
32.79448981166634
 30
0.0
 10
48.18089753660844
 20
32.870773719431725
 30
0.0
 10
47.58733010616767
 20
33.95722783076284
 30
0.0
 10
47.00566310138869
 20
35.021899637803344
 30
0.0
 10
46.4648370595919
 20
36.01181695214912
 30
0.0
  0
SPLINE
  5
14D
330
2F
100
AcDbEntity
  8
0
  6
Continuous
 62
7
370
25
100
AcDbSpline
 70
24
 71
3
 72
9
 73
5
 74
0
 42
1e-08
 43
1e-08
 40
0.0
 40
0.0
 40
0.0
 40
0.0
 40
0.070213649126772
 40
1.0
 40
1.0
 40
1.0
 40
1.0
 10
42.799681517493404
 20
36.09823561655735
 30
0.0
 10
42.71277944782166
 20
36.10028463213362
 30
0.0
 10
41.475098872142425
 20
36.12946721417844
 30
0.0
 10
40.26223253816282
 20
36.158064715016884
 30
0.0
 10
39.134525975394936
 20
36.18465428096558
 30
0.0
  0
SPLINE
  5
14E
330
2F
100
AcDbEntity
  8
0
  6
Continuous
 62
7
370
25
100
AcDbSpline
 70
24
 71
3
 72
9
 73
5
 74
0
 42
1e-08
 43
1e-08
 40
0.0
 40
0.0
 40
0.0
 40
0.0
 40
0.76815072757799
 40
0.9999999999999999
 40
0.9999999999999999
 40
0.9999999999999999
 40
0.9999999999999999
 10
39.13452597539492
 20
36.18465428096558
 30
0.0
 10
38.65127279921916
 20
35.39142435174448
 30
0.0
 10
38.022160362263605
 20
34.35877554892143
 30
0.0
 10
37.37674624021491
 20
33.299368547393975
 30
0.0
 10
37.22710744560703
 20
33.05374580489108
 30
0.0
  0
SPLINE
  5
14F
330
2F
100
AcDbEntity
  8
0
  6
Continuous
 62
7
370
25
100
AcDbSpline
 70
24
 71
3
 72
9
 73
5
 74
0
 42
1e-08
 43
1e-08
 40
0.0
 40
0.0
 40
0.0
 40
0.0
 40
0.2110007622676909
 40
1.0
 40
1.0
 40
1.0
 40
1.0
 10
46.16547402463729
 20
23.31534571903467
 30
0.0
 10
46.29652108875723
 20
23.53045129623772
 30
0.0
 10
46.91759497830883
 20
24.54990532517694
 30
0.0
 10
47.56337366381614
 20
25.609910734869523
 30
0.0
 10
48.07289255442518
 20
26.446254195109113
 30
0.0
  0
SPLINE
  5
150
330
2F
100
AcDbEntity
  8
0
  6
Continuous
 62
7
370
25
100
AcDbSpline
 70
24
 71
3
 72
9
 73
5
 74
0
 42
1e-08
 43
1e-08
 40
0.0
 40
0.0
 40
0.0
 40
0.0
 40
0.0702136491267711
 40
1.0
 40
1.0
 40
1.0
 40
1.0
 10
42.500318482538816
 20
23.40176438344289
 30
0.0
 10
42.587220552210574
 20
23.39971536786657
 30
0.0
 10
43.82490112788979
 20
23.370532785821812
 30
0.0
 10
45.03776746186939
 20
23.34193528498336
 30
0.0
 10
46.16547402463729
 20
23.31534571903467
 30
0.0
  0
SPLINE
  5
151
330
2F
100
AcDbEntity
  8
0
  6
Continuous
 62
7
370
25
100
AcDbSpline
 70
24
 71
3
 72
9
 73
5
 74
0
 42
1e-08
 43
1e-08
 40
0.0
 40
0.0
 40
0.0
 40
0.0
 40
0.0702136491267775
 40
1.0
 40
1.0
 40
1.0
 40
1.0
 10
37.07742592812973
 20
26.70551018833385
 30
0.0
 10
37.11910246342377
 20
26.62922628056848
 30
0.0
 10
37.712669893864536
 20
25.542772169237352
 30
0.0
 10
38.294336898643515
 20
24.47810036219684
 30
0.0
 10
38.83516294044031
 20
23.48818304785112
 30
0.0
  0
SPLINE
  5
152
330
2F
100
AcDbEntity
  8
0
  6
Continuous
 62
7
370
25
100
AcDbSpline
 70
24
 71
3
 72
9
 73
5
 74
0
 42
1e-08
 43
1e-08
 40
0.0
 40
0.0
 40
0.0
 40
0.0
 40
0.2318492724220128
 40
0.9999999999999999
 40
0.9999999999999999
 40
0.9999999999999999
 40
0.9999999999999999
 10
48.07289255442518
 20
26.446254195109162
 30
0.0
 10
48.222531349033055
 20
26.69187693761206
 30
0.0
 10
48.86794547108175
 20
27.751283939139462
 30
0.0
 10
49.497057908037306
 20
28.78393274196257
 30
0.0
 10
49.98031108421308
 20
29.57716267118361
 30
0.0
  0
SPLINE
  5
153
330
2F
100
AcDbEntity
  8
0
  6
Continuous
 62
7
370
25
100
AcDbSpline
 70
24
 71
3
 72
9
 73
5
 74
0
 42
1e-08
 43
1e-08
 40
0.0
 40
0.0
 40
0.0
 40
0.0
 40
0.7889992377322326
 40
1.0
 40
1.0
 40
1.0
 40
1.0
 10
37.22710744560703
 20
33.05374580489108
 30
0.0
 10
36.71758855499803
 20
32.21740234465154
 30
0.0
 10
36.07180986949069
 20
31.157396934958904
 30
0.0
 10
35.450735979938926
 20
30.13794290601936
 30
0.0
 10
35.31968891581889
 20
29.92283732881614
 30
0.0
  0
LINE
  5
154
330
2F
100
AcDbEntity
  8
0
  6
Continuous
 62
7
370
25
100
AcDbLine
 10
-62.45299999999999
 20
-56.0087344712
 30
0.0
 11
-62.45299999999999
 21
-65.6607344712
 31
0.0
  0
LINE
  5
155
330
2F
100
AcDbEntity
  8
0
  6
Continuous
 62
7
370
25
100
AcDbLine
 10
-52.547
 20
-65.6607344712
 30
0.0
 11
-52.547
 21
-56.0087344712
 31
0.0
  0
LINE
  5
156
330
2F
100
AcDbEntity
  8
0
  6
Continuous
 62
7
370
25
100
AcDbLine
 10
52.547000000000004
 20
-56.0087344712
 30
0.0
 11
52.547000000000004
 21
-65.6607344712
 31
0.0
  0
LINE
  5
157
330
2F
100
AcDbEntity
  8
0
  6
Continuous
 62
7
370
25
100
AcDbLine
 10
62.453
 20
-65.6607344712
 30
0.0
 11
62.453
 21
-56.0087344712
 31
0.0
  0
LINE
  5
158
330
2F
100
AcDbEntity
  8
0
  6
Continuous
 62
7
370
25
100
AcDbLine
 10
-47.14949999999999
 20
4.75
 30
0.0
 11
-47.14949999999999
 21
6.274000000000001
 31
0.0
  0
LINE
  5
159
330
2F
100
AcDbEntity
  8
0
  6
Continuous
 62
7
370
25
100
AcDbLine
 10
-67.85049999999998
 20
6.274000000000001
 30
0.0
 11
-67.85049999999998
 21
4.75
 31
0.0
  0
LINE
  5
15A
330
2F
100
AcDbEntity
  8
0
  6
Continuous
 62
7
370
25
100
AcDbLine
 10
67.85050000000001
 20
4.75
 30
0.0
 11
67.85050000000001
 21
6.274000000000001
 31
0.0
  0
LINE
  5
15B
330
2F
100
AcDbEntity
  8
0
  6
Continuous
 62
7
370
25
100
AcDbLine
 10
47.1495
 20
6.274000000000001
 30
0.0
 11
47.1495
 21
4.75
 31
0.0
  0
LINE
  5
15C
330
2F
100
AcDbEntity
  8
0
  6
Continuous
 62
7
370
25
100
AcDbLine
 10
-62.26249999999999
 20
-34.3870725099
 30
0.0
 11
-62.26249999999999
 21
-55.3285255646
 31
0.0
  0
LINE
  5
15D
330
2F
100
AcDbEntity
  8
0
  6
Continuous
 62
7
370
25
100
AcDbLine
 10
-62.26249999999999
 20
-32.9759613987
 30
0.0
 11
-62.26249999999999
 21
-33.3278329659
 31
0.0
  0
LINE
  5
15E
330
2F
100
AcDbEntity
  8
0
  6
Continuous
 62
7
370
25
100
AcDbLine
 10
-62.26249999999999
 20
-31.5648502876
 30
0.0
 11
-62.26249999999999
 21
-31.9167218548
 31
0.0
  0
LINE
  5
15F
330
2F
100
AcDbEntity
  8
0
  6
Continuous
 62
7
370
25
100
AcDbLine
 10
-62.26249999999999
 20
-30.1537391765
 30
0.0
 11
-62.26249999999999
 21
-30.5056107437
 31
0.0
  0
LINE
  5
160
330
2F
100
AcDbEntity
  8
0
  6
Continuous
 62
7
370
25
100
AcDbLine
 10
-62.26249999999999
 20
-28.742628065399998
 30
0.0
 11
-62.26249999999999
 21
-29.094499632599998
 31
0.0
  0
LINE
  5
161
330
2F
100
AcDbEntity
  8
0
  6
Continuous
 62
7
370
25
100
AcDbLine
 10
-62.26249999999999
 20
-27.3315169543
 30
0.0
 11
-62.26249999999999
 21
-27.6833885215
 31
0.0
  0
LINE
  5
162
330
2F
100
AcDbEntity
  8
0
  6
Continuous
 62
7
370
25
100
AcDbLine
 10
-62.26249999999999
 20
-25.920405843199998
 30
0.0
 11
-62.26249999999999
 21
-26.2722774103
 31
0.0
  0
LINE
  5
163
330
2F
100
AcDbEntity
  8
0
  6
Continuous
 62
7
370
25
100
AcDbLine
 10
-62.26249999999999
 20
-24.5092947321
 30
0.0
 11
-62.26249999999999
 21
-24.861166299199997
 31
0.0
  0
LINE
  5
164
330
2F
100
AcDbEntity
  8
0
  6
Continuous
 62
7
370
25
100
AcDbLine
 10
-62.26249999999999
 20
-23.098183620999997
 30
0.0
 11
-62.26249999999999
 21
-23.4500551881
 31
0.0
  0
LINE
  5
165
330
2F
100
AcDbEntity
  8
0
  6
Continuous
 62
7
370
25
100
AcDbLine
 10
-62.26249999999999
 20
-21.6870725099
 30
0.0
 11
-62.26249999999999
 21
-22.038944077
 31
0.0
  0
LINE
  5
166
330
2F
100
AcDbEntity
  8
0
  6
Continuous
 62
7
370
25
100
AcDbLine
 10
-62.26249999999999
 20
-20.275961398699998
 30
0.0
 11
-62.26249999999999
 21
-20.627832965899998
 31
0.0
  0
LINE
  5
167
330
2F
100
AcDbEntity
  8
0
  6
Continuous
 62
7
370
25
100
AcDbLine
 10
-62.26249999999999
 20
-18.8648502876
 30
0.0
 11
-62.26249999999999
 21
-19.2167218548
 31
0.0
  0
LINE
  5
168
330
2F
100
AcDbEntity
  8
0
  6
Continuous
 62
7
370
25
100
AcDbLine
 10
-62.26249999999999
 20
-17.453739176499997
 30
0.0
 11
-62.26249999999999
 21
-17.805610743699997
 31
0.0
  0
LINE
  5
169
330
2F
100
AcDbEntity
  8
0
  6
Continuous
 62
7
370
25
100
AcDbLine
 10
-62.26249999999999
 20
-16.0426280654
 30
0.0
 11
-62.26249999999999
 21
-16.3944996326
 31
0.0
  0
LINE
  5
16A
330
2F
100
AcDbEntity
  8
0
  6
Continuous
 62
7
370
25
100
AcDbLine
 10
-62.26249999999999
 20
-14.6315169543
 30
0.0
 11
-62.26249999999999
 21
-14.9833885215
 31
0.0
  0
LINE
  5
16B
330
2F
100
AcDbEntity
  8
0
  6
Continuous
 62
7
370
25
100
AcDbLine
 10
-62.26249999999999
 20
-13.2204058432
 30
0.0
 11
-62.26249999999999
 21
-13.5722774103
 31
0.0
  0
LINE
  5
16C
330
2F
100
AcDbEntity
  8
0
  6
Continuous
 62
7
370
25
100
AcDbLine
 10
-62.26249999999999
 20
-11.8092947321
 30
0.0
 11
-62.26249999999999
 21
-12.1611662992
 31
0.0
  0
LINE
  5
16D
330
2F
100
AcDbEntity
  8
0
  6
Continuous
 62
7
370
25
100
AcDbLine
 10
-62.26249999999999
 20
-10.398183621000001
 30
0.0
 11
-62.26249999999999
 21
-10.750055188100001
 31
0.0
  0
LINE
  5
16E
330
2F
100
AcDbEntity
  8
0
  6
Continuous
 62
7
370
25
100
AcDbLine
 10
-62.26249999999999
 20
-8.987072509899999
 30
0.0
 11
-62.26249999999999
 21
-9.338944077
 31
0.0
  0
LINE
  5
16F
330
2F
100
AcDbEntity
  8
0
  6
Continuous
 62
7
370
25
100
AcDbLine
 10
-62.26249999999999
 20
-7.5759613987000005
 30
0.0
 11
-62.26249999999999
 21
-7.9278329659
 31
0.0
  0
LINE
  5
170
330
2F
100
AcDbEntity
  8
0
  6
Continuous
 62
7
370
25
100
AcDbLine
 10
-62.26249999999999
 20
-6.1648502876
 30
0.0
 11
-62.26249999999999
 21
-6.5167218548
 31
0.0
  0
LINE
  5
171
330
2F
100
AcDbEntity
  8
0
  6
Continuous
 62
7
370
25
100
AcDbLine
 10
-62.26249999999999
 20
-4.7537391765
 30
0.0
 11
-62.26249999999999
 21
-5.1056107437
 31
0.0
  0
LINE
  5
172
330
2F
100
AcDbEntity
  8
0
  6
Continuous
 62
7
370
25
100
AcDbLine
 10
-62.26249999999999
 20
-3.3426280654
 30
0.0
 11
-62.26249999999999
 21
-3.6944996326
 31
0.0
  0
LINE
  5
173
330
2F
100
AcDbEntity
  8
0
  6
Continuous
 62
7
370
25
100
AcDbLine
 10
-62.26249999999999
 20
12.1795941568
 30
0.0
 11
-62.26249999999999
 21
11.862
 31
0.0
  0
LINE
  5
174
330
2F
100
AcDbEntity
  8
0
  6
Continuous
 62
7
370
25
100
AcDbLine
 10
-62.26249999999999
 20
13.590705267899999
 30
0.0
 11
-62.26249999999999
 21
13.238833700799999
 31
0.0
  0
LINE
  5
175
330
2F
100
AcDbEntity
  8
0
  6
Continuous
 62
7
370
25
100
AcDbLine
 10
-52.7375
 20
13.9439704041
 30
0.0
 11
-52.7375
 21
14.2555534813
 31
0.0
  0
LINE
  5
176
330
2F
100
AcDbEntity
  8
0
  6
Continuous
 62
7
370
25
100
AcDbLine
 10
-52.7375
 20
12.532859293
 30
0.0
 11
-52.7375
 21
12.8859409318
 31
0.0
  0
LINE
  5
177
330
2F
100
AcDbEntity
  8
0
  6
Continuous
 62
7
370
25
100
AcDbLine
 10
-52.7375
 20
-2.9893629292
 30
0.0
 11
-52.7375
 21
-2.8099999999999996
 31
0.0
  0
LINE
  5
178
330
2F
100
AcDbEntity
  8
0
  6
Continuous
 62
7
370
25
100
AcDbLine
 10
-52.7375
 20
-4.4004740403
 30
0.0
 11
-52.7375
 21
-4.0473924015
 31
0.0
  0
LINE
  5
179
330
2F
100
AcDbEntity
  8
0
  6
Continuous
 62
7
370
25
100
AcDbLine
 10
-52.7375
 20
-5.811585151399999
 30
0.0
 11
-52.7375
 21
-5.4585035126
 31
0.0
  0
LINE
  5
17A
330
2F
100
AcDbEntity
  8
0
  6
Continuous
 62
7
370
25
100
AcDbLine
 10
-52.7375
 20
-7.2226962625999995
 30
0.0
 11
-52.7375
 21
-6.8696146237
 31
0.0
  0
LINE
  5
17B
330
2F
100
AcDbEntity
  8
0
  6
Continuous
 62
7
370
25
100
AcDbLine
 10
-52.7375
 20
-8.6338073737
 30
0.0
 11
-52.7375
 21
-8.2807257348
 31
0.0
  0
LINE
  5
17C
330
2F
100
AcDbEntity
  8
0
  6
Continuous
 62
7
370
25
100
AcDbLine
 10
-52.7375
 20
-10.0449184848
 30
0.0
 11
-52.7375
 21
-9.691836846000001
 31
0.0
  0
LINE
  5
17D
330
2F
100
AcDbEntity
  8
0
  6
Continuous
 62
7
370
25
100
AcDbLine
 10
-52.7375
 20
-11.4560295959
 30
0.0
 11
-52.7375
 21
-11.1029479571
 31
0.0
  0
LINE
  5
17E
330
2F
100
AcDbEntity
  8
0
  6
Continuous
 62
7
370
25
100
AcDbLine
 10
-52.7375
 20
-12.867140707
 30
0.0
 11
-52.7375
 21
-12.5140590682
 31
0.0
  0
LINE
  5
17F
330
2F
100
AcDbEntity
  8
0
  6
Continuous
 62
7
370
25
100
AcDbLine
 10
-52.7375
 20
-14.278251818100001
 30
0.0
 11
-52.7375
 21
-13.9251701793
 31
0.0
  0
LINE
  5
180
330
2F
100
AcDbEntity
  8
0
  6
Continuous
 62
7
370
25
100
AcDbLine
 10
-52.7375
 20
-15.6893629292
 30
0.0
 11
-52.7375
 21
-15.3362812904
 31
0.0
  0
LINE
  5
181
330
2F
100
AcDbEntity
  8
0
  6
Continuous
 62
7
370
25
100
AcDbLine
 10
-52.7375
 20
-17.1004740403
 30
0.0
 11
-52.7375
 21
-16.7473924015
 31
0.0
  0
LINE
  5
182
330
2F
100
AcDbEntity
  8
0
  6
Continuous
 62
7
370
25
100
AcDbLine
 10
-52.7375
 20
-18.5115851514
 30
0.0
 11
-52.7375
 21
-18.1585035126
 31
0.0
  0
LINE
  5
183
330
2F
100
AcDbEntity
  8
0
  6
Continuous
 62
7
370
25
100
AcDbLine
 10
-52.7375
 20
-19.9226962626
 30
0.0
 11
-52.7375
 21
-19.569614623699998
 31
0.0
  0
LINE
  5
184
330
2F
100
AcDbEntity
  8
0
  6
Continuous
 62
7
370
25
100
AcDbLine
 10
-52.7375
 20
-21.333807373699997
 30
0.0
 11
-52.7375
 21
-20.9807257348
 31
0.0
  0
LINE
  5
185
330
2F
100
AcDbEntity
  8
0
  6
Continuous
 62
7
370
25
100
AcDbLine
 10
-52.7375
 20
-22.7449184848
 30
0.0
 11
-52.7375
 21
-22.391836846
 31
0.0
  0
LINE
  5
186
330
2F
100
AcDbEntity
  8
0
  6
Continuous
 62
7
370
25
100
AcDbLine
 10
-52.7375
 20
-24.156029595899998
 30
0.0
 11
-52.7375
 21
-23.8029479571
 31
0.0
  0
LINE
  5
187
330
2F
100
AcDbEntity
  8
0
  6
Continuous
 62
7
370
25
100
AcDbLine
 10
-52.7375
 20
-25.567140707
 30
0.0
 11
-52.7375
 21
-25.214059068199997
 31
0.0
  0
LINE
  5
188
330
2F
100
AcDbEntity
  8
0
  6
Continuous
 62
7
370
25
100
AcDbLine
 10
-52.7375
 20
-26.9782518181
 30
0.0
 11
-52.7375
 21
-26.6251701793
 31
0.0
  0
LINE
  5
189
330
2F
100
AcDbEntity
  8
0
  6
Continuous
 62
7
370
25
100
AcDbLine
 10
-52.7375
 20
-28.389362929199997
 30
0.0
 11
-52.7375
 21
-28.036281290399998
 31
0.0
  0
LINE
  5
18A
330
2F
100
AcDbEntity
  8
0
  6
Continuous
 62
7
370
25
100
AcDbLine
 10
-52.7375
 20
-29.8004740403
 30
0.0
 11
-52.7375
 21
-29.4473924015
 31
0.0
  0
LINE
  5
18B
330
2F
100
AcDbEntity
  8
0
  6
Continuous
 62
7
370
25
100
AcDbLine
 10
-52.7375
 20
-31.211585151399998
 30
0.0
 11
-52.7375
 21
-30.8585035126
 31
0.0
  0
LINE
  5
18C
330
2F
100
AcDbEntity
  8
0
  6
Continuous
 62
7
370
25
100
AcDbLine
 10
-52.7375
 20
-32.6226962626
 30
0.0
 11
-52.7375
 21
-32.2696146237
 31
0.0
  0
LINE
  5
18D
330
2F
100
AcDbEntity
  8
0
  6
Continuous
 62
7
370
25
100
AcDbLine
 10
-52.7375
 20
-34.0338073737
 30
0.0
 11
-52.7375
 21
-33.6807257348
 31
0.0
  0
LINE
  5
18E
330
2F
100
AcDbEntity
  8
0
  6
Continuous
 62
7
370
25
100
AcDbLine
 10
-52.7375
 20
-55.3285255646
 30
0.0
 11
-52.7375
 21
-35.091836846
 31
0.0
  0
LINE
  5
18F
330
2F
100
AcDbEntity
  8
0
  6
Continuous
 62
7
370
25
100
AcDbLine
 10
-52.7375
 20
14.2555534813
 30
0.0
 11
-54.1464092943
 21
15.3652655288
 31
0.0
  0
LINE
  5
190
330
2F
100
AcDbEntity
  8
0
  6
Continuous
 62
7
370
25
100
AcDbLine
 10
-60.8535907057
 20
15.3652655288
 30
0.0
 11
-61.93841470299999
 21
14.5108157327
 31
0.0
  0
LINE
  5
191
330
2F
100
AcDbEntity
  8
0
  6
Continuous
 62
7
370
25
100
AcDbLine
 10
-53.497755464099995
 20
11.862
 30
0.0
 11
-53.70830029209999
 21
11.9890546283
 31
0.0
  0
LINE
  5
192
330
2F
100
AcDbEntity
  8
0
  6
Continuous
 62
7
370
25
100
AcDbLine
 10
-52.7375
 20
-77.3447344712
 30
0.0
 11
-53.81699999999999
 21
-65.9147344712
 31
0.0
  0
LINE
  5
193
330
2F
100
AcDbEntity
  8
0
  6
Continuous
 62
7
370
25
100
AcDbLine
 10
-61.18299999999999
 20
-65.9147344712
 30
0.0
 11
-62.26249999999999
 21
-77.3447344712
 31
0.0
  0
LINE
  5
194
330
2F
100
AcDbEntity
  8
0
  6
Continuous
 62
7
370
25
100
AcDbLine
 10
-62.26249999999999
 20
-77.3447344712
 30
0.0
 11
-62.26249999999999
 21
-79.8847344712
 31
0.0
  0
LINE
  5
195
330
2F
100
AcDbEntity
  8
0
  6
Continuous
 62
7
370
25
100
AcDbLine
 10
-52.7375
 20
-79.8847344712
 30
0.0
 11
-52.7375
 21
-77.3447344712
 31
0.0
  0
LINE
  5
196
330
2F
100
AcDbEntity
  8
0
  6
Continuous
 62
7
370
25
100
AcDbLine
 10
-53.51753030249999
 20
13.3465859785
 30
0.0
 11
-53.51753030249999
 21
13.5229748674
 31
0.0
  0
LINE
  5
197
330
2F
100
AcDbEntity
  8
0
  6
Continuous
 62
7
370
25
100
AcDbLine
 10
-61.49870716369999
 20
14.2076233075
 30
0.0
 11
-61.49870716369999
 21
14.0312344187
 31
0.0
  0
LINE
  5
198
330
2F
100
AcDbEntity
  8
0
  6
Continuous
 62
7
370
25
100
AcDbLine
 10
62.2625
 20
14.2555534813
 30
0.0
 11
60.85359070570001
 21
15.3652655288
 31
0.0
  0
LINE
  5
199
330
2F
100
AcDbEntity
  8
0
  6
Continuous
 62
7
370
25
100
AcDbLine
 10
54.14640929430001
 20
15.3652655288
 30
0.0
 11
53.06158529700001
 21
14.5108157327
 31
0.0
  0
LINE
  5
19A
330
2F
100
AcDbEntity
  8
0
  6
Continuous
 62
7
370
25
100
AcDbLine
 10
52.737500000000004
 20
-34.3870725099
 30
0.0
 11
52.737500000000004
 21
-55.3285255646
 31
0.0
  0
LINE
  5
19B
330
2F
100
AcDbEntity
  8
0
  6
Continuous
 62
7
370
25
100
AcDbLine
 10
52.737500000000004
 20
-32.9759613987
 30
0.0
 11
52.737500000000004
 21
-33.3278329659
 31
0.0
  0
LINE
  5
19C
330
2F
100
AcDbEntity
  8
0
  6
Continuous
 62
7
370
25
100
AcDbLine
 10
52.737500000000004
 20
-31.5648502876
 30
0.0
 11
52.737500000000004
 21
-31.9167218548
 31
0.0
  0
LINE
  5
19D
330
2F
100
AcDbEntity
  8
0
  6
Continuous
 62
7
370
25
100
AcDbLine
 10
52.737500000000004
 20
-30.1537391765
 30
0.0
 11
52.737500000000004
 21
-30.5056107437
 31
0.0
  0
LINE
  5
19E
330
2F
100
AcDbEntity
  8
0
  6
Continuous
 62
7
370
25
100
AcDbLine
 10
52.737500000000004
 20
-28.742628065399998
 30
0.0
 11
52.737500000000004
 21
-29.094499632599998
 31
0.0
  0
LINE
  5
19F
330
2F
100
AcDbEntity
  8
0
  6
Continuous
 62
7
370
25
100
AcDbLine
 10
52.737500000000004
 20
-27.3315169543
 30
0.0
 11
52.737500000000004
 21
-27.6833885215
 31
0.0
  0
LINE
  5
1A0
330
2F
100
AcDbEntity
  8
0
  6
Continuous
 62
7
370
25
100
AcDbLine
 10
52.737500000000004
 20
-25.920405843199998
 30
0.0
 11
52.737500000000004
 21
-26.2722774103
 31
0.0
  0
LINE
  5
1A1
330
2F
100
AcDbEntity
  8
0
  6
Continuous
 62
7
370
25
100
AcDbLine
 10
52.737500000000004
 20
-24.5092947321
 30
0.0
 11
52.737500000000004
 21
-24.861166299199997
 31
0.0
  0
LINE
  5
1A2
330
2F
100
AcDbEntity
  8
0
  6
Continuous
 62
7
370
25
100
AcDbLine
 10
52.737500000000004
 20
-23.098183620999997
 30
0.0
 11
52.737500000000004
 21
-23.4500551881
 31
0.0
  0
LINE
  5
1A3
330
2F
100
AcDbEntity
  8
0
  6
Continuous
 62
7
370
25
100
AcDbLine
 10
52.737500000000004
 20
-21.6870725099
 30
0.0
 11
52.737500000000004
 21
-22.038944077
 31
0.0
  0
LINE
  5
1A4
330
2F
100
AcDbEntity
  8
0
  6
Continuous
 62
7
370
25
100
AcDbLine
 10
52.737500000000004
 20
-20.275961398699998
 30
0.0
 11
52.737500000000004
 21
-20.627832965899998
 31
0.0
  0
LINE
  5
1A5
330
2F
100
AcDbEntity
  8
0
  6
Continuous
 62
7
370
25
100
AcDbLine
 10
52.737500000000004
 20
-18.8648502876
 30
0.0
 11
52.737500000000004
 21
-19.2167218548
 31
0.0
  0
LINE
  5
1A6
330
2F
100
AcDbEntity
  8
0
  6
Continuous
 62
7
370
25
100
AcDbLine
 10
52.737500000000004
 20
-17.453739176499997
 30
0.0
 11
52.737500000000004
 21
-17.805610743699997
 31
0.0
  0
LINE
  5
1A7
330
2F
100
AcDbEntity
  8
0
  6
Continuous
 62
7
370
25
100
AcDbLine
 10
52.737500000000004
 20
-16.0426280654
 30
0.0
 11
52.737500000000004
 21
-16.3944996326
 31
0.0
  0
LINE
  5
1A8
330
2F
100
AcDbEntity
  8
0
  6
Continuous
 62
7
370
25
100
AcDbLine
 10
52.737500000000004
 20
-14.6315169543
 30
0.0
 11
52.737500000000004
 21
-14.9833885215
 31
0.0
  0
LINE
  5
1A9
330
2F
100
AcDbEntity
  8
0
  6
Continuous
 62
7
370
25
100
AcDbLine
 10
52.737500000000004
 20
-13.2204058432
 30
0.0
 11
52.737500000000004
 21
-13.5722774103
 31
0.0
  0
LINE
  5
1AA
330
2F
100
AcDbEntity
  8
0
  6
Continuous
 62
7
370
25
100
AcDbLine
 10
52.737500000000004
 20
-11.8092947321
 30
0.0
 11
52.737500000000004
 21
-12.1611662992
 31
0.0
  0
LINE
  5
1AB
330
2F
100
AcDbEntity
  8
0
  6
Continuous
 62
7
370
25
100
AcDbLine
 10
52.737500000000004
 20
-10.398183621000001
 30
0.0
 11
52.737500000000004
 21
-10.750055188100001
 31
0.0
  0
LINE
  5
1AC
330
2F
100
AcDbEntity
  8
0
  6
Continuous
 62
7
370
25
100
AcDbLine
 10
52.737500000000004
 20
-8.987072509899999
 30
0.0
 11
52.737500000000004
 21
-9.338944077
 31
0.0
  0
LINE
  5
1AD
330
2F
100
AcDbEntity
  8
0
  6
Continuous
 62
7
370
25
100
AcDbLine
 10
52.737500000000004
 20
-7.5759613987000005
 30
0.0
 11
52.737500000000004
 21
-7.9278329659
 31
0.0
  0
LINE
  5
1AE
330
2F
100
AcDbEntity
  8
0
  6
Continuous
 62
7
370
25
100
AcDbLine
 10
52.737500000000004
 20
-6.1648502876
 30
0.0
 11
52.737500000000004
 21
-6.5167218548
 31
0.0
  0
LINE
  5
1AF
330
2F
100
AcDbEntity
  8
0
  6
Continuous
 62
7
370
25
100
AcDbLine
 10
52.737500000000004
 20
-4.7537391765
 30
0.0
 11
52.737500000000004
 21
-5.1056107437
 31
0.0
  0
LINE
  5
1B0
330
2F
100
AcDbEntity
  8
0
  6
Continuous
 62
7
370
25
100
AcDbLine
 10
52.737500000000004
 20
-3.3426280654
 30
0.0
 11
52.737500000000004
 21
-3.6944996326
 31
0.0
  0
LINE
  5
1B1
330
2F
100
AcDbEntity
  8
0
  6
Continuous
 62
7
370
25
100
AcDbLine
 10
52.737500000000004
 20
12.1795941568
 30
0.0
 11
52.737500000000004
 21
11.862
 31
0.0
  0
LINE
  5
1B2
330
2F
100
AcDbEntity
  8
0
  6
Continuous
 62
7
370
25
100
AcDbLine
 10
52.737500000000004
 20
13.590705267899999
 30
0.0
 11
52.737500000000004
 21
13.238833700799999
 31
0.0
  0
LINE
  5
1B3
330
2F
100
AcDbEntity
  8
0
  6
Continuous
 62
7
370
25
100
AcDbLine
 10
62.2625
 20
13.9439704041
 30
0.0
 11
62.2625
 21
14.2555534813
 31
0.0
  0
LINE
  5
1B4
330
2F
100
AcDbEntity
  8
0
  6
Continuous
 62
7
370
25
100
AcDbLine
 10
62.2625
 20
12.532859293
 30
0.0
 11
62.2625
 21
12.8859409318
 31
0.0
  0
LINE
  5
1B5
330
2F
100
AcDbEntity
  8
0
  6
Continuous
 62
7
370
25
100
AcDbLine
 10
62.2625
 20
-2.9893629292
 30
0.0
 11
62.2625
 21
-2.8099999999999996
 31
0.0
  0
LINE
  5
1B6
330
2F
100
AcDbEntity
  8
0
  6
Continuous
 62
7
370
25
100
AcDbLine
 10
62.2625
 20
-4.4004740403
 30
0.0
 11
62.2625
 21
-4.0473924015
 31
0.0
  0
LINE
  5
1B7
330
2F
100
AcDbEntity
  8
0
  6
Continuous
 62
7
370
25
100
AcDbLine
 10
62.2625
 20
-5.811585151399999
 30
0.0
 11
62.2625
 21
-5.4585035126
 31
0.0
  0
LINE
  5
1B8
330
2F
100
AcDbEntity
  8
0
  6
Continuous
 62
7
370
25
100
AcDbLine
 10
62.2625
 20
-7.2226962625999995
 30
0.0
 11
62.2625
 21
-6.8696146237
 31
0.0
  0
LINE
  5
1B9
330
2F
100
AcDbEntity
  8
0
  6
Continuous
 62
7
370
25
100
AcDbLine
 10
62.2625
 20
-8.6338073737
 30
0.0
 11
62.2625
 21
-8.2807257348
 31
0.0
  0
LINE
  5
1BA
330
2F
100
AcDbEntity
  8
0
  6
Continuous
 62
7
370
25
100
AcDbLine
 10
62.2625
 20
-10.0449184848
 30
0.0
 11
62.2625
 21
-9.691836846000001
 31
0.0
  0
LINE
  5
1BB
330
2F
100
AcDbEntity
  8
0
  6
Continuous
 62
7
370
25
100
AcDbLine
 10
62.2625
 20
-11.4560295959
 30
0.0
 11
62.2625
 21
-11.1029479571
 31
0.0
  0
LINE
  5
1BC
330
2F
100
AcDbEntity
  8
0
  6
Continuous
 62
7
370
25
100
AcDbLine
 10
62.2625
 20
-12.867140707
 30
0.0
 11
62.2625
 21
-12.5140590682
 31
0.0
  0
LINE
  5
1BD
330
2F
100
AcDbEntity
  8
0
  6
Continuous
 62
7
370
25
100
AcDbLine
 10
62.2625
 20
-14.278251818100001
 30
0.0
 11
62.2625
 21
-13.9251701793
 31
0.0
  0
LINE
  5
1BE
330
2F
100
AcDbEntity
  8
0
  6
Continuous
 62
7
370
25
100
AcDbLine
 10
62.2625
 20
-15.6893629292
 30
0.0
 11
62.2625
 21
-15.3362812904
 31
0.0
  0
LINE
  5
1BF
330
2F
100
AcDbEntity
  8
0
  6
Continuous
 62
7
370
25
100
AcDbLine
 10
62.2625
 20
-17.1004740403
 30
0.0
 11
62.2625
 21
-16.7473924015
 31
0.0
  0
LINE
  5
1C0
330
2F
100
AcDbEntity
  8
0
  6
Continuous
 62
7
370
25
100
AcDbLine
 10
62.2625
 20
-18.5115851514
 30
0.0
 11
62.2625
 21
-18.1585035126
 31
0.0
  0
LINE
  5
1C1
330
2F
100
AcDbEntity
  8
0
  6
Continuous
 62
7
370
25
100
AcDbLine
 10
62.2625
 20
-19.9226962626
 30
0.0
 11
62.2625
 21
-19.569614623699998
 31
0.0
  0
LINE
  5
1C2
330
2F
100
AcDbEntity
  8
0
  6
Continuous
 62
7
370
25
100
AcDbLine
 10
62.2625
 20
-21.333807373699997
 30
0.0
 11
62.2625
 21
-20.9807257348
 31
0.0
  0
LINE
  5
1C3
330
2F
100
AcDbEntity
  8
0
  6
Continuous
 62
7
370
25
100
AcDbLine
 10
62.2625
 20
-22.7449184848
 30
0.0
 11
62.2625
 21
-22.391836846
 31
0.0
  0
LINE
  5
1C4
330
2F
100
AcDbEntity
  8
0
  6
Continuous
 62
7
370
25
100
AcDbLine
 10
62.2625
 20
-24.156029595899998
 30
0.0
 11
62.2625
 21
-23.8029479571
 31
0.0
  0
LINE
  5
1C5
330
2F
100
AcDbEntity
  8
0
  6
Continuous
 62
7
370
25
100
AcDbLine
 10
62.2625
 20
-25.567140707
 30
0.0
 11
62.2625
 21
-25.214059068199997
 31
0.0
  0
LINE
  5
1C6
330
2F
100
AcDbEntity
  8
0
  6
Continuous
 62
7
370
25
100
AcDbLine
 10
62.2625
 20
-26.9782518181
 30
0.0
 11
62.2625
 21
-26.6251701793
 31
0.0
  0
LINE
  5
1C7
330
2F
100
AcDbEntity
  8
0
  6
Continuous
 62
7
370
25
100
AcDbLine
 10
62.2625
 20
-28.389362929199997
 30
0.0
 11
62.2625
 21
-28.036281290399998
 31
0.0
  0
LINE
  5
1C8
330
2F
100
AcDbEntity
  8
0
  6
Continuous
 62
7
370
25
100
AcDbLine
 10
62.2625
 20
-29.8004740403
 30
0.0
 11
62.2625
 21
-29.4473924015
 31
0.0
  0
LINE
  5
1C9
330
2F
100
AcDbEntity
  8
0
  6
Continuous
 62
7
370
25
100
AcDbLine
 10
62.2625
 20
-31.211585151399998
 30
0.0
 11
62.2625
 21
-30.8585035126
 31
0.0
  0
LINE
  5
1CA
330
2F
100
AcDbEntity
  8
0
  6
Continuous
 62
7
370
25
100
AcDbLine
 10
62.2625
 20
-32.6226962626
 30
0.0
 11
62.2625
 21
-32.2696146237
 31
0.0
  0
LINE
  5
1CB
330
2F
100
AcDbEntity
  8
0
  6
Continuous
 62
7
370
25
100
AcDbLine
 10
62.2625
 20
-34.0338073737
 30
0.0
 11
62.2625
 21
-33.6807257348
 31
0.0
  0
LINE
  5
1CC
330
2F
100
AcDbEntity
  8
0
  6
Continuous
 62
7
370
25
100
AcDbLine
 10
62.2625
 20
-55.3285255646
 30
0.0
 11
62.2625
 21
-35.091836846
 31
0.0
  0
LINE
  5
1CD
330
2F
100
AcDbEntity
  8
0
  6
Continuous
 62
7
370
25
100
AcDbLine
 10
61.502244535900005
 20
11.862
 30
0.0
 11
61.29169970790001
 21
11.9890546283
 31
0.0
  0
LINE
  5
1CE
330
2F
100
AcDbEntity
  8
0
  6
Continuous
 62
7
370
25
100
AcDbLine
 10
52.737500000000004
 20
-77.3447344712
 30
0.0
 11
52.737500000000004
 21
-79.8847344712
 31
0.0
  0
LINE
  5
1CF
330
2F
100
AcDbEntity
  8
0
  6
Continuous
 62
7
370
25
100
AcDbLine
 10
62.2625
 20
-79.8847344712
 30
0.0
 11
62.2625
 21
-77.3447344712
 31
0.0
  0
LINE
  5
1D0
330
2F
100
AcDbEntity
  8
0
  6
Continuous
 62
7
370
25
100
AcDbLine
 10
62.2625
 20
-77.3447344712
 30
0.0
 11
61.18300000000001
 21
-65.9147344712
 31
0.0
  0
LINE
  5
1D1
330
2F
100
AcDbEntity
  8
0
  6
Continuous
 62
7
370
25
100
AcDbLine
 10
53.81700000000001
 20
-65.9147344712
 30
0.0
 11
52.737500000000004
 21
-77.3447344712
 31
0.0
  0
LINE
  5
1D2
330
2F
100
AcDbEntity
  8
0
  6
Continuous
 62
7
370
25
100
AcDbLine
 10
61.48246969750001
 20
13.3465859785
 30
0.0
 11
61.48246969750001
 21
13.5229748674
 31
0.0
  0
LINE
  5
1D3
330
2F
100
AcDbEntity
  8
0
  6
Continuous
 62
7
370
25
100
AcDbLine
 10
53.50129283630001
 20
14.2076233075
 30
0.0
 11
53.50129283630001
 21
14.0312344187
 31
0.0
  0
LINE
  5
1D4
330
2F
100
AcDbEntity
  8
0
  6
Continuous
 62
7
370
25
100
AcDbLine
 10
-61.14999999999999
 20
1004.75
 30
0.0
 11
-61.14999999999999
 21
104.75
 31
0.0
  0
LINE
  5
1D5
330
2F
100
AcDbEntity
  8
0
  6
Continuous
 62
7
370
25
100
AcDbLine
 10
61.150000000000006
 20
1004.75
 30
0.0
 11
61.150000000000006
 21
104.75
 31
0.0
  0
LINE
  5
1D6
330
2F
100
AcDbEntity
  8
0
  6
Continuous
 62
7
370
25
100
AcDbLine
 10
72.5
 20
-2.8099999999999996
 30
0.0
 11
72.5
 21
4.75
 31
0.0
  0
LINE
  5
1D7
330
2F
100
AcDbEntity
  8
0
  6
Continuous
 62
7
370
25
100
AcDbLine
 10
-77.5
 20
-2.8099999999999996
 30
0.0
 11
77.5
 21
-2.8099999999999996
 31
0.0
  0
LINE
  5
1D8
330
2F
100
AcDbEntity
  8
0
  6
Continuous
 62
7
370
25
100
AcDbLine
 10
-72.5
 20
-2.8099999999999996
 30
0.0
 11
-72.5
 21
4.75
 31
0.0
  0
LINE
  5
1D9
330
2F
100
AcDbEntity
  8
0
  6
Continuous
 62
7
370
25
100
AcDbLine
 10
-77.5
 20
-1.41
 30
0.0
 11
77.5
 21
-1.41
 31
0.0
  0
LINE
  5
1DA
330
2F
100
AcDbEntity
  8
0
  6
Continuous
 62
7
370
25
100
AcDbLine
 10
-77.5
 20
-2.8099999999999996
 30
0.0
 11
-77.5
 21
4.75
 31
0.0
  0
LINE
  5
1DB
330
2F
100
AcDbEntity
  8
0
  6
Continuous
 62
7
370
25
100
AcDbLine
 10
77.5
 20
-2.8099999999999996
 30
0.0
 11
77.5
 21
4.75
 31
0.0
  0
LINE
  5
1DC
330
2F
100
AcDbEntity
  8
0
  6
Continuous
 62
7
370
25
100
AcDbLine
 10
-77.5
 20
-0.010000000000000009
 30
0.0
 11
77.5
 21
-0.010000000000000009
 31
0.0
  0
LINE
  5
1DD
330
2F
100
AcDbEntity
  8
0
  6
Continuous
 62
7
370
25
100
AcDbLine
 10
-65.15
 20
6.274000000000001
 30
0.0
 11
-65.15
 21
104.75
 31
0.0
  0
LINE
  5
1DE
330
2F
100
AcDbEntity
  8
0
  6
Continuous
 62
7
370
25
100
AcDbLine
 10
65.15
 20
104.75
 30
0.0
 11
-65.15
 21
104.75
 31
0.0
  0
LINE
  5
1DF
330
2F
100
AcDbEntity
  8
0
  6
Continuous
 62
7
370
25
100
AcDbLine
 10
65.15
 20
6.274000000000001
 30
0.0
 11
65.15
 21
104.75
 31
0.0
  0
LINE
  5
1E0
330
2F
100
AcDbEntity
  8
0
  6
Continuous
 62
7
370
25
100
AcDbLine
 10
-77.5
 20
4.75
 30
0.0
 11
77.5
 21
4.75
 31
0.0
  0
LINE
  5
1E1
330
2F
100
AcDbEntity
  8
0
  6
Continuous
 62
7
370
25
100
AcDbLine
 10
-52.80099999999999
 20
-65.9147344712
 30
0.0
 11
-62.199
 21
-65.9147344712
 31
0.0
  0
LINE
  5
1E2
330
2F
100
AcDbEntity
  8
0
  6
Continuous
 62
7
370
25
100
AcDbLine
 10
62.199000000000005
 20
-65.9147344712
 30
0.0
 11
52.801
 21
-65.9147344712
 31
0.0
  0
LINE
  5
1E3
330
2F
100
AcDbEntity
  8
0
  6
Continuous
 62
7
370
25
100
AcDbLine
 10
-67.85049999999998
 20
6.274000000000001
 30
0.0
 11
-47.14949999999999
 21
6.274000000000001
 31
0.0
  0
LINE
  5
1E4
330
2F
100
AcDbEntity
  8
0
  6
Continuous
 62
7
370
25
100
AcDbLine
 10
47.1495
 20
6.274000000000001
 30
0.0
 11
67.85050000000001
 21
6.274000000000001
 31
0.0
  0
LINE
  5
1E5
330
2F
100
AcDbEntity
  8
0
  6
Continuous
 62
7
370
25
100
AcDbLine
 10
56.96998835670001
 20
6.789336153899999
 30
0.0
 11
53.537996890900004
 21
6.274000000000001
 31
0.0
  0
LINE
  5
1E6
330
2F
100
AcDbEntity
  8
0
  6
Continuous
 62
7
370
25
100
AcDbLine
 10
53.537996890900004
 20
6.274000000000001
 30
0.0
 11
50.1060054499
 21
6.7893361689
 31
0.0
  0
LINE
  5
1E7
330
2F
100
AcDbEntity
  8
0
  6
Continuous
 62
7
370
25
100
AcDbLine
 10
50.1060054499
 20
6.7893361689
 30
0.0
 11
50.1060054499
 21
11.346663831099999
 31
0.0
  0
LINE
  5
1E8
330
2F
100
AcDbEntity
  8
0
  6
Continuous
 62
7
370
25
100
AcDbLine
 10
53.537996890900004
 20
11.862
 30
0.0
 11
50.1060054499
 21
11.346663831099999
 31
0.0
  0
LINE
  5
1E9
330
2F
100
AcDbEntity
  8
0
  6
Continuous
 62
7
370
25
100
AcDbLine
 10
56.96998835670001
 20
11.3466638461
 30
0.0
 11
53.537996890900004
 21
11.862
 31
0.0
  0
LINE
  5
1EA
330
2F
100
AcDbEntity
  8
0
  6
Continuous
 62
7
370
25
100
AcDbLine
 10
56.96998835670001
 20
6.789336153899999
 30
0.0
 11
56.96998835670001
 21
11.3466638461
 31
0.0
  0
LINE
  5
1EB
330
2F
100
AcDbEntity
  8
0
  6
Continuous
 62
7
370
25
100
AcDbLine
 10
60.66698558310001
 20
6.274000000000001
 30
0.0
 11
56.96998835670001
 21
6.789336153899999
 31
0.0
  0
LINE
  5
1EC
330
2F
100
AcDbEntity
  8
0
  6
Continuous
 62
7
370
25
100
AcDbLine
 10
50.3710113078
 20
11.862
 30
0.0
 11
64.62898869220001
 21
11.862
 31
0.0
  0
LINE
  5
1ED
330
2F
100
AcDbEntity
  8
0
  6
Continuous
 62
7
370
25
100
AcDbLine
 10
60.66698558310001
 20
11.862
 30
0.0
 11
56.96998835670001
 21
11.3466638461
 31
0.0
  0
LINE
  5
1EE
330
2F
100
AcDbEntity
  8
0
  6
Continuous
 62
7
370
25
100
AcDbLine
 10
64.36398285310001
 20
6.789336153899999
 30
0.0
 11
60.66698558310001
 21
6.274000000000001
 31
0.0
  0
LINE
  5
1EF
330
2F
100
AcDbEntity
  8
0
  6
Continuous
 62
7
370
25
100
AcDbLine
 10
64.36398285310001
 20
11.3466638461
 30
0.0
 11
60.66698558310001
 21
11.862
 31
0.0
  0
LINE
  5
1F0
330
2F
100
AcDbEntity
  8
0
  6
Continuous
 62
7
370
25
100
AcDbLine
 10
64.36398285310001
 20
6.789336153899999
 30
0.0
 11
64.36398285310001
 21
11.3466638461
 31
0.0
  0
LINE
  5
1F1
330
2F
100
AcDbEntity
  8
0
  6
Continuous
 62
7
370
25
100
AcDbLine
 10
50.1060054499
 20
11.346663831099999
 30
0.0
 11
50.3710113078
 21
11.862
 31
0.0
  0
LINE
  5
1F2
330
2F
100
AcDbEntity
  8
0
  6
Continuous
 62
7
370
25
100
AcDbLine
 10
50.1060054499
 20
6.7893361689
 30
0.0
 11
50.3710113078
 21
6.274000000000001
 31
0.0
  0
LINE
  5
1F3
330
2F
100
AcDbEntity
  8
0
  6
Continuous
 62
7
370
25
100
AcDbLine
 10
64.62898869220001
 20
11.862
 30
0.0
 11
64.36398285310001
 21
11.3466638461
 31
0.0
  0
LINE
  5
1F4
330
2F
100
AcDbEntity
  8
0
  6
Continuous
 62
7
370
25
100
AcDbLine
 10
64.62898869220001
 20
6.274000000000001
 30
0.0
 11
64.36398285310001
 21
6.789336153899999
 31
0.0
  0
LINE
  5
1F5
330
2F
100
AcDbEntity
  8
0
  6
Continuous
 62
7
370
25
100
AcDbLine
 10
64.8939944965
 20
6.789336153899999
 30
0.0
 11
64.62898869220001
 21
6.274000000000001
 31
0.0
  0
LINE
  5
1F6
330
2F
100
AcDbEntity
  8
0
  6
Continuous
 62
7
370
25
100
AcDbLine
 10
64.8939944965
 20
11.3466638461
 30
0.0
 11
64.62898869220001
 21
11.862
 31
0.0
  0
LINE
  5
1F7
330
2F
100
AcDbEntity
  8
0
  6
Continuous
 62
7
370
25
100
AcDbLine
 10
64.8939944965
 20
6.789336153899999
 30
0.0
 11
64.8939944965
 21
11.3466638461
 31
0.0
  0
LINE
  5
1F8
330
2F
100
AcDbEntity
  8
0
  6
Continuous
 62
7
370
25
100
AcDbLine
 10
-58.0300116433
 20
6.789336153899999
 30
0.0
 11
-61.462003109099996
 21
6.274000000000001
 31
0.0
  0
LINE
  5
1F9
330
2F
100
AcDbEntity
  8
0
  6
Continuous
 62
7
370
25
100
AcDbLine
 10
-61.462003109099996
 20
6.274000000000001
 30
0.0
 11
-64.89399455009999
 21
6.7893361689
 31
0.0
  0
LINE
  5
1FA
330
2F
100
AcDbEntity
  8
0
  6
Continuous
 62
7
370
25
100
AcDbLine
 10
-64.89399455009999
 20
6.7893361689
 30
0.0
 11
-64.89399455009999
 21
11.346663831099999
 31
0.0
  0
LINE
  5
1FB
330
2F
100
AcDbEntity
  8
0
  6
Continuous
 62
7
370
25
100
AcDbLine
 10
-61.462003109099996
 20
11.862
 30
0.0
 11
-64.89399455009999
 21
11.346663831099999
 31
0.0
  0
LINE
  5
1FC
330
2F
100
AcDbEntity
  8
0
  6
Continuous
 62
7
370
25
100
AcDbLine
 10
-58.0300116433
 20
11.3466638461
 30
0.0
 11
-61.462003109099996
 21
11.862
 31
0.0
  0
LINE
  5
1FD
330
2F
100
AcDbEntity
  8
0
  6
Continuous
 62
7
370
25
100
AcDbLine
 10
-58.0300116433
 20
6.789336153899999
 30
0.0
 11
-58.0300116433
 21
11.3466638461
 31
0.0
  0
LINE
  5
1FE
330
2F
100
AcDbEntity
  8
0
  6
Continuous
 62
7
370
25
100
AcDbLine
 10
-54.3330144169
 20
6.274000000000001
 30
0.0
 11
-58.0300116433
 21
6.789336153899999
 31
0.0
  0
LINE
  5
1FF
330
2F
100
AcDbEntity
  8
0
  6
Continuous
 62
7
370
25
100
AcDbLine
 10
-64.62898869219998
 20
11.862
 30
0.0
 11
-50.37101130779999
 21
11.862
 31
0.0
  0
LINE
  5
200
330
2F
100
AcDbEntity
  8
0
  6
Continuous
 62
7
370
25
100
AcDbLine
 10
-54.3330144169
 20
11.862
 30
0.0
 11
-58.0300116433
 21
11.3466638461
 31
0.0
  0
LINE
  5
201
330
2F
100
AcDbEntity
  8
0
  6
Continuous
 62
7
370
25
100
AcDbLine
 10
-50.63601714689999
 20
6.789336153899999
 30
0.0
 11
-54.3330144169
 21
6.274000000000001
 31
0.0
  0
LINE
  5
202
330
2F
100
AcDbEntity
  8
0
  6
Continuous
 62
7
370
25
100
AcDbLine
 10
-50.63601714689999
 20
11.3466638461
 30
0.0
 11
-54.3330144169
 21
11.862
 31
0.0
  0
LINE
  5
203
330
2F
100
AcDbEntity
  8
0
  6
Continuous
 62
7
370
25
100
AcDbLine
 10
-50.63601714689999
 20
6.789336153899999
 30
0.0
 11
-50.63601714689999
 21
11.3466638461
 31
0.0
  0
LINE
  5
204
330
2F
100
AcDbEntity
  8
0
  6
Continuous
 62
7
370
25
100
AcDbLine
 10
-64.89399455009999
 20
6.7893361689
 30
0.0
 11
-64.62898869219998
 21
6.274000000000001
 31
0.0
  0
LINE
  5
205
330
2F
100
AcDbEntity
  8
0
  6
Continuous
 62
7
370
25
100
AcDbLine
 10
-64.89399455009999
 20
11.346663831099999
 30
0.0
 11
-64.62898869219998
 21
11.862
 31
0.0
  0
LINE
  5
206
330
2F
100
AcDbEntity
  8
0
  6
Continuous
 62
7
370
25
100
AcDbLine
 10
-50.37101130779999
 20
11.862
 30
0.0
 11
-50.63601714689999
 21
11.3466638461
 31
0.0
  0
LINE
  5
207
330
2F
100
AcDbEntity
  8
0
  6
Continuous
 62
7
370
25
100
AcDbLine
 10
-50.37101130779999
 20
6.274000000000001
 30
0.0
 11
-50.63601714689999
 21
6.789336153899999
 31
0.0
  0
LINE
  5
208
330
2F
100
AcDbEntity
  8
0
  6
Continuous
 62
7
370
25
100
AcDbLine
 10
-50.1060055035
 20
6.789336153899999
 30
0.0
 11
-50.37101130779999
 21
6.274000000000001
 31
0.0
  0
LINE
  5
209
330
2F
100
AcDbEntity
  8
0
  6
Continuous
 62
7
370
25
100
AcDbLine
 10
-50.1060055035
 20
11.3466638461
 30
0.0
 11
-50.37101130779999
 21
11.862
 31
0.0
  0
LINE
  5
20A
330
2F
100
AcDbEntity
  8
0
  6
Continuous
 62
7
370
25
100
AcDbLine
 10
-50.1060055035
 20
6.789336153899999
 30
0.0
 11
-50.1060055035
 21
11.3466638461
 31
0.0
  0
LINE
  5
20B
330
2F
100
AcDbEntity
  8
0
  6
Continuous
 62
7
370
25
100
AcDbLine
 10
-56.6239334375
 20
14.2555534813
 30
0.0
 11
-52.7375
 21
14.2555534813
 31
0.0
  0
LINE
  5
20C
330
2F
100
AcDbEntity
  8
0
  6
Continuous
 62
7
370
25
100
AcDbLine
 10
-52.82452725009999
 20
12.928896954699999
 30
0.0
 11
-52.82159968389999
 21
12.8859409318
 31
0.0
  0
LINE
  5
20D
330
2F
100
AcDbEntity
  8
0
  6
Continuous
 62
7
370
25
100
AcDbLine
 10
-52.82452725009999
 20
-4.0044363785999995
 30
0.0
 11
-52.82159968389999
 21
-4.0473924015
 31
0.0
  0
LINE
  5
20E
330
2F
100
AcDbEntity
  8
0
  6
Continuous
 62
7
370
25
100
AcDbLine
 10
-52.82452725009999
 20
-5.4155474897
 30
0.0
 11
-52.82159968389999
 21
-5.4585035126
 31
0.0
  0
LINE
  5
20F
330
2F
100
AcDbEntity
  8
0
  6
Continuous
 62
7
370
25
100
AcDbLine
 10
-52.82452725009999
 20
-6.8266586008
 30
0.0
 11
-52.82159968389999
 21
-6.8696146237
 31
0.0
  0
LINE
  5
210
330
2F
100
AcDbEntity
  8
0
  6
Continuous
 62
7
370
25
100
AcDbLine
 10
-52.82452725009999
 20
-8.2377697119
 30
0.0
 11
-52.82159968389999
 21
-8.2807257348
 31
0.0
  0
LINE
  5
211
330
2F
100
AcDbEntity
  8
0
  6
Continuous
 62
7
370
25
100
AcDbLine
 10
-52.82452725009999
 20
-9.648880823
 30
0.0
 11
-52.82159968389999
 21
-9.691836846000001
 31
0.0
  0
LINE
  5
212
330
2F
100
AcDbEntity
  8
0
  6
Continuous
 62
7
370
25
100
AcDbLine
 10
-52.82452725009999
 20
-11.059991934200001
 30
0.0
 11
-52.82159968389999
 21
-11.1029479571
 31
0.0
  0
LINE
  5
213
330
2F
100
AcDbEntity
  8
0
  6
Continuous
 62
7
370
25
100
AcDbLine
 10
-52.82452725009999
 20
-12.4711030453
 30
0.0
 11
-52.82159968389999
 21
-12.5140590682
 31
0.0
  0
LINE
  5
214
330
2F
100
AcDbEntity
  8
0
  6
Continuous
 62
7
370
25
100
AcDbLine
 10
-52.82452725009999
 20
-13.8822141564
 30
0.0
 11
-52.82159968389999
 21
-13.9251701793
 31
0.0
  0
LINE
  5
215
330
2F
100
AcDbEntity
  8
0
  6
Continuous
 62
7
370
25
100
AcDbLine
 10
-52.82452725009999
 20
-15.2933252675
 30
0.0
 11
-52.82159968389999
 21
-15.3362812904
 31
0.0
  0
LINE
  5
216
330
2F
100
AcDbEntity
  8
0
  6
Continuous
 62
7
370
25
100
AcDbLine
 10
-52.82452725009999
 20
-16.7044363786
 30
0.0
 11
-52.82159968389999
 21
-16.7473924015
 31
0.0
  0
LINE
  5
217
330
2F
100
AcDbEntity
  8
0
  6
Continuous
 62
7
370
25
100
AcDbLine
 10
-52.82452725009999
 20
-18.1155474897
 30
0.0
 11
-52.82159968389999
 21
-18.1585035126
 31
0.0
  0
LINE
  5
218
330
2F
100
AcDbEntity
  8
0
  6
Continuous
 62
7
370
25
100
AcDbLine
 10
-52.82452725009999
 20
-19.526658600799998
 30
0.0
 11
-52.82159968389999
 21
-19.569614623699998
 31
0.0
  0
LINE
  5
219
330
2F
100
AcDbEntity
  8
0
  6
Continuous
 62
7
370
25
100
AcDbLine
 10
-52.82452725009999
 20
-20.9377697119
 30
0.0
 11
-52.82159968389999
 21
-20.9807257348
 31
0.0
  0
LINE
  5
21A
330
2F
100
AcDbEntity
  8
0
  6
Continuous
 62
7
370
25
100
AcDbLine
 10
-52.82452725009999
 20
-22.348880823
 30
0.0
 11
-52.82159968389999
 21
-22.391836846
 31
0.0
  0
LINE
  5
21B
330
2F
100
AcDbEntity
  8
0
  6
Continuous
 62
7
370
25
100
AcDbLine
 10
-52.82452725009999
 20
-23.7599919342
 30
0.0
 11
-52.82159968389999
 21
-23.8029479571
 31
0.0
  0
LINE
  5
21C
330
2F
100
AcDbEntity
  8
0
  6
Continuous
 62
7
370
25
100
AcDbLine
 10
-52.82452725009999
 20
-25.171103045299997
 30
0.0
 11
-52.82159968389999
 21
-25.214059068199997
 31
0.0
  0
LINE
  5
21D
330
2F
100
AcDbEntity
  8
0
  6
Continuous
 62
7
370
25
100
AcDbLine
 10
-52.82452725009999
 20
-26.5822141564
 30
0.0
 11
-52.82159968389999
 21
-26.6251701793
 31
0.0
  0
LINE
  5
21E
330
2F
100
AcDbEntity
  8
0
  6
Continuous
 62
7
370
25
100
AcDbLine
 10
-52.82452725009999
 20
-27.993325267499998
 30
0.0
 11
-52.82159968389999
 21
-28.036281290399998
 31
0.0
  0
LINE
  5
21F
330
2F
100
AcDbEntity
  8
0
  6
Continuous
 62
7
370
25
100
AcDbLine
 10
-52.82452725009999
 20
-29.4044363786
 30
0.0
 11
-52.82159968389999
 21
-29.4473924015
 31
0.0
  0
LINE
  5
220
330
2F
100
AcDbEntity
  8
0
  6
Continuous
 62
7
370
25
100
AcDbLine
 10
-52.82452725009999
 20
-30.8155474897
 30
0.0
 11
-52.82159968389999
 21
-30.8585035126
 31
0.0
  0
LINE
  5
221
330
2F
100
AcDbEntity
  8
0
  6
Continuous
 62
7
370
25
100
AcDbLine
 10
-52.82452725009999
 20
-32.2266586008
 30
0.0
 11
-52.82159968389999
 21
-32.2696146237
 31
0.0
  0
LINE
  5
222
330
2F
100
AcDbEntity
  8
0
  6
Continuous
 62
7
370
25
100
AcDbLine
 10
-52.82452725009999
 20
-33.6377697119
 30
0.0
 11
-52.82159968389999
 21
-33.6807257348
 31
0.0
  0
LINE
  5
223
330
2F
100
AcDbEntity
  8
0
  6
Continuous
 62
7
370
25
100
AcDbLine
 10
-52.82452725009999
 20
-35.048880823
 30
0.0
 11
-52.82159968389999
 21
-35.091836846
 31
0.0
  0
LINE
  5
224
330
2F
100
AcDbEntity
  8
0
  6
Continuous
 62
7
370
25
100
AcDbLine
 10
-60.8535907057
 20
15.3652655288
 30
0.0
 11
-54.1464092943
 21
15.3652655288
 31
0.0
  0
LINE
  5
225
330
2F
100
AcDbEntity
  8
0
  6
Continuous
 62
7
370
25
100
AcDbLine
 10
-62.6887089066
 20
-55.754734471199995
 30
0.0
 11
-52.3112910934
 21
-55.754734471199995
 31
0.0
  0
LINE
  5
226
330
2F
100
AcDbEntity
  8
0
  6
Continuous
 62
7
370
25
100
AcDbLine
 10
-62.26249999999999
 20
-77.3447344712
 30
0.0
 11
-52.7375
 21
-77.3447344712
 31
0.0
  0
LINE
  5
227
330
2F
100
AcDbEntity
  8
0
  6
Continuous
 62
7
370
25
100
AcDbLine
 10
-62.26249999999999
 20
-79.8847344712
 30
0.0
 11
-52.7375
 21
-79.8847344712
 31
0.0
  0
LINE
  5
228
330
2F
100
AcDbEntity
  8
0
  6
Continuous
 62
7
370
25
100
AcDbLine
 10
58.37606656250001
 20
14.2555534813
 30
0.0
 11
62.2625
 21
14.2555534813
 31
0.0
  0
LINE
  5
229
330
2F
100
AcDbEntity
  8
0
  6
Continuous
 62
7
370
25
100
AcDbLine
 10
54.14640929430001
 20
15.3652655288
 30
0.0
 11
60.85359070570001
 21
15.3652655288
 31
0.0
  0
LINE
  5
22A
330
2F
100
AcDbEntity
  8
0
  6
Continuous
 62
7
370
25
100
AcDbLine
 10
62.1754727499
 20
12.928896954699999
 30
0.0
 11
62.1784003161
 21
12.8859409318
 31
0.0
  0
LINE
  5
22B
330
2F
100
AcDbEntity
  8
0
  6
Continuous
 62
7
370
25
100
AcDbLine
 10
62.1754727499
 20
-4.0044363785999995
 30
0.0
 11
62.1784003161
 21
-4.0473924015
 31
0.0
  0
LINE
  5
22C
330
2F
100
AcDbEntity
  8
0
  6
Continuous
 62
7
370
25
100
AcDbLine
 10
62.1754727499
 20
-5.4155474897
 30
0.0
 11
62.1784003161
 21
-5.4585035126
 31
0.0
  0
LINE
  5
22D
330
2F
100
AcDbEntity
  8
0
  6
Continuous
 62
7
370
25
100
AcDbLine
 10
62.1754727499
 20
-6.8266586008
 30
0.0
 11
62.1784003161
 21
-6.8696146237
 31
0.0
  0
LINE
  5
22E
330
2F
100
AcDbEntity
  8
0
  6
Continuous
 62
7
370
25
100
AcDbLine
 10
62.1754727499
 20
-8.2377697119
 30
0.0
 11
62.1784003161
 21
-8.2807257348
 31
0.0
  0
LINE
  5
22F
330
2F
100
AcDbEntity
  8
0
  6
Continuous
 62
7
370
25
100
AcDbLine
 10
62.1754727499
 20
-9.648880823
 30
0.0
 11
62.1784003161
 21
-9.691836846000001
 31
0.0
  0
LINE
  5
230
330
2F
100
AcDbEntity
  8
0
  6
Continuous
 62
7
370
25
100
AcDbLine
 10
62.1754727499
 20
-11.059991934200001
 30
0.0
 11
62.1784003161
 21
-11.1029479571
 31
0.0
  0
LINE
  5
231
330
2F
100
AcDbEntity
  8
0
  6
Continuous
 62
7
370
25
100
AcDbLine
 10
62.1754727499
 20
-12.4711030453
 30
0.0
 11
62.1784003161
 21
-12.5140590682
 31
0.0
  0
LINE
  5
232
330
2F
100
AcDbEntity
  8
0
  6
Continuous
 62
7
370
25
100
AcDbLine
 10
62.1754727499
 20
-13.8822141564
 30
0.0
 11
62.1784003161
 21
-13.9251701793
 31
0.0
  0
LINE
  5
233
330
2F
100
AcDbEntity
  8
0
  6
Continuous
 62
7
370
25
100
AcDbLine
 10
62.1754727499
 20
-15.2933252675
 30
0.0
 11
62.1784003161
 21
-15.3362812904
 31
0.0
  0
LINE
  5
234
330
2F
100
AcDbEntity
  8
0
  6
Continuous
 62
7
370
25
100
AcDbLine
 10
62.1754727499
 20
-16.7044363786
 30
0.0
 11
62.1784003161
 21
-16.7473924015
 31
0.0
  0
LINE
  5
235
330
2F
100
AcDbEntity
  8
0
  6
Continuous
 62
7
370
25
100
AcDbLine
 10
62.1754727499
 20
-18.1155474897
 30
0.0
 11
62.1784003161
 21
-18.1585035126
 31
0.0
  0
LINE
  5
236
330
2F
100
AcDbEntity
  8
0
  6
Continuous
 62
7
370
25
100
AcDbLine
 10
62.1754727499
 20
-19.526658600799998
 30
0.0
 11
62.1784003161
 21
-19.569614623699998
 31
0.0
  0
LINE
  5
237
330
2F
100
AcDbEntity
  8
0
  6
Continuous
 62
7
370
25
100
AcDbLine
 10
62.1754727499
 20
-20.9377697119
 30
0.0
 11
62.1784003161
 21
-20.9807257348
 31
0.0
  0
LINE
  5
238
330
2F
100
AcDbEntity
  8
0
  6
Continuous
 62
7
370
25
100
AcDbLine
 10
62.1754727499
 20
-22.348880823
 30
0.0
 11
62.1784003161
 21
-22.391836846
 31
0.0
  0
LINE
  5
239
330
2F
100
AcDbEntity
  8
0
  6
Continuous
 62
7
370
25
100
AcDbLine
 10
62.1754727499
 20
-23.7599919342
 30
0.0
 11
62.1784003161
 21
-23.8029479571
 31
0.0
  0
LINE
  5
23A
330
2F
100
AcDbEntity
  8
0
  6
Continuous
 62
7
370
25
100
AcDbLine
 10
62.1754727499
 20
-25.171103045299997
 30
0.0
 11
62.1784003161
 21
-25.214059068199997
 31
0.0
  0
LINE
  5
23B
330
2F
100
AcDbEntity
  8
0
  6
Continuous
 62
7
370
25
100
AcDbLine
 10
62.1754727499
 20
-26.5822141564
 30
0.0
 11
62.1784003161
 21
-26.6251701793
 31
0.0
  0
LINE
  5
23C
330
2F
100
AcDbEntity
  8
0
  6
Continuous
 62
7
370
25
100
AcDbLine
 10
62.1754727499
 20
-27.993325267499998
 30
0.0
 11
62.1784003161
 21
-28.036281290399998
 31
0.0
  0
LINE
  5
23D
330
2F
100
AcDbEntity
  8
0
  6
Continuous
 62
7
370
25
100
AcDbLine
 10
62.1754727499
 20
-29.4044363786
 30
0.0
 11
62.1784003161
 21
-29.4473924015
 31
0.0
  0
LINE
  5
23E
330
2F
100
AcDbEntity
  8
0
  6
Continuous
 62
7
370
25
100
AcDbLine
 10
62.1754727499
 20
-30.8155474897
 30
0.0
 11
62.1784003161
 21
-30.8585035126
 31
0.0
  0
LINE
  5
23F
330
2F
100
AcDbEntity
  8
0
  6
Continuous
 62
7
370
25
100
AcDbLine
 10
62.1754727499
 20
-32.2266586008
 30
0.0
 11
62.1784003161
 21
-32.2696146237
 31
0.0
  0
LINE
  5
240
330
2F
100
AcDbEntity
  8
0
  6
Continuous
 62
7
370
25
100
AcDbLine
 10
62.1754727499
 20
-33.6377697119
 30
0.0
 11
62.1784003161
 21
-33.6807257348
 31
0.0
  0
LINE
  5
241
330
2F
100
AcDbEntity
  8
0
  6
Continuous
 62
7
370
25
100
AcDbLine
 10
62.1754727499
 20
-35.048880823
 30
0.0
 11
62.1784003161
 21
-35.091836846
 31
0.0
  0
LINE
  5
242
330
2F
100
AcDbEntity
  8
0
  6
Continuous
 62
7
370
25
100
AcDbLine
 10
52.3112910934
 20
-55.754734471199995
 30
0.0
 11
62.688708906600006
 21
-55.754734471199995
 31
0.0
  0
LINE
  5
243
330
2F
100
AcDbEntity
  8
0
  6
Continuous
 62
7
370
25
100
AcDbLine
 10
52.737500000000004
 20
-77.3447344712
 30
0.0
 11
62.2625
 21
-77.3447344712
 31
0.0
  0
LINE
  5
244
330
2F
100
AcDbEntity
  8
0
  6
Continuous
 62
7
370
25
100
AcDbLine
 10
52.737500000000004
 20
-79.8847344712
 30
0.0
 11
62.2625
 21
-79.8847344712
 31
0.0
  0
LINE
  5
245
330
2F
100
AcDbEntity
  8
0
  6
Continuous
 62
7
370
25
100
AcDbLine
 10
-34.3196889158
 20
29.5771626712
 30
0.0
 11
-36.0774259281
 21
32.794489811700004
 31
0.0
  0
LINE
  5
246
330
2F
100
AcDbEntity
  8
0
  6
Continuous
 62
7
370
25
100
AcDbLine
 10
-37.8351629404
 20
36.0118169521
 30
0.0
 11
-41.50031848249999
 21
36.0982356166
 31
0.0
  0
LINE
  5
247
330
2F
100
AcDbEntity
  8
0
  6
Continuous
 62
7
370
25
100
AcDbLine
 10
-48.9803110842
 20
29.9228373288
 30
0.0
 11
-47.2225740719
 21
26.7055101883
 31
0.0
  0
LINE
  5
248
330
2F
100
AcDbEntity
  8
0
  6
Continuous
 62
7
370
25
100
AcDbLine
 10
-45.4648370596
 20
23.4881830479
 30
0.0
 11
-41.79968151749999
 21
23.4017643834
 31
0.0
  0
LINE
  5
249
330
2F
100
AcDbEntity
  8
0
  6
Continuous
 62
7
370
25
100
AcDbLine
 10
-45.4648370596
 20
73.4881830479
 30
0.0
 11
-41.79968151749999
 21
73.40176438339999
 31
0.0
  0
LINE
  5
24A
330
2F
100
AcDbEntity
  8
0
  6
Continuous
 62
7
370
25
100
AcDbLine
 10
-37.8351629404
 20
86.01181695209999
 30
0.0
 11
-41.50031848249999
 21
86.0982356166
 31
0.0
  0
LINE
  5
24B
330
2F
100
AcDbEntity
  8
0
  6
Continuous
 62
7
370
25
100
AcDbLine
 10
-34.3196889158
 20
79.5771626712
 30
0.0
 11
-36.0774259281
 21
82.79448981169999
 31
0.0
  0
LINE
  5
24C
330
2F
100
AcDbEntity
  8
0
  6
Continuous
 62
7
370
25
100
AcDbLine
 10
-48.9803110842
 20
79.9228373288
 30
0.0
 11
-47.2225740719
 21
76.7055101883
 31
0.0
  0
LINE
  5
24D
330
2F
100
AcDbEntity
  8
0
  6
Continuous
 62
7
370
25
100
AcDbLine
 10
38.83516294040001
 20
73.4881830479
 30
0.0
 11
42.500318482500006
 21
73.40176438339999
 31
0.0
  0
LINE
  5
24E
330
2F
100
AcDbEntity
  8
0
  6
Continuous
 62
7
370
25
100
AcDbLine
 10
35.3196889158
 20
79.9228373288
 30
0.0
 11
37.077425928100006
 21
76.7055101883
 31
0.0
  0
LINE
  5
24F
330
2F
100
AcDbEntity
  8
0
  6
Continuous
 62
7
370
25
100
AcDbLine
 10
49.980311084200004
 20
79.5771626712
 30
0.0
 11
48.222574071900006
 21
82.79448981169999
 31
0.0
  0
LINE
  5
250
330
2F
100
AcDbEntity
  8
0
  6
Continuous
 62
7
370
25
100
AcDbLine
 10
46.4648370596
 20
86.01181695209999
 30
0.0
 11
42.799681517500005
 21
86.0982356166
 31
0.0
  0
LINE
  5
251
330
2F
100
AcDbEntity
  8
0
  6
Continuous
 62
7
370
25
100
AcDbLine
 10
46.4648370596
 20
36.0118169521
 30
0.0
 11
42.799681517500005
 21
36.0982356166
 31
0.0
  0
LINE
  5
252
330
2F
100
AcDbEntity
  8
0
  6
Continuous
 62
7
370
25
100
AcDbLine
 10
38.83516294040001
 20
23.4881830479
 30
0.0
 11
42.500318482500006
 21
23.4017643834
 31
0.0
  0
LINE
  5
253
330
2F
100
AcDbEntity
  8
0
  6
Continuous
 62
7
370
25
100
AcDbLine
 10
49.980311084200004
 20
29.5771626712
 30
0.0
 11
48.222574071900006
 21
32.794489811700004
 31
0.0
  0
LINE
  5
254
330
2F
100
AcDbEntity
  8
0
  6
Continuous
 62
7
370
25
100
AcDbLine
 10
35.3196889158
 20
29.9228373288
 30
0.0
 11
37.077425928100006
 21
26.7055101883
 31
0.0
  0
LINE
  5
255
330
2F
100
AcDbEntity
  8
0
  6
Continuous
 62
7
370
25
100
AcDbLine
 10
-55.75
 20
1004.75
 30
0.0
 11
-55.75
 21
104.75
 31
0.0
  0
LINE
  5
256
330
2F
100
AcDbEntity
  8
0
  6
Continuous
 62
7
370
25
100
AcDbLine
 10
-25.357023542099995
 20
1004.75
 30
0.0
 11
-25.357023542099995
 21
104.75
 31
0.0
  0
LINE
  5
257
330
2F
100
AcDbEntity
  8
0
  6
Continuous
 62
7
370
25
100
AcDbLine
 10
-20.726561743299996
 20
1004.75
 30
0.0
 11
-20.726561743299996
 21
104.75
 31
0.0
  0
LINE
  5
258
330
2F
100
AcDbEntity
  8
0
  6
Continuous
 62
7
370
25
100
AcDbLine
 10
20.726561743300003
 20
1004.75
 30
0.0
 11
20.726561743300003
 21
104.75
 31
0.0
  0
LINE
  5
259
330
2F
100
AcDbEntity
  8
0
  6
Continuous
 62
7
370
25
100
AcDbLine
 10
25.357023542200004
 20
1004.75
 30
0.0
 11
25.357023542200004
 21
104.75
 31
0.0
  0
LINE
  5
25A
330
2F
100
AcDbEntity
  8
0
  6
Continuous
 62
7
370
25
100
AcDbLine
 10
55.75000000000001
 20
1004.75
 30
0.0
 11
55.75000000000001
 21
104.75
 31
0.0
  0
LINE
  5
25B
330
2F
100
AcDbEntity
  8
0
  6
Continuous
 62
7
370
25
100
AcDbLine
 10
-16.2006774993
 20
1004.75
 30
0.0
 11
-16.2006774993
 21
104.75
 31
0.0
  0
LINE
  5
25C
330
2F
100
AcDbEntity
  8
0
  6
Continuous
 62
7
370
25
100
AcDbLine
 10
16.200677499300006
 20
1004.75
 30
0.0
 11
16.200677499300006
 21
104.75
 31
0.0
  0
LINE
  5
25D
330
2F
100
AcDbEntity
  8
0
  6
Continuous
 62
7
370
25
100
AcDbLine
 10
13.842571953600007
 20
1004.75
 30
0.0
 11
13.842571953600007
 21
104.75
 31
0.0
  0
LINE
  5
25E
330
2F
100
AcDbEntity
  8
0
  6
Continuous
 62
7
370
25
100
AcDbLine
 10
-13.8425719536
 20
1004.75
 30
0.0
 11
-13.8425719536
 21
104.75
 31
0.0
  0
LINE
  5
25F
330
2F
100
AcDbEntity
  8
0
  6
Continuous
 62
7
370
25
100
AcDbLine
 10
-59.5
 20
15.3652655288
 30
0.0
 11
-59.5
 21
104.75
 31
0.0
  0
LINE
  5
260
330
2F
100
AcDbEntity
  8
0
  6
Continuous
 62
7
370
25
100
AcDbLine
 10
59.50000000000001
 20
15.3652655288
 30
0.0
 11
59.50000000000001
 21
104.75
 31
0.0
  0
LINE
  5
261
330
2F
100
AcDbEntity
  8
0
  6
Continuous
 62
7
370
25
100
AcDbLine
 10
-52.547
 20
-56.0087344712
 30
0.0
 11
-62.45299999999999
 21
-56.0087344712
 31
0.0
  0
LINE
  5
262
330
2F
100
AcDbEntity
  8
0
  6
Continuous
 62
7
370
25
100
AcDbLine
 10
-62.45299999999999
 20
-65.6607344712
 30
0.0
 11
-52.547
 21
-65.6607344712
 31
0.0
  0
LINE
  5
263
330
2F
100
AcDbEntity
  8
0
  6
Continuous
 62
7
370
25
100
AcDbLine
 10
52.547000000000004
 20
-65.6607344712
 30
0.0
 11
62.453
 21
-65.6607344712
 31
0.0
  0
LINE
  5
264
330
2F
100
AcDbEntity
  8
0
  6
Continuous
 62
7
370
25
100
AcDbLine
 10
62.453
 20
-56.0087344712
 30
0.0
 11
52.547000000000004
 21
-56.0087344712
 31
0.0
  0
LINE
  5
265
330
2F
100
AcDbEntity
  8
0
  6
Continuous
 62
7
370
25
100
AcDbLine
 10
-62.26249999999999
 20
-55.3285255646
 30
0.0
 11
-52.7375
 21
-55.3285255646
 31
0.0
  0
LINE
  5
266
330
2F
100
AcDbEntity
  8
0
  6
Continuous
 62
7
370
25
100
AcDbLine
 10
52.737500000000004
 20
-55.3285255646
 30
0.0
 11
62.2625
 21
-55.3285255646
 31
0.0
  0
ARC
  5
267
330
2F
100
AcDbEntity
  8
0
  6
Continuous
 62
7
370
25
100
AcDbCircle
 10
-52.80099999999999
 20
-56.0087344712
 30
0.0
 40
0.2540000000000475
100
AcDbArc
 50
0.0
 51
90.0
  0
ARC
  5
268
330
2F
100
AcDbEntity
  8
0
  6
Continuous
 62
7
370
25
100
AcDbCircle
 10
-62.199
 20
-56.0087344712
 30
0.0
 40
0.2540000000000617
100
AcDbArc
 50
90.0
 51
180.0
  0
ARC
  5
269
330
2F
100
AcDbEntity
  8
0
  6
Continuous
 62
7
370
25
100
AcDbCircle
 10
-52.80099999999999
 20
-65.6607344712
 30
0.0
 40
0.2539999999999907
100
AcDbArc
 50
270.0
 51
360.0
  0
ARC
  5
26A
330
2F
100
AcDbEntity
  8
0
  6
Continuous
 62
7
370
25
100
AcDbCircle
 10
-62.199
 20
-65.6607344712
 30
0.0
 40
0.2539999999999765
100
AcDbArc
 50
180.0
 51
270.0
  0
ARC
  5
26B
330
2F
100
AcDbEntity
  8
0
  6
Continuous
 62
7
370
25
100
AcDbCircle
 10
62.199000000000005
 20
-65.6607344712
 30
0.0
 40
0.2540000000000617
100
AcDbArc
 50
270.0
 51
360.0
  0
ARC
  5
26C
330
2F
100
AcDbEntity
  8
0
  6
Continuous
 62
7
370
25
100
AcDbCircle
 10
52.801
 20
-65.6607344712
 30
0.0
 40
0.2539999999999782
100
AcDbArc
 50
180.0
 51
270.0
  0
ARC
  5
26D
330
2F
100
AcDbEntity
  8
0
  6
Continuous
 62
7
370
25
100
AcDbCircle
 10
62.199000000000005
 20
-56.0087344712
 30
0.0
 40
0.2540000000000617
100
AcDbArc
 50
0.0
 51
90.0
  0
ARC
  5
26E
330
2F
100
AcDbEntity
  8
0
  6
Continuous
 62
7
370
25
100
AcDbCircle
 10
52.801
 20
-56.0087344712
 30
0.0
 40
0.2540000000000404
100
AcDbArc
 50
90.0
 51
180.0
  0
ARC
  5
26F
330
2F
100
AcDbEntity
  8
0
  6
Continuous
 62
7
370
25
100
AcDbCircle
 10
-62.6887089066
 20
-55.3285255646
 30
0.0
 40
0.4262089065669699
100
AcDbArc
 50
270.0
 51
0.0
  0
ARC
  5
270
330
2F
100
AcDbEntity
  8
0
  6
Continuous
 62
7
370
25
100
AcDbCircle
 10
-52.3112910934
 20
-55.3285255646
 30
0.0
 40
0.4262089065669414
100
AcDbArc
 50
180.0
 51
270.0
  0
ARC
  5
271
330
2F
100
AcDbEntity
  8
0
  6
Continuous
 62
7
370
25
100
AcDbCircle
 10
52.3112910934
 20
-55.3285255646
 30
0.0
 40
0.4262089065669343
100
AcDbArc
 50
270.0
 51
0.0
  0
ARC
  5
272
330
2F
100
AcDbEntity
  8
0
  6
Continuous
 62
7
370
25
100
AcDbCircle
 10
62.688708906600006
 20
-55.3285255646
 30
0.0
 40
0.4262089065669343
100
AcDbArc
 50
180.0
 51
270.0
  0
ARC
  5
273
330
2F
100
AcDbEntity
  8
0
  6
Continuous
 62
7
370
25
100
AcDbCircle
 10
-41.64999999999999
 20
29.75
 30
0.0
 40
6.349999999999985
100
AcDbArc
 50
328.649304942
 51
268.649304942
  0
ARC
  5
274
330
2F
100
AcDbEntity
  8
0
  6
Continuous
 62
7
370
25
100
AcDbCircle
 10
-41.64999999999999
 20
29.75
 30
0.0
 40
6.350000000000086
100
AcDbArc
 50
268.649304942
 51
328.649304942
  0
ARC
  5
275
330
2F
100
AcDbEntity
  8
0
  6
Continuous
 62
7
370
25
100
AcDbCircle
 10
-41.64999999999999
 20
79.75
 30
0.0
 40
6.349999999999976
100
AcDbArc
 50
208.649304942
 51
148.649304942
  0
ARC
  5
276
330
2F
100
AcDbEntity
  8
0
  6
Continuous
 62
7
370
25
100
AcDbCircle
 10
-41.64999999999999
 20
79.75
 30
0.0
 40
6.350000000000026
100
AcDbArc
 50
148.649304942
 51
208.649304942
  0
ARC
  5
277
330
2F
100
AcDbEntity
  8
0
  6
Continuous
 62
7
370
25
100
AcDbCircle
 10
42.650000000000006
 20
79.75
 30
0.0
 40
6.349999999999996
100
AcDbArc
 50
148.649304942
 51
88.64930494200001
  0
ARC
  5
278
330
2F
100
AcDbEntity
  8
0
  6
Continuous
 62
7
370
25
100
AcDbCircle
 10
42.650000000000006
 20
79.75
 30
0.0
 40
6.349999999999979
100
AcDbArc
 50
88.64930494200001
 51
148.649304942
  0
ARC
  5
279
330
2F
100
AcDbEntity
  8
0
  6
Continuous
 62
7
370
25
100
AcDbCircle
 10
42.650000000000006
 20
29.75
 30
0.0
 40
6.35
100
AcDbArc
 50
208.649304942
 51
148.649304942
  0
ARC
  5
27A
330
2F
100
AcDbEntity
  8
0
  6
Continuous
 62
7
370
25
100
AcDbCircle
 10
42.650000000000006
 20
29.75
 30
0.0
 40
6.350000000000009
100
AcDbArc
 50
148.649304942
 51
208.649304942
  0
LINE
  5
27B
330
2F
100
AcDbEntity
  8
0
100
AcDbLine
 10
-61.14999999999999
 20
1004.75
 30
0.0
 11
61.14999999999998
 21
1004.75
 31
0.0
  0
INSERT
  5
27C
330
2F
100
AcDbEntity
  8
0
100
AcDbBlockReference
  2
*U2
 10
0.0
 20
129.75
 30
0.0
  0
ENDBLK
  5
31
330
2F
100
AcDbEntity
  8
0
100
AcDbBlockEnd
  0
BLOCK
  5
27F
330
27E
100
AcDbEntity
  8
0
100
AcDbBlockBegin
  2
*U2
 70
1
 10
0.0
 20
0.0
 30
0.0
  3
*U2
  1

  0
INSERT
  5
281
330
27E
100
AcDbEntity
  8
0
  6
ByBlock
 62
0
370
-2
440
16777216
100
AcDbBlockReference
  2
*U1
 10
0.0
 20
0.0
 30
0.0
  0
INSERT
  5
283
330
27E
100
AcDbEntity
  8
0
  6
ByBlock
 62
0
370
-2
440
16777216
100
AcDbBlockReference
  2
*U1
 10
0.0
 20
50.0
 30
0.0
  0
INSERT
  5
285
330
27E
100
AcDbEntity
  8
0
  6
ByBlock
 62
0
370
-2
440
16777216
100
AcDbBlockReference
  2
*U1
 10
0.0
 20
100.0
 30
0.0
  0
INSERT
  5
287
330
27E
100
AcDbEntity
  8
0
  6
ByBlock
 62
0
370
-2
440
16777216
100
AcDbBlockReference
  2
*U1
 10
0.0
 20
150.0
 30
0.0
  0
INSERT
  5
289
330
27E
100
AcDbEntity
  8
0
  6
ByBlock
 62
0
370
-2
440
16777216
100
AcDbBlockReference
  2
*U1
 10
0.0
 20
200.0
 30
0.0
  0
INSERT
  5
28B
330
27E
100
AcDbEntity
  8
0
  6
ByBlock
 62
0
370
-2
440
16777216
100
AcDbBlockReference
  2
*U1
 10
0.0
 20
250.0
 30
0.0
  0
INSERT
  5
28D
330
27E
100
AcDbEntity
  8
0
  6
ByBlock
 62
0
370
-2
440
16777216
100
AcDbBlockReference
  2
*U1
 10
0.0
 20
300.0
 30
0.0
  0
INSERT
  5
28F
330
27E
100
AcDbEntity
  8
0
  6
ByBlock
 62
0
370
-2
440
16777216
100
AcDbBlockReference
  2
*U1
 10
0.0
 20
350.0
 30
0.0
  0
INSERT
  5
291
330
27E
100
AcDbEntity
  8
0
  6
ByBlock
 62
0
370
-2
440
16777216
100
AcDbBlockReference
  2
*U1
 10
0.0
 20
400.0
 30
0.0
  0
INSERT
  5
293
330
27E
100
AcDbEntity
  8
0
  6
ByBlock
 62
0
370
-2
440
16777216
100
AcDbBlockReference
  2
*U1
 10
0.0
 20
450.0
 30
0.0
  0
INSERT
  5
295
330
27E
100
AcDbEntity
  8
0
  6
ByBlock
 62
0
370
-2
440
16777216
100
AcDbBlockReference
  2
*U1
 10
0.0
 20
500.0
 30
0.0
  0
INSERT
  5
297
330
27E
100
AcDbEntity
  8
0
  6
ByBlock
 62
0
370
-2
440
16777216
100
AcDbBlockReference
  2
*U1
 10
0.0
 20
550.0
 30
0.0
  0
INSERT
  5
299
330
27E
100
AcDbEntity
  8
0
  6
ByBlock
 62
0
370
-2
440
16777216
100
AcDbBlockReference
  2
*U1
 10
0.0
 20
600.0
 30
0.0
  0
INSERT
  5
29B
330
27E
100
AcDbEntity
  8
0
  6
ByBlock
 62
0
370
-2
440
16777216
100
AcDbBlockReference
  2
*U1
 10
0.0
 20
650.0
 30
0.0
  0
INSERT
  5
29D
330
27E
100
AcDbEntity
  8
0
  6
ByBlock
 62
0
370
-2
440
16777216
100
AcDbBlockReference
  2
*U1
 10
0.0
 20
700.0
 30
0.0
  0
INSERT
  5
29F
330
27E
100
AcDbEntity
  8
0
  6
ByBlock
 62
0
370
-2
440
16777216
100
AcDbBlockReference
  2
*U1
 10
0.0
 20
750.0
 30
0.0
  0
INSERT
  5
2A1
330
27E
100
AcDbEntity
  8
0
  6
ByBlock
 62
0
370
-2
440
16777216
100
AcDbBlockReference
  2
*U1
 10
0.0
 20
800.0
 30
0.0
  0
INSERT
  5
2A3
330
27E
100
AcDbEntity
  8
0
  6
ByBlock
 62
0
370
-2
440
16777216
100
AcDbBlockReference
  2
*U1
 10
0.0
 20
850.0
 30
0.0
  0
ENDBLK
  5
280
330
27E
100
AcDbEntity
  8
0
100
AcDbBlockEnd
  0
BLOCK
  5
2A6
330
2A5
100
AcDbEntity
  8
0
100
AcDbBlockBegin
  2
*U1
 70
1
 10
0.0
 20
0.0
 30
0.0
  3
*U1
  1

  0
LINE
  5
2A8
330
2A5
100
AcDbEntity
  8
0
  6
Continuous
 62
7
370
25
100
AcDbLine
 10
-36.9190127884
 20
-7.427195834100004
 30
0.0
 11
-41.4190127884
 21
9.484338691200008
 31
0.0
  0
LINE
  5
2A9
330
2A5
100
AcDbEntity
  8
0
  6
Continuous
 62
7
370
25
100
AcDbLine
 10
-49.14999999999999
 20
7.42719583409999
 30
0.0
 11
-44.64999999999999
 21
-9.484338691200008
 31
0.0
  0
LINE
  5
2AA
330
2A5
100
AcDbEntity
  8
0
  6
Continuous
 62
7
370
25
100
AcDbLine
 10
44.65000000000001
 20
-9.484338691200008
 30
0.0
 11
49.15000000000001
 21
7.42719583409999
 31
0.0
  0
LINE
  5
2AB
330
2A5
100
AcDbEntity
  8
0
  6
Continuous
 62
7
370
25
100
AcDbLine
 10
41.41901278850001
 20
9.484338691200008
 30
0.0
 11
36.91901278850001
 21
-7.427195834100004
 31
0.0
  0
ARC
  5
2AC
330
2A5
100
AcDbEntity
  8
0
  6
Continuous
 62
7
370
25
100
AcDbCircle
 10
-45.28450639419999
 20
8.455767262600006
 30
0.0
 40
4.000000000000009
100
AcDbArc
 50
14.9005966878001
 51
194.9005966878001
  0
ARC
  5
2AD
330
2A5
100
AcDbEntity
  8
0
  6
Continuous
 62
7
370
25
100
AcDbCircle
 10
-40.78450639419999
 20
-8.455767262600006
 30
0.0
 40
4.000000000000022
100
AcDbArc
 50
194.9005966878001
 51
14.90059668780005
  0
ARC
  5
2AE
330
2A5
100
AcDbEntity
  8
0
  6
Continuous
 62
7
370
25
100
AcDbCircle
 10
45.28450639420001
 20
8.455767262600006
 30
0.0
 40
3.999999999999992
100
AcDbArc
 50
345.0994033121999
 51
165.0994033121999
  0
ARC
  5
2AF
330
2A5
100
AcDbEntity
  8
0
  6
Continuous
 62
7
370
25
100
AcDbCircle
 10
40.78450639420001
 20
-8.455767262600006
 30
0.0
 40
4.000000000000002
100
AcDbArc
 50
165.0994033122001
 51
345.0994033122001
  0
ENDBLK
  5
2A7
330
2A5
100
AcDbEntity
  8
0
100
AcDbBlockEnd
  0
ENDSEC
  0
SECTION
  2
ENTITIES
  0
INSERT
  5
2B0
330
17
100
AcDbEntity
  8
0
100
AcDbBlockReference
  2
DI_COLUNA_FRONTAL_122
 10
0.0
 20
0.0
 30
0.0
  0
ENDSEC
  0
SECTION
  2
OBJECTS
  0
DICTIONARY
  5
A
330
0
100
AcDbDictionary
281
1
  3
ACAD_COLOR
350
B
  3
ACAD_GROUP
350
C
  3
ACAD_LAYOUT
350
D
  3
ACAD_MATERIAL
350
E
  3
ACAD_MLEADERSTYLE
350
F
  3
ACAD_MLINESTYLE
350
10
  3
ACAD_PLOTSETTINGS
350
11
  3
ACAD_PLOTSTYLENAME
350
12
  3
ACAD_SCALELIST
350
14
  3
ACAD_TABLESTYLE
350
15
  3
ACAD_VISUALSTYLE
350
16
  3
EZDXF_META
350
2D
  0
DICTIONARY
  5
B
330
A
100
AcDbDictionary
281
1
  0
DICTIONARY
  5
C
330
A
100
AcDbDictionary
281
1
  0
DICTIONARY
  5
D
330
A
100
AcDbDictionary
281
1
  3
Model
350
1A
  3
Layout1
350
1E
  0
DICTIONARY
  5
E
330
A
100
AcDbDictionary
281
1
  3
ByBlock
350
1F
  3
ByLayer
350
20
  3
Global
350
21
  0
DICTIONARY
  5
F
330
A
100
AcDbDictionary
281
1
  3
Standard
350
2C
  0
DICTIONARY
  5
10
330
A
100
AcDbDictionary
281
1
  3
Standard
350
22
  0
DICTIONARY
  5
11
330
A
100
AcDbDictionary
281
1
  0
ACDBDICTIONARYWDFLT
  5
12
330
A
100
AcDbDictionary
281
1
  3
Normal
350
13
100
AcDbDictionaryWithDefault
340
13
  0
ACDBPLACEHOLDER
  5
13
330
12
  0
DICTIONARY
  5
14
330
A
100
AcDbDictionary
281
1
  0
DICTIONARY
  5
15
330
A
100
AcDbDictionary
281
1
  0
DICTIONARY
  5
16
330
A
100
AcDbDictionary
281
1
  0
LAYOUT
  5
1A
330
D
100
AcDbPlotSettings
  1

  4
A3
  6

 40
7.5
 41
20.0
 42
7.5
 43
20.0
 44
420.0
 45
297.0
 46
0.0
 47
0.0
 48
0.0
 49
0.0
140
0.0
141
0.0
142
1.0
143
1.0
 70
1024
 72
1
 73
0
 74
5
  7

 75
16
 76
0
 77
2
 78
300
147
1.0
148
0.0
149
0.0
100
AcDbLayout
  1
Model
 70
1
 71
0
 10
0.0
 20
0.0
 11
420.0
 21
297.0
 12
0.0
 22
0.0
 32
0.0
 14
1e+20
 24
1e+20
 34
1e+20
 15
-1e+20
 25
-1e+20
 35
-1e+20
146
0.0
 13
0.0
 23
0.0
 33
0.0
 16
1.0
 26
0.0
 36
0.0
 17
0.0
 27
1.0
 37
0.0
 76
1
330
17
  0
LAYOUT
  5
1E
330
D
100
AcDbPlotSettings
  1

  4
A3
  6

 40
7.5
 41
20.0
 42
7.5
 43
20.0
 44
420.0
 45
297.0
 46
0.0
 47
0.0
 48
0.0
 49
0.0
140
0.0
141
0.0
142
1.0
143
1.0
 70
0
 72
1
 73
0
 74
5
  7

 75
16
 76
0
 77
2
 78
300
147
1.0
148
0.0
149
0.0
100
AcDbLayout
  1
Layout1
 70
1
 71
1
 10
0.0
 20
0.0
 11
420.0
 21
297.0
 12
0.0
 22
0.0
 32
0.0
 14
1e+20
 24
1e+20
 34
1e+20
 15
-1e+20
 25
-1e+20
 35
-1e+20
146
0.0
 13
0.0
 23
0.0
 33
0.0
 16
1.0
 26
0.0
 36
0.0
 17
0.0
 27
1.0
 37
0.0
 76
1
330
1B
  0
MATERIAL
  5
1F
102
{ACAD_REACTORS
330
E
102
}
330
E
100
AcDbMaterial
  1
ByBlock
  2

 70
0
 40
1.0
 71
1
 41
1.0
 91
-1023410177
 42
1.0
 72
1
  3

 73
1
 74
1
 75
1
 44
0.5
 73
0
 45
1.0
 46
1.0
 77
1
  4

 78
1
 79
1
170
1
 48
1.0
171
1
  6

172
1
173
1
174
1
140
1.0
141
1.0
175
1
  7

176
1
177
1
178
1
143
1.0
179
1
  8

270
1
271
1
272
1
145
1.0
146
1.0
273
1
  9

274
1
275
1
276
1
 42
1.0
 72
1
  3

 73
1
 74
1
 75
1
 94
63
  0
MATERIAL
  5
20
102
{ACAD_REACTORS
330
E
102
}
330
E
100
AcDbMaterial
  1
ByLayer
  2

 70
0
 40
1.0
 71
1
 41
1.0
 91
-1023410177
 42
1.0
 72
1
  3

 73
1
 74
1
 75
1
 44
0.5
 73
0
 45
1.0
 46
1.0
 77
1
  4

 78
1
 79
1
170
1
 48
1.0
171
1
  6

172
1
173
1
174
1
140
1.0
141
1.0
175
1
  7

176
1
177
1
178
1
143
1.0
179
1
  8

270
1
271
1
272
1
145
1.0
146
1.0
273
1
  9

274
1
275
1
276
1
 42
1.0
 72
1
  3

 73
1
 74
1
 75
1
 94
63
  0
MATERIAL
  5
21
102
{ACAD_REACTORS
330
E
102
}
330
E
100
AcDbMaterial
  1
Global
  2

 70
0
 40
1.0
 71
1
 41
1.0
 91
-1023410177
 42
1.0
 72
1
  3

 73
1
 74
1
 75
1
 44
0.5
 73
0
 45
1.0
 46
1.0
 77
1
  4

 78
1
 79
1
170
1
 48
1.0
171
1
  6

172
1
173
1
174
1
140
1.0
141
1.0
175
1
  7

176
1
177
1
178
1
143
1.0
179
1
  8

270
1
271
1
272
1
145
1.0
146
1.0
273
1
  9

274
1
275
1
276
1
 42
1.0
 72
1
  3

 73
1
 74
1
 75
1
 94
63
  0
MLINESTYLE
  5
22
102
{ACAD_REACTORS
330
10
102
}
330
10
100
AcDbMlineStyle
  2
Standard
 70
0
  3

 62
256
 51
90.0
 52
90.0
 71
2
 49
0.5
 62
256
  6
BYLAYER
 49
-0.5
 62
256
  6
BYLAYER
  0
MLEADERSTYLE
  5
2C
102
{ACAD_REACTORS
330
F
102
}
330
F
100
AcDbMLeaderStyle
179
2
170
2
171
1
172
0
 90
2
 40
0.0
 41
0.0
173
1
 91
-1056964608
 92
-2
290
1
 42
2.0
291
1
 43
8.0
  3
Standard
 44
4.0
300

342
29
174
1
175
1
176
0
178
1
 93
-1056964608
 45
4.0
292
0
297
0
 46
4.0
 94
-1056964608
 47
1.0
 49
1.0
140
1.0
294
1
141
0.0
177
0
142
1.0
295
0
296
0
143
3.75
271
0
272
9
273
9
  0
DICTIONARY
  5
2D
330
A
100
AcDbDictionary
280
1
281
1
  3
CREATED_BY_EZDXF
350
2E
  3
WRITTEN_BY_EZDXF
350
2B4
  0
DICTIONARYVAR
  5
2E
330
2D
100
DictionaryVariables
280
0
  1
1.4.4 @ 2026-10-04T19:48:02.871541+00:00
  0
DICTIONARYVAR
  5
2B4
330
2D
100
DictionaryVariables
280
0
  1
1.4.4 @ 2026-10-04T19:48:02.895751+00:00
  0
ENDSEC
  0
EOF
