  0
SECTION
  2
HEADER
  9
$ACADVER
  1
AC1024
  9
$ACADMAINTVER
 70
   226
  9
$DWGCODEPAGE
  3
ANSI_1252
  9
$LASTSAVEDBY
  1
Gean Arnold
  9
$INSBASE
 10
0.0
 20
0.0
 30
0.0
  9
$EXTMIN
 10
3325.435041751347
 20
35.56096962125409
 30
0.0
  9
$EXTMAX
 10
3395.185041751348
 20
1035.791113894825
 30
0.0
  9
$LIMMIN
 10
0.0
 20
0.0
  9
$LIMMAX
 10
420.0
 20
297.0
  9
$ORTHOMODE
 70
     1
  9
$REGENMODE
 70
     1
  9
$FILLMODE
 70
     1
  9
$QTEXTMODE
 70
     0
  9
$MIRRTEXT
 70
     0
  9
$LTSCALE
 40
1.0
  9
$ATTMODE
 70
     1
  9
$TEXTSIZE
 40
2.5
  9
$TRACEWID
 40
1.0
  9
$TEXTSTYLE
  7
Standard
  9
$CLAYER
  8
0
  9
$CELTYPE
  6
ByLayer
  9
$CECOLOR
 62
   256
  9
$CELTSCALE
 40
1.0
  9
$DISPSILH
 70
     0
  9
$DIMSCALE
 40
1.0
  9
$DIMASZ
 40
2.5
  9
$DIMEXO
 40
0.625
  9
$DIMDLI
 40
3.75
  9
$DIMRND
 40
0.0
  9
$DIMDLE
 40
0.0
  9
$DIMEXE
 40
1.25
  9
$DIMTP
 40
0.0
  9
$DIMTM
 40
0.0
  9
$DIMTXT
 40
2.5
  9
$DIMCEN
 40
2.5
  9
$DIMTSZ
 40
0.0
  9
$DIMTOL
 70
     0
  9
$DIMLIM
 70
     0
  9
$DIMTIH
 70
     0
  9
$DIMTOH
 70
     0
  9
$DIMSE1
 70
     0
  9
$DIMSE2
 70
     0
  9
$DIMTAD
 70
     1
  9
$DIMZIN
 70
     8
  9
$DIMBLK
  1

  9
$DIMASO
 70
     1
  9
$DIMSHO
 70
     1
  9
$DIMPOST
  1

  9
$DIMAPOST
  1

  9
$DIMALT
 70
     0
  9
$DIMALTD
 70
     3
  9
$DIMALTF
 40
0.03937007874016
  9
$DIMLFAC
 40
1.0
  9
$DIMTOFL
 70
     1
  9
$DIMTVP
 40
0.0
  9
$DIMTIX
 70
     0
  9
$DIMSOXD
 70
     0
  9
$DIMSAH
 70
     0
  9
$DIMBLK1
  1

  9
$DIMBLK2
  1

  9
$DIMSTYLE
  2
ISO-25
  9
$DIMCLRD
 70
     0
  9
$DIMCLRE
 70
     0
  9
$DIMCLRT
 70
     0
  9
$DIMTFAC
 40
1.0
  9
$DIMGAP
 40
0.625
  9
$DIMJUST
 70
     0
  9
$DIMSD1
 70
     0
  9
$DIMSD2
 70
     0
  9
$DIMTOLJ
 70
     0
  9
$DIMTZIN
 70
     8
  9
$DIMALTZ
 70
     0
  9
$DIMALTTZ
 70
     0
  9
$DIMUPT
 70
     0
  9
$DIMDEC
 70
     2
  9
$DIMTDEC
 70
     2
  9
$DIMALTU
 70
     2
  9
$DIMALTTD
 70
     3
  9
$DIMTXSTY
  7
Standard
  9
$DIMAUNIT
 70
     0
  9
$DIMADEC
 70
     0
  9
$DIMALTRND
 40
0.0
  9
$DIMAZIN
 70
     0
  9
$DIMDSEP
 70
    44
  9
$DIMATFIT
 70
     3
  9
$DIMFRAC
 70
     0
  9
$DIMLDRBLK
  1

  9
$DIMLUNIT
 70
     2
  9
$DIMLWD
 70
    -2
  9
$DIMLWE
 70
    -2
  9
$DIMTMOVE
 70
     0
  9
$DIMFXL
 40
1.0
  9
$DIMFXLON
 70
     0
  9
$DIMJOGANG
 40
0.7853981633974483
  9
$DIMTFILL
 70
     0
  9
$DIMTFILLCLR
 70
     0
  9
$DIMARCSYM
 70
     0
  9
$DIMLTYPE
  6

  9
$DIMLTEX1
  6

  9
$DIMLTEX2
  6

  9
$DIMTXTDIRECTION
 70
     0
  9
$LUNITS
 70
     2
  9
$LUPREC
 70
     4
  9
$SKETCHINC
 40
1.0
  9
$FILLETRAD
 40
0.0
  9
$AUNITS
 70
     0
  9
$AUPREC
 70
     0
  9
$MENU
  1
.
  9
$ELEVATION
 40
0.0
  9
$PELEVATION
 40
0.0
  9
$THICKNESS
 40
0.0
  9
$LIMCHECK
 70
     0
  9
$CHAMFERA
 40
0.0
  9
$CHAMFERB
 40
0.0
  9
$CHAMFERC
 40
0.0
  9
$CHAMFERD
 40
0.0
  9
$SKPOLY
 70
     0
  9
$TDCREATE
 40
2461315.870335648
  9
$TDUCREATE
 40
2461315.995335648
  9
$TDUPDATE
 40
2461315.875856481
  9
$TDUUPDATE
 40
2461316.000856482
  9
$TDINDWG
 40
0.0040856481
  9
$TDUSRTIMER
 40
0.0040856481
  9
$USRTIMER
 70
     1
  9
$ANGBASE
 50
0.0
  9
$ANGDIR
 70
     0
  9
$PDMODE
 70
     0
  9
$PDSIZE
 40
0.0
  9
$PLINEWID
 40
0.0
  9
$SPLFRAME
 70
     0
  9
$SPLINETYPE
 70
     6
  9
$SPLINESEGS
 70
     8
  9
$HANDSEED
  5
179C
  9
$SURFTAB1
 70
     6
  9
$SURFTAB2
 70
     6
  9
$SURFTYPE
 70
     6
  9
$SURFU
 70
     6
  9
$SURFV
 70
     6
  9
$UCSBASE
  2

  9
$UCSNAME
  2

  9
$UCSORG
 10
0.0
 20
0.0
 30
0.0
  9
$UCSXDIR
 10
1.0
 20
0.0
 30
0.0
  9
$UCSYDIR
 10
0.0
 20
1.0
 30
0.0
  9
$UCSORTHOREF
  2

  9
$UCSORTHOVIEW
 70
     0
  9
$UCSORGTOP
 10
0.0
 20
0.0
 30
0.0
  9
$UCSORGBOTTOM
 10
0.0
 20
0.0
 30
0.0
  9
$UCSORGLEFT
 10
0.0
 20
0.0
 30
0.0
  9
$UCSORGRIGHT
 10
0.0
 20
0.0
 30
0.0
  9
$UCSORGFRONT
 10
0.0
 20
0.0
 30
0.0
  9
$UCSORGBACK
 10
0.0
 20
0.0
 30
0.0
  9
$PUCSBASE
  2

  9
$PUCSNAME
  2

  9
$PUCSORG
 10
0.0
 20
0.0
 30
0.0
  9
$PUCSXDIR
 10
1.0
 20
0.0
 30
0.0
  9
$PUCSYDIR
 10
0.0
 20
1.0
 30
0.0
  9
$PUCSORTHOREF
  2

  9
$PUCSORTHOVIEW
 70
     0
  9
$PUCSORGTOP
 10
0.0
 20
0.0
 30
0.0
  9
$PUCSORGBOTTOM
 10
0.0
 20
0.0
 30
0.0
  9
$PUCSORGLEFT
 10
0.0
 20
0.0
 30
0.0
  9
$PUCSORGRIGHT
 10
0.0
 20
0.0
 30
0.0
  9
$PUCSORGFRONT
 10
0.0
 20
0.0
 30
0.0
  9
$PUCSORGBACK
 10
0.0
 20
0.0
 30
0.0
  9
$USERI1
 70
     0
  9
$USERI2
 70
     0
  9
$USERI3
 70
     0
  9
$USERI4
 70
     0
  9
$USERI5
 70
     0
  9
$USERR1
 40
0.0
  9
$USERR2
 40
0.0
  9
$USERR3
 40
0.0
  9
$USERR4
 40
0.0
  9
$USERR5
 40
0.0
  9
$WORLDVIEW
 70
     1
  9
$SHADEDGE
 70
     3
  9
$SHADEDIF
 70
    70
  9
$TILEMODE
 70
     1
  9
$MAXACTVP
 70
    64
  9
$PINSBASE
 10
0.0
 20
0.0
 30
0.0
  9
$PLIMCHECK
 70
     0
  9
$PEXTMIN
 10
0.0
 20
0.0
 30
0.0
  9
$PEXTMAX
 10
0.0
 20
0.0
 30
0.0
  9
$PLIMMIN
 10
0.0
 20
0.0
  9
$PLIMMAX
 10
12.0
 20
9.0
  9
$UNITMODE
 70
     0
  9
$VISRETAIN
 70
     1
  9
$PLINEGEN
 70
     0
  9
$PSLTSCALE
 70
     1
  9
$TREEDEPTH
 70
  3020
  9
$CMLSTYLE
  2
Standard
  9
$CMLJUST
 70
     0
  9
$CMLSCALE
 40
20.0
  9
$PROXYGRAPHICS
 70
     1
  9
$MEASUREMENT
 70
     1
  9
$CELWEIGHT
370
    -1
  9
$ENDCAPS
280
     0
  9
$JOINSTYLE
280
     0
  9
$LWDISPLAY
290
     0
  9
$INSUNITS
 70
     4
  9
$HYPERLINKBASE
  1

  9
$STYLESHEET
  1

  9
$XEDIT
290
     1
  9
$CEPSNTYPE
380
     0
  9
$PSTYLEMODE
290
     1
  9
$FINGERPRINTGUID
  2
{2F6F7092-AC58-5D4A-9239-7300C03C8301}
  9
$VERSIONGUID
  2
{31560E09-1830-4C42-84BE-0E415EBB2E25}
  9
$EXTNAMES
290
     1
  9
$PSVPSCALE
 40
0.0
  9
$OLESTARTUP
290
     0
  9
$SORTENTS
280
   127
  9
$INDEXCTL
280
     0
  9
$HIDETEXT
280
     1
  9
$XCLIPFRAME
280
     2
  9
$HALOGAP
280
     0
  9
$OBSCOLOR
 70
   257
  9
$OBSLTYPE
280
     0
  9
$INTERSECTIONDISPLAY
280
     0
  9
$INTERSECTIONCOLOR
 70
   257
  9
$DIMASSOC
280
     2
  9
$PROJECTNAME
  1

  9
$CAMERADISPLAY
290
     0
  9
$LENSLENGTH
 40
50.0
  9
$CAMERAHEIGHT
 40
0.0
  9
$STEPSPERSEC
 40
2.0
  9
$STEPSIZE
 40
6.0
  9
$3DDWFPREC
 40
2.0
  9
$PSOLWIDTH
 40
5.0
  9
$PSOLHEIGHT
 40
80.0
  9
$LOFTANG1
 40
1.570796326794896
  9
$LOFTANG2
 40
1.570796326794896
  9
$LOFTMAG1
 40
0.0
  9
$LOFTMAG2
 40
0.0
  9
$LOFTPARAM
 70
     7
  9
$LOFTNORMALS
280
     1
  9
$LATITUDE
 40
37.795
  9
$LONGITUDE
 40
-122.394
  9
$NORTHDIRECTION
 40
0.0
  9
$TIMEZONE
 70
 -8000
  9
$LIGHTGLYPHDISPLAY
280
     1
  9
$TILEMODELIGHTSYNCH
280
     1
  9
$CMATERIAL
347
EC
  9
$SOLIDHIST
280
     0
  9
$SHOWHIST
280
     1
  9
$DWFFRAME
280
     2
  9
$DGNFRAME
280
     0
  9
$REALWORLDSCALE
290
     1
  9
$INTERFERECOLOR
 62
     1
  9
$INTERFEREOBJVS
345
F9
  9
$INTERFEREVPVS
346
F6
  9
$CSHADOW
280
     0
  9
$SHADOWPLANELOCATION
 40
0.0
  0
ENDSEC
  0
SECTION
  2
CLASSES
  0
CLASS
  1
ACDBDICTIONARYWDFLT
  2
AcDbDictionaryWithDefault
  3
ObjectDBX Classes
 90
        0
 91
        1
280
     0
281
     0
  0
CLASS
  1
DICTIONARYVAR
  2
AcDbDictionaryVar
  3
ObjectDBX Classes
 90
        0
 91
       12
280
     0
281
     0
  0
CLASS
  1
TABLESTYLE
  2
AcDbTableStyle
  3
ObjectDBX Classes
 90
     4095
 91
        1
280
     0
281
     0
  0
CLASS
  1
MATERIAL
  2
AcDbMaterial
  3
ObjectDBX Classes
 90
     1153
 91
        3
280
     0
281
     0
  0
CLASS
  1
VISUALSTYLE
  2
AcDbVisualStyle
  3
ObjectDBX Classes
 90
     4095
 91
       24
280
     0
281
     0
  0
CLASS
  1
SCALE
  2
AcDbScale
  3
ObjectDBX Classes
 90
     1153
 91
       17
280
     0
281
     0
  0
CLASS
  1
MLEADERSTYLE
  2
AcDbMLeaderStyle
  3
ACDB_MLEADERSTYLE_CLASS
 90
     4095
 91
        2
280
     0
281
     0
  0
CLASS
  1
CELLSTYLEMAP
  2
AcDbCellStyleMap
  3
ObjectDBX Classes
 90
     1152
 91
        1
280
     0
281
     0
  0
CLASS
  1
EXACXREFPANELOBJECT
  2
ExAcXREFPanelObject
  3
EXAC_ESW
 90
     1025
 91
        0
280
     0
281
     0
  0
CLASS
  1
NPOCOLLECTION
  2
AcDbImpNonPersistentObjectsCollection
  3
ObjectDBX Classes
 90
     1153
 91
        0
280
     0
281
     0
  0
CLASS
  1
LAYER_INDEX
  2
AcDbLayerIndex
  3
ObjectDBX Classes
 90
        0
 91
        0
280
     0
281
     0
  0
CLASS
  1
SPATIAL_INDEX
  2
AcDbSpatialIndex
  3
ObjectDBX Classes
 90
        0
 91
        0
280
     0
281
     0
  0
CLASS
  1
IDBUFFER
  2
AcDbIdBuffer
  3
ObjectDBX Classes
 90
        0
 91
        0
280
     0
281
     0
  0
CLASS
  1
ACDBSECTIONVIEWSTYLE
  2
AcDbSectionViewStyle
  3
ObjectDBX Classes
 90
     1025
 91
        1
280
     0
281
     0
  0
CLASS
  1
ACDBDETAILVIEWSTYLE
  2
AcDbDetailViewStyle
  3
ObjectDBX Classes
 90
     1025
 91
        1
280
     0
281
     0
  0
CLASS
  1
SORTENTSTABLE
  2
AcDbSortentsTable
  3
ObjectDBX Classes
 90
        0
 91
        3
280
     0
281
     0
  0
CLASS
  1
ACAD_EVALUATION_GRAPH
  2
AcDbEvalGraph
  3
ObjectDBX Classes
 90
     1153
 91
        2
280
     0
281
     0
  0
CLASS
  1
ACAECUSTOBJ
  2
AcAeEditorObj
  3
AcAeEditorObj
 90
     1024
 91
        1
280
     0
281
     0
  0
CLASS
  1
DIMASSOC
  2
AcDbDimAssoc
  3
"AcDbDimAssoc|Product Desc:     AcDim ARX App For Dimension|Company:          Autodesk, Inc.|WEB Address:      www.autodesk.com"
 90
        0
 91
        1
280
     0
281
     0
  0
CLASS
  1
ACDB_DYNAMICBLOCKPURGEPREVENTER_VERSION
  2
AcDbDynamicBlockPurgePreventer
  3
ObjectDBX Classes
 90
     1153
 91
        1
280
     0
281
     0
  0
ENDSEC
  0
SECTION
  2
TABLES
  0
TABLE
  2
VPORT
  5
8
330
0
100
AcDbSymbolTable
 70
     1
  0
VPORT
  5
EA
330
8
100
AcDbSymbolTableRecord
100
AcDbViewportTableRecord
  2
*Active
 70
     0
 10
0.0
 20
0.0
 11
1.0
 21
1.0
 12
3356.947287740805
 22
94.92943356147916
 13
0.0
 23
0.0
 14
10.0
 24
10.0
 15
10.0
 25
10.0
 16
0.0
 26
0.0
 36
1.0
 17
0.0
 27
0.0
 37
0.0
 40
271.0870571607076
 41
2.548472775564408
 42
50.0
 43
0.0
 44
0.0
 50
0.0
 51
0.0
 71
     0
 72
  1000
 73
     1
 74
     3
 75
     0
 76
     1
 77
     0
 78
     0
281
     0
 65
     1
110
0.0
120
0.0
130
0.0
111
1.0
121
0.0
131
0.0
112
0.0
122
1.0
132
0.0
 79
     0
146
0.0
348
F5
 60
     3
 61
     5
292
     1
282
     1
141
0.0
142
0.0
 63
   250
421
  3355443
1001
ACAD_NAV_VCDISPLAY
1070
     3
  0
ENDTAB
  0
TABLE
  2
LTYPE
  5
5
330
0
100
AcDbSymbolTable
 70
     3
  0
LTYPE
  5
14
330
5
100
AcDbSymbolTableRecord
100
AcDbLinetypeTableRecord
  2
ByBlock
 70
     0
  3

 72
    65
 73
     0
 40
0.0
  0
LTYPE
  5
15
330
5
100
AcDbSymbolTableRecord
100
AcDbLinetypeTableRecord
  2
ByLayer
 70
     0
  3

 72
    65
 73
     0
 40
0.0
  0
LTYPE
  5
16
330
5
100
AcDbSymbolTableRecord
100
AcDbLinetypeTableRecord
  2
Continuous
 70
     0
  3
Solid line
 72
    65
 73
     0
 40
0.0
  0
LTYPE
  5
6C6
330
5
100
AcDbSymbolTableRecord
100
AcDbLinetypeTableRecord
  2
LIN0
 70
     0
  3
Solid line
 72
    65
 73
     0
 40
0.0
  0
ENDTAB
  0
TABLE
  2
LAYER
  5
2
102
{ACAD_XDICTIONARY
360
1FF
102
}
330
0
100
AcDbSymbolTable
 70
     3
  0
LAYER
  5
10
102
{ACAD_XDICTIONARY
360
13C
102
}
330
2
100
AcDbSymbolTableRecord
100
AcDbLayerTableRecord
  2
0
 70
     0
 62
     7
  6
Continuous
370
    -3
390
F
347
EE
  0
LAYER
  5
6C7
102
{ACAD_XDICTIONARY
360
6C8
102
}
330
2
100
AcDbSymbolTableRecord
100
AcDbLayerTableRecord
  2
MONTANTE
 70
     0
 62
   170
  6
LIN0
370
    25
390
F
347
EE
1001
AcAecLayerStandard
1000

1000

1001
AcCmTransparency
1071
 33554687
  0
LAYER
  5
1701
330
2
100
AcDbSymbolTableRecord
100
AcDbLayerTableRecord
  2
Defpoints
 70
     0
 62
     7
  6
Continuous
290
     0
370
    -3
390
F
347
EE
  0
ENDTAB
  0
TABLE
  2
STYLE
  5
3
330
0
100
AcDbSymbolTable
 70
     2
  0
STYLE
  5
11
330
3
100
AcDbSymbolTableRecord
100
AcDbTextStyleTableRecord
  2
Standard
 70
     0
 40
0.0
 41
1.0
 50
0.0
 71
     0
 42
2.5
  3
arial.ttf
  4

1001
ACAD
1000
Arial
1071
       34
  0
STYLE
  5
132
330
3
100
AcDbSymbolTableRecord
100
AcDbTextStyleTableRecord
  2
Annotative
 70
     0
 40
0.0
 41
1.0
 50
0.0
 71
     0
 42
2.5
  3
arial.ttf
  4

1001
AcadAnnotative
1000
AnnotativeData
1002
{
1070
     1
1070
     1
1002
}
1001
ACAD
1000
Arial
1071
       34
  0
ENDTAB
  0
TABLE
  2
VIEW
  5
6
330
0
100
AcDbSymbolTable
 70
     0
  0
ENDTAB
  0
TABLE
  2
UCS
  5
7
330
0
100
AcDbSymbolTable
 70
     0
  0
ENDTAB
  0
TABLE
  2
APPID
  5
9
330
0
100
AcDbSymbolTable
 70
    17
  0
APPID
  5
12
330
9
100
AcDbSymbolTableRecord
100
AcDbRegAppTableRecord
  2
ACAD
 70
     0
  0
APPID
  5
9E
330
9
100
AcDbSymbolTableRecord
100
AcDbRegAppTableRecord
  2
ACAD_PSEXT
 70
     0
  0
APPID
  5
133
330
9
100
AcDbSymbolTableRecord
100
AcDbRegAppTableRecord
  2
AcadAnnoPO
 70
     0
  0
APPID
  5
134
330
9
100
AcDbSymbolTableRecord
100
AcDbRegAppTableRecord
  2
AcadAnnotative
 70
     0
  0
APPID
  5
135
330
9
100
AcDbSymbolTableRecord
100
AcDbRegAppTableRecord
  2
ACAD_DSTYLE_DIMJAG
 70
     0
  0
APPID
  5
136
330
9
100
AcDbSymbolTableRecord
100
AcDbRegAppTableRecord
  2
ACAD_DSTYLE_DIMTALN
 70
     0
  0
APPID
  5
165
330
9
100
AcDbSymbolTableRecord
100
AcDbRegAppTableRecord
  2
ACAD_MLEADERVER
 70
     0
  0
APPID
  5
217
330
9
100
AcDbSymbolTableRecord
100
AcDbRegAppTableRecord
  2
ACAD_NAV_VCDISPLAY
 70
     0
  0
APPID
  5
6CA
330
9
100
AcDbSymbolTableRecord
100
AcDbRegAppTableRecord
  2
AcAecLayerStandard
 70
     0
  0
APPID
  5
6CB
330
9
100
AcDbSymbolTableRecord
100
AcDbRegAppTableRecord
  2
AcCmTransparency
 70
     0
  0
APPID
  5
6CC
330
9
100
AcDbSymbolTableRecord
100
AcDbRegAppTableRecord
  2
AcDbBlockRepETag
 70
     0
  0
APPID
  5
6CD
330
9
100
AcDbSymbolTableRecord
100
AcDbRegAppTableRecord
  2
AcDbBlockArrayActionTag
 70
     0
  0
APPID
  5
6D8
330
9
100
AcDbSymbolTableRecord
100
AcDbRegAppTableRecord
  2
ACAD_EXEMPT_FROM_CAD_STANDARDS
 70
     0
  0
APPID
  5
6DF
330
9
100
AcDbSymbolTableRecord
100
AcDbRegAppTableRecord
  2
Acad_TC
 70
     0
  0
APPID
  5
16F4
330
9
100
AcDbSymbolTableRecord
100
AcDbRegAppTableRecord
  2
ACAUTHENVIRON
 70
     0
  0
APPID
  5
1724
330
9
100
AcDbSymbolTableRecord
100
AcDbRegAppTableRecord
  2
AcDbDynamicBlockTrueName
 70
     0
  0
APPID
  5
1725
330
9
100
AcDbSymbolTableRecord
100
AcDbRegAppTableRecord
  2
AcDbDynamicBlockGUID
 70
     0
  0
ENDTAB
  0
TABLE
  2
DIMSTYLE
  5
A
330
0
100
AcDbSymbolTable
 70
     4
100
AcDbDimStyleTable
 71
     2
340
27
340
137
  0
DIMSTYLE
105
1B0
330
A
100
AcDbSymbolTableRecord
100
AcDbDimStyleTableRecord
  2
Standard
 70
     0
340
11
  0
DIMSTYLE
105
137
330
A
100
AcDbSymbolTableRecord
100
AcDbDimStyleTableRecord
  2
Annotative
 70
     0
 40
0.0
 41
2.5
 42
0.625
 43
3.75
 44
1.25
 73
     0
 74
     0
 77
     1
 78
     8
140
2.5
141
2.5
143
0.03937007874016
147
0.625
171
     3
172
     1
271
     2
272
     2
274
     3
278
    44
283
     0
284
     8
340
11
1001
AcadAnnotative
1000
AnnotativeData
1002
{
1070
     1
1070
     1
1002
}
1001
ACAD_DSTYLE_DIMJAG
1070
   388
1040
1.5
1001
ACAD_DSTYLE_DIMTALN
1070
   392
1070
     0
  0
DIMSTYLE
105
27
330
A
100
AcDbSymbolTableRecord
100
AcDbDimStyleTableRecord
  2
ISO-25
 70
     0
 41
2.5
 42
0.625
 43
3.75
 44
1.25
 73
     0
 74
     0
 77
     1
 78
     8
140
2.5
141
2.5
143
0.03937007874016
147
0.625
171
     3
172
     1
271
     2
272
     2
274
     3
278
    44
283
     0
284
     8
340
11
  0
ENDTAB
  0
TABLE
  2
BLOCK_RECORD
  5
1
330
0
100
AcDbSymbolTable
 70
     8
  0
BLOCK_RECORD
  5
1F
102
{ACAD_XDICTIONARY
360
1CE
102
}
330
1
100
AcDbSymbolTableRecord
100
AcDbBlockTableRecord
  2
*Model_Space
340
22
 70
     0
280
     1
281
     0
  0
BLOCK_RECORD
  5
D2
330
1
100
AcDbSymbolTableRecord
100
AcDbBlockTableRecord
  2
*Paper_Space
340
D3
 70
     0
280
     1
281
     0
  0
BLOCK_RECORD
  5
D6
330
1
100
AcDbSymbolTableRecord
100
AcDbBlockTableRecord
  2
*Paper_Space0
340
D7
 70
     0
280
     1
281
     0
  0
BLOCK_RECORD
  5
2A1
330
1
100
AcDbSymbolTableRecord
100
AcDbBlockTableRecord
  2
COL SOLTEIRA
340
0
310
28000000200000002000000001002000000000000010000001000000010000000000000000000000302821FF302821FF302821FF302821FF302821FF302821FF302821FF302821FF302821FF302821FF302821FF302821FF302821FF302821FF302821FF302821FF302821FF302821FF302821FF302821FF302821FF302821
310
FF302821FF302821FF302821FF302821FF302821FF302821FF302821FF302821FF302821FF302821FF302821FF302821FF302821FF302821FF302821FF302821FF302821FF302821FF302821FF302821FF302821FF302821FF302821FF302821FF302821FFFF0000FFFF0000FF302821FF302821FF302821FF302821FF3028
310
21FF302821FF302821FF302821FF302821FF302821FF302821FF302821FF302821FF302821FF302821FF302821FF302821FF302821FF302821FF302821FF302821FF302821FF302821FF302821FF302821FF302821FF302821FF302821FF302821FF302821FFFF0000FFFF0000FF302821FF302821FF302821FF302821FF30
310
2821FF302821FF302821FF302821FF302821FF302821FF302821FF302821FF302821FF302821FF302821FF302821FF302821FF302821FF302821FF302821FF302821FF302821FF302821FF302821FF302821FF302821FF302821FF302821FF302821FF302821FFFF0000FFFF0000FF302821FF302821FF302821FF302821FF
310
302821FF302821FF302821FF302821FF302821FF302821FF302821FF302821FF302821FF302821FF302821FF302821FF302821FF302821FF302821FF302821FF302821FF302821FF302821FF302821FF302821FF302821FF302821FF302821FF302821FF302821FFFF0000FFFF0000FF302821FF302821FF302821FF302821
310
FF302821FF302821FF302821FF302821FF302821FF302821FF302821FF302821FF302821FF302821FF302821FF302821FF302821FF302821FF302821FF302821FF302821FF302821FF302821FF302821FF302821FF302821FF302821FF302821FF302821FF302821FFFF0000FFFF0000FF302821FF302821FF302821FF3028
310
21FF302821FF302821FF302821FF302821FF302821FF302821FF302821FF302821FF302821FF302821FF302821FF302821FF302821FF302821FF302821FF302821FF302821FF302821FF302821FF302821FF302821FF302821FF302821FF302821FF302821FF302821FFFF0000FFFF0000FF302821FF302821FF302821FF30
310
2821FF302821FF302821FF302821FF302821FF302821FF302821FF302821FF302821FF302821FF302821FF302821FF302821FF302821FF302821FF302821FF302821FF302821FF302821FF302821FF302821FF302821FF302821FF302821FF302821FF302821FF302821FFFF0000FFFF0000FF302821FF302821FF302821FF
310
302821FF302821FF302821FF302821FF302821FF302821FF302821FF302821FF302821FF302821FF302821FF302821FF302821FF302821FF302821FF302821FF302821FF302821FF302821FF302821FF302821FF302821FF302821FF302821FF302821FF302821FF302821FFFF0000FFFF0000FF302821FF302821FF302821
310
FF302821FF302821FF302821FF302821FF302821FF302821FF302821FF302821FF302821FF302821FF302821FF302821FF302821FF302821FF302821FF302821FF302821FF302821FF302821FF302821FF302821FF302821FF302821FF302821FF302821FF302821FF302821FFFF0000FFFF0000FF302821FF302821FF3028
310
21FF302821FF302821FF302821FF302821FF302821FF302821FF302821FF302821FF302821FF302821FF302821FF302821FF302821FF302821FF302821FF302821FF302821FF302821FF302821FF302821FF302821FF302821FF302821FF302821FF302821FF302821FF302821FFFF0000FFFF0000FF302821FF302821FF30
310
2821FF302821FF302821FF302821FF302821FF302821FF302821FF302821FF302821FF302821FF302821FF302821FF302821FF302821FF302821FF302821FF302821FF302821FF302821FF302821FF302821FF302821FF302821FF302821FF302821FF302821FF302821FF302821FFFF0000FFFF0000FF302821FF302821FF
310
302821FF302821FF302821FF302821FF302821FF302821FF302821FF302821FF302821FF302821FF302821FF302821FF302821FF302821FF302821FF302821FF302821FF302821FF302821FF302821FF302821FF302821FF302821FF302821FF302821FF302821FF302821FF302821FFFF0000FFFF0000FF302821FF302821
310
FF302821FF302821FF302821FF302821FF302821FF302821FF302821FF302821FF302821FF302821FF302821FF302821FF302821FF302821FF302821FF302821FF302821FF302821FF302821FF302821FF302821FF302821FF302821FF302821FF302821FF302821FF302821FF302821FFFF0000FFFF0000FF302821FF3028
310
21FF302821FF302821FF302821FF302821FF302821FF302821FF302821FF302821FF302821FF302821FF302821FF302821FF302821FF302821FF302821FF302821FF302821FF302821FF302821FF302821FF302821FF302821FF302821FF302821FF302821FF302821FF302821FF302821FFFF0000FFFF0000FF302821FF30
310
2821FF302821FF302821FF302821FF302821FF302821FF302821FF302821FF302821FF302821FF302821FF302821FF302821FF302821FF302821FF302821FF302821FF302821FF302821FF302821FF302821FF302821FF302821FF302821FF302821FF302821FF302821FF302821FF302821FFFF0000FFFF0000FF302821FF
310
302821FF302821FF302821FF302821FF302821FF302821FF302821FF302821FF302821FF302821FF302821FF302821FF302821FF302821FF302821FF302821FF302821FF302821FF302821FF302821FF302821FF302821FF302821FF302821FF302821FF302821FF302821FF302821FF302821FFFF0000FFFF0000FF302821
310
FF302821FF302821FF302821FF302821FF302821FF302821FF302821FF302821FF302821FF302821FF302821FF302821FF302821FF302821FF302821FF302821FF302821FF302821FF302821FF302821FF302821FF302821FF302821FF302821FF302821FF302821FF302821FF302821FF302821FFFF0000FFFF0000FF3028
310
21FF302821FF302821FF302821FF302821FF302821FF302821FF302821FF302821FF302821FF302821FF302821FF302821FF302821FF302821FF302821FF302821FF302821FF302821FF302821FF302821FF302821FF302821FF302821FF302821FF302821FF302821FF302821FF302821FF302821FFFF0000FFFF0000FF30
310
2821FF302821FF302821FF302821FF302821FF302821FF302821FF302821FF302821FF302821FF302821FF302821FF302821FF302821FF302821FF302821FF302821FF302821FF302821FF302821FF302821FF302821FF302821FF302821FF302821FF302821FF302821FF302821FF302821FF302821FFFF0000FFFF0000FF
310
302821FF302821FF302821FF302821FF302821FF302821FF302821FF302821FF302821FF302821FF302821FF302821FF302821FF302821FF302821FF302821FF302821FF302821FF302821FF302821FF302821FF302821FF302821FF302821FF302821FF302821FF302821FF302821FF302821FF302821FFFF0000FFFF0000
310
FF302821FF302821FF302821FF302821FF302821FF302821FF302821FF302821FF302821FF302821FF302821FF302821FF302821FF302821FF302821FF302821FF302821FF302821FF302821FF302821FF302821FF302821FF302821FF302821FF302821FF302821FF302821FF302821FF302821FF302821FFFF0000FFFF00
310
00FF302821FF302821FF302821FF302821FF302821FF302821FF302821FF302821FF302821FF302821FF302821FF302821FF302821FF302821FF302821FF302821FF302821FF302821FF302821FF302821FF302821FF302821FF302821FF302821FF302821FF302821FF302821FF302821FF302821FF302821FFFF0000FFFF
310
0000FF302821FF302821FF302821FF302821FF302821FF302821FF302821FF302821FF302821FF302821FF302821FF302821FF302821FF302821FF302821FF302821FF302821FF302821FF302821FF302821FF302821FF302821FF302821FF302821FF302821FF302821FF302821FF302821FF302821FF302821FFFF0000FF
310
FF0000FF302821FF302821FF302821FF302821FF302821FF302821FF302821FF302821FF302821FF302821FF302821FF302821FF302821FF302821FF302821FF302821FF302821FF302821FF302821FF302821FF302821FF302821FF302821FF302821FF302821FF302821FF302821FF302821FF302821FF302821FFFF0000
310
FFFF0000FF302821FF302821FF302821FF302821FF302821FF302821FF302821FF302821FF302821FF302821FF302821FF302821FF302821FF302821FF302821FF302821FF302821FF302821FF302821FF302821FF302821FF302821FF302821FF302821FF302821FF302821FF302821FF302821FF302821FF302821FFFF00
310
00FFFF0000FF302821FF302821FF302821FF302821FF302821FF302821FF302821FF302821FF302821FF302821FF302821FF302821FF302821FF302821FF302821FF302821FF302821FF302821FF302821FF302821FF302821FF302821FF302821FF302821FF302821FF302821FF302821FF302821FF302821FF302821FFFF
310
0000FFFF0000FF302821FF302821FF302821FF302821FF302821FF302821FF302821FF302821FF302821FF302821FF302821FF302821FF302821FF302821FF302821FF302821FF302821FF302821FF302821FF302821FF302821FF302821FF302821FF302821FF302821FF302821FF302821FF302821FF302821FF302821FF
310
FF0000FFFF0000FF302821FF302821FF302821FF302821FF302821FF302821FF302821FF302821FF302821FF302821FF302821FF302821FF302821FF302821FF302821FF302821FF302821FF302821FF302821FF302821FF302821FF302821FF302821FF302821FF302821FF302821FF302821FF302821FF302821FF302821
310
FFFF0000FFFF0000FF302821FF302821FF302821FF302821FF302821FF302821FF302821FF302821FF302821FF302821FF302821FF302821FF302821FF302821FF302821FF302821FF302821FF302821FF302821FF302821FF302821FF302821FF302821FF302821FF302821FF302821FF302821FF302821FF302821FF3028
310
21FFFF0000FFFF0000FF302821FF302821FF302821FF302821FF302821FF302821FF302821FF302821FF302821FF302821FF302821FF302821FF302821FF302821FF302821FF302821FF302821FF302821FF302821FF302821FF302821FF302821FF302821FF302821FF302821FF302821FF302821FF302821FF302821FF30
310
2821FFFF0000FFFF0000FF302821FF302821FF302821FF302821FF302821FF302821FF302821FF302821FF302821FF302821FF302821FF302821FF302821FF302821FF302821FF302821FF302821FF302821FF302821FF302821FF302821FF302821FF302821FF302821FF302821FF302821FF302821FF302821FF302821FF
310
302821FF302821FF302821FF302821FF302821FF302821FF302821FF302821FF302821FF302821FF302821FF302821FF302821FF302821FF302821FF302821FF302821FF302821FF
102
{BLKREFS
331
6C4
102
}
 70
     4
280
     1
281
     1
  0
BLOCK_RECORD
  5
6C2
330
1
100
AcDbSymbolTableRecord
100
AcDbBlockTableRecord
  2
COLUNA SOLTEIRA
340
0
310
28000000200000002000000001002000000000000010000001000000010000000000000000000000302821FF302821FF302821FF302821FF302821FF302821FF302821FF302821FF302821FF302821FF302821FF302821FF302821FF302821FF302821FF302821FF302821FF302821FF302821FF302821FF302821FF302821
310
FF302821FF302821FF302821FF302821FF302821FF302821FF302821FF302821FF302821FF302821FF302821FF302821FF302821FF302821FF302821FF302821FF302821FF302821FF302821FF302821FF302821FF302821FF302821FF302821FF302821FFFF0000FFFF0000FF302821FF302821FF302821FF302821FF3028
310
21FF302821FF302821FF302821FF302821FF302821FF302821FF302821FF302821FF302821FF302821FF302821FF302821FF302821FF302821FF302821FF302821FF302821FF302821FF302821FF302821FF302821FF302821FF302821FF302821FF302821FFFF0000FFFF0000FF302821FF302821FF302821FF302821FF30
310
2821FF302821FF302821FF302821FF302821FF302821FF302821FF302821FF302821FF302821FF302821FF302821FF302821FF302821FF302821FF302821FF302821FF302821FF302821FF302821FF302821FF302821FF302821FF302821FF302821FF302821FFFF0000FFFF0000FF302821FF302821FF302821FF302821FF
310
302821FF302821FF302821FF302821FF302821FF302821FF302821FF302821FF302821FF302821FF302821FF302821FF302821FF302821FF302821FF302821FF302821FF302821FF302821FF302821FF302821FF302821FF302821FF302821FF302821FF302821FFFF0000FFFF0000FF302821FF302821FF302821FF302821
310
FF302821FF302821FF302821FF302821FF302821FF302821FF302821FF302821FF302821FF302821FF302821FF302821FF302821FF302821FF302821FF302821FF302821FF302821FF302821FF302821FF302821FF302821FF302821FF302821FF302821FF302821FFFF0000FFFF0000FF302821FF302821FF302821FF3028
310
21FF302821FF302821FF302821FF302821FF302821FF302821FF302821FF302821FF302821FF302821FF302821FF302821FF302821FF302821FF302821FF302821FF302821FF302821FF302821FF302821FF302821FF302821FF302821FF302821FF302821FF302821FFFF0000FFFF0000FF302821FF302821FF302821FF30
310
2821FF302821FF302821FF302821FF302821FF302821FF302821FF302821FF302821FF302821FF302821FF302821FF302821FF302821FF302821FF302821FF302821FF302821FF302821FF302821FF302821FF302821FF302821FF302821FF302821FF302821FF302821FFFF0000FFFF0000FF302821FF302821FF302821FF
310
302821FF302821FF302821FF302821FF302821FF302821FF302821FF302821FF302821FF302821FF302821FF302821FF302821FF302821FF302821FF302821FF302821FF302821FF302821FF302821FF302821FF302821FF302821FF302821FF302821FF302821FF302821FFFF0000FFFF0000FF302821FF302821FF302821
310
FF302821FF302821FF302821FF302821FF302821FF302821FF302821FF302821FF302821FF302821FF302821FF302821FF302821FF302821FF302821FF302821FF302821FF302821FF302821FF302821FF302821FF302821FF302821FF302821FF302821FF302821FF302821FFFF0000FFFF0000FF302821FF302821FF3028
310
21FF302821FF302821FF302821FF302821FF302821FF302821FF302821FF302821FF302821FF302821FF302821FF302821FF302821FF302821FF302821FF302821FF302821FF302821FF302821FF302821FF302821FF302821FF302821FF302821FF302821FF302821FF302821FFFF0000FFFF0000FF302821FF302821FF30
310
2821FF302821FF302821FF302821FF302821FF302821FF302821FF302821FF302821FF302821FF302821FF302821FF302821FF302821FF302821FF302821FF302821FF302821FF302821FF302821FF302821FF302821FF302821FF302821FF302821FF302821FF302821FF302821FFFF0000FFFF0000FF302821FF302821FF
310
302821FF302821FF302821FF302821FF302821FF302821FF302821FF302821FF302821FF302821FF302821FF302821FF302821FF302821FF302821FF302821FF302821FF302821FF302821FF302821FF302821FF302821FF302821FF302821FF302821FF302821FF302821FF302821FFFF0000FFFF0000FF302821FF302821
310
FF302821FF302821FF302821FF302821FF302821FF302821FF302821FF302821FF302821FF302821FF302821FF302821FF302821FF302821FF302821FF302821FF302821FF302821FF302821FF302821FF302821FF302821FF302821FF302821FF302821FF302821FF302821FF302821FFFF0000FFFF0000FF302821FF3028
310
21FF302821FF302821FF302821FF302821FF302821FF302821FF302821FF302821FF302821FF302821FF302821FF302821FF302821FF302821FF302821FF302821FF302821FF302821FF302821FF302821FF302821FF302821FF302821FF302821FF302821FF302821FF302821FF302821FFFF0000FFFF0000FF302821FF30
310
2821FF302821FF302821FF302821FF302821FF302821FF302821FF302821FF302821FF302821FF302821FF302821FF302821FF302821FF302821FF302821FF302821FF302821FF302821FF302821FF302821FF302821FF302821FF302821FF302821FF302821FF302821FF302821FF302821FFFF0000FFFF0000FF302821FF
310
302821FF302821FF302821FF302821FF302821FF302821FF302821FF302821FF302821FF302821FF302821FF302821FF302821FF302821FF302821FF302821FF302821FF302821FF302821FF302821FF302821FF302821FF302821FF302821FF302821FF302821FF302821FF302821FF302821FFFF0000FFFF0000FF302821
310
FF302821FF302821FF302821FF302821FF302821FF302821FF302821FF302821FF302821FF302821FF302821FF302821FF302821FF302821FF302821FF302821FF302821FF302821FF302821FF302821FF302821FF302821FF302821FF302821FF302821FF302821FF302821FF302821FF302821FFFF0000FFFF0000FF3028
310
21FF302821FF302821FF302821FF302821FF302821FF302821FF302821FF302821FF302821FF302821FF302821FF302821FF302821FF302821FF302821FF302821FF302821FF302821FF302821FF302821FF302821FF302821FF302821FF302821FF302821FF302821FF302821FF302821FF302821FFFF0000FFFF0000FF30
310
2821FF302821FF302821FF302821FF302821FF302821FF302821FF302821FF302821FF302821FF302821FF302821FF302821FF302821FF302821FF302821FF302821FF302821FF302821FF302821FF302821FF302821FF302821FF302821FF302821FF302821FF302821FF302821FF302821FF302821FFFF0000FFFF0000FF
310
302821FF302821FF302821FF302821FF302821FF302821FF302821FF302821FF302821FF302821FF302821FF302821FF302821FF302821FF302821FF302821FF302821FF302821FF302821FF302821FF302821FF302821FF302821FF302821FF302821FF302821FF302821FF302821FF302821FF302821FFFF0000FFFF0000
310
FF302821FF302821FF302821FF302821FF302821FF302821FF302821FF302821FF302821FF302821FF302821FF302821FF302821FF302821FF302821FF302821FF302821FF302821FF302821FF302821FF302821FF302821FF302821FF302821FF302821FF302821FF302821FF302821FF302821FF302821FFFF0000FFFF00
310
00FF302821FF302821FF302821FF302821FF302821FF302821FF302821FF302821FF302821FF302821FF302821FF302821FF302821FF302821FF302821FF302821FF302821FF302821FF302821FF302821FF302821FF302821FF302821FF302821FF302821FF302821FF302821FF302821FF302821FF302821FFFF0000FFFF
310
0000FF302821FF302821FF302821FF302821FF302821FF302821FF302821FF302821FF302821FF302821FF302821FF302821FF302821FF302821FF302821FF302821FF302821FF302821FF302821FF302821FF302821FF302821FF302821FF302821FF302821FF302821FF302821FF302821FF302821FF302821FFFF0000FF
310
FF0000FF302821FF302821FF302821FF302821FF302821FF302821FF302821FF302821FF302821FF302821FF302821FF302821FF302821FF302821FF302821FF302821FF302821FF302821FF302821FF302821FF302821FF302821FF302821FF302821FF302821FF302821FF302821FF302821FF302821FF302821FFFF0000
310
FFFF0000FF302821FF302821FF302821FF302821FF302821FF302821FF302821FF302821FF302821FF302821FF302821FF302821FF302821FF302821FF302821FF302821FF302821FF302821FF302821FF302821FF302821FF302821FF302821FF302821FF302821FF302821FF302821FF302821FF302821FF302821FFFF00
310
00FFFF0000FF302821FF302821FF302821FF302821FF302821FF302821FF302821FF302821FF302821FF302821FF302821FF302821FF302821FF302821FF302821FF302821FF302821FF302821FF302821FF302821FF302821FF302821FF302821FF302821FF302821FF302821FF302821FF302821FF302821FF302821FFFF
310
0000FFFF0000FF302821FF302821FF302821FF302821FF302821FF302821FF302821FF302821FF302821FF302821FF302821FF302821FF302821FF302821FF302821FF302821FF302821FF302821FF302821FF302821FF302821FF302821FF302821FF302821FF302821FF302821FF302821FF302821FF302821FF302821FF
310
FF0000FFFF0000FF302821FF302821FF302821FF302821FF302821FF302821FF302821FF302821FF302821FF302821FF302821FF302821FF302821FF302821FF302821FF302821FF302821FF302821FF302821FF302821FF302821FF302821FF302821FF302821FF302821FF302821FF302821FF302821FF302821FF302821
310
FFFF0000FFFF0000FF302821FF302821FF302821FF302821FF302821FF302821FF302821FF302821FF302821FF302821FF302821FF302821FF302821FF302821FF302821FF302821FF302821FF302821FF302821FF302821FF302821FF302821FF302821FF302821FF302821FF302821FF302821FF302821FF302821FF3028
310
21FFFF0000FFFF0000FF302821FF302821FF302821FF302821FF302821FF302821FF302821FF302821FF302821FF302821FF302821FF302821FF302821FF302821FF302821FF302821FF302821FF302821FF302821FF302821FF302821FF302821FF302821FF302821FF302821FF302821FF302821FF302821FF302821FF30
310
2821FFFF0000FFFF0000FF302821FF302821FF302821FF302821FF302821FF302821FF302821FF302821FF302821FF302821FF302821FF302821FF302821FF302821FF302821FF302821FF302821FF302821FF302821FF302821FF302821FF302821FF302821FF302821FF302821FF302821FF302821FF302821FF302821FF
310
302821FF302821FF302821FF302821FF302821FF302821FF302821FF302821FF302821FF302821FF302821FF302821FF302821FF302821FF302821FF302821FF302821FF302821FF
 70
     4
280
     1
281
     1
  0
BLOCK_RECORD
  5
B08
102
{ACAD_XDICTIONARY
360
16F5
102
}
330
1
100
AcDbSymbolTableRecord
100
AcDbBlockTableRecord
  2
DI_COLUNA
340
0
310
28000000200000002000000001002000000000000010000001000000010000000000000000000000302821FF302821FF302821FF302821FF302821FF302821FF302821FF302821FF302821FF302821FF302821FF302821FF302821FF302821FF302821FF302821FF302821FF302821FF302821FF302821FF302821FF302821
310
FF302821FF302821FF302821FF302821FF302821FF302821FF302821FF302821FF302821FF302821FF302821FF302821FF302821FF302821FF302821FF302821FF302821FF302821FF302821FF302821FF302821FF302821FF302821FFFF0000FFFF0000FFFF0000FFFF0000FFFF0000FFFF0000FF302821FF302821FF3028
310
21FF302821FF302821FF302821FF302821FF302821FF302821FF302821FF302821FF302821FF302821FF302821FF302821FF302821FF302821FF302821FF302821FF302821FF302821FF302821FF302821FF302821FF302821FF302821FFFF0000FFFF0000FFFF0000FFFF0000FFFF0000FFFF0000FF302821FF302821FF30
310
2821FF302821FF302821FF302821FF302821FF302821FF302821FF302821FF302821FF302821FF302821FF302821FF302821FF302821FF302821FF302821FF302821FF302821FF302821FF302821FF302821FF302821FF302821FF302821FF302821FF302821FFFF0000FFFF0000FFFF0000FF302821FF302821FF302821FF
310
302821FF302821FF302821FF302821FF302821FF302821FF302821FF302821FF302821FF302821FF302821FF302821FF302821FF302821FF302821FF302821FF302821FF302821FF302821FF302821FF302821FF302821FF302821FF302821FF302821FF302821FFFF0000FFFF0000FFFF0000FF302821FF302821FF302821
310
FF302821FF302821FF302821FF302821FF302821FF302821FF302821FF302821FF302821FF302821FF302821FF302821FF302821FF302821FF302821FF302821FF302821FF302821FF302821FF302821FF302821FF302821FF302821FF302821FF302821FF302821FFFF0000FFFF0000FFFF0000FF302821FF302821FF3028
310
21FF302821FF302821FF302821FF302821FF302821FF302821FF302821FF302821FF302821FF302821FF302821FF302821FF302821FF302821FF302821FF302821FF302821FF302821FF302821FF302821FF302821FF302821FF302821FF302821FF302821FF302821FFFF0000FFFF0000FFFF0000FF302821FF302821FF30
310
2821FF302821FF302821FF302821FF302821FF302821FF302821FF302821FF302821FF302821FF302821FF302821FF302821FF302821FF302821FF302821FF302821FF302821FF302821FF302821FF302821FF302821FF302821FF302821FF302821FF302821FF302821FFFF0000FFFF0000FFFF0000FF302821FF302821FF
310
302821FF302821FF302821FF302821FF302821FF302821FF302821FF302821FF302821FF302821FF302821FF302821FF302821FF302821FF302821FF302821FF302821FF302821FF302821FF302821FF302821FF302821FF302821FF302821FF302821FF302821FF302821FFFF0000FFFF0000FFFF0000FF302821FF302821
310
FF302821FF302821FF302821FF302821FF302821FF302821FF302821FF302821FF302821FF302821FF302821FF302821FF302821FF302821FF302821FF302821FF302821FF302821FF302821FF302821FF302821FF302821FF302821FF302821FF302821FF302821FF302821FFFF0000FFFF0000FFFF0000FF302821FF3028
310
21FF302821FF302821FF302821FF302821FF302821FF302821FF302821FF302821FF302821FF302821FF302821FF302821FF302821FF302821FF302821FF302821FF302821FF302821FF302821FF302821FF302821FF302821FF302821FF302821FF302821FF302821FF302821FFFF0000FFFF0000FFFF0000FF302821FF30
310
2821FF302821FF302821FF302821FF302821FF302821FF302821FF302821FF302821FF302821FF302821FF302821FF302821FF302821FF302821FF302821FF302821FF302821FF302821FF302821FF302821FF302821FF302821FF302821FF302821FF302821FF302821FF302821FFFF0000FFFF0000FFFF0000FF302821FF
310
302821FF302821FF302821FF302821FF302821FF302821FF302821FF302821FF302821FF302821FF302821FF302821FF302821FF302821FF302821FF302821FF302821FF302821FF302821FF302821FF302821FF302821FF302821FF302821FF302821FF302821FF302821FF302821FFFF0000FFFF0000FFFF0000FF302821
310
FF302821FF302821FF302821FF302821FF302821FF302821FF302821FF302821FF302821FF302821FF302821FF302821FF302821FF302821FF302821FF302821FF302821FF302821FF302821FF302821FF302821FF302821FF302821FF302821FF302821FF302821FF302821FF302821FFFF0000FFFF0000FFFF0000FF3028
310
21FF302821FF302821FF302821FF302821FF302821FF302821FF302821FF302821FF302821FF302821FF302821FF302821FF302821FF302821FF302821FF302821FF302821FF302821FF302821FF302821FF302821FF302821FF302821FF302821FF302821FF302821FF302821FF302821FFFF0000FFFF0000FFFF0000FF30
310
2821FF302821FF302821FF302821FF302821FF302821FF302821FF302821FF302821FF302821FF302821FF302821FF302821FF302821FF302821FF302821FF302821FF302821FF302821FF302821FF302821FF302821FF302821FF302821FF302821FF302821FF302821FF302821FF302821FFFF0000FFFF0000FFFF0000FF
310
302821FF302821FF302821FF302821FF302821FF302821FF302821FF302821FF302821FF302821FF302821FF302821FF302821FF302821FF302821FF302821FF302821FF302821FF302821FF302821FF302821FF302821FF302821FF302821FF302821FF302821FF302821FF302821FF302821FFFF0000FFFF0000FFFF0000
310
FF302821FF302821FF302821FF302821FF302821FF302821FF302821FF302821FF302821FF302821FF302821FF302821FF302821FF302821FF302821FF302821FF302821FF302821FF302821FF302821FF302821FF302821FF302821FF302821FF302821FF302821FF302821FF302821FF302821FFFF0000FFFF0000FFFF00
310
00FF302821FF302821FF302821FF302821FF302821FF302821FF302821FF302821FF302821FF302821FF302821FF302821FF302821FF302821FF302821FF302821FF302821FF302821FF302821FF302821FF302821FF302821FF302821FF302821FF302821FF302821FF302821FF302821FF302821FFFF0000FFFF0000FFFF
310
0000FF302821FF302821FF302821FF302821FF302821FF302821FF302821FF302821FF302821FF302821FF302821FF302821FF302821FF302821FF302821FF302821FF302821FF302821FF302821FF302821FF302821FF302821FF302821FF302821FF302821FF302821FF302821FF302821FF302821FFFF0000FFFF0000FF
310
FF0000FF302821FF302821FF302821FF302821FF302821FF302821FF302821FF302821FF302821FF302821FF302821FF302821FF302821FF302821FF302821FF302821FF302821FF302821FF302821FF302821FF302821FF302821FF302821FF302821FF302821FF302821FF302821FF302821FF302821FFFF0000FFFF0000
310
FFFF0000FF302821FF302821FF302821FF302821FF302821FF302821FF302821FF302821FF302821FF302821FF302821FF302821FF302821FF302821FF302821FF302821FF302821FF302821FF302821FF302821FF302821FF302821FF302821FF302821FF302821FF302821FF302821FF302821FF302821FFFF0000FFFF00
310
00FFFF0000FF302821FF302821FF302821FF302821FF302821FF302821FF302821FF302821FF302821FF302821FF302821FF302821FF302821FF302821FF302821FF302821FF302821FF302821FF302821FF302821FF302821FF302821FF302821FF302821FF302821FF302821FF302821FF302821FF302821FFFF0000FFFF
310
0000FFFF0000FF302821FF302821FF302821FF302821FF302821FF302821FF302821FF302821FF302821FF302821FF302821FF302821FF302821FF302821FF302821FF302821FF302821FF302821FF302821FF302821FF302821FF302821FF302821FF302821FF302821FF302821FF302821FF302821FF302821FFFF0000FF
310
FF0000FFFF0000FF302821FF302821FF302821FF302821FF302821FF302821FF302821FF302821FF302821FF302821FF302821FF302821FF302821FF302821FF302821FF302821FF302821FF302821FF302821FF302821FF302821FF302821FF302821FF302821FF302821FF302821FF302821FF302821FF302821FFFF0000
310
FFFF0000FFFF0000FF302821FF302821FF302821FF302821FF302821FF302821FF302821FF302821FF302821FF302821FF302821FF302821FF302821FF302821FF302821FF302821FF302821FF302821FF302821FF302821FF302821FF302821FF302821FF302821FF302821FF302821FF302821FF302821FF302821FFFF00
310
00FFFF0000FFFF0000FF302821FF302821FF302821FF302821FF302821FF302821FF302821FF302821FF302821FF302821FF302821FF302821FF302821FF302821FF302821FF302821FF302821FF302821FF302821FF302821FF302821FF302821FF302821FF302821FF302821FF302821FF302821FF302821FF302821FFFF
310
0000FFFF0000FFFF0000FF302821FF302821FF302821FF302821FF302821FF302821FF302821FF302821FF302821FF302821FF302821FF302821FF302821FF302821FF302821FF302821FF302821FF302821FF302821FF302821FF302821FF302821FF302821FF302821FF302821FF302821FF302821FF302821FF302821FF
310
FF0000FFFF0000FFFF0000FF302821FF302821FF302821FF302821FF302821FF302821FF302821FF302821FF302821FF302821FF302821FF302821FF302821FF302821FF302821FF302821FF302821FF302821FF302821FF302821FF302821FF302821FF302821FF302821FF302821FF302821FF302821FF302821FF302821
310
FFFF0000FFFF0000FFFF0000FF302821FF302821FF302821FF302821FF302821FF302821FF302821FF302821FF302821FF302821FF302821FF302821FF302821FF302821FF302821FF302821FF302821FF302821FF302821FF302821FF302821FF302821FF302821FF302821FF302821FF302821FF302821FF302821FF3028
310
21FFFF0000FFFF0000FFFF0000FF302821FF302821FF302821FF302821FF302821FF302821FF302821FF302821FF302821FF302821FF302821FF302821FF302821FF302821FF302821FF302821FF302821FF302821FF302821FF302821FF302821FF302821FF302821FF302821FF302821FF302821FF302821FF302821FF30
310
2821FFFF0000FFFF0000FFFF0000FF302821FF302821FF302821FF302821FF302821FF302821FF302821FF302821FF302821FF302821FF302821FF302821FF302821FF302821FF302821FF302821FF302821FF302821FF302821FF302821FF302821FF302821FF302821FF302821FF302821FF302821FF302821FF302821FF
310
302821FF302821FF302821FF302821FF302821FF302821FF302821FF302821FF302821FF302821FF302821FF302821FF302821FF302821FF302821FF302821FF302821FF302821FF
102
{BLKREFS
331
13C5
102
}
 70
     4
280
     1
281
     1
1001
ACAUTHENVIRON
1005
140A
1001
AcDbDynamicBlockTrueName
1000
DI_COLUNA
1001
AcDbDynamicBlockGUID
1000
{C22FAA34-53F2-4342-A3EC-40E605BE0DF8}
  0
BLOCK_RECORD
  5
140A
102
{ACAD_XDICTIONARY
360
175B
102
}
330
1
100
AcDbSymbolTableRecord
100
AcDbBlockTableRecord
  2
*U4
340
0
 70
     4
280
     1
281
     1
1001
ACAUTHENVIRON
1005
140A
1001
AcDbDynamicBlockTrueName
1000
DI_COLUNA
1001
AcDbDynamicBlockGUID
1000
{C22FAA34-53F2-4342-A3EC-40E605BE0DF8}
  0
BLOCK_RECORD
  5
1702
330
1
100
AcDbSymbolTableRecord
100
AcDbBlockTableRecord
  2
*D6
340
0
 70
     0
280
     1
281
     0
  0
ENDTAB
  0
ENDSEC
  0
SECTION
  2
BLOCKS
  0
BLOCK
  5
20
330
1F
100
AcDbEntity
  8
0
100
AcDbBlockBegin
  2
*Model_Space
 70
     0
 10
0.0
 20
0.0
 30
0.0
  3
*Model_Space
  1

  0
ENDBLK
  5
21
330
1F
100
AcDbEntity
  8
0
100
AcDbBlockEnd
  0
BLOCK
  5
D4
330
D2
100
AcDbEntity
 67
     1
  8
0
100
AcDbBlockBegin
  2
*Paper_Space
 70
     0
 10
0.0
 20
0.0
 30
0.0
  3
*Paper_Space
  1

  0
ENDBLK
  5
D5
330
D2
100
AcDbEntity
 67
     1
  8
0
100
AcDbBlockEnd
  0
BLOCK
  5
D8
330
D6
100
AcDbEntity
 67
     1
  8
0
100
AcDbBlockBegin
  2
*Paper_Space0
 70
     0
 10
0.0
 20
0.0
 30
0.0
  3
*Paper_Space0
  1

  0
ENDBLK
  5
D9
330
D6
100
AcDbEntity
 67
     1
  8
0
100
AcDbBlockEnd
  0
BLOCK
  5
2A2
330
2A1
100
AcDbEntity
  8
0
100
AcDbBlockBegin
  2
COL SOLTEIRA
 70
     0
 10
0.0
 20
0.0
 30
0.0
  3
COL SOLTEIRA
  1

  0
LINE
  5
2A3
330
2A1
100
AcDbEntity
  8
MONTANTE
100
AcDbLine
 10
-535.9680262274923
 20
4317.986774618883
 30
0.0
 11
-535.9680262274923
 21
-4422.013225381146
 31
0.0
1001
AcDbBlockRepETag
1070
     1
1071
     2050
1005
2A3
  0
LINE
  5
2A4
330
2A1
100
AcDbEntity
  8
MONTANTE
100
AcDbLine
 10
-466.2180262274923
 20
4317.986774618883
 30
0.0
 11
-466.2180262274923
 21
-4482.013225381102
 31
0.0
1001
AcDbBlockRepETag
1070
     1
1071
     5128
1005
2A4
  0
LINE
  5
2A5
330
2A1
100
AcDbEntity
  8
MONTANTE
100
AcDbLine
 10
-495.463031220308
 20
4317.986774618883
 30
0.0
 11
-495.463031220308
 21
-4482.013225381102
 31
0.0
1001
AcDbBlockRepETag
1070
     1
1071
     2051
1005
2A5
  0
ARC
  5
2A6
330
2A1
100
AcDbEntity
  8
MONTANTE
100
AcDbCircle
 10
-483.2155287239002
 20
-4482.013225381102
 30
0.0
 40
4.5
100
AcDbArc
 50
0.0
 51
180.0
1001
AcDbBlockRepETag
1070
     1
1071
     2052
1005
2A6
  0
LINE
  5
2A7
330
2A1
100
AcDbEntity
  8
MONTANTE
100
AcDbLine
 10
-509.7761812316603
 20
4317.986774618883
 30
0.0
 11
-509.7761812316603
 21
-4422.013225381146
 31
0.0
1001
AcDbBlockRepETag
1070
     1
1071
     2053
1005
2A7
  0
LINE
  5
2A8
330
2A1
100
AcDbEntity
  8
MONTANTE
100
AcDbLine
 10
-443.6180262274574
 20
-4486.763225381117
 30
0.0
 11
-443.6180262274574
 21
-4482.013225381117
 31
0.0
1001
AcDbBlockRepETag
1070
     1
1071
     3587
1005
2A8
  0
LINE
  5
2A9
330
2A1
100
AcDbEntity
  8
MONTANTE
100
AcDbLine
 10
-588.6180262274574
 20
-4482.013225381117
 30
0.0
 11
-588.6180262274574
 21
-4486.763225381117
 31
0.0
1001
AcDbBlockRepETag
1070
     1
1071
     3588
1005
2A9
  0
LINE
  5
2AA
330
2A1
100
AcDbEntity
  8
MONTANTE
100
AcDbLine
 10
-443.6180262274574
 20
-4486.763225381117
 30
0.0
 11
-443.6180262274574
 21
-4482.013225381117
 31
0.0
1001
AcDbBlockRepETag
1070
     1
1071
     3589
1005
2AA
  0
LINE
  5
2AB
330
2A1
100
AcDbEntity
  8
MONTANTE
100
AcDbLine
 10
-588.6180262274574
 20
-4482.013225381117
 30
0.0
 11
-588.6180262274574
 21
-4486.763225381117
 31
0.0
1001
AcDbBlockRepETag
1070
     1
1071
     3590
1005
2AB
  0
LINE
  5
2AC
330
2A1
100
AcDbEntity
  8
MONTANTE
100
AcDbLine
 10
-443.6180262274574
 20
-4486.763225381117
 30
0.0
 11
-443.6180262274574
 21
-4482.013225381117
 31
0.0
1001
AcDbBlockRepETag
1070
     1
1071
     3591
1005
2AC
  0
LINE
  5
2AD
330
2A1
100
AcDbEntity
  8
MONTANTE
100
AcDbLine
 10
-588.6180262274574
 20
-4482.013225381117
 30
0.0
 11
-588.6180262274574
 21
-4486.763225381117
 31
0.0
1001
AcDbBlockRepETag
1070
     1
1071
     3592
1005
2AD
  0
LINE
  5
2AE
330
2A1
100
AcDbEntity
  8
MONTANTE
100
AcDbLine
 10
-443.6180262274574
 20
-4486.763225381117
 30
0.0
 11
-443.6180262274574
 21
-4482.013225381117
 31
0.0
1001
AcDbBlockRepETag
1070
     1
1071
     3593
1005
2AE
  0
LINE
  5
2AF
330
2A1
100
AcDbEntity
  8
MONTANTE
100
AcDbLine
 10
-588.6180262274574
 20
-4482.013225381117
 30
0.0
 11
-588.6180262274574
 21
-4486.763225381117
 31
0.0
1001
AcDbBlockRepETag
1070
     1
1071
     3594
1005
2AF
  0
LINE
  5
2B0
330
2A1
100
AcDbEntity
  8
MONTANTE
100
AcDbLine
 10
-443.6180262274574
 20
-4486.763225381117
 30
0.0
 11
-443.6180262274574
 21
-4482.013225381117
 31
0.0
1001
AcDbBlockRepETag
1070
     1
1071
     3595
1005
2B0
  0
LINE
  5
2B1
330
2A1
100
AcDbEntity
  8
MONTANTE
100
AcDbLine
 10
-588.6180262274574
 20
-4482.013225381117
 30
0.0
 11
-588.6180262274574
 21
-4486.763225381117
 31
0.0
1001
AcDbBlockRepETag
1070
     1
1071
     3596
1005
2B1
  0
LINE
  5
2B2
330
2A1
100
AcDbEntity
  8
MONTANTE
100
AcDbLine
 10
-443.6180262274574
 20
-4486.763225381117
 30
0.0
 11
-443.6180262274574
 21
-4482.013225381117
 31
0.0
1001
AcDbBlockRepETag
1070
     1
1071
     3597
1005
2B2
  0
LINE
  5
2B3
330
2A1
100
AcDbEntity
  8
MONTANTE
100
AcDbLine
 10
-588.6180262274574
 20
-4482.013225381117
 30
0.0
 11
-588.6180262274574
 21
-4486.763225381117
 31
0.0
1001
AcDbBlockRepETag
1070
     1
1071
     3598
1005
2B3
  0
LINE
  5
2B4
330
2A1
100
AcDbEntity
  8
MONTANTE
100
AcDbLine
 10
-443.6180262274574
 20
-4486.763225381117
 30
0.0
 11
-443.6180262274574
 21
-4482.013225381117
 31
0.0
1001
AcDbBlockRepETag
1070
     1
1071
     3599
1005
2B4
  0
LINE
  5
2B5
330
2A1
100
AcDbEntity
  8
MONTANTE
100
AcDbLine
 10
-588.6180262274574
 20
-4482.013225381117
 30
0.0
 11
-588.6180262274574
 21
-4486.763225381117
 31
0.0
1001
AcDbBlockRepETag
1070
     1
1071
     3600
1005
2B5
  0
LINE
  5
2B6
330
2A1
100
AcDbEntity
  8
MONTANTE
100
AcDbLine
 10
-443.6180262274574
 20
-4486.763225381117
 30
0.0
 11
-443.6180262274574
 21
-4482.013225381117
 31
0.0
1001
AcDbBlockRepETag
1070
     1
1071
     3601
1005
2B6
  0
LINE
  5
2B7
330
2A1
100
AcDbEntity
  8
MONTANTE
100
AcDbLine
 10
-588.6180262274574
 20
-4482.013225381117
 30
0.0
 11
-588.6180262274574
 21
-4486.763225381117
 31
0.0
1001
AcDbBlockRepETag
1070
     1
1071
     3602
1005
2B7
  0
LINE
  5
2B8
330
2A1
100
AcDbEntity
  8
MONTANTE
100
AcDbLine
 10
-443.6180262274574
 20
-4486.763225381117
 30
0.0
 11
-443.6180262274574
 21
-4482.013225381117
 31
0.0
1001
AcDbBlockRepETag
1070
     1
1071
     3603
1005
2B8
  0
LINE
  5
2B9
330
2A1
100
AcDbEntity
  8
MONTANTE
100
AcDbLine
 10
-588.6180262274574
 20
-4482.013225381117
 30
0.0
 11
-588.6180262274574
 21
-4486.763225381117
 31
0.0
1001
AcDbBlockRepETag
1070
     1
1071
     3604
1005
2B9
  0
LINE
  5
2BA
330
2A1
100
AcDbEntity
  8
MONTANTE
100
AcDbLine
 10
-443.6180262274574
 20
-4486.763225381117
 30
0.0
 11
-443.6180262274574
 21
-4482.013225381117
 31
0.0
1001
AcDbBlockRepETag
1070
     1
1071
     3605
1005
2BA
  0
LINE
  5
2BB
330
2A1
100
AcDbEntity
  8
MONTANTE
100
AcDbLine
 10
-588.6180262274574
 20
-4482.013225381117
 30
0.0
 11
-588.6180262274574
 21
-4486.763225381117
 31
0.0
1001
AcDbBlockRepETag
1070
     1
1071
     3606
1005
2BB
  0
LINE
  5
2BC
330
2A1
100
AcDbEntity
  8
MONTANTE
100
AcDbLine
 10
-443.6180262274574
 20
-4486.763225381117
 30
0.0
 11
-443.6180262274574
 21
-4482.013225381117
 31
0.0
1001
AcDbBlockRepETag
1070
     1
1071
     3607
1005
2BC
  0
LINE
  5
2BD
330
2A1
100
AcDbEntity
  8
MONTANTE
100
AcDbLine
 10
-588.6180262274574
 20
-4482.013225381117
 30
0.0
 11
-588.6180262274574
 21
-4486.763225381117
 31
0.0
1001
AcDbBlockRepETag
1070
     1
1071
     3608
1005
2BD
  0
LINE
  5
2BE
330
2A1
100
AcDbEntity
  8
MONTANTE
100
AcDbLine
 10
-443.6180262274574
 20
-4486.763225381117
 30
0.0
 11
-443.6180262274574
 21
-4482.013225381117
 31
0.0
1001
AcDbBlockRepETag
1070
     1
1071
     3609
1005
2BE
  0
LINE
  5
2BF
330
2A1
100
AcDbEntity
  8
MONTANTE
100
AcDbLine
 10
-588.6180262274574
 20
-4482.013225381117
 30
0.0
 11
-588.6180262274574
 21
-4486.763225381117
 31
0.0
1001
AcDbBlockRepETag
1070
     1
1071
     3610
1005
2BF
  0
LINE
  5
2C0
330
2A1
100
AcDbEntity
  8
MONTANTE
100
AcDbLine
 10
-443.6180262274574
 20
-4486.763225381117
 30
0.0
 11
-443.6180262274574
 21
-4482.013225381117
 31
0.0
1001
AcDbBlockRepETag
1070
     1
1071
     3611
1005
2C0
  0
LINE
  5
2C1
330
2A1
100
AcDbEntity
  8
MONTANTE
100
AcDbLine
 10
-588.6180262274574
 20
-4482.013225381117
 30
0.0
 11
-588.6180262274574
 21
-4486.763225381117
 31
0.0
1001
AcDbBlockRepETag
1070
     1
1071
     3612
1005
2C1
  0
LINE
  5
2C2
330
2A1
100
AcDbEntity
  8
MONTANTE
100
AcDbLine
 10
-443.6180262274574
 20
-4486.763225381117
 30
0.0
 11
-443.6180262274574
 21
-4482.013225381117
 31
0.0
1001
AcDbBlockRepETag
1070
     1
1071
     3613
1005
2C2
  0
LINE
  5
2C3
330
2A1
100
AcDbEntity
  8
MONTANTE
100
AcDbLine
 10
-588.6180262274574
 20
-4482.013225381117
 30
0.0
 11
-588.6180262274574
 21
-4486.763225381117
 31
0.0
1001
AcDbBlockRepETag
1070
     1
1071
     3614
1005
2C3
  0
LINE
  5
2C4
330
2A1
100
AcDbEntity
  8
MONTANTE
100
AcDbLine
 10
-443.6180262274574
 20
-4486.763225381117
 30
0.0
 11
-443.6180262274574
 21
-4482.013225381117
 31
0.0
1001
AcDbBlockRepETag
1070
     1
1071
     3615
1005
2C4
  0
LINE
  5
2C5
330
2A1
100
AcDbEntity
  8
MONTANTE
100
AcDbLine
 10
-588.6180262274574
 20
-4482.013225381117
 30
0.0
 11
-588.6180262274574
 21
-4486.763225381117
 31
0.0
1001
AcDbBlockRepETag
1070
     1
1071
     3616
1005
2C5
  0
LINE
  5
2C6
330
2A1
100
AcDbEntity
  8
MONTANTE
100
AcDbLine
 10
-443.6180262274574
 20
-4486.763225381117
 30
0.0
 11
-443.6180262274574
 21
-4482.013225381117
 31
0.0
1001
AcDbBlockRepETag
1070
     1
1071
     3617
1005
2C6
  0
LINE
  5
2C7
330
2A1
100
AcDbEntity
  8
MONTANTE
100
AcDbLine
 10
-588.6180262274574
 20
-4482.013225381117
 30
0.0
 11
-588.6180262274574
 21
-4486.763225381117
 31
0.0
1001
AcDbBlockRepETag
1070
     1
1071
     3618
1005
2C7
  0
LINE
  5
2C8
330
2A1
100
AcDbEntity
  8
MONTANTE
100
AcDbLine
 10
-443.6180262274574
 20
-4486.763225381117
 30
0.0
 11
-443.6180262274574
 21
-4482.013225381117
 31
0.0
1001
AcDbBlockRepETag
1070
     1
1071
     3619
1005
2C8
  0
LINE
  5
2C9
330
2A1
100
AcDbEntity
  8
MONTANTE
100
AcDbLine
 10
-588.6180262274574
 20
-4482.013225381117
 30
0.0
 11
-588.6180262274574
 21
-4486.763225381117
 31
0.0
1001
AcDbBlockRepETag
1070
     1
1071
     3620
1005
2C9
  0
LINE
  5
2CA
330
2A1
100
AcDbEntity
  8
MONTANTE
100
AcDbLine
 10
-443.6180262274574
 20
-4486.763225381117
 30
0.0
 11
-443.6180262274574
 21
-4482.013225381117
 31
0.0
1001
AcDbBlockRepETag
1070
     1
1071
     3621
1005
2CA
  0
LINE
  5
2CB
330
2A1
100
AcDbEntity
  8
MONTANTE
100
AcDbLine
 10
-588.6180262274574
 20
-4482.013225381117
 30
0.0
 11
-588.6180262274574
 21
-4486.763225381117
 31
0.0
1001
AcDbBlockRepETag
1070
     1
1071
     3622
1005
2CB
  0
LINE
  5
2CC
330
2A1
100
AcDbEntity
  8
MONTANTE
100
AcDbLine
 10
-443.6180262274574
 20
-4486.763225381117
 30
0.0
 11
-443.6180262274574
 21
-4482.013225381117
 31
0.0
1001
AcDbBlockRepETag
1070
     1
1071
     3623
1005
2CC
  0
LINE
  5
2CD
330
2A1
100
AcDbEntity
  8
MONTANTE
100
AcDbLine
 10
-588.6180262274574
 20
-4482.013225381117
 30
0.0
 11
-588.6180262274574
 21
-4486.763225381117
 31
0.0
1001
AcDbBlockRepETag
1070
     1
1071
     3624
1005
2CD
  0
LINE
  5
2CE
330
2A1
100
AcDbEntity
  8
MONTANTE
100
AcDbLine
 10
-443.6180262274574
 20
-4486.763225381117
 30
0.0
 11
-443.6180262274574
 21
-4482.013225381117
 31
0.0
1001
AcDbBlockRepETag
1070
     1
1071
     3625
1005
2CE
  0
LINE
  5
2CF
330
2A1
100
AcDbEntity
  8
MONTANTE
100
AcDbLine
 10
-588.6180262274574
 20
-4482.013225381117
 30
0.0
 11
-588.6180262274574
 21
-4486.763225381117
 31
0.0
1001
AcDbBlockRepETag
1070
     1
1071
     3626
1005
2CF
  0
LINE
  5
2D0
330
2A1
100
AcDbEntity
  8
MONTANTE
100
AcDbLine
 10
-443.6180262274574
 20
-4486.763225381117
 30
0.0
 11
-443.6180262274574
 21
-4482.013225381117
 31
0.0
1001
AcDbBlockRepETag
1070
     1
1071
     3627
1005
2D0
  0
LINE
  5
2D1
330
2A1
100
AcDbEntity
  8
MONTANTE
100
AcDbLine
 10
-588.6180262274574
 20
-4482.013225381117
 30
0.0
 11
-588.6180262274574
 21
-4486.763225381117
 31
0.0
1001
AcDbBlockRepETag
1070
     1
1071
     3628
1005
2D1
  0
LINE
  5
2D2
330
2A1
100
AcDbEntity
  8
MONTANTE
100
AcDbLine
 10
-443.6180262274574
 20
-4486.763225381117
 30
0.0
 11
-443.6180262274574
 21
-4482.013225381117
 31
0.0
1001
AcDbBlockRepETag
1070
     1
1071
     3629
1005
2D2
  0
LINE
  5
2D3
330
2A1
100
AcDbEntity
  8
MONTANTE
100
AcDbLine
 10
-588.6180262274574
 20
-4482.013225381117
 30
0.0
 11
-588.6180262274574
 21
-4486.763225381117
 31
0.0
1001
AcDbBlockRepETag
1070
     1
1071
     3630
1005
2D3
  0
LINE
  5
2D4
330
2A1
100
AcDbEntity
  8
MONTANTE
100
AcDbLine
 10
-443.6180262274574
 20
-4486.763225381117
 30
0.0
 11
-443.6180262274574
 21
-4482.013225381117
 31
0.0
1001
AcDbBlockRepETag
1070
     1
1071
     3631
1005
2D4
  0
LINE
  5
2D5
330
2A1
100
AcDbEntity
  8
MONTANTE
100
AcDbLine
 10
-588.6180262274574
 20
-4482.013225381117
 30
0.0
 11
-588.6180262274574
 21
-4486.763225381117
 31
0.0
1001
AcDbBlockRepETag
1070
     1
1071
     3632
1005
2D5
  0
LINE
  5
2D6
330
2A1
100
AcDbEntity
  8
MONTANTE
100
AcDbLine
 10
-443.6180262274574
 20
-4486.763225381117
 30
0.0
 11
-443.6180262274574
 21
-4482.013225381117
 31
0.0
1001
AcDbBlockRepETag
1070
     1
1071
     3633
1005
2D6
  0
LINE
  5
2D7
330
2A1
100
AcDbEntity
  8
MONTANTE
100
AcDbLine
 10
-588.6180262274574
 20
-4482.013225381117
 30
0.0
 11
-588.6180262274574
 21
-4486.763225381117
 31
0.0
1001
AcDbBlockRepETag
1070
     1
1071
     3634
1005
2D7
  0
LINE
  5
2D8
330
2A1
100
AcDbEntity
  8
MONTANTE
100
AcDbLine
 10
-443.6180262274574
 20
-4486.763225381117
 30
0.0
 11
-443.6180262274574
 21
-4482.013225381117
 31
0.0
1001
AcDbBlockRepETag
1070
     1
1071
     3635
1005
2D8
  0
LINE
  5
2D9
330
2A1
100
AcDbEntity
  8
MONTANTE
100
AcDbLine
 10
-588.6180262274574
 20
-4482.013225381117
 30
0.0
 11
-588.6180262274574
 21
-4486.763225381117
 31
0.0
1001
AcDbBlockRepETag
1070
     1
1071
     3636
1005
2D9
  0
LINE
  5
2DA
330
2A1
100
AcDbEntity
  8
MONTANTE
100
AcDbLine
 10
-443.6180262274574
 20
-4486.763225381117
 30
0.0
 11
-443.6180262274574
 21
-4482.013225381117
 31
0.0
1001
AcDbBlockRepETag
1070
     1
1071
     3637
1005
2DA
  0
LINE
  5
2DB
330
2A1
100
AcDbEntity
  8
MONTANTE
100
AcDbLine
 10
-588.6180262274574
 20
-4482.013225381117
 30
0.0
 11
-588.6180262274574
 21
-4486.763225381117
 31
0.0
1001
AcDbBlockRepETag
1070
     1
1071
     3638
1005
2DB
  0
LINE
  5
2DC
330
2A1
100
AcDbEntity
  8
MONTANTE
100
AcDbLine
 10
-443.6180262274574
 20
-4486.763225381117
 30
0.0
 11
-443.6180262274574
 21
-4482.013225381117
 31
0.0
1001
AcDbBlockRepETag
1070
     1
1071
     3639
1005
2DC
  0
LINE
  5
2DD
330
2A1
100
AcDbEntity
  8
MONTANTE
100
AcDbLine
 10
-588.6180262274574
 20
-4482.013225381117
 30
0.0
 11
-588.6180262274574
 21
-4486.763225381117
 31
0.0
1001
AcDbBlockRepETag
1070
     1
1071
     3640
1005
2DD
  0
LINE
  5
2DE
330
2A1
100
AcDbEntity
  8
MONTANTE
100
AcDbLine
 10
-443.6180262274574
 20
-4486.763225381117
 30
0.0
 11
-443.6180262274574
 21
-4482.013225381117
 31
0.0
1001
AcDbBlockRepETag
1070
     1
1071
     3641
1005
2DE
  0
LINE
  5
2DF
330
2A1
100
AcDbEntity
  8
MONTANTE
100
AcDbLine
 10
-588.6180262274574
 20
-4482.013225381117
 30
0.0
 11
-588.6180262274574
 21
-4486.763225381117
 31
0.0
1001
AcDbBlockRepETag
1070
     1
1071
     3642
1005
2DF
  0
LINE
  5
2E0
330
2A1
100
AcDbEntity
  8
MONTANTE
100
AcDbLine
 10
-443.6180262274574
 20
-4486.763225381117
 30
0.0
 11
-443.6180262274574
 21
-4482.013225381117
 31
0.0
1001
AcDbBlockRepETag
1070
     1
1071
     3643
1005
2E0
  0
LINE
  5
2E1
330
2A1
100
AcDbEntity
  8
MONTANTE
100
AcDbLine
 10
-588.6180262274574
 20
-4482.013225381117
 30
0.0
 11
-588.6180262274574
 21
-4486.763225381117
 31
0.0
1001
AcDbBlockRepETag
1070
     1
1071
     3644
1005
2E1
  0
LINE
  5
2E2
330
2A1
100
AcDbEntity
  8
MONTANTE
100
AcDbLine
 10
-443.6180262274574
 20
-4486.763225381117
 30
0.0
 11
-443.6180262274574
 21
-4482.013225381117
 31
0.0
1001
AcDbBlockRepETag
1070
     1
1071
     3645
1005
2E2
  0
LINE
  5
2E3
330
2A1
100
AcDbEntity
  8
MONTANTE
100
AcDbLine
 10
-588.6180262274574
 20
-4482.013225381117
 30
0.0
 11
-588.6180262274574
 21
-4486.763225381117
 31
0.0
1001
AcDbBlockRepETag
1070
     1
1071
     3646
1005
2E3
  0
LINE
  5
2E4
330
2A1
100
AcDbEntity
  8
MONTANTE
100
AcDbLine
 10
-443.6180262274574
 20
-4486.763225381117
 30
0.0
 11
-443.6180262274574
 21
-4482.013225381117
 31
0.0
1001
AcDbBlockRepETag
1070
     1
1071
     3647
1005
2E4
  0
LINE
  5
2E5
330
2A1
100
AcDbEntity
  8
MONTANTE
100
AcDbLine
 10
-588.6180262274574
 20
-4482.013225381117
 30
0.0
 11
-588.6180262274574
 21
-4486.763225381117
 31
0.0
1001
AcDbBlockRepETag
1070
     1
1071
     3648
1005
2E5
  0
LINE
  5
2E6
330
2A1
100
AcDbEntity
  8
MONTANTE
100
AcDbLine
 10
-443.6180262274574
 20
-4486.763225381117
 30
0.0
 11
-443.6180262274574
 21
-4482.013225381117
 31
0.0
1001
AcDbBlockRepETag
1070
     1
1071
     3649
1005
2E6
  0
LINE
  5
2E7
330
2A1
100
AcDbEntity
  8
MONTANTE
100
AcDbLine
 10
-588.6180262274574
 20
-4482.013225381117
 30
0.0
 11
-588.6180262274574
 21
-4486.763225381117
 31
0.0
1001
AcDbBlockRepETag
1070
     1
1071
     3650
1005
2E7
  0
LINE
  5
2E8
330
2A1
100
AcDbEntity
  8
MONTANTE
100
AcDbLine
 10
-443.6180262274574
 20
-4486.763225381117
 30
0.0
 11
-443.6180262274574
 21
-4482.013225381117
 31
0.0
1001
AcDbBlockRepETag
1070
     1
1071
     3651
1005
2E8
  0
LINE
  5
2E9
330
2A1
100
AcDbEntity
  8
MONTANTE
100
AcDbLine
 10
-588.6180262274574
 20
-4482.013225381117
 30
0.0
 11
-588.6180262274574
 21
-4486.763225381117
 31
0.0
1001
AcDbBlockRepETag
1070
     1
1071
     3652
1005
2E9
  0
LINE
  5
2EA
330
2A1
100
AcDbEntity
  8
MONTANTE
100
AcDbLine
 10
-443.6180262274574
 20
-4486.763225381117
 30
0.0
 11
-443.6180262274574
 21
-4482.013225381117
 31
0.0
1001
AcDbBlockRepETag
1070
     1
1071
     3653
1005
2EA
  0
LINE
  5
2EB
330
2A1
100
AcDbEntity
  8
MONTANTE
100
AcDbLine
 10
-588.6180262274574
 20
-4482.013225381117
 30
0.0
 11
-588.6180262274574
 21
-4486.763225381117
 31
0.0
1001
AcDbBlockRepETag
1070
     1
1071
     3654
1005
2EB
  0
LINE
  5
2EC
330
2A1
100
AcDbEntity
  8
MONTANTE
100
AcDbLine
 10
-443.6180262274574
 20
-4486.763225381117
 30
0.0
 11
-443.6180262274574
 21
-4482.013225381117
 31
0.0
1001
AcDbBlockRepETag
1070
     1
1071
     3655
1005
2EC
  0
LINE
  5
2ED
330
2A1
100
AcDbEntity
  8
MONTANTE
100
AcDbLine
 10
-588.6180262274574
 20
-4482.013225381117
 30
0.0
 11
-588.6180262274574
 21
-4486.763225381117
 31
0.0
1001
AcDbBlockRepETag
1070
     1
1071
     3656
1005
2ED
  0
LINE
  5
2EE
330
2A1
100
AcDbEntity
  8
MONTANTE
100
AcDbLine
 10
-443.6180262274574
 20
-4486.763225381117
 30
0.0
 11
-443.6180262274574
 21
-4482.013225381117
 31
0.0
1001
AcDbBlockRepETag
1070
     1
1071
     3657
1005
2EE
  0
LINE
  5
2EF
330
2A1
100
AcDbEntity
  8
MONTANTE
100
AcDbLine
 10
-588.6180262274574
 20
-4482.013225381117
 30
0.0
 11
-588.6180262274574
 21
-4486.763225381117
 31
0.0
1001
AcDbBlockRepETag
1070
     1
1071
     3658
1005
2EF
  0
LINE
  5
2F0
330
2A1
100
AcDbEntity
  8
MONTANTE
100
AcDbLine
 10
-443.6180262274574
 20
-4486.763225381117
 30
0.0
 11
-443.6180262274574
 21
-4482.013225381117
 31
0.0
1001
AcDbBlockRepETag
1070
     1
1071
     3659
1005
2F0
  0
LINE
  5
2F1
330
2A1
100
AcDbEntity
  8
MONTANTE
100
AcDbLine
 10
-588.6180262274574
 20
-4482.013225381117
 30
0.0
 11
-588.6180262274574
 21
-4486.763225381117
 31
0.0
1001
AcDbBlockRepETag
1070
     1
1071
     3660
1005
2F1
  0
LINE
  5
2F2
330
2A1
100
AcDbEntity
  8
MONTANTE
100
AcDbLine
 10
-443.6180262274574
 20
-4486.763225381117
 30
0.0
 11
-443.6180262274574
 21
-4482.013225381117
 31
0.0
1001
AcDbBlockRepETag
1070
     1
1071
     3661
1005
2F2
  0
LINE
  5
2F3
330
2A1
100
AcDbEntity
  8
MONTANTE
100
AcDbLine
 10
-588.6180262274574
 20
-4482.013225381117
 30
0.0
 11
-588.6180262274574
 21
-4486.763225381117
 31
0.0
1001
AcDbBlockRepETag
1070
     1
1071
     3662
1005
2F3
  0
LINE
  5
2F4
330
2A1
100
AcDbEntity
  8
MONTANTE
100
AcDbLine
 10
-443.6180262274574
 20
-4486.763225381117
 30
0.0
 11
-443.6180262274574
 21
-4482.013225381117
 31
0.0
1001
AcDbBlockRepETag
1070
     1
1071
     3663
1005
2F4
  0
LINE
  5
2F5
330
2A1
100
AcDbEntity
  8
MONTANTE
100
AcDbLine
 10
-588.6180262274574
 20
-4482.013225381117
 30
0.0
 11
-588.6180262274574
 21
-4486.763225381117
 31
0.0
1001
AcDbBlockRepETag
1070
     1
1071
     3664
1005
2F5
  0
LINE
  5
2F6
330
2A1
100
AcDbEntity
  8
MONTANTE
100
AcDbLine
 10
-443.6180262274574
 20
-4486.763225381117
 30
0.0
 11
-443.6180262274574
 21
-4482.013225381117
 31
0.0
1001
AcDbBlockRepETag
1070
     1
1071
     3665
1005
2F6
  0
LINE
  5
2F7
330
2A1
100
AcDbEntity
  8
MONTANTE
100
AcDbLine
 10
-588.6180262274574
 20
-4482.013225381117
 30
0.0
 11
-588.6180262274574
 21
-4486.763225381117
 31
0.0
1001
AcDbBlockRepETag
1070
     1
1071
     3666
1005
2F7
  0
LINE
  5
2F8
330
2A1
100
AcDbEntity
  8
MONTANTE
100
AcDbLine
 10
-443.6180262274574
 20
-4486.763225381117
 30
0.0
 11
-443.6180262274574
 21
-4482.013225381117
 31
0.0
1001
AcDbBlockRepETag
1070
     1
1071
     3667
1005
2F8
  0
LINE
  5
2F9
330
2A1
100
AcDbEntity
  8
MONTANTE
100
AcDbLine
 10
-588.6180262274574
 20
-4482.013225381117
 30
0.0
 11
-588.6180262274574
 21
-4486.763225381117
 31
0.0
1001
AcDbBlockRepETag
1070
     1
1071
     3668
1005
2F9
  0
LINE
  5
2FA
330
2A1
100
AcDbEntity
  8
MONTANTE
100
AcDbLine
 10
-443.6180262274574
 20
-4486.763225381117
 30
0.0
 11
-443.6180262274574
 21
-4482.013225381117
 31
0.0
1001
AcDbBlockRepETag
1070
     1
1071
     3669
1005
2FA
  0
LINE
  5
2FB
330
2A1
100
AcDbEntity
  8
MONTANTE
100
AcDbLine
 10
-588.6180262274574
 20
-4482.013225381117
 30
0.0
 11
-588.6180262274574
 21
-4486.763225381117
 31
0.0
1001
AcDbBlockRepETag
1070
     1
1071
     3670
1005
2FB
  0
LINE
  5
2FC
330
2A1
100
AcDbEntity
  8
MONTANTE
100
AcDbLine
 10
-443.6180262274574
 20
-4486.763225381117
 30
0.0
 11
-443.6180262274574
 21
-4482.013225381117
 31
0.0
1001
AcDbBlockRepETag
1070
     1
1071
     3671
1005
2FC
  0
LINE
  5
2FD
330
2A1
100
AcDbEntity
  8
MONTANTE
100
AcDbLine
 10
-588.6180262274574
 20
-4482.013225381117
 30
0.0
 11
-588.6180262274574
 21
-4486.763225381117
 31
0.0
1001
AcDbBlockRepETag
1070
     1
1071
     3672
1005
2FD
  0
LINE
  5
2FE
330
2A1
100
AcDbEntity
  8
MONTANTE
100
AcDbLine
 10
-443.6180262274574
 20
-4486.763225381117
 30
0.0
 11
-443.6180262274574
 21
-4482.013225381117
 31
0.0
1001
AcDbBlockRepETag
1070
     1
1071
     3673
1005
2FE
  0
LINE
  5
2FF
330
2A1
100
AcDbEntity
  8
MONTANTE
100
AcDbLine
 10
-588.6180262274574
 20
-4482.013225381117
 30
0.0
 11
-588.6180262274574
 21
-4486.763225381117
 31
0.0
1001
AcDbBlockRepETag
1070
     1
1071
     3674
1005
2FF
  0
LINE
  5
300
330
2A1
100
AcDbEntity
  8
MONTANTE
100
AcDbLine
 10
-443.6180262274574
 20
-4486.763225381117
 30
0.0
 11
-443.6180262274574
 21
-4482.013225381117
 31
0.0
1001
AcDbBlockRepETag
1070
     1
1071
     3675
1005
300
  0
LINE
  5
301
330
2A1
100
AcDbEntity
  8
MONTANTE
100
AcDbLine
 10
-588.6180262274574
 20
-4482.013225381117
 30
0.0
 11
-588.6180262274574
 21
-4486.763225381117
 31
0.0
1001
AcDbBlockRepETag
1070
     1
1071
     3676
1005
301
  0
LINE
  5
302
330
2A1
100
AcDbEntity
  8
MONTANTE
100
AcDbLine
 10
-443.6180262274574
 20
-4486.763225381117
 30
0.0
 11
-443.6180262274574
 21
-4482.013225381117
 31
0.0
1001
AcDbBlockRepETag
1070
     1
1071
     3677
1005
302
  0
LINE
  5
303
330
2A1
100
AcDbEntity
  8
MONTANTE
100
AcDbLine
 10
-588.6180262274574
 20
-4482.013225381117
 30
0.0
 11
-588.6180262274574
 21
-4486.763225381117
 31
0.0
1001
AcDbBlockRepETag
1070
     1
1071
     3678
1005
303
  0
LINE
  5
304
330
2A1
100
AcDbEntity
  8
MONTANTE
100
AcDbLine
 10
-443.6180262274574
 20
-4486.763225381117
 30
0.0
 11
-443.6180262274574
 21
-4482.013225381117
 31
0.0
1001
AcDbBlockRepETag
1070
     1
1071
     3679
1005
304
  0
LINE
  5
305
330
2A1
100
AcDbEntity
  8
MONTANTE
100
AcDbLine
 10
-588.6180262274574
 20
-4482.013225381117
 30
0.0
 11
-588.6180262274574
 21
-4486.763225381117
 31
0.0
1001
AcDbBlockRepETag
1070
     1
1071
     3680
1005
305
  0
LINE
  5
306
330
2A1
100
AcDbEntity
  8
MONTANTE
100
AcDbLine
 10
-443.6180262274574
 20
-4486.763225381117
 30
0.0
 11
-443.6180262274574
 21
-4482.013225381117
 31
0.0
1001
AcDbBlockRepETag
1070
     1
1071
     3681
1005
306
  0
LINE
  5
307
330
2A1
100
AcDbEntity
  8
MONTANTE
100
AcDbLine
 10
-588.6180262274574
 20
-4482.013225381117
 30
0.0
 11
-588.6180262274574
 21
-4486.763225381117
 31
0.0
1001
AcDbBlockRepETag
1070
     1
1071
     3682
1005
307
  0
LINE
  5
308
330
2A1
100
AcDbEntity
  8
MONTANTE
100
AcDbLine
 10
-443.6180262274574
 20
-4486.763225381117
 30
0.0
 11
-443.6180262274574
 21
-4482.013225381117
 31
0.0
1001
AcDbBlockRepETag
1070
     1
1071
     3683
1005
308
  0
LINE
  5
309
330
2A1
100
AcDbEntity
  8
MONTANTE
100
AcDbLine
 10
-588.6180262274574
 20
-4482.013225381117
 30
0.0
 11
-588.6180262274574
 21
-4486.763225381117
 31
0.0
1001
AcDbBlockRepETag
1070
     1
1071
     3684
1005
309
  0
LINE
  5
30A
330
2A1
100
AcDbEntity
  8
MONTANTE
100
AcDbLine
 10
-443.6180262274574
 20
-4486.763225381117
 30
0.0
 11
-443.6180262274574
 21
-4482.013225381117
 31
0.0
1001
AcDbBlockRepETag
1070
     1
1071
     3685
1005
30A
  0
LINE
  5
30B
330
2A1
100
AcDbEntity
  8
MONTANTE
100
AcDbLine
 10
-588.6180262274574
 20
-4482.013225381117
 30
0.0
 11
-588.6180262274574
 21
-4486.763225381117
 31
0.0
1001
AcDbBlockRepETag
1070
     1
1071
     3686
1005
30B
  0
LINE
  5
30C
330
2A1
100
AcDbEntity
  8
MONTANTE
100
AcDbLine
 10
-443.6180262274574
 20
-4486.763225381117
 30
0.0
 11
-443.6180262274574
 21
-4482.013225381117
 31
0.0
1001
AcDbBlockRepETag
1070
     1
1071
     3687
1005
30C
  0
LINE
  5
30D
330
2A1
100
AcDbEntity
  8
MONTANTE
100
AcDbLine
 10
-588.6180262274574
 20
-4482.013225381117
 30
0.0
 11
-588.6180262274574
 21
-4486.763225381117
 31
0.0
1001
AcDbBlockRepETag
1070
     1
1071
     3688
1005
30D
  0
LINE
  5
30E
330
2A1
100
AcDbEntity
  8
MONTANTE
100
AcDbLine
 10
-443.6180262274574
 20
-4486.763225381117
 30
0.0
 11
-443.6180262274574
 21
-4482.013225381117
 31
0.0
1001
AcDbBlockRepETag
1070
     1
1071
     3689
1005
30E
  0
LINE
  5
30F
330
2A1
100
AcDbEntity
  8
MONTANTE
100
AcDbLine
 10
-588.6180262274574
 20
-4482.013225381117
 30
0.0
 11
-588.6180262274574
 21
-4486.763225381117
 31
0.0
1001
AcDbBlockRepETag
1070
     1
1071
     3690
1005
30F
  0
LINE
  5
310
330
2A1
100
AcDbEntity
  8
MONTANTE
100
AcDbLine
 10
-443.6180262274574
 20
-4486.763225381117
 30
0.0
 11
-443.6180262274574
 21
-4482.013225381117
 31
0.0
1001
AcDbBlockRepETag
1070
     1
1071
     3691
1005
310
  0
LINE
  5
311
330
2A1
100
AcDbEntity
  8
MONTANTE
100
AcDbLine
 10
-588.6180262274574
 20
-4482.013225381117
 30
0.0
 11
-588.6180262274574
 21
-4486.763225381117
 31
0.0
1001
AcDbBlockRepETag
1070
     1
1071
     3692
1005
311
  0
LINE
  5
312
330
2A1
100
AcDbEntity
  8
MONTANTE
100
AcDbLine
 10
-443.6180262274574
 20
-4486.763225381117
 30
0.0
 11
-443.6180262274574
 21
-4482.013225381117
 31
0.0
1001
AcDbBlockRepETag
1070
     1
1071
     3693
1005
312
  0
LINE
  5
313
330
2A1
100
AcDbEntity
  8
MONTANTE
100
AcDbLine
 10
-588.6180262274574
 20
-4482.013225381117
 30
0.0
 11
-588.6180262274574
 21
-4486.763225381117
 31
0.0
1001
AcDbBlockRepETag
1070
     1
1071
     3694
1005
313
  0
LINE
  5
314
330
2A1
100
AcDbEntity
  8
MONTANTE
100
AcDbLine
 10
-443.6180262274574
 20
-4486.763225381117
 30
0.0
 11
-443.6180262274574
 21
-4482.013225381117
 31
0.0
1001
AcDbBlockRepETag
1070
     1
1071
     3695
1005
314
  0
LINE
  5
315
330
2A1
100
AcDbEntity
  8
MONTANTE
100
AcDbLine
 10
-588.6180262274574
 20
-4482.013225381117
 30
0.0
 11
-588.6180262274574
 21
-4486.763225381117
 31
0.0
1001
AcDbBlockRepETag
1070
     1
1071
     3696
1005
315
  0
LINE
  5
316
330
2A1
100
AcDbEntity
  8
MONTANTE
100
AcDbLine
 10
-443.6180262274574
 20
-4486.763225381117
 30
0.0
 11
-443.6180262274574
 21
-4482.013225381117
 31
0.0
1001
AcDbBlockRepETag
1070
     1
1071
     3697
1005
316
  0
LINE
  5
317
330
2A1
100
AcDbEntity
  8
MONTANTE
100
AcDbLine
 10
-588.6180262274574
 20
-4482.013225381117
 30
0.0
 11
-588.6180262274574
 21
-4486.763225381117
 31
0.0
1001
AcDbBlockRepETag
1070
     1
1071
     3698
1005
317
  0
LINE
  5
318
330
2A1
100
AcDbEntity
  8
MONTANTE
100
AcDbLine
 10
-443.6180262274574
 20
-4486.763225381117
 30
0.0
 11
-443.6180262274574
 21
-4482.013225381117
 31
0.0
1001
AcDbBlockRepETag
1070
     1
1071
     3699
1005
318
  0
LINE
  5
319
330
2A1
100
AcDbEntity
  8
MONTANTE
100
AcDbLine
 10
-588.6180262274574
 20
-4482.013225381117
 30
0.0
 11
-588.6180262274574
 21
-4486.763225381117
 31
0.0
1001
AcDbBlockRepETag
1070
     1
1071
     3700
1005
319
  0
LINE
  5
31A
330
2A1
100
AcDbEntity
  8
MONTANTE
100
AcDbLine
 10
-443.6180262274574
 20
-4486.763225381117
 30
0.0
 11
-443.6180262274574
 21
-4482.013225381117
 31
0.0
1001
AcDbBlockRepETag
1070
     1
1071
     3701
1005
31A
  0
LINE
  5
31B
330
2A1
100
AcDbEntity
  8
MONTANTE
100
AcDbLine
 10
-588.6180262274574
 20
-4482.013225381117
 30
0.0
 11
-588.6180262274574
 21
-4486.763225381117
 31
0.0
1001
AcDbBlockRepETag
1070
     1
1071
     3702
1005
31B
  0
LINE
  5
31C
330
2A1
100
AcDbEntity
  8
MONTANTE
100
AcDbLine
 10
-443.6180262274574
 20
-4486.763225381117
 30
0.0
 11
-443.6180262274574
 21
-4482.013225381117
 31
0.0
1001
AcDbBlockRepETag
1070
     1
1071
     3703
1005
31C
  0
LINE
  5
31D
330
2A1
100
AcDbEntity
  8
MONTANTE
100
AcDbLine
 10
-588.6180262274574
 20
-4482.013225381117
 30
0.0
 11
-588.6180262274574
 21
-4486.763225381117
 31
0.0
1001
AcDbBlockRepETag
1070
     1
1071
     3704
1005
31D
  0
LINE
  5
31E
330
2A1
100
AcDbEntity
  8
MONTANTE
100
AcDbLine
 10
-443.6180262274574
 20
-4486.763225381117
 30
0.0
 11
-443.6180262274574
 21
-4482.013225381117
 31
0.0
1001
AcDbBlockRepETag
1070
     1
1071
     3705
1005
31E
  0
LINE
  5
31F
330
2A1
100
AcDbEntity
  8
MONTANTE
100
AcDbLine
 10
-588.6180262274574
 20
-4482.013225381117
 30
0.0
 11
-588.6180262274574
 21
-4486.763225381117
 31
0.0
1001
AcDbBlockRepETag
1070
     1
1071
     3706
1005
31F
  0
LINE
  5
320
330
2A1
100
AcDbEntity
  8
MONTANTE
100
AcDbLine
 10
-443.6180262274574
 20
-4486.763225381117
 30
0.0
 11
-443.6180262274574
 21
-4482.013225381117
 31
0.0
1001
AcDbBlockRepETag
1070
     1
1071
     3707
1005
320
  0
LINE
  5
321
330
2A1
100
AcDbEntity
  8
MONTANTE
100
AcDbLine
 10
-588.6180262274574
 20
-4482.013225381117
 30
0.0
 11
-588.6180262274574
 21
-4486.763225381117
 31
0.0
1001
AcDbBlockRepETag
1070
     1
1071
     3708
1005
321
  0
LINE
  5
322
330
2A1
100
AcDbEntity
  8
MONTANTE
100
AcDbLine
 10
-443.6180262274574
 20
-4486.763225381117
 30
0.0
 11
-443.6180262274574
 21
-4482.013225381117
 31
0.0
1001
AcDbBlockRepETag
1070
     1
1071
     3709
1005
322
  0
LINE
  5
323
330
2A1
100
AcDbEntity
  8
MONTANTE
100
AcDbLine
 10
-588.6180262274574
 20
-4482.013225381117
 30
0.0
 11
-588.6180262274574
 21
-4486.763225381117
 31
0.0
1001
AcDbBlockRepETag
1070
     1
1071
     3710
1005
323
  0
LINE
  5
324
330
2A1
100
AcDbEntity
  8
MONTANTE
100
AcDbLine
 10
-443.6180262274574
 20
-4486.763225381117
 30
0.0
 11
-443.6180262274574
 21
-4482.013225381117
 31
0.0
1001
AcDbBlockRepETag
1070
     1
1071
     3711
1005
324
  0
LINE
  5
325
330
2A1
100
AcDbEntity
  8
MONTANTE
100
AcDbLine
 10
-588.6180262274574
 20
-4482.013225381117
 30
0.0
 11
-588.6180262274574
 21
-4486.763225381117
 31
0.0
1001
AcDbBlockRepETag
1070
     1
1071
     3712
1005
325
  0
LINE
  5
326
330
2A1
100
AcDbEntity
  8
MONTANTE
100
AcDbLine
 10
-443.6180262274574
 20
-4486.763225381117
 30
0.0
 11
-443.6180262274574
 21
-4482.013225381117
 31
0.0
1001
AcDbBlockRepETag
1070
     1
1071
     3713
1005
326
  0
LINE
  5
327
330
2A1
100
AcDbEntity
  8
MONTANTE
100
AcDbLine
 10
-588.6180262274574
 20
-4482.013225381117
 30
0.0
 11
-588.6180262274574
 21
-4486.763225381117
 31
0.0
1001
AcDbBlockRepETag
1070
     1
1071
     3714
1005
327
  0
LINE
  5
328
330
2A1
100
AcDbEntity
  8
MONTANTE
100
AcDbLine
 10
-443.6180262274574
 20
-4486.763225381117
 30
0.0
 11
-443.6180262274574
 21
-4482.013225381117
 31
0.0
1001
AcDbBlockRepETag
1070
     1
1071
     3715
1005
328
  0
LINE
  5
329
330
2A1
100
AcDbEntity
  8
MONTANTE
100
AcDbLine
 10
-588.6180262274574
 20
-4482.013225381117
 30
0.0
 11
-588.6180262274574
 21
-4486.763225381117
 31
0.0
1001
AcDbBlockRepETag
1070
     1
1071
     3716
1005
329
  0
LINE
  5
32A
330
2A1
100
AcDbEntity
  8
MONTANTE
100
AcDbLine
 10
-443.6180262274574
 20
-4486.763225381117
 30
0.0
 11
-443.6180262274574
 21
-4482.013225381117
 31
0.0
1001
AcDbBlockRepETag
1070
     1
1071
     3717
1005
32A
  0
LINE
  5
32B
330
2A1
100
AcDbEntity
  8
MONTANTE
100
AcDbLine
 10
-588.6180262274574
 20
-4482.013225381117
 30
0.0
 11
-588.6180262274574
 21
-4486.763225381117
 31
0.0
1001
AcDbBlockRepETag
1070
     1
1071
     3718
1005
32B
  0
LINE
  5
32C
330
2A1
100
AcDbEntity
  8
MONTANTE
100
AcDbLine
 10
-443.6180262274574
 20
-4486.763225381117
 30
0.0
 11
-443.6180262274574
 21
-4482.013225381117
 31
0.0
1001
AcDbBlockRepETag
1070
     1
1071
     3719
1005
32C
  0
LINE
  5
32D
330
2A1
100
AcDbEntity
  8
MONTANTE
100
AcDbLine
 10
-588.6180262274574
 20
-4482.013225381117
 30
0.0
 11
-588.6180262274574
 21
-4486.763225381117
 31
0.0
1001
AcDbBlockRepETag
1070
     1
1071
     3720
1005
32D
  0
LINE
  5
32E
330
2A1
100
AcDbEntity
  8
MONTANTE
100
AcDbLine
 10
-443.6180262274574
 20
-4486.763225381117
 30
0.0
 11
-443.6180262274574
 21
-4482.013225381117
 31
0.0
1001
AcDbBlockRepETag
1070
     1
1071
     3721
1005
32E
  0
LINE
  5
32F
330
2A1
100
AcDbEntity
  8
MONTANTE
100
AcDbLine
 10
-588.6180262274574
 20
-4482.013225381117
 30
0.0
 11
-588.6180262274574
 21
-4486.763225381117
 31
0.0
1001
AcDbBlockRepETag
1070
     1
1071
     3722
1005
32F
  0
LINE
  5
330
330
2A1
100
AcDbEntity
  8
MONTANTE
100
AcDbLine
 10
-443.6180262274574
 20
-4486.763225381117
 30
0.0
 11
-443.6180262274574
 21
-4482.013225381117
 31
0.0
1001
AcDbBlockRepETag
1070
     1
1071
     3723
1005
330
  0
LINE
  5
331
330
2A1
100
AcDbEntity
  8
MONTANTE
100
AcDbLine
 10
-588.6180262274574
 20
-4482.013225381117
 30
0.0
 11
-588.6180262274574
 21
-4486.763225381117
 31
0.0
1001
AcDbBlockRepETag
1070
     1
1071
     3724
1005
331
  0
LINE
  5
332
330
2A1
100
AcDbEntity
  8
MONTANTE
100
AcDbLine
 10
-443.6180262274574
 20
-4486.763225381117
 30
0.0
 11
-443.6180262274574
 21
-4482.013225381117
 31
0.0
1001
AcDbBlockRepETag
1070
     1
1071
     3725
1005
332
  0
LINE
  5
333
330
2A1
100
AcDbEntity
  8
MONTANTE
100
AcDbLine
 10
-588.6180262274574
 20
-4482.013225381117
 30
0.0
 11
-588.6180262274574
 21
-4486.763225381117
 31
0.0
1001
AcDbBlockRepETag
1070
     1
1071
     3726
1005
333
  0
LINE
  5
334
330
2A1
100
AcDbEntity
  8
MONTANTE
100
AcDbLine
 10
-443.6180262274574
 20
-4486.763225381117
 30
0.0
 11
-443.6180262274574
 21
-4482.013225381117
 31
0.0
1001
AcDbBlockRepETag
1070
     1
1071
     3727
1005
334
  0
LINE
  5
335
330
2A1
100
AcDbEntity
  8
MONTANTE
100
AcDbLine
 10
-588.6180262274574
 20
-4482.013225381117
 30
0.0
 11
-588.6180262274574
 21
-4486.763225381117
 31
0.0
1001
AcDbBlockRepETag
1070
     1
1071
     3728
1005
335
  0
LINE
  5
336
330
2A1
100
AcDbEntity
  8
MONTANTE
100
AcDbLine
 10
-443.6180262274574
 20
-4486.763225381117
 30
0.0
 11
-443.6180262274574
 21
-4482.013225381117
 31
0.0
1001
AcDbBlockRepETag
1070
     1
1071
     3729
1005
336
  0
LINE
  5
337
330
2A1
100
AcDbEntity
  8
MONTANTE
100
AcDbLine
 10
-588.6180262274574
 20
-4482.013225381117
 30
0.0
 11
-588.6180262274574
 21
-4486.763225381117
 31
0.0
1001
AcDbBlockRepETag
1070
     1
1071
     3730
1005
337
  0
LINE
  5
338
330
2A1
100
AcDbEntity
  8
MONTANTE
100
AcDbLine
 10
-443.6180262274574
 20
-4486.763225381117
 30
0.0
 11
-443.6180262274574
 21
-4482.013225381117
 31
0.0
1001
AcDbBlockRepETag
1070
     1
1071
     3731
1005
338
  0
LINE
  5
339
330
2A1
100
AcDbEntity
  8
MONTANTE
100
AcDbLine
 10
-588.6180262274574
 20
-4482.013225381117
 30
0.0
 11
-588.6180262274574
 21
-4486.763225381117
 31
0.0
1001
AcDbBlockRepETag
1070
     1
1071
     3732
1005
339
  0
LINE
  5
33A
330
2A1
100
AcDbEntity
  8
MONTANTE
100
AcDbLine
 10
-443.6180262274574
 20
-4486.763225381117
 30
0.0
 11
-443.6180262274574
 21
-4482.013225381117
 31
0.0
1001
AcDbBlockRepETag
1070
     1
1071
     3733
1005
33A
  0
LINE
  5
33B
330
2A1
100
AcDbEntity
  8
MONTANTE
100
AcDbLine
 10
-588.6180262274574
 20
-4482.013225381117
 30
0.0
 11
-588.6180262274574
 21
-4486.763225381117
 31
0.0
1001
AcDbBlockRepETag
1070
     1
1071
     3734
1005
33B
  0
LINE
  5
33C
330
2A1
100
AcDbEntity
  8
MONTANTE
100
AcDbLine
 10
-443.6180262274574
 20
-4486.763225381117
 30
0.0
 11
-443.6180262274574
 21
-4482.013225381117
 31
0.0
1001
AcDbBlockRepETag
1070
     1
1071
     3735
1005
33C
  0
LINE
  5
33D
330
2A1
100
AcDbEntity
  8
MONTANTE
100
AcDbLine
 10
-588.6180262274574
 20
-4482.013225381117
 30
0.0
 11
-588.6180262274574
 21
-4486.763225381117
 31
0.0
1001
AcDbBlockRepETag
1070
     1
1071
     3736
1005
33D
  0
LINE
  5
33E
330
2A1
100
AcDbEntity
  8
MONTANTE
100
AcDbLine
 10
-443.6180262274574
 20
-4486.763225381117
 30
0.0
 11
-443.6180262274574
 21
-4482.013225381117
 31
0.0
1001
AcDbBlockRepETag
1070
     1
1071
     3737
1005
33E
  0
LINE
  5
33F
330
2A1
100
AcDbEntity
  8
MONTANTE
100
AcDbLine
 10
-588.6180262274574
 20
-4482.013225381117
 30
0.0
 11
-588.6180262274574
 21
-4486.763225381117
 31
0.0
1001
AcDbBlockRepETag
1070
     1
1071
     3738
1005
33F
  0
LINE
  5
340
330
2A1
100
AcDbEntity
  8
MONTANTE
100
AcDbLine
 10
-443.6180262274574
 20
-4486.763225381117
 30
0.0
 11
-443.6180262274574
 21
-4482.013225381117
 31
0.0
1001
AcDbBlockRepETag
1070
     1
1071
     3739
1005
340
  0
LINE
  5
341
330
2A1
100
AcDbEntity
  8
MONTANTE
100
AcDbLine
 10
-588.6180262274574
 20
-4482.013225381117
 30
0.0
 11
-588.6180262274574
 21
-4486.763225381117
 31
0.0
1001
AcDbBlockRepETag
1070
     1
1071
     3740
1005
341
  0
LINE
  5
342
330
2A1
100
AcDbEntity
  8
MONTANTE
100
AcDbLine
 10
-443.6180262274574
 20
-4486.763225381117
 30
0.0
 11
-443.6180262274574
 21
-4482.013225381117
 31
0.0
1001
AcDbBlockRepETag
1070
     1
1071
     3741
1005
342
  0
LINE
  5
343
330
2A1
100
AcDbEntity
  8
MONTANTE
100
AcDbLine
 10
-588.6180262274574
 20
-4482.013225381117
 30
0.0
 11
-588.6180262274574
 21
-4486.763225381117
 31
0.0
1001
AcDbBlockRepETag
1070
     1
1071
     3742
1005
343
  0
LINE
  5
344
330
2A1
100
AcDbEntity
  8
MONTANTE
100
AcDbLine
 10
-443.6180262274574
 20
-4486.763225381117
 30
0.0
 11
-443.6180262274574
 21
-4482.013225381117
 31
0.0
1001
AcDbBlockRepETag
1070
     1
1071
     3743
1005
344
  0
LINE
  5
345
330
2A1
100
AcDbEntity
  8
MONTANTE
100
AcDbLine
 10
-588.6180262274574
 20
-4482.013225381117
 30
0.0
 11
-588.6180262274574
 21
-4486.763225381117
 31
0.0
1001
AcDbBlockRepETag
1070
     1
1071
     3744
1005
345
  0
LINE
  5
346
330
2A1
100
AcDbEntity
  8
MONTANTE
100
AcDbLine
 10
-443.6180262274574
 20
-4486.763225381117
 30
0.0
 11
-443.6180262274574
 21
-4482.013225381117
 31
0.0
1001
AcDbBlockRepETag
1070
     1
1071
     3745
1005
346
  0
LINE
  5
347
330
2A1
100
AcDbEntity
  8
MONTANTE
100
AcDbLine
 10
-588.6180262274574
 20
-4482.013225381117
 30
0.0
 11
-588.6180262274574
 21
-4486.763225381117
 31
0.0
1001
AcDbBlockRepETag
1070
     1
1071
     3746
1005
347
  0
LINE
  5
348
330
2A1
100
AcDbEntity
  8
MONTANTE
100
AcDbLine
 10
-443.6180262274574
 20
-4486.763225381117
 30
0.0
 11
-443.6180262274574
 21
-4482.013225381117
 31
0.0
1001
AcDbBlockRepETag
1070
     1
1071
     3747
1005
348
  0
LINE
  5
349
330
2A1
100
AcDbEntity
  8
MONTANTE
100
AcDbLine
 10
-588.6180262274574
 20
-4482.013225381117
 30
0.0
 11
-588.6180262274574
 21
-4486.763225381117
 31
0.0
1001
AcDbBlockRepETag
1070
     1
1071
     3748
1005
349
  0
LINE
  5
34A
330
2A1
100
AcDbEntity
  8
MONTANTE
100
AcDbLine
 10
-443.6180262274574
 20
-4486.763225381117
 30
0.0
 11
-443.6180262274574
 21
-4482.013225381117
 31
0.0
1001
AcDbBlockRepETag
1070
     1
1071
     3749
1005
34A
  0
LINE
  5
34B
330
2A1
100
AcDbEntity
  8
MONTANTE
100
AcDbLine
 10
-588.6180262274574
 20
-4482.013225381117
 30
0.0
 11
-588.6180262274574
 21
-4486.763225381117
 31
0.0
1001
AcDbBlockRepETag
1070
     1
1071
     3750
1005
34B
  0
LINE
  5
34C
330
2A1
100
AcDbEntity
  8
MONTANTE
100
AcDbLine
 10
-443.6180262274574
 20
-4486.763225381117
 30
0.0
 11
-443.6180262274574
 21
-4482.013225381117
 31
0.0
1001
AcDbBlockRepETag
1070
     1
1071
     3751
1005
34C
  0
LINE
  5
34D
330
2A1
100
AcDbEntity
  8
MONTANTE
100
AcDbLine
 10
-588.6180262274574
 20
-4482.013225381117
 30
0.0
 11
-588.6180262274574
 21
-4486.763225381117
 31
0.0
1001
AcDbBlockRepETag
1070
     1
1071
     3752
1005
34D
  0
LINE
  5
34E
330
2A1
100
AcDbEntity
  8
MONTANTE
100
AcDbLine
 10
-443.6180262274574
 20
-4486.763225381117
 30
0.0
 11
-443.6180262274574
 21
-4482.013225381117
 31
0.0
1001
AcDbBlockRepETag
1070
     1
1071
     3753
1005
34E
  0
LINE
  5
34F
330
2A1
100
AcDbEntity
  8
MONTANTE
100
AcDbLine
 10
-588.6180262274574
 20
-4482.013225381117
 30
0.0
 11
-588.6180262274574
 21
-4486.763225381117
 31
0.0
1001
AcDbBlockRepETag
1070
     1
1071
     3754
1005
34F
  0
LINE
  5
350
330
2A1
100
AcDbEntity
  8
MONTANTE
100
AcDbLine
 10
-443.6180262274574
 20
-4486.763225381117
 30
0.0
 11
-443.6180262274574
 21
-4482.013225381117
 31
0.0
1001
AcDbBlockRepETag
1070
     1
1071
     3755
1005
350
  0
LINE
  5
351
330
2A1
100
AcDbEntity
  8
MONTANTE
100
AcDbLine
 10
-588.6180262274574
 20
-4482.013225381117
 30
0.0
 11
-588.6180262274574
 21
-4486.763225381117
 31
0.0
1001
AcDbBlockRepETag
1070
     1
1071
     3756
1005
351
  0
LINE
  5
352
330
2A1
100
AcDbEntity
  8
MONTANTE
100
AcDbLine
 10
-443.6180262274574
 20
-4486.763225381117
 30
0.0
 11
-443.6180262274574
 21
-4482.013225381117
 31
0.0
1001
AcDbBlockRepETag
1070
     1
1071
     3757
1005
352
  0
LINE
  5
353
330
2A1
100
AcDbEntity
  8
MONTANTE
100
AcDbLine
 10
-588.6180262274574
 20
-4482.013225381117
 30
0.0
 11
-588.6180262274574
 21
-4486.763225381117
 31
0.0
1001
AcDbBlockRepETag
1070
     1
1071
     3758
1005
353
  0
LINE
  5
354
330
2A1
100
AcDbEntity
  8
MONTANTE
100
AcDbLine
 10
-443.6180262274574
 20
-4486.763225381117
 30
0.0
 11
-443.6180262274574
 21
-4482.013225381117
 31
0.0
1001
AcDbBlockRepETag
1070
     1
1071
     3759
1005
354
  0
LINE
  5
355
330
2A1
100
AcDbEntity
  8
MONTANTE
100
AcDbLine
 10
-588.6180262274574
 20
-4482.013225381117
 30
0.0
 11
-588.6180262274574
 21
-4486.763225381117
 31
0.0
1001
AcDbBlockRepETag
1070
     1
1071
     3760
1005
355
  0
LINE
  5
356
330
2A1
100
AcDbEntity
  8
MONTANTE
100
AcDbLine
 10
-443.6180262274574
 20
-4486.763225381117
 30
0.0
 11
-443.6180262274574
 21
-4482.013225381117
 31
0.0
1001
AcDbBlockRepETag
1070
     1
1071
     3761
1005
356
  0
LINE
  5
357
330
2A1
100
AcDbEntity
  8
MONTANTE
100
AcDbLine
 10
-588.6180262274574
 20
-4482.013225381117
 30
0.0
 11
-588.6180262274574
 21
-4486.763225381117
 31
0.0
1001
AcDbBlockRepETag
1070
     1
1071
     3762
1005
357
  0
LINE
  5
358
330
2A1
100
AcDbEntity
  8
MONTANTE
100
AcDbLine
 10
-443.6180262274574
 20
-4486.763225381117
 30
0.0
 11
-443.6180262274574
 21
-4482.013225381117
 31
0.0
1001
AcDbBlockRepETag
1070
     1
1071
     3763
1005
358
  0
LINE
  5
359
330
2A1
100
AcDbEntity
  8
MONTANTE
100
AcDbLine
 10
-588.6180262274574
 20
-4482.013225381117
 30
0.0
 11
-588.6180262274574
 21
-4486.763225381117
 31
0.0
1001
AcDbBlockRepETag
1070
     1
1071
     3764
1005
359
  0
LINE
  5
35A
330
2A1
100
AcDbEntity
  8
MONTANTE
100
AcDbLine
 10
-443.6180262274574
 20
-4486.763225381117
 30
0.0
 11
-443.6180262274574
 21
-4482.013225381117
 31
0.0
1001
AcDbBlockRepETag
1070
     1
1071
     3765
1005
35A
  0
LINE
  5
35B
330
2A1
100
AcDbEntity
  8
MONTANTE
100
AcDbLine
 10
-588.6180262274574
 20
-4482.013225381117
 30
0.0
 11
-588.6180262274574
 21
-4486.763225381117
 31
0.0
1001
AcDbBlockRepETag
1070
     1
1071
     3766
1005
35B
  0
LINE
  5
35C
330
2A1
100
AcDbEntity
  8
MONTANTE
100
AcDbLine
 10
-443.6180262274574
 20
-4486.763225381117
 30
0.0
 11
-443.6180262274574
 21
-4482.013225381117
 31
0.0
1001
AcDbBlockRepETag
1070
     1
1071
     3767
1005
35C
  0
LINE
  5
35D
330
2A1
100
AcDbEntity
  8
MONTANTE
100
AcDbLine
 10
-588.6180262274574
 20
-4482.013225381117
 30
0.0
 11
-588.6180262274574
 21
-4486.763225381117
 31
0.0
1001
AcDbBlockRepETag
1070
     1
1071
     3768
1005
35D
  0
LINE
  5
35E
330
2A1
100
AcDbEntity
  8
MONTANTE
100
AcDbLine
 10
-443.6180262274574
 20
-4486.763225381117
 30
0.0
 11
-443.6180262274574
 21
-4482.013225381117
 31
0.0
1001
AcDbBlockRepETag
1070
     1
1071
     3769
1005
35E
  0
LINE
  5
35F
330
2A1
100
AcDbEntity
  8
MONTANTE
100
AcDbLine
 10
-588.6180262274574
 20
-4482.013225381117
 30
0.0
 11
-588.6180262274574
 21
-4486.763225381117
 31
0.0
1001
AcDbBlockRepETag
1070
     1
1071
     3770
1005
35F
  0
LINE
  5
360
330
2A1
100
AcDbEntity
  8
MONTANTE
100
AcDbLine
 10
-443.6180262274574
 20
-4486.763225381117
 30
0.0
 11
-443.6180262274574
 21
-4482.013225381117
 31
0.0
1001
AcDbBlockRepETag
1070
     1
1071
     3771
1005
360
  0
LINE
  5
361
330
2A1
100
AcDbEntity
  8
MONTANTE
100
AcDbLine
 10
-588.6180262274574
 20
-4482.013225381117
 30
0.0
 11
-588.6180262274574
 21
-4486.763225381117
 31
0.0
1001
AcDbBlockRepETag
1070
     1
1071
     3772
1005
361
  0
LINE
  5
362
330
2A1
100
AcDbEntity
  8
MONTANTE
100
AcDbLine
 10
-443.6180262274574
 20
-4486.763225381117
 30
0.0
 11
-443.6180262274574
 21
-4482.013225381117
 31
0.0
1001
AcDbBlockRepETag
1070
     1
1071
     3773
1005
362
  0
LINE
  5
363
330
2A1
100
AcDbEntity
  8
MONTANTE
100
AcDbLine
 10
-588.6180262274574
 20
-4482.013225381117
 30
0.0
 11
-588.6180262274574
 21
-4486.763225381117
 31
0.0
1001
AcDbBlockRepETag
1070
     1
1071
     3774
1005
363
  0
LINE
  5
364
330
2A1
100
AcDbEntity
  8
MONTANTE
100
AcDbLine
 10
-443.6180262274574
 20
-4486.763225381117
 30
0.0
 11
-443.6180262274574
 21
-4482.013225381117
 31
0.0
1001
AcDbBlockRepETag
1070
     1
1071
     3775
1005
364
  0
LINE
  5
365
330
2A1
100
AcDbEntity
  8
MONTANTE
100
AcDbLine
 10
-588.6180262274574
 20
-4482.013225381117
 30
0.0
 11
-588.6180262274574
 21
-4486.763225381117
 31
0.0
1001
AcDbBlockRepETag
1070
     1
1071
     3776
1005
365
  0
LINE
  5
366
330
2A1
100
AcDbEntity
  8
MONTANTE
100
AcDbLine
 10
-443.6180262274574
 20
-4486.763225381117
 30
0.0
 11
-443.6180262274574
 21
-4482.013225381117
 31
0.0
1001
AcDbBlockRepETag
1070
     1
1071
     3777
1005
366
  0
LINE
  5
367
330
2A1
100
AcDbEntity
  8
MONTANTE
100
AcDbLine
 10
-588.6180262274574
 20
-4482.013225381117
 30
0.0
 11
-588.6180262274574
 21
-4486.763225381117
 31
0.0
1001
AcDbBlockRepETag
1070
     1
1071
     3778
1005
367
  0
LINE
  5
368
330
2A1
100
AcDbEntity
  8
MONTANTE
100
AcDbLine
 10
-443.6180262274574
 20
-4486.763225381117
 30
0.0
 11
-443.6180262274574
 21
-4482.013225381117
 31
0.0
1001
AcDbBlockRepETag
1070
     1
1071
     3779
1005
368
  0
LINE
  5
369
330
2A1
100
AcDbEntity
  8
MONTANTE
100
AcDbLine
 10
-588.6180262274574
 20
-4482.013225381117
 30
0.0
 11
-588.6180262274574
 21
-4486.763225381117
 31
0.0
1001
AcDbBlockRepETag
1070
     1
1071
     3780
1005
369
  0
LINE
  5
36A
330
2A1
100
AcDbEntity
  8
MONTANTE
100
AcDbLine
 10
-443.6180262274574
 20
-4486.763225381117
 30
0.0
 11
-443.6180262274574
 21
-4482.013225381117
 31
0.0
1001
AcDbBlockRepETag
1070
     1
1071
     3781
1005
36A
  0
LINE
  5
36B
330
2A1
100
AcDbEntity
  8
MONTANTE
100
AcDbLine
 10
-588.6180262274574
 20
-4482.013225381117
 30
0.0
 11
-588.6180262274574
 21
-4486.763225381117
 31
0.0
1001
AcDbBlockRepETag
1070
     1
1071
     3782
1005
36B
  0
LINE
  5
36C
330
2A1
100
AcDbEntity
  8
MONTANTE
100
AcDbLine
 10
-443.6180262274574
 20
-4486.763225381117
 30
0.0
 11
-443.6180262274574
 21
-4482.013225381117
 31
0.0
1001
AcDbBlockRepETag
1070
     1
1071
     3783
1005
36C
  0
LINE
  5
36D
330
2A1
100
AcDbEntity
  8
MONTANTE
100
AcDbLine
 10
-588.6180262274574
 20
-4482.013225381117
 30
0.0
 11
-588.6180262274574
 21
-4486.763225381117
 31
0.0
1001
AcDbBlockRepETag
1070
     1
1071
     3784
1005
36D
  0
LINE
  5
36E
330
2A1
100
AcDbEntity
  8
MONTANTE
100
AcDbLine
 10
-443.6180262274574
 20
-4486.763225381117
 30
0.0
 11
-443.6180262274574
 21
-4482.013225381117
 31
0.0
1001
AcDbBlockRepETag
1070
     1
1071
     3785
1005
36E
  0
LINE
  5
36F
330
2A1
100
AcDbEntity
  8
MONTANTE
100
AcDbLine
 10
-588.6180262274574
 20
-4482.013225381117
 30
0.0
 11
-588.6180262274574
 21
-4486.763225381117
 31
0.0
1001
AcDbBlockRepETag
1070
     1
1071
     3786
1005
36F
  0
LINE
  5
370
330
2A1
100
AcDbEntity
  8
MONTANTE
100
AcDbLine
 10
-443.6180262274574
 20
-4486.763225381117
 30
0.0
 11
-443.6180262274574
 21
-4482.013225381117
 31
0.0
1001
AcDbBlockRepETag
1070
     1
1071
     3787
1005
370
  0
LINE
  5
371
330
2A1
100
AcDbEntity
  8
MONTANTE
100
AcDbLine
 10
-588.6180262274574
 20
-4482.013225381117
 30
0.0
 11
-588.6180262274574
 21
-4486.763225381117
 31
0.0
1001
AcDbBlockRepETag
1070
     1
1071
     3788
1005
371
  0
LINE
  5
372
330
2A1
100
AcDbEntity
  8
MONTANTE
100
AcDbLine
 10
-443.6180262274574
 20
-4486.763225381117
 30
0.0
 11
-443.6180262274574
 21
-4482.013225381117
 31
0.0
1001
AcDbBlockRepETag
1070
     1
1071
     3789
1005
372
  0
LINE
  5
373
330
2A1
100
AcDbEntity
  8
MONTANTE
100
AcDbLine
 10
-588.6180262274574
 20
-4482.013225381117
 30
0.0
 11
-588.6180262274574
 21
-4486.763225381117
 31
0.0
1001
AcDbBlockRepETag
1070
     1
1071
     3790
1005
373
  0
LINE
  5
374
330
2A1
100
AcDbEntity
  8
MONTANTE
100
AcDbLine
 10
-443.6180262274574
 20
-4486.763225381117
 30
0.0
 11
-443.6180262274574
 21
-4482.013225381117
 31
0.0
1001
AcDbBlockRepETag
1070
     1
1071
     3791
1005
374
  0
LINE
  5
375
330
2A1
100
AcDbEntity
  8
MONTANTE
100
AcDbLine
 10
-588.6180262274574
 20
-4482.013225381117
 30
0.0
 11
-588.6180262274574
 21
-4486.763225381117
 31
0.0
1001
AcDbBlockRepETag
1070
     1
1071
     3792
1005
375
  0
LINE
  5
376
330
2A1
100
AcDbEntity
  8
MONTANTE
100
AcDbLine
 10
-443.6180262274574
 20
-4486.763225381117
 30
0.0
 11
-443.6180262274574
 21
-4482.013225381117
 31
0.0
1001
AcDbBlockRepETag
1070
     1
1071
     3793
1005
376
  0
LINE
  5
377
330
2A1
100
AcDbEntity
  8
MONTANTE
100
AcDbLine
 10
-588.6180262274574
 20
-4482.013225381117
 30
0.0
 11
-588.6180262274574
 21
-4486.763225381117
 31
0.0
1001
AcDbBlockRepETag
1070
     1
1071
     3794
1005
377
  0
LINE
  5
378
330
2A1
100
AcDbEntity
  8
MONTANTE
100
AcDbLine
 10
-443.6180262274574
 20
-4486.763225381117
 30
0.0
 11
-443.6180262274574
 21
-4482.013225381117
 31
0.0
1001
AcDbBlockRepETag
1070
     1
1071
     3795
1005
378
  0
LINE
  5
379
330
2A1
100
AcDbEntity
  8
MONTANTE
100
AcDbLine
 10
-588.6180262274574
 20
-4482.013225381117
 30
0.0
 11
-588.6180262274574
 21
-4486.763225381117
 31
0.0
1001
AcDbBlockRepETag
1070
     1
1071
     3796
1005
379
  0
LINE
  5
37A
330
2A1
100
AcDbEntity
  8
MONTANTE
100
AcDbLine
 10
-443.6180262274574
 20
-4486.763225381117
 30
0.0
 11
-443.6180262274574
 21
-4482.013225381117
 31
0.0
1001
AcDbBlockRepETag
1070
     1
1071
     3797
1005
37A
  0
LINE
  5
37B
330
2A1
100
AcDbEntity
  8
MONTANTE
100
AcDbLine
 10
-588.6180262274574
 20
-4482.013225381117
 30
0.0
 11
-588.6180262274574
 21
-4486.763225381117
 31
0.0
1001
AcDbBlockRepETag
1070
     1
1071
     3798
1005
37B
  0
LINE
  5
37C
330
2A1
100
AcDbEntity
  8
MONTANTE
100
AcDbLine
 10
-443.6180262274574
 20
-4486.763225381117
 30
0.0
 11
-443.6180262274574
 21
-4482.013225381117
 31
0.0
1001
AcDbBlockRepETag
1070
     1
1071
     3799
1005
37C
  0
LINE
  5
37D
330
2A1
100
AcDbEntity
  8
MONTANTE
100
AcDbLine
 10
-588.6180262274574
 20
-4482.013225381117
 30
0.0
 11
-588.6180262274574
 21
-4486.763225381117
 31
0.0
1001
AcDbBlockRepETag
1070
     1
1071
     3800
1005
37D
  0
LINE
  5
37E
330
2A1
100
AcDbEntity
  8
MONTANTE
100
AcDbLine
 10
-443.6180262274574
 20
-4486.763225381117
 30
0.0
 11
-443.6180262274574
 21
-4482.013225381117
 31
0.0
1001
AcDbBlockRepETag
1070
     1
1071
     3801
1005
37E
  0
LINE
  5
37F
330
2A1
100
AcDbEntity
  8
MONTANTE
100
AcDbLine
 10
-588.6180262274574
 20
-4482.013225381117
 30
0.0
 11
-588.6180262274574
 21
-4486.763225381117
 31
0.0
1001
AcDbBlockRepETag
1070
     1
1071
     3802
1005
37F
  0
LINE
  5
380
330
2A1
100
AcDbEntity
  8
MONTANTE
100
AcDbLine
 10
-443.6180262274574
 20
-4486.763225381117
 30
0.0
 11
-443.6180262274574
 21
-4482.013225381117
 31
0.0
1001
AcDbBlockRepETag
1070
     1
1071
     3803
1005
380
  0
LINE
  5
381
330
2A1
100
AcDbEntity
  8
MONTANTE
100
AcDbLine
 10
-588.6180262274574
 20
-4482.013225381117
 30
0.0
 11
-588.6180262274574
 21
-4486.763225381117
 31
0.0
1001
AcDbBlockRepETag
1070
     1
1071
     3804
1005
381
  0
LINE
  5
382
330
2A1
100
AcDbEntity
  8
MONTANTE
100
AcDbLine
 10
-443.6180262274574
 20
-4486.763225381117
 30
0.0
 11
-443.6180262274574
 21
-4482.013225381117
 31
0.0
1001
AcDbBlockRepETag
1070
     1
1071
     3805
1005
382
  0
LINE
  5
383
330
2A1
100
AcDbEntity
  8
MONTANTE
100
AcDbLine
 10
-588.6180262274574
 20
-4482.013225381117
 30
0.0
 11
-588.6180262274574
 21
-4486.763225381117
 31
0.0
1001
AcDbBlockRepETag
1070
     1
1071
     3806
1005
383
  0
LINE
  5
384
330
2A1
100
AcDbEntity
  8
MONTANTE
100
AcDbLine
 10
-443.6180262274574
 20
-4486.763225381117
 30
0.0
 11
-443.6180262274574
 21
-4482.013225381117
 31
0.0
1001
AcDbBlockRepETag
1070
     1
1071
     3807
1005
384
  0
LINE
  5
385
330
2A1
100
AcDbEntity
  8
MONTANTE
100
AcDbLine
 10
-588.6180262274574
 20
-4482.013225381117
 30
0.0
 11
-588.6180262274574
 21
-4486.763225381117
 31
0.0
1001
AcDbBlockRepETag
1070
     1
1071
     3808
1005
385
  0
LINE
  5
386
330
2A1
100
AcDbEntity
  8
MONTANTE
100
AcDbLine
 10
-443.6180262274574
 20
-4486.763225381117
 30
0.0
 11
-443.6180262274574
 21
-4482.013225381117
 31
0.0
1001
AcDbBlockRepETag
1070
     1
1071
     3809
1005
386
  0
LINE
  5
387
330
2A1
100
AcDbEntity
  8
MONTANTE
100
AcDbLine
 10
-588.6180262274574
 20
-4482.013225381117
 30
0.0
 11
-588.6180262274574
 21
-4486.763225381117
 31
0.0
1001
AcDbBlockRepETag
1070
     1
1071
     3810
1005
387
  0
LINE
  5
388
330
2A1
100
AcDbEntity
  8
MONTANTE
100
AcDbLine
 10
-443.6180262274574
 20
-4486.763225381117
 30
0.0
 11
-443.6180262274574
 21
-4482.013225381117
 31
0.0
1001
AcDbBlockRepETag
1070
     1
1071
     3811
1005
388
  0
LINE
  5
389
330
2A1
100
AcDbEntity
  8
MONTANTE
100
AcDbLine
 10
-588.6180262274574
 20
-4482.013225381117
 30
0.0
 11
-588.6180262274574
 21
-4486.763225381117
 31
0.0
1001
AcDbBlockRepETag
1070
     1
1071
     3812
1005
389
  0
LINE
  5
38A
330
2A1
100
AcDbEntity
  8
MONTANTE
100
AcDbLine
 10
-443.6180262274574
 20
-4486.763225381117
 30
0.0
 11
-443.6180262274574
 21
-4482.013225381117
 31
0.0
1001
AcDbBlockRepETag
1070
     1
1071
     3813
1005
38A
  0
LINE
  5
38B
330
2A1
100
AcDbEntity
  8
MONTANTE
100
AcDbLine
 10
-588.6180262274574
 20
-4482.013225381117
 30
0.0
 11
-588.6180262274574
 21
-4486.763225381117
 31
0.0
1001
AcDbBlockRepETag
1070
     1
1071
     3814
1005
38B
  0
LINE
  5
38C
330
2A1
100
AcDbEntity
  8
MONTANTE
100
AcDbLine
 10
-443.6180262274574
 20
-4486.763225381117
 30
0.0
 11
-443.6180262274574
 21
-4482.013225381117
 31
0.0
1001
AcDbBlockRepETag
1070
     1
1071
     3815
1005
38C
  0
LINE
  5
38D
330
2A1
100
AcDbEntity
  8
MONTANTE
100
AcDbLine
 10
-588.6180262274574
 20
-4482.013225381117
 30
0.0
 11
-588.6180262274574
 21
-4486.763225381117
 31
0.0
1001
AcDbBlockRepETag
1070
     1
1071
     3816
1005
38D
  0
LINE
  5
38E
330
2A1
100
AcDbEntity
  8
MONTANTE
100
AcDbLine
 10
-443.6180262274574
 20
-4486.763225381117
 30
0.0
 11
-443.6180262274574
 21
-4482.013225381117
 31
0.0
1001
AcDbBlockRepETag
1070
     1
1071
     3817
1005
38E
  0
LINE
  5
38F
330
2A1
100
AcDbEntity
  8
MONTANTE
100
AcDbLine
 10
-588.6180262274574
 20
-4482.013225381117
 30
0.0
 11
-588.6180262274574
 21
-4486.763225381117
 31
0.0
1001
AcDbBlockRepETag
1070
     1
1071
     3818
1005
38F
  0
LINE
  5
390
330
2A1
100
AcDbEntity
  8
MONTANTE
100
AcDbLine
 10
-443.6180262274574
 20
-4486.763225381117
 30
0.0
 11
-443.6180262274574
 21
-4482.013225381117
 31
0.0
1001
AcDbBlockRepETag
1070
     1
1071
     3819
1005
390
  0
LINE
  5
391
330
2A1
100
AcDbEntity
  8
MONTANTE
100
AcDbLine
 10
-588.6180262274574
 20
-4482.013225381117
 30
0.0
 11
-588.6180262274574
 21
-4486.763225381117
 31
0.0
1001
AcDbBlockRepETag
1070
     1
1071
     3820
1005
391
  0
LINE
  5
392
330
2A1
100
AcDbEntity
  8
MONTANTE
100
AcDbLine
 10
-443.6180262274574
 20
-4486.763225381117
 30
0.0
 11
-443.6180262274574
 21
-4482.013225381117
 31
0.0
1001
AcDbBlockRepETag
1070
     1
1071
     3821
1005
392
  0
LINE
  5
393
330
2A1
100
AcDbEntity
  8
MONTANTE
100
AcDbLine
 10
-588.6180262274574
 20
-4482.013225381117
 30
0.0
 11
-588.6180262274574
 21
-4486.763225381117
 31
0.0
1001
AcDbBlockRepETag
1070
     1
1071
     3822
1005
393
  0
LINE
  5
394
330
2A1
100
AcDbEntity
  8
MONTANTE
100
AcDbLine
 10
-443.6180262274574
 20
-4486.763225381117
 30
0.0
 11
-443.6180262274574
 21
-4482.013225381117
 31
0.0
1001
AcDbBlockRepETag
1070
     1
1071
     3823
1005
394
  0
LINE
  5
395
330
2A1
100
AcDbEntity
  8
MONTANTE
100
AcDbLine
 10
-588.6180262274574
 20
-4482.013225381117
 30
0.0
 11
-588.6180262274574
 21
-4486.763225381117
 31
0.0
1001
AcDbBlockRepETag
1070
     1
1071
     3824
1005
395
  0
LINE
  5
396
330
2A1
100
AcDbEntity
  8
MONTANTE
100
AcDbLine
 10
-443.6180262274574
 20
-4486.763225381117
 30
0.0
 11
-443.6180262274574
 21
-4482.013225381117
 31
0.0
1001
AcDbBlockRepETag
1070
     1
1071
     3825
1005
396
  0
LINE
  5
397
330
2A1
100
AcDbEntity
  8
MONTANTE
100
AcDbLine
 10
-588.6180262274574
 20
-4482.013225381117
 30
0.0
 11
-588.6180262274574
 21
-4486.763225381117
 31
0.0
1001
AcDbBlockRepETag
1070
     1
1071
     3826
1005
397
  0
LINE
  5
398
330
2A1
100
AcDbEntity
  8
MONTANTE
100
AcDbLine
 10
-443.6180262274574
 20
-4486.763225381117
 30
0.0
 11
-443.6180262274574
 21
-4482.013225381117
 31
0.0
1001
AcDbBlockRepETag
1070
     1
1071
     3827
1005
398
  0
LINE
  5
399
330
2A1
100
AcDbEntity
  8
MONTANTE
100
AcDbLine
 10
-588.6180262274574
 20
-4482.013225381117
 30
0.0
 11
-588.6180262274574
 21
-4486.763225381117
 31
0.0
1001
AcDbBlockRepETag
1070
     1
1071
     3828
1005
399
  0
LINE
  5
39A
330
2A1
100
AcDbEntity
  8
MONTANTE
100
AcDbLine
 10
-443.6180262274574
 20
-4486.763225381117
 30
0.0
 11
-443.6180262274574
 21
-4482.013225381117
 31
0.0
1001
AcDbBlockRepETag
1070
     1
1071
     3829
1005
39A
  0
LINE
  5
39B
330
2A1
100
AcDbEntity
  8
MONTANTE
100
AcDbLine
 10
-588.6180262274574
 20
-4482.013225381117
 30
0.0
 11
-588.6180262274574
 21
-4486.763225381117
 31
0.0
1001
AcDbBlockRepETag
1070
     1
1071
     3830
1005
39B
  0
LINE
  5
39C
330
2A1
100
AcDbEntity
  8
MONTANTE
100
AcDbLine
 10
-443.6180262274574
 20
-4486.763225381117
 30
0.0
 11
-443.6180262274574
 21
-4482.013225381117
 31
0.0
1001
AcDbBlockRepETag
1070
     1
1071
     3831
1005
39C
  0
LINE
  5
39D
330
2A1
100
AcDbEntity
  8
MONTANTE
100
AcDbLine
 10
-588.6180262274574
 20
-4482.013225381117
 30
0.0
 11
-588.6180262274574
 21
-4486.763225381117
 31
0.0
1001
AcDbBlockRepETag
1070
     1
1071
     3832
1005
39D
  0
LINE
  5
39E
330
2A1
100
AcDbEntity
  8
MONTANTE
100
AcDbLine
 10
-443.6180262274574
 20
-4486.763225381117
 30
0.0
 11
-443.6180262274574
 21
-4482.013225381117
 31
0.0
1001
AcDbBlockRepETag
1070
     1
1071
     3833
1005
39E
  0
LINE
  5
39F
330
2A1
100
AcDbEntity
  8
MONTANTE
100
AcDbLine
 10
-588.6180262274574
 20
-4482.013225381117
 30
0.0
 11
-588.6180262274574
 21
-4486.763225381117
 31
0.0
1001
AcDbBlockRepETag
1070
     1
1071
     3834
1005
39F
  0
LINE
  5
3A0
330
2A1
100
AcDbEntity
  8
MONTANTE
100
AcDbLine
 10
-443.6180262274574
 20
-4486.763225381117
 30
0.0
 11
-443.6180262274574
 21
-4482.013225381117
 31
0.0
1001
AcDbBlockRepETag
1070
     1
1071
     3835
1005
3A0
  0
LINE
  5
3A1
330
2A1
100
AcDbEntity
  8
MONTANTE
100
AcDbLine
 10
-588.6180262274574
 20
-4482.013225381117
 30
0.0
 11
-588.6180262274574
 21
-4486.763225381117
 31
0.0
1001
AcDbBlockRepETag
1070
     1
1071
     3836
1005
3A1
  0
LINE
  5
3A2
330
2A1
100
AcDbEntity
  8
MONTANTE
100
AcDbLine
 10
-443.6180262274574
 20
-4486.763225381117
 30
0.0
 11
-443.6180262274574
 21
-4482.013225381117
 31
0.0
1001
AcDbBlockRepETag
1070
     1
1071
     3837
1005
3A2
  0
LINE
  5
3A3
330
2A1
100
AcDbEntity
  8
MONTANTE
100
AcDbLine
 10
-588.6180262274574
 20
-4482.013225381117
 30
0.0
 11
-588.6180262274574
 21
-4486.763225381117
 31
0.0
1001
AcDbBlockRepETag
1070
     1
1071
     3838
1005
3A3
  0
LINE
  5
3A4
330
2A1
100
AcDbEntity
  8
MONTANTE
100
AcDbLine
 10
-443.6180262274574
 20
-4486.763225381117
 30
0.0
 11
-443.6180262274574
 21
-4482.013225381117
 31
0.0
1001
AcDbBlockRepETag
1070
     1
1071
     3839
1005
3A4
  0
LINE
  5
3A5
330
2A1
100
AcDbEntity
  8
MONTANTE
100
AcDbLine
 10
-588.6180262274574
 20
-4482.013225381117
 30
0.0
 11
-588.6180262274574
 21
-4486.763225381117
 31
0.0
1001
AcDbBlockRepETag
1070
     1
1071
     3840
1005
3A5
  0
LINE
  5
3A6
330
2A1
100
AcDbEntity
  8
MONTANTE
100
AcDbLine
 10
-443.6180262274574
 20
-4486.763225381117
 30
0.0
 11
-443.6180262274574
 21
-4482.013225381117
 31
0.0
1001
AcDbBlockRepETag
1070
     1
1071
     3841
1005
3A6
  0
LINE
  5
3A7
330
2A1
100
AcDbEntity
  8
MONTANTE
100
AcDbLine
 10
-588.6180262274574
 20
-4482.013225381117
 30
0.0
 11
-588.6180262274574
 21
-4486.763225381117
 31
0.0
1001
AcDbBlockRepETag
1070
     1
1071
     3842
1005
3A7
  0
LINE
  5
3A8
330
2A1
100
AcDbEntity
  8
MONTANTE
100
AcDbLine
 10
-443.6180262274574
 20
-4486.763225381117
 30
0.0
 11
-443.6180262274574
 21
-4482.013225381117
 31
0.0
1001
AcDbBlockRepETag
1070
     1
1071
     3843
1005
3A8
  0
LINE
  5
3A9
330
2A1
100
AcDbEntity
  8
MONTANTE
100
AcDbLine
 10
-588.6180262274574
 20
-4482.013225381117
 30
0.0
 11
-588.6180262274574
 21
-4486.763225381117
 31
0.0
1001
AcDbBlockRepETag
1070
     1
1071
     3844
1005
3A9
  0
LINE
  5
3AA
330
2A1
100
AcDbEntity
  8
MONTANTE
100
AcDbLine
 10
-443.6180262274574
 20
-4486.763225381117
 30
0.0
 11
-443.6180262274574
 21
-4482.013225381117
 31
0.0
1001
AcDbBlockRepETag
1070
     1
1071
     3845
1005
3AA
  0
LINE
  5
3AB
330
2A1
100
AcDbEntity
  8
MONTANTE
100
AcDbLine
 10
-588.6180262274574
 20
-4482.013225381117
 30
0.0
 11
-588.6180262274574
 21
-4486.763225381117
 31
0.0
1001
AcDbBlockRepETag
1070
     1
1071
     3846
1005
3AB
  0
LINE
  5
3AC
330
2A1
100
AcDbEntity
  8
MONTANTE
100
AcDbLine
 10
-443.6180262274574
 20
-4486.763225381117
 30
0.0
 11
-443.6180262274574
 21
-4482.013225381117
 31
0.0
1001
AcDbBlockRepETag
1070
     1
1071
     3847
1005
3AC
  0
LINE
  5
3AD
330
2A1
100
AcDbEntity
  8
MONTANTE
100
AcDbLine
 10
-588.6180262274574
 20
-4482.013225381117
 30
0.0
 11
-588.6180262274574
 21
-4486.763225381117
 31
0.0
1001
AcDbBlockRepETag
1070
     1
1071
     3848
1005
3AD
  0
LINE
  5
3AE
330
2A1
100
AcDbEntity
  8
MONTANTE
100
AcDbLine
 10
-443.6180262274574
 20
-4486.763225381117
 30
0.0
 11
-443.6180262274574
 21
-4482.013225381117
 31
0.0
1001
AcDbBlockRepETag
1070
     1
1071
     3849
1005
3AE
  0
LINE
  5
3AF
330
2A1
100
AcDbEntity
  8
MONTANTE
100
AcDbLine
 10
-588.6180262274574
 20
-4482.013225381117
 30
0.0
 11
-588.6180262274574
 21
-4486.763225381117
 31
0.0
1001
AcDbBlockRepETag
1070
     1
1071
     3850
1005
3AF
  0
LINE
  5
3B0
330
2A1
100
AcDbEntity
  8
MONTANTE
100
AcDbLine
 10
-443.6180262274574
 20
-4486.763225381117
 30
0.0
 11
-443.6180262274574
 21
-4482.013225381117
 31
0.0
1001
AcDbBlockRepETag
1070
     1
1071
     3851
1005
3B0
  0
LINE
  5
3B1
330
2A1
100
AcDbEntity
  8
MONTANTE
100
AcDbLine
 10
-588.6180262274574
 20
-4482.013225381117
 30
0.0
 11
-588.6180262274574
 21
-4486.763225381117
 31
0.0
1001
AcDbBlockRepETag
1070
     1
1071
     3852
1005
3B1
  0
LINE
  5
3B2
330
2A1
100
AcDbEntity
  8
MONTANTE
100
AcDbLine
 10
-443.6180262274574
 20
-4486.763225381117
 30
0.0
 11
-443.6180262274574
 21
-4482.013225381117
 31
0.0
1001
AcDbBlockRepETag
1070
     1
1071
     3853
1005
3B2
  0
LINE
  5
3B3
330
2A1
100
AcDbEntity
  8
MONTANTE
100
AcDbLine
 10
-588.6180262274574
 20
-4482.013225381117
 30
0.0
 11
-588.6180262274574
 21
-4486.763225381117
 31
0.0
1001
AcDbBlockRepETag
1070
     1
1071
     3854
1005
3B3
  0
LINE
  5
3B4
330
2A1
100
AcDbEntity
  8
MONTANTE
100
AcDbLine
 10
-443.6180262274574
 20
-4486.763225381117
 30
0.0
 11
-443.6180262274574
 21
-4482.013225381117
 31
0.0
1001
AcDbBlockRepETag
1070
     1
1071
     3855
1005
3B4
  0
LINE
  5
3B5
330
2A1
100
AcDbEntity
  8
MONTANTE
100
AcDbLine
 10
-588.6180262274574
 20
-4482.013225381117
 30
0.0
 11
-588.6180262274574
 21
-4486.763225381117
 31
0.0
1001
AcDbBlockRepETag
1070
     1
1071
     3856
1005
3B5
  0
LINE
  5
3B6
330
2A1
100
AcDbEntity
  8
MONTANTE
100
AcDbLine
 10
-443.6180262274574
 20
-4486.763225381117
 30
0.0
 11
-443.6180262274574
 21
-4482.013225381117
 31
0.0
1001
AcDbBlockRepETag
1070
     1
1071
     3857
1005
3B6
  0
LINE
  5
3B7
330
2A1
100
AcDbEntity
  8
MONTANTE
100
AcDbLine
 10
-588.6180262274574
 20
-4482.013225381117
 30
0.0
 11
-588.6180262274574
 21
-4486.763225381117
 31
0.0
1001
AcDbBlockRepETag
1070
     1
1071
     3858
1005
3B7
  0
LINE
  5
3B8
330
2A1
100
AcDbEntity
  8
MONTANTE
100
AcDbLine
 10
-443.6180262274574
 20
-4486.763225381117
 30
0.0
 11
-443.6180262274574
 21
-4482.013225381117
 31
0.0
1001
AcDbBlockRepETag
1070
     1
1071
     3859
1005
3B8
  0
LINE
  5
3B9
330
2A1
100
AcDbEntity
  8
MONTANTE
100
AcDbLine
 10
-588.6180262274574
 20
-4482.013225381117
 30
0.0
 11
-588.6180262274574
 21
-4486.763225381117
 31
0.0
1001
AcDbBlockRepETag
1070
     1
1071
     3860
1005
3B9
  0
LINE
  5
3BA
330
2A1
100
AcDbEntity
  8
MONTANTE
100
AcDbLine
 10
-443.6180262274574
 20
-4486.763225381117
 30
0.0
 11
-443.6180262274574
 21
-4482.013225381117
 31
0.0
1001
AcDbBlockRepETag
1070
     1
1071
     3861
1005
3BA
  0
LINE
  5
3BB
330
2A1
100
AcDbEntity
  8
MONTANTE
100
AcDbLine
 10
-588.6180262274574
 20
-4482.013225381117
 30
0.0
 11
-588.6180262274574
 21
-4486.763225381117
 31
0.0
1001
AcDbBlockRepETag
1070
     1
1071
     3862
1005
3BB
  0
LINE
  5
3BC
330
2A1
100
AcDbEntity
  8
MONTANTE
100
AcDbLine
 10
-443.6180262274574
 20
-4486.763225381117
 30
0.0
 11
-443.6180262274574
 21
-4482.013225381117
 31
0.0
1001
AcDbBlockRepETag
1070
     1
1071
     3863
1005
3BC
  0
LINE
  5
3BD
330
2A1
100
AcDbEntity
  8
MONTANTE
100
AcDbLine
 10
-588.6180262274574
 20
-4482.013225381117
 30
0.0
 11
-588.6180262274574
 21
-4486.763225381117
 31
0.0
1001
AcDbBlockRepETag
1070
     1
1071
     3864
1005
3BD
  0
LINE
  5
3BE
330
2A1
100
AcDbEntity
  8
MONTANTE
100
AcDbLine
 10
-443.6180262274574
 20
-4486.763225381117
 30
0.0
 11
-443.6180262274574
 21
-4482.013225381117
 31
0.0
1001
AcDbBlockRepETag
1070
     1
1071
     3865
1005
3BE
  0
LINE
  5
3BF
330
2A1
100
AcDbEntity
  8
MONTANTE
100
AcDbLine
 10
-588.6180262274574
 20
-4482.013225381117
 30
0.0
 11
-588.6180262274574
 21
-4486.763225381117
 31
0.0
1001
AcDbBlockRepETag
1070
     1
1071
     3866
1005
3BF
  0
LINE
  5
3C0
330
2A1
100
AcDbEntity
  8
MONTANTE
100
AcDbLine
 10
-443.6180262274574
 20
-4486.763225381117
 30
0.0
 11
-443.6180262274574
 21
-4482.013225381117
 31
0.0
1001
AcDbBlockRepETag
1070
     1
1071
     3867
1005
3C0
  0
LINE
  5
3C1
330
2A1
100
AcDbEntity
  8
MONTANTE
100
AcDbLine
 10
-588.6180262274574
 20
-4482.013225381117
 30
0.0
 11
-588.6180262274574
 21
-4486.763225381117
 31
0.0
1001
AcDbBlockRepETag
1070
     1
1071
     3868
1005
3C1
  0
LINE
  5
3C2
330
2A1
100
AcDbEntity
  8
MONTANTE
100
AcDbLine
 10
-443.6180262274574
 20
-4486.763225381117
 30
0.0
 11
-443.6180262274574
 21
-4482.013225381117
 31
0.0
1001
AcDbBlockRepETag
1070
     1
1071
     3869
1005
3C2
  0
LINE
  5
3C3
330
2A1
100
AcDbEntity
  8
MONTANTE
100
AcDbLine
 10
-588.6180262274574
 20
-4482.013225381117
 30
0.0
 11
-588.6180262274574
 21
-4486.763225381117
 31
0.0
1001
AcDbBlockRepETag
1070
     1
1071
     3870
1005
3C3
  0
LINE
  5
3C4
330
2A1
100
AcDbEntity
  8
MONTANTE
100
AcDbLine
 10
-443.6180262274574
 20
-4486.763225381117
 30
0.0
 11
-443.6180262274574
 21
-4482.013225381117
 31
0.0
1001
AcDbBlockRepETag
1070
     1
1071
     3871
1005
3C4
  0
LINE
  5
3C5
330
2A1
100
AcDbEntity
  8
MONTANTE
100
AcDbLine
 10
-588.6180262274574
 20
-4482.013225381117
 30
0.0
 11
-588.6180262274574
 21
-4486.763225381117
 31
0.0
1001
AcDbBlockRepETag
1070
     1
1071
     3872
1005
3C5
  0
LINE
  5
3C6
330
2A1
100
AcDbEntity
  8
MONTANTE
100
AcDbLine
 10
-443.6180262274574
 20
-4486.763225381117
 30
0.0
 11
-443.6180262274574
 21
-4482.013225381117
 31
0.0
1001
AcDbBlockRepETag
1070
     1
1071
     3873
1005
3C6
  0
LINE
  5
3C7
330
2A1
100
AcDbEntity
  8
MONTANTE
100
AcDbLine
 10
-588.6180262274574
 20
-4482.013225381117
 30
0.0
 11
-588.6180262274574
 21
-4486.763225381117
 31
0.0
1001
AcDbBlockRepETag
1070
     1
1071
     3874
1005
3C7
  0
LINE
  5
3C8
330
2A1
100
AcDbEntity
  8
MONTANTE
100
AcDbLine
 10
-443.6180262274574
 20
-4486.763225381117
 30
0.0
 11
-443.6180262274574
 21
-4482.013225381117
 31
0.0
1001
AcDbBlockRepETag
1070
     1
1071
     3875
1005
3C8
  0
LINE
  5
3C9
330
2A1
100
AcDbEntity
  8
MONTANTE
100
AcDbLine
 10
-588.6180262274574
 20
-4482.013225381117
 30
0.0
 11
-588.6180262274574
 21
-4486.763225381117
 31
0.0
1001
AcDbBlockRepETag
1070
     1
1071
     3876
1005
3C9
  0
LINE
  5
3CA
330
2A1
100
AcDbEntity
  8
MONTANTE
100
AcDbLine
 10
-443.6180262274574
 20
-4486.763225381117
 30
0.0
 11
-443.6180262274574
 21
-4482.013225381117
 31
0.0
1001
AcDbBlockRepETag
1070
     1
1071
     3877
1005
3CA
  0
LINE
  5
3CB
330
2A1
100
AcDbEntity
  8
MONTANTE
100
AcDbLine
 10
-588.6180262274574
 20
-4482.013225381117
 30
0.0
 11
-588.6180262274574
 21
-4486.763225381117
 31
0.0
1001
AcDbBlockRepETag
1070
     1
1071
     3878
1005
3CB
  0
LINE
  5
3CC
330
2A1
100
AcDbEntity
  8
MONTANTE
100
AcDbLine
 10
-443.6180262274574
 20
-4486.763225381117
 30
0.0
 11
-443.6180262274574
 21
-4482.013225381117
 31
0.0
1001
AcDbBlockRepETag
1070
     1
1071
     3879
1005
3CC
  0
LINE
  5
3CD
330
2A1
100
AcDbEntity
  8
MONTANTE
100
AcDbLine
 10
-588.6180262274574
 20
-4482.013225381117
 30
0.0
 11
-588.6180262274574
 21
-4486.763225381117
 31
0.0
1001
AcDbBlockRepETag
1070
     1
1071
     3880
1005
3CD
  0
LINE
  5
3CE
330
2A1
100
AcDbEntity
  8
MONTANTE
100
AcDbLine
 10
-443.6180262274574
 20
-4486.763225381117
 30
0.0
 11
-443.6180262274574
 21
-4482.013225381117
 31
0.0
1001
AcDbBlockRepETag
1070
     1
1071
     3881
1005
3CE
  0
LINE
  5
3CF
330
2A1
100
AcDbEntity
  8
MONTANTE
100
AcDbLine
 10
-588.6180262274574
 20
-4482.013225381117
 30
0.0
 11
-588.6180262274574
 21
-4486.763225381117
 31
0.0
1001
AcDbBlockRepETag
1070
     1
1071
     3882
1005
3CF
  0
LINE
  5
3D0
330
2A1
100
AcDbEntity
  8
MONTANTE
100
AcDbLine
 10
-443.6180262274574
 20
-4486.763225381117
 30
0.0
 11
-443.6180262274574
 21
-4482.013225381117
 31
0.0
1001
AcDbBlockRepETag
1070
     1
1071
     3883
1005
3D0
  0
LINE
  5
3D1
330
2A1
100
AcDbEntity
  8
MONTANTE
100
AcDbLine
 10
-588.6180262274574
 20
-4482.013225381117
 30
0.0
 11
-588.6180262274574
 21
-4486.763225381117
 31
0.0
1001
AcDbBlockRepETag
1070
     1
1071
     3884
1005
3D1
  0
LINE
  5
3D2
330
2A1
100
AcDbEntity
  8
MONTANTE
100
AcDbLine
 10
-443.6180262274574
 20
-4486.763225381117
 30
0.0
 11
-443.6180262274574
 21
-4482.013225381117
 31
0.0
1001
AcDbBlockRepETag
1070
     1
1071
     3885
1005
3D2
  0
LINE
  5
3D3
330
2A1
100
AcDbEntity
  8
MONTANTE
100
AcDbLine
 10
-588.6180262274574
 20
-4482.013225381117
 30
0.0
 11
-588.6180262274574
 21
-4486.763225381117
 31
0.0
1001
AcDbBlockRepETag
1070
     1
1071
     3886
1005
3D3
  0
LINE
  5
3D4
330
2A1
100
AcDbEntity
  8
MONTANTE
100
AcDbLine
 10
-443.6180262274574
 20
-4486.763225381117
 30
0.0
 11
-443.6180262274574
 21
-4482.013225381117
 31
0.0
1001
AcDbBlockRepETag
1070
     1
1071
     3887
1005
3D4
  0
LINE
  5
3D5
330
2A1
100
AcDbEntity
  8
MONTANTE
100
AcDbLine
 10
-588.6180262274574
 20
-4482.013225381117
 30
0.0
 11
-588.6180262274574
 21
-4486.763225381117
 31
0.0
1001
AcDbBlockRepETag
1070
     1
1071
     3888
1005
3D5
  0
LINE
  5
3D6
330
2A1
100
AcDbEntity
  8
MONTANTE
100
AcDbLine
 10
-443.6180262274574
 20
-4486.763225381117
 30
0.0
 11
-443.6180262274574
 21
-4482.013225381117
 31
0.0
1001
AcDbBlockRepETag
1070
     1
1071
     3889
1005
3D6
  0
LINE
  5
3D7
330
2A1
100
AcDbEntity
  8
MONTANTE
100
AcDbLine
 10
-588.6180262274574
 20
-4482.013225381117
 30
0.0
 11
-588.6180262274574
 21
-4486.763225381117
 31
0.0
1001
AcDbBlockRepETag
1070
     1
1071
     3890
1005
3D7
  0
LINE
  5
3D8
330
2A1
100
AcDbEntity
  8
MONTANTE
100
AcDbLine
 10
-443.6180262274574
 20
-4486.763225381117
 30
0.0
 11
-443.6180262274574
 21
-4482.013225381117
 31
0.0
1001
AcDbBlockRepETag
1070
     1
1071
     3891
1005
3D8
  0
LINE
  5
3D9
330
2A1
100
AcDbEntity
  8
MONTANTE
100
AcDbLine
 10
-588.6180262274574
 20
-4482.013225381117
 30
0.0
 11
-588.6180262274574
 21
-4486.763225381117
 31
0.0
1001
AcDbBlockRepETag
1070
     1
1071
     3892
1005
3D9
  0
LINE
  5
3DA
330
2A1
100
AcDbEntity
  8
MONTANTE
100
AcDbLine
 10
-443.6180262274574
 20
-4486.763225381117
 30
0.0
 11
-443.6180262274574
 21
-4482.013225381117
 31
0.0
1001
AcDbBlockRepETag
1070
     1
1071
     3893
1005
3DA
  0
LINE
  5
3DB
330
2A1
100
AcDbEntity
  8
MONTANTE
100
AcDbLine
 10
-588.6180262274574
 20
-4482.013225381117
 30
0.0
 11
-588.6180262274574
 21
-4486.763225381117
 31
0.0
1001
AcDbBlockRepETag
1070
     1
1071
     3894
1005
3DB
  0
LINE
  5
3DC
330
2A1
100
AcDbEntity
  8
MONTANTE
100
AcDbLine
 10
-443.6180262274574
 20
-4486.763225381117
 30
0.0
 11
-443.6180262274574
 21
-4482.013225381117
 31
0.0
1001
AcDbBlockRepETag
1070
     1
1071
     3895
1005
3DC
  0
LINE
  5
3DD
330
2A1
100
AcDbEntity
  8
MONTANTE
100
AcDbLine
 10
-588.6180262274574
 20
-4482.013225381117
 30
0.0
 11
-588.6180262274574
 21
-4486.763225381117
 31
0.0
1001
AcDbBlockRepETag
1070
     1
1071
     3896
1005
3DD
  0
LINE
  5
3DE
330
2A1
100
AcDbEntity
  8
MONTANTE
100
AcDbLine
 10
-443.6180262274574
 20
-4486.763225381117
 30
0.0
 11
-443.6180262274574
 21
-4482.013225381117
 31
0.0
1001
AcDbBlockRepETag
1070
     1
1071
     3897
1005
3DE
  0
LINE
  5
3DF
330
2A1
100
AcDbEntity
  8
MONTANTE
100
AcDbLine
 10
-588.6180262274574
 20
-4482.013225381117
 30
0.0
 11
-588.6180262274574
 21
-4486.763225381117
 31
0.0
1001
AcDbBlockRepETag
1070
     1
1071
     3898
1005
3DF
  0
LINE
  5
3E0
330
2A1
100
AcDbEntity
  8
MONTANTE
100
AcDbLine
 10
-443.6180262274574
 20
-4486.763225381117
 30
0.0
 11
-443.6180262274574
 21
-4482.013225381117
 31
0.0
1001
AcDbBlockRepETag
1070
     1
1071
     3899
1005
3E0
  0
LINE
  5
3E1
330
2A1
100
AcDbEntity
  8
MONTANTE
100
AcDbLine
 10
-588.6180262274574
 20
-4482.013225381117
 30
0.0
 11
-588.6180262274574
 21
-4486.763225381117
 31
0.0
1001
AcDbBlockRepETag
1070
     1
1071
     3900
1005
3E1
  0
LINE
  5
3E2
330
2A1
100
AcDbEntity
  8
MONTANTE
100
AcDbLine
 10
-443.6180262274574
 20
-4486.763225381117
 30
0.0
 11
-443.6180262274574
 21
-4482.013225381117
 31
0.0
1001
AcDbBlockRepETag
1070
     1
1071
     3901
1005
3E2
  0
LINE
  5
3E3
330
2A1
100
AcDbEntity
  8
MONTANTE
100
AcDbLine
 10
-588.6180262274574
 20
-4482.013225381117
 30
0.0
 11
-588.6180262274574
 21
-4486.763225381117
 31
0.0
1001
AcDbBlockRepETag
1070
     1
1071
     3902
1005
3E3
  0
LINE
  5
3E4
330
2A1
100
AcDbEntity
  8
MONTANTE
100
AcDbLine
 10
-443.6180262274574
 20
-4486.763225381117
 30
0.0
 11
-443.6180262274574
 21
-4482.013225381117
 31
0.0
1001
AcDbBlockRepETag
1070
     1
1071
     3903
1005
3E4
  0
LINE
  5
3E5
330
2A1
100
AcDbEntity
  8
MONTANTE
100
AcDbLine
 10
-588.6180262274574
 20
-4482.013225381117
 30
0.0
 11
-588.6180262274574
 21
-4486.763225381117
 31
0.0
1001
AcDbBlockRepETag
1070
     1
1071
     3904
1005
3E5
  0
LINE
  5
3E6
330
2A1
100
AcDbEntity
  8
MONTANTE
100
AcDbLine
 10
-443.6180262274574
 20
-4486.763225381117
 30
0.0
 11
-443.6180262274574
 21
-4482.013225381117
 31
0.0
1001
AcDbBlockRepETag
1070
     1
1071
     3905
1005
3E6
  0
LINE
  5
3E7
330
2A1
100
AcDbEntity
  8
MONTANTE
100
AcDbLine
 10
-588.6180262274574
 20
-4482.013225381117
 30
0.0
 11
-588.6180262274574
 21
-4486.763225381117
 31
0.0
1001
AcDbBlockRepETag
1070
     1
1071
     3906
1005
3E7
  0
LINE
  5
3E8
330
2A1
100
AcDbEntity
  8
MONTANTE
100
AcDbLine
 10
-443.6180262274574
 20
-4486.763225381117
 30
0.0
 11
-443.6180262274574
 21
-4482.013225381117
 31
0.0
1001
AcDbBlockRepETag
1070
     1
1071
     3907
1005
3E8
  0
LINE
  5
3E9
330
2A1
100
AcDbEntity
  8
MONTANTE
100
AcDbLine
 10
-588.6180262274574
 20
-4482.013225381117
 30
0.0
 11
-588.6180262274574
 21
-4486.763225381117
 31
0.0
1001
AcDbBlockRepETag
1070
     1
1071
     3908
1005
3E9
  0
LINE
  5
3EA
330
2A1
100
AcDbEntity
  8
MONTANTE
100
AcDbLine
 10
-443.6180262274574
 20
-4486.763225381117
 30
0.0
 11
-443.6180262274574
 21
-4482.013225381117
 31
0.0
1001
AcDbBlockRepETag
1070
     1
1071
     3909
1005
3EA
  0
LINE
  5
3EB
330
2A1
100
AcDbEntity
  8
MONTANTE
100
AcDbLine
 10
-588.6180262274574
 20
-4482.013225381117
 30
0.0
 11
-588.6180262274574
 21
-4486.763225381117
 31
0.0
1001
AcDbBlockRepETag
1070
     1
1071
     3910
1005
3EB
  0
LINE
  5
3EC
330
2A1
100
AcDbEntity
  8
MONTANTE
100
AcDbLine
 10
-443.6180262274574
 20
-4486.763225381117
 30
0.0
 11
-443.6180262274574
 21
-4482.013225381117
 31
0.0
1001
AcDbBlockRepETag
1070
     1
1071
     3911
1005
3EC
  0
LINE
  5
3ED
330
2A1
100
AcDbEntity
  8
MONTANTE
100
AcDbLine
 10
-588.6180262274574
 20
-4482.013225381117
 30
0.0
 11
-588.6180262274574
 21
-4486.763225381117
 31
0.0
1001
AcDbBlockRepETag
1070
     1
1071
     3912
1005
3ED
  0
LINE
  5
3EE
330
2A1
100
AcDbEntity
  8
MONTANTE
100
AcDbLine
 10
-443.6180262274574
 20
-4486.763225381117
 30
0.0
 11
-443.6180262274574
 21
-4482.013225381117
 31
0.0
1001
AcDbBlockRepETag
1070
     1
1071
     3913
1005
3EE
  0
LINE
  5
3EF
330
2A1
100
AcDbEntity
  8
MONTANTE
100
AcDbLine
 10
-588.6180262274574
 20
-4482.013225381117
 30
0.0
 11
-588.6180262274574
 21
-4486.763225381117
 31
0.0
1001
AcDbBlockRepETag
1070
     1
1071
     3914
1005
3EF
  0
LINE
  5
3F0
330
2A1
100
AcDbEntity
  8
MONTANTE
100
AcDbLine
 10
-443.6180262274574
 20
-4486.763225381117
 30
0.0
 11
-443.6180262274574
 21
-4482.013225381117
 31
0.0
1001
AcDbBlockRepETag
1070
     1
1071
     3915
1005
3F0
  0
LINE
  5
3F1
330
2A1
100
AcDbEntity
  8
MONTANTE
100
AcDbLine
 10
-588.6180262274574
 20
-4482.013225381117
 30
0.0
 11
-588.6180262274574
 21
-4486.763225381117
 31
0.0
1001
AcDbBlockRepETag
1070
     1
1071
     3916
1005
3F1
  0
LINE
  5
3F2
330
2A1
100
AcDbEntity
  8
MONTANTE
100
AcDbLine
 10
-443.6180262274574
 20
-4486.763225381117
 30
0.0
 11
-443.6180262274574
 21
-4482.013225381117
 31
0.0
1001
AcDbBlockRepETag
1070
     1
1071
     3917
1005
3F2
  0
LINE
  5
3F3
330
2A1
100
AcDbEntity
  8
MONTANTE
100
AcDbLine
 10
-588.6180262274574
 20
-4482.013225381117
 30
0.0
 11
-588.6180262274574
 21
-4486.763225381117
 31
0.0
1001
AcDbBlockRepETag
1070
     1
1071
     3918
1005
3F3
  0
LINE
  5
3F4
330
2A1
100
AcDbEntity
  8
MONTANTE
100
AcDbLine
 10
-443.6180262274574
 20
-4486.763225381117
 30
0.0
 11
-443.6180262274574
 21
-4482.013225381117
 31
0.0
1001
AcDbBlockRepETag
1070
     1
1071
     3919
1005
3F4
  0
LINE
  5
3F5
330
2A1
100
AcDbEntity
  8
MONTANTE
100
AcDbLine
 10
-588.6180262274574
 20
-4482.013225381117
 30
0.0
 11
-588.6180262274574
 21
-4486.763225381117
 31
0.0
1001
AcDbBlockRepETag
1070
     1
1071
     3920
1005
3F5
  0
LINE
  5
3F6
330
2A1
100
AcDbEntity
  8
MONTANTE
100
AcDbLine
 10
-443.6180262274574
 20
-4486.763225381117
 30
0.0
 11
-443.6180262274574
 21
-4482.013225381117
 31
0.0
1001
AcDbBlockRepETag
1070
     1
1071
     3921
1005
3F6
  0
LINE
  5
3F7
330
2A1
100
AcDbEntity
  8
MONTANTE
100
AcDbLine
 10
-588.6180262274574
 20
-4482.013225381117
 30
0.0
 11
-588.6180262274574
 21
-4486.763225381117
 31
0.0
1001
AcDbBlockRepETag
1070
     1
1071
     3922
1005
3F7
  0
LINE
  5
3F8
330
2A1
100
AcDbEntity
  8
MONTANTE
100
AcDbLine
 10
-443.6180262274574
 20
-4486.763225381117
 30
0.0
 11
-443.6180262274574
 21
-4482.013225381117
 31
0.0
1001
AcDbBlockRepETag
1070
     1
1071
     3923
1005
3F8
  0
LINE
  5
3F9
330
2A1
100
AcDbEntity
  8
MONTANTE
100
AcDbLine
 10
-588.6180262274574
 20
-4482.013225381117
 30
0.0
 11
-588.6180262274574
 21
-4486.763225381117
 31
0.0
1001
AcDbBlockRepETag
1070
     1
1071
     3924
1005
3F9
  0
LINE
  5
3FA
330
2A1
100
AcDbEntity
  8
MONTANTE
100
AcDbLine
 10
-443.6180262274574
 20
-4486.763225381117
 30
0.0
 11
-443.6180262274574
 21
-4482.013225381117
 31
0.0
1001
AcDbBlockRepETag
1070
     1
1071
     3925
1005
3FA
  0
LINE
  5
3FB
330
2A1
100
AcDbEntity
  8
MONTANTE
100
AcDbLine
 10
-588.6180262274574
 20
-4482.013225381117
 30
0.0
 11
-588.6180262274574
 21
-4486.763225381117
 31
0.0
1001
AcDbBlockRepETag
1070
     1
1071
     3926
1005
3FB
  0
LINE
  5
3FC
330
2A1
100
AcDbEntity
  8
MONTANTE
100
AcDbLine
 10
-443.6180262274574
 20
-4486.763225381117
 30
0.0
 11
-443.6180262274574
 21
-4482.013225381117
 31
0.0
1001
AcDbBlockRepETag
1070
     1
1071
     3927
1005
3FC
  0
LINE
  5
3FD
330
2A1
100
AcDbEntity
  8
MONTANTE
100
AcDbLine
 10
-588.6180262274574
 20
-4482.013225381117
 30
0.0
 11
-588.6180262274574
 21
-4486.763225381117
 31
0.0
1001
AcDbBlockRepETag
1070
     1
1071
     3928
1005
3FD
  0
LINE
  5
3FE
330
2A1
100
AcDbEntity
  8
MONTANTE
100
AcDbLine
 10
-443.6180262274574
 20
-4486.763225381117
 30
0.0
 11
-443.6180262274574
 21
-4482.013225381117
 31
0.0
1001
AcDbBlockRepETag
1070
     1
1071
     3929
1005
3FE
  0
LINE
  5
3FF
330
2A1
100
AcDbEntity
  8
MONTANTE
100
AcDbLine
 10
-588.6180262274574
 20
-4482.013225381117
 30
0.0
 11
-588.6180262274574
 21
-4486.763225381117
 31
0.0
1001
AcDbBlockRepETag
1070
     1
1071
     3930
1005
3FF
  0
LINE
  5
400
330
2A1
100
AcDbEntity
  8
MONTANTE
100
AcDbLine
 10
-443.6180262274574
 20
-4486.763225381117
 30
0.0
 11
-443.6180262274574
 21
-4482.013225381117
 31
0.0
1001
AcDbBlockRepETag
1070
     1
1071
     3931
1005
400
  0
LINE
  5
401
330
2A1
100
AcDbEntity
  8
MONTANTE
100
AcDbLine
 10
-588.6180262274574
 20
-4482.013225381117
 30
0.0
 11
-588.6180262274574
 21
-4486.763225381117
 31
0.0
1001
AcDbBlockRepETag
1070
     1
1071
     3932
1005
401
  0
LINE
  5
402
330
2A1
100
AcDbEntity
  8
MONTANTE
100
AcDbLine
 10
-443.6180262274574
 20
-4486.763225381117
 30
0.0
 11
-443.6180262274574
 21
-4482.013225381117
 31
0.0
1001
AcDbBlockRepETag
1070
     1
1071
     3933
1005
402
  0
LINE
  5
403
330
2A1
100
AcDbEntity
  8
MONTANTE
100
AcDbLine
 10
-588.6180262274574
 20
-4482.013225381117
 30
0.0
 11
-588.6180262274574
 21
-4486.763225381117
 31
0.0
1001
AcDbBlockRepETag
1070
     1
1071
     3934
1005
403
  0
LINE
  5
404
330
2A1
100
AcDbEntity
  8
MONTANTE
100
AcDbLine
 10
-443.6180262274574
 20
-4486.763225381117
 30
0.0
 11
-443.6180262274574
 21
-4482.013225381117
 31
0.0
1001
AcDbBlockRepETag
1070
     1
1071
     3935
1005
404
  0
LINE
  5
405
330
2A1
100
AcDbEntity
  8
MONTANTE
100
AcDbLine
 10
-588.6180262274574
 20
-4482.013225381117
 30
0.0
 11
-588.6180262274574
 21
-4486.763225381117
 31
0.0
1001
AcDbBlockRepETag
1070
     1
1071
     3936
1005
405
  0
LINE
  5
406
330
2A1
100
AcDbEntity
  8
MONTANTE
100
AcDbLine
 10
-443.6180262274574
 20
-4486.763225381117
 30
0.0
 11
-443.6180262274574
 21
-4482.013225381117
 31
0.0
1001
AcDbBlockRepETag
1070
     1
1071
     3937
1005
406
  0
LINE
  5
407
330
2A1
100
AcDbEntity
  8
MONTANTE
100
AcDbLine
 10
-588.6180262274574
 20
-4482.013225381117
 30
0.0
 11
-588.6180262274574
 21
-4486.763225381117
 31
0.0
1001
AcDbBlockRepETag
1070
     1
1071
     3938
1005
407
  0
LINE
  5
408
330
2A1
100
AcDbEntity
  8
MONTANTE
100
AcDbLine
 10
-443.6180262274574
 20
-4486.763225381117
 30
0.0
 11
-443.6180262274574
 21
-4482.013225381117
 31
0.0
1001
AcDbBlockRepETag
1070
     1
1071
     3939
1005
408
  0
LINE
  5
409
330
2A1
100
AcDbEntity
  8
MONTANTE
100
AcDbLine
 10
-588.6180262274574
 20
-4482.013225381117
 30
0.0
 11
-588.6180262274574
 21
-4486.763225381117
 31
0.0
1001
AcDbBlockRepETag
1070
     1
1071
     3940
1005
409
  0
LINE
  5
40A
330
2A1
100
AcDbEntity
  8
MONTANTE
100
AcDbLine
 10
-443.6180262274574
 20
-4486.763225381117
 30
0.0
 11
-443.6180262274574
 21
-4482.013225381117
 31
0.0
1001
AcDbBlockRepETag
1070
     1
1071
     3941
1005
40A
  0
LINE
  5
40B
330
2A1
100
AcDbEntity
  8
MONTANTE
100
AcDbLine
 10
-588.6180262274574
 20
-4482.013225381117
 30
0.0
 11
-588.6180262274574
 21
-4486.763225381117
 31
0.0
1001
AcDbBlockRepETag
1070
     1
1071
     3942
1005
40B
  0
LINE
  5
40C
330
2A1
100
AcDbEntity
  8
MONTANTE
100
AcDbLine
 10
-443.6180262274574
 20
-4486.763225381117
 30
0.0
 11
-443.6180262274574
 21
-4482.013225381117
 31
0.0
1001
AcDbBlockRepETag
1070
     1
1071
     3943
1005
40C
  0
LINE
  5
40D
330
2A1
100
AcDbEntity
  8
MONTANTE
100
AcDbLine
 10
-588.6180262274574
 20
-4482.013225381117
 30
0.0
 11
-588.6180262274574
 21
-4486.763225381117
 31
0.0
1001
AcDbBlockRepETag
1070
     1
1071
     3944
1005
40D
  0
LINE
  5
40E
330
2A1
100
AcDbEntity
  8
MONTANTE
100
AcDbLine
 10
-443.6180262274574
 20
-4486.763225381117
 30
0.0
 11
-443.6180262274574
 21
-4482.013225381117
 31
0.0
1001
AcDbBlockRepETag
1070
     1
1071
     3945
1005
40E
  0
LINE
  5
40F
330
2A1
100
AcDbEntity
  8
MONTANTE
100
AcDbLine
 10
-588.6180262274574
 20
-4482.013225381117
 30
0.0
 11
-588.6180262274574
 21
-4486.763225381117
 31
0.0
1001
AcDbBlockRepETag
1070
     1
1071
     3946
1005
40F
  0
LINE
  5
410
330
2A1
100
AcDbEntity
  8
MONTANTE
100
AcDbLine
 10
-443.6180262274574
 20
-4486.763225381117
 30
0.0
 11
-443.6180262274574
 21
-4482.013225381117
 31
0.0
1001
AcDbBlockRepETag
1070
     1
1071
     3947
1005
410
  0
LINE
  5
411
330
2A1
100
AcDbEntity
  8
MONTANTE
100
AcDbLine
 10
-588.6180262274574
 20
-4482.013225381117
 30
0.0
 11
-588.6180262274574
 21
-4486.763225381117
 31
0.0
1001
AcDbBlockRepETag
1070
     1
1071
     3948
1005
411
  0
LINE
  5
412
330
2A1
100
AcDbEntity
  8
MONTANTE
100
AcDbLine
 10
-443.6180262274574
 20
-4486.763225381117
 30
0.0
 11
-443.6180262274574
 21
-4482.013225381117
 31
0.0
1001
AcDbBlockRepETag
1070
     1
1071
     3949
1005
412
  0
LINE
  5
413
330
2A1
100
AcDbEntity
  8
MONTANTE
100
AcDbLine
 10
-588.6180262274574
 20
-4482.013225381117
 30
0.0
 11
-588.6180262274574
 21
-4486.763225381117
 31
0.0
1001
AcDbBlockRepETag
1070
     1
1071
     3950
1005
413
  0
LINE
  5
414
330
2A1
100
AcDbEntity
  8
MONTANTE
100
AcDbLine
 10
-443.6180262274574
 20
-4486.763225381117
 30
0.0
 11
-443.6180262274574
 21
-4482.013225381117
 31
0.0
1001
AcDbBlockRepETag
1070
     1
1071
     3951
1005
414
  0
LINE
  5
415
330
2A1
100
AcDbEntity
  8
MONTANTE
100
AcDbLine
 10
-588.6180262274574
 20
-4482.013225381117
 30
0.0
 11
-588.6180262274574
 21
-4486.763225381117
 31
0.0
1001
AcDbBlockRepETag
1070
     1
1071
     3952
1005
415
  0
LINE
  5
416
330
2A1
100
AcDbEntity
  8
MONTANTE
100
AcDbLine
 10
-443.6180262274574
 20
-4486.763225381117
 30
0.0
 11
-443.6180262274574
 21
-4482.013225381117
 31
0.0
1001
AcDbBlockRepETag
1070
     1
1071
     3953
1005
416
  0
LINE
  5
417
330
2A1
100
AcDbEntity
  8
MONTANTE
100
AcDbLine
 10
-588.6180262274574
 20
-4482.013225381117
 30
0.0
 11
-588.6180262274574
 21
-4486.763225381117
 31
0.0
1001
AcDbBlockRepETag
1070
     1
1071
     3954
1005
417
  0
LINE
  5
418
330
2A1
100
AcDbEntity
  8
MONTANTE
100
AcDbLine
 10
-443.6180262274574
 20
-4486.763225381117
 30
0.0
 11
-443.6180262274574
 21
-4482.013225381117
 31
0.0
1001
AcDbBlockRepETag
1070
     1
1071
     3955
1005
418
  0
LINE
  5
419
330
2A1
100
AcDbEntity
  8
MONTANTE
100
AcDbLine
 10
-588.6180262274574
 20
-4482.013225381117
 30
0.0
 11
-588.6180262274574
 21
-4486.763225381117
 31
0.0
1001
AcDbBlockRepETag
1070
     1
1071
     3956
1005
419
  0
LINE
  5
41A
330
2A1
100
AcDbEntity
  8
MONTANTE
100
AcDbLine
 10
-443.6180262274574
 20
-4486.763225381117
 30
0.0
 11
-443.6180262274574
 21
-4482.013225381117
 31
0.0
1001
AcDbBlockRepETag
1070
     1
1071
     3957
1005
41A
  0
LINE
  5
41B
330
2A1
100
AcDbEntity
  8
MONTANTE
100
AcDbLine
 10
-588.6180262274574
 20
-4482.013225381117
 30
0.0
 11
-588.6180262274574
 21
-4486.763225381117
 31
0.0
1001
AcDbBlockRepETag
1070
     1
1071
     3958
1005
41B
  0
LINE
  5
41C
330
2A1
100
AcDbEntity
  8
MONTANTE
100
AcDbLine
 10
-443.6180262274574
 20
-4486.763225381117
 30
0.0
 11
-443.6180262274574
 21
-4482.013225381117
 31
0.0
1001
AcDbBlockRepETag
1070
     1
1071
     3959
1005
41C
  0
LINE
  5
41D
330
2A1
100
AcDbEntity
  8
MONTANTE
100
AcDbLine
 10
-588.6180262274574
 20
-4482.013225381117
 30
0.0
 11
-588.6180262274574
 21
-4486.763225381117
 31
0.0
1001
AcDbBlockRepETag
1070
     1
1071
     3960
1005
41D
  0
LINE
  5
41E
330
2A1
100
AcDbEntity
  8
MONTANTE
100
AcDbLine
 10
-443.6180262274574
 20
-4486.763225381117
 30
0.0
 11
-443.6180262274574
 21
-4482.013225381117
 31
0.0
1001
AcDbBlockRepETag
1070
     1
1071
     3961
1005
41E
  0
LINE
  5
41F
330
2A1
100
AcDbEntity
  8
MONTANTE
100
AcDbLine
 10
-588.6180262274574
 20
-4482.013225381117
 30
0.0
 11
-588.6180262274574
 21
-4486.763225381117
 31
0.0
1001
AcDbBlockRepETag
1070
     1
1071
     3962
1005
41F
  0
LINE
  5
420
330
2A1
100
AcDbEntity
  8
MONTANTE
100
AcDbLine
 10
-443.6180262274574
 20
-4486.763225381117
 30
0.0
 11
-443.6180262274574
 21
-4482.013225381117
 31
0.0
1001
AcDbBlockRepETag
1070
     1
1071
     3963
1005
420
  0
LINE
  5
421
330
2A1
100
AcDbEntity
  8
MONTANTE
100
AcDbLine
 10
-588.6180262274574
 20
-4482.013225381117
 30
0.0
 11
-588.6180262274574
 21
-4486.763225381117
 31
0.0
1001
AcDbBlockRepETag
1070
     1
1071
     3964
1005
421
  0
LINE
  5
422
330
2A1
100
AcDbEntity
  8
MONTANTE
100
AcDbLine
 10
-443.6180262274574
 20
-4486.763225381117
 30
0.0
 11
-443.6180262274574
 21
-4482.013225381117
 31
0.0
1001
AcDbBlockRepETag
1070
     1
1071
     3965
1005
422
  0
LINE
  5
423
330
2A1
100
AcDbEntity
  8
MONTANTE
100
AcDbLine
 10
-588.6180262274574
 20
-4482.013225381117
 30
0.0
 11
-588.6180262274574
 21
-4486.763225381117
 31
0.0
1001
AcDbBlockRepETag
1070
     1
1071
     3966
1005
423
  0
LINE
  5
424
330
2A1
100
AcDbEntity
  8
MONTANTE
100
AcDbLine
 10
-443.6180262274574
 20
-4486.763225381117
 30
0.0
 11
-443.6180262274574
 21
-4482.013225381117
 31
0.0
1001
AcDbBlockRepETag
1070
     1
1071
     3967
1005
424
  0
LINE
  5
425
330
2A1
100
AcDbEntity
  8
MONTANTE
100
AcDbLine
 10
-588.6180262274574
 20
-4482.013225381117
 30
0.0
 11
-588.6180262274574
 21
-4486.763225381117
 31
0.0
1001
AcDbBlockRepETag
1070
     1
1071
     3968
1005
425
  0
LINE
  5
426
330
2A1
100
AcDbEntity
  8
MONTANTE
100
AcDbLine
 10
-443.6180262274574
 20
-4486.763225381117
 30
0.0
 11
-443.6180262274574
 21
-4482.013225381117
 31
0.0
1001
AcDbBlockRepETag
1070
     1
1071
     3969
1005
426
  0
LINE
  5
427
330
2A1
100
AcDbEntity
  8
MONTANTE
100
AcDbLine
 10
-588.6180262274574
 20
-4482.013225381117
 30
0.0
 11
-588.6180262274574
 21
-4486.763225381117
 31
0.0
1001
AcDbBlockRepETag
1070
     1
1071
     3970
1005
427
  0
LINE
  5
428
330
2A1
100
AcDbEntity
  8
MONTANTE
100
AcDbLine
 10
-443.6180262274574
 20
-4486.763225381117
 30
0.0
 11
-443.6180262274574
 21
-4482.013225381117
 31
0.0
1001
AcDbBlockRepETag
1070
     1
1071
     3971
1005
428
  0
LINE
  5
429
330
2A1
100
AcDbEntity
  8
MONTANTE
100
AcDbLine
 10
-588.6180262274574
 20
-4482.013225381117
 30
0.0
 11
-588.6180262274574
 21
-4486.763225381117
 31
0.0
1001
AcDbBlockRepETag
1070
     1
1071
     3972
1005
429
  0
LINE
  5
42A
330
2A1
100
AcDbEntity
  8
MONTANTE
100
AcDbLine
 10
-443.6180262274574
 20
-4486.763225381117
 30
0.0
 11
-443.6180262274574
 21
-4482.013225381117
 31
0.0
1001
AcDbBlockRepETag
1070
     1
1071
     3973
1005
42A
  0
LINE
  5
42B
330
2A1
100
AcDbEntity
  8
MONTANTE
100
AcDbLine
 10
-588.6180262274574
 20
-4482.013225381117
 30
0.0
 11
-588.6180262274574
 21
-4486.763225381117
 31
0.0
1001
AcDbBlockRepETag
1070
     1
1071
     3974
1005
42B
  0
LINE
  5
42C
330
2A1
100
AcDbEntity
  8
MONTANTE
100
AcDbLine
 10
-443.6180262274574
 20
-4486.763225381117
 30
0.0
 11
-443.6180262274574
 21
-4482.013225381117
 31
0.0
1001
AcDbBlockRepETag
1070
     1
1071
     3975
1005
42C
  0
LINE
  5
42D
330
2A1
100
AcDbEntity
  8
MONTANTE
100
AcDbLine
 10
-588.6180262274574
 20
-4482.013225381117
 30
0.0
 11
-588.6180262274574
 21
-4486.763225381117
 31
0.0
1001
AcDbBlockRepETag
1070
     1
1071
     3976
1005
42D
  0
LINE
  5
42E
330
2A1
100
AcDbEntity
  8
MONTANTE
100
AcDbLine
 10
-443.6180262274574
 20
-4486.763225381117
 30
0.0
 11
-443.6180262274574
 21
-4482.013225381117
 31
0.0
1001
AcDbBlockRepETag
1070
     1
1071
     3977
1005
42E
  0
LINE
  5
42F
330
2A1
100
AcDbEntity
  8
MONTANTE
100
AcDbLine
 10
-588.6180262274574
 20
-4482.013225381117
 30
0.0
 11
-588.6180262274574
 21
-4486.763225381117
 31
0.0
1001
AcDbBlockRepETag
1070
     1
1071
     3978
1005
42F
  0
LINE
  5
430
330
2A1
100
AcDbEntity
  8
MONTANTE
100
AcDbLine
 10
-443.6180262274574
 20
-4486.763225381117
 30
0.0
 11
-443.6180262274574
 21
-4482.013225381117
 31
0.0
1001
AcDbBlockRepETag
1070
     1
1071
     3979
1005
430
  0
LINE
  5
431
330
2A1
100
AcDbEntity
  8
MONTANTE
100
AcDbLine
 10
-588.6180262274574
 20
-4482.013225381117
 30
0.0
 11
-588.6180262274574
 21
-4486.763225381117
 31
0.0
1001
AcDbBlockRepETag
1070
     1
1071
     3980
1005
431
  0
LINE
  5
432
330
2A1
100
AcDbEntity
  8
MONTANTE
100
AcDbLine
 10
-443.6180262274574
 20
-4486.763225381117
 30
0.0
 11
-443.6180262274574
 21
-4482.013225381117
 31
0.0
1001
AcDbBlockRepETag
1070
     1
1071
     3981
1005
432
  0
LINE
  5
433
330
2A1
100
AcDbEntity
  8
MONTANTE
100
AcDbLine
 10
-588.6180262274574
 20
-4482.013225381117
 30
0.0
 11
-588.6180262274574
 21
-4486.763225381117
 31
0.0
1001
AcDbBlockRepETag
1070
     1
1071
     3982
1005
433
  0
LINE
  5
434
330
2A1
100
AcDbEntity
  8
MONTANTE
100
AcDbLine
 10
-443.6180262274574
 20
-4486.763225381117
 30
0.0
 11
-443.6180262274574
 21
-4482.013225381117
 31
0.0
1001
AcDbBlockRepETag
1070
     1
1071
     3983
1005
434
  0
LINE
  5
435
330
2A1
100
AcDbEntity
  8
MONTANTE
100
AcDbLine
 10
-588.6180262274574
 20
-4482.013225381117
 30
0.0
 11
-588.6180262274574
 21
-4486.763225381117
 31
0.0
1001
AcDbBlockRepETag
1070
     1
1071
     3984
1005
435
  0
LINE
  5
436
330
2A1
100
AcDbEntity
  8
MONTANTE
100
AcDbLine
 10
-443.6180262274574
 20
-4486.763225381117
 30
0.0
 11
-443.6180262274574
 21
-4482.013225381117
 31
0.0
1001
AcDbBlockRepETag
1070
     1
1071
     3985
1005
436
  0
LINE
  5
437
330
2A1
100
AcDbEntity
  8
MONTANTE
100
AcDbLine
 10
-588.6180262274574
 20
-4482.013225381117
 30
0.0
 11
-588.6180262274574
 21
-4486.763225381117
 31
0.0
1001
AcDbBlockRepETag
1070
     1
1071
     3986
1005
437
  0
LINE
  5
438
330
2A1
100
AcDbEntity
  8
MONTANTE
100
AcDbLine
 10
-443.6180262274574
 20
-4486.763225381117
 30
0.0
 11
-443.6180262274574
 21
-4482.013225381117
 31
0.0
1001
AcDbBlockRepETag
1070
     1
1071
     3987
1005
438
  0
LINE
  5
439
330
2A1
100
AcDbEntity
  8
MONTANTE
100
AcDbLine
 10
-588.6180262274574
 20
-4482.013225381117
 30
0.0
 11
-588.6180262274574
 21
-4486.763225381117
 31
0.0
1001
AcDbBlockRepETag
1070
     1
1071
     3988
1005
439
  0
LINE
  5
43A
330
2A1
100
AcDbEntity
  8
MONTANTE
100
AcDbLine
 10
-443.6180262274574
 20
-4486.763225381117
 30
0.0
 11
-443.6180262274574
 21
-4482.013225381117
 31
0.0
1001
AcDbBlockRepETag
1070
     1
1071
     3989
1005
43A
  0
LINE
  5
43B
330
2A1
100
AcDbEntity
  8
MONTANTE
100
AcDbLine
 10
-588.6180262274574
 20
-4482.013225381117
 30
0.0
 11
-588.6180262274574
 21
-4486.763225381117
 31
0.0
1001
AcDbBlockRepETag
1070
     1
1071
     3990
1005
43B
  0
LINE
  5
43C
330
2A1
100
AcDbEntity
  8
MONTANTE
100
AcDbLine
 10
-443.6180262274574
 20
-4486.763225381117
 30
0.0
 11
-443.6180262274574
 21
-4482.013225381117
 31
0.0
1001
AcDbBlockRepETag
1070
     1
1071
     3991
1005
43C
  0
LINE
  5
43D
330
2A1
100
AcDbEntity
  8
MONTANTE
100
AcDbLine
 10
-588.6180262274574
 20
-4482.013225381117
 30
0.0
 11
-588.6180262274574
 21
-4486.763225381117
 31
0.0
1001
AcDbBlockRepETag
1070
     1
1071
     3992
1005
43D
  0
LINE
  5
43E
330
2A1
100
AcDbEntity
  8
MONTANTE
100
AcDbLine
 10
-443.6180262274574
 20
-4486.763225381117
 30
0.0
 11
-443.6180262274574
 21
-4482.013225381117
 31
0.0
1001
AcDbBlockRepETag
1070
     1
1071
     3993
1005
43E
  0
LINE
  5
43F
330
2A1
100
AcDbEntity
  8
MONTANTE
100
AcDbLine
 10
-588.6180262274574
 20
-4482.013225381117
 30
0.0
 11
-588.6180262274574
 21
-4486.763225381117
 31
0.0
1001
AcDbBlockRepETag
1070
     1
1071
     3994
1005
43F
  0
LINE
  5
440
330
2A1
100
AcDbEntity
  8
MONTANTE
100
AcDbLine
 10
-443.6180262274574
 20
-4486.763225381117
 30
0.0
 11
-443.6180262274574
 21
-4482.013225381117
 31
0.0
1001
AcDbBlockRepETag
1070
     1
1071
     3995
1005
440
  0
LINE
  5
441
330
2A1
100
AcDbEntity
  8
MONTANTE
100
AcDbLine
 10
-588.6180262274574
 20
-4482.013225381117
 30
0.0
 11
-588.6180262274574
 21
-4486.763225381117
 31
0.0
1001
AcDbBlockRepETag
1070
     1
1071
     3996
1005
441
  0
LINE
  5
442
330
2A1
100
AcDbEntity
  8
MONTANTE
100
AcDbLine
 10
-443.6180262274574
 20
-4486.763225381117
 30
0.0
 11
-443.6180262274574
 21
-4482.013225381117
 31
0.0
1001
AcDbBlockRepETag
1070
     1
1071
     3997
1005
442
  0
LINE
  5
443
330
2A1
100
AcDbEntity
  8
MONTANTE
100
AcDbLine
 10
-588.6180262274574
 20
-4482.013225381117
 30
0.0
 11
-588.6180262274574
 21
-4486.763225381117
 31
0.0
1001
AcDbBlockRepETag
1070
     1
1071
     3998
1005
443
  0
LINE
  5
444
330
2A1
100
AcDbEntity
  8
MONTANTE
100
AcDbLine
 10
-443.6180262274574
 20
-4486.763225381117
 30
0.0
 11
-443.6180262274574
 21
-4482.013225381117
 31
0.0
1001
AcDbBlockRepETag
1070
     1
1071
     3999
1005
444
  0
LINE
  5
445
330
2A1
100
AcDbEntity
  8
MONTANTE
100
AcDbLine
 10
-588.6180262274574
 20
-4482.013225381117
 30
0.0
 11
-588.6180262274574
 21
-4486.763225381117
 31
0.0
1001
AcDbBlockRepETag
1070
     1
1071
     4000
1005
445
  0
LINE
  5
446
330
2A1
100
AcDbEntity
  8
MONTANTE
100
AcDbLine
 10
-443.6180262274574
 20
-4486.763225381117
 30
0.0
 11
-443.6180262274574
 21
-4482.013225381117
 31
0.0
1001
AcDbBlockRepETag
1070
     1
1071
     4001
1005
446
  0
LINE
  5
447
330
2A1
100
AcDbEntity
  8
MONTANTE
100
AcDbLine
 10
-588.6180262274574
 20
-4482.013225381117
 30
0.0
 11
-588.6180262274574
 21
-4486.763225381117
 31
0.0
1001
AcDbBlockRepETag
1070
     1
1071
     4002
1005
447
  0
LINE
  5
448
330
2A1
100
AcDbEntity
  8
MONTANTE
100
AcDbLine
 10
-443.6180262274574
 20
-4486.763225381117
 30
0.0
 11
-443.6180262274574
 21
-4482.013225381117
 31
0.0
1001
AcDbBlockRepETag
1070
     1
1071
     4003
1005
448
  0
LINE
  5
449
330
2A1
100
AcDbEntity
  8
MONTANTE
100
AcDbLine
 10
-588.6180262274574
 20
-4482.013225381117
 30
0.0
 11
-588.6180262274574
 21
-4486.763225381117
 31
0.0
1001
AcDbBlockRepETag
1070
     1
1071
     4004
1005
449
  0
LINE
  5
44A
330
2A1
100
AcDbEntity
  8
MONTANTE
100
AcDbLine
 10
-443.6180262274574
 20
-4486.763225381117
 30
0.0
 11
-443.6180262274574
 21
-4482.013225381117
 31
0.0
1001
AcDbBlockRepETag
1070
     1
1071
     4005
1005
44A
  0
LINE
  5
44B
330
2A1
100
AcDbEntity
  8
MONTANTE
100
AcDbLine
 10
-588.6180262274574
 20
-4482.013225381117
 30
0.0
 11
-588.6180262274574
 21
-4486.763225381117
 31
0.0
1001
AcDbBlockRepETag
1070
     1
1071
     4006
1005
44B
  0
LINE
  5
44C
330
2A1
100
AcDbEntity
  8
MONTANTE
100
AcDbLine
 10
-443.6180262274574
 20
-4486.763225381117
 30
0.0
 11
-443.6180262274574
 21
-4482.013225381117
 31
0.0
1001
AcDbBlockRepETag
1070
     1
1071
     4007
1005
44C
  0
LINE
  5
44D
330
2A1
100
AcDbEntity
  8
MONTANTE
100
AcDbLine
 10
-588.6180262274574
 20
-4482.013225381117
 30
0.0
 11
-588.6180262274574
 21
-4486.763225381117
 31
0.0
1001
AcDbBlockRepETag
1070
     1
1071
     4008
1005
44D
  0
LINE
  5
44E
330
2A1
100
AcDbEntity
  8
MONTANTE
100
AcDbLine
 10
-443.6180262274574
 20
-4486.763225381117
 30
0.0
 11
-443.6180262274574
 21
-4482.013225381117
 31
0.0
1001
AcDbBlockRepETag
1070
     1
1071
     4009
1005
44E
  0
LINE
  5
44F
330
2A1
100
AcDbEntity
  8
MONTANTE
100
AcDbLine
 10
-588.6180262274574
 20
-4482.013225381117
 30
0.0
 11
-588.6180262274574
 21
-4486.763225381117
 31
0.0
1001
AcDbBlockRepETag
1070
     1
1071
     4010
1005
44F
  0
LINE
  5
450
330
2A1
100
AcDbEntity
  8
MONTANTE
100
AcDbLine
 10
-443.6180262274574
 20
-4486.763225381117
 30
0.0
 11
-443.6180262274574
 21
-4482.013225381117
 31
0.0
1001
AcDbBlockRepETag
1070
     1
1071
     4011
1005
450
  0
LINE
  5
451
330
2A1
100
AcDbEntity
  8
MONTANTE
100
AcDbLine
 10
-588.6180262274574
 20
-4482.013225381117
 30
0.0
 11
-588.6180262274574
 21
-4486.763225381117
 31
0.0
1001
AcDbBlockRepETag
1070
     1
1071
     4012
1005
451
  0
LINE
  5
452
330
2A1
100
AcDbEntity
  8
MONTANTE
100
AcDbLine
 10
-443.6180262274574
 20
-4486.763225381117
 30
0.0
 11
-443.6180262274574
 21
-4482.013225381117
 31
0.0
1001
AcDbBlockRepETag
1070
     1
1071
     4013
1005
452
  0
LINE
  5
453
330
2A1
100
AcDbEntity
  8
MONTANTE
100
AcDbLine
 10
-588.6180262274574
 20
-4482.013225381117
 30
0.0
 11
-588.6180262274574
 21
-4486.763225381117
 31
0.0
1001
AcDbBlockRepETag
1070
     1
1071
     4014
1005
453
  0
LINE
  5
454
330
2A1
100
AcDbEntity
  8
MONTANTE
100
AcDbLine
 10
-443.6180262274574
 20
-4486.763225381117
 30
0.0
 11
-443.6180262274574
 21
-4482.013225381117
 31
0.0
1001
AcDbBlockRepETag
1070
     1
1071
     4015
1005
454
  0
LINE
  5
455
330
2A1
100
AcDbEntity
  8
MONTANTE
100
AcDbLine
 10
-588.6180262274574
 20
-4482.013225381117
 30
0.0
 11
-588.6180262274574
 21
-4486.763225381117
 31
0.0
1001
AcDbBlockRepETag
1070
     1
1071
     4016
1005
455
  0
LINE
  5
456
330
2A1
100
AcDbEntity
  8
MONTANTE
100
AcDbLine
 10
-443.6180262274574
 20
-4486.763225381117
 30
0.0
 11
-443.6180262274574
 21
-4482.013225381117
 31
0.0
1001
AcDbBlockRepETag
1070
     1
1071
     4017
1005
456
  0
LINE
  5
457
330
2A1
100
AcDbEntity
  8
MONTANTE
100
AcDbLine
 10
-588.6180262274574
 20
-4482.013225381117
 30
0.0
 11
-588.6180262274574
 21
-4486.763225381117
 31
0.0
1001
AcDbBlockRepETag
1070
     1
1071
     4018
1005
457
  0
LINE
  5
458
330
2A1
100
AcDbEntity
  8
MONTANTE
100
AcDbLine
 10
-443.6180262274574
 20
-4486.763225381117
 30
0.0
 11
-443.6180262274574
 21
-4482.013225381117
 31
0.0
1001
AcDbBlockRepETag
1070
     1
1071
     4019
1005
458
  0
LINE
  5
459
330
2A1
100
AcDbEntity
  8
MONTANTE
100
AcDbLine
 10
-588.6180262274574
 20
-4482.013225381117
 30
0.0
 11
-588.6180262274574
 21
-4486.763225381117
 31
0.0
1001
AcDbBlockRepETag
1070
     1
1071
     4020
1005
459
  0
LINE
  5
45A
330
2A1
100
AcDbEntity
  8
MONTANTE
100
AcDbLine
 10
-443.6180262274574
 20
-4486.763225381117
 30
0.0
 11
-443.6180262274574
 21
-4482.013225381117
 31
0.0
1001
AcDbBlockRepETag
1070
     1
1071
     4021
1005
45A
  0
LINE
  5
45B
330
2A1
100
AcDbEntity
  8
MONTANTE
100
AcDbLine
 10
-588.6180262274574
 20
-4482.013225381117
 30
0.0
 11
-588.6180262274574
 21
-4486.763225381117
 31
0.0
1001
AcDbBlockRepETag
1070
     1
1071
     4022
1005
45B
  0
LINE
  5
45C
330
2A1
100
AcDbEntity
  8
MONTANTE
100
AcDbLine
 10
-443.6180262274574
 20
-4486.763225381117
 30
0.0
 11
-443.6180262274574
 21
-4482.013225381117
 31
0.0
1001
AcDbBlockRepETag
1070
     1
1071
     4023
1005
45C
  0
LINE
  5
45D
330
2A1
100
AcDbEntity
  8
MONTANTE
100
AcDbLine
 10
-588.6180262274574
 20
-4482.013225381117
 30
0.0
 11
-588.6180262274574
 21
-4486.763225381117
 31
0.0
1001
AcDbBlockRepETag
1070
     1
1071
     4024
1005
45D
  0
LINE
  5
45E
330
2A1
100
AcDbEntity
  8
MONTANTE
100
AcDbLine
 10
-443.6180262274574
 20
-4486.763225381117
 30
0.0
 11
-443.6180262274574
 21
-4482.013225381117
 31
0.0
1001
AcDbBlockRepETag
1070
     1
1071
     4025
1005
45E
  0
LINE
  5
45F
330
2A1
100
AcDbEntity
  8
MONTANTE
100
AcDbLine
 10
-588.6180262274574
 20
-4482.013225381117
 30
0.0
 11
-588.6180262274574
 21
-4486.763225381117
 31
0.0
1001
AcDbBlockRepETag
1070
     1
1071
     4026
1005
45F
  0
LINE
  5
460
330
2A1
100
AcDbEntity
  8
MONTANTE
100
AcDbLine
 10
-443.6180262274574
 20
-4486.763225381117
 30
0.0
 11
-443.6180262274574
 21
-4482.013225381117
 31
0.0
1001
AcDbBlockRepETag
1070
     1
1071
     4027
1005
460
  0
LINE
  5
461
330
2A1
100
AcDbEntity
  8
MONTANTE
100
AcDbLine
 10
-588.6180262274574
 20
-4482.013225381117
 30
0.0
 11
-588.6180262274574
 21
-4486.763225381117
 31
0.0
1001
AcDbBlockRepETag
1070
     1
1071
     4028
1005
461
  0
LINE
  5
462
330
2A1
100
AcDbEntity
  8
MONTANTE
100
AcDbLine
 10
-443.6180262274574
 20
-4486.763225381117
 30
0.0
 11
-443.6180262274574
 21
-4482.013225381117
 31
0.0
1001
AcDbBlockRepETag
1070
     1
1071
     4029
1005
462
  0
LINE
  5
463
330
2A1
100
AcDbEntity
  8
MONTANTE
100
AcDbLine
 10
-588.6180262274574
 20
-4482.013225381117
 30
0.0
 11
-588.6180262274574
 21
-4486.763225381117
 31
0.0
1001
AcDbBlockRepETag
1070
     1
1071
     4030
1005
463
  0
LINE
  5
464
330
2A1
100
AcDbEntity
  8
MONTANTE
100
AcDbLine
 10
-443.6180262274574
 20
-4486.763225381117
 30
0.0
 11
-443.6180262274574
 21
-4482.013225381117
 31
0.0
1001
AcDbBlockRepETag
1070
     1
1071
     4031
1005
464
  0
LINE
  5
465
330
2A1
100
AcDbEntity
  8
MONTANTE
100
AcDbLine
 10
-588.6180262274574
 20
-4482.013225381117
 30
0.0
 11
-588.6180262274574
 21
-4486.763225381117
 31
0.0
1001
AcDbBlockRepETag
1070
     1
1071
     4032
1005
465
  0
LINE
  5
466
330
2A1
100
AcDbEntity
  8
MONTANTE
100
AcDbLine
 10
-443.6180262274574
 20
-4486.763225381117
 30
0.0
 11
-443.6180262274574
 21
-4482.013225381117
 31
0.0
1001
AcDbBlockRepETag
1070
     1
1071
     4033
1005
466
  0
LINE
  5
467
330
2A1
100
AcDbEntity
  8
MONTANTE
100
AcDbLine
 10
-588.6180262274574
 20
-4482.013225381117
 30
0.0
 11
-588.6180262274574
 21
-4486.763225381117
 31
0.0
1001
AcDbBlockRepETag
1070
     1
1071
     4034
1005
467
  0
LINE
  5
468
330
2A1
100
AcDbEntity
  8
MONTANTE
100
AcDbLine
 10
-443.6180262274574
 20
-4486.763225381117
 30
0.0
 11
-443.6180262274574
 21
-4482.013225381117
 31
0.0
1001
AcDbBlockRepETag
1070
     1
1071
     4035
1005
468
  0
LINE
  5
469
330
2A1
100
AcDbEntity
  8
MONTANTE
100
AcDbLine
 10
-588.6180262274574
 20
-4482.013225381117
 30
0.0
 11
-588.6180262274574
 21
-4486.763225381117
 31
0.0
1001
AcDbBlockRepETag
1070
     1
1071
     4036
1005
469
  0
LINE
  5
46A
330
2A1
100
AcDbEntity
  8
MONTANTE
100
AcDbLine
 10
-443.6180262274574
 20
-4486.763225381117
 30
0.0
 11
-443.6180262274574
 21
-4482.013225381117
 31
0.0
1001
AcDbBlockRepETag
1070
     1
1071
     4037
1005
46A
  0
LINE
  5
46B
330
2A1
100
AcDbEntity
  8
MONTANTE
100
AcDbLine
 10
-588.6180262274574
 20
-4482.013225381117
 30
0.0
 11
-588.6180262274574
 21
-4486.763225381117
 31
0.0
1001
AcDbBlockRepETag
1070
     1
1071
     4038
1005
46B
  0
LINE
  5
46C
330
2A1
100
AcDbEntity
  8
MONTANTE
100
AcDbLine
 10
-443.6180262274574
 20
-4486.763225381117
 30
0.0
 11
-443.6180262274574
 21
-4482.013225381117
 31
0.0
1001
AcDbBlockRepETag
1070
     1
1071
     4039
1005
46C
  0
LINE
  5
46D
330
2A1
100
AcDbEntity
  8
MONTANTE
100
AcDbLine
 10
-588.6180262274574
 20
-4482.013225381117
 30
0.0
 11
-588.6180262274574
 21
-4486.763225381117
 31
0.0
1001
AcDbBlockRepETag
1070
     1
1071
     4040
1005
46D
  0
LINE
  5
46E
330
2A1
100
AcDbEntity
  8
MONTANTE
100
AcDbLine
 10
-443.6180262274574
 20
-4486.763225381117
 30
0.0
 11
-443.6180262274574
 21
-4482.013225381117
 31
0.0
1001
AcDbBlockRepETag
1070
     1
1071
     4041
1005
46E
  0
LINE
  5
46F
330
2A1
100
AcDbEntity
  8
MONTANTE
100
AcDbLine
 10
-588.6180262274574
 20
-4482.013225381117
 30
0.0
 11
-588.6180262274574
 21
-4486.763225381117
 31
0.0
1001
AcDbBlockRepETag
1070
     1
1071
     4042
1005
46F
  0
LINE
  5
470
330
2A1
100
AcDbEntity
  8
MONTANTE
100
AcDbLine
 10
-443.6180262274574
 20
-4486.763225381117
 30
0.0
 11
-443.6180262274574
 21
-4482.013225381117
 31
0.0
1001
AcDbBlockRepETag
1070
     1
1071
     4043
1005
470
  0
LINE
  5
471
330
2A1
100
AcDbEntity
  8
MONTANTE
100
AcDbLine
 10
-588.6180262274574
 20
-4482.013225381117
 30
0.0
 11
-588.6180262274574
 21
-4486.763225381117
 31
0.0
1001
AcDbBlockRepETag
1070
     1
1071
     4044
1005
471
  0
LINE
  5
472
330
2A1
100
AcDbEntity
  8
MONTANTE
100
AcDbLine
 10
-443.6180262274574
 20
-4486.763225381117
 30
0.0
 11
-443.6180262274574
 21
-4482.013225381117
 31
0.0
1001
AcDbBlockRepETag
1070
     1
1071
     4045
1005
472
  0
LINE
  5
473
330
2A1
100
AcDbEntity
  8
MONTANTE
100
AcDbLine
 10
-588.6180262274574
 20
-4482.013225381117
 30
0.0
 11
-588.6180262274574
 21
-4486.763225381117
 31
0.0
1001
AcDbBlockRepETag
1070
     1
1071
     4046
1005
473
  0
LINE
  5
474
330
2A1
100
AcDbEntity
  8
MONTANTE
100
AcDbLine
 10
-443.6180262274574
 20
-4486.763225381117
 30
0.0
 11
-443.6180262274574
 21
-4482.013225381117
 31
0.0
1001
AcDbBlockRepETag
1070
     1
1071
     4047
1005
474
  0
LINE
  5
475
330
2A1
100
AcDbEntity
  8
MONTANTE
100
AcDbLine
 10
-588.6180262274574
 20
-4482.013225381117
 30
0.0
 11
-588.6180262274574
 21
-4486.763225381117
 31
0.0
1001
AcDbBlockRepETag
1070
     1
1071
     4048
1005
475
  0
LINE
  5
476
330
2A1
100
AcDbEntity
  8
MONTANTE
100
AcDbLine
 10
-443.6180262274574
 20
-4486.763225381117
 30
0.0
 11
-443.6180262274574
 21
-4482.013225381117
 31
0.0
1001
AcDbBlockRepETag
1070
     1
1071
     4049
1005
476
  0
LINE
  5
477
330
2A1
100
AcDbEntity
  8
MONTANTE
100
AcDbLine
 10
-588.6180262274574
 20
-4482.013225381117
 30
0.0
 11
-588.6180262274574
 21
-4486.763225381117
 31
0.0
1001
AcDbBlockRepETag
1070
     1
1071
     4050
1005
477
  0
LINE
  5
478
330
2A1
100
AcDbEntity
  8
MONTANTE
100
AcDbLine
 10
-443.6180262274574
 20
-4486.763225381117
 30
0.0
 11
-443.6180262274574
 21
-4482.013225381117
 31
0.0
1001
AcDbBlockRepETag
1070
     1
1071
     4051
1005
478
  0
LINE
  5
479
330
2A1
100
AcDbEntity
  8
MONTANTE
100
AcDbLine
 10
-588.6180262274574
 20
-4482.013225381117
 30
0.0
 11
-588.6180262274574
 21
-4486.763225381117
 31
0.0
1001
AcDbBlockRepETag
1070
     1
1071
     4052
1005
479
  0
LINE
  5
47A
330
2A1
100
AcDbEntity
  8
MONTANTE
100
AcDbLine
 10
-443.6180262274574
 20
-4486.763225381117
 30
0.0
 11
-443.6180262274574
 21
-4482.013225381117
 31
0.0
1001
AcDbBlockRepETag
1070
     1
1071
     4053
1005
47A
  0
LINE
  5
47B
330
2A1
100
AcDbEntity
  8
MONTANTE
100
AcDbLine
 10
-588.6180262274574
 20
-4482.013225381117
 30
0.0
 11
-588.6180262274574
 21
-4486.763225381117
 31
0.0
1001
AcDbBlockRepETag
1070
     1
1071
     4054
1005
47B
  0
LINE
  5
47C
330
2A1
100
AcDbEntity
  8
MONTANTE
100
AcDbLine
 10
-443.6180262274574
 20
-4486.763225381117
 30
0.0
 11
-443.6180262274574
 21
-4482.013225381117
 31
0.0
1001
AcDbBlockRepETag
1070
     1
1071
     4055
1005
47C
  0
LINE
  5
47D
330
2A1
100
AcDbEntity
  8
MONTANTE
100
AcDbLine
 10
-588.6180262274574
 20
-4482.013225381117
 30
0.0
 11
-588.6180262274574
 21
-4486.763225381117
 31
0.0
1001
AcDbBlockRepETag
1070
     1
1071
     4056
1005
47D
  0
LINE
  5
47E
330
2A1
100
AcDbEntity
  8
MONTANTE
100
AcDbLine
 10
-443.6180262274574
 20
-4486.763225381117
 30
0.0
 11
-443.6180262274574
 21
-4482.013225381117
 31
0.0
1001
AcDbBlockRepETag
1070
     1
1071
     4057
1005
47E
  0
LINE
  5
47F
330
2A1
100
AcDbEntity
  8
MONTANTE
100
AcDbLine
 10
-588.6180262274574
 20
-4482.013225381117
 30
0.0
 11
-588.6180262274574
 21
-4486.763225381117
 31
0.0
1001
AcDbBlockRepETag
1070
     1
1071
     4058
1005
47F
  0
LINE
  5
480
330
2A1
100
AcDbEntity
  8
MONTANTE
100
AcDbLine
 10
-443.6180262274574
 20
-4486.763225381117
 30
0.0
 11
-443.6180262274574
 21
-4482.013225381117
 31
0.0
1001
AcDbBlockRepETag
1070
     1
1071
     4059
1005
480
  0
LINE
  5
481
330
2A1
100
AcDbEntity
  8
MONTANTE
100
AcDbLine
 10
-588.6180262274574
 20
-4482.013225381117
 30
0.0
 11
-588.6180262274574
 21
-4486.763225381117
 31
0.0
1001
AcDbBlockRepETag
1070
     1
1071
     4060
1005
481
  0
LINE
  5
482
330
2A1
100
AcDbEntity
  8
MONTANTE
100
AcDbLine
 10
-443.6180262274574
 20
-4486.763225381117
 30
0.0
 11
-443.6180262274574
 21
-4482.013225381117
 31
0.0
1001
AcDbBlockRepETag
1070
     1
1071
     4061
1005
482
  0
LINE
  5
483
330
2A1
100
AcDbEntity
  8
MONTANTE
100
AcDbLine
 10
-588.6180262274574
 20
-4482.013225381117
 30
0.0
 11
-588.6180262274574
 21
-4486.763225381117
 31
0.0
1001
AcDbBlockRepETag
1070
     1
1071
     4062
1005
483
  0
LINE
  5
484
330
2A1
100
AcDbEntity
  8
MONTANTE
100
AcDbLine
 10
-443.6180262274574
 20
-4486.763225381117
 30
0.0
 11
-443.6180262274574
 21
-4482.013225381117
 31
0.0
1001
AcDbBlockRepETag
1070
     1
1071
     4063
1005
484
  0
LINE
  5
485
330
2A1
100
AcDbEntity
  8
MONTANTE
100
AcDbLine
 10
-588.6180262274574
 20
-4482.013225381117
 30
0.0
 11
-588.6180262274574
 21
-4486.763225381117
 31
0.0
1001
AcDbBlockRepETag
1070
     1
1071
     4064
1005
485
  0
LINE
  5
486
330
2A1
100
AcDbEntity
  8
MONTANTE
100
AcDbLine
 10
-443.6180262274574
 20
-4486.763225381117
 30
0.0
 11
-443.6180262274574
 21
-4482.013225381117
 31
0.0
1001
AcDbBlockRepETag
1070
     1
1071
     4065
1005
486
  0
LINE
  5
487
330
2A1
100
AcDbEntity
  8
MONTANTE
100
AcDbLine
 10
-588.6180262274574
 20
-4482.013225381117
 30
0.0
 11
-588.6180262274574
 21
-4486.763225381117
 31
0.0
1001
AcDbBlockRepETag
1070
     1
1071
     4066
1005
487
  0
LINE
  5
488
330
2A1
100
AcDbEntity
  8
MONTANTE
100
AcDbLine
 10
-443.6180262274574
 20
-4486.763225381117
 30
0.0
 11
-443.6180262274574
 21
-4482.013225381117
 31
0.0
1001
AcDbBlockRepETag
1070
     1
1071
     4067
1005
488
  0
LINE
  5
489
330
2A1
100
AcDbEntity
  8
MONTANTE
100
AcDbLine
 10
-588.6180262274574
 20
-4482.013225381117
 30
0.0
 11
-588.6180262274574
 21
-4486.763225381117
 31
0.0
1001
AcDbBlockRepETag
1070
     1
1071
     4068
1005
489
  0
LINE
  5
48A
330
2A1
100
AcDbEntity
  8
MONTANTE
100
AcDbLine
 10
-443.6180262274574
 20
-4486.763225381117
 30
0.0
 11
-443.6180262274574
 21
-4482.013225381117
 31
0.0
1001
AcDbBlockRepETag
1070
     1
1071
     4069
1005
48A
  0
LINE
  5
48B
330
2A1
100
AcDbEntity
  8
MONTANTE
100
AcDbLine
 10
-588.6180262274574
 20
-4482.013225381117
 30
0.0
 11
-588.6180262274574
 21
-4486.763225381117
 31
0.0
1001
AcDbBlockRepETag
1070
     1
1071
     4070
1005
48B
  0
LINE
  5
48C
330
2A1
100
AcDbEntity
  8
MONTANTE
100
AcDbLine
 10
-443.6180262274574
 20
-4486.763225381117
 30
0.0
 11
-443.6180262274574
 21
-4482.013225381117
 31
0.0
1001
AcDbBlockRepETag
1070
     1
1071
     4071
1005
48C
  0
LINE
  5
48D
330
2A1
100
AcDbEntity
  8
MONTANTE
100
AcDbLine
 10
-588.6180262274574
 20
-4482.013225381117
 30
0.0
 11
-588.6180262274574
 21
-4486.763225381117
 31
0.0
1001
AcDbBlockRepETag
1070
     1
1071
     4072
1005
48D
  0
LINE
  5
48E
330
2A1
100
AcDbEntity
  8
MONTANTE
100
AcDbLine
 10
-443.6180262274574
 20
-4486.763225381117
 30
0.0
 11
-443.6180262274574
 21
-4482.013225381117
 31
0.0
1001
AcDbBlockRepETag
1070
     1
1071
     4073
1005
48E
  0
LINE
  5
48F
330
2A1
100
AcDbEntity
  8
MONTANTE
100
AcDbLine
 10
-588.6180262274574
 20
-4482.013225381117
 30
0.0
 11
-588.6180262274574
 21
-4486.763225381117
 31
0.0
1001
AcDbBlockRepETag
1070
     1
1071
     4074
1005
48F
  0
LINE
  5
490
330
2A1
100
AcDbEntity
  8
MONTANTE
100
AcDbLine
 10
-443.6180262274574
 20
-4486.763225381117
 30
0.0
 11
-443.6180262274574
 21
-4482.013225381117
 31
0.0
1001
AcDbBlockRepETag
1070
     1
1071
     4075
1005
490
  0
LINE
  5
491
330
2A1
100
AcDbEntity
  8
MONTANTE
100
AcDbLine
 10
-588.6180262274574
 20
-4482.013225381117
 30
0.0
 11
-588.6180262274574
 21
-4486.763225381117
 31
0.0
1001
AcDbBlockRepETag
1070
     1
1071
     4076
1005
491
  0
LINE
  5
492
330
2A1
100
AcDbEntity
  8
MONTANTE
100
AcDbLine
 10
-443.6180262274574
 20
-4486.763225381117
 30
0.0
 11
-443.6180262274574
 21
-4482.013225381117
 31
0.0
1001
AcDbBlockRepETag
1070
     1
1071
     4077
1005
492
  0
LINE
  5
493
330
2A1
100
AcDbEntity
  8
MONTANTE
100
AcDbLine
 10
-588.6180262274574
 20
-4482.013225381117
 30
0.0
 11
-588.6180262274574
 21
-4486.763225381117
 31
0.0
1001
AcDbBlockRepETag
1070
     1
1071
     4078
1005
493
  0
LINE
  5
494
330
2A1
100
AcDbEntity
  8
MONTANTE
100
AcDbLine
 10
-443.6180262274574
 20
-4486.763225381117
 30
0.0
 11
-443.6180262274574
 21
-4482.013225381117
 31
0.0
1001
AcDbBlockRepETag
1070
     1
1071
     4079
1005
494
  0
LINE
  5
495
330
2A1
100
AcDbEntity
  8
MONTANTE
100
AcDbLine
 10
-588.6180262274574
 20
-4482.013225381117
 30
0.0
 11
-588.6180262274574
 21
-4486.763225381117
 31
0.0
1001
AcDbBlockRepETag
1070
     1
1071
     4080
1005
495
  0
LINE
  5
496
330
2A1
100
AcDbEntity
  8
MONTANTE
100
AcDbLine
 10
-443.6180262274574
 20
-4486.763225381117
 30
0.0
 11
-443.6180262274574
 21
-4482.013225381117
 31
0.0
1001
AcDbBlockRepETag
1070
     1
1071
     4081
1005
496
  0
LINE
  5
497
330
2A1
100
AcDbEntity
  8
MONTANTE
100
AcDbLine
 10
-588.6180262274574
 20
-4482.013225381117
 30
0.0
 11
-588.6180262274574
 21
-4486.763225381117
 31
0.0
1001
AcDbBlockRepETag
1070
     1
1071
     4082
1005
497
  0
LINE
  5
498
330
2A1
100
AcDbEntity
  8
MONTANTE
100
AcDbLine
 10
-443.6180262274574
 20
-4486.763225381117
 30
0.0
 11
-443.6180262274574
 21
-4482.013225381117
 31
0.0
1001
AcDbBlockRepETag
1070
     1
1071
     4083
1005
498
  0
LINE
  5
499
330
2A1
100
AcDbEntity
  8
MONTANTE
100
AcDbLine
 10
-588.6180262274574
 20
-4482.013225381117
 30
0.0
 11
-588.6180262274574
 21
-4486.763225381117
 31
0.0
1001
AcDbBlockRepETag
1070
     1
1071
     4084
1005
499
  0
LINE
  5
49A
330
2A1
100
AcDbEntity
  8
MONTANTE
100
AcDbLine
 10
-443.6180262274574
 20
-4486.763225381117
 30
0.0
 11
-443.6180262274574
 21
-4482.013225381117
 31
0.0
1001
AcDbBlockRepETag
1070
     1
1071
     4085
1005
49A
  0
LINE
  5
49B
330
2A1
100
AcDbEntity
  8
MONTANTE
100
AcDbLine
 10
-588.6180262274574
 20
-4482.013225381117
 30
0.0
 11
-588.6180262274574
 21
-4486.763225381117
 31
0.0
1001
AcDbBlockRepETag
1070
     1
1071
     4086
1005
49B
  0
LINE
  5
49C
330
2A1
100
AcDbEntity
  8
MONTANTE
100
AcDbLine
 10
-443.6180262274574
 20
-4486.763225381117
 30
0.0
 11
-443.6180262274574
 21
-4482.013225381117
 31
0.0
1001
AcDbBlockRepETag
1070
     1
1071
     4087
1005
49C
  0
LINE
  5
49D
330
2A1
100
AcDbEntity
  8
MONTANTE
100
AcDbLine
 10
-588.6180262274574
 20
-4482.013225381117
 30
0.0
 11
-588.6180262274574
 21
-4486.763225381117
 31
0.0
1001
AcDbBlockRepETag
1070
     1
1071
     4088
1005
49D
  0
LINE
  5
49E
330
2A1
100
AcDbEntity
  8
MONTANTE
100
AcDbLine
 10
-443.6180262274574
 20
-4486.763225381117
 30
0.0
 11
-443.6180262274574
 21
-4482.013225381117
 31
0.0
1001
AcDbBlockRepETag
1070
     1
1071
     4089
1005
49E
  0
LINE
  5
49F
330
2A1
100
AcDbEntity
  8
MONTANTE
100
AcDbLine
 10
-588.6180262274574
 20
-4482.013225381117
 30
0.0
 11
-588.6180262274574
 21
-4486.763225381117
 31
0.0
1001
AcDbBlockRepETag
1070
     1
1071
     4090
1005
49F
  0
LINE
  5
4A0
330
2A1
100
AcDbEntity
  8
MONTANTE
100
AcDbLine
 10
-443.6180262274574
 20
-4486.763225381117
 30
0.0
 11
-443.6180262274574
 21
-4482.013225381117
 31
0.0
1001
AcDbBlockRepETag
1070
     1
1071
     4091
1005
4A0
  0
LINE
  5
4A1
330
2A1
100
AcDbEntity
  8
MONTANTE
100
AcDbLine
 10
-588.6180262274574
 20
-4482.013225381117
 30
0.0
 11
-588.6180262274574
 21
-4486.763225381117
 31
0.0
1001
AcDbBlockRepETag
1070
     1
1071
     4092
1005
4A1
  0
LINE
  5
4A2
330
2A1
100
AcDbEntity
  8
MONTANTE
100
AcDbLine
 10
-443.6180262274574
 20
-4486.763225381117
 30
0.0
 11
-443.6180262274574
 21
-4482.013225381117
 31
0.0
1001
AcDbBlockRepETag
1070
     1
1071
     4093
1005
4A2
  0
LINE
  5
4A3
330
2A1
100
AcDbEntity
  8
MONTANTE
100
AcDbLine
 10
-588.6180262274574
 20
-4482.013225381117
 30
0.0
 11
-588.6180262274574
 21
-4486.763225381117
 31
0.0
1001
AcDbBlockRepETag
1070
     1
1071
     4094
1005
4A3
  0
LINE
  5
4A4
330
2A1
100
AcDbEntity
  8
MONTANTE
100
AcDbLine
 10
-443.6180262274574
 20
-4486.763225381117
 30
0.0
 11
-443.6180262274574
 21
-4482.013225381117
 31
0.0
1001
AcDbBlockRepETag
1070
     1
1071
     4095
1005
4A4
  0
LINE
  5
4A5
330
2A1
100
AcDbEntity
  8
MONTANTE
100
AcDbLine
 10
-588.6180262274574
 20
-4482.013225381117
 30
0.0
 11
-588.6180262274574
 21
-4486.763225381117
 31
0.0
1001
AcDbBlockRepETag
1070
     1
1071
     4096
1005
4A5
  0
LINE
  5
4A6
330
2A1
100
AcDbEntity
  8
MONTANTE
100
AcDbLine
 10
-443.6180262274574
 20
-4486.763225381117
 30
0.0
 11
-443.6180262274574
 21
-4482.013225381117
 31
0.0
1001
AcDbBlockRepETag
1070
     1
1071
     4097
1005
4A6
  0
LINE
  5
4A7
330
2A1
100
AcDbEntity
  8
MONTANTE
100
AcDbLine
 10
-588.6180262274574
 20
-4482.013225381117
 30
0.0
 11
-588.6180262274574
 21
-4486.763225381117
 31
0.0
1001
AcDbBlockRepETag
1070
     1
1071
     4098
1005
4A7
  0
LINE
  5
4A8
330
2A1
100
AcDbEntity
  8
MONTANTE
100
AcDbLine
 10
-443.6180262274574
 20
-4486.763225381117
 30
0.0
 11
-443.6180262274574
 21
-4482.013225381117
 31
0.0
1001
AcDbBlockRepETag
1070
     1
1071
     4099
1005
4A8
  0
LINE
  5
4A9
330
2A1
100
AcDbEntity
  8
MONTANTE
100
AcDbLine
 10
-588.6180262274574
 20
-4482.013225381117
 30
0.0
 11
-588.6180262274574
 21
-4486.763225381117
 31
0.0
1001
AcDbBlockRepETag
1070
     1
1071
     4100
1005
4A9
  0
LINE
  5
4AA
330
2A1
100
AcDbEntity
  8
MONTANTE
100
AcDbLine
 10
-443.6180262274574
 20
-4486.763225381117
 30
0.0
 11
-443.6180262274574
 21
-4482.013225381117
 31
0.0
1001
AcDbBlockRepETag
1070
     1
1071
     4101
1005
4AA
  0
LINE
  5
4AB
330
2A1
100
AcDbEntity
  8
MONTANTE
100
AcDbLine
 10
-588.6180262274574
 20
-4482.013225381117
 30
0.0
 11
-588.6180262274574
 21
-4486.763225381117
 31
0.0
1001
AcDbBlockRepETag
1070
     1
1071
     4102
1005
4AB
  0
LINE
  5
4AC
330
2A1
100
AcDbEntity
  8
MONTANTE
100
AcDbLine
 10
-443.6180262274574
 20
-4486.763225381117
 30
0.0
 11
-443.6180262274574
 21
-4482.013225381117
 31
0.0
1001
AcDbBlockRepETag
1070
     1
1071
     4103
1005
4AC
  0
LINE
  5
4AD
330
2A1
100
AcDbEntity
  8
MONTANTE
100
AcDbLine
 10
-588.6180262274574
 20
-4482.013225381117
 30
0.0
 11
-588.6180262274574
 21
-4486.763225381117
 31
0.0
1001
AcDbBlockRepETag
1070
     1
1071
     4104
1005
4AD
  0
LINE
  5
4AE
330
2A1
100
AcDbEntity
  8
MONTANTE
100
AcDbLine
 10
-443.6180262274574
 20
-4486.763225381117
 30
0.0
 11
-443.6180262274574
 21
-4482.013225381117
 31
0.0
1001
AcDbBlockRepETag
1070
     1
1071
     4105
1005
4AE
  0
LINE
  5
4AF
330
2A1
100
AcDbEntity
  8
MONTANTE
100
AcDbLine
 10
-588.6180262274574
 20
-4482.013225381117
 30
0.0
 11
-588.6180262274574
 21
-4486.763225381117
 31
0.0
1001
AcDbBlockRepETag
1070
     1
1071
     4106
1005
4AF
  0
LINE
  5
4B0
330
2A1
100
AcDbEntity
  8
MONTANTE
100
AcDbLine
 10
-443.6180262274574
 20
-4486.763225381117
 30
0.0
 11
-443.6180262274574
 21
-4482.013225381117
 31
0.0
1001
AcDbBlockRepETag
1070
     1
1071
     4107
1005
4B0
  0
LINE
  5
4B1
330
2A1
100
AcDbEntity
  8
MONTANTE
100
AcDbLine
 10
-588.6180262274574
 20
-4482.013225381117
 30
0.0
 11
-588.6180262274574
 21
-4486.763225381117
 31
0.0
1001
AcDbBlockRepETag
1070
     1
1071
     4108
1005
4B1
  0
LINE
  5
4B2
330
2A1
100
AcDbEntity
  8
MONTANTE
100
AcDbLine
 10
-443.6180262274574
 20
-4486.763225381117
 30
0.0
 11
-443.6180262274574
 21
-4482.013225381117
 31
0.0
1001
AcDbBlockRepETag
1070
     1
1071
     4109
1005
4B2
  0
LINE
  5
4B3
330
2A1
100
AcDbEntity
  8
MONTANTE
100
AcDbLine
 10
-588.6180262274574
 20
-4482.013225381117
 30
0.0
 11
-588.6180262274574
 21
-4486.763225381117
 31
0.0
1001
AcDbBlockRepETag
1070
     1
1071
     4110
1005
4B3
  0
LINE
  5
4B4
330
2A1
100
AcDbEntity
  8
MONTANTE
100
AcDbLine
 10
-443.6180262274574
 20
-4486.763225381117
 30
0.0
 11
-443.6180262274574
 21
-4482.013225381117
 31
0.0
1001
AcDbBlockRepETag
1070
     1
1071
     4111
1005
4B4
  0
LINE
  5
4B5
330
2A1
100
AcDbEntity
  8
MONTANTE
100
AcDbLine
 10
-588.6180262274574
 20
-4482.013225381117
 30
0.0
 11
-588.6180262274574
 21
-4486.763225381117
 31
0.0
1001
AcDbBlockRepETag
1070
     1
1071
     4112
1005
4B5
  0
LINE
  5
4B6
330
2A1
100
AcDbEntity
  8
MONTANTE
100
AcDbLine
 10
-443.6180262274574
 20
-4486.763225381117
 30
0.0
 11
-443.6180262274574
 21
-4482.013225381117
 31
0.0
1001
AcDbBlockRepETag
1070
     1
1071
     4113
1005
4B6
  0
LINE
  5
4B7
330
2A1
100
AcDbEntity
  8
MONTANTE
100
AcDbLine
 10
-588.6180262274574
 20
-4482.013225381117
 30
0.0
 11
-588.6180262274574
 21
-4486.763225381117
 31
0.0
1001
AcDbBlockRepETag
1070
     1
1071
     4114
1005
4B7
  0
LINE
  5
4B8
330
2A1
100
AcDbEntity
  8
MONTANTE
100
AcDbLine
 10
-443.6180262274574
 20
-4486.763225381117
 30
0.0
 11
-443.6180262274574
 21
-4482.013225381117
 31
0.0
1001
AcDbBlockRepETag
1070
     1
1071
     4115
1005
4B8
  0
LINE
  5
4B9
330
2A1
100
AcDbEntity
  8
MONTANTE
100
AcDbLine
 10
-588.6180262274574
 20
-4482.013225381117
 30
0.0
 11
-588.6180262274574
 21
-4486.763225381117
 31
0.0
1001
AcDbBlockRepETag
1070
     1
1071
     4116
1005
4B9
  0
LINE
  5
4BA
330
2A1
100
AcDbEntity
  8
MONTANTE
100
AcDbLine
 10
-443.6180262274574
 20
-4486.763225381117
 30
0.0
 11
-443.6180262274574
 21
-4482.013225381117
 31
0.0
1001
AcDbBlockRepETag
1070
     1
1071
     4117
1005
4BA
  0
LINE
  5
4BB
330
2A1
100
AcDbEntity
  8
MONTANTE
100
AcDbLine
 10
-588.6180262274574
 20
-4482.013225381117
 30
0.0
 11
-588.6180262274574
 21
-4486.763225381117
 31
0.0
1001
AcDbBlockRepETag
1070
     1
1071
     4118
1005
4BB
  0
LINE
  5
4BC
330
2A1
100
AcDbEntity
  8
MONTANTE
100
AcDbLine
 10
-443.6180262274574
 20
-4486.763225381117
 30
0.0
 11
-443.6180262274574
 21
-4482.013225381117
 31
0.0
1001
AcDbBlockRepETag
1070
     1
1071
     4119
1005
4BC
  0
LINE
  5
4BD
330
2A1
100
AcDbEntity
  8
MONTANTE
100
AcDbLine
 10
-588.6180262274574
 20
-4482.013225381117
 30
0.0
 11
-588.6180262274574
 21
-4486.763225381117
 31
0.0
1001
AcDbBlockRepETag
1070
     1
1071
     4120
1005
4BD
  0
LINE
  5
4BE
330
2A1
100
AcDbEntity
  8
MONTANTE
100
AcDbLine
 10
-443.6180262274574
 20
-4486.763225381117
 30
0.0
 11
-443.6180262274574
 21
-4482.013225381117
 31
0.0
1001
AcDbBlockRepETag
1070
     1
1071
     4121
1005
4BE
  0
LINE
  5
4BF
330
2A1
100
AcDbEntity
  8
MONTANTE
100
AcDbLine
 10
-588.6180262274574
 20
-4482.013225381117
 30
0.0
 11
-588.6180262274574
 21
-4486.763225381117
 31
0.0
1001
AcDbBlockRepETag
1070
     1
1071
     4122
1005
4BF
  0
LINE
  5
4C0
330
2A1
100
AcDbEntity
  8
MONTANTE
100
AcDbLine
 10
-443.6180262274574
 20
-4486.763225381117
 30
0.0
 11
-443.6180262274574
 21
-4482.013225381117
 31
0.0
1001
AcDbBlockRepETag
1070
     1
1071
     4123
1005
4C0
  0
LINE
  5
4C1
330
2A1
100
AcDbEntity
  8
MONTANTE
100
AcDbLine
 10
-588.6180262274574
 20
-4482.013225381117
 30
0.0
 11
-588.6180262274574
 21
-4486.763225381117
 31
0.0
1001
AcDbBlockRepETag
1070
     1
1071
     4124
1005
4C1
  0
LINE
  5
4C2
330
2A1
100
AcDbEntity
  8
MONTANTE
100
AcDbLine
 10
-443.6180262274574
 20
-4486.763225381117
 30
0.0
 11
-443.6180262274574
 21
-4482.013225381117
 31
0.0
1001
AcDbBlockRepETag
1070
     1
1071
     4125
1005
4C2
  0
LINE
  5
4C3
330
2A1
100
AcDbEntity
  8
MONTANTE
100
AcDbLine
 10
-588.6180262274574
 20
-4482.013225381117
 30
0.0
 11
-588.6180262274574
 21
-4486.763225381117
 31
0.0
1001
AcDbBlockRepETag
1070
     1
1071
     4126
1005
4C3
  0
LINE
  5
4C4
330
2A1
100
AcDbEntity
  8
MONTANTE
100
AcDbLine
 10
-443.6180262274574
 20
-4486.763225381117
 30
0.0
 11
-443.6180262274574
 21
-4482.013225381117
 31
0.0
1001
AcDbBlockRepETag
1070
     1
1071
     4127
1005
4C4
  0
LINE
  5
4C5
330
2A1
100
AcDbEntity
  8
MONTANTE
100
AcDbLine
 10
-588.6180262274574
 20
-4482.013225381117
 30
0.0
 11
-588.6180262274574
 21
-4486.763225381117
 31
0.0
1001
AcDbBlockRepETag
1070
     1
1071
     4128
1005
4C5
  0
LINE
  5
4C6
330
2A1
100
AcDbEntity
  8
MONTANTE
100
AcDbLine
 10
-443.6180262274574
 20
-4486.763225381117
 30
0.0
 11
-443.6180262274574
 21
-4482.013225381117
 31
0.0
1001
AcDbBlockRepETag
1070
     1
1071
     4129
1005
4C6
  0
LINE
  5
4C7
330
2A1
100
AcDbEntity
  8
MONTANTE
100
AcDbLine
 10
-588.6180262274574
 20
-4482.013225381117
 30
0.0
 11
-588.6180262274574
 21
-4486.763225381117
 31
0.0
1001
AcDbBlockRepETag
1070
     1
1071
     4130
1005
4C7
  0
LINE
  5
4C8
330
2A1
100
AcDbEntity
  8
MONTANTE
100
AcDbLine
 10
-443.6180262274574
 20
-4486.763225381117
 30
0.0
 11
-443.6180262274574
 21
-4482.013225381117
 31
0.0
1001
AcDbBlockRepETag
1070
     1
1071
     4131
1005
4C8
  0
LINE
  5
4C9
330
2A1
100
AcDbEntity
  8
MONTANTE
100
AcDbLine
 10
-588.6180262274574
 20
-4482.013225381117
 30
0.0
 11
-588.6180262274574
 21
-4486.763225381117
 31
0.0
1001
AcDbBlockRepETag
1070
     1
1071
     4132
1005
4C9
  0
LINE
  5
4CA
330
2A1
100
AcDbEntity
  8
MONTANTE
100
AcDbLine
 10
-443.6180262274574
 20
-4486.763225381117
 30
0.0
 11
-443.6180262274574
 21
-4482.013225381117
 31
0.0
1001
AcDbBlockRepETag
1070
     1
1071
     4133
1005
4CA
  0
LINE
  5
4CB
330
2A1
100
AcDbEntity
  8
MONTANTE
100
AcDbLine
 10
-588.6180262274574
 20
-4482.013225381117
 30
0.0
 11
-588.6180262274574
 21
-4486.763225381117
 31
0.0
1001
AcDbBlockRepETag
1070
     1
1071
     4134
1005
4CB
  0
LINE
  5
4CC
330
2A1
100
AcDbEntity
  8
MONTANTE
100
AcDbLine
 10
-443.6180262274574
 20
-4486.763225381117
 30
0.0
 11
-443.6180262274574
 21
-4482.013225381117
 31
0.0
1001
AcDbBlockRepETag
1070
     1
1071
     4135
1005
4CC
  0
LINE
  5
4CD
330
2A1
100
AcDbEntity
  8
MONTANTE
100
AcDbLine
 10
-588.6180262274574
 20
-4482.013225381117
 30
0.0
 11
-588.6180262274574
 21
-4486.763225381117
 31
0.0
1001
AcDbBlockRepETag
1070
     1
1071
     4136
1005
4CD
  0
LINE
  5
4CE
330
2A1
100
AcDbEntity
  8
MONTANTE
100
AcDbLine
 10
-443.6180262274574
 20
-4486.763225381117
 30
0.0
 11
-443.6180262274574
 21
-4482.013225381117
 31
0.0
1001
AcDbBlockRepETag
1070
     1
1071
     4137
1005
4CE
  0
LINE
  5
4CF
330
2A1
100
AcDbEntity
  8
MONTANTE
100
AcDbLine
 10
-588.6180262274574
 20
-4482.013225381117
 30
0.0
 11
-588.6180262274574
 21
-4486.763225381117
 31
0.0
1001
AcDbBlockRepETag
1070
     1
1071
     4138
1005
4CF
  0
LINE
  5
4D0
330
2A1
100
AcDbEntity
  8
MONTANTE
100
AcDbLine
 10
-443.6180262274574
 20
-4486.763225381117
 30
0.0
 11
-443.6180262274574
 21
-4482.013225381117
 31
0.0
1001
AcDbBlockRepETag
1070
     1
1071
     4139
1005
4D0
  0
LINE
  5
4D1
330
2A1
100
AcDbEntity
  8
MONTANTE
100
AcDbLine
 10
-588.6180262274574
 20
-4482.013225381117
 30
0.0
 11
-588.6180262274574
 21
-4486.763225381117
 31
0.0
1001
AcDbBlockRepETag
1070
     1
1071
     4140
1005
4D1
  0
LINE
  5
4D2
330
2A1
100
AcDbEntity
  8
MONTANTE
100
AcDbLine
 10
-443.6180262274574
 20
-4486.763225381117
 30
0.0
 11
-443.6180262274574
 21
-4482.013225381117
 31
0.0
1001
AcDbBlockRepETag
1070
     1
1071
     4141
1005
4D2
  0
LINE
  5
4D3
330
2A1
100
AcDbEntity
  8
MONTANTE
100
AcDbLine
 10
-588.6180262274574
 20
-4482.013225381117
 30
0.0
 11
-588.6180262274574
 21
-4486.763225381117
 31
0.0
1001
AcDbBlockRepETag
1070
     1
1071
     4142
1005
4D3
  0
LINE
  5
4D4
330
2A1
100
AcDbEntity
  8
MONTANTE
100
AcDbLine
 10
-443.6180262274574
 20
-4486.763225381117
 30
0.0
 11
-443.6180262274574
 21
-4482.013225381117
 31
0.0
1001
AcDbBlockRepETag
1070
     1
1071
     4143
1005
4D4
  0
LINE
  5
4D5
330
2A1
100
AcDbEntity
  8
MONTANTE
100
AcDbLine
 10
-588.6180262274574
 20
-4482.013225381117
 30
0.0
 11
-588.6180262274574
 21
-4486.763225381117
 31
0.0
1001
AcDbBlockRepETag
1070
     1
1071
     4144
1005
4D5
  0
LINE
  5
4D6
330
2A1
100
AcDbEntity
  8
MONTANTE
100
AcDbLine
 10
-443.6180262274574
 20
-4486.763225381117
 30
0.0
 11
-443.6180262274574
 21
-4482.013225381117
 31
0.0
1001
AcDbBlockRepETag
1070
     1
1071
     4145
1005
4D6
  0
LINE
  5
4D7
330
2A1
100
AcDbEntity
  8
MONTANTE
100
AcDbLine
 10
-588.6180262274574
 20
-4482.013225381117
 30
0.0
 11
-588.6180262274574
 21
-4486.763225381117
 31
0.0
1001
AcDbBlockRepETag
1070
     1
1071
     4146
1005
4D7
  0
LINE
  5
4D8
330
2A1
100
AcDbEntity
  8
MONTANTE
100
AcDbLine
 10
-443.6180262274574
 20
-4486.763225381117
 30
0.0
 11
-443.6180262274574
 21
-4482.013225381117
 31
0.0
1001
AcDbBlockRepETag
1070
     1
1071
     4147
1005
4D8
  0
LINE
  5
4D9
330
2A1
100
AcDbEntity
  8
MONTANTE
100
AcDbLine
 10
-588.6180262274574
 20
-4482.013225381117
 30
0.0
 11
-588.6180262274574
 21
-4486.763225381117
 31
0.0
1001
AcDbBlockRepETag
1070
     1
1071
     4148
1005
4D9
  0
LINE
  5
4DA
330
2A1
100
AcDbEntity
  8
MONTANTE
100
AcDbLine
 10
-443.6180262274574
 20
-4486.763225381117
 30
0.0
 11
-443.6180262274574
 21
-4482.013225381117
 31
0.0
1001
AcDbBlockRepETag
1070
     1
1071
     4149
1005
4DA
  0
LINE
  5
4DB
330
2A1
100
AcDbEntity
  8
MONTANTE
100
AcDbLine
 10
-588.6180262274574
 20
-4482.013225381117
 30
0.0
 11
-588.6180262274574
 21
-4486.763225381117
 31
0.0
1001
AcDbBlockRepETag
1070
     1
1071
     4150
1005
4DB
  0
LINE
  5
4DC
330
2A1
100
AcDbEntity
  8
MONTANTE
100
AcDbLine
 10
-443.6180262274574
 20
-4486.763225381117
 30
0.0
 11
-443.6180262274574
 21
-4482.013225381117
 31
0.0
1001
AcDbBlockRepETag
1070
     1
1071
     4151
1005
4DC
  0
LINE
  5
4DD
330
2A1
100
AcDbEntity
  8
MONTANTE
100
AcDbLine
 10
-588.6180262274574
 20
-4482.013225381117
 30
0.0
 11
-588.6180262274574
 21
-4486.763225381117
 31
0.0
1001
AcDbBlockRepETag
1070
     1
1071
     4152
1005
4DD
  0
LINE
  5
4DE
330
2A1
100
AcDbEntity
  8
MONTANTE
100
AcDbLine
 10
-443.6180262274574
 20
-4486.763225381117
 30
0.0
 11
-443.6180262274574
 21
-4482.013225381117
 31
0.0
1001
AcDbBlockRepETag
1070
     1
1071
     4153
1005
4DE
  0
LINE
  5
4DF
330
2A1
100
AcDbEntity
  8
MONTANTE
100
AcDbLine
 10
-588.6180262274574
 20
-4482.013225381117
 30
0.0
 11
-588.6180262274574
 21
-4486.763225381117
 31
0.0
1001
AcDbBlockRepETag
1070
     1
1071
     4154
1005
4DF
  0
LINE
  5
4E0
330
2A1
100
AcDbEntity
  8
MONTANTE
100
AcDbLine
 10
-443.6180262274574
 20
-4486.763225381117
 30
0.0
 11
-443.6180262274574
 21
-4482.013225381117
 31
0.0
1001
AcDbBlockRepETag
1070
     1
1071
     4155
1005
4E0
  0
LINE
  5
4E1
330
2A1
100
AcDbEntity
  8
MONTANTE
100
AcDbLine
 10
-588.6180262274574
 20
-4482.013225381117
 30
0.0
 11
-588.6180262274574
 21
-4486.763225381117
 31
0.0
1001
AcDbBlockRepETag
1070
     1
1071
     4156
1005
4E1
  0
LINE
  5
4E2
330
2A1
100
AcDbEntity
  8
MONTANTE
100
AcDbLine
 10
-443.6180262274574
 20
-4486.763225381117
 30
0.0
 11
-443.6180262274574
 21
-4482.013225381117
 31
0.0
1001
AcDbBlockRepETag
1070
     1
1071
     4157
1005
4E2
  0
LINE
  5
4E3
330
2A1
100
AcDbEntity
  8
MONTANTE
100
AcDbLine
 10
-588.6180262274574
 20
-4482.013225381117
 30
0.0
 11
-588.6180262274574
 21
-4486.763225381117
 31
0.0
1001
AcDbBlockRepETag
1070
     1
1071
     4158
1005
4E3
  0
LINE
  5
4E4
330
2A1
100
AcDbEntity
  8
MONTANTE
100
AcDbLine
 10
-443.6180262274574
 20
-4486.763225381117
 30
0.0
 11
-443.6180262274574
 21
-4482.013225381117
 31
0.0
1001
AcDbBlockRepETag
1070
     1
1071
     4159
1005
4E4
  0
LINE
  5
4E5
330
2A1
100
AcDbEntity
  8
MONTANTE
100
AcDbLine
 10
-588.6180262274574
 20
-4482.013225381117
 30
0.0
 11
-588.6180262274574
 21
-4486.763225381117
 31
0.0
1001
AcDbBlockRepETag
1070
     1
1071
     4160
1005
4E5
  0
LINE
  5
4E6
330
2A1
100
AcDbEntity
  8
MONTANTE
100
AcDbLine
 10
-443.6180262274574
 20
-4486.763225381117
 30
0.0
 11
-443.6180262274574
 21
-4482.013225381117
 31
0.0
1001
AcDbBlockRepETag
1070
     1
1071
     4161
1005
4E6
  0
LINE
  5
4E7
330
2A1
100
AcDbEntity
  8
MONTANTE
100
AcDbLine
 10
-588.6180262274574
 20
-4482.013225381117
 30
0.0
 11
-588.6180262274574
 21
-4486.763225381117
 31
0.0
1001
AcDbBlockRepETag
1070
     1
1071
     4162
1005
4E7
  0
LINE
  5
4E8
330
2A1
100
AcDbEntity
  8
MONTANTE
100
AcDbLine
 10
-443.6180262274574
 20
-4486.763225381117
 30
0.0
 11
-443.6180262274574
 21
-4482.013225381117
 31
0.0
1001
AcDbBlockRepETag
1070
     1
1071
     4163
1005
4E8
  0
LINE
  5
4E9
330
2A1
100
AcDbEntity
  8
MONTANTE
100
AcDbLine
 10
-588.6180262274574
 20
-4482.013225381117
 30
0.0
 11
-588.6180262274574
 21
-4486.763225381117
 31
0.0
1001
AcDbBlockRepETag
1070
     1
1071
     4164
1005
4E9
  0
LINE
  5
4EA
330
2A1
100
AcDbEntity
  8
MONTANTE
100
AcDbLine
 10
-443.6180262274574
 20
-4486.763225381117
 30
0.0
 11
-443.6180262274574
 21
-4482.013225381117
 31
0.0
1001
AcDbBlockRepETag
1070
     1
1071
     4165
1005
4EA
  0
LINE
  5
4EB
330
2A1
100
AcDbEntity
  8
MONTANTE
100
AcDbLine
 10
-588.6180262274574
 20
-4482.013225381117
 30
0.0
 11
-588.6180262274574
 21
-4486.763225381117
 31
0.0
1001
AcDbBlockRepETag
1070
     1
1071
     4166
1005
4EB
  0
LINE
  5
4EC
330
2A1
100
AcDbEntity
  8
MONTANTE
100
AcDbLine
 10
-443.6180262274574
 20
-4486.763225381117
 30
0.0
 11
-443.6180262274574
 21
-4482.013225381117
 31
0.0
1001
AcDbBlockRepETag
1070
     1
1071
     4167
1005
4EC
  0
LINE
  5
4ED
330
2A1
100
AcDbEntity
  8
MONTANTE
100
AcDbLine
 10
-588.6180262274574
 20
-4482.013225381117
 30
0.0
 11
-588.6180262274574
 21
-4486.763225381117
 31
0.0
1001
AcDbBlockRepETag
1070
     1
1071
     4168
1005
4ED
  0
LINE
  5
4EE
330
2A1
100
AcDbEntity
  8
MONTANTE
100
AcDbLine
 10
-443.6180262274574
 20
-4486.763225381117
 30
0.0
 11
-443.6180262274574
 21
-4482.013225381117
 31
0.0
1001
AcDbBlockRepETag
1070
     1
1071
     4169
1005
4EE
  0
LINE
  5
4EF
330
2A1
100
AcDbEntity
  8
MONTANTE
100
AcDbLine
 10
-588.6180262274574
 20
-4482.013225381117
 30
0.0
 11
-588.6180262274574
 21
-4486.763225381117
 31
0.0
1001
AcDbBlockRepETag
1070
     1
1071
     4170
1005
4EF
  0
LINE
  5
4F0
330
2A1
100
AcDbEntity
  8
MONTANTE
100
AcDbLine
 10
-443.6180262274574
 20
-4486.763225381117
 30
0.0
 11
-443.6180262274574
 21
-4482.013225381117
 31
0.0
1001
AcDbBlockRepETag
1070
     1
1071
     4171
1005
4F0
  0
LINE
  5
4F1
330
2A1
100
AcDbEntity
  8
MONTANTE
100
AcDbLine
 10
-588.6180262274574
 20
-4482.013225381117
 30
0.0
 11
-588.6180262274574
 21
-4486.763225381117
 31
0.0
1001
AcDbBlockRepETag
1070
     1
1071
     4172
1005
4F1
  0
LINE
  5
4F2
330
2A1
100
AcDbEntity
  8
MONTANTE
100
AcDbLine
 10
-443.6180262274574
 20
-4486.763225381117
 30
0.0
 11
-443.6180262274574
 21
-4482.013225381117
 31
0.0
1001
AcDbBlockRepETag
1070
     1
1071
     4173
1005
4F2
  0
LINE
  5
4F3
330
2A1
100
AcDbEntity
  8
MONTANTE
100
AcDbLine
 10
-588.6180262274574
 20
-4482.013225381117
 30
0.0
 11
-588.6180262274574
 21
-4486.763225381117
 31
0.0
1001
AcDbBlockRepETag
1070
     1
1071
     4174
1005
4F3
  0
LINE
  5
4F4
330
2A1
100
AcDbEntity
  8
MONTANTE
100
AcDbLine
 10
-443.6180262274574
 20
-4486.763225381117
 30
0.0
 11
-443.6180262274574
 21
-4482.013225381117
 31
0.0
1001
AcDbBlockRepETag
1070
     1
1071
     4175
1005
4F4
  0
LINE
  5
4F5
330
2A1
100
AcDbEntity
  8
MONTANTE
100
AcDbLine
 10
-588.6180262274574
 20
-4482.013225381117
 30
0.0
 11
-588.6180262274574
 21
-4486.763225381117
 31
0.0
1001
AcDbBlockRepETag
1070
     1
1071
     4176
1005
4F5
  0
LINE
  5
4F6
330
2A1
100
AcDbEntity
  8
MONTANTE
100
AcDbLine
 10
-443.6180262274574
 20
-4486.763225381117
 30
0.0
 11
-443.6180262274574
 21
-4482.013225381117
 31
0.0
1001
AcDbBlockRepETag
1070
     1
1071
     4177
1005
4F6
  0
LINE
  5
4F7
330
2A1
100
AcDbEntity
  8
MONTANTE
100
AcDbLine
 10
-588.6180262274574
 20
-4482.013225381117
 30
0.0
 11
-588.6180262274574
 21
-4486.763225381117
 31
0.0
1001
AcDbBlockRepETag
1070
     1
1071
     4178
1005
4F7
  0
LINE
  5
4F8
330
2A1
100
AcDbEntity
  8
MONTANTE
100
AcDbLine
 10
-443.6180262274574
 20
-4486.763225381117
 30
0.0
 11
-443.6180262274574
 21
-4482.013225381117
 31
0.0
1001
AcDbBlockRepETag
1070
     1
1071
     4179
1005
4F8
  0
LINE
  5
4F9
330
2A1
100
AcDbEntity
  8
MONTANTE
100
AcDbLine
 10
-588.6180262274574
 20
-4482.013225381117
 30
0.0
 11
-588.6180262274574
 21
-4486.763225381117
 31
0.0
1001
AcDbBlockRepETag
1070
     1
1071
     4180
1005
4F9
  0
LINE
  5
4FA
330
2A1
100
AcDbEntity
  8
MONTANTE
100
AcDbLine
 10
-443.6180262274574
 20
-4486.763225381117
 30
0.0
 11
-443.6180262274574
 21
-4482.013225381117
 31
0.0
1001
AcDbBlockRepETag
1070
     1
1071
     4181
1005
4FA
  0
LINE
  5
4FB
330
2A1
100
AcDbEntity
  8
MONTANTE
100
AcDbLine
 10
-588.6180262274574
 20
-4482.013225381117
 30
0.0
 11
-588.6180262274574
 21
-4486.763225381117
 31
0.0
1001
AcDbBlockRepETag
1070
     1
1071
     4182
1005
4FB
  0
LINE
  5
4FC
330
2A1
100
AcDbEntity
  8
MONTANTE
100
AcDbLine
 10
-443.6180262274574
 20
-4486.763225381117
 30
0.0
 11
-443.6180262274574
 21
-4482.013225381117
 31
0.0
1001
AcDbBlockRepETag
1070
     1
1071
     4183
1005
4FC
  0
LINE
  5
4FD
330
2A1
100
AcDbEntity
  8
MONTANTE
100
AcDbLine
 10
-588.6180262274574
 20
-4482.013225381117
 30
0.0
 11
-588.6180262274574
 21
-4486.763225381117
 31
0.0
1001
AcDbBlockRepETag
1070
     1
1071
     4184
1005
4FD
  0
LINE
  5
4FE
330
2A1
100
AcDbEntity
  8
MONTANTE
100
AcDbLine
 10
-443.6180262274574
 20
-4486.763225381117
 30
0.0
 11
-443.6180262274574
 21
-4482.013225381117
 31
0.0
1001
AcDbBlockRepETag
1070
     1
1071
     4185
1005
4FE
  0
LINE
  5
4FF
330
2A1
100
AcDbEntity
  8
MONTANTE
100
AcDbLine
 10
-588.6180262274574
 20
-4482.013225381117
 30
0.0
 11
-588.6180262274574
 21
-4486.763225381117
 31
0.0
1001
AcDbBlockRepETag
1070
     1
1071
     4186
1005
4FF
  0
LINE
  5
500
330
2A1
100
AcDbEntity
  8
MONTANTE
100
AcDbLine
 10
-443.6180262274574
 20
-4486.763225381117
 30
0.0
 11
-443.6180262274574
 21
-4482.013225381117
 31
0.0
1001
AcDbBlockRepETag
1070
     1
1071
     4187
1005
500
  0
LINE
  5
501
330
2A1
100
AcDbEntity
  8
MONTANTE
100
AcDbLine
 10
-588.6180262274574
 20
-4482.013225381117
 30
0.0
 11
-588.6180262274574
 21
-4486.763225381117
 31
0.0
1001
AcDbBlockRepETag
1070
     1
1071
     4188
1005
501
  0
LINE
  5
502
330
2A1
100
AcDbEntity
  8
MONTANTE
100
AcDbLine
 10
-443.6180262274574
 20
-4486.763225381117
 30
0.0
 11
-443.6180262274574
 21
-4482.013225381117
 31
0.0
1001
AcDbBlockRepETag
1070
     1
1071
     4189
1005
502
  0
LINE
  5
503
330
2A1
100
AcDbEntity
  8
MONTANTE
100
AcDbLine
 10
-588.6180262274574
 20
-4482.013225381117
 30
0.0
 11
-588.6180262274574
 21
-4486.763225381117
 31
0.0
1001
AcDbBlockRepETag
1070
     1
1071
     4190
1005
503
  0
LINE
  5
504
330
2A1
100
AcDbEntity
  8
MONTANTE
100
AcDbLine
 10
-443.6180262274574
 20
-4486.763225381117
 30
0.0
 11
-443.6180262274574
 21
-4482.013225381117
 31
0.0
1001
AcDbBlockRepETag
1070
     1
1071
     4191
1005
504
  0
LINE
  5
505
330
2A1
100
AcDbEntity
  8
MONTANTE
100
AcDbLine
 10
-588.6180262274574
 20
-4482.013225381117
 30
0.0
 11
-588.6180262274574
 21
-4486.763225381117
 31
0.0
1001
AcDbBlockRepETag
1070
     1
1071
     4192
1005
505
  0
LINE
  5
506
330
2A1
100
AcDbEntity
  8
MONTANTE
100
AcDbLine
 10
-443.6180262274574
 20
-4486.763225381117
 30
0.0
 11
-443.6180262274574
 21
-4482.013225381117
 31
0.0
1001
AcDbBlockRepETag
1070
     1
1071
     4193
1005
506
  0
LINE
  5
507
330
2A1
100
AcDbEntity
  8
MONTANTE
100
AcDbLine
 10
-588.6180262274574
 20
-4482.013225381117
 30
0.0
 11
-588.6180262274574
 21
-4486.763225381117
 31
0.0
1001
AcDbBlockRepETag
1070
     1
1071
     4194
1005
507
  0
LINE
  5
508
330
2A1
100
AcDbEntity
  8
MONTANTE
100
AcDbLine
 10
-443.6180262274574
 20
-4486.763225381117
 30
0.0
 11
-443.6180262274574
 21
-4482.013225381117
 31
0.0
1001
AcDbBlockRepETag
1070
     1
1071
     4195
1005
508
  0
LINE
  5
509
330
2A1
100
AcDbEntity
  8
MONTANTE
100
AcDbLine
 10
-588.6180262274574
 20
-4482.013225381117
 30
0.0
 11
-588.6180262274574
 21
-4486.763225381117
 31
0.0
1001
AcDbBlockRepETag
1070
     1
1071
     4196
1005
509
  0
LINE
  5
50A
330
2A1
100
AcDbEntity
  8
MONTANTE
100
AcDbLine
 10
-443.6180262274574
 20
-4486.763225381117
 30
0.0
 11
-443.6180262274574
 21
-4482.013225381117
 31
0.0
1001
AcDbBlockRepETag
1070
     1
1071
     4197
1005
50A
  0
LINE
  5
50B
330
2A1
100
AcDbEntity
  8
MONTANTE
100
AcDbLine
 10
-588.6180262274574
 20
-4482.013225381117
 30
0.0
 11
-588.6180262274574
 21
-4486.763225381117
 31
0.0
1001
AcDbBlockRepETag
1070
     1
1071
     4198
1005
50B
  0
LINE
  5
50C
330
2A1
100
AcDbEntity
  8
MONTANTE
100
AcDbLine
 10
-443.6180262274574
 20
-4486.763225381117
 30
0.0
 11
-443.6180262274574
 21
-4482.013225381117
 31
0.0
1001
AcDbBlockRepETag
1070
     1
1071
     4199
1005
50C
  0
LINE
  5
50D
330
2A1
100
AcDbEntity
  8
MONTANTE
100
AcDbLine
 10
-588.6180262274574
 20
-4482.013225381117
 30
0.0
 11
-588.6180262274574
 21
-4486.763225381117
 31
0.0
1001
AcDbBlockRepETag
1070
     1
1071
     4200
1005
50D
  0
LINE
  5
50E
330
2A1
100
AcDbEntity
  8
MONTANTE
100
AcDbLine
 10
-443.6180262274574
 20
-4486.763225381117
 30
0.0
 11
-443.6180262274574
 21
-4482.013225381117
 31
0.0
1001
AcDbBlockRepETag
1070
     1
1071
     4201
1005
50E
  0
LINE
  5
50F
330
2A1
100
AcDbEntity
  8
MONTANTE
100
AcDbLine
 10
-588.6180262274574
 20
-4482.013225381117
 30
0.0
 11
-588.6180262274574
 21
-4486.763225381117
 31
0.0
1001
AcDbBlockRepETag
1070
     1
1071
     4202
1005
50F
  0
LINE
  5
510
330
2A1
100
AcDbEntity
  8
MONTANTE
100
AcDbLine
 10
-443.6180262274574
 20
-4486.763225381117
 30
0.0
 11
-443.6180262274574
 21
-4482.013225381117
 31
0.0
1001
AcDbBlockRepETag
1070
     1
1071
     4203
1005
510
  0
LINE
  5
511
330
2A1
100
AcDbEntity
  8
MONTANTE
100
AcDbLine
 10
-588.6180262274574
 20
-4482.013225381117
 30
0.0
 11
-588.6180262274574
 21
-4486.763225381117
 31
0.0
1001
AcDbBlockRepETag
1070
     1
1071
     4204
1005
511
  0
LINE
  5
512
330
2A1
100
AcDbEntity
  8
MONTANTE
100
AcDbLine
 10
-443.6180262274574
 20
-4486.763225381117
 30
0.0
 11
-443.6180262274574
 21
-4482.013225381117
 31
0.0
1001
AcDbBlockRepETag
1070
     1
1071
     4205
1005
512
  0
LINE
  5
513
330
2A1
100
AcDbEntity
  8
MONTANTE
100
AcDbLine
 10
-588.6180262274574
 20
-4482.013225381117
 30
0.0
 11
-588.6180262274574
 21
-4486.763225381117
 31
0.0
1001
AcDbBlockRepETag
1070
     1
1071
     4206
1005
513
  0
LINE
  5
514
330
2A1
100
AcDbEntity
  8
MONTANTE
100
AcDbLine
 10
-443.6180262274574
 20
-4486.763225381117
 30
0.0
 11
-443.6180262274574
 21
-4482.013225381117
 31
0.0
1001
AcDbBlockRepETag
1070
     1
1071
     4207
1005
514
  0
LINE
  5
515
330
2A1
100
AcDbEntity
  8
MONTANTE
100
AcDbLine
 10
-588.6180262274574
 20
-4482.013225381117
 30
0.0
 11
-588.6180262274574
 21
-4486.763225381117
 31
0.0
1001
AcDbBlockRepETag
1070
     1
1071
     4208
1005
515
  0
LINE
  5
516
330
2A1
100
AcDbEntity
  8
MONTANTE
100
AcDbLine
 10
-443.6180262274574
 20
-4486.763225381117
 30
0.0
 11
-443.6180262274574
 21
-4482.013225381117
 31
0.0
1001
AcDbBlockRepETag
1070
     1
1071
     4209
1005
516
  0
LINE
  5
517
330
2A1
100
AcDbEntity
  8
MONTANTE
100
AcDbLine
 10
-588.6180262274574
 20
-4482.013225381117
 30
0.0
 11
-588.6180262274574
 21
-4486.763225381117
 31
0.0
1001
AcDbBlockRepETag
1070
     1
1071
     4210
1005
517
  0
LINE
  5
518
330
2A1
100
AcDbEntity
  8
MONTANTE
100
AcDbLine
 10
-443.6180262274574
 20
-4486.763225381117
 30
0.0
 11
-443.6180262274574
 21
-4482.013225381117
 31
0.0
1001
AcDbBlockRepETag
1070
     1
1071
     4211
1005
518
  0
LINE
  5
519
330
2A1
100
AcDbEntity
  8
MONTANTE
100
AcDbLine
 10
-588.6180262274574
 20
-4482.013225381117
 30
0.0
 11
-588.6180262274574
 21
-4486.763225381117
 31
0.0
1001
AcDbBlockRepETag
1070
     1
1071
     4212
1005
519
  0
LINE
  5
51A
330
2A1
100
AcDbEntity
  8
MONTANTE
100
AcDbLine
 10
-443.6180262274574
 20
-4486.763225381117
 30
0.0
 11
-443.6180262274574
 21
-4482.013225381117
 31
0.0
1001
AcDbBlockRepETag
1070
     1
1071
     4213
1005
51A
  0
LINE
  5
51B
330
2A1
100
AcDbEntity
  8
MONTANTE
100
AcDbLine
 10
-588.6180262274574
 20
-4482.013225381117
 30
0.0
 11
-588.6180262274574
 21
-4486.763225381117
 31
0.0
1001
AcDbBlockRepETag
1070
     1
1071
     4214
1005
51B
  0
LINE
  5
51C
330
2A1
100
AcDbEntity
  8
MONTANTE
100
AcDbLine
 10
-443.6180262274574
 20
-4486.763225381117
 30
0.0
 11
-443.6180262274574
 21
-4482.013225381117
 31
0.0
1001
AcDbBlockRepETag
1070
     1
1071
     4215
1005
51C
  0
LINE
  5
51D
330
2A1
100
AcDbEntity
  8
MONTANTE
100
AcDbLine
 10
-588.6180262274574
 20
-4482.013225381117
 30
0.0
 11
-588.6180262274574
 21
-4486.763225381117
 31
0.0
1001
AcDbBlockRepETag
1070
     1
1071
     4216
1005
51D
  0
LINE
  5
51E
330
2A1
100
AcDbEntity
  8
MONTANTE
100
AcDbLine
 10
-443.6180262274574
 20
-4486.763225381117
 30
0.0
 11
-443.6180262274574
 21
-4482.013225381117
 31
0.0
1001
AcDbBlockRepETag
1070
     1
1071
     4217
1005
51E
  0
LINE
  5
51F
330
2A1
100
AcDbEntity
  8
MONTANTE
100
AcDbLine
 10
-588.6180262274574
 20
-4482.013225381117
 30
0.0
 11
-588.6180262274574
 21
-4486.763225381117
 31
0.0
1001
AcDbBlockRepETag
1070
     1
1071
     4218
1005
51F
  0
LINE
  5
520
330
2A1
100
AcDbEntity
  8
MONTANTE
100
AcDbLine
 10
-443.6180262274574
 20
-4486.763225381117
 30
0.0
 11
-443.6180262274574
 21
-4482.013225381117
 31
0.0
1001
AcDbBlockRepETag
1070
     1
1071
     4219
1005
520
  0
LINE
  5
521
330
2A1
100
AcDbEntity
  8
MONTANTE
100
AcDbLine
 10
-588.6180262274574
 20
-4482.013225381117
 30
0.0
 11
-588.6180262274574
 21
-4486.763225381117
 31
0.0
1001
AcDbBlockRepETag
1070
     1
1071
     4220
1005
521
  0
LINE
  5
522
330
2A1
100
AcDbEntity
  8
MONTANTE
100
AcDbLine
 10
-443.6180262274574
 20
-4486.763225381117
 30
0.0
 11
-443.6180262274574
 21
-4482.013225381117
 31
0.0
1001
AcDbBlockRepETag
1070
     1
1071
     4221
1005
522
  0
LINE
  5
523
330
2A1
100
AcDbEntity
  8
MONTANTE
100
AcDbLine
 10
-588.6180262274574
 20
-4482.013225381117
 30
0.0
 11
-588.6180262274574
 21
-4486.763225381117
 31
0.0
1001
AcDbBlockRepETag
1070
     1
1071
     4222
1005
523
  0
LINE
  5
524
330
2A1
100
AcDbEntity
  8
MONTANTE
100
AcDbLine
 10
-443.6180262274574
 20
-4486.763225381117
 30
0.0
 11
-443.6180262274574
 21
-4482.013225381117
 31
0.0
1001
AcDbBlockRepETag
1070
     1
1071
     4223
1005
524
  0
LINE
  5
525
330
2A1
100
AcDbEntity
  8
MONTANTE
100
AcDbLine
 10
-588.6180262274574
 20
-4482.013225381117
 30
0.0
 11
-588.6180262274574
 21
-4486.763225381117
 31
0.0
1001
AcDbBlockRepETag
1070
     1
1071
     4224
1005
525
  0
LINE
  5
526
330
2A1
100
AcDbEntity
  8
MONTANTE
100
AcDbLine
 10
-443.6180262274574
 20
-4486.763225381117
 30
0.0
 11
-443.6180262274574
 21
-4482.013225381117
 31
0.0
1001
AcDbBlockRepETag
1070
     1
1071
     4225
1005
526
  0
LINE
  5
527
330
2A1
100
AcDbEntity
  8
MONTANTE
100
AcDbLine
 10
-588.6180262274574
 20
-4482.013225381117
 30
0.0
 11
-588.6180262274574
 21
-4486.763225381117
 31
0.0
1001
AcDbBlockRepETag
1070
     1
1071
     4226
1005
527
  0
LINE
  5
528
330
2A1
100
AcDbEntity
  8
MONTANTE
100
AcDbLine
 10
-443.6180262274574
 20
-4486.763225381117
 30
0.0
 11
-443.6180262274574
 21
-4482.013225381117
 31
0.0
1001
AcDbBlockRepETag
1070
     1
1071
     4227
1005
528
  0
LINE
  5
529
330
2A1
100
AcDbEntity
  8
MONTANTE
100
AcDbLine
 10
-588.6180262274574
 20
-4482.013225381117
 30
0.0
 11
-588.6180262274574
 21
-4486.763225381117
 31
0.0
1001
AcDbBlockRepETag
1070
     1
1071
     4228
1005
529
  0
LINE
  5
52A
330
2A1
100
AcDbEntity
  8
MONTANTE
100
AcDbLine
 10
-443.6180262274574
 20
-4486.763225381117
 30
0.0
 11
-443.6180262274574
 21
-4482.013225381117
 31
0.0
1001
AcDbBlockRepETag
1070
     1
1071
     4229
1005
52A
  0
LINE
  5
52B
330
2A1
100
AcDbEntity
  8
MONTANTE
100
AcDbLine
 10
-588.6180262274574
 20
-4482.013225381117
 30
0.0
 11
-588.6180262274574
 21
-4486.763225381117
 31
0.0
1001
AcDbBlockRepETag
1070
     1
1071
     4230
1005
52B
  0
LINE
  5
52C
330
2A1
100
AcDbEntity
  8
MONTANTE
100
AcDbLine
 10
-443.6180262274574
 20
-4486.763225381117
 30
0.0
 11
-443.6180262274574
 21
-4482.013225381117
 31
0.0
1001
AcDbBlockRepETag
1070
     1
1071
     4231
1005
52C
  0
LINE
  5
52D
330
2A1
100
AcDbEntity
  8
MONTANTE
100
AcDbLine
 10
-588.6180262274574
 20
-4482.013225381117
 30
0.0
 11
-588.6180262274574
 21
-4486.763225381117
 31
0.0
1001
AcDbBlockRepETag
1070
     1
1071
     4232
1005
52D
  0
LINE
  5
52E
330
2A1
100
AcDbEntity
  8
MONTANTE
100
AcDbLine
 10
-443.6180262274574
 20
-4486.763225381117
 30
0.0
 11
-443.6180262274574
 21
-4482.013225381117
 31
0.0
1001
AcDbBlockRepETag
1070
     1
1071
     4233
1005
52E
  0
LINE
  5
52F
330
2A1
100
AcDbEntity
  8
MONTANTE
100
AcDbLine
 10
-588.6180262274574
 20
-4482.013225381117
 30
0.0
 11
-588.6180262274574
 21
-4486.763225381117
 31
0.0
1001
AcDbBlockRepETag
1070
     1
1071
     4234
1005
52F
  0
HATCH
  5
530
330
2A1
100
AcDbEntity
  8
MONTANTE
100
AcDbHatch
 10
0.0
 20
0.0
 30
0.0
210
0.0
220
0.0
230
1.0
  2
ANSI31
 70
     0
 71
     0
 91
        1
 92
        7
 72
     0
 73
     1
 93
        4
 10
-588.6180262274574
 20
-4482.013225381117
 10
-443.6180262274574
 20
-4482.013225381117
 10
-443.6180262274574
 20
-4486.763225381117
 10
-588.6180262274574
 20
-4486.763225381117
 97
        0
 75
     1
 76
     1
 52
180.0
 41
1.0
 77
     0
 78
     1
 53
45.0
 43
-28721.16293350666
 44
34224.39262946176
 45
-2.245064030267288
 46
2.245064030267288
 79
     0
 47
0.0
 98
        1
 10
-503.2132443482987
 20
-4484.714462797245
1001
ACAD
1010
0.0
1020
0.0
1030
0.0
1001
AcadAnnotative
1000
AnnotativeData
1002
{
1070
     1
1070
     0
1002
}
1001
AcDbBlockRepETag
1070
     1
1071
     4235
1005
530
  0
LINE
  5
531
330
2A1
100
AcDbEntity
  8
MONTANTE
100
AcDbLine
 10
-443.6180262274574
 20
-4486.763225381117
 30
0.0
 11
-443.6180262274574
 21
-4482.013225381117
 31
0.0
1001
AcDbBlockRepETag
1070
     1
1071
     4236
1005
531
  0
LINE
  5
532
330
2A1
100
AcDbEntity
  8
MONTANTE
100
AcDbLine
 10
-443.6180262274574
 20
-4482.013225381117
 30
0.0
 11
-588.6180262274574
 21
-4482.013225381117
 31
0.0
1001
AcDbBlockRepETag
1070
     1
1071
     4237
1005
532
  0
LINE
  5
533
330
2A1
100
AcDbEntity
  8
MONTANTE
100
AcDbLine
 10
-588.6180262274574
 20
-4486.763225381117
 30
0.0
 11
-443.6180262274574
 21
-4486.763225381117
 31
0.0
1001
AcDbBlockRepETag
1070
     1
1071
     4238
1005
533
  0
LINE
  5
534
330
2A1
100
AcDbEntity
  8
MONTANTE
100
AcDbLine
 10
-588.6180262274574
 20
-4482.013225381117
 30
0.0
 11
-588.6180262274574
 21
-4486.763225381117
 31
0.0
1001
AcDbBlockRepETag
1070
     1
1071
     4239
1005
534
  0
LINE
  5
535
330
2A1
100
AcDbEntity
  8
MONTANTE
100
AcDbLine
 10
-500.2680262274806
 20
-4422.013225381146
 30
0.0
 11
-500.2680262274806
 21
-4482.013225381117
 31
0.0
1001
AcDbBlockRepETag
1070
     1
1071
     4240
1005
535
  0
LINE
  5
536
330
2A1
100
AcDbEntity
  8
MONTANTE
100
AcDbLine
 10
-538.6180262274574
 20
-4422.013225381146
 30
0.0
 11
-538.6180262274574
 21
-4482.013225381146
 31
0.0
1001
AcDbBlockRepETag
1070
     1
1071
     4241
1005
536
  0
LINE
  5
537
330
2A1
100
AcDbEntity
  8
MONTANTE
100
AcDbLine
 10
-500.2680262274806
 20
-4422.013225381146
 30
0.0
 11
-538.6180262274574
 21
-4422.013225381146
 31
0.0
1001
AcDbBlockRepETag
1070
     1
1071
     4242
1005
537
  0
LINE
  5
538
330
2A1
100
AcDbEntity
  8
MONTANTE
100
AcDbLine
 10
-538.6180262274574
 20
-4462.263225381131
 30
0.0
 11
-540.2055262274807
 21
-4462.263225381131
 31
0.0
1001
AcDbBlockRepETag
1070
     1
1071
     4243
1005
538
  0
LINE
  5
539
330
2A1
100
AcDbEntity
  8
MONTANTE
100
AcDbLine
 10
-540.2055262274807
 20
-4441.763225381132
 30
0.0
 11
-538.6180262274574
 21
-4441.763225381132
 31
0.0
1001
AcDbBlockRepETag
1070
     1
1071
     4244
1005
539
  0
LINE
  5
53A
330
2A1
100
AcDbEntity
  8
MONTANTE
100
AcDbLine
 10
-578.9685262274579
 20
-4482.013225381117
 30
0.0
 11
-578.9685262274579
 21
-4480.489225381126
 31
0.0
1001
AcDbBlockRepETag
1070
     1
1071
     4245
1005
53A
  0
LINE
  5
53B
330
2A1
100
AcDbEntity
  8
MONTANTE
100
AcDbLine
 10
-558.267526227457
 20
-4480.489225381126
 30
0.0
 11
-558.267526227457
 21
-4482.013225381117
 31
0.0
1001
AcDbBlockRepETag
1070
     1
1071
     4246
1005
53B
  0
LINE
  5
53C
330
2A1
100
AcDbEntity
  8
MONTANTE
100
AcDbLine
 10
-575.761776227504
 20
-4480.489225381126
 30
0.0
 11
-576.611900900607
 21
-4479.973889227244
 31
0.0
1001
AcDbBlockRepETag
1070
     1
1071
     4247
1005
53C
  0
LINE
  5
53D
330
2A1
100
AcDbEntity
  8
MONTANTE
100
AcDbLine
 10
-560.6241515456349
 20
-4479.97388921972
 30
0.0
 11
-561.4742762274691
 21
-4480.489225381126
 31
0.0
1001
AcDbBlockRepETag
1070
     1
1071
     4248
1005
53D
  0
LINE
  5
53E
330
2A1
100
AcDbEntity
  8
MONTANTE
100
AcDbLine
 10
-573.3805262274691
 20
-4472.507671899832
 30
0.0
 11
-571.9716169331804
 21
-4471.3979598523
 31
0.0
1001
AcDbBlockRepETag
1070
     1
1071
     4249
1005
53E
  0
LINE
  5
53F
330
2A1
100
AcDbEntity
  8
MONTANTE
100
AcDbLine
 10
-565.2644355217926
 20
-4471.3979598523
 30
0.0
 11
-563.855526227504
 21
-4472.507671899832
 31
0.0
1001
AcDbBlockRepETag
1070
     1
1071
     4250
1005
53F
  0
LINE
  5
540
330
2A1
100
AcDbEntity
  8
MONTANTE
100
AcDbLine
 10
-540.2055262274807
 20
-4441.763225381132
 30
0.0
 11
-540.2055262274807
 21
-4462.263225381131
 31
0.0
1001
AcDbBlockRepETag
1070
     1
1071
     4251
1005
540
  0
SPLINE
  5
541
330
2A1
100
AcDbEntity
  8
MONTANTE
100
AcDbSpline
210
0.0
220
0.0
230
1.0
 70
     8
 71
     3
 72
     9
 73
     5
 74
     0
 42
0.000000001
 43
0.0000000001
 40
0.0
 40
0.0
 40
0.0
 40
0.0
 40
0.0702136491267716
 40
1.0
 40
1.0
 40
1.0
 40
1.0
 10
-544.5870262274984
 20
-4448.838225381129
 30
0.0
 10
-544.5864594480371
 20
-4448.913505698175
 30
0.0
 10
-544.5783872358734
 20
-4449.985666424414
 30
0.0
 10
-544.2889665276744
 20
-4451.036331414245
 30
0.0
 10
-544.0198671034886
 20
-4452.013225381132
 30
0.0
1001
AcDbBlockRepETag
1070
     1
1071
     4252
1005
541
  0
LINE
  5
542
330
2A1
100
AcDbEntity
  8
MONTANTE
100
AcDbLine
 10
-540.2055262274807
 20
-4452.013225381132
 30
0.0
 11
-544.0198671034886
 21
-4452.013225381132
 31
0.0
1001
AcDbBlockRepETag
1070
     1
1071
     4253
1005
542
  0
LINE
  5
543
330
2A1
100
AcDbEntity
  8
MONTANTE
100
AcDbLine
 10
-540.2055262274807
 20
-4445.663225381141
 30
0.0
 11
-544.0198671034886
 21
-4445.663225381141
 31
0.0
1001
AcDbBlockRepETag
1070
     1
1071
     4254
1005
543
  0
LINE
  5
544
330
2A1
100
AcDbEntity
  8
MONTANTE
100
AcDbLine
 10
-544.0198671034886
 20
-4445.663225381141
 30
0.0
 11
-544.5870262274984
 21
-4448.838225381129
 31
0.0
1001
AcDbBlockRepETag
1070
     1
1071
     4255
1005
544
  0
SPLINE
  5
545
330
2A1
100
AcDbEntity
  8
MONTANTE
100
AcDbSpline
210
0.0
220
0.0
230
1.0
 70
     8
 71
     3
 72
     9
 73
     5
 74
     0
 42
0.000000001
 43
0.0000000001
 40
0.0
 40
0.0
 40
0.0
 40
0.0
 40
0.7681507275779919
 40
0.9999999999999998
 40
0.9999999999999998
 40
0.9999999999999998
 40
0.9999999999999998
 10
-544.0198671034886
 20
-4452.013225381132
 30
0.0
 10
-544.2518126633949
 20
-4452.817626098855
 30
0.0
 10
-544.5537658499087
 20
-4453.864817345107
 30
0.0
 10
-544.5807662129518
 20
-4454.939143616706
 30
0.0
 10
-544.5870262274984
 20
-4455.188225381134
 30
0.0
1001
AcDbBlockRepETag
1070
     1
1071
     4256
1005
545
  0
SPLINE
  5
546
330
2A1
100
AcDbEntity
  8
MONTANTE
100
AcDbSpline
210
0.0
220
0.0
230
1.0
 70
     8
 71
     3
 72
     9
 73
     5
 74
     0
 42
0.000000001
 43
0.0000000001
 40
0.0
 40
0.0
 40
0.0
 40
0.0
 40
0.7889992377322237
 40
1.0
 40
1.0
 40
1.0
 40
1.0
 10
-544.5870262274984
 20
-4455.188225381134
 30
0.0
 10
-544.515569512092
 20
-4456.036346783133
 30
0.0
 10
-544.4250032453565
 20
-4457.111279890087
 30
0.0
 10
-544.0904566831305
 20
-4458.145090544916
 30
0.0
 10
-544.0198671034886
 20
-4458.363225381122
 30
0.0
1001
AcDbBlockRepETag
1070
     1
1071
     4257
1005
546
  0
LINE
  5
547
330
2A1
100
AcDbEntity
  8
MONTANTE
100
AcDbLine
 10
-540.2055262274807
 20
-4458.363225381122
 30
0.0
 11
-544.0198671034886
 21
-4458.363225381122
 31
0.0
1001
AcDbBlockRepETag
1070
     1
1071
     4258
1005
547
  0
SPLINE
  5
548
330
2A1
100
AcDbEntity
  8
MONTANTE
100
AcDbSpline
210
0.0
220
0.0
230
1.0
 70
    24
 71
     3
 72
     9
 73
     5
 74
     0
 42
0.000000001
 43
0.0000000001
 40
0.0
 40
0.0
 40
0.0
 40
0.0
 40
0.0702136491267768
 40
0.9999999999999998
 40
0.9999999999999998
 40
0.9999999999999998
 40
0.9999999999999998
 10
-544.5870262274984
 20
-4445.663225381141
 30
0.0
 10
-544.5864594480371
 20
-4445.663225381141
 30
0.0
 10
-544.5783872358734
 20
-4445.663225381141
 30
0.0
 10
-544.2889665276744
 20
-4445.663225381141
 30
0.0
 10
-544.0198671034886
 20
-4445.663225381141
 30
0.0
1001
AcDbBlockRepETag
1070
     1
1071
     4259
1005
548
  0
LINE
  5
549
330
2A1
100
AcDbEntity
  8
MONTANTE
100
AcDbLine
 10
-544.0198671034886
 20
-4458.363225381122
 30
0.0
 11
-544.5870262274984
 21
-4458.363225381122
 31
0.0
1001
AcDbBlockRepETag
1070
     1
1071
     4260
1005
549
  0
LINE
  5
54A
330
2A1
100
AcDbEntity
  8
MONTANTE
100
AcDbLine
 10
-544.5870262274984
 20
-4458.363225381122
 30
0.0
 11
-544.5870262274984
 21
-4445.663225381141
 31
0.0
1001
AcDbBlockRepETag
1070
     1
1071
     4261
1005
54A
  0
LINE
  5
54B
330
2A1
100
AcDbEntity
  8
MONTANTE
100
AcDbLine
 10
-558.267526227457
 20
-4480.489225381126
 30
0.0
 11
-578.9685262274579
 21
-4480.489225381126
 31
0.0
1001
AcDbBlockRepETag
1070
     1
1071
     4262
1005
54B
  0
LINE
  5
54C
330
2A1
100
AcDbEntity
  8
MONTANTE
100
AcDbLine
 10
-570.8523973316187
 20
-4479.973889212211
 30
0.0
 11
-566.8554600023198
 21
-4480.489225381126
 31
0.0
1001
AcDbBlockRepETag
1070
     1
1071
     4263
1005
54C
  0
LINE
  5
54D
330
2A1
100
AcDbEntity
  8
MONTANTE
100
AcDbLine
 10
-566.8554600023198
 20
-4480.489225381126
 30
0.0
 11
-562.85852270358
 21
-4479.973889227244
 31
0.0
1001
AcDbBlockRepETag
1070
     1
1071
     4264
1005
54D
  0
LINE
  5
54E
330
2A1
100
AcDbEntity
  8
MONTANTE
100
AcDbLine
 10
-562.85852270358
 20
-4475.416561535006
 30
0.0
 11
-562.85852270358
 21
-4479.973889227244
 31
0.0
1001
AcDbBlockRepETag
1070
     1
1071
     4265
1005
54E
  0
LINE
  5
54F
330
2A1
100
AcDbEntity
  8
MONTANTE
100
AcDbLine
 10
-566.8554600023198
 20
-4474.901225381123
 30
0.0
 11
-562.85852270358
 21
-4475.416561535006
 31
0.0
1001
AcDbBlockRepETag
1070
     1
1071
     4266
1005
54F
  0
LINE
  5
550
330
2A1
100
AcDbEntity
  8
MONTANTE
100
AcDbLine
 10
-570.8523973316187
 20
-4475.416561550039
 30
0.0
 11
-566.8554600023198
 21
-4474.901225381123
 31
0.0
1001
AcDbBlockRepETag
1070
     1
1071
     4267
1005
550
  0
LINE
  5
551
330
2A1
100
AcDbEntity
  8
MONTANTE
100
AcDbLine
 10
-570.8523973316187
 20
-4479.973889212211
 30
0.0
 11
-570.8523973316187
 21
-4475.416561550039
 31
0.0
1001
AcDbBlockRepETag
1070
     1
1071
     4268
1005
551
  0
LINE
  5
552
330
2A1
100
AcDbEntity
  8
MONTANTE
100
AcDbLine
 10
-573.7321491289767
 20
-4474.901225381123
 30
0.0
 11
-570.8523973316187
 21
-4475.416561550039
 31
0.0
1001
AcDbBlockRepETag
1070
     1
1071
     4269
1005
552
  0
LINE
  5
553
330
2A1
100
AcDbEntity
  8
MONTANTE
100
AcDbLine
 10
-576.611900900607
 20
-4479.973889227244
 30
0.0
 11
-573.7321491289767
 21
-4480.489225381126
 31
0.0
1001
AcDbBlockRepETag
1070
     1
1071
     4270
1005
553
  0
LINE
  5
554
330
2A1
100
AcDbEntity
  8
MONTANTE
100
AcDbLine
 10
-573.7321491289767
 20
-4480.489225381126
 30
0.0
 11
-570.8523973316187
 21
-4479.973889212211
 31
0.0
1001
AcDbBlockRepETag
1070
     1
1071
     4271
1005
554
  0
LINE
  5
555
330
2A1
100
AcDbEntity
  8
MONTANTE
100
AcDbLine
 10
-576.611900900607
 20
-4475.416561535006
 30
0.0
 11
-573.7321491289767
 21
-4474.901225381123
 31
0.0
1001
AcDbBlockRepETag
1070
     1
1071
     4272
1005
555
  0
LINE
  5
556
330
2A1
100
AcDbEntity
  8
MONTANTE
100
AcDbLine
 10
-576.611900900607
 20
-4479.973889227244
 30
0.0
 11
-576.611900900607
 21
-4475.416561535006
 31
0.0
1001
AcDbBlockRepETag
1070
     1
1071
     4273
1005
556
  0
LINE
  5
557
330
2A1
100
AcDbEntity
  8
MONTANTE
100
AcDbLine
 10
-562.85852270358
 20
-4475.416561535006
 30
0.0
 11
-561.7413371008588
 21
-4474.901225381123
 31
0.0
1001
AcDbBlockRepETag
1070
     1
1071
     4274
1005
557
  0
LINE
  5
558
330
2A1
100
AcDbEntity
  8
MONTANTE
100
AcDbLine
 10
-562.85852270358
 20
-4479.973889227244
 30
0.0
 11
-561.7413371008588
 21
-4480.489225381126
 31
0.0
1001
AcDbBlockRepETag
1070
     1
1071
     4275
1005
558
  0
LINE
  5
559
330
2A1
100
AcDbEntity
  8
MONTANTE
100
AcDbLine
 10
-560.6241515456349
 20
-4475.416561542515
 30
0.0
 11
-560.6241515456349
 21
-4479.97388921972
 31
0.0
1001
AcDbBlockRepETag
1070
     1
1071
     4276
1005
559
  0
LINE
  5
55A
330
2A1
100
AcDbEntity
  8
MONTANTE
100
AcDbLine
 10
-561.7413371008588
 20
-4474.901225381123
 30
0.0
 11
-560.6241515456349
 21
-4475.416561542515
 31
0.0
1001
AcDbBlockRepETag
1070
     1
1071
     4277
1005
55A
  0
LINE
  5
55B
330
2A1
100
AcDbEntity
  8
MONTANTE
100
AcDbLine
 10
-575.4947153541142
 20
-4474.901225381123
 30
0.0
 11
-576.611900900607
 21
-4475.416561535006
 31
0.0
1001
AcDbBlockRepETag
1070
     1
1071
     4278
1005
55B
  0
LINE
  5
55C
330
2A1
100
AcDbEntity
  8
MONTANTE
100
AcDbLine
 10
-561.7413371008588
 20
-4474.901225381123
 30
0.0
 11
-575.4947153541142
 21
-4474.901225381123
 31
0.0
1001
AcDbBlockRepETag
1070
     1
1071
     4279
1005
55C
  0
LINE
  5
55D
330
2A1
100
AcDbEntity
  8
MONTANTE
100
AcDbLine
 10
-565.2644355217926
 20
-4471.3979598523
 30
0.0
 11
-571.9716169331804
 21
-4471.3979598523
 31
0.0
1001
AcDbBlockRepETag
1070
     1
1071
     4280
1005
55D
  0
LINE
  5
55E
330
2A1
100
AcDbEntity
  8
MONTANTE
100
AcDbLine
 10
-573.3805262274691
 20
-4472.507671899832
 30
0.0
 11
-563.855526227504
 21
-4472.507671899832
 31
0.0
1001
AcDbBlockRepETag
1070
     1
1071
     4281
1005
55E
  0
LINE
  5
55F
330
2A1
100
AcDbEntity
  8
MONTANTE
100
AcDbLine
 10
-563.855526227504
 20
-4472.507671899832
 30
0.0
 11
-563.855526227504
 21
-4474.901225381123
 31
0.0
1001
AcDbBlockRepETag
1070
     1
1071
     4282
1005
55F
  0
LINE
  5
560
330
2A1
100
AcDbEntity
  8
MONTANTE
100
AcDbLine
 10
-573.3805262274691
 20
-4472.507671899832
 30
0.0
 11
-573.3805262274691
 21
-4474.901225381123
 31
0.0
1001
AcDbBlockRepETag
1070
     1
1071
     4283
1005
560
  0
LINE
  5
561
330
2A1
100
AcDbEntity
  8
MONTANTE
100
AcDbLine
 10
-535.9680262274923
 20
4317.986774618883
 30
0.0
 11
-466.2180262274923
 21
4317.986774618883
 31
0.0
1001
AcDbBlockRepETag
1070
     1
1071
     5132
1005
561
  0
LWPOLYLINE
  5
562
330
2A1
100
AcDbEntity
  8
MONTANTE
100
AcDbPolyline
 90
        7
 70
     0
 43
0.0
 10
-482.2423907944466
 20
-4374.745749144683
 10
-489.0227862524916
 20
-4377.536729396539
 10
-489.9959241818869
 20
-4384.804214236821
 10
-484.1886666532955
 20
-4389.280718825233
 10
-477.4082711953087
 20
-4386.489738573378
 10
-476.4351332658552
 20
-4379.222253733096
 10
-482.2423907944466
 20
-4374.745749144683
1001
AcDbBlockRepETag
1070
     1
1071
     5384
1005
562
  0
CIRCLE
  5
563
330
2A1
100
AcDbEntity
  8
MONTANTE
100
AcDbCircle
 10
-483.2155287239002
 20
-4432.013233984951
 30
0.0
 40
4.5
1001
AcDbBlockRepETag
1070
     1
1071
     5398
1005
563
  0
LWPOLYLINE
  5
564
330
2A1
100
AcDbEntity
  8
MONTANTE
100
AcDbPolyline
 90
        4
 70
     1
 43
0.0
 10
-518.9971037295763
 20
-4412.063233984954
 10
-521.9971037295763
 20
-4412.063233984954
 42
-0.9999999999999998
 10
-521.9971037295763
 20
-4403.063233984954
 10
-518.9971037295763
 20
-4403.063233984954
 42
-0.9999999999999998
1001
AcDbBlockRepETag
1070
     1
1071
     5399
1005
564
  0
CIRCLE
  5
565
330
2A1
100
AcDbEntity
  8
MONTANTE
100
AcDbCircle
 10
-483.2155287239002
 20
-4382.013233984952
 30
0.0
 40
4.5
1001
AcDbBlockRepETag
1070
     1
1071
     5400
1005
565
  0
LWPOLYLINE
  5
566
330
2A1
100
AcDbEntity
  8
MONTANTE
100
AcDbPolyline
 90
        4
 70
     1
 43
0.0
 10
-518.9971037295763
 20
-4362.063233984954
 10
-521.9971037295763
 20
-4362.063233984954
 42
-0.9999999999999998
 10
-521.9971037295763
 20
-4353.063233984954
 10
-518.9971037295763
 20
-4353.063233984954
 42
-0.9999999999999998
1001
AcDbBlockRepETag
1070
     1
1071
     5401
1005
566
  0
CIRCLE
  5
567
330
2A1
100
AcDbEntity
  8
MONTANTE
100
AcDbCircle
 10
-483.2155287239002
 20
-4332.013233984951
 30
0.0
 40
4.5
1001
AcDbBlockRepETag
1070
     1
1071
     5402
1005
567
  0
LWPOLYLINE
  5
568
330
2A1
100
AcDbEntity
  8
MONTANTE
100
AcDbPolyline
 90
        4
 70
     1
 43
0.0
 10
-518.9971037295763
 20
-4312.063233984954
 10
-521.9971037295763
 20
-4312.063233984954
 42
-0.9999999999999998
 10
-521.9971037295763
 20
-4303.063233984954
 10
-518.9971037295763
 20
-4303.063233984954
 42
-0.9999999999999998
1001
AcDbBlockRepETag
1070
     1
1071
     5403
1005
568
  0
CIRCLE
  5
569
330
2A1
100
AcDbEntity
  8
MONTANTE
100
AcDbCircle
 10
-483.2155287239002
 20
-4282.013233984951
 30
0.0
 40
4.5
1001
AcDbBlockRepETag
1070
     1
1071
     5404
1005
569
  0
LWPOLYLINE
  5
56A
330
2A1
100
AcDbEntity
  8
MONTANTE
100
AcDbPolyline
 90
        4
 70
     1
 43
0.0
 10
-518.9971037295763
 20
-4262.063233984954
 10
-521.9971037295763
 20
-4262.063233984954
 42
-0.9999999999999998
 10
-521.9971037295763
 20
-4253.063233984955
 10
-518.9971037295763
 20
-4253.063233984955
 42
-0.9999999999999998
1001
AcDbBlockRepETag
1070
     1
1071
     5405
1005
56A
  0
CIRCLE
  5
56B
330
2A1
100
AcDbEntity
  8
MONTANTE
100
AcDbCircle
 10
-483.2155287239002
 20
-4232.013233984951
 30
0.0
 40
4.5
1001
AcDbBlockRepETag
1070
     1
1071
     5406
1005
56B
  0
LWPOLYLINE
  5
56C
330
2A1
100
AcDbEntity
  8
MONTANTE
100
AcDbPolyline
 90
        4
 70
     1
 43
0.0
 10
-518.9971037295763
 20
-4212.063233984954
 10
-521.9971037295763
 20
-4212.063233984954
 42
-0.9999999999999998
 10
-521.9971037295763
 20
-4203.063233984955
 10
-518.9971037295763
 20
-4203.063233984955
 42
-0.9999999999999998
1001
AcDbBlockRepETag
1070
     1
1071
     5407
1005
56C
  0
CIRCLE
  5
56D
330
2A1
100
AcDbEntity
  8
MONTANTE
100
AcDbCircle
 10
-483.2155287239002
 20
-4182.013233984951
 30
0.0
 40
4.5
1001
AcDbBlockRepETag
1070
     1
1071
     5408
1005
56D
  0
LWPOLYLINE
  5
56E
330
2A1
100
AcDbEntity
  8
MONTANTE
100
AcDbPolyline
 90
        4
 70
     1
 43
0.0
 10
-518.9971037295763
 20
-4162.063233984954
 10
-521.9971037295763
 20
-4162.063233984954
 42
-0.9999999999999998
 10
-521.9971037295763
 20
-4153.063233984954
 10
-518.9971037295763
 20
-4153.063233984954
 42
-0.9999999999999998
1001
AcDbBlockRepETag
1070
     1
1071
     5409
1005
56E
  0
CIRCLE
  5
56F
330
2A1
100
AcDbEntity
  8
MONTANTE
100
AcDbCircle
 10
-483.2155287239002
 20
-4132.013233984952
 30
0.0
 40
4.5
1001
AcDbBlockRepETag
1070
     1
1071
     5410
1005
56F
  0
LWPOLYLINE
  5
570
330
2A1
100
AcDbEntity
  8
MONTANTE
100
AcDbPolyline
 90
        4
 70
     1
 43
0.0
 10
-518.9971037295763
 20
-4112.063233984954
 10
-521.9971037295763
 20
-4112.063233984954
 42
-0.9999999999999998
 10
-521.9971037295763
 20
-4103.063233984954
 10
-518.9971037295763
 20
-4103.063233984954
 42
-0.9999999999999998
1001
AcDbBlockRepETag
1070
     1
1071
     5411
1005
570
  0
CIRCLE
  5
571
330
2A1
100
AcDbEntity
  8
MONTANTE
100
AcDbCircle
 10
-483.2155287239002
 20
-4082.013233984951
 30
0.0
 40
4.5
1001
AcDbBlockRepETag
1070
     1
1071
     5412
1005
571
  0
LWPOLYLINE
  5
572
330
2A1
100
AcDbEntity
  8
MONTANTE
100
AcDbPolyline
 90
        4
 70
     1
 43
0.0
 10
-518.9971037295763
 20
-4062.063233984954
 10
-521.9971037295763
 20
-4062.063233984954
 42
-0.9999999999999998
 10
-521.9971037295763
 20
-4053.063233984954
 10
-518.9971037295763
 20
-4053.063233984954
 42
-0.9999999999999998
1001
AcDbBlockRepETag
1070
     1
1071
     5413
1005
572
  0
CIRCLE
  5
573
330
2A1
100
AcDbEntity
  8
MONTANTE
100
AcDbCircle
 10
-483.2155287239002
 20
-4032.013233984951
 30
0.0
 40
4.5
1001
AcDbBlockRepETag
1070
     1
1071
     5414
1005
573
  0
LWPOLYLINE
  5
574
330
2A1
100
AcDbEntity
  8
MONTANTE
100
AcDbPolyline
 90
        4
 70
     1
 43
0.0
 10
-518.9971037295763
 20
-4012.063233984954
 10
-521.9971037295763
 20
-4012.063233984954
 42
-0.9999999999999998
 10
-521.9971037295763
 20
-4003.063233984955
 10
-518.9971037295763
 20
-4003.063233984955
 42
-0.9999999999999998
1001
AcDbBlockRepETag
1070
     1
1071
     5415
1005
574
  0
CIRCLE
  5
575
330
2A1
100
AcDbEntity
  8
MONTANTE
100
AcDbCircle
 10
-483.2155287239002
 20
-3982.013233984952
 30
0.0
 40
4.5
1001
AcDbBlockRepETag
1070
     1
1071
     5416
1005
575
  0
LWPOLYLINE
  5
576
330
2A1
100
AcDbEntity
  8
MONTANTE
100
AcDbPolyline
 90
        4
 70
     1
 43
0.0
 10
-518.9971037295763
 20
-3962.063233984954
 10
-521.9971037295763
 20
-3962.063233984954
 42
-0.9999999999999998
 10
-521.9971037295763
 20
-3953.063233984955
 10
-518.9971037295763
 20
-3953.063233984955
 42
-0.9999999999999998
1001
AcDbBlockRepETag
1070
     1
1071
     5417
1005
576
  0
CIRCLE
  5
577
330
2A1
100
AcDbEntity
  8
MONTANTE
100
AcDbCircle
 10
-483.2155287239002
 20
-3932.013233984952
 30
0.0
 40
4.5
1001
AcDbBlockRepETag
1070
     1
1071
     5418
1005
577
  0
LWPOLYLINE
  5
578
330
2A1
100
AcDbEntity
  8
MONTANTE
100
AcDbPolyline
 90
        4
 70
     1
 43
0.0
 10
-518.9971037295763
 20
-3912.063233984954
 10
-521.9971037295763
 20
-3912.063233984954
 42
-0.9999999999999998
 10
-521.9971037295763
 20
-3903.063233984955
 10
-518.9971037295763
 20
-3903.063233984955
 42
-0.9999999999999998
1001
AcDbBlockRepETag
1070
     1
1071
     5419
1005
578
  0
CIRCLE
  5
579
330
2A1
100
AcDbEntity
  8
MONTANTE
100
AcDbCircle
 10
-483.2155287239002
 20
-3882.013233984952
 30
0.0
 40
4.5
1001
AcDbBlockRepETag
1070
     1
1071
     5420
1005
579
  0
LWPOLYLINE
  5
57A
330
2A1
100
AcDbEntity
  8
MONTANTE
100
AcDbPolyline
 90
        4
 70
     1
 43
0.0
 10
-518.9971037295763
 20
-3862.063233984954
 10
-521.9971037295763
 20
-3862.063233984954
 42
-0.9999999999999998
 10
-521.9971037295763
 20
-3853.063233984955
 10
-518.9971037295763
 20
-3853.063233984955
 42
-0.9999999999999998
1001
AcDbBlockRepETag
1070
     1
1071
     5421
1005
57A
  0
CIRCLE
  5
57B
330
2A1
100
AcDbEntity
  8
MONTANTE
100
AcDbCircle
 10
-483.2155287239002
 20
-3832.013233984952
 30
0.0
 40
4.5
1001
AcDbBlockRepETag
1070
     1
1071
     5422
1005
57B
  0
LWPOLYLINE
  5
57C
330
2A1
100
AcDbEntity
  8
MONTANTE
100
AcDbPolyline
 90
        4
 70
     1
 43
0.0
 10
-518.9971037295763
 20
-3812.063233984954
 10
-521.9971037295763
 20
-3812.063233984954
 42
-0.9999999999999998
 10
-521.9971037295763
 20
-3803.063233984955
 10
-518.9971037295763
 20
-3803.063233984955
 42
-0.9999999999999998
1001
AcDbBlockRepETag
1070
     1
1071
     5423
1005
57C
  0
CIRCLE
  5
57D
330
2A1
100
AcDbEntity
  8
MONTANTE
100
AcDbCircle
 10
-483.2155287239002
 20
-3782.013233984951
 30
0.0
 40
4.5
1001
AcDbBlockRepETag
1070
     1
1071
     5424
1005
57D
  0
LWPOLYLINE
  5
57E
330
2A1
100
AcDbEntity
  8
MONTANTE
100
AcDbPolyline
 90
        4
 70
     1
 43
0.0
 10
-518.9971037295763
 20
-3762.063233984954
 10
-521.9971037295763
 20
-3762.063233984954
 42
-0.9999999999999998
 10
-521.9971037295763
 20
-3753.063233984955
 10
-518.9971037295763
 20
-3753.063233984955
 42
-0.9999999999999998
1001
AcDbBlockRepETag
1070
     1
1071
     5425
1005
57E
  0
CIRCLE
  5
57F
330
2A1
100
AcDbEntity
  8
MONTANTE
100
AcDbCircle
 10
-483.2155287239002
 20
-3732.013233984952
 30
0.0
 40
4.5
1001
AcDbBlockRepETag
1070
     1
1071
     5426
1005
57F
  0
LWPOLYLINE
  5
580
330
2A1
100
AcDbEntity
  8
MONTANTE
100
AcDbPolyline
 90
        4
 70
     1
 43
0.0
 10
-518.9971037295763
 20
-3712.063233984955
 10
-521.9971037295763
 20
-3712.063233984955
 42
-0.9999999999999998
 10
-521.9971037295763
 20
-3703.063233984955
 10
-518.9971037295763
 20
-3703.063233984955
 42
-0.9999999999999998
1001
AcDbBlockRepETag
1070
     1
1071
     5427
1005
580
  0
CIRCLE
  5
581
330
2A1
100
AcDbEntity
  8
MONTANTE
100
AcDbCircle
 10
-483.2155287239002
 20
-3682.013233984952
 30
0.0
 40
4.5
1001
AcDbBlockRepETag
1070
     1
1071
     5428
1005
581
  0
LWPOLYLINE
  5
582
330
2A1
100
AcDbEntity
  8
MONTANTE
100
AcDbPolyline
 90
        4
 70
     1
 43
0.0
 10
-518.9971037295763
 20
-3662.063233984954
 10
-521.9971037295763
 20
-3662.063233984954
 42
-0.9999999999999998
 10
-521.9971037295763
 20
-3653.063233984955
 10
-518.9971037295763
 20
-3653.063233984955
 42
-0.9999999999999998
1001
AcDbBlockRepETag
1070
     1
1071
     5429
1005
582
  0
CIRCLE
  5
583
330
2A1
100
AcDbEntity
  8
MONTANTE
100
AcDbCircle
 10
-483.2155287239002
 20
-3632.013233984952
 30
0.0
 40
4.5
1001
AcDbBlockRepETag
1070
     1
1071
     5430
1005
583
  0
LWPOLYLINE
  5
584
330
2A1
100
AcDbEntity
  8
MONTANTE
100
AcDbPolyline
 90
        4
 70
     1
 43
0.0
 10
-518.9971037295763
 20
-3612.063233984954
 10
-521.9971037295763
 20
-3612.063233984954
 42
-0.9999999999999998
 10
-521.9971037295763
 20
-3603.063233984955
 10
-518.9971037295763
 20
-3603.063233984955
 42
-0.9999999999999998
1001
AcDbBlockRepETag
1070
     1
1071
     5431
1005
584
  0
CIRCLE
  5
585
330
2A1
100
AcDbEntity
  8
MONTANTE
100
AcDbCircle
 10
-483.2155287239002
 20
-3582.013233984952
 30
0.0
 40
4.5
1001
AcDbBlockRepETag
1070
     1
1071
     5432
1005
585
  0
LWPOLYLINE
  5
586
330
2A1
100
AcDbEntity
  8
MONTANTE
100
AcDbPolyline
 90
        4
 70
     1
 43
0.0
 10
-518.9971037295763
 20
-3562.063233984954
 10
-521.9971037295763
 20
-3562.063233984954
 42
-0.9999999999999998
 10
-521.9971037295763
 20
-3553.063233984955
 10
-518.9971037295763
 20
-3553.063233984955
 42
-0.9999999999999998
1001
AcDbBlockRepETag
1070
     1
1071
     5433
1005
586
  0
CIRCLE
  5
587
330
2A1
100
AcDbEntity
  8
MONTANTE
100
AcDbCircle
 10
-483.2155287239002
 20
-3532.013233984951
 30
0.0
 40
4.5
1001
AcDbBlockRepETag
1070
     1
1071
     5434
1005
587
  0
LWPOLYLINE
  5
588
330
2A1
100
AcDbEntity
  8
MONTANTE
100
AcDbPolyline
 90
        4
 70
     1
 43
0.0
 10
-518.9971037295763
 20
-3512.063233984954
 10
-521.9971037295763
 20
-3512.063233984954
 42
-0.9999999999999998
 10
-521.9971037295763
 20
-3503.063233984955
 10
-518.9971037295763
 20
-3503.063233984955
 42
-0.9999999999999998
1001
AcDbBlockRepETag
1070
     1
1071
     5435
1005
588
  0
CIRCLE
  5
589
330
2A1
100
AcDbEntity
  8
MONTANTE
100
AcDbCircle
 10
-483.2155287239002
 20
-3482.013233984952
 30
0.0
 40
4.5
1001
AcDbBlockRepETag
1070
     1
1071
     5436
1005
589
  0
LWPOLYLINE
  5
58A
330
2A1
100
AcDbEntity
  8
MONTANTE
100
AcDbPolyline
 90
        4
 70
     1
 43
0.0
 10
-518.9971037295763
 20
-3462.063233984955
 10
-521.9971037295763
 20
-3462.063233984955
 42
-0.9999999999999998
 10
-521.9971037295763
 20
-3453.063233984955
 10
-518.9971037295763
 20
-3453.063233984955
 42
-0.9999999999999998
1001
AcDbBlockRepETag
1070
     1
1071
     5437
1005
58A
  0
CIRCLE
  5
58B
330
2A1
100
AcDbEntity
  8
MONTANTE
100
AcDbCircle
 10
-483.2155287239002
 20
-3432.013233984952
 30
0.0
 40
4.5
1001
AcDbBlockRepETag
1070
     1
1071
     5438
1005
58B
  0
LWPOLYLINE
  5
58C
330
2A1
100
AcDbEntity
  8
MONTANTE
100
AcDbPolyline
 90
        4
 70
     1
 43
0.0
 10
-518.9971037295763
 20
-3412.063233984954
 10
-521.9971037295763
 20
-3412.063233984954
 42
-0.9999999999999998
 10
-521.9971037295763
 20
-3403.063233984955
 10
-518.9971037295763
 20
-3403.063233984955
 42
-0.9999999999999998
1001
AcDbBlockRepETag
1070
     1
1071
     5439
1005
58C
  0
CIRCLE
  5
58D
330
2A1
100
AcDbEntity
  8
MONTANTE
100
AcDbCircle
 10
-483.2155287239002
 20
-3382.013233984952
 30
0.0
 40
4.5
1001
AcDbBlockRepETag
1070
     1
1071
     5440
1005
58D
  0
LWPOLYLINE
  5
58E
330
2A1
100
AcDbEntity
  8
MONTANTE
100
AcDbPolyline
 90
        4
 70
     1
 43
0.0
 10
-518.9971037295763
 20
-3362.063233984954
 10
-521.9971037295763
 20
-3362.063233984954
 42
-0.9999999999999998
 10
-521.9971037295763
 20
-3353.063233984955
 10
-518.9971037295763
 20
-3353.063233984955
 42
-0.9999999999999998
1001
AcDbBlockRepETag
1070
     1
1071
     5441
1005
58E
  0
CIRCLE
  5
58F
330
2A1
100
AcDbEntity
  8
MONTANTE
100
AcDbCircle
 10
-483.2155287239002
 20
-3332.013233984952
 30
0.0
 40
4.5
1001
AcDbBlockRepETag
1070
     1
1071
     5442
1005
58F
  0
LWPOLYLINE
  5
590
330
2A1
100
AcDbEntity
  8
MONTANTE
100
AcDbPolyline
 90
        4
 70
     1
 43
0.0
 10
-518.9971037295763
 20
-3312.063233984954
 10
-521.9971037295763
 20
-3312.063233984954
 42
-0.9999999999999998
 10
-521.9971037295763
 20
-3303.063233984955
 10
-518.9971037295763
 20
-3303.063233984955
 42
-0.9999999999999998
1001
AcDbBlockRepETag
1070
     1
1071
     5443
1005
590
  0
CIRCLE
  5
591
330
2A1
100
AcDbEntity
  8
MONTANTE
100
AcDbCircle
 10
-483.2155287239002
 20
-3282.013233984951
 30
0.0
 40
4.5
1001
AcDbBlockRepETag
1070
     1
1071
     5444
1005
591
  0
LWPOLYLINE
  5
592
330
2A1
100
AcDbEntity
  8
MONTANTE
100
AcDbPolyline
 90
        4
 70
     1
 43
0.0
 10
-518.9971037295763
 20
-3262.063233984954
 10
-521.9971037295763
 20
-3262.063233984954
 42
-0.9999999999999998
 10
-521.9971037295763
 20
-3253.063233984955
 10
-518.9971037295763
 20
-3253.063233984955
 42
-0.9999999999999998
1001
AcDbBlockRepETag
1070
     1
1071
     5445
1005
592
  0
CIRCLE
  5
593
330
2A1
100
AcDbEntity
  8
MONTANTE
100
AcDbCircle
 10
-483.2155287239002
 20
-3232.013233984952
 30
0.0
 40
4.5
1001
AcDbBlockRepETag
1070
     1
1071
     5446
1005
593
  0
LWPOLYLINE
  5
594
330
2A1
100
AcDbEntity
  8
MONTANTE
100
AcDbPolyline
 90
        4
 70
     1
 43
0.0
 10
-518.9971037295763
 20
-3212.063233984955
 10
-521.9971037295763
 20
-3212.063233984955
 42
-0.9999999999999998
 10
-521.9971037295763
 20
-3203.063233984955
 10
-518.9971037295763
 20
-3203.063233984955
 42
-0.9999999999999998
1001
AcDbBlockRepETag
1070
     1
1071
     5447
1005
594
  0
CIRCLE
  5
595
330
2A1
100
AcDbEntity
  8
MONTANTE
100
AcDbCircle
 10
-483.2155287239002
 20
-3182.013233984952
 30
0.0
 40
4.5
1001
AcDbBlockRepETag
1070
     1
1071
     5448
1005
595
  0
LWPOLYLINE
  5
596
330
2A1
100
AcDbEntity
  8
MONTANTE
100
AcDbPolyline
 90
        4
 70
     1
 43
0.0
 10
-518.9971037295763
 20
-3162.063233984955
 10
-521.9971037295763
 20
-3162.063233984955
 42
-0.9999999999999998
 10
-521.9971037295763
 20
-3153.063233984955
 10
-518.9971037295763
 20
-3153.063233984955
 42
-0.9999999999999998
1001
AcDbBlockRepETag
1070
     1
1071
     5449
1005
596
  0
CIRCLE
  5
597
330
2A1
100
AcDbEntity
  8
MONTANTE
100
AcDbCircle
 10
-483.2155287239002
 20
-3132.013233984952
 30
0.0
 40
4.5
1001
AcDbBlockRepETag
1070
     1
1071
     5450
1005
597
  0
LWPOLYLINE
  5
598
330
2A1
100
AcDbEntity
  8
MONTANTE
100
AcDbPolyline
 90
        4
 70
     1
 43
0.0
 10
-518.9971037295763
 20
-3112.063233984955
 10
-521.9971037295763
 20
-3112.063233984955
 42
-0.9999999999999998
 10
-521.9971037295763
 20
-3103.063233984955
 10
-518.9971037295763
 20
-3103.063233984955
 42
-0.9999999999999998
1001
AcDbBlockRepETag
1070
     1
1071
     5451
1005
598
  0
CIRCLE
  5
599
330
2A1
100
AcDbEntity
  8
MONTANTE
100
AcDbCircle
 10
-483.2155287239002
 20
-3082.013233984952
 30
0.0
 40
4.5
1001
AcDbBlockRepETag
1070
     1
1071
     5452
1005
599
  0
LWPOLYLINE
  5
59A
330
2A1
100
AcDbEntity
  8
MONTANTE
100
AcDbPolyline
 90
        4
 70
     1
 43
0.0
 10
-518.9971037295763
 20
-3062.063233984955
 10
-521.9971037295763
 20
-3062.063233984955
 42
-0.9999999999999998
 10
-521.9971037295763
 20
-3053.063233984955
 10
-518.9971037295763
 20
-3053.063233984955
 42
-0.9999999999999998
1001
AcDbBlockRepETag
1070
     1
1071
     5453
1005
59A
  0
CIRCLE
  5
59B
330
2A1
100
AcDbEntity
  8
MONTANTE
100
AcDbCircle
 10
-483.2155287239002
 20
-3032.013233984951
 30
0.0
 40
4.5
1001
AcDbBlockRepETag
1070
     1
1071
     5454
1005
59B
  0
LWPOLYLINE
  5
59C
330
2A1
100
AcDbEntity
  8
MONTANTE
100
AcDbPolyline
 90
        4
 70
     1
 43
0.0
 10
-518.9971037295763
 20
-3012.063233984955
 10
-521.9971037295763
 20
-3012.063233984955
 42
-0.9999999999999998
 10
-521.9971037295763
 20
-3003.063233984955
 10
-518.9971037295763
 20
-3003.063233984955
 42
-0.9999999999999998
1001
AcDbBlockRepETag
1070
     1
1071
     5455
1005
59C
  0
CIRCLE
  5
59D
330
2A1
100
AcDbEntity
  8
MONTANTE
100
AcDbCircle
 10
-483.2155287239002
 20
-2982.013233984952
 30
0.0
 40
4.5
1001
AcDbBlockRepETag
1070
     1
1071
     5456
1005
59D
  0
LWPOLYLINE
  5
59E
330
2A1
100
AcDbEntity
  8
MONTANTE
100
AcDbPolyline
 90
        4
 70
     1
 43
0.0
 10
-518.9971037295763
 20
-2962.063233984954
 10
-521.9971037295763
 20
-2962.063233984954
 42
-0.9999999999999998
 10
-521.9971037295763
 20
-2953.063233984955
 10
-518.9971037295763
 20
-2953.063233984955
 42
-0.9999999999999998
1001
AcDbBlockRepETag
1070
     1
1071
     5457
1005
59E
  0
CIRCLE
  5
59F
330
2A1
100
AcDbEntity
  8
MONTANTE
100
AcDbCircle
 10
-483.2155287239002
 20
-2932.013233984952
 30
0.0
 40
4.5
1001
AcDbBlockRepETag
1070
     1
1071
     5458
1005
59F
  0
LWPOLYLINE
  5
5A0
330
2A1
100
AcDbEntity
  8
MONTANTE
100
AcDbPolyline
 90
        4
 70
     1
 43
0.0
 10
-518.9971037295763
 20
-2912.063233984955
 10
-521.9971037295763
 20
-2912.063233984955
 42
-0.9999999999999998
 10
-521.9971037295763
 20
-2903.063233984955
 10
-518.9971037295763
 20
-2903.063233984955
 42
-0.9999999999999998
1001
AcDbBlockRepETag
1070
     1
1071
     5459
1005
5A0
  0
CIRCLE
  5
5A1
330
2A1
100
AcDbEntity
  8
MONTANTE
100
AcDbCircle
 10
-483.2155287239002
 20
-2882.013233984952
 30
0.0
 40
4.5
1001
AcDbBlockRepETag
1070
     1
1071
     5460
1005
5A1
  0
LWPOLYLINE
  5
5A2
330
2A1
100
AcDbEntity
  8
MONTANTE
100
AcDbPolyline
 90
        4
 70
     1
 43
0.0
 10
-518.9971037295763
 20
-2862.063233984955
 10
-521.9971037295763
 20
-2862.063233984955
 42
-0.9999999999999998
 10
-521.9971037295763
 20
-2853.063233984955
 10
-518.9971037295763
 20
-2853.063233984955
 42
-0.9999999999999998
1001
AcDbBlockRepETag
1070
     1
1071
     5461
1005
5A2
  0
CIRCLE
  5
5A3
330
2A1
100
AcDbEntity
  8
MONTANTE
100
AcDbCircle
 10
-483.2155287239002
 20
-2832.013233984952
 30
0.0
 40
4.5
1001
AcDbBlockRepETag
1070
     1
1071
     5462
1005
5A3
  0
LWPOLYLINE
  5
5A4
330
2A1
100
AcDbEntity
  8
MONTANTE
100
AcDbPolyline
 90
        4
 70
     1
 43
0.0
 10
-518.9971037295763
 20
-2812.063233984955
 10
-521.9971037295763
 20
-2812.063233984955
 42
-0.9999999999999998
 10
-521.9971037295763
 20
-2803.063233984955
 10
-518.9971037295763
 20
-2803.063233984955
 42
-0.9999999999999998
1001
AcDbBlockRepETag
1070
     1
1071
     5463
1005
5A4
  0
CIRCLE
  5
5A5
330
2A1
100
AcDbEntity
  8
MONTANTE
100
AcDbCircle
 10
-483.2155287239002
 20
-2782.013233984951
 30
0.0
 40
4.5
1001
AcDbBlockRepETag
1070
     1
1071
     5464
1005
5A5
  0
LWPOLYLINE
  5
5A6
330
2A1
100
AcDbEntity
  8
MONTANTE
100
AcDbPolyline
 90
        4
 70
     1
 43
0.0
 10
-518.9971037295763
 20
-2762.063233984955
 10
-521.9971037295763
 20
-2762.063233984955
 42
-0.9999999999999998
 10
-521.9971037295763
 20
-2753.063233984955
 10
-518.9971037295763
 20
-2753.063233984955
 42
-0.9999999999999998
1001
AcDbBlockRepETag
1070
     1
1071
     5465
1005
5A6
  0
CIRCLE
  5
5A7
330
2A1
100
AcDbEntity
  8
MONTANTE
100
AcDbCircle
 10
-483.2155287239002
 20
-2732.013233984952
 30
0.0
 40
4.5
1001
AcDbBlockRepETag
1070
     1
1071
     5466
1005
5A7
  0
LWPOLYLINE
  5
5A8
330
2A1
100
AcDbEntity
  8
MONTANTE
100
AcDbPolyline
 90
        4
 70
     1
 43
0.0
 10
-518.9971037295763
 20
-2712.063233984955
 10
-521.9971037295763
 20
-2712.063233984955
 42
-0.9999999999999998
 10
-521.9971037295763
 20
-2703.063233984955
 10
-518.9971037295763
 20
-2703.063233984955
 42
-0.9999999999999998
1001
AcDbBlockRepETag
1070
     1
1071
     5467
1005
5A8
  0
CIRCLE
  5
5A9
330
2A1
100
AcDbEntity
  8
MONTANTE
100
AcDbCircle
 10
-483.2155287239002
 20
-2682.013233984952
 30
0.0
 40
4.5
1001
AcDbBlockRepETag
1070
     1
1071
     5468
1005
5A9
  0
LWPOLYLINE
  5
5AA
330
2A1
100
AcDbEntity
  8
MONTANTE
100
AcDbPolyline
 90
        4
 70
     1
 43
0.0
 10
-518.9971037295763
 20
-2662.063233984955
 10
-521.9971037295763
 20
-2662.063233984955
 42
-0.9999999999999998
 10
-521.9971037295763
 20
-2653.063233984955
 10
-518.9971037295763
 20
-2653.063233984955
 42
-0.9999999999999998
1001
AcDbBlockRepETag
1070
     1
1071
     5469
1005
5AA
  0
CIRCLE
  5
5AB
330
2A1
100
AcDbEntity
  8
MONTANTE
100
AcDbCircle
 10
-483.2155287239002
 20
-2632.013233984952
 30
0.0
 40
4.5
1001
AcDbBlockRepETag
1070
     1
1071
     5470
1005
5AB
  0
LWPOLYLINE
  5
5AC
330
2A1
100
AcDbEntity
  8
MONTANTE
100
AcDbPolyline
 90
        4
 70
     1
 43
0.0
 10
-518.9971037295763
 20
-2612.063233984955
 10
-521.9971037295763
 20
-2612.063233984955
 42
-0.9999999999999998
 10
-521.9971037295763
 20
-2603.063233984955
 10
-518.9971037295763
 20
-2603.063233984955
 42
-0.9999999999999998
1001
AcDbBlockRepETag
1070
     1
1071
     5471
1005
5AC
  0
CIRCLE
  5
5AD
330
2A1
100
AcDbEntity
  8
MONTANTE
100
AcDbCircle
 10
-483.2155287239002
 20
-2582.013233984952
 30
0.0
 40
4.5
1001
AcDbBlockRepETag
1070
     1
1071
     5472
1005
5AD
  0
LWPOLYLINE
  5
5AE
330
2A1
100
AcDbEntity
  8
MONTANTE
100
AcDbPolyline
 90
        4
 70
     1
 43
0.0
 10
-518.9971037295763
 20
-2562.063233984955
 10
-521.9971037295763
 20
-2562.063233984955
 42
-0.9999999999999998
 10
-521.9971037295763
 20
-2553.063233984955
 10
-518.9971037295763
 20
-2553.063233984955
 42
-0.9999999999999998
1001
AcDbBlockRepETag
1070
     1
1071
     5473
1005
5AE
  0
CIRCLE
  5
5AF
330
2A1
100
AcDbEntity
  8
MONTANTE
100
AcDbCircle
 10
-483.2155287239002
 20
-2532.013233984951
 30
0.0
 40
4.5
1001
AcDbBlockRepETag
1070
     1
1071
     5474
1005
5AF
  0
LWPOLYLINE
  5
5B0
330
2A1
100
AcDbEntity
  8
MONTANTE
100
AcDbPolyline
 90
        4
 70
     1
 43
0.0
 10
-518.9971037295763
 20
-2512.063233984955
 10
-521.9971037295763
 20
-2512.063233984955
 42
-0.9999999999999998
 10
-521.9971037295763
 20
-2503.063233984955
 10
-518.9971037295763
 20
-2503.063233984955
 42
-0.9999999999999998
1001
AcDbBlockRepETag
1070
     1
1071
     5475
1005
5B0
  0
CIRCLE
  5
5B1
330
2A1
100
AcDbEntity
  8
MONTANTE
100
AcDbCircle
 10
-483.2155287239002
 20
-2482.013233984952
 30
0.0
 40
4.5
1001
AcDbBlockRepETag
1070
     1
1071
     5476
1005
5B1
  0
LWPOLYLINE
  5
5B2
330
2A1
100
AcDbEntity
  8
MONTANTE
100
AcDbPolyline
 90
        4
 70
     1
 43
0.0
 10
-518.9971037295763
 20
-2462.063233984955
 10
-521.9971037295763
 20
-2462.063233984955
 42
-0.9999999999999998
 10
-521.9971037295763
 20
-2453.063233984955
 10
-518.9971037295763
 20
-2453.063233984955
 42
-0.9999999999999998
1001
AcDbBlockRepETag
1070
     1
1071
     5477
1005
5B2
  0
CIRCLE
  5
5B3
330
2A1
100
AcDbEntity
  8
MONTANTE
100
AcDbCircle
 10
-483.2155287239002
 20
-2432.013233984952
 30
0.0
 40
4.5
1001
AcDbBlockRepETag
1070
     1
1071
     5478
1005
5B3
  0
LWPOLYLINE
  5
5B4
330
2A1
100
AcDbEntity
  8
MONTANTE
100
AcDbPolyline
 90
        4
 70
     1
 43
0.0
 10
-518.9971037295763
 20
-2412.063233984955
 10
-521.9971037295763
 20
-2412.063233984955
 42
-0.9999999999999998
 10
-521.9971037295763
 20
-2403.063233984955
 10
-518.9971037295763
 20
-2403.063233984955
 42
-0.9999999999999998
1001
AcDbBlockRepETag
1070
     1
1071
     5479
1005
5B4
  0
CIRCLE
  5
5B5
330
2A1
100
AcDbEntity
  8
MONTANTE
100
AcDbCircle
 10
-483.2155287239002
 20
-2382.013233984952
 30
0.0
 40
4.5
1001
AcDbBlockRepETag
1070
     1
1071
     5480
1005
5B5
  0
LWPOLYLINE
  5
5B6
330
2A1
100
AcDbEntity
  8
MONTANTE
100
AcDbPolyline
 90
        4
 70
     1
 43
0.0
 10
-518.9971037295763
 20
-2362.063233984954
 10
-521.9971037295763
 20
-2362.063233984954
 42
-0.9999999999999998
 10
-521.9971037295763
 20
-2353.063233984954
 10
-518.9971037295763
 20
-2353.063233984954
 42
-0.9999999999999998
1001
AcDbBlockRepETag
1070
     1
1071
     5481
1005
5B6
  0
CIRCLE
  5
5B7
330
2A1
100
AcDbEntity
  8
MONTANTE
100
AcDbCircle
 10
-483.2155287239002
 20
-2332.013233984952
 30
0.0
 40
4.5
1001
AcDbBlockRepETag
1070
     1
1071
     5482
1005
5B7
  0
LWPOLYLINE
  5
5B8
330
2A1
100
AcDbEntity
  8
MONTANTE
100
AcDbPolyline
 90
        4
 70
     1
 43
0.0
 10
-518.9971037295763
 20
-2312.063233984955
 10
-521.9971037295763
 20
-2312.063233984955
 42
-0.9999999999999998
 10
-521.9971037295763
 20
-2303.063233984954
 10
-518.9971037295763
 20
-2303.063233984954
 42
-0.9999999999999998
1001
AcDbBlockRepETag
1070
     1
1071
     5483
1005
5B8
  0
CIRCLE
  5
5B9
330
2A1
100
AcDbEntity
  8
MONTANTE
100
AcDbCircle
 10
-483.2155287239002
 20
-2282.013233984951
 30
0.0
 40
4.5
1001
AcDbBlockRepETag
1070
     1
1071
     5484
1005
5B9
  0
LWPOLYLINE
  5
5BA
330
2A1
100
AcDbEntity
  8
MONTANTE
100
AcDbPolyline
 90
        4
 70
     1
 43
0.0
 10
-518.9971037295763
 20
-2262.063233984955
 10
-521.9971037295763
 20
-2262.063233984955
 42
-0.9999999999999998
 10
-521.9971037295763
 20
-2253.063233984955
 10
-518.9971037295763
 20
-2253.063233984955
 42
-0.9999999999999998
1001
AcDbBlockRepETag
1070
     1
1071
     5485
1005
5BA
  0
CIRCLE
  5
5BB
330
2A1
100
AcDbEntity
  8
MONTANTE
100
AcDbCircle
 10
-483.2155287239002
 20
-2232.013233984952
 30
0.0
 40
4.5
1001
AcDbBlockRepETag
1070
     1
1071
     5486
1005
5BB
  0
LWPOLYLINE
  5
5BC
330
2A1
100
AcDbEntity
  8
MONTANTE
100
AcDbPolyline
 90
        4
 70
     1
 43
0.0
 10
-518.9971037295763
 20
-2212.063233984955
 10
-521.9971037295763
 20
-2212.063233984955
 42
-0.9999999999999998
 10
-521.9971037295763
 20
-2203.063233984954
 10
-518.9971037295763
 20
-2203.063233984954
 42
-0.9999999999999998
1001
AcDbBlockRepETag
1070
     1
1071
     5487
1005
5BC
  0
CIRCLE
  5
5BD
330
2A1
100
AcDbEntity
  8
MONTANTE
100
AcDbCircle
 10
-483.2155287239002
 20
-2182.013233984951
 30
0.0
 40
4.5
1001
AcDbBlockRepETag
1070
     1
1071
     5488
1005
5BD
  0
LWPOLYLINE
  5
5BE
330
2A1
100
AcDbEntity
  8
MONTANTE
100
AcDbPolyline
 90
        4
 70
     1
 43
0.0
 10
-518.9971037295763
 20
-2162.063233984955
 10
-521.9971037295763
 20
-2162.063233984955
 42
-0.9999999999999998
 10
-521.9971037295763
 20
-2153.063233984954
 10
-518.9971037295763
 20
-2153.063233984954
 42
-0.9999999999999998
1001
AcDbBlockRepETag
1070
     1
1071
     5489
1005
5BE
  0
CIRCLE
  5
5BF
330
2A1
100
AcDbEntity
  8
MONTANTE
100
AcDbCircle
 10
-483.2155287239002
 20
-2132.013233984952
 30
0.0
 40
4.5
1001
AcDbBlockRepETag
1070
     1
1071
     5490
1005
5BF
  0
LWPOLYLINE
  5
5C0
330
2A1
100
AcDbEntity
  8
MONTANTE
100
AcDbPolyline
 90
        4
 70
     1
 43
0.0
 10
-518.9971037295763
 20
-2112.063233984954
 10
-521.9971037295763
 20
-2112.063233984954
 42
-0.9999999999999998
 10
-521.9971037295763
 20
-2103.063233984954
 10
-518.9971037295763
 20
-2103.063233984954
 42
-0.9999999999999998
1001
AcDbBlockRepETag
1070
     1
1071
     5491
1005
5C0
  0
CIRCLE
  5
5C1
330
2A1
100
AcDbEntity
  8
MONTANTE
100
AcDbCircle
 10
-483.2155287239002
 20
-2082.013233984952
 30
0.0
 40
4.5
1001
AcDbBlockRepETag
1070
     1
1071
     5492
1005
5C1
  0
LWPOLYLINE
  5
5C2
330
2A1
100
AcDbEntity
  8
MONTANTE
100
AcDbPolyline
 90
        4
 70
     1
 43
0.0
 10
-518.9971037295763
 20
-2062.063233984955
 10
-521.9971037295763
 20
-2062.063233984955
 42
-0.9999999999999998
 10
-521.9971037295763
 20
-2053.063233984954
 10
-518.9971037295763
 20
-2053.063233984954
 42
-0.9999999999999998
1001
AcDbBlockRepETag
1070
     1
1071
     5493
1005
5C2
  0
CIRCLE
  5
5C3
330
2A1
100
AcDbEntity
  8
MONTANTE
100
AcDbCircle
 10
-483.2155287239002
 20
-2032.013233984951
 30
0.0
 40
4.5
1001
AcDbBlockRepETag
1070
     1
1071
     5494
1005
5C3
  0
LWPOLYLINE
  5
5C4
330
2A1
100
AcDbEntity
  8
MONTANTE
100
AcDbPolyline
 90
        4
 70
     1
 43
0.0
 10
-518.9971037295763
 20
-2012.063233984955
 10
-521.9971037295763
 20
-2012.063233984955
 42
-0.9999999999999998
 10
-521.9971037295763
 20
-2003.063233984955
 10
-518.9971037295763
 20
-2003.063233984955
 42
-0.9999999999999998
1001
AcDbBlockRepETag
1070
     1
1071
     5495
1005
5C4
  0
CIRCLE
  5
5C5
330
2A1
100
AcDbEntity
  8
MONTANTE
100
AcDbCircle
 10
-483.2155287239002
 20
-1982.013233984951
 30
0.0
 40
4.5
1001
AcDbBlockRepETag
1070
     1
1071
     5496
1005
5C5
  0
LWPOLYLINE
  5
5C6
330
2A1
100
AcDbEntity
  8
MONTANTE
100
AcDbPolyline
 90
        4
 70
     1
 43
0.0
 10
-518.9971037295763
 20
-1962.063233984954
 10
-521.9971037295763
 20
-1962.063233984954
 42
-0.9999999999999998
 10
-521.9971037295763
 20
-1953.063233984954
 10
-518.9971037295763
 20
-1953.063233984954
 42
-0.9999999999999998
1001
AcDbBlockRepETag
1070
     1
1071
     5497
1005
5C6
  0
CIRCLE
  5
5C7
330
2A1
100
AcDbEntity
  8
MONTANTE
100
AcDbCircle
 10
-483.2155287239002
 20
-1932.013233984951
 30
0.0
 40
4.5
1001
AcDbBlockRepETag
1070
     1
1071
     5498
1005
5C7
  0
LWPOLYLINE
  5
5C8
330
2A1
100
AcDbEntity
  8
MONTANTE
100
AcDbPolyline
 90
        4
 70
     1
 43
0.0
 10
-518.9971037295763
 20
-1912.063233984954
 10
-521.9971037295763
 20
-1912.063233984954
 42
-0.9999999999999998
 10
-521.9971037295763
 20
-1903.063233984954
 10
-518.9971037295763
 20
-1903.063233984954
 42
-0.9999999999999998
1001
AcDbBlockRepETag
1070
     1
1071
     5499
1005
5C8
  0
CIRCLE
  5
5C9
330
2A1
100
AcDbEntity
  8
MONTANTE
100
AcDbCircle
 10
-483.2155287239002
 20
-1882.013233984951
 30
0.0
 40
4.5
1001
AcDbBlockRepETag
1070
     1
1071
     5500
1005
5C9
  0
LWPOLYLINE
  5
5CA
330
2A1
100
AcDbEntity
  8
MONTANTE
100
AcDbPolyline
 90
        4
 70
     1
 43
0.0
 10
-518.9971037295763
 20
-1862.063233984954
 10
-521.9971037295763
 20
-1862.063233984954
 42
-0.9999999999999998
 10
-521.9971037295763
 20
-1853.063233984954
 10
-518.9971037295763
 20
-1853.063233984954
 42
-0.9999999999999998
1001
AcDbBlockRepETag
1070
     1
1071
     5501
1005
5CA
  0
CIRCLE
  5
5CB
330
2A1
100
AcDbEntity
  8
MONTANTE
100
AcDbCircle
 10
-483.2155287239002
 20
-1832.013233984951
 30
0.0
 40
4.5
1001
AcDbBlockRepETag
1070
     1
1071
     5502
1005
5CB
  0
LWPOLYLINE
  5
5CC
330
2A1
100
AcDbEntity
  8
MONTANTE
100
AcDbPolyline
 90
        4
 70
     1
 43
0.0
 10
-518.9971037295763
 20
-1812.063233984954
 10
-521.9971037295763
 20
-1812.063233984954
 42
-0.9999999999999998
 10
-521.9971037295763
 20
-1803.063233984954
 10
-518.9971037295763
 20
-1803.063233984954
 42
-0.9999999999999998
1001
AcDbBlockRepETag
1070
     1
1071
     5503
1005
5CC
  0
CIRCLE
  5
5CD
330
2A1
100
AcDbEntity
  8
MONTANTE
100
AcDbCircle
 10
-483.2155287239002
 20
-1782.013233984951
 30
0.0
 40
4.5
1001
AcDbBlockRepETag
1070
     1
1071
     5504
1005
5CD
  0
LWPOLYLINE
  5
5CE
330
2A1
100
AcDbEntity
  8
MONTANTE
100
AcDbPolyline
 90
        4
 70
     1
 43
0.0
 10
-518.9971037295763
 20
-1762.063233984954
 10
-521.9971037295763
 20
-1762.063233984954
 42
-0.9999999999999998
 10
-521.9971037295763
 20
-1753.063233984954
 10
-518.9971037295763
 20
-1753.063233984954
 42
-0.9999999999999998
1001
AcDbBlockRepETag
1070
     1
1071
     5505
1005
5CE
  0
CIRCLE
  5
5CF
330
2A1
100
AcDbEntity
  8
MONTANTE
100
AcDbCircle
 10
-483.2155287239002
 20
-1732.013233984951
 30
0.0
 40
4.5
1001
AcDbBlockRepETag
1070
     1
1071
     5506
1005
5CF
  0
LWPOLYLINE
  5
5D0
330
2A1
100
AcDbEntity
  8
MONTANTE
100
AcDbPolyline
 90
        4
 70
     1
 43
0.0
 10
-518.9971037295763
 20
-1712.063233984954
 10
-521.9971037295763
 20
-1712.063233984954
 42
-0.9999999999999998
 10
-521.9971037295763
 20
-1703.063233984954
 10
-518.9971037295763
 20
-1703.063233984954
 42
-0.9999999999999998
1001
AcDbBlockRepETag
1070
     1
1071
     5507
1005
5D0
  0
CIRCLE
  5
5D1
330
2A1
100
AcDbEntity
  8
MONTANTE
100
AcDbCircle
 10
-483.2155287239002
 20
-1682.013233984951
 30
0.0
 40
4.5
1001
AcDbBlockRepETag
1070
     1
1071
     5508
1005
5D1
  0
LWPOLYLINE
  5
5D2
330
2A1
100
AcDbEntity
  8
MONTANTE
100
AcDbPolyline
 90
        4
 70
     1
 43
0.0
 10
-518.9971037295763
 20
-1662.063233984954
 10
-521.9971037295763
 20
-1662.063233984954
 42
-0.9999999999999998
 10
-521.9971037295763
 20
-1653.063233984954
 10
-518.9971037295763
 20
-1653.063233984954
 42
-0.9999999999999998
1001
AcDbBlockRepETag
1070
     1
1071
     5509
1005
5D2
  0
CIRCLE
  5
5D3
330
2A1
100
AcDbEntity
  8
MONTANTE
100
AcDbCircle
 10
-483.2155287239002
 20
-1632.013233984951
 30
0.0
 40
4.5
1001
AcDbBlockRepETag
1070
     1
1071
     5508
1005
5D3
1001
AcDbBlockArrayActionTag
1070
     1
  0
LWPOLYLINE
  5
5D4
330
2A1
100
AcDbEntity
  8
MONTANTE
100
AcDbPolyline
 90
        4
 70
     1
 43
0.0
 10
-518.9971037295763
 20
-1612.063233984954
 10
-521.9971037295763
 20
-1612.063233984954
 42
-0.9999999999999998
 10
-521.9971037295763
 20
-1603.063233984954
 10
-518.9971037295763
 20
-1603.063233984954
 42
-0.9999999999999998
1001
AcDbBlockRepETag
1070
     1
1071
     5509
1005
5D4
1001
AcDbBlockArrayActionTag
1070
     1
  0
CIRCLE
  5
5D5
330
2A1
100
AcDbEntity
  8
MONTANTE
100
AcDbCircle
 10
-483.2155287239002
 20
-1582.013233984951
 30
0.0
 40
4.5
1001
AcDbBlockRepETag
1070
     1
1071
     5508
1005
5D5
1001
AcDbBlockArrayActionTag
1070
     1
  0
LWPOLYLINE
  5
5D6
330
2A1
100
AcDbEntity
  8
MONTANTE
100
AcDbPolyline
 90
        4
 70
     1
 43
0.0
 10
-518.9971037295763
 20
-1562.063233984954
 10
-521.9971037295763
 20
-1562.063233984954
 42
-0.9999999999999998
 10
-521.9971037295763
 20
-1553.063233984954
 10
-518.9971037295763
 20
-1553.063233984954
 42
-0.9999999999999998
1001
AcDbBlockRepETag
1070
     1
1071
     5509
1005
5D6
1001
AcDbBlockArrayActionTag
1070
     1
  0
CIRCLE
  5
5D7
330
2A1
100
AcDbEntity
  8
MONTANTE
100
AcDbCircle
 10
-483.2155287239002
 20
-1532.013233984951
 30
0.0
 40
4.5
1001
AcDbBlockRepETag
1070
     1
1071
     5508
1005
5D7
1001
AcDbBlockArrayActionTag
1070
     1
  0
LWPOLYLINE
  5
5D8
330
2A1
100
AcDbEntity
  8
MONTANTE
100
AcDbPolyline
 90
        4
 70
     1
 43
0.0
 10
-518.9971037295763
 20
-1512.063233984954
 10
-521.9971037295763
 20
-1512.063233984954
 42
-0.9999999999999998
 10
-521.9971037295763
 20
-1503.063233984954
 10
-518.9971037295763
 20
-1503.063233984954
 42
-0.9999999999999998
1001
AcDbBlockRepETag
1070
     1
1071
     5509
1005
5D8
1001
AcDbBlockArrayActionTag
1070
     1
  0
CIRCLE
  5
5D9
330
2A1
100
AcDbEntity
  8
MONTANTE
100
AcDbCircle
 10
-483.2155287239002
 20
-1482.013233984951
 30
0.0
 40
4.5
1001
AcDbBlockRepETag
1070
     1
1071
     5508
1005
5D9
1001
AcDbBlockArrayActionTag
1070
     1
  0
LWPOLYLINE
  5
5DA
330
2A1
100
AcDbEntity
  8
MONTANTE
100
AcDbPolyline
 90
        4
 70
     1
 43
0.0
 10
-518.9971037295763
 20
-1462.063233984954
 10
-521.9971037295763
 20
-1462.063233984954
 42
-0.9999999999999998
 10
-521.9971037295763
 20
-1453.063233984954
 10
-518.9971037295763
 20
-1453.063233984954
 42
-0.9999999999999998
1001
AcDbBlockRepETag
1070
     1
1071
     5509
1005
5DA
1001
AcDbBlockArrayActionTag
1070
     1
  0
CIRCLE
  5
5DB
330
2A1
100
AcDbEntity
  8
MONTANTE
100
AcDbCircle
 10
-483.2155287239002
 20
-1432.013233984951
 30
0.0
 40
4.5
1001
AcDbBlockRepETag
1070
     1
1071
     5508
1005
5DB
1001
AcDbBlockArrayActionTag
1070
     1
  0
LWPOLYLINE
  5
5DC
330
2A1
100
AcDbEntity
  8
MONTANTE
100
AcDbPolyline
 90
        4
 70
     1
 43
0.0
 10
-518.9971037295763
 20
-1412.063233984954
 10
-521.9971037295763
 20
-1412.063233984954
 42
-0.9999999999999998
 10
-521.9971037295763
 20
-1403.063233984954
 10
-518.9971037295763
 20
-1403.063233984954
 42
-0.9999999999999998
1001
AcDbBlockRepETag
1070
     1
1071
     5509
1005
5DC
1001
AcDbBlockArrayActionTag
1070
     1
  0
CIRCLE
  5
5DD
330
2A1
100
AcDbEntity
  8
MONTANTE
100
AcDbCircle
 10
-483.2155287239002
 20
-1382.013233984951
 30
0.0
 40
4.5
1001
AcDbBlockRepETag
1070
     1
1071
     5508
1005
5DD
1001
AcDbBlockArrayActionTag
1070
     1
  0
LWPOLYLINE
  5
5DE
330
2A1
100
AcDbEntity
  8
MONTANTE
100
AcDbPolyline
 90
        4
 70
     1
 43
0.0
 10
-518.9971037295763
 20
-1362.063233984954
 10
-521.9971037295763
 20
-1362.063233984954
 42
-0.9999999999999998
 10
-521.9971037295763
 20
-1353.063233984954
 10
-518.9971037295763
 20
-1353.063233984954
 42
-0.9999999999999998
1001
AcDbBlockRepETag
1070
     1
1071
     5509
1005
5DE
1001
AcDbBlockArrayActionTag
1070
     1
  0
CIRCLE
  5
5DF
330
2A1
100
AcDbEntity
  8
MONTANTE
100
AcDbCircle
 10
-483.2155287239002
 20
-1332.013233984951
 30
0.0
 40
4.5
1001
AcDbBlockRepETag
1070
     1
1071
     5508
1005
5DF
1001
AcDbBlockArrayActionTag
1070
     1
  0
LWPOLYLINE
  5
5E0
330
2A1
100
AcDbEntity
  8
MONTANTE
100
AcDbPolyline
 90
        4
 70
     1
 43
0.0
 10
-518.9971037295763
 20
-1312.063233984954
 10
-521.9971037295763
 20
-1312.063233984954
 42
-0.9999999999999998
 10
-521.9971037295763
 20
-1303.063233984954
 10
-518.9971037295763
 20
-1303.063233984954
 42
-0.9999999999999998
1001
AcDbBlockRepETag
1070
     1
1071
     5509
1005
5E0
1001
AcDbBlockArrayActionTag
1070
     1
  0
CIRCLE
  5
5E1
330
2A1
100
AcDbEntity
  8
MONTANTE
100
AcDbCircle
 10
-483.2155287239002
 20
-1282.013233984951
 30
0.0
 40
4.5
1001
AcDbBlockRepETag
1070
     1
1071
     5508
1005
5E1
1001
AcDbBlockArrayActionTag
1070
     1
  0
LWPOLYLINE
  5
5E2
330
2A1
100
AcDbEntity
  8
MONTANTE
100
AcDbPolyline
 90
        4
 70
     1
 43
0.0
 10
-518.9971037295763
 20
-1262.063233984954
 10
-521.9971037295763
 20
-1262.063233984954
 42
-0.9999999999999998
 10
-521.9971037295763
 20
-1253.063233984954
 10
-518.9971037295763
 20
-1253.063233984954
 42
-0.9999999999999998
1001
AcDbBlockRepETag
1070
     1
1071
     5509
1005
5E2
1001
AcDbBlockArrayActionTag
1070
     1
  0
CIRCLE
  5
5E3
330
2A1
100
AcDbEntity
  8
MONTANTE
100
AcDbCircle
 10
-483.2155287239002
 20
-1232.013233984951
 30
0.0
 40
4.5
1001
AcDbBlockRepETag
1070
     1
1071
     5508
1005
5E3
1001
AcDbBlockArrayActionTag
1070
     1
  0
LWPOLYLINE
  5
5E4
330
2A1
100
AcDbEntity
  8
MONTANTE
100
AcDbPolyline
 90
        4
 70
     1
 43
0.0
 10
-518.9971037295763
 20
-1212.063233984954
 10
-521.9971037295763
 20
-1212.063233984954
 42
-0.9999999999999998
 10
-521.9971037295763
 20
-1203.063233984954
 10
-518.9971037295763
 20
-1203.063233984954
 42
-0.9999999999999998
1001
AcDbBlockRepETag
1070
     1
1071
     5509
1005
5E4
1001
AcDbBlockArrayActionTag
1070
     1
  0
CIRCLE
  5
5E5
330
2A1
100
AcDbEntity
  8
MONTANTE
100
AcDbCircle
 10
-483.2155287239002
 20
-1182.013233984951
 30
0.0
 40
4.5
1001
AcDbBlockRepETag
1070
     1
1071
     5508
1005
5E5
1001
AcDbBlockArrayActionTag
1070
     1
  0
LWPOLYLINE
  5
5E6
330
2A1
100
AcDbEntity
  8
MONTANTE
100
AcDbPolyline
 90
        4
 70
     1
 43
0.0
 10
-518.9971037295763
 20
-1162.063233984954
 10
-521.9971037295763
 20
-1162.063233984954
 42
-0.9999999999999998
 10
-521.9971037295763
 20
-1153.063233984954
 10
-518.9971037295763
 20
-1153.063233984954
 42
-0.9999999999999998
1001
AcDbBlockRepETag
1070
     1
1071
     5509
1005
5E6
1001
AcDbBlockArrayActionTag
1070
     1
  0
CIRCLE
  5
5E7
330
2A1
100
AcDbEntity
  8
MONTANTE
100
AcDbCircle
 10
-483.2155287239002
 20
-1132.013233984951
 30
0.0
 40
4.5
1001
AcDbBlockRepETag
1070
     1
1071
     5508
1005
5E7
1001
AcDbBlockArrayActionTag
1070
     1
  0
LWPOLYLINE
  5
5E8
330
2A1
100
AcDbEntity
  8
MONTANTE
100
AcDbPolyline
 90
        4
 70
     1
 43
0.0
 10
-518.9971037295763
 20
-1112.063233984954
 10
-521.9971037295763
 20
-1112.063233984954
 42
-0.9999999999999998
 10
-521.9971037295763
 20
-1103.063233984954
 10
-518.9971037295763
 20
-1103.063233984954
 42
-0.9999999999999998
1001
AcDbBlockRepETag
1070
     1
1071
     5509
1005
5E8
1001
AcDbBlockArrayActionTag
1070
     1
  0
CIRCLE
  5
5E9
330
2A1
100
AcDbEntity
  8
MONTANTE
100
AcDbCircle
 10
-483.2155287239002
 20
-1082.013233984951
 30
0.0
 40
4.5
1001
AcDbBlockRepETag
1070
     1
1071
     5508
1005
5E9
1001
AcDbBlockArrayActionTag
1070
     1
  0
LWPOLYLINE
  5
5EA
330
2A1
100
AcDbEntity
  8
MONTANTE
100
AcDbPolyline
 90
        4
 70
     1
 43
0.0
 10
-518.9971037295763
 20
-1062.063233984954
 10
-521.9971037295763
 20
-1062.063233984954
 42
-0.9999999999999998
 10
-521.9971037295763
 20
-1053.063233984954
 10
-518.9971037295763
 20
-1053.063233984954
 42
-0.9999999999999998
1001
AcDbBlockRepETag
1070
     1
1071
     5509
1005
5EA
1001
AcDbBlockArrayActionTag
1070
     1
  0
CIRCLE
  5
5EB
330
2A1
100
AcDbEntity
  8
MONTANTE
100
AcDbCircle
 10
-483.2155287239002
 20
-1032.013233984951
 30
0.0
 40
4.5
1001
AcDbBlockRepETag
1070
     1
1071
     5508
1005
5EB
1001
AcDbBlockArrayActionTag
1070
     1
  0
LWPOLYLINE
  5
5EC
330
2A1
100
AcDbEntity
  8
MONTANTE
100
AcDbPolyline
 90
        4
 70
     1
 43
0.0
 10
-518.9971037295763
 20
-1012.063233984954
 10
-521.9971037295763
 20
-1012.063233984954
 42
-0.9999999999999998
 10
-521.9971037295763
 20
-1003.063233984954
 10
-518.9971037295763
 20
-1003.063233984954
 42
-0.9999999999999998
1001
AcDbBlockRepETag
1070
     1
1071
     5509
1005
5EC
1001
AcDbBlockArrayActionTag
1070
     1
  0
CIRCLE
  5
5ED
330
2A1
100
AcDbEntity
  8
MONTANTE
100
AcDbCircle
 10
-483.2155287239002
 20
-982.0132339849514
 30
0.0
 40
4.5
1001
AcDbBlockRepETag
1070
     1
1071
     5508
1005
5ED
1001
AcDbBlockArrayActionTag
1070
     1
  0
LWPOLYLINE
  5
5EE
330
2A1
100
AcDbEntity
  8
MONTANTE
100
AcDbPolyline
 90
        4
 70
     1
 43
0.0
 10
-518.9971037295763
 20
-962.0632339849544
 10
-521.9971037295763
 20
-962.0632339849544
 42
-0.9999999999999998
 10
-521.9971037295763
 20
-953.0632339849544
 10
-518.9971037295763
 20
-953.0632339849544
 42
-0.9999999999999998
1001
AcDbBlockRepETag
1070
     1
1071
     5509
1005
5EE
1001
AcDbBlockArrayActionTag
1070
     1
  0
CIRCLE
  5
5EF
330
2A1
100
AcDbEntity
  8
MONTANTE
100
AcDbCircle
 10
-483.2155287239002
 20
-932.0132339849514
 30
0.0
 40
4.5
1001
AcDbBlockRepETag
1070
     1
1071
     5508
1005
5EF
1001
AcDbBlockArrayActionTag
1070
     1
  0
LWPOLYLINE
  5
5F0
330
2A1
100
AcDbEntity
  8
MONTANTE
100
AcDbPolyline
 90
        4
 70
     1
 43
0.0
 10
-518.9971037295763
 20
-912.0632339849544
 10
-521.9971037295763
 20
-912.0632339849544
 42
-0.9999999999999998
 10
-521.9971037295763
 20
-903.0632339849544
 10
-518.9971037295763
 20
-903.0632339849544
 42
-0.9999999999999998
1001
AcDbBlockRepETag
1070
     1
1071
     5509
1005
5F0
1001
AcDbBlockArrayActionTag
1070
     1
  0
CIRCLE
  5
5F1
330
2A1
100
AcDbEntity
  8
MONTANTE
100
AcDbCircle
 10
-483.2155287239002
 20
-882.0132339849514
 30
0.0
 40
4.5
1001
AcDbBlockRepETag
1070
     1
1071
     5508
1005
5F1
1001
AcDbBlockArrayActionTag
1070
     1
  0
LWPOLYLINE
  5
5F2
330
2A1
100
AcDbEntity
  8
MONTANTE
100
AcDbPolyline
 90
        4
 70
     1
 43
0.0
 10
-518.9971037295763
 20
-862.0632339849544
 10
-521.9971037295763
 20
-862.0632339849544
 42
-0.9999999999999998
 10
-521.9971037295763
 20
-853.0632339849544
 10
-518.9971037295763
 20
-853.0632339849544
 42
-0.9999999999999998
1001
AcDbBlockRepETag
1070
     1
1071
     5509
1005
5F2
1001
AcDbBlockArrayActionTag
1070
     1
  0
CIRCLE
  5
5F3
330
2A1
100
AcDbEntity
  8
MONTANTE
100
AcDbCircle
 10
-483.2155287239002
 20
-832.0132339849514
 30
0.0
 40
4.5
1001
AcDbBlockRepETag
1070
     1
1071
     5508
1005
5F3
1001
AcDbBlockArrayActionTag
1070
     1
  0
LWPOLYLINE
  5
5F4
330
2A1
100
AcDbEntity
  8
MONTANTE
100
AcDbPolyline
 90
        4
 70
     1
 43
0.0
 10
-518.9971037295763
 20
-812.0632339849544
 10
-521.9971037295763
 20
-812.0632339849544
 42
-0.9999999999999998
 10
-521.9971037295763
 20
-803.0632339849544
 10
-518.9971037295763
 20
-803.0632339849544
 42
-0.9999999999999998
1001
AcDbBlockRepETag
1070
     1
1071
     5509
1005
5F4
1001
AcDbBlockArrayActionTag
1070
     1
  0
CIRCLE
  5
5F5
330
2A1
100
AcDbEntity
  8
MONTANTE
100
AcDbCircle
 10
-483.2155287239002
 20
-782.0132339849515
 30
0.0
 40
4.5
1001
AcDbBlockRepETag
1070
     1
1071
     5508
1005
5F5
1001
AcDbBlockArrayActionTag
1070
     1
  0
LWPOLYLINE
  5
5F6
330
2A1
100
AcDbEntity
  8
MONTANTE
100
AcDbPolyline
 90
        4
 70
     1
 43
0.0
 10
-518.9971037295763
 20
-762.0632339849544
 10
-521.9971037295763
 20
-762.0632339849544
 42
-0.9999999999999998
 10
-521.9971037295763
 20
-753.0632339849544
 10
-518.9971037295763
 20
-753.0632339849544
 42
-0.9999999999999998
1001
AcDbBlockRepETag
1070
     1
1071
     5509
1005
5F6
1001
AcDbBlockArrayActionTag
1070
     1
  0
CIRCLE
  5
5F7
330
2A1
100
AcDbEntity
  8
MONTANTE
100
AcDbCircle
 10
-483.2155287239002
 20
-732.0132339849514
 30
0.0
 40
4.5
1001
AcDbBlockRepETag
1070
     1
1071
     5508
1005
5F7
1001
AcDbBlockArrayActionTag
1070
     1
  0
LWPOLYLINE
  5
5F8
330
2A1
100
AcDbEntity
  8
MONTANTE
100
AcDbPolyline
 90
        4
 70
     1
 43
0.0
 10
-518.9971037295763
 20
-712.0632339849544
 10
-521.9971037295763
 20
-712.0632339849544
 42
-0.9999999999999998
 10
-521.9971037295763
 20
-703.0632339849544
 10
-518.9971037295763
 20
-703.0632339849544
 42
-0.9999999999999998
1001
AcDbBlockRepETag
1070
     1
1071
     5509
1005
5F8
1001
AcDbBlockArrayActionTag
1070
     1
  0
CIRCLE
  5
5F9
330
2A1
100
AcDbEntity
  8
MONTANTE
100
AcDbCircle
 10
-483.2155287239002
 20
-682.0132339849514
 30
0.0
 40
4.5
1001
AcDbBlockRepETag
1070
     1
1071
     5508
1005
5F9
1001
AcDbBlockArrayActionTag
1070
     1
  0
LWPOLYLINE
  5
5FA
330
2A1
100
AcDbEntity
  8
MONTANTE
100
AcDbPolyline
 90
        4
 70
     1
 43
0.0
 10
-518.9971037295763
 20
-662.0632339849544
 10
-521.9971037295763
 20
-662.0632339849544
 42
-0.9999999999999998
 10
-521.9971037295763
 20
-653.0632339849544
 10
-518.9971037295763
 20
-653.0632339849544
 42
-0.9999999999999998
1001
AcDbBlockRepETag
1070
     1
1071
     5509
1005
5FA
1001
AcDbBlockArrayActionTag
1070
     1
  0
CIRCLE
  5
5FB
330
2A1
100
AcDbEntity
  8
MONTANTE
100
AcDbCircle
 10
-483.2155287239002
 20
-632.0132339849514
 30
0.0
 40
4.5
1001
AcDbBlockRepETag
1070
     1
1071
     5508
1005
5FB
1001
AcDbBlockArrayActionTag
1070
     1
  0
LWPOLYLINE
  5
5FC
330
2A1
100
AcDbEntity
  8
MONTANTE
100
AcDbPolyline
 90
        4
 70
     1
 43
0.0
 10
-518.9971037295763
 20
-612.0632339849544
 10
-521.9971037295763
 20
-612.0632339849544
 42
-0.9999999999999998
 10
-521.9971037295763
 20
-603.0632339849544
 10
-518.9971037295763
 20
-603.0632339849544
 42
-0.9999999999999998
1001
AcDbBlockRepETag
1070
     1
1071
     5509
1005
5FC
1001
AcDbBlockArrayActionTag
1070
     1
  0
CIRCLE
  5
5FD
330
2A1
100
AcDbEntity
  8
MONTANTE
100
AcDbCircle
 10
-483.2155287239002
 20
-582.0132339849514
 30
0.0
 40
4.5
1001
AcDbBlockRepETag
1070
     1
1071
     5508
1005
5FD
1001
AcDbBlockArrayActionTag
1070
     1
  0
LWPOLYLINE
  5
5FE
330
2A1
100
AcDbEntity
  8
MONTANTE
100
AcDbPolyline
 90
        4
 70
     1
 43
0.0
 10
-518.9971037295763
 20
-562.0632339849544
 10
-521.9971037295763
 20
-562.0632339849544
 42
-0.9999999999999998
 10
-521.9971037295763
 20
-553.0632339849544
 10
-518.9971037295763
 20
-553.0632339849544
 42
-0.9999999999999998
1001
AcDbBlockRepETag
1070
     1
1071
     5509
1005
5FE
1001
AcDbBlockArrayActionTag
1070
     1
  0
CIRCLE
  5
5FF
330
2A1
100
AcDbEntity
  8
MONTANTE
100
AcDbCircle
 10
-483.2155287239002
 20
-532.0132339849514
 30
0.0
 40
4.5
1001
AcDbBlockRepETag
1070
     1
1071
     5508
1005
5FF
1001
AcDbBlockArrayActionTag
1070
     1
  0
LWPOLYLINE
  5
600
330
2A1
100
AcDbEntity
  8
MONTANTE
100
AcDbPolyline
 90
        4
 70
     1
 43
0.0
 10
-518.9971037295763
 20
-512.0632339849544
 10
-521.9971037295763
 20
-512.0632339849544
 42
-0.9999999999999998
 10
-521.9971037295763
 20
-503.0632339849544
 10
-518.9971037295763
 20
-503.0632339849544
 42
-0.9999999999999998
1001
AcDbBlockRepETag
1070
     1
1071
     5509
1005
600
1001
AcDbBlockArrayActionTag
1070
     1
  0
CIRCLE
  5
601
330
2A1
100
AcDbEntity
  8
MONTANTE
100
AcDbCircle
 10
-483.2155287239002
 20
-482.0132339849514
 30
0.0
 40
4.5
1001
AcDbBlockRepETag
1070
     1
1071
     5508
1005
601
1001
AcDbBlockArrayActionTag
1070
     1
  0
LWPOLYLINE
  5
602
330
2A1
100
AcDbEntity
  8
MONTANTE
100
AcDbPolyline
 90
        4
 70
     1
 43
0.0
 10
-518.9971037295763
 20
-462.0632339849544
 10
-521.9971037295763
 20
-462.0632339849544
 42
-0.9999999999999998
 10
-521.9971037295763
 20
-453.0632339849544
 10
-518.9971037295763
 20
-453.0632339849544
 42
-0.9999999999999998
1001
AcDbBlockRepETag
1070
     1
1071
     5509
1005
602
1001
AcDbBlockArrayActionTag
1070
     1
  0
CIRCLE
  5
603
330
2A1
100
AcDbEntity
  8
MONTANTE
100
AcDbCircle
 10
-483.2155287239002
 20
-432.0132339849514
 30
0.0
 40
4.5
1001
AcDbBlockRepETag
1070
     1
1071
     5508
1005
603
1001
AcDbBlockArrayActionTag
1070
     1
  0
LWPOLYLINE
  5
604
330
2A1
100
AcDbEntity
  8
MONTANTE
100
AcDbPolyline
 90
        4
 70
     1
 43
0.0
 10
-518.9971037295763
 20
-412.0632339849544
 10
-521.9971037295763
 20
-412.0632339849544
 42
-0.9999999999999998
 10
-521.9971037295763
 20
-403.0632339849544
 10
-518.9971037295763
 20
-403.0632339849544
 42
-0.9999999999999998
1001
AcDbBlockRepETag
1070
     1
1071
     5509
1005
604
1001
AcDbBlockArrayActionTag
1070
     1
  0
CIRCLE
  5
605
330
2A1
100
AcDbEntity
  8
MONTANTE
100
AcDbCircle
 10
-483.2155287239002
 20
-382.0132339849515
 30
0.0
 40
4.5
1001
AcDbBlockRepETag
1070
     1
1071
     5508
1005
605
1001
AcDbBlockArrayActionTag
1070
     1
  0
LWPOLYLINE
  5
606
330
2A1
100
AcDbEntity
  8
MONTANTE
100
AcDbPolyline
 90
        4
 70
     1
 43
0.0
 10
-518.9971037295763
 20
-362.0632339849544
 10
-521.9971037295763
 20
-362.0632339849544
 42
-0.9999999999999998
 10
-521.9971037295763
 20
-353.0632339849544
 10
-518.9971037295763
 20
-353.0632339849544
 42
-0.9999999999999998
1001
AcDbBlockRepETag
1070
     1
1071
     5509
1005
606
1001
AcDbBlockArrayActionTag
1070
     1
  0
CIRCLE
  5
607
330
2A1
100
AcDbEntity
  8
MONTANTE
100
AcDbCircle
 10
-483.2155287239002
 20
-332.0132339849515
 30
0.0
 40
4.5
1001
AcDbBlockRepETag
1070
     1
1071
     5508
1005
607
1001
AcDbBlockArrayActionTag
1070
     1
  0
LWPOLYLINE
  5
608
330
2A1
100
AcDbEntity
  8
MONTANTE
100
AcDbPolyline
 90
        4
 70
     1
 43
0.0
 10
-518.9971037295763
 20
-312.0632339849544
 10
-521.9971037295763
 20
-312.0632339849544
 42
-0.9999999999999998
 10
-521.9971037295763
 20
-303.0632339849544
 10
-518.9971037295763
 20
-303.0632339849544
 42
-0.9999999999999998
1001
AcDbBlockRepETag
1070
     1
1071
     5509
1005
608
1001
AcDbBlockArrayActionTag
1070
     1
  0
CIRCLE
  5
609
330
2A1
100
AcDbEntity
  8
MONTANTE
100
AcDbCircle
 10
-483.2155287239002
 20
-282.0132339849515
 30
0.0
 40
4.5
1001
AcDbBlockRepETag
1070
     1
1071
     5508
1005
609
1001
AcDbBlockArrayActionTag
1070
     1
  0
LWPOLYLINE
  5
60A
330
2A1
100
AcDbEntity
  8
MONTANTE
100
AcDbPolyline
 90
        4
 70
     1
 43
0.0
 10
-518.9971037295763
 20
-262.0632339849544
 10
-521.9971037295763
 20
-262.0632339849544
 42
-0.9999999999999998
 10
-521.9971037295763
 20
-253.0632339849544
 10
-518.9971037295763
 20
-253.0632339849544
 42
-0.9999999999999998
1001
AcDbBlockRepETag
1070
     1
1071
     5509
1005
60A
1001
AcDbBlockArrayActionTag
1070
     1
  0
CIRCLE
  5
60B
330
2A1
100
AcDbEntity
  8
MONTANTE
100
AcDbCircle
 10
-483.2155287239002
 20
-232.0132339849515
 30
0.0
 40
4.5
1001
AcDbBlockRepETag
1070
     1
1071
     5508
1005
60B
1001
AcDbBlockArrayActionTag
1070
     1
  0
LWPOLYLINE
  5
60C
330
2A1
100
AcDbEntity
  8
MONTANTE
100
AcDbPolyline
 90
        4
 70
     1
 43
0.0
 10
-518.9971037295763
 20
-212.0632339849544
 10
-521.9971037295763
 20
-212.0632339849544
 42
-0.9999999999999998
 10
-521.9971037295763
 20
-203.0632339849544
 10
-518.9971037295763
 20
-203.0632339849544
 42
-0.9999999999999998
1001
AcDbBlockRepETag
1070
     1
1071
     5509
1005
60C
1001
AcDbBlockArrayActionTag
1070
     1
  0
CIRCLE
  5
60D
330
2A1
100
AcDbEntity
  8
MONTANTE
100
AcDbCircle
 10
-483.2155287239002
 20
-182.0132339849515
 30
0.0
 40
4.5
1001
AcDbBlockRepETag
1070
     1
1071
     5508
1005
60D
1001
AcDbBlockArrayActionTag
1070
     1
  0
LWPOLYLINE
  5
60E
330
2A1
100
AcDbEntity
  8
MONTANTE
100
AcDbPolyline
 90
        4
 70
     1
 43
0.0
 10
-518.9971037295763
 20
-162.0632339849544
 10
-521.9971037295763
 20
-162.0632339849544
 42
-0.9999999999999998
 10
-521.9971037295763
 20
-153.0632339849544
 10
-518.9971037295763
 20
-153.0632339849544
 42
-0.9999999999999998
1001
AcDbBlockRepETag
1070
     1
1071
     5509
1005
60E
1001
AcDbBlockArrayActionTag
1070
     1
  0
CIRCLE
  5
60F
330
2A1
100
AcDbEntity
  8
MONTANTE
100
AcDbCircle
 10
-483.2155287239002
 20
-132.0132339849515
 30
0.0
 40
4.5
1001
AcDbBlockRepETag
1070
     1
1071
     5508
1005
60F
1001
AcDbBlockArrayActionTag
1070
     1
  0
LWPOLYLINE
  5
610
330
2A1
100
AcDbEntity
  8
MONTANTE
100
AcDbPolyline
 90
        4
 70
     1
 43
0.0
 10
-518.9971037295763
 20
-112.0632339849544
 10
-521.9971037295763
 20
-112.0632339849544
 42
-0.9999999999999998
 10
-521.9971037295763
 20
-103.0632339849544
 10
-518.9971037295763
 20
-103.0632339849544
 42
-0.9999999999999998
1001
AcDbBlockRepETag
1070
     1
1071
     5509
1005
610
1001
AcDbBlockArrayActionTag
1070
     1
  0
CIRCLE
  5
611
330
2A1
100
AcDbEntity
  8
MONTANTE
100
AcDbCircle
 10
-483.2155287239002
 20
-82.01323398495151
 30
0.0
 40
4.5
1001
AcDbBlockRepETag
1070
     1
1071
     5508
1005
611
1001
AcDbBlockArrayActionTag
1070
     1
  0
LWPOLYLINE
  5
612
330
2A1
100
AcDbEntity
  8
MONTANTE
100
AcDbPolyline
 90
        4
 70
     1
 43
0.0
 10
-518.9971037295763
 20
-62.06323398495442
 10
-521.9971037295763
 20
-62.06323398495442
 42
-0.9999999999999998
 10
-521.9971037295763
 20
-53.06323398495442
 10
-518.9971037295763
 20
-53.06323398495442
 42
-0.9999999999999998
1001
AcDbBlockRepETag
1070
     1
1071
     5509
1005
612
1001
AcDbBlockArrayActionTag
1070
     1
  0
CIRCLE
  5
613
330
2A1
100
AcDbEntity
  8
MONTANTE
100
AcDbCircle
 10
-483.2155287239002
 20
-32.01323398495151
 30
0.0
 40
4.5
1001
AcDbBlockRepETag
1070
     1
1071
     5508
1005
613
1001
AcDbBlockArrayActionTag
1070
     1
  0
LWPOLYLINE
  5
614
330
2A1
100
AcDbEntity
  8
MONTANTE
100
AcDbPolyline
 90
        4
 70
     1
 43
0.0
 10
-518.9971037295763
 20
-12.06323398495442
 10
-521.9971037295763
 20
-12.06323398495442
 42
-0.9999999999999998
 10
-521.9971037295763
 20
-3.063233984954422
 10
-518.9971037295763
 20
-3.063233984954422
 42
-0.9999999999999998
1001
AcDbBlockRepETag
1070
     1
1071
     5509
1005
614
1001
AcDbBlockArrayActionTag
1070
     1
  0
CIRCLE
  5
615
330
2A1
100
AcDbEntity
  8
MONTANTE
100
AcDbCircle
 10
-483.2155287239002
 20
17.98676601504849
 30
0.0
 40
4.5
1001
AcDbBlockRepETag
1070
     1
1071
     5508
1005
615
1001
AcDbBlockArrayActionTag
1070
     1
  0
LWPOLYLINE
  5
616
330
2A1
100
AcDbEntity
  8
MONTANTE
100
AcDbPolyline
 90
        4
 70
     1
 43
0.0
 10
-518.9971037295763
 20
37.93676601504558
 10
-521.9971037295763
 20
37.93676601504558
 42
-0.9999999999999998
 10
-521.9971037295763
 20
46.93676601504558
 10
-518.9971037295763
 20
46.93676601504558
 42
-0.9999999999999998
1001
AcDbBlockRepETag
1070
     1
1071
     5509
1005
616
1001
AcDbBlockArrayActionTag
1070
     1
  0
CIRCLE
  5
617
330
2A1
100
AcDbEntity
  8
MONTANTE
100
AcDbCircle
 10
-483.2155287239002
 20
67.98676601504848
 30
0.0
 40
4.5
1001
AcDbBlockRepETag
1070
     1
1071
     5508
1005
617
1001
AcDbBlockArrayActionTag
1070
     1
  0
LWPOLYLINE
  5
618
330
2A1
100
AcDbEntity
  8
MONTANTE
100
AcDbPolyline
 90
        4
 70
     1
 43
0.0
 10
-518.9971037295763
 20
87.93676601504557
 10
-521.9971037295763
 20
87.93676601504557
 42
-0.9999999999999998
 10
-521.9971037295763
 20
96.93676601504558
 10
-518.9971037295763
 20
96.93676601504558
 42
-0.9999999999999998
1001
AcDbBlockRepETag
1070
     1
1071
     5509
1005
618
1001
AcDbBlockArrayActionTag
1070
     1
  0
CIRCLE
  5
619
330
2A1
100
AcDbEntity
  8
MONTANTE
100
AcDbCircle
 10
-483.2155287239002
 20
117.9867660150485
 30
0.0
 40
4.5
1001
AcDbBlockRepETag
1070
     1
1071
     5508
1005
619
1001
AcDbBlockArrayActionTag
1070
     1
  0
LWPOLYLINE
  5
61A
330
2A1
100
AcDbEntity
  8
MONTANTE
100
AcDbPolyline
 90
        4
 70
     1
 43
0.0
 10
-518.9971037295763
 20
137.9367660150456
 10
-521.9971037295763
 20
137.9367660150456
 42
-0.9999999999999998
 10
-521.9971037295763
 20
146.9367660150455
 10
-518.9971037295763
 20
146.9367660150455
 42
-0.9999999999999998
1001
AcDbBlockRepETag
1070
     1
1071
     5509
1005
61A
1001
AcDbBlockArrayActionTag
1070
     1
  0
CIRCLE
  5
61B
330
2A1
100
AcDbEntity
  8
MONTANTE
100
AcDbCircle
 10
-483.2155287239002
 20
167.9867660150485
 30
0.0
 40
4.5
1001
AcDbBlockRepETag
1070
     1
1071
     5508
1005
61B
1001
AcDbBlockArrayActionTag
1070
     1
  0
LWPOLYLINE
  5
61C
330
2A1
100
AcDbEntity
  8
MONTANTE
100
AcDbPolyline
 90
        4
 70
     1
 43
0.0
 10
-518.9971037295763
 20
187.9367660150456
 10
-521.9971037295763
 20
187.9367660150456
 42
-0.9999999999999998
 10
-521.9971037295763
 20
196.9367660150455
 10
-518.9971037295763
 20
196.9367660150455
 42
-0.9999999999999998
1001
AcDbBlockRepETag
1070
     1
1071
     5509
1005
61C
1001
AcDbBlockArrayActionTag
1070
     1
  0
CIRCLE
  5
61D
330
2A1
100
AcDbEntity
  8
MONTANTE
100
AcDbCircle
 10
-483.2155287239002
 20
217.9867660150485
 30
0.0
 40
4.5
1001
AcDbBlockRepETag
1070
     1
1071
     5508
1005
61D
1001
AcDbBlockArrayActionTag
1070
     1
  0
LWPOLYLINE
  5
61E
330
2A1
100
AcDbEntity
  8
MONTANTE
100
AcDbPolyline
 90
        4
 70
     1
 43
0.0
 10
-518.9971037295763
 20
237.9367660150456
 10
-521.9971037295763
 20
237.9367660150456
 42
-0.9999999999999998
 10
-521.9971037295763
 20
246.9367660150456
 10
-518.9971037295763
 20
246.9367660150456
 42
-0.9999999999999998
1001
AcDbBlockRepETag
1070
     1
1071
     5509
1005
61E
1001
AcDbBlockArrayActionTag
1070
     1
  0
CIRCLE
  5
61F
330
2A1
100
AcDbEntity
  8
MONTANTE
100
AcDbCircle
 10
-483.2155287239002
 20
267.9867660150485
 30
0.0
 40
4.5
1001
AcDbBlockRepETag
1070
     1
1071
     5508
1005
61F
1001
AcDbBlockArrayActionTag
1070
     1
  0
LWPOLYLINE
  5
620
330
2A1
100
AcDbEntity
  8
MONTANTE
100
AcDbPolyline
 90
        4
 70
     1
 43
0.0
 10
-518.9971037295763
 20
287.9367660150456
 10
-521.9971037295763
 20
287.9367660150456
 42
-0.9999999999999998
 10
-521.9971037295763
 20
296.9367660150456
 10
-518.9971037295763
 20
296.9367660150456
 42
-0.9999999999999998
1001
AcDbBlockRepETag
1070
     1
1071
     5509
1005
620
1001
AcDbBlockArrayActionTag
1070
     1
  0
CIRCLE
  5
621
330
2A1
100
AcDbEntity
  8
MONTANTE
100
AcDbCircle
 10
-483.2155287239002
 20
317.9867660150485
 30
0.0
 40
4.5
1001
AcDbBlockRepETag
1070
     1
1071
     5508
1005
621
1001
AcDbBlockArrayActionTag
1070
     1
  0
LWPOLYLINE
  5
622
330
2A1
100
AcDbEntity
  8
MONTANTE
100
AcDbPolyline
 90
        4
 70
     1
 43
0.0
 10
-518.9971037295763
 20
337.9367660150456
 10
-521.9971037295763
 20
337.9367660150456
 42
-0.9999999999999998
 10
-521.9971037295763
 20
346.9367660150456
 10
-518.9971037295763
 20
346.9367660150456
 42
-0.9999999999999998
1001
AcDbBlockRepETag
1070
     1
1071
     5509
1005
622
1001
AcDbBlockArrayActionTag
1070
     1
  0
CIRCLE
  5
623
330
2A1
100
AcDbEntity
  8
MONTANTE
100
AcDbCircle
 10
-483.2155287239002
 20
367.9867660150485
 30
0.0
 40
4.5
1001
AcDbBlockRepETag
1070
     1
1071
     5508
1005
623
1001
AcDbBlockArrayActionTag
1070
     1
  0
LWPOLYLINE
  5
624
330
2A1
100
AcDbEntity
  8
MONTANTE
100
AcDbPolyline
 90
        4
 70
     1
 43
0.0
 10
-518.9971037295763
 20
387.9367660150456
 10
-521.9971037295763
 20
387.9367660150456
 42
-0.9999999999999998
 10
-521.9971037295763
 20
396.9367660150456
 10
-518.9971037295763
 20
396.9367660150456
 42
-0.9999999999999998
1001
AcDbBlockRepETag
1070
     1
1071
     5509
1005
624
1001
AcDbBlockArrayActionTag
1070
     1
  0
CIRCLE
  5
625
330
2A1
100
AcDbEntity
  8
MONTANTE
100
AcDbCircle
 10
-483.2155287239002
 20
417.9867660150485
 30
0.0
 40
4.5
1001
AcDbBlockRepETag
1070
     1
1071
     5508
1005
625
1001
AcDbBlockArrayActionTag
1070
     1
  0
LWPOLYLINE
  5
626
330
2A1
100
AcDbEntity
  8
MONTANTE
100
AcDbPolyline
 90
        4
 70
     1
 43
0.0
 10
-518.9971037295763
 20
437.9367660150456
 10
-521.9971037295763
 20
437.9367660150456
 42
-0.9999999999999998
 10
-521.9971037295763
 20
446.9367660150456
 10
-518.9971037295763
 20
446.9367660150456
 42
-0.9999999999999998
1001
AcDbBlockRepETag
1070
     1
1071
     5509
1005
626
1001
AcDbBlockArrayActionTag
1070
     1
  0
CIRCLE
  5
627
330
2A1
100
AcDbEntity
  8
MONTANTE
100
AcDbCircle
 10
-483.2155287239002
 20
467.9867660150485
 30
0.0
 40
4.5
1001
AcDbBlockRepETag
1070
     1
1071
     5508
1005
627
1001
AcDbBlockArrayActionTag
1070
     1
  0
LWPOLYLINE
  5
628
330
2A1
100
AcDbEntity
  8
MONTANTE
100
AcDbPolyline
 90
        4
 70
     1
 43
0.0
 10
-518.9971037295763
 20
487.9367660150456
 10
-521.9971037295763
 20
487.9367660150456
 42
-0.9999999999999998
 10
-521.9971037295763
 20
496.9367660150456
 10
-518.9971037295763
 20
496.9367660150456
 42
-0.9999999999999998
1001
AcDbBlockRepETag
1070
     1
1071
     5509
1005
628
1001
AcDbBlockArrayActionTag
1070
     1
  0
CIRCLE
  5
629
330
2A1
100
AcDbEntity
  8
MONTANTE
100
AcDbCircle
 10
-483.2155287239002
 20
517.9867660150485
 30
0.0
 40
4.5
1001
AcDbBlockRepETag
1070
     1
1071
     5508
1005
629
1001
AcDbBlockArrayActionTag
1070
     1
  0
LWPOLYLINE
  5
62A
330
2A1
100
AcDbEntity
  8
MONTANTE
100
AcDbPolyline
 90
        4
 70
     1
 43
0.0
 10
-518.9971037295763
 20
537.9367660150456
 10
-521.9971037295763
 20
537.9367660150456
 42
-0.9999999999999998
 10
-521.9971037295763
 20
546.9367660150456
 10
-518.9971037295763
 20
546.9367660150456
 42
-0.9999999999999998
1001
AcDbBlockRepETag
1070
     1
1071
     5509
1005
62A
1001
AcDbBlockArrayActionTag
1070
     1
  0
CIRCLE
  5
62B
330
2A1
100
AcDbEntity
  8
MONTANTE
100
AcDbCircle
 10
-483.2155287239002
 20
567.9867660150485
 30
0.0
 40
4.5
1001
AcDbBlockRepETag
1070
     1
1071
     5508
1005
62B
1001
AcDbBlockArrayActionTag
1070
     1
  0
LWPOLYLINE
  5
62C
330
2A1
100
AcDbEntity
  8
MONTANTE
100
AcDbPolyline
 90
        4
 70
     1
 43
0.0
 10
-518.9971037295763
 20
587.9367660150456
 10
-521.9971037295763
 20
587.9367660150456
 42
-0.9999999999999998
 10
-521.9971037295763
 20
596.9367660150456
 10
-518.9971037295763
 20
596.9367660150456
 42
-0.9999999999999998
1001
AcDbBlockRepETag
1070
     1
1071
     5509
1005
62C
1001
AcDbBlockArrayActionTag
1070
     1
  0
CIRCLE
  5
62D
330
2A1
100
AcDbEntity
  8
MONTANTE
100
AcDbCircle
 10
-483.2155287239002
 20
617.9867660150485
 30
0.0
 40
4.5
1001
AcDbBlockRepETag
1070
     1
1071
     5508
1005
62D
1001
AcDbBlockArrayActionTag
1070
     1
  0
LWPOLYLINE
  5
62E
330
2A1
100
AcDbEntity
  8
MONTANTE
100
AcDbPolyline
 90
        4
 70
     1
 43
0.0
 10
-518.9971037295763
 20
637.9367660150456
 10
-521.9971037295763
 20
637.9367660150456
 42
-0.9999999999999998
 10
-521.9971037295763
 20
646.9367660150456
 10
-518.9971037295763
 20
646.9367660150456
 42
-0.9999999999999998
1001
AcDbBlockRepETag
1070
     1
1071
     5509
1005
62E
1001
AcDbBlockArrayActionTag
1070
     1
  0
CIRCLE
  5
62F
330
2A1
100
AcDbEntity
  8
MONTANTE
100
AcDbCircle
 10
-483.2155287239002
 20
667.9867660150485
 30
0.0
 40
4.5
1001
AcDbBlockRepETag
1070
     1
1071
     5508
1005
62F
1001
AcDbBlockArrayActionTag
1070
     1
  0
LWPOLYLINE
  5
630
330
2A1
100
AcDbEntity
  8
MONTANTE
100
AcDbPolyline
 90
        4
 70
     1
 43
0.0
 10
-518.9971037295763
 20
687.9367660150456
 10
-521.9971037295763
 20
687.9367660150456
 42
-0.9999999999999998
 10
-521.9971037295763
 20
696.9367660150456
 10
-518.9971037295763
 20
696.9367660150456
 42
-0.9999999999999998
1001
AcDbBlockRepETag
1070
     1
1071
     5509
1005
630
1001
AcDbBlockArrayActionTag
1070
     1
  0
CIRCLE
  5
631
330
2A1
100
AcDbEntity
  8
MONTANTE
100
AcDbCircle
 10
-483.2155287239002
 20
717.9867660150485
 30
0.0
 40
4.5
1001
AcDbBlockRepETag
1070
     1
1071
     5508
1005
631
1001
AcDbBlockArrayActionTag
1070
     1
  0
LWPOLYLINE
  5
632
330
2A1
100
AcDbEntity
  8
MONTANTE
100
AcDbPolyline
 90
        4
 70
     1
 43
0.0
 10
-518.9971037295763
 20
737.9367660150456
 10
-521.9971037295763
 20
737.9367660150456
 42
-0.9999999999999998
 10
-521.9971037295763
 20
746.9367660150456
 10
-518.9971037295763
 20
746.9367660150456
 42
-0.9999999999999998
1001
AcDbBlockRepETag
1070
     1
1071
     5509
1005
632
1001
AcDbBlockArrayActionTag
1070
     1
  0
CIRCLE
  5
633
330
2A1
100
AcDbEntity
  8
MONTANTE
100
AcDbCircle
 10
-483.2155287239002
 20
767.9867660150485
 30
0.0
 40
4.5
1001
AcDbBlockRepETag
1070
     1
1071
     5508
1005
633
1001
AcDbBlockArrayActionTag
1070
     1
  0
LWPOLYLINE
  5
634
330
2A1
100
AcDbEntity
  8
MONTANTE
100
AcDbPolyline
 90
        4
 70
     1
 43
0.0
 10
-518.9971037295763
 20
787.9367660150456
 10
-521.9971037295763
 20
787.9367660150456
 42
-0.9999999999999998
 10
-521.9971037295763
 20
796.9367660150456
 10
-518.9971037295763
 20
796.9367660150456
 42
-0.9999999999999998
1001
AcDbBlockRepETag
1070
     1
1071
     5509
1005
634
1001
AcDbBlockArrayActionTag
1070
     1
  0
CIRCLE
  5
635
330
2A1
100
AcDbEntity
  8
MONTANTE
100
AcDbCircle
 10
-483.2155287239002
 20
817.9867660150485
 30
0.0
 40
4.5
1001
AcDbBlockRepETag
1070
     1
1071
     5508
1005
635
1001
AcDbBlockArrayActionTag
1070
     1
  0
LWPOLYLINE
  5
636
330
2A1
100
AcDbEntity
  8
MONTANTE
100
AcDbPolyline
 90
        4
 70
     1
 43
0.0
 10
-518.9971037295763
 20
837.9367660150455
 10
-521.9971037295763
 20
837.9367660150455
 42
-0.9999999999999998
 10
-521.9971037295763
 20
846.9367660150455
 10
-518.9971037295763
 20
846.9367660150455
 42
-0.9999999999999998
1001
AcDbBlockRepETag
1070
     1
1071
     5509
1005
636
1001
AcDbBlockArrayActionTag
1070
     1
  0
CIRCLE
  5
637
330
2A1
100
AcDbEntity
  8
MONTANTE
100
AcDbCircle
 10
-483.2155287239002
 20
867.9867660150485
 30
0.0
 40
4.5
1001
AcDbBlockRepETag
1070
     1
1071
     5508
1005
637
1001
AcDbBlockArrayActionTag
1070
     1
  0
LWPOLYLINE
  5
638
330
2A1
100
AcDbEntity
  8
MONTANTE
100
AcDbPolyline
 90
        4
 70
     1
 43
0.0
 10
-518.9971037295763
 20
887.9367660150455
 10
-521.9971037295763
 20
887.9367660150455
 42
-0.9999999999999998
 10
-521.9971037295763
 20
896.9367660150455
 10
-518.9971037295763
 20
896.9367660150455
 42
-0.9999999999999998
1001
AcDbBlockRepETag
1070
     1
1071
     5509
1005
638
1001
AcDbBlockArrayActionTag
1070
     1
  0
CIRCLE
  5
639
330
2A1
100
AcDbEntity
  8
MONTANTE
100
AcDbCircle
 10
-483.2155287239002
 20
917.9867660150485
 30
0.0
 40
4.5
1001
AcDbBlockRepETag
1070
     1
1071
     5508
1005
639
1001
AcDbBlockArrayActionTag
1070
     1
  0
LWPOLYLINE
  5
63A
330
2A1
100
AcDbEntity
  8
MONTANTE
100
AcDbPolyline
 90
        4
 70
     1
 43
0.0
 10
-518.9971037295763
 20
937.9367660150455
 10
-521.9971037295763
 20
937.9367660150455
 42
-0.9999999999999998
 10
-521.9971037295763
 20
946.9367660150455
 10
-518.9971037295763
 20
946.9367660150455
 42
-0.9999999999999998
1001
AcDbBlockRepETag
1070
     1
1071
     5509
1005
63A
1001
AcDbBlockArrayActionTag
1070
     1
  0
CIRCLE
  5
63B
330
2A1
100
AcDbEntity
  8
MONTANTE
100
AcDbCircle
 10
-483.2155287239002
 20
967.9867660150485
 30
0.0
 40
4.5
1001
AcDbBlockRepETag
1070
     1
1071
     5508
1005
63B
1001
AcDbBlockArrayActionTag
1070
     1
  0
LWPOLYLINE
  5
63C
330
2A1
100
AcDbEntity
  8
MONTANTE
100
AcDbPolyline
 90
        4
 70
     1
 43
0.0
 10
-518.9971037295763
 20
987.9367660150455
 10
-521.9971037295763
 20
987.9367660150455
 42
-0.9999999999999998
 10
-521.9971037295763
 20
996.9367660150455
 10
-518.9971037295763
 20
996.9367660150455
 42
-0.9999999999999998
1001
AcDbBlockRepETag
1070
     1
1071
     5509
1005
63C
1001
AcDbBlockArrayActionTag
1070
     1
  0
CIRCLE
  5
63D
330
2A1
100
AcDbEntity
  8
MONTANTE
100
AcDbCircle
 10
-483.2155287239002
 20
1017.986766015048
 30
0.0
 40
4.5
1001
AcDbBlockRepETag
1070
     1
1071
     5508
1005
63D
1001
AcDbBlockArrayActionTag
1070
     1
  0
LWPOLYLINE
  5
63E
330
2A1
100
AcDbEntity
  8
MONTANTE
100
AcDbPolyline
 90
        4
 70
     1
 43
0.0
 10
-518.9971037295763
 20
1037.936766015045
 10
-521.9971037295763
 20
1037.936766015045
 42
-0.9999999999999998
 10
-521.9971037295763
 20
1046.936766015045
 10
-518.9971037295763
 20
1046.936766015045
 42
-0.9999999999999998
1001
AcDbBlockRepETag
1070
     1
1071
     5509
1005
63E
1001
AcDbBlockArrayActionTag
1070
     1
  0
CIRCLE
  5
63F
330
2A1
100
AcDbEntity
  8
MONTANTE
100
AcDbCircle
 10
-483.2155287239002
 20
1067.986766015048
 30
0.0
 40
4.5
1001
AcDbBlockRepETag
1070
     1
1071
     5508
1005
63F
1001
AcDbBlockArrayActionTag
1070
     1
  0
LWPOLYLINE
  5
640
330
2A1
100
AcDbEntity
  8
MONTANTE
100
AcDbPolyline
 90
        4
 70
     1
 43
0.0
 10
-518.9971037295763
 20
1087.936766015045
 10
-521.9971037295763
 20
1087.936766015045
 42
-0.9999999999999998
 10
-521.9971037295763
 20
1096.936766015045
 10
-518.9971037295763
 20
1096.936766015045
 42
-0.9999999999999998
1001
AcDbBlockRepETag
1070
     1
1071
     5509
1005
640
1001
AcDbBlockArrayActionTag
1070
     1
  0
CIRCLE
  5
641
330
2A1
100
AcDbEntity
  8
MONTANTE
100
AcDbCircle
 10
-483.2155287239002
 20
1117.986766015048
 30
0.0
 40
4.5
1001
AcDbBlockRepETag
1070
     1
1071
     5508
1005
641
1001
AcDbBlockArrayActionTag
1070
     1
  0
LWPOLYLINE
  5
642
330
2A1
100
AcDbEntity
  8
MONTANTE
100
AcDbPolyline
 90
        4
 70
     1
 43
0.0
 10
-518.9971037295763
 20
1137.936766015045
 10
-521.9971037295763
 20
1137.936766015045
 42
-0.9999999999999998
 10
-521.9971037295763
 20
1146.936766015045
 10
-518.9971037295763
 20
1146.936766015045
 42
-0.9999999999999998
1001
AcDbBlockRepETag
1070
     1
1071
     5509
1005
642
1001
AcDbBlockArrayActionTag
1070
     1
  0
CIRCLE
  5
643
330
2A1
100
AcDbEntity
  8
MONTANTE
100
AcDbCircle
 10
-483.2155287239002
 20
1167.986766015048
 30
0.0
 40
4.5
1001
AcDbBlockRepETag
1070
     1
1071
     5508
1005
643
1001
AcDbBlockArrayActionTag
1070
     1
  0
LWPOLYLINE
  5
644
330
2A1
100
AcDbEntity
  8
MONTANTE
100
AcDbPolyline
 90
        4
 70
     1
 43
0.0
 10
-518.9971037295763
 20
1187.936766015045
 10
-521.9971037295763
 20
1187.936766015045
 42
-0.9999999999999998
 10
-521.9971037295763
 20
1196.936766015045
 10
-518.9971037295763
 20
1196.936766015045
 42
-0.9999999999999998
1001
AcDbBlockRepETag
1070
     1
1071
     5509
1005
644
1001
AcDbBlockArrayActionTag
1070
     1
  0
CIRCLE
  5
645
330
2A1
100
AcDbEntity
  8
MONTANTE
100
AcDbCircle
 10
-483.2155287239002
 20
1217.986766015048
 30
0.0
 40
4.5
1001
AcDbBlockRepETag
1070
     1
1071
     5508
1005
645
1001
AcDbBlockArrayActionTag
1070
     1
  0
LWPOLYLINE
  5
646
330
2A1
100
AcDbEntity
  8
MONTANTE
100
AcDbPolyline
 90
        4
 70
     1
 43
0.0
 10
-518.9971037295763
 20
1237.936766015045
 10
-521.9971037295763
 20
1237.936766015045
 42
-0.9999999999999998
 10
-521.9971037295763
 20
1246.936766015045
 10
-518.9971037295763
 20
1246.936766015045
 42
-0.9999999999999998
1001
AcDbBlockRepETag
1070
     1
1071
     5509
1005
646
1001
AcDbBlockArrayActionTag
1070
     1
  0
CIRCLE
  5
647
330
2A1
100
AcDbEntity
  8
MONTANTE
100
AcDbCircle
 10
-483.2155287239002
 20
1267.986766015048
 30
0.0
 40
4.5
1001
AcDbBlockRepETag
1070
     1
1071
     5508
1005
647
1001
AcDbBlockArrayActionTag
1070
     1
  0
LWPOLYLINE
  5
648
330
2A1
100
AcDbEntity
  8
MONTANTE
100
AcDbPolyline
 90
        4
 70
     1
 43
0.0
 10
-518.9971037295763
 20
1287.936766015045
 10
-521.9971037295763
 20
1287.936766015045
 42
-0.9999999999999998
 10
-521.9971037295763
 20
1296.936766015045
 10
-518.9971037295763
 20
1296.936766015045
 42
-0.9999999999999998
1001
AcDbBlockRepETag
1070
     1
1071
     5509
1005
648
1001
AcDbBlockArrayActionTag
1070
     1
  0
CIRCLE
  5
649
330
2A1
100
AcDbEntity
  8
MONTANTE
100
AcDbCircle
 10
-483.2155287239002
 20
1317.986766015048
 30
0.0
 40
4.5
1001
AcDbBlockRepETag
1070
     1
1071
     5508
1005
649
1001
AcDbBlockArrayActionTag
1070
     1
  0
LWPOLYLINE
  5
64A
330
2A1
100
AcDbEntity
  8
MONTANTE
100
AcDbPolyline
 90
        4
 70
     1
 43
0.0
 10
-518.9971037295763
 20
1337.936766015045
 10
-521.9971037295763
 20
1337.936766015045
 42
-0.9999999999999998
 10
-521.9971037295763
 20
1346.936766015045
 10
-518.9971037295763
 20
1346.936766015045
 42
-0.9999999999999998
1001
AcDbBlockRepETag
1070
     1
1071
     5509
1005
64A
1001
AcDbBlockArrayActionTag
1070
     1
  0
CIRCLE
  5
64B
330
2A1
100
AcDbEntity
  8
MONTANTE
100
AcDbCircle
 10
-483.2155287239002
 20
1367.986766015048
 30
0.0
 40
4.5
1001
AcDbBlockRepETag
1070
     1
1071
     5508
1005
64B
1001
AcDbBlockArrayActionTag
1070
     1
  0
LWPOLYLINE
  5
64C
330
2A1
100
AcDbEntity
  8
MONTANTE
100
AcDbPolyline
 90
        4
 70
     1
 43
0.0
 10
-518.9971037295763
 20
1387.936766015045
 10
-521.9971037295763
 20
1387.936766015045
 42
-0.9999999999999998
 10
-521.9971037295763
 20
1396.936766015045
 10
-518.9971037295763
 20
1396.936766015045
 42
-0.9999999999999998
1001
AcDbBlockRepETag
1070
     1
1071
     5509
1005
64C
1001
AcDbBlockArrayActionTag
1070
     1
  0
CIRCLE
  5
64D
330
2A1
100
AcDbEntity
  8
MONTANTE
100
AcDbCircle
 10
-483.2155287239002
 20
1417.986766015048
 30
0.0
 40
4.5
1001
AcDbBlockRepETag
1070
     1
1071
     5508
1005
64D
1001
AcDbBlockArrayActionTag
1070
     1
  0
LWPOLYLINE
  5
64E
330
2A1
100
AcDbEntity
  8
MONTANTE
100
AcDbPolyline
 90
        4
 70
     1
 43
0.0
 10
-518.9971037295763
 20
1437.936766015045
 10
-521.9971037295763
 20
1437.936766015045
 42
-0.9999999999999998
 10
-521.9971037295763
 20
1446.936766015045
 10
-518.9971037295763
 20
1446.936766015045
 42
-0.9999999999999998
1001
AcDbBlockRepETag
1070
     1
1071
     5509
1005
64E
1001
AcDbBlockArrayActionTag
1070
     1
  0
CIRCLE
  5
64F
330
2A1
100
AcDbEntity
  8
MONTANTE
100
AcDbCircle
 10
-483.2155287239002
 20
1467.986766015048
 30
0.0
 40
4.5
1001
AcDbBlockRepETag
1070
     1
1071
     5508
1005
64F
1001
AcDbBlockArrayActionTag
1070
     1
  0
LWPOLYLINE
  5
650
330
2A1
100
AcDbEntity
  8
MONTANTE
100
AcDbPolyline
 90
        4
 70
     1
 43
0.0
 10
-518.9971037295763
 20
1487.936766015045
 10
-521.9971037295763
 20
1487.936766015045
 42
-0.9999999999999998
 10
-521.9971037295763
 20
1496.936766015045
 10
-518.9971037295763
 20
1496.936766015045
 42
-0.9999999999999998
1001
AcDbBlockRepETag
1070
     1
1071
     5509
1005
650
1001
AcDbBlockArrayActionTag
1070
     1
  0
CIRCLE
  5
651
330
2A1
100
AcDbEntity
  8
MONTANTE
100
AcDbCircle
 10
-483.2155287239002
 20
1517.986766015048
 30
0.0
 40
4.5
1001
AcDbBlockRepETag
1070
     1
1071
     5508
1005
651
1001
AcDbBlockArrayActionTag
1070
     1
  0
LWPOLYLINE
  5
652
330
2A1
100
AcDbEntity
  8
MONTANTE
100
AcDbPolyline
 90
        4
 70
     1
 43
0.0
 10
-518.9971037295763
 20
1537.936766015045
 10
-521.9971037295763
 20
1537.936766015045
 42
-0.9999999999999998
 10
-521.9971037295763
 20
1546.936766015045
 10
-518.9971037295763
 20
1546.936766015045
 42
-0.9999999999999998
1001
AcDbBlockRepETag
1070
     1
1071
     5509
1005
652
1001
AcDbBlockArrayActionTag
1070
     1
  0
CIRCLE
  5
653
330
2A1
100
AcDbEntity
  8
MONTANTE
100
AcDbCircle
 10
-483.2155287239002
 20
1567.986766015048
 30
0.0
 40
4.5
1001
AcDbBlockRepETag
1070
     1
1071
     5508
1005
653
1001
AcDbBlockArrayActionTag
1070
     1
  0
LWPOLYLINE
  5
654
330
2A1
100
AcDbEntity
  8
MONTANTE
100
AcDbPolyline
 90
        4
 70
     1
 43
0.0
 10
-518.9971037295763
 20
1587.936766015045
 10
-521.9971037295763
 20
1587.936766015045
 42
-0.9999999999999998
 10
-521.9971037295763
 20
1596.936766015045
 10
-518.9971037295763
 20
1596.936766015045
 42
-0.9999999999999998
1001
AcDbBlockRepETag
1070
     1
1071
     5509
1005
654
1001
AcDbBlockArrayActionTag
1070
     1
  0
CIRCLE
  5
655
330
2A1
100
AcDbEntity
  8
MONTANTE
100
AcDbCircle
 10
-483.2155287239002
 20
1617.986766015048
 30
0.0
 40
4.5
1001
AcDbBlockRepETag
1070
     1
1071
     5508
1005
655
1001
AcDbBlockArrayActionTag
1070
     1
  0
LWPOLYLINE
  5
656
330
2A1
100
AcDbEntity
  8
MONTANTE
100
AcDbPolyline
 90
        4
 70
     1
 43
0.0
 10
-518.9971037295763
 20
1637.936766015046
 10
-521.9971037295763
 20
1637.936766015046
 42
-0.9999999999999998
 10
-521.9971037295763
 20
1646.936766015046
 10
-518.9971037295763
 20
1646.936766015046
 42
-0.9999999999999998
1001
AcDbBlockRepETag
1070
     1
1071
     5509
1005
656
1001
AcDbBlockArrayActionTag
1070
     1
  0
CIRCLE
  5
657
330
2A1
100
AcDbEntity
  8
MONTANTE
100
AcDbCircle
 10
-483.2155287239002
 20
1667.986766015048
 30
0.0
 40
4.5
1001
AcDbBlockRepETag
1070
     1
1071
     5508
1005
657
1001
AcDbBlockArrayActionTag
1070
     1
  0
LWPOLYLINE
  5
658
330
2A1
100
AcDbEntity
  8
MONTANTE
100
AcDbPolyline
 90
        4
 70
     1
 43
0.0
 10
-518.9971037295763
 20
1687.936766015045
 10
-521.9971037295763
 20
1687.936766015045
 42
-0.9999999999999998
 10
-521.9971037295763
 20
1696.936766015046
 10
-518.9971037295763
 20
1696.936766015046
 42
-0.9999999999999998
1001
AcDbBlockRepETag
1070
     1
1071
     5509
1005
658
1001
AcDbBlockArrayActionTag
1070
     1
  0
CIRCLE
  5
659
330
2A1
100
AcDbEntity
  8
MONTANTE
100
AcDbCircle
 10
-483.2155287239002
 20
1717.986766015048
 30
0.0
 40
4.5
1001
AcDbBlockRepETag
1070
     1
1071
     5508
1005
659
1001
AcDbBlockArrayActionTag
1070
     1
  0
LWPOLYLINE
  5
65A
330
2A1
100
AcDbEntity
  8
MONTANTE
100
AcDbPolyline
 90
        4
 70
     1
 43
0.0
 10
-518.9971037295763
 20
1737.936766015045
 10
-521.9971037295763
 20
1737.936766015045
 42
-0.9999999999999998
 10
-521.9971037295763
 20
1746.936766015046
 10
-518.9971037295763
 20
1746.936766015046
 42
-0.9999999999999998
1001
AcDbBlockRepETag
1070
     1
1071
     5509
1005
65A
1001
AcDbBlockArrayActionTag
1070
     1
  0
CIRCLE
  5
65B
330
2A1
100
AcDbEntity
  8
MONTANTE
100
AcDbCircle
 10
-483.2155287239002
 20
1767.986766015048
 30
0.0
 40
4.5
1001
AcDbBlockRepETag
1070
     1
1071
     5508
1005
65B
1001
AcDbBlockArrayActionTag
1070
     1
  0
LWPOLYLINE
  5
65C
330
2A1
100
AcDbEntity
  8
MONTANTE
100
AcDbPolyline
 90
        4
 70
     1
 43
0.0
 10
-518.9971037295763
 20
1787.936766015046
 10
-521.9971037295763
 20
1787.936766015046
 42
-0.9999999999999998
 10
-521.9971037295763
 20
1796.936766015045
 10
-518.9971037295763
 20
1796.936766015045
 42
-0.9999999999999998
1001
AcDbBlockRepETag
1070
     1
1071
     5509
1005
65C
1001
AcDbBlockArrayActionTag
1070
     1
  0
CIRCLE
  5
65D
330
2A1
100
AcDbEntity
  8
MONTANTE
100
AcDbCircle
 10
-483.2155287239002
 20
1817.986766015048
 30
0.0
 40
4.5
1001
AcDbBlockRepETag
1070
     1
1071
     5508
1005
65D
1001
AcDbBlockArrayActionTag
1070
     1
  0
LWPOLYLINE
  5
65E
330
2A1
100
AcDbEntity
  8
MONTANTE
100
AcDbPolyline
 90
        4
 70
     1
 43
0.0
 10
-518.9971037295763
 20
1837.936766015046
 10
-521.9971037295763
 20
1837.936766015046
 42
-0.9999999999999998
 10
-521.9971037295763
 20
1846.936766015046
 10
-518.9971037295763
 20
1846.936766015046
 42
-0.9999999999999998
1001
AcDbBlockRepETag
1070
     1
1071
     5509
1005
65E
1001
AcDbBlockArrayActionTag
1070
     1
  0
CIRCLE
  5
65F
330
2A1
100
AcDbEntity
  8
MONTANTE
100
AcDbCircle
 10
-483.2155287239002
 20
1867.986766015048
 30
0.0
 40
4.5
1001
AcDbBlockRepETag
1070
     1
1071
     5508
1005
65F
1001
AcDbBlockArrayActionTag
1070
     1
  0
LWPOLYLINE
  5
660
330
2A1
100
AcDbEntity
  8
MONTANTE
100
AcDbPolyline
 90
        4
 70
     1
 43
0.0
 10
-518.9971037295763
 20
1887.936766015046
 10
-521.9971037295763
 20
1887.936766015046
 42
-0.9999999999999998
 10
-521.9971037295763
 20
1896.936766015046
 10
-518.9971037295763
 20
1896.936766015046
 42
-0.9999999999999998
1001
AcDbBlockRepETag
1070
     1
1071
     5509
1005
660
1001
AcDbBlockArrayActionTag
1070
     1
  0
CIRCLE
  5
661
330
2A1
100
AcDbEntity
  8
MONTANTE
100
AcDbCircle
 10
-483.2155287239002
 20
1917.986766015048
 30
0.0
 40
4.5
1001
AcDbBlockRepETag
1070
     1
1071
     5508
1005
661
1001
AcDbBlockArrayActionTag
1070
     1
  0
LWPOLYLINE
  5
662
330
2A1
100
AcDbEntity
  8
MONTANTE
100
AcDbPolyline
 90
        4
 70
     1
 43
0.0
 10
-518.9971037295763
 20
1937.936766015045
 10
-521.9971037295763
 20
1937.936766015045
 42
-0.9999999999999998
 10
-521.9971037295763
 20
1946.936766015046
 10
-518.9971037295763
 20
1946.936766015046
 42
-0.9999999999999998
1001
AcDbBlockRepETag
1070
     1
1071
     5509
1005
662
1001
AcDbBlockArrayActionTag
1070
     1
  0
CIRCLE
  5
663
330
2A1
100
AcDbEntity
  8
MONTANTE
100
AcDbCircle
 10
-483.2155287239002
 20
1967.986766015048
 30
0.0
 40
4.5
1001
AcDbBlockRepETag
1070
     1
1071
     5508
1005
663
1001
AcDbBlockArrayActionTag
1070
     1
  0
LWPOLYLINE
  5
664
330
2A1
100
AcDbEntity
  8
MONTANTE
100
AcDbPolyline
 90
        4
 70
     1
 43
0.0
 10
-518.9971037295763
 20
1987.936766015046
 10
-521.9971037295763
 20
1987.936766015046
 42
-0.9999999999999998
 10
-521.9971037295763
 20
1996.936766015046
 10
-518.9971037295763
 20
1996.936766015046
 42
-0.9999999999999998
1001
AcDbBlockRepETag
1070
     1
1071
     5509
1005
664
1001
AcDbBlockArrayActionTag
1070
     1
  0
CIRCLE
  5
665
330
2A1
100
AcDbEntity
  8
MONTANTE
100
AcDbCircle
 10
-483.2155287239002
 20
2017.986766015049
 30
0.0
 40
4.5
1001
AcDbBlockRepETag
1070
     1
1071
     5508
1005
665
1001
AcDbBlockArrayActionTag
1070
     1
  0
LWPOLYLINE
  5
666
330
2A1
100
AcDbEntity
  8
MONTANTE
100
AcDbPolyline
 90
        4
 70
     1
 43
0.0
 10
-518.9971037295763
 20
2037.936766015046
 10
-521.9971037295763
 20
2037.936766015046
 42
-0.9999999999999998
 10
-521.9971037295763
 20
2046.936766015046
 10
-518.9971037295763
 20
2046.936766015046
 42
-0.9999999999999998
1001
AcDbBlockRepETag
1070
     1
1071
     5509
1005
666
1001
AcDbBlockArrayActionTag
1070
     1
  0
CIRCLE
  5
667
330
2A1
100
AcDbEntity
  8
MONTANTE
100
AcDbCircle
 10
-483.2155287239002
 20
2067.986766015049
 30
0.0
 40
4.5
1001
AcDbBlockRepETag
1070
     1
1071
     5508
1005
667
1001
AcDbBlockArrayActionTag
1070
     1
  0
LWPOLYLINE
  5
668
330
2A1
100
AcDbEntity
  8
MONTANTE
100
AcDbPolyline
 90
        4
 70
     1
 43
0.0
 10
-518.9971037295763
 20
2087.936766015046
 10
-521.9971037295763
 20
2087.936766015046
 42
-0.9999999999999998
 10
-521.9971037295763
 20
2096.936766015046
 10
-518.9971037295763
 20
2096.936766015046
 42
-0.9999999999999998
1001
AcDbBlockRepETag
1070
     1
1071
     5509
1005
668
1001
AcDbBlockArrayActionTag
1070
     1
  0
CIRCLE
  5
669
330
2A1
100
AcDbEntity
  8
MONTANTE
100
AcDbCircle
 10
-483.2155287239002
 20
2117.986766015048
 30
0.0
 40
4.5
1001
AcDbBlockRepETag
1070
     1
1071
     5508
1005
669
1001
AcDbBlockArrayActionTag
1070
     1
  0
LWPOLYLINE
  5
66A
330
2A1
100
AcDbEntity
  8
MONTANTE
100
AcDbPolyline
 90
        4
 70
     1
 43
0.0
 10
-518.9971037295763
 20
2137.936766015046
 10
-521.9971037295763
 20
2137.936766015046
 42
-0.9999999999999998
 10
-521.9971037295763
 20
2146.936766015046
 10
-518.9971037295763
 20
2146.936766015046
 42
-0.9999999999999998
1001
AcDbBlockRepETag
1070
     1
1071
     5509
1005
66A
1001
AcDbBlockArrayActionTag
1070
     1
  0
CIRCLE
  5
66B
330
2A1
100
AcDbEntity
  8
MONTANTE
100
AcDbCircle
 10
-483.2155287239002
 20
2167.986766015049
 30
0.0
 40
4.5
1001
AcDbBlockRepETag
1070
     1
1071
     5508
1005
66B
1001
AcDbBlockArrayActionTag
1070
     1
  0
LWPOLYLINE
  5
66C
330
2A1
100
AcDbEntity
  8
MONTANTE
100
AcDbPolyline
 90
        4
 70
     1
 43
0.0
 10
-518.9971037295763
 20
2187.936766015046
 10
-521.9971037295763
 20
2187.936766015046
 42
-0.9999999999999998
 10
-521.9971037295763
 20
2196.936766015046
 10
-518.9971037295763
 20
2196.936766015046
 42
-0.9999999999999998
1001
AcDbBlockRepETag
1070
     1
1071
     5509
1005
66C
1001
AcDbBlockArrayActionTag
1070
     1
  0
CIRCLE
  5
66D
330
2A1
100
AcDbEntity
  8
MONTANTE
100
AcDbCircle
 10
-483.2155287239002
 20
2217.986766015048
 30
0.0
 40
4.5
1001
AcDbBlockRepETag
1070
     1
1071
     5508
1005
66D
1001
AcDbBlockArrayActionTag
1070
     1
  0
LWPOLYLINE
  5
66E
330
2A1
100
AcDbEntity
  8
MONTANTE
100
AcDbPolyline
 90
        4
 70
     1
 43
0.0
 10
-518.9971037295763
 20
2237.936766015046
 10
-521.9971037295763
 20
2237.936766015046
 42
-0.9999999999999998
 10
-521.9971037295763
 20
2246.936766015046
 10
-518.9971037295763
 20
2246.936766015046
 42
-0.9999999999999998
1001
AcDbBlockRepETag
1070
     1
1071
     5509
1005
66E
1001
AcDbBlockArrayActionTag
1070
     1
  0
CIRCLE
  5
66F
330
2A1
100
AcDbEntity
  8
MONTANTE
100
AcDbCircle
 10
-483.2155287239002
 20
2267.986766015049
 30
0.0
 40
4.5
1001
AcDbBlockRepETag
1070
     1
1071
     5508
1005
66F
1001
AcDbBlockArrayActionTag
1070
     1
  0
LWPOLYLINE
  5
670
330
2A1
100
AcDbEntity
  8
MONTANTE
100
AcDbPolyline
 90
        4
 70
     1
 43
0.0
 10
-518.9971037295763
 20
2287.936766015046
 10
-521.9971037295763
 20
2287.936766015046
 42
-0.9999999999999998
 10
-521.9971037295763
 20
2296.936766015046
 10
-518.9971037295763
 20
2296.936766015046
 42
-0.9999999999999998
1001
AcDbBlockRepETag
1070
     1
1071
     5509
1005
670
1001
AcDbBlockArrayActionTag
1070
     1
  0
CIRCLE
  5
671
330
2A1
100
AcDbEntity
  8
MONTANTE
100
AcDbCircle
 10
-483.2155287239002
 20
2317.986766015049
 30
0.0
 40
4.5
1001
AcDbBlockRepETag
1070
     1
1071
     5508
1005
671
1001
AcDbBlockArrayActionTag
1070
     1
  0
LWPOLYLINE
  5
672
330
2A1
100
AcDbEntity
  8
MONTANTE
100
AcDbPolyline
 90
        4
 70
     1
 43
0.0
 10
-518.9971037295763
 20
2337.936766015046
 10
-521.9971037295763
 20
2337.936766015046
 42
-0.9999999999999998
 10
-521.9971037295763
 20
2346.936766015046
 10
-518.9971037295763
 20
2346.936766015046
 42
-0.9999999999999998
1001
AcDbBlockRepETag
1070
     1
1071
     5509
1005
672
1001
AcDbBlockArrayActionTag
1070
     1
  0
CIRCLE
  5
673
330
2A1
100
AcDbEntity
  8
MONTANTE
100
AcDbCircle
 10
-483.2155287239002
 20
2367.986766015048
 30
0.0
 40
4.5
1001
AcDbBlockRepETag
1070
     1
1071
     5508
1005
673
1001
AcDbBlockArrayActionTag
1070
     1
  0
LWPOLYLINE
  5
674
330
2A1
100
AcDbEntity
  8
MONTANTE
100
AcDbPolyline
 90
        4
 70
     1
 43
0.0
 10
-518.9971037295763
 20
2387.936766015046
 10
-521.9971037295763
 20
2387.936766015046
 42
-0.9999999999999998
 10
-521.9971037295763
 20
2396.936766015046
 10
-518.9971037295763
 20
2396.936766015046
 42
-0.9999999999999998
1001
AcDbBlockRepETag
1070
     1
1071
     5509
1005
674
1001
AcDbBlockArrayActionTag
1070
     1
  0
CIRCLE
  5
675
330
2A1
100
AcDbEntity
  8
MONTANTE
100
AcDbCircle
 10
-483.2155287239002
 20
2417.986766015049
 30
0.0
 40
4.5
1001
AcDbBlockRepETag
1070
     1
1071
     5508
1005
675
1001
AcDbBlockArrayActionTag
1070
     1
  0
LWPOLYLINE
  5
676
330
2A1
100
AcDbEntity
  8
MONTANTE
100
AcDbPolyline
 90
        4
 70
     1
 43
0.0
 10
-518.9971037295763
 20
2437.936766015046
 10
-521.9971037295763
 20
2437.936766015046
 42
-0.9999999999999998
 10
-521.9971037295763
 20
2446.936766015046
 10
-518.9971037295763
 20
2446.936766015046
 42
-0.9999999999999998
1001
AcDbBlockRepETag
1070
     1
1071
     5509
1005
676
1001
AcDbBlockArrayActionTag
1070
     1
  0
CIRCLE
  5
677
330
2A1
100
AcDbEntity
  8
MONTANTE
100
AcDbCircle
 10
-483.2155287239002
 20
2467.986766015048
 30
0.0
 40
4.5
1001
AcDbBlockRepETag
1070
     1
1071
     5508
1005
677
1001
AcDbBlockArrayActionTag
1070
     1
  0
LWPOLYLINE
  5
678
330
2A1
100
AcDbEntity
  8
MONTANTE
100
AcDbPolyline
 90
        4
 70
     1
 43
0.0
 10
-518.9971037295763
 20
2487.936766015046
 10
-521.9971037295763
 20
2487.936766015046
 42
-0.9999999999999998
 10
-521.9971037295763
 20
2496.936766015046
 10
-518.9971037295763
 20
2496.936766015046
 42
-0.9999999999999998
1001
AcDbBlockRepETag
1070
     1
1071
     5509
1005
678
1001
AcDbBlockArrayActionTag
1070
     1
  0
CIRCLE
  5
679
330
2A1
100
AcDbEntity
  8
MONTANTE
100
AcDbCircle
 10
-483.2155287239002
 20
2517.986766015049
 30
0.0
 40
4.5
1001
AcDbBlockRepETag
1070
     1
1071
     5508
1005
679
1001
AcDbBlockArrayActionTag
1070
     1
  0
LWPOLYLINE
  5
67A
330
2A1
100
AcDbEntity
  8
MONTANTE
100
AcDbPolyline
 90
        4
 70
     1
 43
0.0
 10
-518.9971037295763
 20
2537.936766015046
 10
-521.9971037295763
 20
2537.936766015046
 42
-0.9999999999999998
 10
-521.9971037295763
 20
2546.936766015046
 10
-518.9971037295763
 20
2546.936766015046
 42
-0.9999999999999998
1001
AcDbBlockRepETag
1070
     1
1071
     5509
1005
67A
1001
AcDbBlockArrayActionTag
1070
     1
  0
CIRCLE
  5
67B
330
2A1
100
AcDbEntity
  8
MONTANTE
100
AcDbCircle
 10
-483.2155287239002
 20
2567.986766015049
 30
0.0
 40
4.5
1001
AcDbBlockRepETag
1070
     1
1071
     5508
1005
67B
1001
AcDbBlockArrayActionTag
1070
     1
  0
LWPOLYLINE
  5
67C
330
2A1
100
AcDbEntity
  8
MONTANTE
100
AcDbPolyline
 90
        4
 70
     1
 43
0.0
 10
-518.9971037295763
 20
2587.936766015046
 10
-521.9971037295763
 20
2587.936766015046
 42
-0.9999999999999998
 10
-521.9971037295763
 20
2596.936766015046
 10
-518.9971037295763
 20
2596.936766015046
 42
-0.9999999999999998
1001
AcDbBlockRepETag
1070
     1
1071
     5509
1005
67C
1001
AcDbBlockArrayActionTag
1070
     1
  0
CIRCLE
  5
67D
330
2A1
100
AcDbEntity
  8
MONTANTE
100
AcDbCircle
 10
-483.2155287239002
 20
2617.986766015049
 30
0.0
 40
4.5
1001
AcDbBlockRepETag
1070
     1
1071
     5508
1005
67D
1001
AcDbBlockArrayActionTag
1070
     1
  0
LWPOLYLINE
  5
67E
330
2A1
100
AcDbEntity
  8
MONTANTE
100
AcDbPolyline
 90
        4
 70
     1
 43
0.0
 10
-518.9971037295763
 20
2637.936766015046
 10
-521.9971037295763
 20
2637.936766015046
 42
-0.9999999999999998
 10
-521.9971037295763
 20
2646.936766015046
 10
-518.9971037295763
 20
2646.936766015046
 42
-0.9999999999999998
1001
AcDbBlockRepETag
1070
     1
1071
     5509
1005
67E
1001
AcDbBlockArrayActionTag
1070
     1
  0
CIRCLE
  5
67F
330
2A1
100
AcDbEntity
  8
MONTANTE
100
AcDbCircle
 10
-483.2155287239002
 20
2667.986766015049
 30
0.0
 40
4.5
1001
AcDbBlockRepETag
1070
     1
1071
     5508
1005
67F
1001
AcDbBlockArrayActionTag
1070
     1
  0
LWPOLYLINE
  5
680
330
2A1
100
AcDbEntity
  8
MONTANTE
100
AcDbPolyline
 90
        4
 70
     1
 43
0.0
 10
-518.9971037295763
 20
2687.936766015046
 10
-521.9971037295763
 20
2687.936766015046
 42
-0.9999999999999998
 10
-521.9971037295763
 20
2696.936766015046
 10
-518.9971037295763
 20
2696.936766015046
 42
-0.9999999999999998
1001
AcDbBlockRepETag
1070
     1
1071
     5509
1005
680
1001
AcDbBlockArrayActionTag
1070
     1
  0
CIRCLE
  5
681
330
2A1
100
AcDbEntity
  8
MONTANTE
100
AcDbCircle
 10
-483.2155287239002
 20
2717.986766015048
 30
0.0
 40
4.5
1001
AcDbBlockRepETag
1070
     1
1071
     5508
1005
681
1001
AcDbBlockArrayActionTag
1070
     1
  0
LWPOLYLINE
  5
682
330
2A1
100
AcDbEntity
  8
MONTANTE
100
AcDbPolyline
 90
        4
 70
     1
 43
0.0
 10
-518.9971037295763
 20
2737.936766015046
 10
-521.9971037295763
 20
2737.936766015046
 42
-0.9999999999999998
 10
-521.9971037295763
 20
2746.936766015046
 10
-518.9971037295763
 20
2746.936766015046
 42
-0.9999999999999998
1001
AcDbBlockRepETag
1070
     1
1071
     5509
1005
682
1001
AcDbBlockArrayActionTag
1070
     1
  0
CIRCLE
  5
683
330
2A1
100
AcDbEntity
  8
MONTANTE
100
AcDbCircle
 10
-483.2155287239002
 20
2767.986766015049
 30
0.0
 40
4.5
1001
AcDbBlockRepETag
1070
     1
1071
     5508
1005
683
1001
AcDbBlockArrayActionTag
1070
     1
  0
LWPOLYLINE
  5
684
330
2A1
100
AcDbEntity
  8
MONTANTE
100
AcDbPolyline
 90
        4
 70
     1
 43
0.0
 10
-518.9971037295763
 20
2787.936766015046
 10
-521.9971037295763
 20
2787.936766015046
 42
-0.9999999999999998
 10
-521.9971037295763
 20
2796.936766015046
 10
-518.9971037295763
 20
2796.936766015046
 42
-0.9999999999999998
1001
AcDbBlockRepETag
1070
     1
1071
     5509
1005
684
1001
AcDbBlockArrayActionTag
1070
     1
  0
CIRCLE
  5
685
330
2A1
100
AcDbEntity
  8
MONTANTE
100
AcDbCircle
 10
-483.2155287239002
 20
2817.986766015049
 30
0.0
 40
4.5
1001
AcDbBlockRepETag
1070
     1
1071
     5508
1005
685
1001
AcDbBlockArrayActionTag
1070
     1
  0
LWPOLYLINE
  5
686
330
2A1
100
AcDbEntity
  8
MONTANTE
100
AcDbPolyline
 90
        4
 70
     1
 43
0.0
 10
-518.9971037295763
 20
2837.936766015046
 10
-521.9971037295763
 20
2837.936766015046
 42
-0.9999999999999998
 10
-521.9971037295763
 20
2846.936766015046
 10
-518.9971037295763
 20
2846.936766015046
 42
-0.9999999999999998
1001
AcDbBlockRepETag
1070
     1
1071
     5509
1005
686
1001
AcDbBlockArrayActionTag
1070
     1
  0
CIRCLE
  5
687
330
2A1
100
AcDbEntity
  8
MONTANTE
100
AcDbCircle
 10
-483.2155287239002
 20
2867.986766015049
 30
0.0
 40
4.5
1001
AcDbBlockRepETag
1070
     1
1071
     5508
1005
687
1001
AcDbBlockArrayActionTag
1070
     1
  0
LWPOLYLINE
  5
688
330
2A1
100
AcDbEntity
  8
MONTANTE
100
AcDbPolyline
 90
        4
 70
     1
 43
0.0
 10
-518.9971037295763
 20
2887.936766015046
 10
-521.9971037295763
 20
2887.936766015046
 42
-0.9999999999999998
 10
-521.9971037295763
 20
2896.936766015046
 10
-518.9971037295763
 20
2896.936766015046
 42
-0.9999999999999998
1001
AcDbBlockRepETag
1070
     1
1071
     5509
1005
688
1001
AcDbBlockArrayActionTag
1070
     1
  0
CIRCLE
  5
689
330
2A1
100
AcDbEntity
  8
MONTANTE
100
AcDbCircle
 10
-483.2155287239002
 20
2917.986766015049
 30
0.0
 40
4.5
1001
AcDbBlockRepETag
1070
     1
1071
     5508
1005
689
1001
AcDbBlockArrayActionTag
1070
     1
  0
LWPOLYLINE
  5
68A
330
2A1
100
AcDbEntity
  8
MONTANTE
100
AcDbPolyline
 90
        4
 70
     1
 43
0.0
 10
-518.9971037295763
 20
2937.936766015046
 10
-521.9971037295763
 20
2937.936766015046
 42
-0.9999999999999998
 10
-521.9971037295763
 20
2946.936766015046
 10
-518.9971037295763
 20
2946.936766015046
 42
-0.9999999999999998
1001
AcDbBlockRepETag
1070
     1
1071
     5509
1005
68A
1001
AcDbBlockArrayActionTag
1070
     1
  0
CIRCLE
  5
68B
330
2A1
100
AcDbEntity
  8
MONTANTE
100
AcDbCircle
 10
-483.2155287239002
 20
2967.986766015048
 30
0.0
 40
4.5
1001
AcDbBlockRepETag
1070
     1
1071
     5508
1005
68B
1001
AcDbBlockArrayActionTag
1070
     1
  0
LWPOLYLINE
  5
68C
330
2A1
100
AcDbEntity
  8
MONTANTE
100
AcDbPolyline
 90
        4
 70
     1
 43
0.0
 10
-518.9971037295763
 20
2987.936766015046
 10
-521.9971037295763
 20
2987.936766015046
 42
-0.9999999999999998
 10
-521.9971037295763
 20
2996.936766015046
 10
-518.9971037295763
 20
2996.936766015046
 42
-0.9999999999999998
1001
AcDbBlockRepETag
1070
     1
1071
     5509
1005
68C
1001
AcDbBlockArrayActionTag
1070
     1
  0
CIRCLE
  5
68D
330
2A1
100
AcDbEntity
  8
MONTANTE
100
AcDbCircle
 10
-483.2155287239002
 20
3017.986766015049
 30
0.0
 40
4.5
1001
AcDbBlockRepETag
1070
     1
1071
     5508
1005
68D
1001
AcDbBlockArrayActionTag
1070
     1
  0
LWPOLYLINE
  5
68E
330
2A1
100
AcDbEntity
  8
MONTANTE
100
AcDbPolyline
 90
        4
 70
     1
 43
0.0
 10
-518.9971037295763
 20
3037.936766015046
 10
-521.9971037295763
 20
3037.936766015046
 42
-0.9999999999999998
 10
-521.9971037295763
 20
3046.936766015046
 10
-518.9971037295763
 20
3046.936766015046
 42
-0.9999999999999998
1001
AcDbBlockRepETag
1070
     1
1071
     5509
1005
68E
1001
AcDbBlockArrayActionTag
1070
     1
  0
CIRCLE
  5
68F
330
2A1
100
AcDbEntity
  8
MONTANTE
100
AcDbCircle
 10
-483.2155287239002
 20
3067.986766015049
 30
0.0
 40
4.5
1001
AcDbBlockRepETag
1070
     1
1071
     5508
1005
68F
1001
AcDbBlockArrayActionTag
1070
     1
  0
LWPOLYLINE
  5
690
330
2A1
100
AcDbEntity
  8
MONTANTE
100
AcDbPolyline
 90
        4
 70
     1
 43
0.0
 10
-518.9971037295763
 20
3087.936766015046
 10
-521.9971037295763
 20
3087.936766015046
 42
-0.9999999999999998
 10
-521.9971037295763
 20
3096.936766015046
 10
-518.9971037295763
 20
3096.936766015046
 42
-0.9999999999999998
1001
AcDbBlockRepETag
1070
     1
1071
     5509
1005
690
1001
AcDbBlockArrayActionTag
1070
     1
  0
CIRCLE
  5
691
330
2A1
100
AcDbEntity
  8
MONTANTE
100
AcDbCircle
 10
-483.2155287239002
 20
3117.986766015049
 30
0.0
 40
4.5
1001
AcDbBlockRepETag
1070
     1
1071
     5508
1005
691
1001
AcDbBlockArrayActionTag
1070
     1
  0
LWPOLYLINE
  5
692
330
2A1
100
AcDbEntity
  8
MONTANTE
100
AcDbPolyline
 90
        4
 70
     1
 43
0.0
 10
-518.9971037295763
 20
3137.936766015046
 10
-521.9971037295763
 20
3137.936766015046
 42
-0.9999999999999998
 10
-521.9971037295763
 20
3146.936766015046
 10
-518.9971037295763
 20
3146.936766015046
 42
-0.9999999999999998
1001
AcDbBlockRepETag
1070
     1
1071
     5509
1005
692
1001
AcDbBlockArrayActionTag
1070
     1
  0
CIRCLE
  5
693
330
2A1
100
AcDbEntity
  8
MONTANTE
100
AcDbCircle
 10
-483.2155287239002
 20
3167.986766015049
 30
0.0
 40
4.5
1001
AcDbBlockRepETag
1070
     1
1071
     5508
1005
693
1001
AcDbBlockArrayActionTag
1070
     1
  0
LWPOLYLINE
  5
694
330
2A1
100
AcDbEntity
  8
MONTANTE
100
AcDbPolyline
 90
        4
 70
     1
 43
0.0
 10
-518.9971037295763
 20
3187.936766015046
 10
-521.9971037295763
 20
3187.936766015046
 42
-0.9999999999999998
 10
-521.9971037295763
 20
3196.936766015046
 10
-518.9971037295763
 20
3196.936766015046
 42
-0.9999999999999998
1001
AcDbBlockRepETag
1070
     1
1071
     5509
1005
694
1001
AcDbBlockArrayActionTag
1070
     1
  0
CIRCLE
  5
695
330
2A1
100
AcDbEntity
  8
MONTANTE
100
AcDbCircle
 10
-483.2155287239002
 20
3217.986766015048
 30
0.0
 40
4.5
1001
AcDbBlockRepETag
1070
     1
1071
     5508
1005
695
1001
AcDbBlockArrayActionTag
1070
     1
  0
LWPOLYLINE
  5
696
330
2A1
100
AcDbEntity
  8
MONTANTE
100
AcDbPolyline
 90
        4
 70
     1
 43
0.0
 10
-518.9971037295763
 20
3237.936766015046
 10
-521.9971037295763
 20
3237.936766015046
 42
-0.9999999999999998
 10
-521.9971037295763
 20
3246.936766015045
 10
-518.9971037295763
 20
3246.936766015045
 42
-0.9999999999999998
1001
AcDbBlockRepETag
1070
     1
1071
     5509
1005
696
1001
AcDbBlockArrayActionTag
1070
     1
  0
CIRCLE
  5
697
330
2A1
100
AcDbEntity
  8
MONTANTE
100
AcDbCircle
 10
-483.2155287239002
 20
3267.986766015049
 30
0.0
 40
4.5
1001
AcDbBlockRepETag
1070
     1
1071
     5508
1005
697
1001
AcDbBlockArrayActionTag
1070
     1
  0
LWPOLYLINE
  5
698
330
2A1
100
AcDbEntity
  8
MONTANTE
100
AcDbPolyline
 90
        4
 70
     1
 43
0.0
 10
-518.9971037295763
 20
3287.936766015046
 10
-521.9971037295763
 20
3287.936766015046
 42
-0.9999999999999998
 10
-521.9971037295763
 20
3296.936766015046
 10
-518.9971037295763
 20
3296.936766015046
 42
-0.9999999999999998
1001
AcDbBlockRepETag
1070
     1
1071
     5509
1005
698
1001
AcDbBlockArrayActionTag
1070
     1
  0
CIRCLE
  5
699
330
2A1
100
AcDbEntity
  8
MONTANTE
100
AcDbCircle
 10
-483.2155287239002
 20
3317.986766015049
 30
0.0
 40
4.5
1001
AcDbBlockRepETag
1070
     1
1071
     5508
1005
699
1001
AcDbBlockArrayActionTag
1070
     1
  0
LWPOLYLINE
  5
69A
330
2A1
100
AcDbEntity
  8
MONTANTE
100
AcDbPolyline
 90
        4
 70
     1
 43
0.0
 10
-518.9971037295763
 20
3337.936766015046
 10
-521.9971037295763
 20
3337.936766015046
 42
-0.9999999999999998
 10
-521.9971037295763
 20
3346.936766015045
 10
-518.9971037295763
 20
3346.936766015045
 42
-0.9999999999999998
1001
AcDbBlockRepETag
1070
     1
1071
     5509
1005
69A
1001
AcDbBlockArrayActionTag
1070
     1
  0
CIRCLE
  5
69B
330
2A1
100
AcDbEntity
  8
MONTANTE
100
AcDbCircle
 10
-483.2155287239002
 20
3367.986766015049
 30
0.0
 40
4.5
1001
AcDbBlockRepETag
1070
     1
1071
     5508
1005
69B
1001
AcDbBlockArrayActionTag
1070
     1
  0
LWPOLYLINE
  5
69C
330
2A1
100
AcDbEntity
  8
MONTANTE
100
AcDbPolyline
 90
        4
 70
     1
 43
0.0
 10
-518.9971037295763
 20
3387.936766015046
 10
-521.9971037295763
 20
3387.936766015046
 42
-0.9999999999999998
 10
-521.9971037295763
 20
3396.936766015045
 10
-518.9971037295763
 20
3396.936766015045
 42
-0.9999999999999998
1001
AcDbBlockRepETag
1070
     1
1071
     5509
1005
69C
1001
AcDbBlockArrayActionTag
1070
     1
  0
CIRCLE
  5
69D
330
2A1
100
AcDbEntity
  8
MONTANTE
100
AcDbCircle
 10
-483.2155287239002
 20
3417.986766015049
 30
0.0
 40
4.5
1001
AcDbBlockRepETag
1070
     1
1071
     5508
1005
69D
1001
AcDbBlockArrayActionTag
1070
     1
  0
LWPOLYLINE
  5
69E
330
2A1
100
AcDbEntity
  8
MONTANTE
100
AcDbPolyline
 90
        4
 70
     1
 43
0.0
 10
-518.9971037295763
 20
3437.936766015046
 10
-521.9971037295763
 20
3437.936766015046
 42
-0.9999999999999998
 10
-521.9971037295763
 20
3446.936766015046
 10
-518.9971037295763
 20
3446.936766015046
 42
-0.9999999999999998
1001
AcDbBlockRepETag
1070
     1
1071
     5509
1005
69E
1001
AcDbBlockArrayActionTag
1070
     1
  0
CIRCLE
  5
69F
330
2A1
100
AcDbEntity
  8
MONTANTE
100
AcDbCircle
 10
-483.2155287239002
 20
3467.986766015048
 30
0.0
 40
4.5
1001
AcDbBlockRepETag
1070
     1
1071
     5508
1005
69F
1001
AcDbBlockArrayActionTag
1070
     1
  0
LWPOLYLINE
  5
6A0
330
2A1
100
AcDbEntity
  8
MONTANTE
100
AcDbPolyline
 90
        4
 70
     1
 43
0.0
 10
-518.9971037295763
 20
3487.936766015046
 10
-521.9971037295763
 20
3487.936766015046
 42
-0.9999999999999998
 10
-521.9971037295763
 20
3496.936766015045
 10
-518.9971037295763
 20
3496.936766015045
 42
-0.9999999999999998
1001
AcDbBlockRepETag
1070
     1
1071
     5509
1005
6A0
1001
AcDbBlockArrayActionTag
1070
     1
  0
CIRCLE
  5
6A1
330
2A1
100
AcDbEntity
  8
MONTANTE
100
AcDbCircle
 10
-483.2155287239002
 20
3517.986766015049
 30
0.0
 40
4.5
1001
AcDbBlockRepETag
1070
     1
1071
     5508
1005
6A1
1001
AcDbBlockArrayActionTag
1070
     1
  0
LWPOLYLINE
  5
6A2
330
2A1
100
AcDbEntity
  8
MONTANTE
100
AcDbPolyline
 90
        4
 70
     1
 43
0.0
 10
-518.9971037295763
 20
3537.936766015046
 10
-521.9971037295763
 20
3537.936766015046
 42
-0.9999999999999998
 10
-521.9971037295763
 20
3546.936766015046
 10
-518.9971037295763
 20
3546.936766015046
 42
-0.9999999999999998
1001
AcDbBlockRepETag
1070
     1
1071
     5509
1005
6A2
1001
AcDbBlockArrayActionTag
1070
     1
  0
CIRCLE
  5
6A3
330
2A1
100
AcDbEntity
  8
MONTANTE
100
AcDbCircle
 10
-483.2155287239002
 20
3567.986766015049
 30
0.0
 40
4.5
1001
AcDbBlockRepETag
1070
     1
1071
     5508
1005
6A3
1001
AcDbBlockArrayActionTag
1070
     1
  0
LWPOLYLINE
  5
6A4
330
2A1
100
AcDbEntity
  8
MONTANTE
100
AcDbPolyline
 90
        4
 70
     1
 43
0.0
 10
-518.9971037295763
 20
3587.936766015046
 10
-521.9971037295763
 20
3587.936766015046
 42
-0.9999999999999998
 10
-521.9971037295763
 20
3596.936766015045
 10
-518.9971037295763
 20
3596.936766015045
 42
-0.9999999999999998
1001
AcDbBlockRepETag
1070
     1
1071
     5509
1005
6A4
1001
AcDbBlockArrayActionTag
1070
     1
  0
CIRCLE
  5
6A5
330
2A1
100
AcDbEntity
  8
MONTANTE
100
AcDbCircle
 10
-483.2155287239002
 20
3617.986766015049
 30
0.0
 40
4.5
1001
AcDbBlockRepETag
1070
     1
1071
     5508
1005
6A5
1001
AcDbBlockArrayActionTag
1070
     1
  0
LWPOLYLINE
  5
6A6
330
2A1
100
AcDbEntity
  8
MONTANTE
100
AcDbPolyline
 90
        4
 70
     1
 43
0.0
 10
-518.9971037295763
 20
3637.936766015046
 10
-521.9971037295763
 20
3637.936766015046
 42
-0.9999999999999998
 10
-521.9971037295763
 20
3646.936766015045
 10
-518.9971037295763
 20
3646.936766015045
 42
-0.9999999999999998
1001
AcDbBlockRepETag
1070
     1
1071
     5509
1005
6A6
1001
AcDbBlockArrayActionTag
1070
     1
  0
CIRCLE
  5
6A7
330
2A1
100
AcDbEntity
  8
MONTANTE
100
AcDbCircle
 10
-483.2155287239002
 20
3667.986766015049
 30
0.0
 40
4.5
1001
AcDbBlockRepETag
1070
     1
1071
     5508
1005
6A7
1001
AcDbBlockArrayActionTag
1070
     1
  0
LWPOLYLINE
  5
6A8
330
2A1
100
AcDbEntity
  8
MONTANTE
100
AcDbPolyline
 90
        4
 70
     1
 43
0.0
 10
-518.9971037295763
 20
3687.936766015046
 10
-521.9971037295763
 20
3687.936766015046
 42
-0.9999999999999998
 10
-521.9971037295763
 20
3696.936766015046
 10
-518.9971037295763
 20
3696.936766015046
 42
-0.9999999999999998
1001
AcDbBlockRepETag
1070
     1
1071
     5509
1005
6A8
1001
AcDbBlockArrayActionTag
1070
     1
  0
CIRCLE
  5
6A9
330
2A1
100
AcDbEntity
  8
MONTANTE
100
AcDbCircle
 10
-483.2155287239002
 20
3717.986766015048
 30
0.0
 40
4.5
1001
AcDbBlockRepETag
1070
     1
1071
     5508
1005
6A9
1001
AcDbBlockArrayActionTag
1070
     1
  0
LWPOLYLINE
  5
6AA
330
2A1
100
AcDbEntity
  8
MONTANTE
100
AcDbPolyline
 90
        4
 70
     1
 43
0.0
 10
-518.9971037295763
 20
3737.936766015046
 10
-521.9971037295763
 20
3737.936766015046
 42
-0.9999999999999998
 10
-521.9971037295763
 20
3746.936766015045
 10
-518.9971037295763
 20
3746.936766015045
 42
-0.9999999999999998
1001
AcDbBlockRepETag
1070
     1
1071
     5509
1005
6AA
1001
AcDbBlockArrayActionTag
1070
     1
  0
CIRCLE
  5
6AB
330
2A1
100
AcDbEntity
  8
MONTANTE
100
AcDbCircle
 10
-483.2155287239002
 20
3767.986766015049
 30
0.0
 40
4.5
1001
AcDbBlockRepETag
1070
     1
1071
     5508
1005
6AB
1001
AcDbBlockArrayActionTag
1070
     1
  0
LWPOLYLINE
  5
6AC
330
2A1
100
AcDbEntity
  8
MONTANTE
100
AcDbPolyline
 90
        4
 70
     1
 43
0.0
 10
-518.9971037295763
 20
3787.936766015046
 10
-521.9971037295763
 20
3787.936766015046
 42
-0.9999999999999998
 10
-521.9971037295763
 20
3796.936766015046
 10
-518.9971037295763
 20
3796.936766015046
 42
-0.9999999999999998
1001
AcDbBlockRepETag
1070
     1
1071
     5509
1005
6AC
1001
AcDbBlockArrayActionTag
1070
     1
  0
CIRCLE
  5
6AD
330
2A1
100
AcDbEntity
  8
MONTANTE
100
AcDbCircle
 10
-483.2155287239002
 20
3817.986766015049
 30
0.0
 40
4.5
1001
AcDbBlockRepETag
1070
     1
1071
     5508
1005
6AD
1001
AcDbBlockArrayActionTag
1070
     1
  0
LWPOLYLINE
  5
6AE
330
2A1
100
AcDbEntity
  8
MONTANTE
100
AcDbPolyline
 90
        4
 70
     1
 43
0.0
 10
-518.9971037295763
 20
3837.936766015046
 10
-521.9971037295763
 20
3837.936766015046
 42
-0.9999999999999998
 10
-521.9971037295763
 20
3846.936766015046
 10
-518.9971037295763
 20
3846.936766015046
 42
-0.9999999999999998
1001
AcDbBlockRepETag
1070
     1
1071
     5509
1005
6AE
1001
AcDbBlockArrayActionTag
1070
     1
  0
CIRCLE
  5
6AF
330
2A1
100
AcDbEntity
  8
MONTANTE
100
AcDbCircle
 10
-483.2155287239002
 20
3867.986766015049
 30
0.0
 40
4.5
1001
AcDbBlockRepETag
1070
     1
1071
     5508
1005
6AF
1001
AcDbBlockArrayActionTag
1070
     1
  0
LWPOLYLINE
  5
6B0
330
2A1
100
AcDbEntity
  8
MONTANTE
100
AcDbPolyline
 90
        4
 70
     1
 43
0.0
 10
-518.9971037295763
 20
3887.936766015046
 10
-521.9971037295763
 20
3887.936766015046
 42
-0.9999999999999998
 10
-521.9971037295763
 20
3896.936766015045
 10
-518.9971037295763
 20
3896.936766015045
 42
-0.9999999999999998
1001
AcDbBlockRepETag
1070
     1
1071
     5509
1005
6B0
1001
AcDbBlockArrayActionTag
1070
     1
  0
CIRCLE
  5
6B1
330
2A1
100
AcDbEntity
  8
MONTANTE
100
AcDbCircle
 10
-483.2155287239002
 20
3917.986766015049
 30
0.0
 40
4.5
1001
AcDbBlockRepETag
1070
     1
1071
     5508
1005
6B1
1001
AcDbBlockArrayActionTag
1070
     1
  0
LWPOLYLINE
  5
6B2
330
2A1
100
AcDbEntity
  8
MONTANTE
100
AcDbPolyline
 90
        4
 70
     1
 43
0.0
 10
-518.9971037295763
 20
3937.936766015046
 10
-521.9971037295763
 20
3937.936766015046
 42
-0.9999999999999998
 10
-521.9971037295763
 20
3946.936766015046
 10
-518.9971037295763
 20
3946.936766015046
 42
-0.9999999999999998
1001
AcDbBlockRepETag
1070
     1
1071
     5509
1005
6B2
1001
AcDbBlockArrayActionTag
1070
     1
  0
CIRCLE
  5
6B3
330
2A1
100
AcDbEntity
  8
MONTANTE
100
AcDbCircle
 10
-483.2155287239002
 20
3967.986766015048
 30
0.0
 40
4.5
1001
AcDbBlockRepETag
1070
     1
1071
     5508
1005
6B3
1001
AcDbBlockArrayActionTag
1070
     1
  0
LWPOLYLINE
  5
6B4
330
2A1
100
AcDbEntity
  8
MONTANTE
100
AcDbPolyline
 90
        4
 70
     1
 43
0.0
 10
-518.9971037295763
 20
3987.936766015046
 10
-521.9971037295763
 20
3987.936766015046
 42
-0.9999999999999998
 10
-521.9971037295763
 20
3996.936766015045
 10
-518.9971037295763
 20
3996.936766015045
 42
-0.9999999999999998
1001
AcDbBlockRepETag
1070
     1
1071
     5509
1005
6B4
1001
AcDbBlockArrayActionTag
1070
     1
  0
CIRCLE
  5
6B5
330
2A1
100
AcDbEntity
  8
MONTANTE
100
AcDbCircle
 10
-483.2155287239002
 20
4017.986766015048
 30
0.0
 40
4.5
1001
AcDbBlockRepETag
1070
     1
1071
     5508
1005
6B5
1001
AcDbBlockArrayActionTag
1070
     1
  0
LWPOLYLINE
  5
6B6
330
2A1
100
AcDbEntity
  8
MONTANTE
100
AcDbPolyline
 90
        4
 70
     1
 43
0.0
 10
-518.9971037295763
 20
4037.936766015046
 10
-521.9971037295763
 20
4037.936766015046
 42
-0.9999999999999998
 10
-521.9971037295763
 20
4046.936766015045
 10
-518.9971037295763
 20
4046.936766015045
 42
-0.9999999999999998
1001
AcDbBlockRepETag
1070
     1
1071
     5509
1005
6B6
1001
AcDbBlockArrayActionTag
1070
     1
  0
CIRCLE
  5
6B7
330
2A1
100
AcDbEntity
  8
MONTANTE
100
AcDbCircle
 10
-483.2155287239002
 20
4067.986766015049
 30
0.0
 40
4.5
1001
AcDbBlockRepETag
1070
     1
1071
     5508
1005
6B7
1001
AcDbBlockArrayActionTag
1070
     1
  0
LWPOLYLINE
  5
6B8
330
2A1
100
AcDbEntity
  8
MONTANTE
100
AcDbPolyline
 90
        4
 70
     1
 43
0.0
 10
-518.9971037295763
 20
4087.936766015046
 10
-521.9971037295763
 20
4087.936766015046
 42
-0.9999999999999998
 10
-521.9971037295763
 20
4096.936766015045
 10
-518.9971037295763
 20
4096.936766015045
 42
-0.9999999999999998
1001
AcDbBlockRepETag
1070
     1
1071
     5509
1005
6B8
1001
AcDbBlockArrayActionTag
1070
     1
  0
CIRCLE
  5
6B9
330
2A1
100
AcDbEntity
  8
MONTANTE
100
AcDbCircle
 10
-483.2155287239002
 20
4117.986766015048
 30
0.0
 40
4.5
1001
AcDbBlockRepETag
1070
     1
1071
     5508
1005
6B9
1001
AcDbBlockArrayActionTag
1070
     1
  0
LWPOLYLINE
  5
6BA
330
2A1
100
AcDbEntity
  8
MONTANTE
100
AcDbPolyline
 90
        4
 70
     1
 43
0.0
 10
-518.9971037295763
 20
4137.936766015045
 10
-521.9971037295763
 20
4137.936766015045
 42
-0.9999999999999998
 10
-521.9971037295763
 20
4146.936766015045
 10
-518.9971037295763
 20
4146.936766015045
 42
-0.9999999999999998
1001
AcDbBlockRepETag
1070
     1
1071
     5509
1005
6BA
1001
AcDbBlockArrayActionTag
1070
     1
  0
CIRCLE
  5
6BB
330
2A1
100
AcDbEntity
  8
MONTANTE
100
AcDbCircle
 10
-483.2155287239002
 20
4167.986766015048
 30
0.0
 40
4.5
1001
AcDbBlockRepETag
1070
     1
1071
     5508
1005
6BB
1001
AcDbBlockArrayActionTag
1070
     1
  0
LWPOLYLINE
  5
6BC
330
2A1
100
AcDbEntity
  8
MONTANTE
100
AcDbPolyline
 90
        4
 70
     1
 43
0.0
 10
-518.9971037295763
 20
4187.936766015045
 10
-521.9971037295763
 20
4187.936766015045
 42
-0.9999999999999998
 10
-521.9971037295763
 20
4196.936766015045
 10
-518.9971037295763
 20
4196.936766015045
 42
-0.9999999999999998
1001
AcDbBlockRepETag
1070
     1
1071
     5509
1005
6BC
1001
AcDbBlockArrayActionTag
1070
     1
  0
CIRCLE
  5
6BD
330
2A1
100
AcDbEntity
  8
MONTANTE
100
AcDbCircle
 10
-483.2155287239002
 20
4217.986766015048
 30
0.0
 40
4.5
1001
AcDbBlockRepETag
1070
     1
1071
     5508
1005
6BD
1001
AcDbBlockArrayActionTag
1070
     1
  0
LWPOLYLINE
  5
6BE
330
2A1
100
AcDbEntity
  8
MONTANTE
100
AcDbPolyline
 90
        4
 70
     1
 43
0.0
 10
-518.9971037295763
 20
4237.936766015045
 10
-521.9971037295763
 20
4237.936766015045
 42
-0.9999999999999998
 10
-521.9971037295763
 20
4246.936766015045
 10
-518.9971037295763
 20
4246.936766015045
 42
-0.9999999999999998
1001
AcDbBlockRepETag
1070
     1
1071
     5509
1005
6BE
1001
AcDbBlockArrayActionTag
1070
     1
  0
CIRCLE
  5
6BF
330
2A1
100
AcDbEntity
  8
MONTANTE
100
AcDbCircle
 10
-483.2155287239002
 20
4267.986766015048
 30
0.0
 40
4.5
1001
AcDbBlockRepETag
1070
     1
1071
     5508
1005
6BF
1001
AcDbBlockArrayActionTag
1070
     1
  0
LWPOLYLINE
  5
6C0
330
2A1
100
AcDbEntity
  8
MONTANTE
100
AcDbPolyline
 90
        4
 70
     1
 43
0.0
 10
-518.9971037295763
 20
4287.936766015046
 10
-521.9971037295763
 20
4287.936766015046
 42
-0.9999999999999998
 10
-521.9971037295763
 20
4296.936766015045
 10
-518.9971037295763
 20
4296.936766015045
 42
-0.9999999999999998
1001
AcDbBlockRepETag
1070
     1
1071
     5509
1005
6C0
1001
AcDbBlockArrayActionTag
1070
     1
  0
ENDBLK
  5
6C1
330
2A1
100
AcDbEntity
  8
0
100
AcDbBlockEnd
  0
BLOCK
  5
6C3
330
6C2
100
AcDbEntity
  8
0
100
AcDbBlockBegin
  2
COLUNA SOLTEIRA
 70
     0
 10
0.0
 20
0.0
 30
0.0
  3
COLUNA SOLTEIRA
  1

  0
INSERT
  5
6C4
330
6C2
100
AcDbEntity
  8
0
100
AcDbBlockReference
  2
COL SOLTEIRA
 10
535.9680262274923
 20
-4317.986774618883
 30
0.0
  0
ENDBLK
  5
6C5
330
6C2
100
AcDbEntity
  8
0
100
AcDbBlockEnd
  0
BLOCK
  5
B09
330
B08
100
AcDbEntity
  8
0
100
AcDbBlockBegin
  2
DI_COLUNA
 70
     0
 10
0.0
 20
0.0
 30
0.0
  3
DI_COLUNA
  1

  0
LINE
  5
140D
330
B08
100
AcDbEntity
  8
MONTANTE
100
AcDbLine
 10
-19.85000000003492
 20
1004.75014427357
 30
0.0
 11
-19.85000000003492
 21
4.75
 31
0.0
1001
AcDbBlockRepETag
1070
     1
1071
     2050
1005
140D
  0
LINE
  5
140E
330
B08
100
AcDbEntity
  8
MONTANTE
100
AcDbLine
 10
49.89999999996552
 20
1004.75014427357
 30
0.0
 11
49.89999999996507
 21
4.750000000014551
 31
0.0
1001
AcDbBlockRepETag
1070
     1
1071
     5128
1005
140E
  0
LINE
  5
140F
330
B08
100
AcDbEntity
  8
MONTANTE
100
AcDbLine
 10
20.65499500714941
 20
1004.98014427357
 30
0.0
 11
20.65499500714941
 21
4.750000000014551
 31
0.0
1001
AcDbBlockRepETag
1070
     1
1071
     2051
1005
140F
  0
ARC
  5
1410
330
B08
100
AcDbEntity
  8
MONTANTE
100
AcDbCircle
 10
32.90249750355724
 20
4.750000000014551
 30
0.0
 40
4.5
100
AcDbArc
 50
0.0
 51
180.0
1001
AcDbBlockRepETag
1070
     1
1071
     2052
1005
1410
  0
LINE
  5
1411
330
B08
100
AcDbEntity
  8
MONTANTE
100
AcDbLine
 10
6.341844995797146
 20
1004.98014427357
 30
0.0
 11
6.341844995797146
 21
4.75
 31
0.0
1001
AcDbBlockRepETag
1070
     1
1071
     2053
1005
1411
  0
LINE
  5
169C
330
B08
100
AcDbEntity
  8
MONTANTE
100
AcDbLine
 10
49.89999999996507
 20
4.749999999999968
 30
0.0
 11
-19.85000000003492
 21
4.75
 31
0.0
1001
AcDbBlockRepETag
1070
     1
1071
     4237
1005
169C
  0
LWPOLYLINE
  5
16CB
330
B08
100
AcDbEntity
  8
MONTANTE
100
AcDbPolyline
 90
        7
 70
     0
 43
0.0
 10
33.87563543301076
 20
112.0174762364331
 10
27.09523997496581
 20
109.2264959845779
 10
26.1221020455705
 20
101.9590111442958
 10
31.92935957416194
 20
97.48250655588345
 10
38.70975503214868
 20
100.2734868077386
 10
39.68289296160219
 20
107.5409716480208
 10
33.87563543301076
 20
112.0174762364331
1001
AcDbBlockRepETag
1070
     1
1071
     5384
1005
16CB
  0
CIRCLE
  5
16CC
330
B08
100
AcDbEntity
  8
MONTANTE
100
AcDbCircle
 10
32.90249750355724
 20
54.74999139616556
 30
0.0
 40
4.5
1001
AcDbBlockRepETag
1070
     1
1071
     5398
1005
16CC
  0
LWPOLYLINE
  5
16CD
330
B08
100
AcDbEntity
  8
MONTANTE
100
AcDbPolyline
 90
        4
 70
     1
 43
0.0
 10
-2.879077502118889
 20
74.69999139616266
 10
-5.879077502118889
 20
74.69999139616266
 42
-0.9999999999999998
 10
-5.879077502118889
 20
83.69999139616266
 10
-2.879077502118889
 20
83.69999139616266
 42
-0.9999999999999998
1001
AcDbBlockRepETag
1070
     1
1071
     5399
1005
16CD
  0
CIRCLE
  5
16CE
330
B08
100
AcDbEntity
  8
MONTANTE
100
AcDbCircle
 10
32.90249750355724
 20
104.7499913961655
 30
0.0
 40
4.5
1001
AcDbBlockRepETag
1070
     1
1071
     5400
1005
16CE
  0
LWPOLYLINE
  5
16CF
330
B08
100
AcDbEntity
  8
MONTANTE
100
AcDbPolyline
 90
        4
 70
     1
 43
0.0
 10
-2.879077502118889
 20
124.6999913961626
 10
-5.879077502118889
 20
124.6999913961626
 42
-0.9999999999999998
 10
-5.879077502118889
 20
133.6999913961626
 10
-2.879077502118889
 20
133.6999913961626
 42
-0.9999999999999998
1001
AcDbBlockRepETag
1070
     1
1071
     5401
1005
16CF
  0
CIRCLE
  5
16D0
330
B08
100
AcDbEntity
  8
MONTANTE
100
AcDbCircle
 10
32.90249750355724
 20
154.7499913961655
 30
0.0
 40
4.5
1001
AcDbBlockRepETag
1070
     1
1071
     5402
1005
16D0
  0
LWPOLYLINE
  5
16D1
330
B08
100
AcDbEntity
  8
MONTANTE
100
AcDbPolyline
 90
        4
 70
     1
 43
0.0
 10
-2.879077502118889
 20
174.6999913961626
 10
-5.879077502118889
 20
174.6999913961626
 42
-0.9999999999999998
 10
-5.879077502118889
 20
183.6999913961626
 10
-2.879077502118889
 20
183.6999913961626
 42
-0.9999999999999998
1001
AcDbBlockRepETag
1070
     1
1071
     5403
1005
16D1
  0
CIRCLE
  5
16D2
330
B08
100
AcDbEntity
  8
MONTANTE
100
AcDbCircle
 10
32.90249750355724
 20
204.7499913961656
 30
0.0
 40
4.5
1001
AcDbBlockRepETag
1070
     1
1071
     5404
1005
16D2
  0
LWPOLYLINE
  5
16D3
330
B08
100
AcDbEntity
  8
MONTANTE
100
AcDbPolyline
 90
        4
 70
     1
 43
0.0
 10
-2.879077502118889
 20
224.6999913961627
 10
-5.879077502118889
 20
224.6999913961627
 42
-0.9999999999999998
 10
-5.879077502118889
 20
233.6999913961626
 10
-2.879077502118889
 20
233.6999913961626
 42
-0.9999999999999998
1001
AcDbBlockRepETag
1070
     1
1071
     5405
1005
16D3
  0
CIRCLE
  5
16D4
330
B08
100
AcDbEntity
  8
MONTANTE
100
AcDbCircle
 10
32.90249750355724
 20
254.7499913961656
 30
0.0
 40
4.5
1001
AcDbBlockRepETag
1070
     1
1071
     5406
1005
16D4
  0
LWPOLYLINE
  5
16D5
330
B08
100
AcDbEntity
  8
MONTANTE
100
AcDbPolyline
 90
        4
 70
     1
 43
0.0
 10
-2.879077502118889
 20
274.6999913961627
 10
-5.879077502118889
 20
274.6999913961627
 42
-0.9999999999999998
 10
-5.879077502118889
 20
283.6999913961626
 10
-2.879077502118889
 20
283.6999913961626
 42
-0.9999999999999998
1001
AcDbBlockRepETag
1070
     1
1071
     5407
1005
16D5
  0
CIRCLE
  5
16D6
330
B08
100
AcDbEntity
  8
MONTANTE
100
AcDbCircle
 10
32.90249750355724
 20
304.7499913961656
 30
0.0
 40
4.5
1001
AcDbBlockRepETag
1070
     1
1071
     5408
1005
16D6
  0
LWPOLYLINE
  5
16D7
330
B08
100
AcDbEntity
  8
MONTANTE
100
AcDbPolyline
 90
        4
 70
     1
 43
0.0
 10
-2.879077502118889
 20
324.6999913961627
 10
-5.879077502118889
 20
324.6999913961627
 42
-0.9999999999999998
 10
-5.879077502118889
 20
333.6999913961627
 10
-2.879077502118889
 20
333.6999913961627
 42
-0.9999999999999998
1001
AcDbBlockRepETag
1070
     1
1071
     5409
1005
16D7
  0
CIRCLE
  5
16D8
330
B08
100
AcDbEntity
  8
MONTANTE
100
AcDbCircle
 10
32.90249750355724
 20
354.7499913961656
 30
0.0
 40
4.5
1001
AcDbBlockRepETag
1070
     1
1071
     5410
1005
16D8
  0
LWPOLYLINE
  5
16D9
330
B08
100
AcDbEntity
  8
MONTANTE
100
AcDbPolyline
 90
        4
 70
     1
 43
0.0
 10
-2.879077502118889
 20
374.6999913961627
 10
-5.879077502118889
 20
374.6999913961627
 42
-0.9999999999999998
 10
-5.879077502118889
 20
383.6999913961627
 10
-2.879077502118889
 20
383.6999913961627
 42
-0.9999999999999998
1001
AcDbBlockRepETag
1070
     1
1071
     5411
1005
16D9
  0
CIRCLE
  5
16DA
330
B08
100
AcDbEntity
  8
MONTANTE
100
AcDbCircle
 10
32.90249750355724
 20
404.7499913961655
 30
0.0
 40
4.5
1001
AcDbBlockRepETag
1070
     1
1071
     5412
1005
16DA
  0
LWPOLYLINE
  5
16DB
330
B08
100
AcDbEntity
  8
MONTANTE
100
AcDbPolyline
 90
        4
 70
     1
 43
0.0
 10
-2.879077502118889
 20
424.6999913961627
 10
-5.879077502118889
 20
424.6999913961627
 42
-0.9999999999999998
 10
-5.879077502118889
 20
433.6999913961626
 10
-2.879077502118889
 20
433.6999913961626
 42
-0.9999999999999998
1001
AcDbBlockRepETag
1070
     1
1071
     5413
1005
16DB
  0
CIRCLE
  5
16DC
330
B08
100
AcDbEntity
  8
MONTANTE
100
AcDbCircle
 10
32.90249750355724
 20
454.7499913961655
 30
0.0
 40
4.5
1001
AcDbBlockRepETag
1070
     1
1071
     5414
1005
16DC
  0
LWPOLYLINE
  5
16DD
330
B08
100
AcDbEntity
  8
MONTANTE
100
AcDbPolyline
 90
        4
 70
     1
 43
0.0
 10
-2.879077502118889
 20
474.6999913961627
 10
-5.879077502118889
 20
474.6999913961627
 42
-0.9999999999999998
 10
-5.879077502118889
 20
483.6999913961626
 10
-2.879077502118889
 20
483.6999913961626
 42
-0.9999999999999998
1001
AcDbBlockRepETag
1070
     1
1071
     5415
1005
16DD
  0
CIRCLE
  5
16DE
330
B08
100
AcDbEntity
  8
MONTANTE
100
AcDbCircle
 10
32.90249750355724
 20
504.7499913961655
 30
0.0
 40
4.5
1001
AcDbBlockRepETag
1070
     1
1071
     5416
1005
16DE
  0
LWPOLYLINE
  5
16DF
330
B08
100
AcDbEntity
  8
MONTANTE
100
AcDbPolyline
 90
        4
 70
     1
 43
0.0
 10
-2.879077502118889
 20
524.6999913961627
 10
-5.879077502118889
 20
524.6999913961627
 42
-0.9999999999999998
 10
-5.879077502118889
 20
533.6999913961626
 10
-2.879077502118889
 20
533.6999913961626
 42
-0.9999999999999998
1001
AcDbBlockRepETag
1070
     1
1071
     5417
1005
16DF
  0
CIRCLE
  5
16E0
330
B08
100
AcDbEntity
  8
MONTANTE
100
AcDbCircle
 10
32.90249750355724
 20
554.7499913961655
 30
0.0
 40
4.5
1001
AcDbBlockRepETag
1070
     1
1071
     5418
1005
16E0
  0
LWPOLYLINE
  5
16E1
330
B08
100
AcDbEntity
  8
MONTANTE
100
AcDbPolyline
 90
        4
 70
     1
 43
0.0
 10
-2.879077502118889
 20
574.6999913961627
 10
-5.879077502118889
 20
574.6999913961627
 42
-0.9999999999999998
 10
-5.879077502118889
 20
583.6999913961626
 10
-2.879077502118889
 20
583.6999913961626
 42
-0.9999999999999998
1001
AcDbBlockRepETag
1070
     1
1071
     5419
1005
16E1
  0
CIRCLE
  5
16E2
330
B08
100
AcDbEntity
  8
MONTANTE
100
AcDbCircle
 10
32.90249750355724
 20
604.7499913961655
 30
0.0
 40
4.5
1001
AcDbBlockRepETag
1070
     1
1071
     5420
1005
16E2
  0
LWPOLYLINE
  5
16E3
330
B08
100
AcDbEntity
  8
MONTANTE
100
AcDbPolyline
 90
        4
 70
     1
 43
0.0
 10
-2.879077502118889
 20
624.6999913961627
 10
-5.879077502118889
 20
624.6999913961627
 42
-0.9999999999999998
 10
-5.879077502118889
 20
633.6999913961626
 10
-2.879077502118889
 20
633.6999913961626
 42
-0.9999999999999998
1001
AcDbBlockRepETag
1070
     1
1071
     5421
1005
16E3
  0
CIRCLE
  5
16E4
330
B08
100
AcDbEntity
  8
MONTANTE
100
AcDbCircle
 10
32.90249750355724
 20
654.7499913961655
 30
0.0
 40
4.5
1001
AcDbBlockRepETag
1070
     1
1071
     5422
1005
16E4
  0
LWPOLYLINE
  5
16E5
330
B08
100
AcDbEntity
  8
MONTANTE
100
AcDbPolyline
 90
        4
 70
     1
 43
0.0
 10
-2.879077502118889
 20
674.6999913961627
 10
-5.879077502118889
 20
674.6999913961627
 42
-0.9999999999999998
 10
-5.879077502118889
 20
683.6999913961626
 10
-2.879077502118889
 20
683.6999913961626
 42
-0.9999999999999998
1001
AcDbBlockRepETag
1070
     1
1071
     5423
1005
16E5
  0
CIRCLE
  5
16E6
330
B08
100
AcDbEntity
  8
MONTANTE
100
AcDbCircle
 10
32.90249750355724
 20
704.7499913961655
 30
0.0
 40
4.5
1001
AcDbBlockRepETag
1070
     1
1071
     5424
1005
16E6
  0
LWPOLYLINE
  5
16E7
330
B08
100
AcDbEntity
  8
MONTANTE
100
AcDbPolyline
 90
        4
 70
     1
 43
0.0
 10
-2.879077502118889
 20
724.6999913961627
 10
-5.879077502118889
 20
724.6999913961627
 42
-0.9999999999999998
 10
-5.879077502118889
 20
733.6999913961626
 10
-2.879077502118889
 20
733.6999913961626
 42
-0.9999999999999998
1001
AcDbBlockRepETag
1070
     1
1071
     5425
1005
16E7
  0
CIRCLE
  5
16E8
330
B08
100
AcDbEntity
  8
MONTANTE
100
AcDbCircle
 10
32.90249750355724
 20
754.7499913961655
 30
0.0
 40
4.5
1001
AcDbBlockRepETag
1070
     1
1071
     5426
1005
16E8
  0
LWPOLYLINE
  5
16E9
330
B08
100
AcDbEntity
  8
MONTANTE
100
AcDbPolyline
 90
        4
 70
     1
 43
0.0
 10
-2.879077502118889
 20
774.6999913961627
 10
-5.879077502118889
 20
774.6999913961627
 42
-0.9999999999999998
 10
-5.879077502118889
 20
783.6999913961626
 10
-2.879077502118889
 20
783.6999913961626
 42
-0.9999999999999998
1001
AcDbBlockRepETag
1070
     1
1071
     5427
1005
16E9
  0
CIRCLE
  5
16EA
330
B08
100
AcDbEntity
  8
MONTANTE
100
AcDbCircle
 10
32.90249750355724
 20
804.7499913961654
 30
0.0
 40
4.5
1001
AcDbBlockRepETag
1070
     1
1071
     5428
1005
16EA
  0
LWPOLYLINE
  5
16EB
330
B08
100
AcDbEntity
  8
MONTANTE
100
AcDbPolyline
 90
        4
 70
     1
 43
0.0
 10
-2.879077502118889
 20
824.6999913961627
 10
-5.879077502118889
 20
824.6999913961627
 42
-0.9999999999999998
 10
-5.879077502118889
 20
833.6999913961626
 10
-2.879077502118889
 20
833.6999913961626
 42
-0.9999999999999998
1001
AcDbBlockRepETag
1070
     1
1071
     5429
1005
16EB
  0
CIRCLE
  5
16EC
330
B08
100
AcDbEntity
  8
MONTANTE
100
AcDbCircle
 10
32.90249750355724
 20
854.7499913961656
 30
0.0
 40
4.5
1001
AcDbBlockRepETag
1070
     1
1071
     5430
1005
16EC
  0
LWPOLYLINE
  5
16ED
330
B08
100
AcDbEntity
  8
MONTANTE
100
AcDbPolyline
 90
        4
 70
     1
 43
0.0
 10
-2.879077502118889
 20
874.6999913961627
 10
-5.879077502118889
 20
874.6999913961627
 42
-0.9999999999999998
 10
-5.879077502118889
 20
883.6999913961626
 10
-2.879077502118889
 20
883.6999913961626
 42
-0.9999999999999998
1001
AcDbBlockRepETag
1070
     1
1071
     5431
1005
16ED
  0
CIRCLE
  5
16EE
330
B08
100
AcDbEntity
  8
MONTANTE
100
AcDbCircle
 10
32.90249750355724
 20
904.7499913961656
 30
0.0
 40
4.5
1001
AcDbBlockRepETag
1070
     1
1071
     5432
1005
16EE
  0
LWPOLYLINE
  5
16EF
330
B08
100
AcDbEntity
  8
MONTANTE
100
AcDbPolyline
 90
        4
 70
     1
 43
0.0
 10
-2.879077502118889
 20
924.6999913961627
 10
-5.879077502118889
 20
924.6999913961627
 42
-0.9999999999999998
 10
-5.879077502118889
 20
933.6999913961626
 10
-2.879077502118889
 20
933.6999913961626
 42
-0.9999999999999998
1001
AcDbBlockRepETag
1070
     1
1071
     5433
1005
16EF
  0
CIRCLE
  5
16F0
330
B08
100
AcDbEntity
  8
MONTANTE
100
AcDbCircle
 10
32.90249750355724
 20
954.7499913961656
 30
0.0
 40
4.5
1001
AcDbBlockRepETag
1070
     1
1071
     5434
1005
16F0
  0
LWPOLYLINE
  5
16F1
330
B08
100
AcDbEntity
  8
MONTANTE
100
AcDbPolyline
 90
        4
 70
     1
 43
0.0
 10
-2.879077502118889
 20
974.6999913961627
 10
-5.879077502118889
 20
974.6999913961627
 42
-0.9999999999999998
 10
-5.879077502118889
 20
983.6999913961626
 10
-2.879077502118889
 20
983.6999913961626
 42
-0.9999999999999998
1001
AcDbBlockRepETag
1070
     1
1071
     5435
1005
16F1
  0
ARC
  5
16F2
330
B08
100
AcDbEntity
  8
MONTANTE
100
AcDbCircle
 10
32.90249750355724
 20
1004.749991396165
 30
0.0
 40
4.5
100
AcDbArc
 50
179.9980535044247
 51
0.0019464955767058
1001
AcDbBlockRepETag
1070
     1
1071
     5436
1005
16F2
  0
LINE
  5
16F3
330
B08
100
AcDbEntity
  8
MONTANTE
100
AcDbLine
 10
49.89999999996553
 20
1004.75014427357
 30
0.0
 11
37.3966080554932
 21
1004.75014427357
 31
0.0
1001
AcDbBlockRepETag
1070
     1
1071
     4237
1005
16F3
  0
LWPOLYLINE
  5
16F8
330
B08
100
AcDbEntity
  8
MONTANTE
100
AcDbPolyline
 90
        4
 70
     1
 43
0.0
 10
-2.879077502118889
 20
24.69999139616266
 10
-5.879077502118889
 20
24.69999139616266
 42
-0.9999999999999998
 10
-5.879077502118889
 20
33.69999139616266
 10
-2.879077502118889
 20
33.69999139616266
 42
-0.9999999999999998
1001
AcDbBlockRepETag
1070
     1
1071
     5401
1005
16CF
  0
LINE
  5
1719
330
B08
100
AcDbEntity
  8
MONTANTE
100
AcDbLine
 10
28.40838695162128
 20
1004.75014427357
 30
0.0
 11
-19.85000000003492
 21
1004.75014427357
 31
0.0
1001
AcDbBlockRepETag
1070
     1
1071
     4237
1005
16F3
  0
ENDBLK
  5
B0A
330
B08
100
AcDbEntity
  8
0
100
AcDbBlockEnd
  0
BLOCK
  5
140B
330
140A
100
AcDbEntity
  8
0
100
AcDbBlockBegin
  2
*U4
 70
     1
 10
0.0
 20
0.0
 30
0.0
  3
*U4
  1

  0
LINE
  5
172A
330
140A
100
AcDbEntity
  8
MONTANTE
100
AcDbLine
 10
-19.85000000003492
 20
1004.75014427357
 30
0.0
 11
-19.85000000003492
 21
4.75
 31
0.0
1001
AcDbBlockRepETag
1070
     1
1071
     2050
1005
172A
  0
LINE
  5
172B
330
140A
100
AcDbEntity
  8
MONTANTE
100
AcDbLine
 10
49.89999999996552
 20
1004.75014427357
 30
0.0
 11
49.89999999996507
 21
4.750000000014551
 31
0.0
1001
AcDbBlockRepETag
1070
     1
1071
     5128
1005
172B
  0
LINE
  5
172C
330
140A
100
AcDbEntity
  8
MONTANTE
100
AcDbLine
 10
20.65499500714941
 20
1004.98014427357
 30
0.0
 11
20.65499500714941
 21
4.750000000014551
 31
0.0
1001
AcDbBlockRepETag
1070
     1
1071
     2051
1005
172C
  0
ARC
  5
172D
330
140A
100
AcDbEntity
  8
MONTANTE
100
AcDbCircle
 10
32.90249750355724
 20
4.750000000014551
 30
0.0
 40
4.5
100
AcDbArc
 50
0.0
 51
180.0
1001
AcDbBlockRepETag
1070
     1
1071
     2052
1005
172D
  0
LINE
  5
172E
330
140A
100
AcDbEntity
  8
MONTANTE
100
AcDbLine
 10
6.341844995797146
 20
1004.98014427357
 30
0.0
 11
6.341844995797146
 21
4.75
 31
0.0
1001
AcDbBlockRepETag
1070
     1
1071
     2053
1005
172E
  0
LINE
  5
172F
330
140A
100
AcDbEntity
  8
MONTANTE
100
AcDbLine
 10
49.89999999996507
 20
4.749999999999968
 30
0.0
 11
-19.85000000003492
 21
4.75
 31
0.0
1001
AcDbBlockRepETag
1070
     1
1071
     4237
1005
172F
  0
LWPOLYLINE
  5
1730
330
140A
100
AcDbEntity
  8
MONTANTE
100
AcDbPolyline
 90
        7
 70
     0
 43
0.0
 10
33.87563543301076
 20
112.0174762364331
 10
27.09523997496581
 20
109.2264959845779
 10
26.1221020455705
 20
101.9590111442958
 10
31.92935957416194
 20
97.48250655588345
 10
38.70975503214868
 20
100.2734868077386
 10
39.68289296160219
 20
107.5409716480208
 10
33.87563543301076
 20
112.0174762364331
1001
AcDbBlockRepETag
1070
     1
1071
     5384
1005
1730
  0
CIRCLE
  5
1731
330
140A
100
AcDbEntity
  8
MONTANTE
100
AcDbCircle
 10
32.90249750355724
 20
54.74999139616556
 30
0.0
 40
4.5
1001
AcDbBlockRepETag
1070
     1
1071
     5398
1005
1731
  0
LWPOLYLINE
  5
1732
330
140A
100
AcDbEntity
  8
MONTANTE
100
AcDbPolyline
 90
        4
 70
     1
 43
0.0
 10
-2.879077502118889
 20
74.69999139616266
 10
-5.879077502118889
 20
74.69999139616266
 42
-0.9999999999999998
 10
-5.879077502118889
 20
83.69999139616266
 10
-2.879077502118889
 20
83.69999139616266
 42
-0.9999999999999998
1001
AcDbBlockRepETag
1070
     1
1071
     5399
1005
1732
  0
CIRCLE
  5
1733
330
140A
100
AcDbEntity
  8
MONTANTE
100
AcDbCircle
 10
32.90249750355724
 20
104.7499913961655
 30
0.0
 40
4.5
1001
AcDbBlockRepETag
1070
     1
1071
     5400
1005
1733
  0
LWPOLYLINE
  5
1734
330
140A
100
AcDbEntity
  8
MONTANTE
100
AcDbPolyline
 90
        4
 70
     1
 43
0.0
 10
-2.879077502118889
 20
124.6999913961626
 10
-5.879077502118889
 20
124.6999913961626
 42
-0.9999999999999998
 10
-5.879077502118889
 20
133.6999913961626
 10
-2.879077502118889
 20
133.6999913961626
 42
-0.9999999999999998
1001
AcDbBlockRepETag
1070
     1
1071
     5401
1005
1734
  0
CIRCLE
  5
1735
330
140A
100
AcDbEntity
  8
MONTANTE
100
AcDbCircle
 10
32.90249750355724
 20
154.7499913961655
 30
0.0
 40
4.5
1001
AcDbBlockRepETag
1070
     1
1071
     5402
1005
1735
  0
LWPOLYLINE
  5
1736
330
140A
100
AcDbEntity
  8
MONTANTE
100
AcDbPolyline
 90
        4
 70
     1
 43
0.0
 10
-2.879077502118889
 20
174.6999913961626
 10
-5.879077502118889
 20
174.6999913961626
 42
-0.9999999999999998
 10
-5.879077502118889
 20
183.6999913961626
 10
-2.879077502118889
 20
183.6999913961626
 42
-0.9999999999999998
1001
AcDbBlockRepETag
1070
     1
1071
     5403
1005
1736
  0
CIRCLE
  5
1737
330
140A
100
AcDbEntity
  8
MONTANTE
100
AcDbCircle
 10
32.90249750355724
 20
204.7499913961656
 30
0.0
 40
4.5
1001
AcDbBlockRepETag
1070
     1
1071
     5404
1005
1737
  0
LWPOLYLINE
  5
1738
330
140A
100
AcDbEntity
  8
MONTANTE
100
AcDbPolyline
 90
        4
 70
     1
 43
0.0
 10
-2.879077502118889
 20
224.6999913961627
 10
-5.879077502118889
 20
224.6999913961627
 42
-0.9999999999999998
 10
-5.879077502118889
 20
233.6999913961626
 10
-2.879077502118889
 20
233.6999913961626
 42
-0.9999999999999998
1001
AcDbBlockRepETag
1070
     1
1071
     5405
1005
1738
  0
CIRCLE
  5
1739
330
140A
100
AcDbEntity
  8
MONTANTE
100
AcDbCircle
 10
32.90249750355724
 20
254.7499913961656
 30
0.0
 40
4.5
1001
AcDbBlockRepETag
1070
     1
1071
     5406
1005
1739
  0
LWPOLYLINE
  5
173A
330
140A
100
AcDbEntity
  8
MONTANTE
100
AcDbPolyline
 90
        4
 70
     1
 43
0.0
 10
-2.879077502118889
 20
274.6999913961627
 10
-5.879077502118889
 20
274.6999913961627
 42
-0.9999999999999998
 10
-5.879077502118889
 20
283.6999913961626
 10
-2.879077502118889
 20
283.6999913961626
 42
-0.9999999999999998
1001
AcDbBlockRepETag
1070
     1
1071
     5407
1005
173A
  0
CIRCLE
  5
173B
330
140A
100
AcDbEntity
  8
MONTANTE
100
AcDbCircle
 10
32.90249750355724
 20
304.7499913961656
 30
0.0
 40
4.5
1001
AcDbBlockRepETag
1070
     1
1071
     5408
1005
173B
  0
LWPOLYLINE
  5
173C
330
140A
100
AcDbEntity
  8
MONTANTE
100
AcDbPolyline
 90
        4
 70
     1
 43
0.0
 10
-2.879077502118889
 20
324.6999913961627
 10
-5.879077502118889
 20
324.6999913961627
 42
-0.9999999999999998
 10
-5.879077502118889
 20
333.6999913961627
 10
-2.879077502118889
 20
333.6999913961627
 42
-0.9999999999999998
1001
AcDbBlockRepETag
1070
     1
1071
     5409
1005
173C
  0
CIRCLE
  5
173D
330
140A
100
AcDbEntity
  8
MONTANTE
100
AcDbCircle
 10
32.90249750355724
 20
354.7499913961656
 30
0.0
 40
4.5
1001
AcDbBlockRepETag
1070
     1
1071
     5410
1005
173D
  0
LWPOLYLINE
  5
173E
330
140A
100
AcDbEntity
  8
MONTANTE
100
AcDbPolyline
 90
        4
 70
     1
 43
0.0
 10
-2.879077502118889
 20
374.6999913961627
 10
-5.879077502118889
 20
374.6999913961627
 42
-0.9999999999999998
 10
-5.879077502118889
 20
383.6999913961627
 10
-2.879077502118889
 20
383.6999913961627
 42
-0.9999999999999998
1001
AcDbBlockRepETag
1070
     1
1071
     5411
1005
173E
  0
CIRCLE
  5
173F
330
140A
100
AcDbEntity
  8
MONTANTE
100
AcDbCircle
 10
32.90249750355724
 20
404.7499913961655
 30
0.0
 40
4.5
1001
AcDbBlockRepETag
1070
     1
1071
     5412
1005
173F
  0
LWPOLYLINE
  5
1740
330
140A
100
AcDbEntity
  8
MONTANTE
100
AcDbPolyline
 90
        4
 70
     1
 43
0.0
 10
-2.879077502118889
 20
424.6999913961627
 10
-5.879077502118889
 20
424.6999913961627
 42
-0.9999999999999998
 10
-5.879077502118889
 20
433.6999913961626
 10
-2.879077502118889
 20
433.6999913961626
 42
-0.9999999999999998
1001
AcDbBlockRepETag
1070
     1
1071
     5413
1005
1740
  0
CIRCLE
  5
1741
330
140A
100
AcDbEntity
  8
MONTANTE
100
AcDbCircle
 10
32.90249750355724
 20
454.7499913961655
 30
0.0
 40
4.5
1001
AcDbBlockRepETag
1070
     1
1071
     5414
1005
1741
  0
LWPOLYLINE
  5
1742
330
140A
100
AcDbEntity
  8
MONTANTE
100
AcDbPolyline
 90
        4
 70
     1
 43
0.0
 10
-2.879077502118889
 20
474.6999913961627
 10
-5.879077502118889
 20
474.6999913961627
 42
-0.9999999999999998
 10
-5.879077502118889
 20
483.6999913961626
 10
-2.879077502118889
 20
483.6999913961626
 42
-0.9999999999999998
1001
AcDbBlockRepETag
1070
     1
1071
     5415
1005
1742
  0
CIRCLE
  5
1743
330
140A
100
AcDbEntity
  8
MONTANTE
100
AcDbCircle
 10
32.90249750355724
 20
504.7499913961655
 30
0.0
 40
4.5
1001
AcDbBlockRepETag
1070
     1
1071
     5416
1005
1743
  0
LWPOLYLINE
  5
1744
330
140A
100
AcDbEntity
  8
MONTANTE
100
AcDbPolyline
 90
        4
 70
     1
 43
0.0
 10
-2.879077502118889
 20
524.6999913961627
 10
-5.879077502118889
 20
524.6999913961627
 42
-0.9999999999999998
 10
-5.879077502118889
 20
533.6999913961626
 10
-2.879077502118889
 20
533.6999913961626
 42
-0.9999999999999998
1001
AcDbBlockRepETag
1070
     1
1071
     5417
1005
1744
  0
CIRCLE
  5
1745
330
140A
100
AcDbEntity
  8
MONTANTE
100
AcDbCircle
 10
32.90249750355724
 20
554.7499913961655
 30
0.0
 40
4.5
1001
AcDbBlockRepETag
1070
     1
1071
     5418
1005
1745
  0
LWPOLYLINE
  5
1746
330
140A
100
AcDbEntity
  8
MONTANTE
100
AcDbPolyline
 90
        4
 70
     1
 43
0.0
 10
-2.879077502118889
 20
574.6999913961627
 10
-5.879077502118889
 20
574.6999913961627
 42
-0.9999999999999998
 10
-5.879077502118889
 20
583.6999913961626
 10
-2.879077502118889
 20
583.6999913961626
 42
-0.9999999999999998
1001
AcDbBlockRepETag
1070
     1
1071
     5419
1005
1746
  0
CIRCLE
  5
1747
330
140A
100
AcDbEntity
  8
MONTANTE
100
AcDbCircle
 10
32.90249750355724
 20
604.7499913961655
 30
0.0
 40
4.5
1001
AcDbBlockRepETag
1070
     1
1071
     5420
1005
1747
  0
LWPOLYLINE
  5
1748
330
140A
100
AcDbEntity
  8
MONTANTE
100
AcDbPolyline
 90
        4
 70
     1
 43
0.0
 10
-2.879077502118889
 20
624.6999913961627
 10
-5.879077502118889
 20
624.6999913961627
 42
-0.9999999999999998
 10
-5.879077502118889
 20
633.6999913961626
 10
-2.879077502118889
 20
633.6999913961626
 42
-0.9999999999999998
1001
AcDbBlockRepETag
1070
     1
1071
     5421
1005
1748
  0
CIRCLE
  5
1749
330
140A
100
AcDbEntity
  8
MONTANTE
100
AcDbCircle
 10
32.90249750355724
 20
654.7499913961655
 30
0.0
 40
4.5
1001
AcDbBlockRepETag
1070
     1
1071
     5422
1005
1749
  0
LWPOLYLINE
  5
174A
330
140A
100
AcDbEntity
  8
MONTANTE
100
AcDbPolyline
 90
        4
 70
     1
 43
0.0
 10
-2.879077502118889
 20
674.6999913961627
 10
-5.879077502118889
 20
674.6999913961627
 42
-0.9999999999999998
 10
-5.879077502118889
 20
683.6999913961626
 10
-2.879077502118889
 20
683.6999913961626
 42
-0.9999999999999998
1001
AcDbBlockRepETag
1070
     1
1071
     5423
1005
174A
  0
CIRCLE
  5
174B
330
140A
100
AcDbEntity
  8
MONTANTE
100
AcDbCircle
 10
32.90249750355724
 20
704.7499913961655
 30
0.0
 40
4.5
1001
AcDbBlockRepETag
1070
     1
1071
     5424
1005
174B
  0
LWPOLYLINE
  5
174C
330
140A
100
AcDbEntity
  8
MONTANTE
100
AcDbPolyline
 90
        4
 70
     1
 43
0.0
 10
-2.879077502118889
 20
724.6999913961627
 10
-5.879077502118889
 20
724.6999913961627
 42
-0.9999999999999998
 10
-5.879077502118889
 20
733.6999913961626
 10
-2.879077502118889
 20
733.6999913961626
 42
-0.9999999999999998
1001
AcDbBlockRepETag
1070
     1
1071
     5425
1005
174C
  0
CIRCLE
  5
174D
330
140A
100
AcDbEntity
  8
MONTANTE
100
AcDbCircle
 10
32.90249750355724
 20
754.7499913961655
 30
0.0
 40
4.5
1001
AcDbBlockRepETag
1070
     1
1071
     5426
1005
174D
  0
LWPOLYLINE
  5
174E
330
140A
100
AcDbEntity
  8
MONTANTE
100
AcDbPolyline
 90
        4
 70
     1
 43
0.0
 10
-2.879077502118889
 20
774.6999913961627
 10
-5.879077502118889
 20
774.6999913961627
 42
-0.9999999999999998
 10
-5.879077502118889
 20
783.6999913961626
 10
-2.879077502118889
 20
783.6999913961626
 42
-0.9999999999999998
1001
AcDbBlockRepETag
1070
     1
1071
     5427
1005
174E
  0
CIRCLE
  5
174F
330
140A
100
AcDbEntity
  8
MONTANTE
100
AcDbCircle
 10
32.90249750355724
 20
804.7499913961654
 30
0.0
 40
4.5
1001
AcDbBlockRepETag
1070
     1
1071
     5428
1005
174F
  0
LWPOLYLINE
  5
1750
330
140A
100
AcDbEntity
  8
MONTANTE
100
AcDbPolyline
 90
        4
 70
     1
 43
0.0
 10
-2.879077502118889
 20
824.6999913961627
 10
-5.879077502118889
 20
824.6999913961627
 42
-0.9999999999999998
 10
-5.879077502118889
 20
833.6999913961626
 10
-2.879077502118889
 20
833.6999913961626
 42
-0.9999999999999998
1001
AcDbBlockRepETag
1070
     1
1071
     5429
1005
1750
  0
CIRCLE
  5
1751
330
140A
100
AcDbEntity
  8
MONTANTE
100
AcDbCircle
 10
32.90249750355724
 20
854.7499913961656
 30
0.0
 40
4.5
1001
AcDbBlockRepETag
1070
     1
1071
     5430
1005
1751
  0
LWPOLYLINE
  5
1752
330
140A
100
AcDbEntity
  8
MONTANTE
100
AcDbPolyline
 90
        4
 70
     1
 43
0.0
 10
-2.879077502118889
 20
874.6999913961627
 10
-5.879077502118889
 20
874.6999913961627
 42
-0.9999999999999998
 10
-5.879077502118889
 20
883.6999913961626
 10
-2.879077502118889
 20
883.6999913961626
 42
-0.9999999999999998
1001
AcDbBlockRepETag
1070
     1
1071
     5431
1005
1752
  0
CIRCLE
  5
1753
330
140A
100
AcDbEntity
  8
MONTANTE
100
AcDbCircle
 10
32.90249750355724
 20
904.7499913961656
 30
0.0
 40
4.5
1001
AcDbBlockRepETag
1070
     1
1071
     5432
1005
1753
  0
LWPOLYLINE
  5
1754
330
140A
100
AcDbEntity
  8
MONTANTE
100
AcDbPolyline
 90
        4
 70
     1
 43
0.0
 10
-2.879077502118889
 20
924.6999913961627
 10
-5.879077502118889
 20
924.6999913961627
 42
-0.9999999999999998
 10
-5.879077502118889
 20
933.6999913961626
 10
-2.879077502118889
 20
933.6999913961626
 42
-0.9999999999999998
1001
AcDbBlockRepETag
1070
     1
1071
     5433
1005
1754
  0
CIRCLE
  5
1755
330
140A
100
AcDbEntity
  8
MONTANTE
100
AcDbCircle
 10
32.90249750355724
 20
954.7499913961656
 30
0.0
 40
4.5
1001
AcDbBlockRepETag
1070
     1
1071
     5434
1005
1755
  0
LWPOLYLINE
  5
1756
330
140A
100
AcDbEntity
  8
MONTANTE
100
AcDbPolyline
 90
        4
 70
     1
 43
0.0
 10
-2.879077502118889
 20
974.6999913961627
 10
-5.879077502118889
 20
974.6999913961627
 42
-0.9999999999999998
 10
-5.879077502118889
 20
983.6999913961626
 10
-2.879077502118889
 20
983.6999913961626
 42
-0.9999999999999998
1001
AcDbBlockRepETag
1070
     1
1071
     5435
1005
1756
  0
ARC
  5
1757
330
140A
100
AcDbEntity
  8
MONTANTE
100
AcDbCircle
 10
32.90249750355724
 20
1004.749991396165
 30
0.0
 40
4.5
100
AcDbArc
 50
179.9980535044247
 51
0.0019464955767058
1001
AcDbBlockRepETag
1070
     1
1071
     5436
1005
1757
  0
LINE
  5
1758
330
140A
100
AcDbEntity
  8
MONTANTE
100
AcDbLine
 10
49.89999999996553
 20
1004.75014427357
 30
0.0
 11
37.3966080554932
 21
1004.75014427357
 31
0.0
1001
AcDbBlockRepETag
1070
     1
1071
     4237
1005
1758
  0
LWPOLYLINE
  5
1759
330
140A
100
AcDbEntity
  8
MONTANTE
100
AcDbPolyline
 90
        4
 70
     1
 43
0.0
 10
-2.879077502118889
 20
24.69999139616266
 10
-5.879077502118889
 20
24.69999139616266
 42
-0.9999999999999998
 10
-5.879077502118889
 20
33.69999139616266
 10
-2.879077502118889
 20
33.69999139616266
 42
-0.9999999999999998
1001
AcDbBlockRepETag
1070
     1
1071
     5401
1005
1734
  0
LINE
  5
175A
330
140A
100
AcDbEntity
  8
MONTANTE
100
AcDbLine
 10
28.40838695162128
 20
1004.75014427357
 30
0.0
 11
-19.85000000003492
 21
1004.75014427357
 31
0.0
1001
AcDbBlockRepETag
1070
     1
1071
     4237
1005
1758
  0
ENDBLK
  5
140C
330
140A
100
AcDbEntity
  8
0
100
AcDbBlockEnd
  0
BLOCK
  5
1703
330
1702
100
AcDbEntity
  8
0
100
AcDbBlockBegin
  2
*D6
 70
     1
 10
0.0
 20
0.0
 30
0.0
  3
*D6
  1

  0
LINE
  5
171B
330
1702
100
AcDbEntity
  8
0
 62
     0
440
 16777216
370
    -2
100
AcDbLine
 10
-20.47500000003493
 20
1004.750144273571
 30
0.0
 11
-95.20475387776256
 21
1004.750144273571
 31
0.0
  0
LINE
  5
171C
330
1702
100
AcDbEntity
  8
0
 62
     0
440
 16777216
370
    -2
100
AcDbLine
 10
-20.47500000003493
 20
4.750000000000001
 30
0.0
 11
-95.20475387776235
 21
4.749999999999989
 31
0.0
  0
LINE
  5
171D
330
1702
100
AcDbEntity
  8
0
 62
     0
440
 16777216
370
    -2
100
AcDbLine
 10
-93.95475387776258
 20
1002.250144273571
 30
0.0
 11
-93.95475387776235
 21
7.249999999999991
 31
0.0
  0
SOLID
  5
171E
330
1702
100
AcDbEntity
  8
0
 62
     0
440
 16777216
100
AcDbTrace
 10
-94.37142054442926
 20
1002.250144273571
 30
0.0
 11
-93.53808721109592
 21
1002.250144273571
 31
0.0
 12
-93.95475387776258
 22
1004.750144273571
 32
0.0
 13
-93.95475387776258
 23
1004.750144273571
 33
0.0
  0
SOLID
  5
171F
330
1702
100
AcDbEntity
  8
0
 62
     0
440
 16777216
100
AcDbTrace
 10
-94.37142054442903
 20
7.24999999999999
 30
0.0
 11
-93.53808721109569
 21
7.249999999999991
 31
0.0
 12
-93.95475387776235
 22
4.74999999999999
 32
0.0
 13
-93.95475387776235
 23
4.74999999999999
 33
0.0
  0
MTEXT
  5
1720
330
1702
100
AcDbEntity
  8
0
 62
     0
440
 16777216
100
AcDbMText
 10
-95.85618634706653
 20
504.7500721367853
 30
0.0
 40
2.5
 41
0.0
 46
0.0
 71
     5
 72
     1
  1
1000
 11
0.0000000000000001
 21
1.0
 31
0.0
 73
     1
 44
1.0
  0
POINT
  5
1721
330
1702
100
AcDbEntity
  8
Defpoints
 62
     0
440
 16777216
100
AcDbPoint
 10
-19.85000000003493
 20
1004.750144273571
 30
0.0
  0
POINT
  5
1722
330
1702
100
AcDbEntity
  8
Defpoints
 62
     0
440
 16777216
100
AcDbPoint
 10
-19.85000000003493
 20
4.750000000000001
 30
0.0
  0
POINT
  5
1723
330
1702
100
AcDbEntity
  8
Defpoints
 62
     0
440
 16777216
100
AcDbPoint
 10
-93.95475387776235
 20
4.74999999999999
 30
0.0
  0
ENDBLK
  5
1704
330
1702
100
AcDbEntity
  8
0
100
AcDbBlockEnd
  0
ENDSEC
  0
SECTION
  2
ENTITIES
  0
INSERT
  5
13C5
330
1F
100
AcDbEntity
  8
0
100
AcDbBlockReference
  2
DI_COLUNA
 10
3345.285041751382
 20
30.81096962125412
 30
0.0
  0
ENDSEC
  0
SECTION
  2
OBJECTS
  0
DICTIONARY
  5
C
330
0
100
AcDbDictionary
281
     1
  3
ACAD_CIP_PREVIOUS_PRODUCT_INFO
350
216
  3
ACAD_COLOR
350
6B
  3
ACAD_DETAILVIEWSTYLE
350
21B
  3
ACAD_GROUP
350
D
  3
ACAD_LAYOUT
350
1A
  3
ACAD_MATERIAL
350
6A
  3
ACAD_MLEADERSTYLE
350
12D
  3
ACAD_MLINESTYLE
350
17
  3
ACAD_PLOTSETTINGS
350
19
  3
ACAD_PLOTSTYLENAME
350
E
  3
ACAD_SCALELIST
350
10C
  3
ACAD_SECTIONVIEWSTYLE
350
219
  3
ACAD_TABLESTYLE
350
7E
  3
ACAD_VISUALSTYLE
350
EF
  3
ACDB_RECOMPOSE_DATA
350
175F
  3
AcDbVariableDictionary
350
5E
  3
AcDsDecomposeData
350
1765
  0
DICTIONARY
  5
1FF
330
2
100
AcDbDictionary
280
     1
281
     1
  3
ACAD_LAYERSTATES
360
200
  0
DICTIONARY
  5
13C
330
10
100
AcDbDictionary
280
     1
281
     1
  0
DICTIONARY
  5
6C8
330
6C7
100
AcDbDictionary
280
     1
281
     1
  3
ADSK_XREC_LAYER_RECONCILED
360
6C9
  0
DICTIONARY
  5
1CE
330
1F
100
AcDbDictionary
280
     1
281
     1
  3
ACAD_SORTENTS
360
6D7
  0
DICTIONARY
  5
16F5
330
B08
100
AcDbDictionary
280
     1
281
     1
  3
ACAD_ENHANCEDBLOCK
360
16F6
  3
ACAD_SORTENTS
360
171A
  3
AcDbDynamicBlockRoundTripPurgePreventer
360
1726
  0
DICTIONARY
  5
175B
330
140A
100
AcDbDictionary
280
     1
281
     1
  3
ACAD_ENHANCEDBLOCK
360
175C
  3
ACAD_SORTENTS
360
175D
  0
XRECORD
  5
216
102
{ACAD_REACTORS
330
C
102
}
330
C
100
AcDbXrecord
280
     1
300
ACD
300
2022
300

  0
DICTIONARY
  5
6B
102
{ACAD_REACTORS
330
C
102
}
330
C
100
AcDbDictionary
281
     1
  0
DICTIONARY
  5
21B
102
{ACAD_REACTORS
330
C
102
}
330
C
100
AcDbDictionary
281
     1
  3
Metric50
350
21C
  0
DICTIONARY
  5
D
102
{ACAD_REACTORS
330
C
102
}
330
C
100
AcDbDictionary
281
     1
  0
DICTIONARY
  5
1A
102
{ACAD_REACTORS
330
C
102
}
330
C
100
AcDbDictionary
281
     1
  3
Layout1
350
D3
  3
Layout2
350
D7
  3
Model
350
22
  0
DICTIONARY
  5
6A
102
{ACAD_REACTORS
330
C
102
}
330
C
100
AcDbDictionary
281
     1
  3
ByBlock
350
ED
  3
ByLayer
350
EC
  3
Global
350
EE
  0
DICTIONARY
  5
12D
102
{ACAD_REACTORS
330
C
102
}
330
C
100
AcDbDictionary
281
     1
  3
Annotative
350
13B
  3
Standard
350
12E
  0
DICTIONARY
  5
17
102
{ACAD_REACTORS
330
C
102
}
330
C
100
AcDbDictionary
281
     1
  3
Standard
350
18
  0
DICTIONARY
  5
19
102
{ACAD_REACTORS
330
C
102
}
330
C
100
AcDbDictionary
281
     1
  0
ACDBDICTIONARYWDFLT
  5
E
102
{ACAD_REACTORS
330
C
102
}
330
C
100
AcDbDictionary
281
     1
  3
Normal
350
F
100
AcDbDictionaryWithDefault
340
F
  0
DICTIONARY
  5
10C
102
{ACAD_REACTORS
330
C
102
}
330
C
100
AcDbDictionary
281
     1
  3
A0
350
10D
  3
A1
350
1BE
  3
A2
350
1BF
  3
A3
350
1C0
  3
A4
350
1C1
  3
A5
350
1C2
  3
A6
350
1C3
  3
A7
350
1C4
  3
A8
350
1C5
  3
A9
350
1C6
  3
B0
350
1C7
  3
B1
350
1C8
  3
B2
350
1C9
  3
B3
350
1CA
  3
B4
350
1CB
  3
B5
350
1CC
  3
B6
350
1CD
  0
DICTIONARY
  5
219
102
{ACAD_REACTORS
330
C
102
}
330
C
100
AcDbDictionary
281
     1
  3
Metric50
350
21A
  0
DICTIONARY
  5
7E
102
{ACAD_REACTORS
330
C
102
}
330
C
100
AcDbDictionary
281
     1
  3
Standard
350
7F
  0
DICTIONARY
  5
EF
102
{ACAD_REACTORS
330
C
102
}
330
C
100
AcDbDictionary
281
     1
  3
2dWireframe
350
F5
  3
Basic
350
F4
  3
Brighten
350
FB
  3
ColorChange
350
FF
  3
Conceptual
350
F8
  3
Dim
350
FA
  3
EdgeColorOff
350
1E6
  3
Facepattern
350
FE
  3
Flat
350
F0
  3
FlatWithEdges
350
F1
  3
Gouraud
350
F2
  3
GouraudWithEdges
350
F3
  3
Hidden
350
F7
  3
JitterOff
350
1E4
  3
Linepattern
350
FD
  3
OverhangOff
350
1E5
  3
Realistic
350
F9
  3
Shaded
350
1F3
  3
Shaded with edges
350
1F2
  3
Shades of Gray
350
1EF
  3
Sketchy
350
1F0
  3
Thicken
350
FC
  3
Wireframe
350
F6
  3
X-Ray
350
1F1
  0
XRECORD
  5
175F
102
{ACAD_REACTORS
330
C
102
}
330
C
100
AcDbXrecord
280
     1
 90
        1
330
7F
  0
DICTIONARY
  5
5E
102
{ACAD_REACTORS
330
C
102
}
330
C
100
AcDbDictionary
281
     1
  3
ANNOALLVISIBLE
350
13C6
  3
CANNOSCALE
350
146
  3
CENTEREXE
350
259
  3
CENTERLTYPEFILE
350
25A
  3
CMLEADERSTYLE
350
145
  3
CTABLESTYLE
350
84
  3
CVIEWDETAILSTYLE
350
227
  3
CVIEWSECTIONSTYLE
350
228
  3
DIMASSOC
350
5F
  3
HIDETEXT
350
63
  3
LAYEREVAL
350
1AE
  3
LAYERNOTIFY
350
1AF
  0
DICTIONARY
  5
1765
102
{ACAD_REACTORS
330
C
102
}
330
C
100
AcDbDictionary
281
     1
  3
AcDsRecords
350
1767
  3
AcDsSchemas
350
1766
1001
ACAD
1070
     2
  0
DICTIONARY
  5
200
102
{ACAD_REACTORS
330
1FF
102
}
330
1FF
100
AcDbDictionary
281
     1
  0
XRECORD
  5
6C9
102
{ACAD_REACTORS
330
6C8
102
}
330
6C8
100
AcDbXrecord
280
     1
290
     0
  0
SORTENTSTABLE
  5
6D7
102
{ACAD_REACTORS
330
1CE
102
}
330
1CE
100
AcDbSortentsTable
330
1F
  0
ACAD_EVALUATION_GRAPH
  5
16F6
102
{ACAD_REACTORS
330
16F5
102
}
330
16F5
100
AcDbEvalGraph
 96
        0
 97
        0
  0
SORTENTSTABLE
  5
171A
102
{ACAD_REACTORS
330
16F5
102
}
330
16F5
100
AcDbSortentsTable
330
B08
331
16F8
  5
1700
331
1719
  5
16F8
  0
ACDB_DYNAMICBLOCKPURGEPREVENTER_VERSION
  5
1726
102
{ACAD_REACTORS
330
16F5
102
}
330
16F5
100
AcDbDynamicBlockPurgePreventer
 70
     1
  0
ACAD_EVALUATION_GRAPH
  5
175C
102
{ACAD_REACTORS
330
175B
102
}
330
175B
100
AcDbEvalGraph
 96
        0
 97
        0
  0
SORTENTSTABLE
  5
175D
102
{ACAD_REACTORS
330
175B
102
}
330
175B
100
AcDbSortentsTable
330
140A
331
1759
  5
175A
331
175A
  5
1759
  0
ACDBDETAILVIEWSTYLE
  5
21C
102
{ACAD_XDICTIONARY
360
179A
102
}
102
{ACAD_REACTORS
330
21B
102
}
330
21B
100
AcDbModelDocViewStyle
 70
     0
  3
Metric50
290
     0
100
AcDbDetailViewStyle
 70
     0
 71
     0
 90
        3
 71
     1
340
11
 62
   256
 40
5.0
340
0
 62
   256
 40
5.0
300

 40
0.0
280
     1
 71
     2
340
16
 90
       25
 62
   256
 71
     3
340
11
 62
   256
 40
5.0
 90
        0
 40
15.0
 90
        1
300
%<\AcVar ViewDetailId>% (%<\AcVar ViewScale \f "%sn">%)
 71
     4
340
16
 90
       25
 62
   256
340
16
 90
       25
 62
   256
280
     0
  0
LAYOUT
  5
D3
102
{ACAD_REACTORS
330
1A
102
}
330
1A
100
AcDbPlotSettings
  1

  2
C:\Documents and Settings\basas\Application Data\Autodesk\AutoCAD 2005\R16.1\enu\plotters\Default Windows System Printer.pc3
  4

  6

 40
0.0
 41
0.0
 42
0.0
 43
0.0
 44
0.0
 45
0.0
 46
0.0
 47
0.0
 48
0.0
 49
0.0
140
0.0
141
0.0
142
1.0
143
1.0
 70
   688
 72
     0
 73
     0
 74
     5
  7

 75
    16
147
1.0
 76
     0
 77
     2
 78
   300
148
0.0
149
0.0
100
AcDbLayout
  1
Layout1
 70
     1
 71
     1
 10
0.0
 20
0.0
 11
12.0
 21
9.0
 12
0.0
 22
0.0
 32
0.0
 14
0.0
 24
0.0
 34
0.0
 15
0.0
 25
0.0
 35
0.0
146
0.0
 13
0.0
 23
0.0
 33
0.0
 16
1.0
 26
0.0
 36
0.0
 17
0.0
 27
1.0
 37
0.0
 76
     0
330
D2
  0
LAYOUT
  5
D7
102
{ACAD_REACTORS
330
1A
102
}
330
1A
100
AcDbPlotSettings
  1

  2
C:\Documents and Settings\basas\Application Data\Autodesk\AutoCAD 2005\R16.1\enu\plotters\Default Windows System Printer.pc3
  4

  6

 40
0.0
 41
0.0
 42
0.0
 43
0.0
 44
0.0
 45
0.0
 46
0.0
 47
0.0
 48
0.0
 49
0.0
140
0.0
141
0.0
142
1.0
143
1.0
 70
   688
 72
     0
 73
     0
 74
     5
  7

 75
    16
147
1.0
 76
     0
 77
     2
 78
   300
148
0.0
149
0.0
100
AcDbLayout
  1
Layout2
 70
     1
 71
     2
 10
0.0
 20
0.0
 11
12.0
 21
9.0
 12
0.0
 22
0.0
 32
0.0
 14
0.0
 24
0.0
 34
0.0
 15
0.0
 25
0.0
 35
0.0
146
0.0
 13
0.0
 23
0.0
 33
0.0
 16
1.0
 26
0.0
 36
0.0
 17
0.0
 27
1.0
 37
0.0
 76
     0
330
D6
  0
LAYOUT
  5
22
102
{ACAD_XDICTIONARY
360
205
102
}
102
{ACAD_REACTORS
330
1A
102
}
330
1A
100
AcDbPlotSettings
  1

  2
none_device
  4
ISO_A4_(210.00_x_297.00_MM)
  6

 40
7.5
 41
20.0
 42
7.5
 43
20.0
 44
210.0
 45
297.0
 46
11.54999923706054
 47
-13.65000009536743
 48
0.0
 49
0.0
140
0.0
141
0.0
142
1.0
143
8.704084754739808
 70
 11952
 72
     1
 73
     0
 74
     0
  7

 75
     0
147
0.1148885871608098
 76
     0
 77
     2
 78
   300
148
0.0
149
0.0
100
AcDbLayout
  1
Model
 70
     1
 71
     0
 10
0.0
 20
0.0
 11
12.0
 21
9.0
 12
0.0
 22
0.0
 32
0.0
 14
0.0
 24
0.0
 34
0.0
 15
0.0
 25
0.0
 35
0.0
146
0.0
 13
0.0
 23
0.0
 33
0.0
 16
1.0
 26
0.0
 36
0.0
 17
0.0
 27
1.0
 37
0.0
 76
     0
330
1F
331
EA
1001
ACAD_PSEXT
1000
None
1000
None
1000
Not applicable
1000
The layout will not be plotted unless a new plotter configuration name is selected.
1070
     0
  0
MATERIAL
  5
ED
102
{ACAD_XDICTIONARY
360
1F9
102
}
102
{ACAD_REACTORS
330
6A
102
}
330
6A
100
AcDbMaterial
  1
ByBlock
 94
       63
  0
MATERIAL
  5
EC
102
{ACAD_XDICTIONARY
360
1F7
102
}
102
{ACAD_REACTORS
330
6A
102
}
330
6A
100
AcDbMaterial
  1
ByLayer
 94
       63
  0
MATERIAL
  5
EE
102
{ACAD_XDICTIONARY
360
173
102
}
102
{ACAD_REACTORS
330
6A
102
}
330
6A
100
AcDbMaterial
  1
Global
 43
0.0007999999797903
 43
0.0
 43
0.0
 43
0.0
 43
0.0
 43
0.0007999999797903
 43
0.0
 43
0.0
 43
0.0
 43
0.0
 43
1.0
 43
0.0
 43
0.0
 43
0.0
 43
0.0
 43
1.0
 49
0.0007999999797903
 49
0.0
 49
0.0
 49
0.0
 49
0.0
 49
0.0007999999797903
 49
0.0
 49
0.0
 49
0.0
 49
0.0
 49
1.0
 49
0.0
 49
0.0
 49
0.0
 49
0.0
 49
1.0
142
0.0007999999797903
142
0.0
142
0.0
142
0.0
142
0.0
142
0.0007999999797903
142
0.0
142
0.0
142
0.0
142
0.0
142
1.0
142
0.0
142
0.0
142
0.0
142
0.0
142
1.0
144
0.0007999999797903
144
0.0
144
0.0
144
0.0
144
0.0
144
0.0007999999797903
144
0.0
144
0.0
144
0.0
144
0.0
144
1.0
144
0.0
144
0.0
144
0.0
144
0.0
144
1.0
 94
       63
1001
ACAD
1070
    -1
1070
     3
1070
     0
1000

1071
        0
1070
     0
  0
MLEADERSTYLE
  5
13B
102
{ACAD_REACTORS
330
12D
102
}
330
12D
100
AcDbMLeaderStyle
179
     2
170
     2
171
     1
172
     0
 90
        2
 40
0.0
 41
0.0
173
     1
 91
-1056964608
340
14
 92
       -2
290
     1
 42
2.0
291
     1
 43
8.0
  3
Standard
 44
4.0
300

342
11
174
     1
178
     1
175
     1
176
     0
 93
-1056964608
 45
4.0
292
     0
297
     0
 46
4.0
 94
-1056964608
 47
1.0
 49
1.0
140
1.0
293
     1
141
0.0
294
     1
177
     0
142
1.0
295
     0
296
     1
143
3.75
271
     0
272
     9
273
     9
  0
MLEADERSTYLE
  5
12E
102
{ACAD_REACTORS
330
12D
102
}
330
12D
100
AcDbMLeaderStyle
179
     2
170
     2
171
     1
172
     0
 90
        2
 40
0.0
 41
0.0
173
     1
 91
-1056964608
340
14
 92
       -2
290
     1
 42
2.0
291
     1
 43
8.0
  3
Standard
 44
4.0
300

342
11
174
     1
178
     1
175
     1
176
     0
 93
-1056964608
 45
4.0
292
     0
297
     0
 46
4.0
 94
-1056964608
 47
1.0
 49
1.0
140
1.0
293
     1
141
0.0
294
     1
177
     0
142
1.0
295
     0
296
     0
143
3.75
271
     0
272
     9
273
     9
  0
MLINESTYLE
  5
18
102
{ACAD_REACTORS
330
17
102
}
330
17
100
AcDbMlineStyle
  2
STANDARD
 70
     0
  3

 62
   256
 51
90.0
 52
90.0
 71
     2
 49
0.5
 62
   256
  6
BYLAYER
 49
-0.5
 62
   256
  6
BYLAYER
  0
ACDBPLACEHOLDER
  5
F
102
{ACAD_REACTORS
330
E
102
}
330
E
  0
SCALE
  5
10D
102
{ACAD_REACTORS
330
10C
102
}
330
10C
100
AcDbScale
 70
     0
300
1:1
140
1.0
141
1.0
290
     1
  0
SCALE
  5
1BE
102
{ACAD_REACTORS
330
10C
102
}
330
10C
100
AcDbScale
 70
     0
300
1:2
140
1.0
141
2.0
290
     0
  0
SCALE
  5
1BF
102
{ACAD_REACTORS
330
10C
102
}
330
10C
100
AcDbScale
 70
     0
300
1:4
140
1.0
141
4.0
290
     0
  0
SCALE
  5
1C0
102
{ACAD_REACTORS
330
10C
102
}
330
10C
100
AcDbScale
 70
     0
300
1:5
140
1.0
141
5.0
290
     0
  0
SCALE
  5
1C1
102
{ACAD_REACTORS
330
10C
102
}
330
10C
100
AcDbScale
 70
     0
300
1:8
140
1.0
141
8.0
290
     0
  0
SCALE
  5
1C2
102
{ACAD_REACTORS
330
10C
102
}
330
10C
100
AcDbScale
 70
     0
300
1:10
140
1.0
141
10.0
290
     0
  0
SCALE
  5
1C3
102
{ACAD_REACTORS
330
10C
102
}
330
10C
100
AcDbScale
 70
     0
300
1:16
140
1.0
141
16.0
290
     0
  0
SCALE
  5
1C4
102
{ACAD_REACTORS
330
10C
102
}
330
10C
100
AcDbScale
 70
     0
300
1:20
140
1.0
141
20.0
290
     0
  0
SCALE
  5
1C5
102
{ACAD_REACTORS
330
10C
102
}
330
10C
100
AcDbScale
 70
     0
300
1:30
140
1.0
141
30.0
290
     0
  0
SCALE
  5
1C6
102
{ACAD_REACTORS
330
10C
102
}
330
10C
100
AcDbScale
 70
     0
300
1:40
140
1.0
141
40.0
290
     0
  0
SCALE
  5
1C7
102
{ACAD_REACTORS
330
10C
102
}
330
10C
100
AcDbScale
 70
     0
300
1:50
140
1.0
141
50.0
290
     0
  0
SCALE
  5
1C8
102
{ACAD_REACTORS
330
10C
102
}
330
10C
100
AcDbScale
 70
     0
300
1:100
140
1.0
141
100.0
290
     0
  0
SCALE
  5
1C9
102
{ACAD_REACTORS
330
10C
102
}
330
10C
100
AcDbScale
 70
     0
300
2:1
140
2.0
141
1.0
290
     0
  0
SCALE
  5
1CA
102
{ACAD_REACTORS
330
10C
102
}
330
10C
100
AcDbScale
 70
     0
300
4:1
140
4.0
141
1.0
290
     0
  0
SCALE
  5
1CB
102
{ACAD_REACTORS
330
10C
102
}
330
10C
100
AcDbScale
 70
     0
300
8:1
140
8.0
141
1.0
290
     0
  0
SCALE
  5
1CC
102
{ACAD_REACTORS
330
10C
102
}
330
10C
100
AcDbScale
 70
     0
300
10:1
140
10.0
141
1.0
290
     0
  0
SCALE
  5
1CD
102
{ACAD_REACTORS
330
10C
102
}
330
10C
100
AcDbScale
 70
     0
300
100:1
140
100.0
141
1.0
290
     0
  0
ACDBSECTIONVIEWSTYLE
  5
21A
102
{ACAD_XDICTIONARY
360
1798
102
}
102
{ACAD_REACTORS
330
219
102
}
330
219
100
AcDbModelDocViewStyle
 70
     0
  3
Metric50
290
     0
100
AcDbSectionViewStyle
 70
     0
 71
     0
 90
      102
 71
     1
340
11
 62
   256
 40
5.0
340
0
340
0
 62
   256
 40
5.0
300
I, O, Q, S, X, Z
 40
10.0
 90
        0
 40
2.5
 90
        0
 71
     2
340
16
 90
       25
 62
   256
340
16
 90
       50
 62
   256
 40
5.0
 40
2.5
 40
5.0
 71
     3
340
11
 62
   256
 40
5.0
 90
        0
 40
15.0
 90
        1
300
%<\AcVar ViewSectionStartId>%-%<\AcVar ViewSectionEndId>% (%<\AcVar ViewScale \f "%sn">%)
 71
     4
 62
   256
 62
   257
300
ANSI31
 40
1.0
 90
        0
290
     0
290
     0
 90
        6
 40
0.0
 40
1.570796326794896
 40
0.2617993877991494
 40
1.308996938995747
 40
-0.2617993877991494
 40
1.832595714594046
  0
TABLESTYLE
  5
7F
102
{ACAD_XDICTIONARY
360
162
102
}
102
{ACAD_REACTORS
330
7E
102
}
330
7E
100
AcDbTableStyle
280
     0
  3
Standard
 70
     0
 71
     0
 40
1.5
 41
1.5
280
     0
281
     0
  7
Standard
140
4.5
170
     2
 62
     0
 63
     7
283
     0
 90
      512
 91
        0
  1

274
    -2
284
     1
 64
     0
275
    -2
285
     1
 65
     0
276
    -2
286
     1
 66
     0
277
    -2
287
     1
 67
     0
278
    -2
288
     1
 68
     0
279
    -2
289
     1
 69
     0
  7
Standard
140
6.0
170
     5
 62
     0
 63
     7
283
     0
 90
      512
 91
        0
  1

274
    -2
284
     1
 64
     0
275
    -2
285
     1
 65
     0
276
    -2
286
     1
 66
     0
277
    -2
287
     1
 67
     0
278
    -2
288
     1
 68
     0
279
    -2
289
     1
 69
     0
  7
Standard
140
4.5
170
     5
 62
     0
 63
     7
283
     0
 90
      512
 91
        0
  1

274
    -2
284
     1
 64
     0
275
    -2
285
     1
 65
     0
276
    -2
286
     1
 66
     0
277
    -2
287
     1
 67
     0
278
    -2
288
     1
 68
     0
279
    -2
289
     1
 69
     0
  0
VISUALSTYLE
  5
F5
102
{ACAD_XDICTIONARY
360
1772
102
}
102
{ACAD_REACTORS
330
EF
102
}
330
EF
100
AcDbVisualStyle
  2
2dWireframe
 70
     4
177
     2
291
     0
 71
     0
176
     1
 72
     2
176
     1
 73
     1
176
     1
 90
        0
176
     1
 40
0.6
176
     1
 41
30.0
176
     1
 63
     7
421
 16777215
176
     1
 74
     1
176
     1
 91
        4
176
     1
 64
     7
176
     1
 65
   257
176
     1
 75
     1
176
     1
175
     1
176
     1
 42
1.0
176
     1
 92
        0
176
     1
 66
   257
176
     1
 43
1.0
176
     1
 76
     1
176
     1
 77
     6
176
     1
 78
     2
176
     1
 67
     7
176
     1
 79
     5
176
     1
170
     0
176
     1
171
     0
176
     1
290
     0
176
     1
 93
        1
176
     1
 44
0.0
176
     1
173
     0
176
     1
1001
ACAD
1000
AcDbSavedByObjectVersion
1070
     0
  0
VISUALSTYLE
  5
F4
102
{ACAD_XDICTIONARY
360
1770
102
}
102
{ACAD_REACTORS
330
EF
102
}
330
EF
100
AcDbVisualStyle
  2
Basic
 70
     7
177
     2
291
     1
 71
     1
176
     1
 72
     0
176
     1
 73
     1
176
     1
 90
        0
176
     1
 40
0.6
176
     1
 41
30.0
176
     1
 63
     7
421
 16777215
176
     1
 74
     0
176
     1
 91
        4
176
     1
 64
     7
176
     1
 65
   257
176
     1
 75
     1
176
     1
175
     1
176
     1
 42
1.0
176
     1
 92
        8
176
     1
 66
     7
176
     1
 43
1.0
176
     1
 76
     1
176
     1
 77
     6
176
     1
 78
     2
176
     1
 67
     7
176
     1
 79
     5
176
     1
170
     0
176
     1
171
     0
176
     1
290
     0
176
     1
 93
        1
176
     1
 44
0.0
176
     1
173
     0
176
     1
1001
ACAD
1000
AcDbSavedByObjectVersion
1070
     0
  0
VISUALSTYLE
  5
FB
102
{ACAD_XDICTIONARY
360
177E
102
}
102
{ACAD_REACTORS
330
EF
102
}
330
EF
100
AcDbVisualStyle
  2
Brighten
 70
    12
177
     2
291
     1
 71
     2
176
     1
 72
     2
176
     1
 73
     1
176
     1
 90
        0
176
     1
 40
0.6
176
     1
 41
30.0
176
     1
 63
     7
421
 16777215
176
     1
 74
     1
176
     1
 91
        4
176
     1
 64
     7
176
     1
 65
   257
176
     1
 75
     1
176
     1
175
     1
176
     1
 42
1.0
176
     1
 92
        8
176
     1
 66
     7
176
     1
 43
1.0
176
     1
 76
     1
176
     1
 77
     6
176
     1
 78
     2
176
     1
 67
     7
176
     1
 79
     5
176
     1
170
     0
176
     1
171
     0
176
     1
290
     0
176
     1
 93
        1
176
     1
 44
50.0
176
     1
173
     0
176
     1
1001
ACAD
1000
AcDbSavedByObjectVersion
1070
     0
  0
VISUALSTYLE
  5
FF
102
{ACAD_XDICTIONARY
360
1786
102
}
102
{ACAD_REACTORS
330
EF
102
}
330
EF
100
AcDbVisualStyle
  2
ColorChange
 70
    16
177
     2
291
     1
 71
     2
176
     1
 72
     2
176
     1
 73
     3
176
     1
 90
        0
176
     1
 40
0.6
176
     1
 41
30.0
176
     1
 63
     8
421
  8421504
176
     1
 74
     1
176
     1
 91
        4
176
     1
 64
     7
176
     1
 65
   257
176
     1
 75
     1
176
     1
175
     1
176
     1
 42
1.0
176
     1
 92
        8
176
     1
 66
     8
424
  8421504
176
     1
 43
1.0
176
     1
 76
     1
176
     1
 77
     6
176
     1
 78
     2
176
     1
 67
     7
176
     1
 79
     5
176
     1
170
     0
176
     1
171
     0
176
     1
290
     0
176
     1
 93
        1
176
     1
 44
0.0
176
     1
173
     0
176
     1
1001
ACAD
1000
AcDbSavedByObjectVersion
1070
     0
  0
VISUALSTYLE
  5
F8
102
{ACAD_XDICTIONARY
360
1778
102
}
102
{ACAD_REACTORS
330
EF
102
}
330
EF
100
AcDbVisualStyle
  2
Conceptual
 70
     9
177
     2
291
     0
 71
     3
176
     1
 72
     2
176
     1
 73
     1
176
     1
 90
        0
176
     1
 40
0.6
176
     1
 41
30.0
176
     1
 63
     7
421
 16777215
176
     1
 74
     2
176
     1
 91
        2
176
     1
 64
     7
176
     1
 65
   257
176
     1
 75
     1
176
     1
175
     1
176
     1
 42
40.0
176
     1
 92
        8
176
     1
 66
     7
176
     1
 43
1.0
176
     1
 76
     1
176
     1
 77
     6
176
     1
 78
     2
176
     1
 67
     7
176
     1
 79
     3
176
     1
170
     0
176
     1
171
     0
176
     1
290
     0
176
     1
 93
        1
176
     1
 44
0.0
176
     1
173
     0
176
     1
1001
ACAD
1000
AcDbSavedByObjectVersion
1070
     0
  0
VISUALSTYLE
  5
FA
102
{ACAD_XDICTIONARY
360
177C
102
}
102
{ACAD_REACTORS
330
EF
102
}
330
EF
100
AcDbVisualStyle
  2
Dim
 70
    11
177
     2
291
     1
 71
     2
176
     1
 72
     2
176
     1
 73
     1
176
     1
 90
        0
176
     1
 40
0.6
176
     1
 41
30.0
176
     1
 63
     7
421
 16777215
176
     1
 74
     1
176
     1
 91
        4
176
     1
 64
     7
176
     1
 65
   257
176
     1
 75
     1
176
     1
175
     1
176
     1
 42
1.0
176
     1
 92
        8
176
     1
 66
     7
176
     1
 43
1.0
176
     1
 76
     1
176
     1
 77
     6
176
     1
 78
     2
176
     1
 67
     7
176
     1
 79
     5
176
     1
170
     0
176
     1
171
     0
176
     1
290
     0
176
     1
 93
        1
176
     1
 44
-50.0
176
     1
173
     0
176
     1
1001
ACAD
1000
AcDbSavedByObjectVersion
1070
     0
  0
VISUALSTYLE
  5
1E6
102
{ACAD_XDICTIONARY
360
178C
102
}
102
{ACAD_REACTORS
330
EF
102
}
330
EF
100
AcDbVisualStyle
  2
EdgeColorOff
 70
    22
177
     2
291
     1
 71
     2
176
     0
 72
     2
176
     0
 73
     0
176
     0
 90
        0
176
     0
 40
0.6
176
     0
 41
30.0
176
     0
 63
     7
421
 16777215
176
     0
 74
     1
176
     0
 91
        4
176
     0
 64
     7
176
     0
 65
   257
176
     0
 75
     1
176
     0
175
     1
176
     0
 42
1.0
176
     0
 92
        8
176
     2
 66
     7
176
     0
 43
1.0
176
     0
 76
     1
176
     0
 77
     6
176
     0
 78
     2
176
     0
 67
     7
176
     0
 79
     5
176
     0
170
     0
176
     0
171
     0
176
     0
290
     0
176
     0
 93
        1
176
     0
 44
0.0
176
     0
173
     0
176
     0
1001
ACAD
1000
AcDbSavedByObjectVersion
1070
     0
  0
VISUALSTYLE
  5
FE
102
{ACAD_XDICTIONARY
360
1784
102
}
102
{ACAD_REACTORS
330
EF
102
}
330
EF
100
AcDbVisualStyle
  2
Facepattern
 70
    15
177
     2
291
     1
 71
     2
176
     1
 72
     2
176
     1
 73
     1
176
     1
 90
        0
176
     1
 40
0.6
176
     1
 41
30.0
176
     1
 63
     7
421
 16777215
176
     1
 74
     1
176
     1
 91
        4
176
     1
 64
     7
176
     1
 65
   257
176
     1
 75
     1
176
     1
175
     1
176
     1
 42
1.0
176
     1
 92
        8
176
     1
 66
     7
176
     1
 43
1.0
176
     1
 76
     1
176
     1
 77
     6
176
     1
 78
     2
176
     1
 67
     7
176
     1
 79
     5
176
     1
170
     0
176
     1
171
     0
176
     1
290
     0
176
     1
 93
        1
176
     1
 44
0.0
176
     1
173
     0
176
     1
1001
ACAD
1000
AcDbSavedByObjectVersion
1070
     0
  0
VISUALSTYLE
  5
F0
102
{ACAD_XDICTIONARY
360
1768
102
}
102
{ACAD_REACTORS
330
EF
102
}
330
EF
100
AcDbVisualStyle
  2
Flat
 70
     0
177
     2
291
     1
 71
     2
176
     1
 72
     1
176
     1
 73
     1
176
     1
 90
        2
176
     1
 40
0.6
176
     1
 41
30.0
176
     1
 63
     7
421
 16777215
176
     1
 74
     0
176
     1
 91
        0
176
     1
 64
     7
176
     1
 65
   257
176
     1
 75
     1
176
     1
175
     1
176
     1
 42
1.0
176
     1
 92
        8
176
     1
 66
     7
176
     1
 43
1.0
176
     1
 76
     1
176
     1
 77
     6
176
     1
 78
     2
176
     1
 67
     7
176
     1
 79
     5
176
     1
170
     0
176
     1
171
     0
176
     1
290
     0
176
     1
 93
       13
176
     1
 44
0.0
176
     1
173
     0
176
     1
1001
ACAD
1000
AcDbSavedByObjectVersion
1070
     0
  0
VISUALSTYLE
  5
F1
102
{ACAD_XDICTIONARY
360
176A
102
}
102
{ACAD_REACTORS
330
EF
102
}
330
EF
100
AcDbVisualStyle
  2
FlatWithEdges
 70
     1
177
     2
291
     1
 71
     2
176
     1
 72
     1
176
     1
 73
     1
176
     1
 90
        2
176
     1
 40
0.6
176
     1
 41
30.0
176
     1
 63
     7
421
 16777215
176
     1
 74
     1
176
     1
 91
        0
176
     1
 64
     7
176
     1
 65
   257
176
     1
 75
     1
176
     1
175
     1
176
     1
 42
1.0
176
     1
 92
        0
176
     1
 66
   257
176
     1
 43
1.0
176
     1
 76
     1
176
     1
 77
     6
176
     1
 78
     2
176
     1
 67
     7
176
     1
 79
     5
176
     1
170
     0
176
     1
171
     0
176
     1
290
     0
176
     1
 93
       13
176
     1
 44
0.0
176
     1
173
     0
176
     1
1001
ACAD
1000
AcDbSavedByObjectVersion
1070
     0
  0
VISUALSTYLE
  5
F2
102
{ACAD_XDICTIONARY
360
176C
102
}
102
{ACAD_REACTORS
330
EF
102
}
330
EF
100
AcDbVisualStyle
  2
Gouraud
 70
     2
177
     2
291
     1
 71
     2
176
     1
 72
     2
176
     1
 73
     1
176
     1
 90
        2
176
     1
 40
0.6
176
     1
 41
30.0
176
     1
 63
     7
421
 16777215
176
     1
 74
     0
176
     1
 91
        0
176
     1
 64
     7
176
     1
 65
   257
176
     1
 75
     1
176
     1
175
     1
176
     1
 42
1.0
176
     1
 92
        0
176
     1
 66
     7
176
     1
 43
1.0
176
     1
 76
     1
176
     1
 77
     6
176
     1
 78
     2
176
     1
 67
     7
176
     1
 79
     5
176
     1
170
     0
176
     1
171
     0
176
     1
290
     0
176
     1
 93
       13
176
     1
 44
0.0
176
     1
173
     0
176
     1
1001
ACAD
1000
AcDbSavedByObjectVersion
1070
     0
  0
VISUALSTYLE
  5
F3
102
{ACAD_XDICTIONARY
360
176E
102
}
102
{ACAD_REACTORS
330
EF
102
}
330
EF
100
AcDbVisualStyle
  2
GouraudWithEdges
 70
     3
177
     2
291
     1
 71
     2
176
     1
 72
     2
176
     1
 73
     1
176
     1
 90
        2
176
     1
 40
0.6
176
     1
 41
30.0
176
     1
 63
     7
421
 16777215
176
     1
 74
     1
176
     1
 91
        0
176
     1
 64
     7
176
     1
 65
   257
176
     1
 75
     1
176
     1
175
     1
176
     1
 42
1.0
176
     1
 92
        0
176
     1
 66
   257
176
     1
 43
1.0
176
     1
 76
     1
176
     1
 77
     6
176
     1
 78
     2
176
     1
 67
     7
176
     1
 79
     5
176
     1
170
     0
176
     1
171
     0
176
     1
290
     0
176
     1
 93
       13
176
     1
 44
0.0
176
     1
173
     0
176
     1
1001
ACAD
1000
AcDbSavedByObjectVersion
1070
     0
  0
VISUALSTYLE
  5
F7
102
{ACAD_XDICTIONARY
360
1776
102
}
102
{ACAD_REACTORS
330
EF
102
}
330
EF
100
AcDbVisualStyle
  2
Hidden
 70
     6
177
     2
291
     0
 71
     1
176
     1
 72
     2
176
     1
 73
     2
176
     1
 90
        0
176
     1
 40
0.6
176
     1
 41
30.0
176
     1
 63
     7
421
 16777215
176
     1
 74
     2
176
     1
 91
        2
176
     1
 64
     7
176
     1
 65
   257
176
     1
 75
     2
176
     1
175
     1
176
     1
 42
40.0
176
     1
 92
        0
176
     1
 66
   257
176
     1
 43
1.0
176
     1
 76
     1
176
     1
 77
     6
176
     1
 78
     2
176
     1
 67
     7
176
     1
 79
     3
176
     1
170
     0
176
     1
171
     0
176
     1
290
     0
176
     1
 93
        1
176
     1
 44
0.0
176
     1
173
     0
176
     1
1001
ACAD
1000
AcDbSavedByObjectVersion
1070
     0
  0
VISUALSTYLE
  5
1E4
102
{ACAD_XDICTIONARY
360
1788
102
}
102
{ACAD_REACTORS
330
EF
102
}
330
EF
100
AcDbVisualStyle
  2
JitterOff
 70
    20
177
     2
291
     1
 71
     2
176
     0
 72
     2
176
     0
 73
     0
176
     0
 90
        0
176
     0
 40
0.6
176
     0
 41
30.0
176
     0
 63
     7
421
 16777215
176
     0
 74
     1
176
     0
 91
        4
176
     0
 64
     7
176
     0
 65
   257
176
     0
 75
     1
176
     0
175
     1
176
     0
 42
1.0
176
     0
 92
       10
176
     2
 66
     7
176
     0
 43
1.0
176
     0
 76
     1
176
     0
 77
     6
176
     0
 78
     2
176
     0
 67
     7
176
     0
 79
     5
176
     0
170
     0
176
     0
171
     0
176
     0
290
     0
176
     0
 93
        1
176
     0
 44
0.0
176
     0
173
     0
176
     0
1001
ACAD
1000
AcDbSavedByObjectVersion
1070
     0
  0
VISUALSTYLE
  5
FD
102
{ACAD_XDICTIONARY
360
1782
102
}
102
{ACAD_REACTORS
330
EF
102
}
330
EF
100
AcDbVisualStyle
  2
Linepattern
 70
    14
177
     2
291
     1
 71
     2
176
     1
 72
     2
176
     1
 73
     1
176
     1
 90
        0
176
     1
 40
0.6
176
     1
 41
30.0
176
     1
 63
     7
421
 16777215
176
     1
 74
     1
176
     1
 91
        4
176
     1
 64
     7
176
     1
 65
   257
176
     1
 75
     7
176
     1
175
     7
176
     1
 42
1.0
176
     1
 92
        8
176
     1
 66
     7
176
     1
 43
1.0
176
     1
 76
     1
176
     1
 77
     6
176
     1
 78
     2
176
     1
 67
     7
176
     1
 79
     5
176
     1
170
     0
176
     1
171
     0
176
     1
290
     0
176
     1
 93
        1
176
     1
 44
0.0
176
     1
173
     0
176
     1
1001
ACAD
1000
AcDbSavedByObjectVersion
1070
     0
  0
VISUALSTYLE
  5
1E5
102
{ACAD_XDICTIONARY
360
178A
102
}
102
{ACAD_REACTORS
330
EF
102
}
330
EF
100
AcDbVisualStyle
  2
OverhangOff
 70
    21
177
     2
291
     1
 71
     2
176
     0
 72
     2
176
     0
 73
     0
176
     0
 90
        0
176
     0
 40
0.6
176
     0
 41
30.0
176
     0
 63
     7
421
 16777215
176
     0
 74
     1
176
     0
 91
        4
176
     0
 64
     7
176
     0
 65
   257
176
     0
 75
     1
176
     0
175
     1
176
     0
 42
1.0
176
     0
 92
        9
176
     2
 66
     7
176
     0
 43
1.0
176
     0
 76
     1
176
     0
 77
     6
176
     0
 78
     2
176
     0
 67
     7
176
     0
 79
     5
176
     0
170
     0
176
     0
171
     0
176
     0
290
     0
176
     0
 93
        1
176
     0
 44
0.0
176
     0
173
     0
176
     0
1001
ACAD
1000
AcDbSavedByObjectVersion
1070
     0
  0
VISUALSTYLE
  5
F9
102
{ACAD_XDICTIONARY
360
177A
102
}
102
{ACAD_REACTORS
330
EF
102
}
330
EF
100
AcDbVisualStyle
  2
Realistic
 70
     8
177
     2
291
     0
 71
     2
176
     1
 72
     3
176
     1
 73
     0
176
     1
 90
        2
176
     1
 40
0.6
176
     1
 41
30.0
176
     1
 63
     7
421
 16777215
176
     1
 74
     0
176
     1
 91
        0
176
     1
 64
     7
176
     1
 65
   257
176
     1
 75
     1
176
     1
175
     1
176
     1
 42
1.0
176
     1
 92
        8
176
     1
 66
   257
176
     1
 43
1.0
176
     1
 76
     1
176
     1
 77
     6
176
     1
 78
     2
176
     1
 67
     7
176
     1
 79
     3
176
     1
170
     0
176
     1
171
     0
176
     1
290
     0
176
     1
 93
       13
176
     1
 44
0.0
176
     1
173
     0
176
     1
1001
ACAD
1000
AcDbSavedByObjectVersion
1070
     0
  0
VISUALSTYLE
  5
1F3
102
{ACAD_XDICTIONARY
360
1796
102
}
102
{ACAD_REACTORS
330
EF
102
}
330
EF
100
AcDbVisualStyle
  2
Shaded
 70
    27
177
     2
291
     0
 71
     2
176
     1
 72
     2
176
     1
 73
     1
176
     1
 90
        2
176
     1
 40
0.6
176
     1
 41
30.0
176
     1
 63
     7
421
 16777215
176
     1
 74
     0
176
     1
 91
        4
176
     1
 64
     7
176
     1
 65
   257
176
     1
 75
     1
176
     1
175
     1
176
     1
 42
1.0
176
     1
 92
        8
176
     1
 66
   257
176
     1
 43
1.0
176
     1
 76
     1
176
     1
 77
     6
176
     1
 78
     2
176
     1
 67
     8
425
  7895160
176
     1
 79
     3
176
     1
170
     0
176
     1
171
     0
176
     1
290
     0
176
     1
 93
        5
176
     1
 44
0.0
176
     1
173
     0
176
     1
1001
ACAD
1000
AcDbSavedByObjectVersion
1070
     0
  0
VISUALSTYLE
  5
1F2
102
{ACAD_XDICTIONARY
360
1794
102
}
102
{ACAD_REACTORS
330
EF
102
}
330
EF
100
AcDbVisualStyle
  2
Shaded with edges
 70
    26
177
     2
291
     0
 71
     2
176
     1
 72
     2
176
     1
 73
     1
176
     1
 90
        2
176
     1
 40
0.6
176
     1
 41
30.0
176
     1
 63
     7
421
 16777215
176
     1
 74
     1
176
     1
 91
        2
176
     1
 64
     7
176
     1
 65
   257
176
     1
 75
     2
176
     1
175
     1
176
     1
 42
1.0
176
     1
 92
        8
176
     1
 66
   257
176
     1
 43
1.0
176
     1
 76
     1
176
     1
 77
     6
176
     1
 78
     2
176
     1
 67
     7
176
     1
 79
     3
176
     1
170
     0
176
     1
171
     0
176
     1
290
     0
176
     1
 93
        5
176
     1
 44
0.0
176
     1
173
     0
176
     1
1001
ACAD
1000
AcDbSavedByObjectVersion
1070
     0
  0
VISUALSTYLE
  5
1EF
102
{ACAD_XDICTIONARY
360
178E
102
}
102
{ACAD_REACTORS
330
EF
102
}
330
EF
100
AcDbVisualStyle
  2
Shades of Gray
 70
    23
177
     2
291
     0
 71
     2
176
     1
 72
     2
176
     1
 73
     3
176
     1
 90
        0
176
     1
 40
0.6
176
     1
 41
30.0
176
     1
 63
     7
421
 16777215
176
     1
 74
     2
176
     1
 91
        2
176
     1
 64
     7
176
     1
 65
     7
176
     1
 75
     1
176
     1
175
     1
176
     1
 42
40.0
176
     1
 92
        8
176
     1
 66
     7
176
     1
 43
1.0
176
     1
 76
     1
176
     1
 77
     6
176
     1
 78
     2
176
     1
 67
     7
176
     1
 79
     3
176
     1
170
     0
176
     1
171
     0
176
     1
290
     0
176
     1
 93
        1
176
     1
 44
0.0
176
     1
173
     0
176
     1
1001
ACAD
1000
AcDbSavedByObjectVersion
1070
     0
  0
VISUALSTYLE
  5
1F0
102
{ACAD_XDICTIONARY
360
1790
102
}
102
{ACAD_REACTORS
330
EF
102
}
330
EF
100
AcDbVisualStyle
  2
Sketchy
 70
    24
177
     2
291
     0
 71
     1
176
     1
 72
     2
176
     1
 73
     2
176
     1
 90
        0
176
     1
 40
0.6
176
     1
 41
30.0
176
     1
 63
     7
421
 16777215
176
     1
 74
     2
176
     1
 91
        2
176
     1
 64
     7
176
     1
 65
     7
176
     1
 75
     1
176
     1
175
     1
176
     1
 42
40.0
176
     1
 92
       11
176
     1
 66
     7
176
     1
 43
1.0
176
     1
 76
     1
176
     1
 77
     6
176
     1
 78
     2
176
     1
 67
     7
176
     1
 79
     6
176
     1
170
     0
176
     1
171
     0
176
     1
290
     0
176
     1
 93
        1
176
     1
 44
0.0
176
     1
173
     0
176
     1
1001
ACAD
1000
AcDbSavedByObjectVersion
1070
     0
  0
VISUALSTYLE
  5
FC
102
{ACAD_XDICTIONARY
360
1780
102
}
102
{ACAD_REACTORS
330
EF
102
}
330
EF
100
AcDbVisualStyle
  2
Thicken
 70
    13
177
     2
291
     1
 71
     2
176
     1
 72
     2
176
     1
 73
     1
176
     1
 90
        0
176
     1
 40
0.6
176
     1
 41
30.0
176
     1
 63
     7
421
 16777215
176
     1
 74
     1
176
     1
 91
        4
176
     1
 64
     7
176
     1
 65
   257
176
     1
 75
     1
176
     1
175
     1
176
     1
 42
1.0
176
     1
 92
       12
176
     1
 66
     7
176
     1
 43
1.0
176
     1
 76
     1
176
     1
 77
     6
176
     1
 78
     2
176
     1
 67
     7
176
     1
 79
     5
176
     1
170
     0
176
     1
171
     0
176
     1
290
     0
176
     1
 93
        1
176
     1
 44
0.0
176
     1
173
     0
176
     1
1001
ACAD
1000
AcDbSavedByObjectVersion
1070
     0
  0
VISUALSTYLE
  5
F6
102
{ACAD_XDICTIONARY
360
1774
102
}
102
{ACAD_REACTORS
330
EF
102
}
330
EF
100
AcDbVisualStyle
  2
Wireframe
 70
     5
177
     2
291
     0
 71
     0
176
     1
 72
     2
176
     1
 73
     0
176
     1
 90
        0
176
     1
 40
0.6
176
     1
 41
30.0
176
     1
 63
     7
421
 16777215
176
     1
 74
     1
176
     1
 91
        4
176
     1
 64
     7
176
     1
 65
   257
176
     1
 75
     1
176
     1
175
     1
176
     1
 42
1.0
176
     1
 92
        0
176
     1
 66
   257
176
     1
 43
1.0
176
     1
 76
     1
176
     1
 77
     6
176
     1
 78
     2
176
     1
 67
     7
176
     1
 79
     3
176
     1
170
     0
176
     1
171
     0
176
     1
290
     0
176
     1
 93
        1
176
     1
 44
0.0
176
     1
173
     0
176
     1
1001
ACAD
1000
AcDbSavedByObjectVersion
1070
     0
  0
VISUALSTYLE
  5
1F1
102
{ACAD_XDICTIONARY
360
1792
102
}
102
{ACAD_REACTORS
330
EF
102
}
330
EF
100
AcDbVisualStyle
  2
X-Ray
 70
    25
177
     2
291
     0
 71
     2
176
     1
 72
     2
176
     1
 73
     1
176
     1
 90
        1
176
     1
 40
0.5
176
     1
 41
30.0
176
     1
 63
     7
421
 16777215
176
     1
 74
     1
176
     1
 91
        0
176
     1
 64
     7
176
     1
 65
   257
176
     1
 75
     1
176
     1
175
     1
176
     1
 42
1.0
176
     1
 92
        8
176
     1
 66
     7
176
     1
 43
1.0
176
     1
 76
     1
176
     1
 77
     6
176
     1
 78
     2
176
     1
 67
     7
176
     1
 79
     3
176
     1
170
     0
176
     1
171
     0
176
     1
290
     0
176
     1
 93
       13
176
     1
 44
0.0
176
     1
173
     0
176
     1
1001
ACAD
1000
AcDbSavedByObjectVersion
1070
     0
  0
DICTIONARYVAR
  5
13C6
102
{ACAD_REACTORS
330
5E
102
}
330
5E
100
DictionaryVariables
280
     0
  1
0
  0
DICTIONARYVAR
  5
146
102
{ACAD_REACTORS
330
5E
102
}
330
5E
100
DictionaryVariables
280
     0
  1
1:1
  0
DICTIONARYVAR
  5
259
102
{ACAD_REACTORS
330
5E
102
}
330
5E
100
DictionaryVariables
280
     0
  1
3.500000
  0
DICTIONARYVAR
  5
25A
102
{ACAD_REACTORS
330
5E
102
}
330
5E
100
DictionaryVariables
280
     0
  1
acadiso.lin
  0
DICTIONARYVAR
  5
145
102
{ACAD_REACTORS
330
5E
102
}
330
5E
100
DictionaryVariables
280
     0
  1
STANDARD
  0
DICTIONARYVAR
  5
84
102
{ACAD_REACTORS
330
5E
102
}
330
5E
100
DictionaryVariables
280
     0
  1
STANDARD
  0
DICTIONARYVAR
  5
227
102
{ACAD_REACTORS
330
5E
102
}
330
5E
100
DictionaryVariables
280
     0
  1
Metric50
  0
DICTIONARYVAR
  5
228
102
{ACAD_REACTORS
330
5E
102
}
330
5E
100
DictionaryVariables
280
     0
  1
Metric50
  0
DICTIONARYVAR
  5
5F
102
{ACAD_REACTORS
330
5E
102
}
330
5E
100
DictionaryVariables
280
     0
  1
2
  0
DICTIONARYVAR
  5
63
102
{ACAD_REACTORS
330
5E
102
}
330
5E
100
DictionaryVariables
280
     0
  1
1
  0
DICTIONARYVAR
  5
1AE
102
{ACAD_REACTORS
330
5E
102
}
330
5E
100
DictionaryVariables
280
     0
  1
0
  0
DICTIONARYVAR
  5
1AF
102
{ACAD_REACTORS
330
5E
102
}
330
5E
100
DictionaryVariables
280
     0
  1
0
  0
DICTIONARY
  5
1767
102
{ACAD_REACTORS
330
1765
102
}
330
1765
100
AcDbDictionary
281
     1
  0
DICTIONARY
  5
1766
102
{ACAD_REACTORS
330
1765
102
}
330
1765
100
AcDbDictionary
281
     1
  3
3176659421440
350
1760
  3
3176659421456
350
1761
  3
3176659421472
350
1762
  3
3176659421488
350
1763
  3
3176659421504
350
1764
  0
DICTIONARY
  5
179A
330
21C
100
AcDbDictionary
280
     1
281
     1
  3
ACAD_XREC_ROUNDTRIP
360
179B
  0
DICTIONARY
  5
205
330
22
100
AcDbDictionary
280
     1
281
     1
  0
DICTIONARY
  5
1F9
330
ED
100
AcDbDictionary
280
     1
281
     1
  3
FBXASSET
360
1FA
  0
DICTIONARY
  5
1F7
330
EC
100
AcDbDictionary
280
     1
281
     1
  3
FBXASSET
360
1F8
  0
DICTIONARY
  5
173
330
EE
100
AcDbDictionary
280
     1
281
     1
  3
BUMPTILE
360
175
  3
DIFFUSETILE
360
174
  3
FBXASSET
360
1FB
  3
OPACITYTILE
360
176
  3
REFLECTIONTILE
360
177
  0
DICTIONARY
  5
1798
330
21A
100
AcDbDictionary
280
     1
281
     1
  3
ACAD_XREC_ROUNDTRIP
360
1799
  0
DICTIONARY
  5
162
330
7F
100
AcDbDictionary
280
     1
281
     1
  3
ACAD_ROUNDTRIP_2008_TABLESTYLE_CELLSTYLEMAP
360
175E
  0
DICTIONARY
  5
1772
330
F5
100
AcDbDictionary
280
     1
281
     1
  3
ACAD_XREC_ROUNDTRIP
360
1773
  0
DICTIONARY
  5
1770
330
F4
100
AcDbDictionary
280
     1
281
     1
  3
ACAD_XREC_ROUNDTRIP
360
1771
  0
DICTIONARY
  5
177E
330
FB
100
AcDbDictionary
280
     1
281
     1
  3
ACAD_XREC_ROUNDTRIP
360
177F
  0
DICTIONARY
  5
1786
330
FF
100
AcDbDictionary
280
     1
281
     1
  3
ACAD_XREC_ROUNDTRIP
360
1787
  0
DICTIONARY
  5
1778
330
F8
100
AcDbDictionary
280
     1
281
     1
  3
ACAD_XREC_ROUNDTRIP
360
1779
  0
DICTIONARY
  5
177C
330
FA
100
AcDbDictionary
280
     1
281
     1
  3
ACAD_XREC_ROUNDTRIP
360
177D
  0
DICTIONARY
  5
178C
330
1E6
100
AcDbDictionary
280
     1
281
     1
  3
ACAD_XREC_ROUNDTRIP
360
178D
  0
DICTIONARY
  5
1784
330
FE
100
AcDbDictionary
280
     1
281
     1
  3
ACAD_XREC_ROUNDTRIP
360
1785
  0
DICTIONARY
  5
1768
330
F0
100
AcDbDictionary
280
     1
281
     1
  3
ACAD_XREC_ROUNDTRIP
360
1769
  0
DICTIONARY
  5
176A
330
F1
100
AcDbDictionary
280
     1
281
     1
  3
ACAD_XREC_ROUNDTRIP
360
176B
  0
DICTIONARY
  5
176C
330
F2
100
AcDbDictionary
280
     1
281
     1
  3
ACAD_XREC_ROUNDTRIP
360
176D
  0
DICTIONARY
  5
176E
330
F3
100
AcDbDictionary
280
     1
281
     1
  3
ACAD_XREC_ROUNDTRIP
360
176F
  0
DICTIONARY
  5
1776
330
F7
100
AcDbDictionary
280
     1
281
     1
  3
ACAD_XREC_ROUNDTRIP
360
1777
  0
DICTIONARY
  5
1788
330
1E4
100
AcDbDictionary
280
     1
281
     1
  3
ACAD_XREC_ROUNDTRIP
360
1789
  0
DICTIONARY
  5
1782
330
FD
100
AcDbDictionary
280
     1
281
     1
  3
ACAD_XREC_ROUNDTRIP
360
1783
  0
DICTIONARY
  5
178A
330
1E5
100
AcDbDictionary
280
     1
281
     1
  3
ACAD_XREC_ROUNDTRIP
360
178B
  0
DICTIONARY
  5
177A
330
F9
100
AcDbDictionary
280
     1
281
     1
  3
ACAD_XREC_ROUNDTRIP
360
177B
  0
DICTIONARY
  5
1796
330
1F3
100
AcDbDictionary
280
     1
281
     1
  3
ACAD_XREC_ROUNDTRIP
360
1797
  0
DICTIONARY
  5
1794
330
1F2
100
AcDbDictionary
280
     1
281
     1
  3
ACAD_XREC_ROUNDTRIP
360
1795
  0
DICTIONARY
  5
178E
330
1EF
100
AcDbDictionary
280
     1
281
     1
  3
ACAD_XREC_ROUNDTRIP
360
178F
  0
DICTIONARY
  5
1790
330
1F0
100
AcDbDictionary
280
     1
281
     1
  3
ACAD_XREC_ROUNDTRIP
360
1791
  0
DICTIONARY
  5
1780
330
FC
100
AcDbDictionary
280
     1
281
     1
  3
ACAD_XREC_ROUNDTRIP
360
1781
  0
DICTIONARY
  5
1774
330
F6
100
AcDbDictionary
280
     1
281
     1
  3
ACAD_XREC_ROUNDTRIP
360
1775
  0
DICTIONARY
  5
1792
330
1F1
100
AcDbDictionary
280
     1
281
     1
  3
ACAD_XREC_ROUNDTRIP
360
1793
  0
XRECORD
  5
1760
102
{ACAD_REACTORS
330
1766
102
}
330
1766
100
AcDbXrecord
280
     1
  1
AcDb_Thumbnail_Schema
102
{ATTRRECORD
341
1761
  2
AcDbDs::TreatedAsObjectData
280
     1
291
     1
102
ATTRRECORD}
102
{ATTRRECORD
341
1762
  2
AcDbDs::Legacy
280
     1
291
     1
102
ATTRRECORD}
  2
AcDbDs::ID
280
    10
 91
        8
102
{ATTRRECORD
341
1763
  2
AcDs:Indexable
280
     1
291
     1
102
ATTRRECORD}
102
{ATTRRECORD
341
1764
  2
AcDbDs::HandleAttribute
280
     7
282
     1
102
ATTRRECORD}
  2
Thumbnail_Data
280
    15
 91
        0
  0
XRECORD
  5
1761
102
{ACAD_REACTORS
330
1766
102
}
330
1766
100
AcDbXrecord
280
     1
  1
AcDbDs::TreatedAsObjectDataSchema
  2
AcDbDs::TreatedAsObjectData
280
     1
 91
        0
  0
XRECORD
  5
1762
102
{ACAD_REACTORS
330
1766
102
}
330
1766
100
AcDbXrecord
280
     1
  1
AcDbDs::LegacySchema
  2
AcDbDs::Legacy
280
     1
 91
        0
  0
XRECORD
  5
1763
102
{ACAD_REACTORS
330
1766
102
}
330
1766
100
AcDbXrecord
280
     1
  1
AcDbDs::IndexedPropertySchema
  2
AcDs:Indexable
280
     1
 91
        0
  0
XRECORD
  5
1764
102
{ACAD_REACTORS
330
1766
102
}
330
1766
100
AcDbXrecord
280
     1
  1
AcDbDs::HandleAttributeSchema
  2
AcDbDs::HandleAttribute
280
     7
 91
        1
284
     1
  0
XRECORD
  5
179B
102
{ACAD_REACTORS
330
179A
102
}
330
179A
100
AcDbXrecord
280
     1
102
DISPLAYNAME
  1
Metric50
102
FLAGS
 90
        0
  0
XRECORD
  5
1FA
102
{ACAD_REACTORS
330
1F9
102
}
330
1F9
100
AcDbXrecord
280
     1
 70
     1
 90
429727718
  1
D62C5603-E3A1-4AEA-B7FB-FE5D8D0755AF
310
504B03040A0000080000CC70623B3DEE336E79000000790000001B0000006175746F6465736B2D64657369676E2D7061636B6167652E786D6C3C3F786D6C2076657273696F6E3D22312E302220656E636F64696E673D227574662D3822203F3E3C666F726D6174733E3C666F726D61743E687474703A2F2F736368656D612E
310
6175746F6465736B2E636F6D2F64657369676E2D7061636B6167652F323030393C2F666F726D61743E3C2F666F726D6174733E504B0304140006080800CC70623BD486FD9CA0000000F4000000130000005B436F6E74656E745F54797065735D2E786D6C7D8EC10E82300C865F65E91D8A1E8C310C0EEA1BF002731658846E
310
D98AC1B77784ABF1D8FE5FBFBF75BBCE937A534CCEB38643598122B6FEE978D0B0485F9C41B54DDD7D022595594E1A469170414C76A4D9A4D207E29CF43ECE46F218070CC6BECC4078ACAA135ACF422C856C0E68EA1BF5669944DDD7BCDE7B1F8E415D77AECB980613C2E4AC91FC167A2B244592486606FC29C8FD7F045B9A
310
EF7053A7E60B504B0304140006080800CC70623B853B8169EB0000007C01000008000000636F72652E786D6C8D90416EC3201045AF62CDB6C206821CC7C244919D9CA01740401C94182C03558F5F9C3852BBEB6A467FFE9B197D7EFC9E1EC5975982F5AE035262288C535E5B377690E21535501C055FBC8FBF6C503839990E
310
5619041F179FE64D52DE45E362569DD7661365082642A11EB9E920A89B99642953CC8E702F67A9EE7234257977194EC9EAE275C4EABCCF5EAD5940D4AC6F0E35A568B8F43562CD7046CD199FD07E60174276A7BE677B5EADB0E0D14EEFFB6A31321A0D82627C4084204C3F096B71DD52F6819B16635EADF63F509AF53FA164
310
5DDCD1EDDD17164090FCC8732078B56691CB33A85CD7DCC40F504B0304140006080800CC70623B55019EA25F0000007C00000007000000636E782E786D6C4DCB3B0E80201045D1AD90E915ED2CF8AC45050C11660C8261F98AB1B07AC9C97D42D718D865D3E909258CFD00CCE24AC6E326A164D74DC0B4128928FF32603847
310
2BA13128B1252AC747C6BAB984FC68F0B87FE8960A5C09FE86CFB69FBA01504B0304140006080800CC70623BDBABAAF470010000D40300000C0000006662782F636F72652E786D6CC553D16E823014FD95A6AF4B694182CC941A83FA05FB810A9511A125A5257EFE2E82712ECEB8A7F100CD39F7F69E734AF9FADC366850B6
310
AF8DCE7018308C942E4C59EB2AC3DE1D498AD15A706B8CFB56869196ADCAF00863C12B6B7C374385D14E6907A836A59A41D9F7CA615434B0C8705F7CAA5606D23BA8E84F41278B93AC54100640439DE0BDB320004D43C63716C7C399D30917DCFBBA9CD9BA8469F5B156168B24CED3F7248AC8769F27244EB73B92EED8862C
310
B7F13E0C179B3C8F979C8ECD82BBBABDAA2BAC924E9558448CBD9330242CFA08E3154B5651FCC6D215639C8EE5774DBE2B5F6CF2B5768B68963BB5F5588420E442FC700B1139D4CB01F450C1E918227C2E09DF070D8140C84E1E9AAB8F1340832A9CB13130A5F1376A908D57309505ECF2A0DF179C4E9D30F5B239B87E3823
310
7A79C6F31DE1A8A5AEC08474B03C7837EAE4938639B44E5932B833D2C6B6B279CDC613877FA26EE21F4A2A4C63EC7F29A2F301D1F9F7A0E37D145F504B0304140006080800CC70623B9C113CC27E0000009D0000000B0000006662782F636E782E786D6C4DCCDF0A83201C86E15B91DFB94BFB330DD428C8FB886521330DA7
310
6397BF1A1DECE883878F57749FCDA1B7892F1BBC047A23808C7F84D9FA55424E0BE6803A256208E9EF06C84F9B91703228B1C690F78B66B34CD9A5439DF5CF0BFBF65E35BCA1B8D6A5C6F540381E886698B5741C695F9503EBA150A2F8958E3DC3EA0B504B0304140006080800CC70623B7DF2F77C2A010000120200003100
310
00006662782F41393633353835312D344632462D344230382D423046372D3739314545314133324237412F636F72652E786D6C8D51DB8EC22014FC15C2939B0D2DB4B45643319AE817EC0F6041255A68B86CFCFC856D4D76DF7CE190393373060EDB3DC707F856CE6B6B7A480A0C81328395DA5C7B18C3057510EC3873D686
310
3F34088C18550F330C39BB3A1BA7051AAC09CA84841A2BD5020AEF55806078A44B0FFD7053A328440C89E1EFC52486BBB8AA8214A99D789CF9E05200300FC927E4FB4D5B375D43103D5527440FB843077C5AA3F5861C8F645F5787F59E95B390B318B55CE45AA638FAA2957BD7248B390B7A7CC51F9C124149C82B8C378810
310
84AB2F42B7B8DD56F413775B8C5999E9FF4471926F8AA236A1AE96B8B3CC434E5839373893369E1FAF30EA395917409EB7F26AF8801C171837A4A6AC9C89E9F9C9B1A58BA30FD6A5EF5DDDCF894B9AD9B6A59C957943A9FCAE2FD5BC4DFE03504B0304140006080800CC70623BAD7543B64E01000033030000300000006662
310
782F41393633353835312D344632462D344230382D423046372D3739314545314133324237412F636E782E786D6CD593CD6EC32010845F0571AD6CE3D48AD20813A9873E410FBD12D82434182C7EAAE6EDBB2424CD25871E7B41D6EC30B3FA84F9E67BB2E40B4234DE8DB46F1925E094D7C6ED479AD3AE5951B2113C789FEE
310
6C943839C1488B4C05DF079FE72A69D8C96C13AAD6B8631503449F83828872B949AC57D26200B826A308D316B4064D6E46FCDA41C05550DC9E483A00797BFD207EFB092A45DE9514C1BBD22178396BD39D891265658C238DEA00936C654E5E433CB65A26D9F6EDB5EBC14EBF49A45CB856E66048291F6939A9A81BB5C89177
310
38143CA680F4AA299D66A042CEB3354A2684DC9D8D178FE0D9B8B41CAAD720F880EE7EF93C0C18769E099ECC04D5A102C8049A8A05632F4DDF376CF1DE0F6BB65C2F8627B65A33C6BB62177CEBBDAD973006829F89F22E814B54F4BC2BE347F8AA8F681390B50FA73F804400B5F542E796F19FF974E7F78DB802FE05E20750
310
4B0304140006080800CC70623BE75B7789680500003C100000340000006662782F41393633353835312D344632462D344230382D423046372D3739314545314133324237412F6F626A656374732E786D6CAD575B8F9B3818FD2B887D06C22499CB8AA1CA655245D5B455A356FB305264C061D8018C6C3393D95FBFC7600890
310
A4CD5EF210B0B1BFEBF98E3F7B1FF6596ABC522E1296DF9BAE3D320D9A872C4AF2F8DE2CE5CEBA358D0FBEC719939D65A691938CDE9B6ADAF4BD98B3B2D05311DD91329583D9D5FC0F438434A7A611A644887B5384CF34233629258BA878B12322891DEFF6B66BD70BFB62634E8AE781D082709A4B588AF91C528CDA28B73F
310
1C998EEF39EABBEFA97FBD6A7C7E9553F9D3D79FE442923C3C523610337627CB87ABE99D359D4CC6D6E4FACAB5E6ABF9D2726FC6A3C5F56271377BB88362213924694B38DD99FE47C48627A1E7D49F5A8BB5E1A74C0A599ED3B0F21F1E56366B89112D681E218F0915D0D6F17AD41FBA2A369DCF6335D62ABBD39779D5DDD1
310
11D4D8DE3CBB96B2E04FB8202E41051754A1AA8E8F76B4C6DFE810B580B1547F4B84911149794252234D024EF8BBE963A95AE27B3D310A9D5C215C7960FAEE415ED75694C6AFB17BCACA5D99A60A9AA65F217B0BFC53292ACB92BF283FAD0D3621576592CB5BED907C2FA8E9DF794E35E97BEA31BED21FEB401ABB94C44839
310
DCACBF0E1C5DA8DA5B2F4DFFD32AD86F543D9E565E7056502E157C00AD2671CD534549AB752FCA9CDA00677A313F04E51B22FF19E57B300579E3C97EB29F682D92935CEC18CF901B7B54FD8C51F362B56FC72FE0B3C1EAE335EDCCBF5AEC39ADB17DC238973F804BA5E6F6BFE7AF1FB32E523BE9F3BD571418E3631DCA4D48
310
5250CF639223210A9446CA30052EDF057BD35F8329C1ECD84552BF0DC8D18BE7BCE23BFE6BD960AB4A7DE79923A103BEBD80F911CBAA2C60DB19B01CF164A5583B772EE6D3FFA56666CBCDA74DC97724A48F9A58967497E489C4D979006FD7A05E227A1EBDD0F737C623387A9C844D3709995625106D157315F8B8392CD4E0
310
A0B9A720C4BE9829CEF37EA1E13111214D53925356365ADA634861B52519DD27A00AEB808EAF0628E6F435519D446F45CF2C9CF5214F0A15B2F6D06B79DA3EE3CBF7F56780D2F4E7EF73A0F5E5B02A38D07DC852C6B7C1FBB6664213E0C39E3EBA7FF4E1AD23EA2829407C85E586727488B751B2DB9502BC7B228A3FD68B6E
310
A65A22397E690AA8D158D7E404EC8CDA235CC3B7D1898680131CEC2CDF2638C65196279577750F15884AEE19F94199155B92B13297978469D4F8D358DF0AEF7631E28DC8F0D9F437D5D39A83B2231A1D52D543813A824EF8D44BCFF2FA6A31BD1E8DAD87F1CCB526B3879935BF59CDADD5C37479BB1CDD4CA7B3556B516589
310
EF352754B706114D9C885EC9131DE6EFEB43D99AFE2391C2F958179413D7CFEF6B1B6DB1E7600F00DE6E5C67454A339A4BA2E0FBA85ED26F045D454F463DBFCE484C2F90F2E5E3666003662ED8F755951A7D1BECD5B30B550B2785C8E7320B7292A4838DDA71BBC863ED7613CAF659337A3354231D4FF4A182A54904C2898C
310
98B28C4AD0CE056CCF332A80986E571EE9DBC305BB5FEB7E509220A58D25CF042D712A806AC0AD0C657FDEF80D2D9CEAA2EE4D1C76F60BFE74219A06527D6F82DF6412526107381E55E353090704D085B52408A8913C4ED159D79BDA71BB4BC506F4831350EB6F975CD22D69BF7AC49B91A2C0A9DDA3D5CA36AD20FC478E37
310
E61844E2352865EBCB61A275A65283CAAA9DD27703B4102F5AF51EF5F573B75CBB5AD38BC845F7A49F82A0966A49C2E3EA5EA0ECD326CD965F1DB402C6FA8B51A4658C5C5E2EC9E214602E55810345408596591009A82E7E7FFACA19EEA299B14A0081A705CB3296EBC14CDF658DCD336EA6D1136881AAEB87B81AB9EE53D5
310
F5EB8BC8362082DA24122F98680A4E7930C01A0079749CEA14382A0783E5EBA5A10F8C098456A03D6A4AEB6BB881E2513747552A5DB22C7EDAF83BD5528081A365F7FF06504B0304140006080000CC70623B000000000000000000000000350000006662782F41393633353835312D344632462D344230382D423046372D37
310
39314545314133324237412F76657274696365732E62696E504B0304140006080800CC70623BF270F1330600000004000000360000006662782F41393633353835312D344632462D344230382D423046372D3739314545314133324237412F747269616E676C65732E62696E636660600000504B0304140006080000CC7062
310
3B000000000000000000000000370000006662782F41393633353835312D344632462D344230382D423046372D3739314545314133324237412F617474726962757465732E62696E504B0304140006080800CC70623B08DA0BD19000000041010000360000006662782F41393633353835312D344632462D344230382D4230
310
46372D3739314545314133324237412F6469726563746F72792E786D6C858F410AC3201045AF22B36F53E9A60B35CBEEBAE80D244E44489C6234F4F835464A48035D0DF398FF9F8AF63D0E6CC63039F212F8F9020C7D47C6792B21C5FE7403D62A1188E2E60C98D7234A5830286103A55745067B9D86B8A3CF9C7F90C11DE6
310
07FB144396D7B6A82D282E9A152AD114D5EF2CB866EEE831B8EEA07A7BB5A8D7D61A2BAAEB7FD5F70921FF497D00504B0304140006080800CC70623BEDD1DC58FD000000A00100003B0000006662782F41393633353835312D344632462D344230382D423046372D3739314545314133324237412F7265736F75726365732F
310
636F72652E786D6C8D504B6E833010BD0A9A6D65B00922041947112427E8052C33A156828DFCA97AFC9A40A576D7CDCCE87D344F8F9FBFE667F689CE6B6B3A6039850C8DB2A336530731DC4903D95970676DF82583CCC8193B5861107C72362E3BA4AC096842428D1D7107A5F7182053CF7474E0D507CE32973124857FE48B
310
540F3961CEF244279DE03EB81420DB9EAC1384436FA353E879B1B182C7A8C75DA3C7F453DF353A1075D537A7BA6464B8F535A99AE14A9A2BBD90E350DD183B5CFABE3AF262350B1EF4FC9351399401471025A527C218A1E53BAB5A5AB765F5469B96525EACF23FA6B88CFF34456DC2A1DCE36E360F82A5202F42F062ED2BAD
310
579969AFDD8A6F504B010214000A0000080000CC70623B3DEE336E79000000790000001B00000000000000000000000000000000006175746F6465736B2D64657369676E2D7061636B6167652E786D6C504B01021400140006080800CC70623BD486FD9CA0000000F40000001300000000000000000000000000B20000005B
310
436F6E74656E745F54797065735D2E786D6C504B01021400140006080800CC70623B853B8169EB0000007C010000080000000000000000000000000083010000636F72652E786D6C504B01021400140006080800CC70623B55019EA25F0000007C000000070000000000000000000000000094020000636E782E786D6C504B
310
01021400140006080800CC70623BDBABAAF470010000D40300000C00000000000000000000000000180300006662782F636F72652E786D6C504B01021400140006080800CC70623B9C113CC27E0000009D0000000B00000000000000000000000000B20400006662782F636E782E786D6C504B01021400140006080800CC70
310
623B7DF2F77C2A010000120200003100000000000000000000000000590500006662782F41393633353835312D344632462D344230382D423046372D3739314545314133324237412F636F72652E786D6C504B01021400140006080800CC70623BAD7543B64E010000330300003000000000000000000000000000D2060000
310
6662782F41393633353835312D344632462D344230382D423046372D3739314545314133324237412F636E782E786D6C504B01021400140006080800CC70623BE75B7789680500003C10000034000000000000000000000000006E0800006662782F41393633353835312D344632462D344230382D423046372D3739314545
310
314133324237412F6F626A656374732E786D6C504B01021400140006080000CC70623B0000000000000000000000003500000000000000000000000000280E00006662782F41393633353835312D344632462D344230382D423046372D3739314545314133324237412F76657274696365732E62696E504B01021400140006
310
080800CC70623BF270F133060000000400000036000000000000000000000000007B0E00006662782F41393633353835312D344632462D344230382D423046372D3739314545314133324237412F747269616E676C65732E62696E504B01021400140006080000CC70623B0000000000000000000000003700000000000000
310
000000000000D50E00006662782F41393633353835312D344632462D344230382D423046372D3739314545314133324237412F617474726962757465732E62696E504B01021400140006080800CC70623B08DA0BD1900000004101000036000000000000000000000000002A0F00006662782F41393633353835312D344632
310
462D344230382D423046372D3739314545314133324237412F6469726563746F72792E786D6C504B01021400140006080800CC70623BEDD1DC58FD000000A00100003B000000000000000000000000000E1000006662782F41393633353835312D344632462D344230382D423046372D3739314545314133324237412F7265
310
736F75726365732F636F72652E786D6C504B0506000000000E000E0080040000641100000000
  0
XRECORD
  5
1F8
102
{ACAD_REACTORS
330
1F7
102
}
330
1F7
100
AcDbXrecord
280
     1
 70
     1
 90
429727718
  1
30362254-06B7-45E0-A893-8CFA70E3D6BC
310
504B03040A0000080000CC70623B3DEE336E79000000790000001B0000006175746F6465736B2D64657369676E2D7061636B6167652E786D6C3C3F786D6C2076657273696F6E3D22312E302220656E636F64696E673D227574662D3822203F3E3C666F726D6174733E3C666F726D61743E687474703A2F2F736368656D612E
310
6175746F6465736B2E636F6D2F64657369676E2D7061636B6167652F323030393C2F666F726D61743E3C2F666F726D6174733E504B0304140006080800CC70623BD486FD9CA0000000F4000000130000005B436F6E74656E745F54797065735D2E786D6C7D8EC10E82300C865F65E91D8A1E8C310C0EEA1BF002731658846E
310
D98AC1B77784ABF1D8FE5FBFBF75BBCE937A534CCEB38643598122B6FEE978D0B0485F9C41B54DDD7D022595594E1A469170414C76A4D9A4D207E29CF43ECE46F218070CC6BECC4078ACAA135ACF422C856C0E68EA1BF5669944DDD7BCDE7B1F8E415D77AECB980613C2E4AC91FC167A2B244592486606FC29C8FD7F045B9A
310
EF7053A7E60B504B0304140006080800CC70623B1EC5D7A3EB0000007C01000008000000636F72652E786D6C8D90416EC3201045AF82665B6103C6756C6122AB4D4ED00B204C5C94182C03558F5F9C3852BBEB6A467FFE9B197D71FC9E6FE8CBACC17AD7032D0820E3B41FAD9B7A48F1820F808E52ACDEC75F36404ECDA687
310
4D0629A6D5A76597B477D1B89855E747B38B2A041301E95B6E7A08FAD3CCAA50296647B8168BD2573599823EBB0CA76447F43862C7BCCF5EAC59410E4DDD9C7973C2755553CCCFA4C603E3040F1565ED3B1FDE4E432BCA0D9622DAF9795FAF464533826484B498524CD807E51D79ED187F21878E10516EF63F505AC67F42C9
310
BA58B1FDDD071640D2FCC87D2045B96591CB3DA85CB7DCE40F504B0304140006080800CC70623B55019EA25F0000007C00000007000000636E782E786D6C4DCB3B0E80201045D1AD90E915ED2CF8AC45050C11660C8261F98AB1B07AC9C97D42D718D865D3E909258CFD00CCE24AC6E326A164D74DC0B4128928FF32603847
310
2BA13128B1252AC747C6BAB984FC68F0B87FE8960A5C09FE86CFB69FBA01504B0304140006080800CC70623B8C9102E971010000D40300000C0000006662782F636F72652E786D6CC5535B6E833010BC8AE5DF0A6C08340F1947A84D4ED00B38C6A128602363A31CBFCB234A53A551FA553EC09AD9F5CE8C31DB9E9B1AF5CA
310
7695D1198E428A91D2D214952E33ECDD315861B4E5CC1AE3BE9561A445A3323CC098B3D21ADFCE9034DA29ED00D5A6503328BA4E398C640D8B0C77F253352214DE4145770A5B214FA2546114020D759C75CE8200340D19DE981F0F6746269C33EFAB6266AB02A655C74A59CCF365BADC27CB5D902ED22848F6340DF238A141
310
BE88E2F57B92BFEDF23523433367AE6A2EEAA455C2A902F398D2751045018D3FA264435F3771F242571B4A1919CA6F9A7C5B3CD9E42BED16F12C776AEB308F40C848FC700B1139D4891EF410CEC810227CC6846F8386402064270EF5C5C709A05E49676C024C61FC95EA45ED154CA5211D1FF4FB8291A913A68E9B83EBBB33
310
E2A7673CDE118E5AE8124C0807CB8377834E366998436B950D7A7746DAD846D4CFD978E0F04FD455FC5D49D2D4C6FE9722321F10997F0F32DC47FE05504B0304140006080800CC70623BFFEA85907E0000009D0000000B0000006662782F636E782E786D6C4DCCD10A83201886E15B91FFDC95D95A811AB6F23E625948A6C3
310
E9D8E5AF46073BFAE0E1E365ED67B3E8ADC3CB78C7815C7240DA3DFC64DCC221C519D7805AC182F7F1EF06C88D9BE6703008B6049F9E274D7A1E938DBB5AE3D6131B2589BA0D3D965551E0B2EA732C9B9A624AAEB41E3A557677029960D9AFB4EF11165F504B0304140006080800CC70623B4FEEA4082C0100001202000031
310
0000006662782F39464131463745442D413632322D343644302D413938332D3331353338454246344243312F636F72652E786D6C8D515B6EC32010BC0AE2AB55850DD871ED0813254D72825EC00192A2C460F1A872FC42ED48ED5F7E00CDCECCCEB26C731F6FE05B39AFADE921293004CA082BB5B9F43086336A21D870E6AC
310
0D7F68109861543DCC30E4ECE26C9C164858139409093556AA051CBC570102714B8F1E7AF1A5C6A11862480C7F2DA6415C878B2A4891CA89C7990F2E050073937C42DE1DB7E4F87ED8A36D4329AA9B3D46DBAEAD504556557BD81DEBDD0761E52CE42C462D17B996298E3E6BE59E35C962CE821E1FF18553435012728A7187
310
0841987E927A8D9B35ADDF70BBC6989599FE4F1427F9A4286A132ABAC49D651EF234CD5CE04CDA78BA3DC2A8FB645D00B9DF8B57E215725C60BCA2A463E54C4CE327C7A65E1C7DB02E7DEFCBF594B864C5CA6CDBD49C957943E9FA5D5FBAF336F90F504B0304140006080800CC70623BAD7543B64E01000033030000300000
310
006662782F39464131463745442D413632322D343644302D413938332D3331353338454246344243312F636E782E786D6CD593CD6EC32010845F0571AD6CE3D48AD20813A9873E410FBD12D82434182C7EAAE6EDBB2424CD25871E7B41D6EC30B3FA84F9E67BB2E40B4234DE8DB46F1925E094D7C6ED479AD3AE5951B2113C
310
789FEE6C943839C1488B4C05DF079FE72A69D8C96C13AAD6B8631503449F83828872B949AC57D26200B826A308D316B4064D6E46FCDA41C05550DC9E483A00797BFD207EFB092A45DE9514C1BBD22178396BD39D891265658C238DEA00936C654E5E433CB65A26D9F6EDB5EBC14EBF49A45CB856E66048291F6939A9A81BB5
310
C8917738143CA680F4AA299D66A042CEB3354A2684DC9D8D178FE0D9B8B41CAAD720F880EE7EF93C0C18769E099ECC04D5A102C8049A8A05632F4DDF376CF1DE0F6BB65C2F8627B65A33C6BB62177CEBBDAD973006829F89F22E814B54F4BC2BE347F8AA8F681390B50FA73F804400B5F542E796F19FF974E7F78DB802FE05
310
E207504B0304140006080800CC70623B16AB87BA640500003C100000340000006662782F39464131463745442D413632322D343644302D413938332D3331353338454246344243312F6F626A656374732E786D6CAD575B6FA33818FD2B887DE6924B3BED8A326A92B68A663B534DD4D13E548A0C38942D60649B369D5FBFC7
310
600890A493BDE42160637FD7F31D7FF63E6FB3D478A55C242CBF3247B66B1A340F5994E4F19559CA8D75611A9F7D8F33263BCB4C232719BD32D5B4E97B316765A1A722BA21652A07B3B7B33F0D11D29C9A46981221AE4C113ED38CD8A4942CA2E2C58E882476BCD9DA23BB5ED8171B73523C0F841684D35CC252CCE79062D4
310
468DFA43D7747CCF51DF7D4FFDEB5593E3AB9CCA9FBEFE241792E4E19EB28198C968BAB8199F5D5A67D3E9C49A9E8F47D6EC76B6B0469F26EEFC7C3EBFBCBEB98462213924694B38DD98FE1D62C393D073EA4FADC5DAF04326852CCF6958F90F0F2B9BB5C48816348F90C7840A68EB78EDF68723159BCEE7891A6B95DDE9D3
310
BCEAEEE8086A6C6F9E5D4B59F0175C10A7A0820BAA5055C7473B5AE3CFDD452D602CD5DF12616444529E90D448938013FE6EFA58AA96F85E4F8C42275708571E98FE6827AF6B2B4AE3D7D83D64E5A64C53054DD3AF90BD06FEA9149565C94FCA0F6B834DC85599E4F2423B24DF0B6AFA979E534DFA9E7A4CC6FA631D486393
310
921829879BF5D781A373557BCB85E97FB90DB62B558F8795179C15944B051F40AB495CF35451D26A4727654E6D8033BD98EF82F21D91FF8AF2DD9982BCF1643BDD4EB516C9492E368C67C88DED563FC36D5EACF66DFF057C3658BDBFA69DF9578B3DA735B64F18C7F20770A9D45CFCF7FCF563D6456A277DBEF78A02637CA2
310
43B90A490AEAB94F72244481D24819A6C0E59B606BFA4B3025981DBB48EAB701D97BF19C577CC77F2D1B6C55A9EF3C732474C0B727303F625995056C3B02963D9EAC146BE78EC5FCEC7FA999EBC5EACBAAE41B12D27B4D2C0BBA49F244E2ECDC81B76B502F113D8F5EE8FB1BE3111CDD4FC2AA9B844CAB1288B68AB90A7CDC
310
1C166AB0D3DC5310625FCC14E779BFD0709F8890A629C9292B1B2DED31A4B0DA928CEE135085754027E3018A397D4D5427D15BD1330B677DC8934285AC3DF45A9EB68FF8F2B8FC0A509AFEECFD0FF2DE25CC6047F7214B195F07EFEB9A094D800F7BFAE8FED187B78EA8A3A400F115961BCAD1215E47C966530AF0EE8128FE
310
58CEBB996A8964FFA529A046635D9353B0336A8F700DDF46271A024E70B0B37C9DE01847591E54DED53D54202AB947E4076556AC49C6CA5C9E1226B7F1A7B1BE15DEED62C41B91E1B3E9AFAAA735036547343A925075041DF0A9979E893B391F8FCFA6967B3EFB644DCF6E5CEBFAE272625DCC6FAF3FB93793C5F90CE1EF57
310
407342756B10D1C489E8953CD1617E5CEECAD6F4EF8914CE5D5D504E5C3F1F9736DA62CFC11E00BCDDB8CC8A9466349744C1F75EBDA4DF09BA8A9E8C7A7E9991989E20E5DBDD6A6003664ED8F7A04A8DBE0DF6EAD9B9AA858342E47399053949D2C146EDB85DE4B176BB0965FBAC19BD19AA918E27FA50C1D22402E144464C
310
59462568E704B6E71915404CB72B8FF4EDE184DDAF753F284990D2C6926782963815403548A70C657FDEF80D2D9CEAA2AE4C1C76F60BFE74219A06527D6582DF6412526107381E55E353090704D085B52408D0933C4ED159D79BDA71BB4BC506F4831350EB6F979CD22D69BF7AC49B91A2C0A9DDA3D5CA36AD20FC478E37E6
310
1844E2352865EBCB6EA275A652E3836BE04EFB400BF1A2556F515F1FBB35B2AB35BD889C744FFA1004B5544B121E57F70215746DD2F5E2C1412B602CBF19455AC6C8E5E9922C4E01E65215385004546899059180EAFCF7A707CE7017CD8CDB0410789AB32C63B91E5CEBBBACB17AC6CD347A022D5075FD106377347AAABA7E
310
7D11590744509B44E205134DC1290F06580320F78E537D3D73540E06CB970B431F185308AD40BBD794D6D77003C5A36E8EAA54BA64597CD8F83BD552A080A365F7FF06504B0304140006080000CC70623B000000000000000000000000350000006662782F39464131463745442D413632322D343644302D413938332D3331
310
353338454246344243312F76657274696365732E62696E504B0304140006080800CC70623BF270F1330600000004000000360000006662782F39464131463745442D413632322D343644302D413938332D3331353338454246344243312F747269616E676C65732E62696E636660600000504B0304140006080000CC70623B
310
000000000000000000000000370000006662782F39464131463745442D413632322D343644302D413938332D3331353338454246344243312F617474726962757465732E62696E504B0304140006080800CC70623B08DA0BD19000000041010000360000006662782F39464131463745442D413632322D343644302D413938
310
332D3331353338454246344243312F6469726563746F72792E786D6C858F410AC3201045AF22B36F53E9A60B35CBEEBAE80D244E44489C6234F4F835464A48035D0DF398FF9F8AF63D0E6CC63039F212F8F9020C7D47C6792B21C5FE7403D62A1188E2E60C98D7234A5830286103A55745067B9D86B8A3CF9C7F90C11DE607
310
FB144396D7B6A82D282E9A152AD114D5EF2CB866EEE831B8EEA07A7BB5A8D7D61A2BAAEB7FD5F70921FF497D00504B0304140006080800CC70623B0D6EF93BFE000000A00100003B0000006662782F39464131463745442D413632322D343644302D413938332D3331353338454246344243312F7265736F75726365732F63
310
6F72652E786D6C8D50596E833010BD0A9ADFCA60B334011947A8694ED00B586642AC041B79A97AFC9A40A5F6AF3F33A3B7689E1E3F7DCD8FEC139DD7D6F4C0720A191A65476DA61E62B892236427C19DB5E1970C322367EC618541F0C9D9B8EC90B226A009093576C41D94DE63804C3DD2D18357379C652E63480A7FCF17A9
310
EE72C29CE5894E3AC17D702940B63D59270887DE46A7D0F36263058F518FBB468FE9A7BE6A7420864373B8D4873369AA8691FA421B3294352543C5CAF65C0F6FEF43CB8BD52C78D0F34F46E550061C419494B6843142CB0F5677F4B52BEB177AEC28E5C52AFF638ACBF84F53D42654E51E77B379102C05791282176B5F693D
310
CB4C7BED567C03504B010214000A0000080000CC70623B3DEE336E79000000790000001B00000000000000000000000000000000006175746F6465736B2D64657369676E2D7061636B6167652E786D6C504B01021400140006080800CC70623BD486FD9CA0000000F40000001300000000000000000000000000B20000005B
310
436F6E74656E745F54797065735D2E786D6C504B01021400140006080800CC70623B1EC5D7A3EB0000007C010000080000000000000000000000000083010000636F72652E786D6C504B01021400140006080800CC70623B55019EA25F0000007C000000070000000000000000000000000094020000636E782E786D6C504B
310
01021400140006080800CC70623B8C9102E971010000D40300000C00000000000000000000000000180300006662782F636F72652E786D6C504B01021400140006080800CC70623BFFEA85907E0000009D0000000B00000000000000000000000000B30400006662782F636E782E786D6C504B01021400140006080800CC70
310
623B4FEEA4082C0100001202000031000000000000000000000000005A0500006662782F39464131463745442D413632322D343644302D413938332D3331353338454246344243312F636F72652E786D6C504B01021400140006080800CC70623BAD7543B64E010000330300003000000000000000000000000000D5060000
310
6662782F39464131463745442D413632322D343644302D413938332D3331353338454246344243312F636E782E786D6C504B01021400140006080800CC70623B16AB87BA640500003C1000003400000000000000000000000000710800006662782F39464131463745442D413632322D343644302D413938332D3331353338
310
454246344243312F6F626A656374732E786D6C504B01021400140006080000CC70623B0000000000000000000000003500000000000000000000000000270E00006662782F39464131463745442D413632322D343644302D413938332D3331353338454246344243312F76657274696365732E62696E504B01021400140006
310
080800CC70623BF270F133060000000400000036000000000000000000000000007A0E00006662782F39464131463745442D413632322D343644302D413938332D3331353338454246344243312F747269616E676C65732E62696E504B01021400140006080000CC70623B0000000000000000000000003700000000000000
310
000000000000D40E00006662782F39464131463745442D413632322D343644302D413938332D3331353338454246344243312F617474726962757465732E62696E504B01021400140006080800CC70623B08DA0BD190000000410100003600000000000000000000000000290F00006662782F39464131463745442D413632
310
322D343644302D413938332D3331353338454246344243312F6469726563746F72792E786D6C504B01021400140006080800CC70623B0D6EF93BFE000000A00100003B000000000000000000000000000D1000006662782F39464131463745442D413632322D343644302D413938332D3331353338454246344243312F7265
310
736F75726365732F636F72652E786D6C504B0506000000000E000E0080040000641100000000
  0
XRECORD
  5
175
102
{ACAD_REACTORS
330
173
102
}
330
173
100
AcDbXrecord
280
     1
270
     1
271
     1
  0
XRECORD
  5
174
102
{ACAD_REACTORS
330
173
102
}
330
173
100
AcDbXrecord
280
     1
270
     1
271
     1
  0
XRECORD
  5
1FB
102
{ACAD_REACTORS
330
173
102
}
330
173
100
AcDbXrecord
280
     1
 70
     0
 90
1673772943
  1
ECE7A1D2-D628-4531-984C-D00F80459256
310
504B03040A0000080000CC70623B3DEE336E79000000790000001B0000006175746F6465736B2D64657369676E2D7061636B6167652E786D6C3C3F786D6C2076657273696F6E3D22312E302220656E636F64696E673D227574662D3822203F3E3C666F726D6174733E3C666F726D61743E687474703A2F2F736368656D612E
310
6175746F6465736B2E636F6D2F64657369676E2D7061636B6167652F323030393C2F666F726D61743E3C2F666F726D6174733E504B0304140006080800CC70623BD486FD9CA0000000F4000000130000005B436F6E74656E745F54797065735D2E786D6C7D8EC10E82300C865F65E91D8A1E8C310C0EEA1BF002731658846E
310
D98AC1B77784ABF1D8FE5FBFBF75BBCE937A534CCEB38643598122B6FEE978D0B0485F9C41B54DDD7D022595594E1A469170414C76A4D9A4D207E29CF43ECE46F218070CC6BECC4078ACAA135ACF422C856C0E68EA1BF5669944DDD7BCDE7B1F8E415D77AECB980613C2E4AC91FC167A2B244592486606FC29C8FD7F045B9A
310
EF7053A7E60B504B0304140006080800CC70623BD9DDAED0EC0000007C01000008000000636F72652E786D6C8D90416EC3201045AF82665B61836D9CD8C2444DD39CA01740405C94182C03558F5F9C3852BBEB6A467FFE9B197D7EF89E6EE8CB2CC17A37002D0820E394D7D68D03A478C17B4007C117EFE32F1B20272733C0
310
2A83E0E3E2D3BC49CABB685CCCAAF3DA6CA20CC14440EA969B0182FA34932C648AD911AEC52CD5558EA6A0CF2EC329598D1E47ACCEFBECC59A050463A7EA5833865FEBDD0E37353BE3EE8DBDE3F6786A48D375FBF6CC78B9C282473B3DEFABC5C86834888A900E538A49F5419B9EB47DD5BC907D4F082F57FB1F28CDFA9F50
310
B22ED6D5F6EE030B20687EE43E10BC5CB3C8E51E54AE6B6EE207504B0304140006080800CC70623B55019EA25F0000007C00000007000000636E782E786D6C4DCB3B0E80201045D1AD90E915ED2CF8AC45050C11660C8261F98AB1B07AC9C97D42D718D865D3E909258CFD00CCE24AC6E326A164D74DC0B4128928FF326038
310
472BA13128B1252AC747C6BAB984FC68F0B87FE8960A5C09FE86CFB69FBA01504B0304140006080800CC70623BA24EB22D72010000D40300000C0000006662782F636F72652E786D6CC5535B6E833010BC8AE5DF0A6C5E49888CA3A6694ED00B38E05014B091B1518EDFE511A5A9D228FD2A1F60CDEC7A67C6986DCE4D8D7A
310
69BA4AAB0C073EC548AA5C17952A33ECECD15B61B4E1CC686DBF9561A44423333CC098B3D268D7CE50AE9595CA02AA74216750749DB418E5352C32DCE59FB211BE70162ABA93DF8AFC244AE9073ED050C759670D0840D390E18DF9F1706664C23973AE2A66B62A605A75ACA4C13C4976E1364A12EF355A2EBD384AF65EFA96
310
BC7B8BED2EA6719AAE16FB8491A199335B351775B991C2CA02F390D2D40B028F861F41BCA68B7518BFD0D59A524686F29B26D7164F36B94AD9289CE54E6D1DE6010819891F6E21228B3AD1831EC219194284CF98F06DD01008846CC5A1BEF83801D4CBDC6A1303536877A57A513B0953A94FC707FDBE6064EA84A9E3E6E0FA
310
EE8CF0E9198F7784A316AA0413C2C2F2E0ECA0934D1AE6D05A69BCDE9E91D2A611F573361E38FC1375157F5752AE6B6DFE4B11990F88CCBF0719EE23FF02504B0304140006080800CC70623B408A7D3B7C0000009D0000000B0000006662782F636E782E786D6C4DCCD10A83201886E15B91FFDC552A92A0064DBC8F581632
310
D3703A76F9ABD1C18E3E78F878E5F0D9027ABBFCF2292AE86E2D20171F69F6715550CB827B40839639A5F2770314A7CD293819B45C73AAFB45B35BA61ACAA1C1C7E7855C58C15BC331339661262CC762340413D68D77DA5B42298546CBE6573AF60CEB2F504B0304140006080800CC70623B449FB9BD290100001202000031
310
0000006662782F36394639363044362D344446342D343946362D394244322D3234314243333846323333332F636F72652E786D6C8D515B6EC32010BC0AE22B55850D98B871848994463E412FE002495162B07854397EA176A4F62F3F2C9A9D991D587EB84F37F0AD7D30CEF6905418026DA553C65E7A98E219ED203808EE9D
310
8B7F6810D871D23D2C3014FCE25D9A57483A1BB58D19B54EE9151C43D0110279CB971E06F9A5A7B11A53CC8C70ADE6515EC78BAE4895DB992778883E0700CB907242D17643D7E2538BD869608875438BBAE38922CAC8F1BDD90DB4691A5E2F42C153326A951B95E398B3D1FE599322163C9AE9115F7A3D46ADA0A018778810
310
84E907617BDCEE297BC5BB3DC6BC2EF47FA234AB2745C9D8D8D035EE220B50105E2F0DC1954B9FB747187D9F9D8FA0CCDB042D5FA0C015C65B42DF78BD10F3F3B363CB56C7109DCFDFBBB97E662ED92EB62D13BC2E1BCAE5777DB9966D8A1F504B0304140006080800CC70623BAD7543B64E01000033030000300000006662
310
782F36394639363044362D344446342D343946362D394244322D3234314243333846323333332F636E782E786D6CD593CD6EC32010845F0571AD6CE3D48AD20813A9873E410FBD12D82434182C7EAAE6EDBB2424CD25871E7B41D6EC30B3FA84F9E67BB2E40B4234DE8DB46F1925E094D7C6ED479AD3AE5951B2113C789FEE
310
6C943839C1488B4C05DF079FE72A69D8C96C13AAD6B8631503449F83828872B949AC57D26200B826A308D316B4064D6E46FCDA41C05550DC9E483A00797BFD207EFB092A45DE9514C1BBD22178396BD39D891265658C238DEA00936C654E5E433CB65A26D9F6EDB5EBC14EBF49A45CB856E66048291F6939A9A81BB5C89177
310
38143CA680F4AA299D66A042CEB3354A2684DC9D8D178FE0D9B8B41CAAD720F880EE7EF93C0C18769E099ECC04D5A102C8049A8A05632F4DDF376CF1DE0F6BB65C2F8627B65A33C6BB62177CEBBDAD973006829F89F22E814B54F4BC2BE347F8AA8F681390B50FA73F804400B5F542E796F19FF974E7F78DB802FE05E20750
310
4B0304140006080800CC70623B8D05915C650500003B100000340000006662782F36394639363044362D344446342D343946362D394244322D3234314243333846323333332F6F626A656374732E786D6CAD575B6FA33814FE2B887D06429276DA1565D4266D158D3A339A6846FB502932E050B66023DB74D2FDF5FB190C01
310
9276B2973C046C8ECFF53B17071F77456EBD502133CEAE6CDF9DD81665314F32965ED995DA3A17B6F5310C04E7AA47665B8C14F4CAD6DB7618A48257A5D94AE89654B91AEDDEDDFC61C998326A5B714EA4BCB265FC440BE2924AF184CA6737218AB8E976E7FA6E4338649B0A523E8D98964450A6A029F619B8588D52FE7039
310
B1BD30F0F4F730D0FF866AF6369557DB33949F31A9088B0F848DD8CCFCF9F2767A76E99CCDE733677E3EF59D9BBB9BA5E37F984D16E78BC5E5F5ED25044B25C0C96822E8D60EEFE11B91C581D77CEA34368A1F5329E68CD1B8B61F16D63A1B8E092D294B10C78C4A48EB593D192E7DED9BDEE7995E1B91FDEDD3ACEA9FE831
310
6A756F9F7D4D79F4274C90A7A04248AA51D5F8C718DAE06FB2F75AC4796EBE65D22A88A22223B995679120E2D50E41AA49C260C046A35368846B0BECD0DFF3EBEB8AD4F835768F69B9ADF25C43D30E6B646F807FAA64AD59F61715C7A54127C4AACA98BA3006A9D792DAE165E0D59B61A01FB3A9F9D838D2DAE62445C86166
310
F37564E842E7DE6A69879FEEA2DD5AE7E371E1A5E025154AC307D06A03D73EB5978C58FFA4C8E9033066E0F3BD53BEC1F39F91BE7B55103791EDE6BBB991A2046172CB4581D8B893FA674DDA17A77B3B7C413D1B511FD2743BFF8A38F03A658705E3ADF8015C3A3417FF3D7E439FF591DA0B5F18BC20C1B8981957AE6392A3
310
F43C640C01D1A0B4728E2DD4F26DB4B3C3152A252A3B4E913CEC1C72F012782FF88EFF8637AA552DBEF76408E8A8DE9E50F9E1CB3A2DA0DB1B6039A893B56063DC5B3E3FFB5F72E67AB9FEB4AEC496C4F4C1149625DD662C53E89D7BF0F6151A046260D1337DFDC94502430F83B0EE07A130A224BCAD7DAE1D9FB6CD422FF6
310
920702629C4BB9AE79C12F243C6432A6794E18E5552BA56B431AAB5D91317302B2B071E86C3A42B1A02F999E24061403B5D0EB639195DA655DD3EBEAB4FB862DDF579F014AD0E73C22F99E28DA57FB98E75C6CA2D74D53086D600F4786E0FE3144B771A8A7B900F03594DB8A633CBC49B2EDB69228BB479CF863B5E807AAAB
310
23872F6DFEB4129B949CA33823F58830E86D65621E10047D9DB34D862E8EAC3C2ABC2F7B2C40D67CDFE01F5545B92105AF983AC54D93D69E56FB8E797F88913F898A9FEC705D3F9D1B54EC8426FB500D40A03BD0119B06E1B95DDC7EB8F6975367793EBD70E66733DFB9BC982F9CE564727731999F5D4ECFCE3B8D6A4DC2A0
310
6D50FD148437D110834A64C6CDDF57FBACB5C307A2A477DFE4939736CFEF2B175371E0E10CF0DD1D5C15654E0BCA14D1E87DD02FF93782A162C0A3D95F1524A52770F972BF1EE9809D13CE7DD599467F8ECE9ADD85CE85A34CD45355448C64F9E8A031DC2D596ACC6E5DD93D9B82DE2EF5CAF81363A8E47996A0DE24564A79
310
4115AACE09C55E14540231FDA13C319787134EBF34E3A022514E5B4D9E0826E25C02D5805B15ABE1BEF51B26383D445DD9E875EE33FE4C22DA16427D65A3BCA92CA6D28DD01DF5DC53330704308475351050232CCD31583787BA75774AFB06E5070DD0C8EF484E19968C5D83BA5B90B244D31E54D55A372320FE4786B7EA58
310
44E135AA5467CB7EA333A61683CC6A8C3257034C10CF46F40EF9F5BE59BE5BD30C3C72D235E95D10345C1D45445A5F0BB47E46A5EBE5570F9380B5FA629579952296A773720405982B9DE04011506178964401AA8BDF1FBF0A8EAB6861DD6580C0E38217056766716DAEB2D6FA0917D3E4116581EADB879C4E7CFFB11EFACD
310
3D641311495D92C8676CB409A72D18610D803CE8A626049E8EC1887CB5B44CC39883690DDA8399B4B9855B481E7D71D4A9D22F96E5BB73BF5793020C02137BF837504B0304140006080000CC70623B000000000000000000000000350000006662782F36394639363044362D344446342D343946362D394244322D32343142
310
43333846323333332F76657274696365732E62696E504B0304140006080800CC70623BF270F1330600000004000000360000006662782F36394639363044362D344446342D343946362D394244322D3234314243333846323333332F747269616E676C65732E62696E636660600000504B0304140006080000CC70623B0000
310
00000000000000000000370000006662782F36394639363044362D344446342D343946362D394244322D3234314243333846323333332F617474726962757465732E62696E504B0304140006080800CC70623B08DA0BD19000000041010000360000006662782F36394639363044362D344446342D343946362D394244322D
310
3234314243333846323333332F6469726563746F72792E786D6C858F410AC3201045AF22B36F53E9A60B35CBEEBAE80D244E44489C6234F4F835464A48035D0DF398FF9F8AF63D0E6CC63039F212F8F9020C7D47C6792B21C5FE7403D62A1188E2E60C98D7234A5830286103A55745067B9D86B8A3CF9C7F90C11DE607FB14
310
4396D7B6A82D282E9A152AD114D5EF2CB866EEE831B8EEA07A7BB5A8D7D61A2BAAEB7FD5F70921FF497D00504B0304140006080800CC70623BCA768048FE000000A00100003B0000006662782F36394639363044362D344446342D343946362D394244322D3234314243333846323333332F7265736F75726365732F636F72
310
652E786D6C8D50596E833010BD0A9ADFCA60D600328E9AA639412F609909B1126CE4A5EAF16B0295DABFFECC8CDEA2797AECF8353F924FB44E193D409E5248504B332A3D0D10FC95B4901C39B3C6F85F3248B49871801506CE266BC2B243D2688FDA47549B11775038871E12F988C7004EDE7016A9083E2ADC3D5D84BC8B09
310
D33C8D74D471E6BC8D0192EDC93A815B742658898E651BCB59086ADC356A8C3FD555A1055ED7E7E254D615792D0F075295F585746FF53B694EE78A565DD736979A65AB9933AFE69F8CD2A2F038022F28ED489E135A7CE4554F9BBEA85E68DB53CAB255FEC71496F19FA6A0B42F8B3DEE6673C0F318E4497096AD7DC5F52C33
310
EEB55BFE0D504B010214000A0000080000CC70623B3DEE336E79000000790000001B00000000000000000000000000000000006175746F6465736B2D64657369676E2D7061636B6167652E786D6C504B01021400140006080800CC70623BD486FD9CA0000000F40000001300000000000000000000000000B20000005B436F
310
6E74656E745F54797065735D2E786D6C504B01021400140006080800CC70623BD9DDAED0EC0000007C010000080000000000000000000000000083010000636F72652E786D6C504B01021400140006080800CC70623B55019EA25F0000007C000000070000000000000000000000000095020000636E782E786D6C504B0102
310
1400140006080800CC70623BA24EB22D72010000D40300000C00000000000000000000000000190300006662782F636F72652E786D6C504B01021400140006080800CC70623B408A7D3B7C0000009D0000000B00000000000000000000000000B50400006662782F636E782E786D6C504B01021400140006080800CC70623B
310
449FB9BD290100001202000031000000000000000000000000005A0500006662782F36394639363044362D344446342D343946362D394244322D3234314243333846323333332F636F72652E786D6C504B01021400140006080800CC70623BAD7543B64E010000330300003000000000000000000000000000D20600006662
310
782F36394639363044362D344446342D343946362D394244322D3234314243333846323333332F636E782E786D6C504B01021400140006080800CC70623B8D05915C650500003B10000034000000000000000000000000006E0800006662782F36394639363044362D344446342D343946362D394244322D32343142433338
310
46323333332F6F626A656374732E786D6C504B01021400140006080000CC70623B0000000000000000000000003500000000000000000000000000250E00006662782F36394639363044362D344446342D343946362D394244322D3234314243333846323333332F76657274696365732E62696E504B010214001400060808
310
00CC70623BF270F13306000000040000003600000000000000000000000000780E00006662782F36394639363044362D344446342D343946362D394244322D3234314243333846323333332F747269616E676C65732E62696E504B01021400140006080000CC70623B00000000000000000000000037000000000000000000
310
00000000D20E00006662782F36394639363044362D344446342D343946362D394244322D3234314243333846323333332F617474726962757465732E62696E504B01021400140006080800CC70623B08DA0BD190000000410100003600000000000000000000000000270F00006662782F36394639363044362D344446342D
310
343946362D394244322D3234314243333846323333332F6469726563746F72792E786D6C504B01021400140006080800CC70623BCA768048FE000000A00100003B000000000000000000000000000B1000006662782F36394639363044362D344446342D343946362D394244322D3234314243333846323333332F7265736F
310
75726365732F636F72652E786D6C504B0506000000000E000E0080040000621100000000
  0
XRECORD
  5
176
102
{ACAD_REACTORS
330
173
102
}
330
173
100
AcDbXrecord
280
     1
270
     1
271
     1
  0
XRECORD
  5
177
102
{ACAD_REACTORS
330
173
102
}
330
173
100
AcDbXrecord
280
     1
270
     1
271
     1
  0
XRECORD
  5
1799
102
{ACAD_REACTORS
330
1798
102
}
330
1798
100
AcDbXrecord
280
     1
102
DISPLAYNAME
  1
Metric50
102
FLAGS
 90
        0
  0
CELLSTYLEMAP
  5
175E
102
{ACAD_REACTORS
330
162
102
}
330
162
100
AcDbCellStyleMap
 90
        3
300
CELLSTYLE
  1
TABLEFORMAT_BEGIN
 90
        5
170
     1
 91
        0
 92
    32768
 62
   257
 93
        1
300
CONTENTFORMAT
  1
CONTENTFORMAT_BEGIN
 90
        0
 91
        0
 92
      512
 93
        0
300

 40
0.0
140
1.0
 94
        5
 62
     0
340
11
144
6.0
309
CONTENTFORMAT_END
171
     1
301
MARGIN
  1
CELLMARGIN_BEGIN
 40
1.5
 40
1.5
 40
1.5
 40
1.5
 40
4.5
 40
4.5
309
CELLMARGIN_END
 94
        6
 95
        1
302
GRIDFORMAT
  1
GRIDFORMAT_BEGIN
 90
        0
 91
        1
 62
     0
 92
       -2
340
14
 93
        0
 40
1.125
309
GRIDFORMAT_END
 95
        2
302
GRIDFORMAT
  1
GRIDFORMAT_BEGIN
 90
        0
 91
        1
 62
     0
 92
       -2
340
14
 93
        0
 40
1.125
309
GRIDFORMAT_END
 95
        4
302
GRIDFORMAT
  1
GRIDFORMAT_BEGIN
 90
        0
 91
        1
 62
     0
 92
       -2
340
14
 93
        0
 40
1.125
309
GRIDFORMAT_END
 95
        8
302
GRIDFORMAT
  1
GRIDFORMAT_BEGIN
 90
        0
 91
        1
 62
     0
 92
       -2
340
14
 93
        0
 40
1.125
309
GRIDFORMAT_END
 95
       16
302
GRIDFORMAT
  1
GRIDFORMAT_BEGIN
 90
        0
 91
        1
 62
     0
 92
       -2
340
14
 93
        0
 40
1.125
309
GRIDFORMAT_END
 95
       32
302
GRIDFORMAT
  1
GRIDFORMAT_BEGIN
 90
        0
 91
        1
 62
     0
 92
       -2
340
14
 93
        0
 40
1.125
309
GRIDFORMAT_END
309
TABLEFORMAT_END
  1
CELLSTYLE_BEGIN
 90
        1
 91
        1
300
_TITLE
309
CELLSTYLE_END
300
CELLSTYLE
  1
TABLEFORMAT_BEGIN
 90
        5
170
     1
 91
        0
 92
        0
 62
   257
 93
        1
300
CONTENTFORMAT
  1
CONTENTFORMAT_BEGIN
 90
        0
 91
        0
 92
      512
 93
        0
300

 40
0.0
140
1.0
 94
        5
 62
     0
340
11
144
4.5
309
CONTENTFORMAT_END
171
     1
301
MARGIN
  1
CELLMARGIN_BEGIN
 40
1.5
 40
1.5
 40
1.5
 40
1.5
 40
4.5
 40
4.5
309
CELLMARGIN_END
 94
        6
 95
        1
302
GRIDFORMAT
  1
GRIDFORMAT_BEGIN
 90
        0
 91
        1
 62
     0
 92
       -2
340
14
 93
        0
 40
1.125
309
GRIDFORMAT_END
 95
        2
302
GRIDFORMAT
  1
GRIDFORMAT_BEGIN
 90
        0
 91
        1
 62
     0
 92
       -2
340
14
 93
        0
 40
1.125
309
GRIDFORMAT_END
 95
        4
302
GRIDFORMAT
  1
GRIDFORMAT_BEGIN
 90
        0
 91
        1
 62
     0
 92
       -2
340
14
 93
        0
 40
1.125
309
GRIDFORMAT_END
 95
        8
302
GRIDFORMAT
  1
GRIDFORMAT_BEGIN
 90
        0
 91
        1
 62
     0
 92
       -2
340
14
 93
        0
 40
1.125
309
GRIDFORMAT_END
 95
       16
302
GRIDFORMAT
  1
GRIDFORMAT_BEGIN
 90
        0
 91
        1
 62
     0
 92
       -2
340
14
 93
        0
 40
1.125
309
GRIDFORMAT_END
 95
       32
302
GRIDFORMAT
  1
GRIDFORMAT_BEGIN
 90
        0
 91
        1
 62
     0
 92
       -2
340
14
 93
        0
 40
1.125
309
GRIDFORMAT_END
309
TABLEFORMAT_END
  1
CELLSTYLE_BEGIN
 90
        2
 91
        1
300
_HEADER
309
CELLSTYLE_END
300
CELLSTYLE
  1
TABLEFORMAT_BEGIN
 90
        5
170
     1
 91
        0
 92
        0
 62
   257
 93
        1
300
CONTENTFORMAT
  1
CONTENTFORMAT_BEGIN
 90
        0
 91
        0
 92
      512
 93
        0
300

 40
0.0
140
1.0
 94
        2
 62
     0
340
11
144
4.5
309
CONTENTFORMAT_END
171
     1
301
MARGIN
  1
CELLMARGIN_BEGIN
 40
1.5
 40
1.5
 40
1.5
 40
1.5
 40
4.5
 40
4.5
309
CELLMARGIN_END
 94
        6
 95
        1
302
GRIDFORMAT
  1
GRIDFORMAT_BEGIN
 90
        0
 91
        1
 62
     0
 92
       -2
340
14
 93
        0
 40
1.125
309
GRIDFORMAT_END
 95
        2
302
GRIDFORMAT
  1
GRIDFORMAT_BEGIN
 90
        0
 91
        1
 62
     0
 92
       -2
340
14
 93
        0
 40
1.125
309
GRIDFORMAT_END
 95
        4
302
GRIDFORMAT
  1
GRIDFORMAT_BEGIN
 90
        0
 91
        1
 62
     0
 92
       -2
340
14
 93
        0
 40
1.125
309
GRIDFORMAT_END
 95
        8
302
GRIDFORMAT
  1
GRIDFORMAT_BEGIN
 90
        0
 91
        1
 62
     0
 92
       -2
340
14
 93
        0
 40
1.125
309
GRIDFORMAT_END
 95
       16
302
GRIDFORMAT
  1
GRIDFORMAT_BEGIN
 90
        0
 91
        1
 62
     0
 92
       -2
340
14
 93
        0
 40
1.125
309
GRIDFORMAT_END
 95
       32
302
GRIDFORMAT
  1
GRIDFORMAT_BEGIN
 90
        0
 91
        1
 62
     0
 92
       -2
340
14
 93
        0
 40
1.125
309
GRIDFORMAT_END
309
TABLEFORMAT_END
  1
CELLSTYLE_BEGIN
 90
        3
 91
        2
300
_DATA
309
CELLSTYLE_END
  0
XRECORD
  5
1773
102
{ACAD_REACTORS
330
1772
102
}
330
1772
100
AcDbXrecord
280
     1
102
RTVSPost2010Prop28
280
     1
102
RTVSPost2010PropOp28
 70
     1
102
RTVSPost2010Prop29
280
     1
102
RTVSPost2010PropOp29
 70
     1
102
RTVSPost2010Prop30
280
     0
102
RTVSPost2010PropOp30
 70
     1
102
RTVSPost2010Prop31
280
     0
102
RTVSPost2010PropOp31
 70
     1
102
RTVSPost2010Prop32
280
     0
102
RTVSPost2010PropOp32
 70
     1
102
RTVSPost2010Prop33
280
     0
102
RTVSPost2010PropOp33
 70
     1
102
RTVSPost2010Prop34
280
     0
102
RTVSPost2010PropOp34
 70
     1
102
RTVSPost2010Prop35
280
     0
102
RTVSPost2010PropOp35
 70
     1
102
RTVSPost2010Prop36
280
     0
102
RTVSPost2010PropOp36
 70
     1
102
RTVSPost2010Prop37
 90
       50
102
RTVSPost2010PropOp37
 70
     1
102
RTVSPost2010Prop38
140
0.0
102
RTVSPost2010PropOp38
 70
     1
102
RTVSPost2010Prop39
140
1.0
102
RTVSPost2010PropOp39
 70
     1
102
RTVSPost2010Prop40
 90
        0
102
RTVSPost2010PropOp40
 70
     1
102
RTVSPost2010Prop41ColorIndex
 90
       18
102
RTVSPost2010Prop41ColorRGB
 90
        0
102
RTVSPost2010PropOp41
 70
     1
102
RTVSPost2010Prop42
 90
       50
102
RTVSPost2010PropOp42
 70
     1
102
RTVSPost2010Prop43
 90
        3
102
RTVSPost2010PropOp43
 70
     1
102
RTVSPost2010Prop44ColorIndex
 90
        5
102
RTVSPost2010Prop44ColorRGB
 90
      255
102
RTVSPost2010PropOp44
 70
     1
102
RTVSPost2010Prop45
280
     0
102
RTVSPost2010PropOp45
 70
     1
102
RTVSPost2010Prop46
 90
       50
102
RTVSPost2010PropOp46
 70
     1
102
RTVSPost2010Prop47
 90
       50
102
RTVSPost2010PropOp47
 70
     1
102
RTVSPost2010Prop48
 90
       50
102
RTVSPost2010PropOp48
 70
     1
102
RTVSPost2010Prop49
280
     0
102
RTVSPost2010PropOp49
 70
     1
102
RTVSPost2010Prop50
 90
       50
102
RTVSPost2010PropOp50
 70
     1
102
RTVSPost2010Prop51ColorIndex
 90
      256
102
RTVSPost2010Prop51ColorRGB
 90
-16777216
102
RTVSPost2010PropOp51
 70
     0
102
RTVSPost2010Prop52
140
1.0
102
RTVSPost2010PropOp52
 70
     0
102
RTVSPost2010Prop53
 90
        2
102
RTVSPost2010PropOp53
 70
     1
102
RTVSPost2010Prop54
  1
strokes_ogs.tif
102
RTVSPost2010PropOp54
 70
     1
102
RTVSPost2010Prop55
280
     0
102
RTVSPost2010PropOp55
 70
     1
102
RTVSPost2010Prop56
140
1.0
102
RTVSPost2010PropOp56
 70
     1
102
RTVSPost2010Prop57
140
1.0
102
RTVSPost2010PropOp57
 70
     1
  0
XRECORD
  5
1771
102
{ACAD_REACTORS
330
1770
102
}
330
1770
100
AcDbXrecord
280
     1
102
RTVSPost2010Prop28
280
     0
102
RTVSPost2010PropOp28
 70
     1
102
RTVSPost2010Prop29
280
     1
102
RTVSPost2010PropOp29
 70
     1
102
RTVSPost2010Prop30
280
     1
102
RTVSPost2010PropOp30
 70
     1
102
RTVSPost2010Prop31
280
     0
102
RTVSPost2010PropOp31
 70
     1
102
RTVSPost2010Prop32
280
     0
102
RTVSPost2010PropOp32
 70
     1
102
RTVSPost2010Prop33
280
     0
102
RTVSPost2010PropOp33
 70
     1
102
RTVSPost2010Prop34
280
     0
102
RTVSPost2010PropOp34
 70
     1
102
RTVSPost2010Prop35
280
     0
102
RTVSPost2010PropOp35
 70
     1
102
RTVSPost2010Prop36
280
     0
102
RTVSPost2010PropOp36
 70
     1
102
RTVSPost2010Prop37
 90
       50
102
RTVSPost2010PropOp37
 70
     1
102
RTVSPost2010Prop38
140
0.0
102
RTVSPost2010PropOp38
 70
     1
102
RTVSPost2010Prop39
140
1.0
102
RTVSPost2010PropOp39
 70
     1
102
RTVSPost2010Prop40
 90
        0
102
RTVSPost2010PropOp40
 70
     1
102
RTVSPost2010Prop41ColorIndex
 90
       18
102
RTVSPost2010Prop41ColorRGB
 90
        0
102
RTVSPost2010PropOp41
 70
     1
102
RTVSPost2010Prop42
 90
       50
102
RTVSPost2010PropOp42
 70
     1
102
RTVSPost2010Prop43
 90
        3
102
RTVSPost2010PropOp43
 70
     1
102
RTVSPost2010Prop44ColorIndex
 90
        5
102
RTVSPost2010Prop44ColorRGB
 90
      255
102
RTVSPost2010PropOp44
 70
     1
102
RTVSPost2010Prop45
280
     0
102
RTVSPost2010PropOp45
 70
     1
102
RTVSPost2010Prop46
 90
       50
102
RTVSPost2010PropOp46
 70
     1
102
RTVSPost2010Prop47
 90
       50
102
RTVSPost2010PropOp47
 70
     1
102
RTVSPost2010Prop48
 90
       50
102
RTVSPost2010PropOp48
 70
     1
102
RTVSPost2010Prop49
280
     0
102
RTVSPost2010PropOp49
 70
     1
102
RTVSPost2010Prop50
 90
       50
102
RTVSPost2010PropOp50
 70
     1
102
RTVSPost2010Prop51ColorIndex
 90
      256
102
RTVSPost2010Prop51ColorRGB
 90
-16777216
102
RTVSPost2010PropOp51
 70
     0
102
RTVSPost2010Prop52
140
1.0
102
RTVSPost2010PropOp52
 70
     0
102
RTVSPost2010Prop53
 90
        2
102
RTVSPost2010PropOp53
 70
     1
102
RTVSPost2010Prop54
  1
strokes_ogs.tif
102
RTVSPost2010PropOp54
 70
     1
102
RTVSPost2010Prop55
280
     0
102
RTVSPost2010PropOp55
 70
     1
102
RTVSPost2010Prop56
140
1.0
102
RTVSPost2010PropOp56
 70
     1
102
RTVSPost2010Prop57
140
1.0
102
RTVSPost2010PropOp57
 70
     1
  0
XRECORD
  5
177F
102
{ACAD_REACTORS
330
177E
102
}
330
177E
100
AcDbXrecord
280
     1
102
RTVSPost2010Prop28
280
     0
102
RTVSPost2010PropOp28
 70
     1
102
RTVSPost2010Prop29
280
     1
102
RTVSPost2010PropOp29
 70
     1
102
RTVSPost2010Prop30
280
     1
102
RTVSPost2010PropOp30
 70
     1
102
RTVSPost2010Prop31
280
     0
102
RTVSPost2010PropOp31
 70
     1
102
RTVSPost2010Prop32
280
     0
102
RTVSPost2010PropOp32
 70
     1
102
RTVSPost2010Prop33
280
     0
102
RTVSPost2010PropOp33
 70
     1
102
RTVSPost2010Prop34
280
     0
102
RTVSPost2010PropOp34
 70
     1
102
RTVSPost2010Prop35
280
     0
102
RTVSPost2010PropOp35
 70
     1
102
RTVSPost2010Prop36
280
     0
102
RTVSPost2010PropOp36
 70
     1
102
RTVSPost2010Prop37
 90
       50
102
RTVSPost2010PropOp37
 70
     1
102
RTVSPost2010Prop38
140
0.0
102
RTVSPost2010PropOp38
 70
     1
102
RTVSPost2010Prop39
140
1.0
102
RTVSPost2010PropOp39
 70
     1
102
RTVSPost2010Prop40
 90
        0
102
RTVSPost2010PropOp40
 70
     1
102
RTVSPost2010Prop41ColorIndex
 90
       18
102
RTVSPost2010Prop41ColorRGB
 90
        0
102
RTVSPost2010PropOp41
 70
     1
102
RTVSPost2010Prop42
 90
       50
102
RTVSPost2010PropOp42
 70
     1
102
RTVSPost2010Prop43
 90
        3
102
RTVSPost2010PropOp43
 70
     1
102
RTVSPost2010Prop44ColorIndex
 90
        5
102
RTVSPost2010Prop44ColorRGB
 90
      255
102
RTVSPost2010PropOp44
 70
     1
102
RTVSPost2010Prop45
280
     0
102
RTVSPost2010PropOp45
 70
     1
102
RTVSPost2010Prop46
 90
       50
102
RTVSPost2010PropOp46
 70
     1
102
RTVSPost2010Prop47
 90
       50
102
RTVSPost2010PropOp47
 70
     1
102
RTVSPost2010Prop48
 90
       50
102
RTVSPost2010PropOp48
 70
     1
102
RTVSPost2010Prop49
280
     0
102
RTVSPost2010PropOp49
 70
     1
102
RTVSPost2010Prop50
 90
       50
102
RTVSPost2010PropOp50
 70
     1
102
RTVSPost2010Prop51ColorIndex
 90
      256
102
RTVSPost2010Prop51ColorRGB
 90
-16777216
102
RTVSPost2010PropOp51
 70
     0
102
RTVSPost2010Prop52
140
1.0
102
RTVSPost2010PropOp52
 70
     0
102
RTVSPost2010Prop53
 90
        2
102
RTVSPost2010PropOp53
 70
     1
102
RTVSPost2010Prop54
  1
strokes_ogs.tif
102
RTVSPost2010PropOp54
 70
     1
102
RTVSPost2010Prop55
280
     0
102
RTVSPost2010PropOp55
 70
     1
102
RTVSPost2010Prop56
140
1.0
102
RTVSPost2010PropOp56
 70
     1
102
RTVSPost2010Prop57
140
1.0
102
RTVSPost2010PropOp57
 70
     1
  0
XRECORD
  5
1787
102
{ACAD_REACTORS
330
1786
102
}
330
1786
100
AcDbXrecord
280
     1
102
RTVSPost2010Prop28
280
     0
102
RTVSPost2010PropOp28
 70
     1
102
RTVSPost2010Prop29
280
     1
102
RTVSPost2010PropOp29
 70
     1
102
RTVSPost2010Prop30
280
     1
102
RTVSPost2010PropOp30
 70
     1
102
RTVSPost2010Prop31
280
     0
102
RTVSPost2010PropOp31
 70
     1
102
RTVSPost2010Prop32
280
     0
102
RTVSPost2010PropOp32
 70
     1
102
RTVSPost2010Prop33
280
     0
102
RTVSPost2010PropOp33
 70
     1
102
RTVSPost2010Prop34
280
     0
102
RTVSPost2010PropOp34
 70
     1
102
RTVSPost2010Prop35
280
     0
102
RTVSPost2010PropOp35
 70
     1
102
RTVSPost2010Prop36
280
     0
102
RTVSPost2010PropOp36
 70
     1
102
RTVSPost2010Prop37
 90
       50
102
RTVSPost2010PropOp37
 70
     1
102
RTVSPost2010Prop38
140
0.0
102
RTVSPost2010PropOp38
 70
     1
102
RTVSPost2010Prop39
140
1.0
102
RTVSPost2010PropOp39
 70
     1
102
RTVSPost2010Prop40
 90
        0
102
RTVSPost2010PropOp40
 70
     1
102
RTVSPost2010Prop41ColorIndex
 90
       18
102
RTVSPost2010Prop41ColorRGB
 90
        0
102
RTVSPost2010PropOp41
 70
     1
102
RTVSPost2010Prop42
 90
       50
102
RTVSPost2010PropOp42
 70
     1
102
RTVSPost2010Prop43
 90
        3
102
RTVSPost2010PropOp43
 70
     1
102
RTVSPost2010Prop44ColorIndex
 90
        5
102
RTVSPost2010Prop44ColorRGB
 90
      255
102
RTVSPost2010PropOp44
 70
     1
102
RTVSPost2010Prop45
280
     0
102
RTVSPost2010PropOp45
 70
     1
102
RTVSPost2010Prop46
 90
       50
102
RTVSPost2010PropOp46
 70
     1
102
RTVSPost2010Prop47
 90
       50
102
RTVSPost2010PropOp47
 70
     1
102
RTVSPost2010Prop48
 90
       50
102
RTVSPost2010PropOp48
 70
     1
102
RTVSPost2010Prop49
280
     0
102
RTVSPost2010PropOp49
 70
     1
102
RTVSPost2010Prop50
 90
       50
102
RTVSPost2010PropOp50
 70
     1
102
RTVSPost2010Prop51ColorIndex
 90
      256
102
RTVSPost2010Prop51ColorRGB
 90
-16777216
102
RTVSPost2010PropOp51
 70
     0
102
RTVSPost2010Prop52
140
1.0
102
RTVSPost2010PropOp52
 70
     0
102
RTVSPost2010Prop53
 90
        2
102
RTVSPost2010PropOp53
 70
     1
102
RTVSPost2010Prop54
  1
strokes_ogs.tif
102
RTVSPost2010PropOp54
 70
     1
102
RTVSPost2010Prop55
280
     0
102
RTVSPost2010PropOp55
 70
     1
102
RTVSPost2010Prop56
140
1.0
102
RTVSPost2010PropOp56
 70
     1
102
RTVSPost2010Prop57
140
1.0
102
RTVSPost2010PropOp57
 70
     1
  0
XRECORD
  5
1779
102
{ACAD_REACTORS
330
1778
102
}
330
1778
100
AcDbXrecord
280
     1
102
RTVSPost2010Prop28
280
     0
102
RTVSPost2010PropOp28
 70
     1
102
RTVSPost2010Prop29
280
     1
102
RTVSPost2010PropOp29
 70
     1
102
RTVSPost2010Prop30
280
     1
102
RTVSPost2010PropOp30
 70
     1
102
RTVSPost2010Prop31
280
     0
102
RTVSPost2010PropOp31
 70
     1
102
RTVSPost2010Prop32
280
     0
102
RTVSPost2010PropOp32
 70
     1
102
RTVSPost2010Prop33
280
     0
102
RTVSPost2010PropOp33
 70
     1
102
RTVSPost2010Prop34
280
     0
102
RTVSPost2010PropOp34
 70
     1
102
RTVSPost2010Prop35
280
     0
102
RTVSPost2010PropOp35
 70
     1
102
RTVSPost2010Prop36
280
     0
102
RTVSPost2010PropOp36
 70
     1
102
RTVSPost2010Prop37
 90
       50
102
RTVSPost2010PropOp37
 70
     1
102
RTVSPost2010Prop38
140
0.0
102
RTVSPost2010PropOp38
 70
     1
102
RTVSPost2010Prop39
140
1.0
102
RTVSPost2010PropOp39
 70
     1
102
RTVSPost2010Prop40
 90
        0
102
RTVSPost2010PropOp40
 70
     1
102
RTVSPost2010Prop41ColorIndex
 90
       18
102
RTVSPost2010Prop41ColorRGB
 90
        0
102
RTVSPost2010PropOp41
 70
     1
102
RTVSPost2010Prop42
 90
       50
102
RTVSPost2010PropOp42
 70
     1
102
RTVSPost2010Prop43
 90
        3
102
RTVSPost2010PropOp43
 70
     1
102
RTVSPost2010Prop44ColorIndex
 90
        5
102
RTVSPost2010Prop44ColorRGB
 90
      255
102
RTVSPost2010PropOp44
 70
     1
102
RTVSPost2010Prop45
280
     0
102
RTVSPost2010PropOp45
 70
     1
102
RTVSPost2010Prop46
 90
       50
102
RTVSPost2010PropOp46
 70
     1
102
RTVSPost2010Prop47
 90
       50
102
RTVSPost2010PropOp47
 70
     1
102
RTVSPost2010Prop48
 90
       50
102
RTVSPost2010PropOp48
 70
     1
102
RTVSPost2010Prop49
280
     0
102
RTVSPost2010PropOp49
 70
     1
102
RTVSPost2010Prop50
 90
       50
102
RTVSPost2010PropOp50
 70
     1
102
RTVSPost2010Prop51ColorIndex
 90
      256
102
RTVSPost2010Prop51ColorRGB
 90
-16777216
102
RTVSPost2010PropOp51
 70
     0
102
RTVSPost2010Prop52
140
1.0
102
RTVSPost2010PropOp52
 70
     0
102
RTVSPost2010Prop53
 90
        2
102
RTVSPost2010PropOp53
 70
     1
102
RTVSPost2010Prop54
  1
strokes_ogs.tif
102
RTVSPost2010PropOp54
 70
     1
102
RTVSPost2010Prop55
280
     0
102
RTVSPost2010PropOp55
 70
     1
102
RTVSPost2010Prop56
140
1.0
102
RTVSPost2010PropOp56
 70
     1
102
RTVSPost2010Prop57
140
1.0
102
RTVSPost2010PropOp57
 70
     1
  0
XRECORD
  5
177D
102
{ACAD_REACTORS
330
177C
102
}
330
177C
100
AcDbXrecord
280
     1
102
RTVSPost2010Prop28
280
     0
102
RTVSPost2010PropOp28
 70
     1
102
RTVSPost2010Prop29
280
     1
102
RTVSPost2010PropOp29
 70
     1
102
RTVSPost2010Prop30
280
     1
102
RTVSPost2010PropOp30
 70
     1
102
RTVSPost2010Prop31
280
     0
102
RTVSPost2010PropOp31
 70
     1
102
RTVSPost2010Prop32
280
     0
102
RTVSPost2010PropOp32
 70
     1
102
RTVSPost2010Prop33
280
     0
102
RTVSPost2010PropOp33
 70
     1
102
RTVSPost2010Prop34
280
     0
102
RTVSPost2010PropOp34
 70
     1
102
RTVSPost2010Prop35
280
     0
102
RTVSPost2010PropOp35
 70
     1
102
RTVSPost2010Prop36
280
     0
102
RTVSPost2010PropOp36
 70
     1
102
RTVSPost2010Prop37
 90
       50
102
RTVSPost2010PropOp37
 70
     1
102
RTVSPost2010Prop38
140
0.0
102
RTVSPost2010PropOp38
 70
     1
102
RTVSPost2010Prop39
140
1.0
102
RTVSPost2010PropOp39
 70
     1
102
RTVSPost2010Prop40
 90
        0
102
RTVSPost2010PropOp40
 70
     1
102
RTVSPost2010Prop41ColorIndex
 90
       18
102
RTVSPost2010Prop41ColorRGB
 90
        0
102
RTVSPost2010PropOp41
 70
     1
102
RTVSPost2010Prop42
 90
       50
102
RTVSPost2010PropOp42
 70
     1
102
RTVSPost2010Prop43
 90
        3
102
RTVSPost2010PropOp43
 70
     1
102
RTVSPost2010Prop44ColorIndex
 90
        5
102
RTVSPost2010Prop44ColorRGB
 90
      255
102
RTVSPost2010PropOp44
 70
     1
102
RTVSPost2010Prop45
280
     0
102
RTVSPost2010PropOp45
 70
     1
102
RTVSPost2010Prop46
 90
       50
102
RTVSPost2010PropOp46
 70
     1
102
RTVSPost2010Prop47
 90
       50
102
RTVSPost2010PropOp47
 70
     1
102
RTVSPost2010Prop48
 90
       50
102
RTVSPost2010PropOp48
 70
     1
102
RTVSPost2010Prop49
280
     0
102
RTVSPost2010PropOp49
 70
     1
102
RTVSPost2010Prop50
 90
       50
102
RTVSPost2010PropOp50
 70
     1
102
RTVSPost2010Prop51ColorIndex
 90
      256
102
RTVSPost2010Prop51ColorRGB
 90
-16777216
102
RTVSPost2010PropOp51
 70
     0
102
RTVSPost2010Prop52
140
1.0
102
RTVSPost2010PropOp52
 70
     0
102
RTVSPost2010Prop53
 90
        2
102
RTVSPost2010PropOp53
 70
     1
102
RTVSPost2010Prop54
  1
strokes_ogs.tif
102
RTVSPost2010PropOp54
 70
     1
102
RTVSPost2010Prop55
280
     0
102
RTVSPost2010PropOp55
 70
     1
102
RTVSPost2010Prop56
140
1.0
102
RTVSPost2010PropOp56
 70
     1
102
RTVSPost2010Prop57
140
1.0
102
RTVSPost2010PropOp57
 70
     1
  0
XRECORD
  5
178D
102
{ACAD_REACTORS
330
178C
102
}
330
178C
100
AcDbXrecord
280
     1
102
RTVSPost2010Prop28
280
     0
102
RTVSPost2010PropOp28
 70
     1
102
RTVSPost2010Prop29
280
     1
102
RTVSPost2010PropOp29
 70
     1
102
RTVSPost2010Prop30
280
     1
102
RTVSPost2010PropOp30
 70
     1
102
RTVSPost2010Prop31
280
     0
102
RTVSPost2010PropOp31
 70
     1
102
RTVSPost2010Prop32
280
     0
102
RTVSPost2010PropOp32
 70
     1
102
RTVSPost2010Prop33
280
     0
102
RTVSPost2010PropOp33
 70
     1
102
RTVSPost2010Prop34
280
     0
102
RTVSPost2010PropOp34
 70
     1
102
RTVSPost2010Prop35
280
     0
102
RTVSPost2010PropOp35
 70
     1
102
RTVSPost2010Prop36
280
     0
102
RTVSPost2010PropOp36
 70
     1
102
RTVSPost2010Prop37
 90
       50
102
RTVSPost2010PropOp37
 70
     1
102
RTVSPost2010Prop38
140
0.0
102
RTVSPost2010PropOp38
 70
     1
102
RTVSPost2010Prop39
140
1.0
102
RTVSPost2010PropOp39
 70
     1
102
RTVSPost2010Prop40
 90
        0
102
RTVSPost2010PropOp40
 70
     1
102
RTVSPost2010Prop41ColorIndex
 90
       18
102
RTVSPost2010Prop41ColorRGB
 90
        0
102
RTVSPost2010PropOp41
 70
     1
102
RTVSPost2010Prop42
 90
       50
102
RTVSPost2010PropOp42
 70
     1
102
RTVSPost2010Prop43
 90
        3
102
RTVSPost2010PropOp43
 70
     1
102
RTVSPost2010Prop44ColorIndex
 90
        5
102
RTVSPost2010Prop44ColorRGB
 90
      255
102
RTVSPost2010PropOp44
 70
     1
102
RTVSPost2010Prop45
280
     0
102
RTVSPost2010PropOp45
 70
     1
102
RTVSPost2010Prop46
 90
       50
102
RTVSPost2010PropOp46
 70
     1
102
RTVSPost2010Prop47
 90
       50
102
RTVSPost2010PropOp47
 70
     1
102
RTVSPost2010Prop48
 90
       50
102
RTVSPost2010PropOp48
 70
     1
102
RTVSPost2010Prop49
280
     0
102
RTVSPost2010PropOp49
 70
     1
102
RTVSPost2010Prop50
 90
       50
102
RTVSPost2010PropOp50
 70
     1
102
RTVSPost2010Prop51ColorIndex
 90
      256
102
RTVSPost2010Prop51ColorRGB
 90
-16777216
102
RTVSPost2010PropOp51
 70
     0
102
RTVSPost2010Prop52
140
1.0
102
RTVSPost2010PropOp52
 70
     0
102
RTVSPost2010Prop53
 90
        2
102
RTVSPost2010PropOp53
 70
     1
102
RTVSPost2010Prop54
  1
strokes_ogs.tif
102
RTVSPost2010PropOp54
 70
     1
102
RTVSPost2010Prop55
280
     0
102
RTVSPost2010PropOp55
 70
     1
102
RTVSPost2010Prop56
140
1.0
102
RTVSPost2010PropOp56
 70
     1
102
RTVSPost2010Prop57
140
1.0
102
RTVSPost2010PropOp57
 70
     1
  0
XRECORD
  5
1785
102
{ACAD_REACTORS
330
1784
102
}
330
1784
100
AcDbXrecord
280
     1
102
RTVSPost2010Prop28
280
     0
102
RTVSPost2010PropOp28
 70
     1
102
RTVSPost2010Prop29
280
     1
102
RTVSPost2010PropOp29
 70
     1
102
RTVSPost2010Prop30
280
     1
102
RTVSPost2010PropOp30
 70
     1
102
RTVSPost2010Prop31
280
     0
102
RTVSPost2010PropOp31
 70
     1
102
RTVSPost2010Prop32
280
     0
102
RTVSPost2010PropOp32
 70
     1
102
RTVSPost2010Prop33
280
     0
102
RTVSPost2010PropOp33
 70
     1
102
RTVSPost2010Prop34
280
     0
102
RTVSPost2010PropOp34
 70
     1
102
RTVSPost2010Prop35
280
     0
102
RTVSPost2010PropOp35
 70
     1
102
RTVSPost2010Prop36
280
     0
102
RTVSPost2010PropOp36
 70
     1
102
RTVSPost2010Prop37
 90
       50
102
RTVSPost2010PropOp37
 70
     1
102
RTVSPost2010Prop38
140
0.0
102
RTVSPost2010PropOp38
 70
     1
102
RTVSPost2010Prop39
140
1.0
102
RTVSPost2010PropOp39
 70
     1
102
RTVSPost2010Prop40
 90
        0
102
RTVSPost2010PropOp40
 70
     1
102
RTVSPost2010Prop41ColorIndex
 90
       18
102
RTVSPost2010Prop41ColorRGB
 90
        0
102
RTVSPost2010PropOp41
 70
     1
102
RTVSPost2010Prop42
 90
       50
102
RTVSPost2010PropOp42
 70
     1
102
RTVSPost2010Prop43
 90
        3
102
RTVSPost2010PropOp43
 70
     1
102
RTVSPost2010Prop44ColorIndex
 90
        5
102
RTVSPost2010Prop44ColorRGB
 90
      255
102
RTVSPost2010PropOp44
 70
     1
102
RTVSPost2010Prop45
280
     0
102
RTVSPost2010PropOp45
 70
     1
102
RTVSPost2010Prop46
 90
       50
102
RTVSPost2010PropOp46
 70
     1
102
RTVSPost2010Prop47
 90
       50
102
RTVSPost2010PropOp47
 70
     1
102
RTVSPost2010Prop48
 90
       50
102
RTVSPost2010PropOp48
 70
     1
102
RTVSPost2010Prop49
280
     0
102
RTVSPost2010PropOp49
 70
     1
102
RTVSPost2010Prop50
 90
       50
102
RTVSPost2010PropOp50
 70
     1
102
RTVSPost2010Prop51ColorIndex
 90
      256
102
RTVSPost2010Prop51ColorRGB
 90
-16777216
102
RTVSPost2010PropOp51
 70
     0
102
RTVSPost2010Prop52
140
1.0
102
RTVSPost2010PropOp52
 70
     0
102
RTVSPost2010Prop53
 90
        2
102
RTVSPost2010PropOp53
 70
     1
102
RTVSPost2010Prop54
  1
strokes_ogs.tif
102
RTVSPost2010PropOp54
 70
     1
102
RTVSPost2010Prop55
280
     0
102
RTVSPost2010PropOp55
 70
     1
102
RTVSPost2010Prop56
140
1.0
102
RTVSPost2010PropOp56
 70
     1
102
RTVSPost2010Prop57
140
1.0
102
RTVSPost2010PropOp57
 70
     1
  0
XRECORD
  5
1769
102
{ACAD_REACTORS
330
1768
102
}
330
1768
100
AcDbXrecord
280
     1
102
RTVSPost2010Prop28
280
     0
102
RTVSPost2010PropOp28
 70
     1
102
RTVSPost2010Prop29
280
     1
102
RTVSPost2010PropOp29
 70
     1
102
RTVSPost2010Prop30
280
     1
102
RTVSPost2010PropOp30
 70
     1
102
RTVSPost2010Prop31
280
     0
102
RTVSPost2010PropOp31
 70
     1
102
RTVSPost2010Prop32
280
     0
102
RTVSPost2010PropOp32
 70
     1
102
RTVSPost2010Prop33
280
     0
102
RTVSPost2010PropOp33
 70
     1
102
RTVSPost2010Prop34
280
     0
102
RTVSPost2010PropOp34
 70
     1
102
RTVSPost2010Prop35
280
     0
102
RTVSPost2010PropOp35
 70
     1
102
RTVSPost2010Prop36
280
     0
102
RTVSPost2010PropOp36
 70
     1
102
RTVSPost2010Prop37
 90
       50
102
RTVSPost2010PropOp37
 70
     1
102
RTVSPost2010Prop38
140
0.0
102
RTVSPost2010PropOp38
 70
     1
102
RTVSPost2010Prop39
140
1.0
102
RTVSPost2010PropOp39
 70
     1
102
RTVSPost2010Prop40
 90
        0
102
RTVSPost2010PropOp40
 70
     1
102
RTVSPost2010Prop41ColorIndex
 90
       18
102
RTVSPost2010Prop41ColorRGB
 90
        0
102
RTVSPost2010PropOp41
 70
     1
102
RTVSPost2010Prop42
 90
       50
102
RTVSPost2010PropOp42
 70
     1
102
RTVSPost2010Prop43
 90
        3
102
RTVSPost2010PropOp43
 70
     1
102
RTVSPost2010Prop44ColorIndex
 90
        5
102
RTVSPost2010Prop44ColorRGB
 90
      255
102
RTVSPost2010PropOp44
 70
     1
102
RTVSPost2010Prop45
280
     0
102
RTVSPost2010PropOp45
 70
     1
102
RTVSPost2010Prop46
 90
       50
102
RTVSPost2010PropOp46
 70
     1
102
RTVSPost2010Prop47
 90
       50
102
RTVSPost2010PropOp47
 70
     1
102
RTVSPost2010Prop48
 90
       50
102
RTVSPost2010PropOp48
 70
     1
102
RTVSPost2010Prop49
280
     0
102
RTVSPost2010PropOp49
 70
     1
102
RTVSPost2010Prop50
 90
       50
102
RTVSPost2010PropOp50
 70
     1
102
RTVSPost2010Prop51ColorIndex
 90
      256
102
RTVSPost2010Prop51ColorRGB
 90
-16777216
102
RTVSPost2010PropOp51
 70
     0
102
RTVSPost2010Prop52
140
1.0
102
RTVSPost2010PropOp52
 70
     0
102
RTVSPost2010Prop53
 90
        2
102
RTVSPost2010PropOp53
 70
     1
102
RTVSPost2010Prop54
  1
strokes_ogs.tif
102
RTVSPost2010PropOp54
 70
     1
102
RTVSPost2010Prop55
280
     0
102
RTVSPost2010PropOp55
 70
     1
102
RTVSPost2010Prop56
140
1.0
102
RTVSPost2010PropOp56
 70
     1
102
RTVSPost2010Prop57
140
1.0
102
RTVSPost2010PropOp57
 70
     1
  0
XRECORD
  5
176B
102
{ACAD_REACTORS
330
176A
102
}
330
176A
100
AcDbXrecord
280
     1
102
RTVSPost2010Prop28
280
     0
102
RTVSPost2010PropOp28
 70
     1
102
RTVSPost2010Prop29
280
     1
102
RTVSPost2010PropOp29
 70
     1
102
RTVSPost2010Prop30
280
     1
102
RTVSPost2010PropOp30
 70
     1
102
RTVSPost2010Prop31
280
     0
102
RTVSPost2010PropOp31
 70
     1
102
RTVSPost2010Prop32
280
     0
102
RTVSPost2010PropOp32
 70
     1
102
RTVSPost2010Prop33
280
     0
102
RTVSPost2010PropOp33
 70
     1
102
RTVSPost2010Prop34
280
     0
102
RTVSPost2010PropOp34
 70
     1
102
RTVSPost2010Prop35
280
     0
102
RTVSPost2010PropOp35
 70
     1
102
RTVSPost2010Prop36
280
     0
102
RTVSPost2010PropOp36
 70
     1
102
RTVSPost2010Prop37
 90
       50
102
RTVSPost2010PropOp37
 70
     1
102
RTVSPost2010Prop38
140
0.0
102
RTVSPost2010PropOp38
 70
     1
102
RTVSPost2010Prop39
140
1.0
102
RTVSPost2010PropOp39
 70
     1
102
RTVSPost2010Prop40
 90
        0
102
RTVSPost2010PropOp40
 70
     1
102
RTVSPost2010Prop41ColorIndex
 90
       18
102
RTVSPost2010Prop41ColorRGB
 90
        0
102
RTVSPost2010PropOp41
 70
     1
102
RTVSPost2010Prop42
 90
       50
102
RTVSPost2010PropOp42
 70
     1
102
RTVSPost2010Prop43
 90
        3
102
RTVSPost2010PropOp43
 70
     1
102
RTVSPost2010Prop44ColorIndex
 90
        5
102
RTVSPost2010Prop44ColorRGB
 90
      255
102
RTVSPost2010PropOp44
 70
     1
102
RTVSPost2010Prop45
280
     0
102
RTVSPost2010PropOp45
 70
     1
102
RTVSPost2010Prop46
 90
       50
102
RTVSPost2010PropOp46
 70
     1
102
RTVSPost2010Prop47
 90
       50
102
RTVSPost2010PropOp47
 70
     1
102
RTVSPost2010Prop48
 90
       50
102
RTVSPost2010PropOp48
 70
     1
102
RTVSPost2010Prop49
280
     0
102
RTVSPost2010PropOp49
 70
     1
102
RTVSPost2010Prop50
 90
       50
102
RTVSPost2010PropOp50
 70
     1
102
RTVSPost2010Prop51ColorIndex
 90
      256
102
RTVSPost2010Prop51ColorRGB
 90
-16777216
102
RTVSPost2010PropOp51
 70
     0
102
RTVSPost2010Prop52
140
1.0
102
RTVSPost2010PropOp52
 70
     0
102
RTVSPost2010Prop53
 90
        2
102
RTVSPost2010PropOp53
 70
     1
102
RTVSPost2010Prop54
  1
strokes_ogs.tif
102
RTVSPost2010PropOp54
 70
     1
102
RTVSPost2010Prop55
280
     0
102
RTVSPost2010PropOp55
 70
     1
102
RTVSPost2010Prop56
140
1.0
102
RTVSPost2010PropOp56
 70
     1
102
RTVSPost2010Prop57
140
1.0
102
RTVSPost2010PropOp57
 70
     1
  0
XRECORD
  5
176D
102
{ACAD_REACTORS
330
176C
102
}
330
176C
100
AcDbXrecord
280
     1
102
RTVSPost2010Prop28
280
     0
102
RTVSPost2010PropOp28
 70
     1
102
RTVSPost2010Prop29
280
     1
102
RTVSPost2010PropOp29
 70
     1
102
RTVSPost2010Prop30
280
     1
102
RTVSPost2010PropOp30
 70
     1
102
RTVSPost2010Prop31
280
     0
102
RTVSPost2010PropOp31
 70
     1
102
RTVSPost2010Prop32
280
     0
102
RTVSPost2010PropOp32
 70
     1
102
RTVSPost2010Prop33
280
     0
102
RTVSPost2010PropOp33
 70
     1
102
RTVSPost2010Prop34
280
     0
102
RTVSPost2010PropOp34
 70
     1
102
RTVSPost2010Prop35
280
     0
102
RTVSPost2010PropOp35
 70
     1
102
RTVSPost2010Prop36
280
     0
102
RTVSPost2010PropOp36
 70
     1
102
RTVSPost2010Prop37
 90
       50
102
RTVSPost2010PropOp37
 70
     1
102
RTVSPost2010Prop38
140
0.0
102
RTVSPost2010PropOp38
 70
     1
102
RTVSPost2010Prop39
140
1.0
102
RTVSPost2010PropOp39
 70
     1
102
RTVSPost2010Prop40
 90
        0
102
RTVSPost2010PropOp40
 70
     1
102
RTVSPost2010Prop41ColorIndex
 90
       18
102
RTVSPost2010Prop41ColorRGB
 90
        0
102
RTVSPost2010PropOp41
 70
     1
102
RTVSPost2010Prop42
 90
       50
102
RTVSPost2010PropOp42
 70
     1
102
RTVSPost2010Prop43
 90
        3
102
RTVSPost2010PropOp43
 70
     1
102
RTVSPost2010Prop44ColorIndex
 90
        5
102
RTVSPost2010Prop44ColorRGB
 90
      255
102
RTVSPost2010PropOp44
 70
     1
102
RTVSPost2010Prop45
280
     0
102
RTVSPost2010PropOp45
 70
     1
102
RTVSPost2010Prop46
 90
       50
102
RTVSPost2010PropOp46
 70
     1
102
RTVSPost2010Prop47
 90
       50
102
RTVSPost2010PropOp47
 70
     1
102
RTVSPost2010Prop48
 90
       50
102
RTVSPost2010PropOp48
 70
     1
102
RTVSPost2010Prop49
280
     0
102
RTVSPost2010PropOp49
 70
     1
102
RTVSPost2010Prop50
 90
       50
102
RTVSPost2010PropOp50
 70
     1
102
RTVSPost2010Prop51ColorIndex
 90
      256
102
RTVSPost2010Prop51ColorRGB
 90
-16777216
102
RTVSPost2010PropOp51
 70
     0
102
RTVSPost2010Prop52
140
1.0
102
RTVSPost2010PropOp52
 70
     0
102
RTVSPost2010Prop53
 90
        2
102
RTVSPost2010PropOp53
 70
     1
102
RTVSPost2010Prop54
  1
strokes_ogs.tif
102
RTVSPost2010PropOp54
 70
     1
102
RTVSPost2010Prop55
280
     0
102
RTVSPost2010PropOp55
 70
     1
102
RTVSPost2010Prop56
140
1.0
102
RTVSPost2010PropOp56
 70
     1
102
RTVSPost2010Prop57
140
1.0
102
RTVSPost2010PropOp57
 70
     1
  0
XRECORD
  5
176F
102
{ACAD_REACTORS
330
176E
102
}
330
176E
100
AcDbXrecord
280
     1
102
RTVSPost2010Prop28
280
     0
102
RTVSPost2010PropOp28
 70
     1
102
RTVSPost2010Prop29
280
     1
102
RTVSPost2010PropOp29
 70
     1
102
RTVSPost2010Prop30
280
     1
102
RTVSPost2010PropOp30
 70
     1
102
RTVSPost2010Prop31
280
     0
102
RTVSPost2010PropOp31
 70
     1
102
RTVSPost2010Prop32
280
     0
102
RTVSPost2010PropOp32
 70
     1
102
RTVSPost2010Prop33
280
     0
102
RTVSPost2010PropOp33
 70
     1
102
RTVSPost2010Prop34
280
     0
102
RTVSPost2010PropOp34
 70
     1
102
RTVSPost2010Prop35
280
     0
102
RTVSPost2010PropOp35
 70
     1
102
RTVSPost2010Prop36
280
     0
102
RTVSPost2010PropOp36
 70
     1
102
RTVSPost2010Prop37
 90
       50
102
RTVSPost2010PropOp37
 70
     1
102
RTVSPost2010Prop38
140
0.0
102
RTVSPost2010PropOp38
 70
     1
102
RTVSPost2010Prop39
140
1.0
102
RTVSPost2010PropOp39
 70
     1
102
RTVSPost2010Prop40
 90
        0
102
RTVSPost2010PropOp40
 70
     1
102
RTVSPost2010Prop41ColorIndex
 90
       18
102
RTVSPost2010Prop41ColorRGB
 90
        0
102
RTVSPost2010PropOp41
 70
     1
102
RTVSPost2010Prop42
 90
       50
102
RTVSPost2010PropOp42
 70
     1
102
RTVSPost2010Prop43
 90
        3
102
RTVSPost2010PropOp43
 70
     1
102
RTVSPost2010Prop44ColorIndex
 90
        5
102
RTVSPost2010Prop44ColorRGB
 90
      255
102
RTVSPost2010PropOp44
 70
     1
102
RTVSPost2010Prop45
280
     0
102
RTVSPost2010PropOp45
 70
     1
102
RTVSPost2010Prop46
 90
       50
102
RTVSPost2010PropOp46
 70
     1
102
RTVSPost2010Prop47
 90
       50
102
RTVSPost2010PropOp47
 70
     1
102
RTVSPost2010Prop48
 90
       50
102
RTVSPost2010PropOp48
 70
     1
102
RTVSPost2010Prop49
280
     0
102
RTVSPost2010PropOp49
 70
     1
102
RTVSPost2010Prop50
 90
       50
102
RTVSPost2010PropOp50
 70
     1
102
RTVSPost2010Prop51ColorIndex
 90
      256
102
RTVSPost2010Prop51ColorRGB
 90
-16777216
102
RTVSPost2010PropOp51
 70
     0
102
RTVSPost2010Prop52
140
1.0
102
RTVSPost2010PropOp52
 70
     0
102
RTVSPost2010Prop53
 90
        2
102
RTVSPost2010PropOp53
 70
     1
102
RTVSPost2010Prop54
  1
strokes_ogs.tif
102
RTVSPost2010PropOp54
 70
     1
102
RTVSPost2010Prop55
280
     0
102
RTVSPost2010PropOp55
 70
     1
102
RTVSPost2010Prop56
140
1.0
102
RTVSPost2010PropOp56
 70
     1
102
RTVSPost2010Prop57
140
1.0
102
RTVSPost2010PropOp57
 70
     1
  0
XRECORD
  5
1777
102
{ACAD_REACTORS
330
1776
102
}
330
1776
100
AcDbXrecord
280
     1
102
RTVSPost2010Prop28
280
     0
102
RTVSPost2010PropOp28
 70
     1
102
RTVSPost2010Prop29
280
     1
102
RTVSPost2010PropOp29
 70
     1
102
RTVSPost2010Prop30
280
     1
102
RTVSPost2010PropOp30
 70
     1
102
RTVSPost2010Prop31
280
     0
102
RTVSPost2010PropOp31
 70
     1
102
RTVSPost2010Prop32
280
     0
102
RTVSPost2010PropOp32
 70
     1
102
RTVSPost2010Prop33
280
     0
102
RTVSPost2010PropOp33
 70
     1
102
RTVSPost2010Prop34
280
     0
102
RTVSPost2010PropOp34
 70
     1
102
RTVSPost2010Prop35
280
     0
102
RTVSPost2010PropOp35
 70
     1
102
RTVSPost2010Prop36
280
     0
102
RTVSPost2010PropOp36
 70
     1
102
RTVSPost2010Prop37
 90
       50
102
RTVSPost2010PropOp37
 70
     1
102
RTVSPost2010Prop38
140
0.0
102
RTVSPost2010PropOp38
 70
     1
102
RTVSPost2010Prop39
140
1.0
102
RTVSPost2010PropOp39
 70
     1
102
RTVSPost2010Prop40
 90
        0
102
RTVSPost2010PropOp40
 70
     1
102
RTVSPost2010Prop41ColorIndex
 90
       18
102
RTVSPost2010Prop41ColorRGB
 90
        0
102
RTVSPost2010PropOp41
 70
     1
102
RTVSPost2010Prop42
 90
       50
102
RTVSPost2010PropOp42
 70
     1
102
RTVSPost2010Prop43
 90
        3
102
RTVSPost2010PropOp43
 70
     1
102
RTVSPost2010Prop44ColorIndex
 90
        5
102
RTVSPost2010Prop44ColorRGB
 90
      255
102
RTVSPost2010PropOp44
 70
     1
102
RTVSPost2010Prop45
280
     0
102
RTVSPost2010PropOp45
 70
     1
102
RTVSPost2010Prop46
 90
       50
102
RTVSPost2010PropOp46
 70
     1
102
RTVSPost2010Prop47
 90
       50
102
RTVSPost2010PropOp47
 70
     1
102
RTVSPost2010Prop48
 90
       50
102
RTVSPost2010PropOp48
 70
     1
102
RTVSPost2010Prop49
280
     0
102
RTVSPost2010PropOp49
 70
     1
102
RTVSPost2010Prop50
 90
       50
102
RTVSPost2010PropOp50
 70
     1
102
RTVSPost2010Prop51ColorIndex
 90
      256
102
RTVSPost2010Prop51ColorRGB
 90
-16777216
102
RTVSPost2010PropOp51
 70
     0
102
RTVSPost2010Prop52
140
1.0
102
RTVSPost2010PropOp52
 70
     0
102
RTVSPost2010Prop53
 90
        2
102
RTVSPost2010PropOp53
 70
     1
102
RTVSPost2010Prop54
  1
strokes_ogs.tif
102
RTVSPost2010PropOp54
 70
     1
102
RTVSPost2010Prop55
280
     0
102
RTVSPost2010PropOp55
 70
     1
102
RTVSPost2010Prop56
140
1.0
102
RTVSPost2010PropOp56
 70
     1
102
RTVSPost2010Prop57
140
1.0
102
RTVSPost2010PropOp57
 70
     1
  0
XRECORD
  5
1789
102
{ACAD_REACTORS
330
1788
102
}
330
1788
100
AcDbXrecord
280
     1
102
RTVSPost2010Prop28
280
     0
102
RTVSPost2010PropOp28
 70
     1
102
RTVSPost2010Prop29
280
     1
102
RTVSPost2010PropOp29
 70
     1
102
RTVSPost2010Prop30
280
     1
102
RTVSPost2010PropOp30
 70
     1
102
RTVSPost2010Prop31
280
     0
102
RTVSPost2010PropOp31
 70
     1
102
RTVSPost2010Prop32
280
     0
102
RTVSPost2010PropOp32
 70
     1
102
RTVSPost2010Prop33
280
     0
102
RTVSPost2010PropOp33
 70
     1
102
RTVSPost2010Prop34
280
     0
102
RTVSPost2010PropOp34
 70
     1
102
RTVSPost2010Prop35
280
     0
102
RTVSPost2010PropOp35
 70
     1
102
RTVSPost2010Prop36
280
     0
102
RTVSPost2010PropOp36
 70
     1
102
RTVSPost2010Prop37
 90
       50
102
RTVSPost2010PropOp37
 70
     1
102
RTVSPost2010Prop38
140
0.0
102
RTVSPost2010PropOp38
 70
     1
102
RTVSPost2010Prop39
140
1.0
102
RTVSPost2010PropOp39
 70
     1
102
RTVSPost2010Prop40
 90
        0
102
RTVSPost2010PropOp40
 70
     1
102
RTVSPost2010Prop41ColorIndex
 90
       18
102
RTVSPost2010Prop41ColorRGB
 90
        0
102
RTVSPost2010PropOp41
 70
     1
102
RTVSPost2010Prop42
 90
       50
102
RTVSPost2010PropOp42
 70
     1
102
RTVSPost2010Prop43
 90
        3
102
RTVSPost2010PropOp43
 70
     1
102
RTVSPost2010Prop44ColorIndex
 90
        5
102
RTVSPost2010Prop44ColorRGB
 90
      255
102
RTVSPost2010PropOp44
 70
     1
102
RTVSPost2010Prop45
280
     0
102
RTVSPost2010PropOp45
 70
     1
102
RTVSPost2010Prop46
 90
       50
102
RTVSPost2010PropOp46
 70
     1
102
RTVSPost2010Prop47
 90
       50
102
RTVSPost2010PropOp47
 70
     1
102
RTVSPost2010Prop48
 90
       50
102
RTVSPost2010PropOp48
 70
     1
102
RTVSPost2010Prop49
280
     0
102
RTVSPost2010PropOp49
 70
     1
102
RTVSPost2010Prop50
 90
       50
102
RTVSPost2010PropOp50
 70
     1
102
RTVSPost2010Prop51ColorIndex
 90
      256
102
RTVSPost2010Prop51ColorRGB
 90
-16777216
102
RTVSPost2010PropOp51
 70
     0
102
RTVSPost2010Prop52
140
1.0
102
RTVSPost2010PropOp52
 70
     0
102
RTVSPost2010Prop53
 90
        2
102
RTVSPost2010PropOp53
 70
     1
102
RTVSPost2010Prop54
  1
strokes_ogs.tif
102
RTVSPost2010PropOp54
 70
     1
102
RTVSPost2010Prop55
280
     0
102
RTVSPost2010PropOp55
 70
     1
102
RTVSPost2010Prop56
140
1.0
102
RTVSPost2010PropOp56
 70
     1
102
RTVSPost2010Prop57
140
1.0
102
RTVSPost2010PropOp57
 70
     1
  0
XRECORD
  5
1783
102
{ACAD_REACTORS
330
1782
102
}
330
1782
100
AcDbXrecord
280
     1
102
RTVSPost2010Prop28
280
     0
102
RTVSPost2010PropOp28
 70
     1
102
RTVSPost2010Prop29
280
     1
102
RTVSPost2010PropOp29
 70
     1
102
RTVSPost2010Prop30
280
     1
102
RTVSPost2010PropOp30
 70
     1
102
RTVSPost2010Prop31
280
     0
102
RTVSPost2010PropOp31
 70
     1
102
RTVSPost2010Prop32
280
     0
102
RTVSPost2010PropOp32
 70
     1
102
RTVSPost2010Prop33
280
     0
102
RTVSPost2010PropOp33
 70
     1
102
RTVSPost2010Prop34
280
     0
102
RTVSPost2010PropOp34
 70
     1
102
RTVSPost2010Prop35
280
     0
102
RTVSPost2010PropOp35
 70
     1
102
RTVSPost2010Prop36
280
     0
102
RTVSPost2010PropOp36
 70
     1
102
RTVSPost2010Prop37
 90
       50
102
RTVSPost2010PropOp37
 70
     1
102
RTVSPost2010Prop38
140
0.0
102
RTVSPost2010PropOp38
 70
     1
102
RTVSPost2010Prop39
140
1.0
102
RTVSPost2010PropOp39
 70
     1
102
RTVSPost2010Prop40
 90
        0
102
RTVSPost2010PropOp40
 70
     1
102
RTVSPost2010Prop41ColorIndex
 90
       18
102
RTVSPost2010Prop41ColorRGB
 90
        0
102
RTVSPost2010PropOp41
 70
     1
102
RTVSPost2010Prop42
 90
       50
102
RTVSPost2010PropOp42
 70
     1
102
RTVSPost2010Prop43
 90
        3
102
RTVSPost2010PropOp43
 70
     1
102
RTVSPost2010Prop44ColorIndex
 90
        5
102
RTVSPost2010Prop44ColorRGB
 90
      255
102
RTVSPost2010PropOp44
 70
     1
102
RTVSPost2010Prop45
280
     0
102
RTVSPost2010PropOp45
 70
     1
102
RTVSPost2010Prop46
 90
       50
102
RTVSPost2010PropOp46
 70
     1
102
RTVSPost2010Prop47
 90
       50
102
RTVSPost2010PropOp47
 70
     1
102
RTVSPost2010Prop48
 90
       50
102
RTVSPost2010PropOp48
 70
     1
102
RTVSPost2010Prop49
280
     0
102
RTVSPost2010PropOp49
 70
     1
102
RTVSPost2010Prop50
 90
       50
102
RTVSPost2010PropOp50
 70
     1
102
RTVSPost2010Prop51ColorIndex
 90
      256
102
RTVSPost2010Prop51ColorRGB
 90
-16777216
102
RTVSPost2010PropOp51
 70
     0
102
RTVSPost2010Prop52
140
1.0
102
RTVSPost2010PropOp52
 70
     0
102
RTVSPost2010Prop53
 90
        2
102
RTVSPost2010PropOp53
 70
     1
102
RTVSPost2010Prop54
  1
strokes_ogs.tif
102
RTVSPost2010PropOp54
 70
     1
102
RTVSPost2010Prop55
280
     0
102
RTVSPost2010PropOp55
 70
     1
102
RTVSPost2010Prop56
140
1.0
102
RTVSPost2010PropOp56
 70
     1
102
RTVSPost2010Prop57
140
1.0
102
RTVSPost2010PropOp57
 70
     1
  0
XRECORD
  5
178B
102
{ACAD_REACTORS
330
178A
102
}
330
178A
100
AcDbXrecord
280
     1
102
RTVSPost2010Prop28
280
     0
102
RTVSPost2010PropOp28
 70
     1
102
RTVSPost2010Prop29
280
     1
102
RTVSPost2010PropOp29
 70
     1
102
RTVSPost2010Prop30
280
     1
102
RTVSPost2010PropOp30
 70
     1
102
RTVSPost2010Prop31
280
     0
102
RTVSPost2010PropOp31
 70
     1
102
RTVSPost2010Prop32
280
     0
102
RTVSPost2010PropOp32
 70
     1
102
RTVSPost2010Prop33
280
     0
102
RTVSPost2010PropOp33
 70
     1
102
RTVSPost2010Prop34
280
     0
102
RTVSPost2010PropOp34
 70
     1
102
RTVSPost2010Prop35
280
     0
102
RTVSPost2010PropOp35
 70
     1
102
RTVSPost2010Prop36
280
     0
102
RTVSPost2010PropOp36
 70
     1
102
RTVSPost2010Prop37
 90
       50
102
RTVSPost2010PropOp37
 70
     1
102
RTVSPost2010Prop38
140
0.0
102
RTVSPost2010PropOp38
 70
     1
102
RTVSPost2010Prop39
140
1.0
102
RTVSPost2010PropOp39
 70
     1
102
RTVSPost2010Prop40
 90
        0
102
RTVSPost2010PropOp40
 70
     1
102
RTVSPost2010Prop41ColorIndex
 90
       18
102
RTVSPost2010Prop41ColorRGB
 90
        0
102
RTVSPost2010PropOp41
 70
     1
102
RTVSPost2010Prop42
 90
       50
102
RTVSPost2010PropOp42
 70
     1
102
RTVSPost2010Prop43
 90
        3
102
RTVSPost2010PropOp43
 70
     1
102
RTVSPost2010Prop44ColorIndex
 90
        5
102
RTVSPost2010Prop44ColorRGB
 90
      255
102
RTVSPost2010PropOp44
 70
     1
102
RTVSPost2010Prop45
280
     0
102
RTVSPost2010PropOp45
 70
     1
102
RTVSPost2010Prop46
 90
       50
102
RTVSPost2010PropOp46
 70
     1
102
RTVSPost2010Prop47
 90
       50
102
RTVSPost2010PropOp47
 70
     1
102
RTVSPost2010Prop48
 90
       50
102
RTVSPost2010PropOp48
 70
     1
102
RTVSPost2010Prop49
280
     0
102
RTVSPost2010PropOp49
 70
     1
102
RTVSPost2010Prop50
 90
       50
102
RTVSPost2010PropOp50
 70
     1
102
RTVSPost2010Prop51ColorIndex
 90
      256
102
RTVSPost2010Prop51ColorRGB
 90
-16777216
102
RTVSPost2010PropOp51
 70
     0
102
RTVSPost2010Prop52
140
1.0
102
RTVSPost2010PropOp52
 70
     0
102
RTVSPost2010Prop53
 90
        2
102
RTVSPost2010PropOp53
 70
     1
102
RTVSPost2010Prop54
  1
strokes_ogs.tif
102
RTVSPost2010PropOp54
 70
     1
102
RTVSPost2010Prop55
280
     0
102
RTVSPost2010PropOp55
 70
     1
102
RTVSPost2010Prop56
140
1.0
102
RTVSPost2010PropOp56
 70
     1
102
RTVSPost2010Prop57
140
1.0
102
RTVSPost2010PropOp57
 70
     1
  0
XRECORD
  5
177B
102
{ACAD_REACTORS
330
177A
102
}
330
177A
100
AcDbXrecord
280
     1
102
RTVSPost2010Prop28
280
     0
102
RTVSPost2010PropOp28
 70
     1
102
RTVSPost2010Prop29
280
     1
102
RTVSPost2010PropOp29
 70
     1
102
RTVSPost2010Prop30
280
     1
102
RTVSPost2010PropOp30
 70
     1
102
RTVSPost2010Prop31
280
     0
102
RTVSPost2010PropOp31
 70
     1
102
RTVSPost2010Prop32
280
     0
102
RTVSPost2010PropOp32
 70
     1
102
RTVSPost2010Prop33
280
     0
102
RTVSPost2010PropOp33
 70
     1
102
RTVSPost2010Prop34
280
     0
102
RTVSPost2010PropOp34
 70
     1
102
RTVSPost2010Prop35
280
     0
102
RTVSPost2010PropOp35
 70
     1
102
RTVSPost2010Prop36
280
     0
102
RTVSPost2010PropOp36
 70
     1
102
RTVSPost2010Prop37
 90
       50
102
RTVSPost2010PropOp37
 70
     1
102
RTVSPost2010Prop38
140
0.0
102
RTVSPost2010PropOp38
 70
     1
102
RTVSPost2010Prop39
140
1.0
102
RTVSPost2010PropOp39
 70
     1
102
RTVSPost2010Prop40
 90
        0
102
RTVSPost2010PropOp40
 70
     1
102
RTVSPost2010Prop41ColorIndex
 90
       18
102
RTVSPost2010Prop41ColorRGB
 90
        0
102
RTVSPost2010PropOp41
 70
     1
102
RTVSPost2010Prop42
 90
       50
102
RTVSPost2010PropOp42
 70
     1
102
RTVSPost2010Prop43
 90
        3
102
RTVSPost2010PropOp43
 70
     1
102
RTVSPost2010Prop44ColorIndex
 90
        5
102
RTVSPost2010Prop44ColorRGB
 90
      255
102
RTVSPost2010PropOp44
 70
     1
102
RTVSPost2010Prop45
280
     0
102
RTVSPost2010PropOp45
 70
     1
102
RTVSPost2010Prop46
 90
       50
102
RTVSPost2010PropOp46
 70
     1
102
RTVSPost2010Prop47
 90
       50
102
RTVSPost2010PropOp47
 70
     1
102
RTVSPost2010Prop48
 90
       50
102
RTVSPost2010PropOp48
 70
     1
102
RTVSPost2010Prop49
280
     0
102
RTVSPost2010PropOp49
 70
     1
102
RTVSPost2010Prop50
 90
       50
102
RTVSPost2010PropOp50
 70
     1
102
RTVSPost2010Prop51ColorIndex
 90
      256
102
RTVSPost2010Prop51ColorRGB
 90
-16777216
102
RTVSPost2010PropOp51
 70
     0
102
RTVSPost2010Prop52
140
1.0
102
RTVSPost2010PropOp52
 70
     0
102
RTVSPost2010Prop53
 90
        2
102
RTVSPost2010PropOp53
 70
     1
102
RTVSPost2010Prop54
  1
strokes_ogs.tif
102
RTVSPost2010PropOp54
 70
     1
102
RTVSPost2010Prop55
280
     0
102
RTVSPost2010PropOp55
 70
     1
102
RTVSPost2010Prop56
140
1.0
102
RTVSPost2010PropOp56
 70
     1
102
RTVSPost2010Prop57
140
1.0
102
RTVSPost2010PropOp57
 70
     1
  0
XRECORD
  5
1797
102
{ACAD_REACTORS
330
1796
102
}
330
1796
100
AcDbXrecord
280
     1
102
RTVSPost2010Prop28
280
     0
102
RTVSPost2010PropOp28
 70
     1
102
RTVSPost2010Prop29
280
     1
102
RTVSPost2010PropOp29
 70
     1
102
RTVSPost2010Prop30
280
     1
102
RTVSPost2010PropOp30
 70
     1
102
RTVSPost2010Prop31
280
     0
102
RTVSPost2010PropOp31
 70
     1
102
RTVSPost2010Prop32
280
     0
102
RTVSPost2010PropOp32
 70
     1
102
RTVSPost2010Prop33
280
     0
102
RTVSPost2010PropOp33
 70
     1
102
RTVSPost2010Prop34
280
     0
102
RTVSPost2010PropOp34
 70
     1
102
RTVSPost2010Prop35
280
     0
102
RTVSPost2010PropOp35
 70
     1
102
RTVSPost2010Prop36
280
     0
102
RTVSPost2010PropOp36
 70
     1
102
RTVSPost2010Prop37
 90
       50
102
RTVSPost2010PropOp37
 70
     1
102
RTVSPost2010Prop38
140
0.0
102
RTVSPost2010PropOp38
 70
     1
102
RTVSPost2010Prop39
140
1.0
102
RTVSPost2010PropOp39
 70
     1
102
RTVSPost2010Prop40
 90
        0
102
RTVSPost2010PropOp40
 70
     1
102
RTVSPost2010Prop41ColorIndex
 90
       18
102
RTVSPost2010Prop41ColorRGB
 90
        0
102
RTVSPost2010PropOp41
 70
     1
102
RTVSPost2010Prop42
 90
       50
102
RTVSPost2010PropOp42
 70
     1
102
RTVSPost2010Prop43
 90
        3
102
RTVSPost2010PropOp43
 70
     1
102
RTVSPost2010Prop44ColorIndex
 90
        5
102
RTVSPost2010Prop44ColorRGB
 90
      255
102
RTVSPost2010PropOp44
 70
     1
102
RTVSPost2010Prop45
280
     0
102
RTVSPost2010PropOp45
 70
     1
102
RTVSPost2010Prop46
 90
       50
102
RTVSPost2010PropOp46
 70
     1
102
RTVSPost2010Prop47
 90
       50
102
RTVSPost2010PropOp47
 70
     1
102
RTVSPost2010Prop48
 90
       50
102
RTVSPost2010PropOp48
 70
     1
102
RTVSPost2010Prop49
280
     0
102
RTVSPost2010PropOp49
 70
     1
102
RTVSPost2010Prop50
 90
       50
102
RTVSPost2010PropOp50
 70
     1
102
RTVSPost2010Prop51ColorIndex
 90
      256
102
RTVSPost2010Prop51ColorRGB
 90
-16777216
102
RTVSPost2010PropOp51
 70
     0
102
RTVSPost2010Prop52
140
1.0
102
RTVSPost2010PropOp52
 70
     0
102
RTVSPost2010Prop53
 90
        2
102
RTVSPost2010PropOp53
 70
     1
102
RTVSPost2010Prop54
  1
strokes_ogs.tif
102
RTVSPost2010PropOp54
 70
     1
102
RTVSPost2010Prop55
280
     0
102
RTVSPost2010PropOp55
 70
     1
102
RTVSPost2010Prop56
140
1.0
102
RTVSPost2010PropOp56
 70
     1
102
RTVSPost2010Prop57
140
1.0
102
RTVSPost2010PropOp57
 70
     1
  0
XRECORD
  5
1795
102
{ACAD_REACTORS
330
1794
102
}
330
1794
100
AcDbXrecord
280
     1
102
RTVSPost2010Prop28
280
     0
102
RTVSPost2010PropOp28
 70
     1
102
RTVSPost2010Prop29
280
     1
102
RTVSPost2010PropOp29
 70
     1
102
RTVSPost2010Prop30
280
     1
102
RTVSPost2010PropOp30
 70
     1
102
RTVSPost2010Prop31
280
     0
102
RTVSPost2010PropOp31
 70
     1
102
RTVSPost2010Prop32
280
     0
102
RTVSPost2010PropOp32
 70
     1
102
RTVSPost2010Prop33
280
     0
102
RTVSPost2010PropOp33
 70
     1
102
RTVSPost2010Prop34
280
     0
102
RTVSPost2010PropOp34
 70
     1
102
RTVSPost2010Prop35
280
     0
102
RTVSPost2010PropOp35
 70
     1
102
RTVSPost2010Prop36
280
     0
102
RTVSPost2010PropOp36
 70
     1
102
RTVSPost2010Prop37
 90
       50
102
RTVSPost2010PropOp37
 70
     1
102
RTVSPost2010Prop38
140
0.0
102
RTVSPost2010PropOp38
 70
     1
102
RTVSPost2010Prop39
140
1.0
102
RTVSPost2010PropOp39
 70
     1
102
RTVSPost2010Prop40
 90
        0
102
RTVSPost2010PropOp40
 70
     1
102
RTVSPost2010Prop41ColorIndex
 90
       18
102
RTVSPost2010Prop41ColorRGB
 90
        0
102
RTVSPost2010PropOp41
 70
     1
102
RTVSPost2010Prop42
 90
       50
102
RTVSPost2010PropOp42
 70
     1
102
RTVSPost2010Prop43
 90
        3
102
RTVSPost2010PropOp43
 70
     1
102
RTVSPost2010Prop44ColorIndex
 90
        5
102
RTVSPost2010Prop44ColorRGB
 90
      255
102
RTVSPost2010PropOp44
 70
     1
102
RTVSPost2010Prop45
280
     0
102
RTVSPost2010PropOp45
 70
     1
102
RTVSPost2010Prop46
 90
       50
102
RTVSPost2010PropOp46
 70
     1
102
RTVSPost2010Prop47
 90
       50
102
RTVSPost2010PropOp47
 70
     1
102
RTVSPost2010Prop48
 90
       50
102
RTVSPost2010PropOp48
 70
     1
102
RTVSPost2010Prop49
280
     0
102
RTVSPost2010PropOp49
 70
     1
102
RTVSPost2010Prop50
 90
       50
102
RTVSPost2010PropOp50
 70
     1
102
RTVSPost2010Prop51ColorIndex
 90
      256
102
RTVSPost2010Prop51ColorRGB
 90
-16777216
102
RTVSPost2010PropOp51
 70
     0
102
RTVSPost2010Prop52
140
1.0
102
RTVSPost2010PropOp52
 70
     0
102
RTVSPost2010Prop53
 90
        2
102
RTVSPost2010PropOp53
 70
     1
102
RTVSPost2010Prop54
  1
strokes_ogs.tif
102
RTVSPost2010PropOp54
 70
     1
102
RTVSPost2010Prop55
280
     0
102
RTVSPost2010PropOp55
 70
     1
102
RTVSPost2010Prop56
140
1.0
102
RTVSPost2010PropOp56
 70
     1
102
RTVSPost2010Prop57
140
1.0
102
RTVSPost2010PropOp57
 70
     1
  0
XRECORD
  5
178F
102
{ACAD_REACTORS
330
178E
102
}
330
178E
100
AcDbXrecord
280
     1
102
RTVSPost2010Prop28
280
     0
102
RTVSPost2010PropOp28
 70
     1
102
RTVSPost2010Prop29
280
     1
102
RTVSPost2010PropOp29
 70
     1
102
RTVSPost2010Prop30
280
     1
102
RTVSPost2010PropOp30
 70
     1
102
RTVSPost2010Prop31
280
     0
102
RTVSPost2010PropOp31
 70
     1
102
RTVSPost2010Prop32
280
     0
102
RTVSPost2010PropOp32
 70
     1
102
RTVSPost2010Prop33
280
     0
102
RTVSPost2010PropOp33
 70
     1
102
RTVSPost2010Prop34
280
     0
102
RTVSPost2010PropOp34
 70
     1
102
RTVSPost2010Prop35
280
     0
102
RTVSPost2010PropOp35
 70
     1
102
RTVSPost2010Prop36
280
     0
102
RTVSPost2010PropOp36
 70
     1
102
RTVSPost2010Prop37
 90
       50
102
RTVSPost2010PropOp37
 70
     1
102
RTVSPost2010Prop38
140
0.0
102
RTVSPost2010PropOp38
 70
     1
102
RTVSPost2010Prop39
140
1.0
102
RTVSPost2010PropOp39
 70
     1
102
RTVSPost2010Prop40
 90
        0
102
RTVSPost2010PropOp40
 70
     1
102
RTVSPost2010Prop41ColorIndex
 90
       18
102
RTVSPost2010Prop41ColorRGB
 90
        0
102
RTVSPost2010PropOp41
 70
     1
102
RTVSPost2010Prop42
 90
       50
102
RTVSPost2010PropOp42
 70
     1
102
RTVSPost2010Prop43
 90
        3
102
RTVSPost2010PropOp43
 70
     1
102
RTVSPost2010Prop44ColorIndex
 90
        5
102
RTVSPost2010Prop44ColorRGB
 90
      255
102
RTVSPost2010PropOp44
 70
     1
102
RTVSPost2010Prop45
280
     0
102
RTVSPost2010PropOp45
 70
     1
102
RTVSPost2010Prop46
 90
       50
102
RTVSPost2010PropOp46
 70
     1
102
RTVSPost2010Prop47
 90
       50
102
RTVSPost2010PropOp47
 70
     1
102
RTVSPost2010Prop48
 90
       50
102
RTVSPost2010PropOp48
 70
     1
102
RTVSPost2010Prop49
280
     0
102
RTVSPost2010PropOp49
 70
     1
102
RTVSPost2010Prop50
 90
       50
102
RTVSPost2010PropOp50
 70
     1
102
RTVSPost2010Prop51ColorIndex
 90
      256
102
RTVSPost2010Prop51ColorRGB
 90
-16777216
102
RTVSPost2010PropOp51
 70
     0
102
RTVSPost2010Prop52
140
1.0
102
RTVSPost2010PropOp52
 70
     0
102
RTVSPost2010Prop53
 90
        2
102
RTVSPost2010PropOp53
 70
     1
102
RTVSPost2010Prop54
  1
strokes_ogs.tif
102
RTVSPost2010PropOp54
 70
     1
102
RTVSPost2010Prop55
280
     0
102
RTVSPost2010PropOp55
 70
     1
102
RTVSPost2010Prop56
140
1.0
102
RTVSPost2010PropOp56
 70
     1
102
RTVSPost2010Prop57
140
1.0
102
RTVSPost2010PropOp57
 70
     1
  0
XRECORD
  5
1791
102
{ACAD_REACTORS
330
1790
102
}
330
1790
100
AcDbXrecord
280
     1
102
RTVSPost2010Prop28
280
     0
102
RTVSPost2010PropOp28
 70
     1
102
RTVSPost2010Prop29
280
     1
102
RTVSPost2010PropOp29
 70
     1
102
RTVSPost2010Prop30
280
     1
102
RTVSPost2010PropOp30
 70
     1
102
RTVSPost2010Prop31
280
     0
102
RTVSPost2010PropOp31
 70
     1
102
RTVSPost2010Prop32
280
     0
102
RTVSPost2010PropOp32
 70
     1
102
RTVSPost2010Prop33
280
     0
102
RTVSPost2010PropOp33
 70
     1
102
RTVSPost2010Prop34
280
     0
102
RTVSPost2010PropOp34
 70
     1
102
RTVSPost2010Prop35
280
     0
102
RTVSPost2010PropOp35
 70
     1
102
RTVSPost2010Prop36
280
     0
102
RTVSPost2010PropOp36
 70
     1
102
RTVSPost2010Prop37
 90
       50
102
RTVSPost2010PropOp37
 70
     1
102
RTVSPost2010Prop38
140
0.0
102
RTVSPost2010PropOp38
 70
     1
102
RTVSPost2010Prop39
140
1.0
102
RTVSPost2010PropOp39
 70
     1
102
RTVSPost2010Prop40
 90
        0
102
RTVSPost2010PropOp40
 70
     1
102
RTVSPost2010Prop41ColorIndex
 90
       18
102
RTVSPost2010Prop41ColorRGB
 90
        0
102
RTVSPost2010PropOp41
 70
     1
102
RTVSPost2010Prop42
 90
       50
102
RTVSPost2010PropOp42
 70
     1
102
RTVSPost2010Prop43
 90
        3
102
RTVSPost2010PropOp43
 70
     1
102
RTVSPost2010Prop44ColorIndex
 90
        5
102
RTVSPost2010Prop44ColorRGB
 90
      255
102
RTVSPost2010PropOp44
 70
     1
102
RTVSPost2010Prop45
280
     0
102
RTVSPost2010PropOp45
 70
     1
102
RTVSPost2010Prop46
 90
       50
102
RTVSPost2010PropOp46
 70
     1
102
RTVSPost2010Prop47
 90
       50
102
RTVSPost2010PropOp47
 70
     1
102
RTVSPost2010Prop48
 90
       50
102
RTVSPost2010PropOp48
 70
     1
102
RTVSPost2010Prop49
280
     0
102
RTVSPost2010PropOp49
 70
     1
102
RTVSPost2010Prop50
 90
       50
102
RTVSPost2010PropOp50
 70
     1
102
RTVSPost2010Prop51ColorIndex
 90
      256
102
RTVSPost2010Prop51ColorRGB
 90
-16777216
102
RTVSPost2010PropOp51
 70
     0
102
RTVSPost2010Prop52
140
1.0
102
RTVSPost2010PropOp52
 70
     0
102
RTVSPost2010Prop53
 90
        2
102
RTVSPost2010PropOp53
 70
     1
102
RTVSPost2010Prop54
  1
strokes_ogs.tif
102
RTVSPost2010PropOp54
 70
     1
102
RTVSPost2010Prop55
280
     0
102
RTVSPost2010PropOp55
 70
     1
102
RTVSPost2010Prop56
140
1.0
102
RTVSPost2010PropOp56
 70
     1
102
RTVSPost2010Prop57
140
1.0
102
RTVSPost2010PropOp57
 70
     1
  0
XRECORD
  5
1781
102
{ACAD_REACTORS
330
1780
102
}
330
1780
100
AcDbXrecord
280
     1
102
RTVSPost2010Prop28
280
     0
102
RTVSPost2010PropOp28
 70
     1
102
RTVSPost2010Prop29
280
     1
102
RTVSPost2010PropOp29
 70
     1
102
RTVSPost2010Prop30
280
     1
102
RTVSPost2010PropOp30
 70
     1
102
RTVSPost2010Prop31
280
     0
102
RTVSPost2010PropOp31
 70
     1
102
RTVSPost2010Prop32
280
     0
102
RTVSPost2010PropOp32
 70
     1
102
RTVSPost2010Prop33
280
     0
102
RTVSPost2010PropOp33
 70
     1
102
RTVSPost2010Prop34
280
     0
102
RTVSPost2010PropOp34
 70
     1
102
RTVSPost2010Prop35
280
     0
102
RTVSPost2010PropOp35
 70
     1
102
RTVSPost2010Prop36
280
     0
102
RTVSPost2010PropOp36
 70
     1
102
RTVSPost2010Prop37
 90
       50
102
RTVSPost2010PropOp37
 70
     1
102
RTVSPost2010Prop38
140
0.0
102
RTVSPost2010PropOp38
 70
     1
102
RTVSPost2010Prop39
140
1.0
102
RTVSPost2010PropOp39
 70
     1
102
RTVSPost2010Prop40
 90
        0
102
RTVSPost2010PropOp40
 70
     1
102
RTVSPost2010Prop41ColorIndex
 90
       18
102
RTVSPost2010Prop41ColorRGB
 90
        0
102
RTVSPost2010PropOp41
 70
     1
102
RTVSPost2010Prop42
 90
       50
102
RTVSPost2010PropOp42
 70
     1
102
RTVSPost2010Prop43
 90
        3
102
RTVSPost2010PropOp43
 70
     1
102
RTVSPost2010Prop44ColorIndex
 90
        5
102
RTVSPost2010Prop44ColorRGB
 90
      255
102
RTVSPost2010PropOp44
 70
     1
102
RTVSPost2010Prop45
280
     0
102
RTVSPost2010PropOp45
 70
     1
102
RTVSPost2010Prop46
 90
       50
102
RTVSPost2010PropOp46
 70
     1
102
RTVSPost2010Prop47
 90
       50
102
RTVSPost2010PropOp47
 70
     1
102
RTVSPost2010Prop48
 90
       50
102
RTVSPost2010PropOp48
 70
     1
102
RTVSPost2010Prop49
280
     0
102
RTVSPost2010PropOp49
 70
     1
102
RTVSPost2010Prop50
 90
       50
102
RTVSPost2010PropOp50
 70
     1
102
RTVSPost2010Prop51ColorIndex
 90
      256
102
RTVSPost2010Prop51ColorRGB
 90
-16777216
102
RTVSPost2010PropOp51
 70
     0
102
RTVSPost2010Prop52
140
1.0
102
RTVSPost2010PropOp52
 70
     0
102
RTVSPost2010Prop53
 90
        2
102
RTVSPost2010PropOp53
 70
     1
102
RTVSPost2010Prop54
  1
strokes_ogs.tif
102
RTVSPost2010PropOp54
 70
     1
102
RTVSPost2010Prop55
280
     0
102
RTVSPost2010PropOp55
 70
     1
102
RTVSPost2010Prop56
140
1.0
102
RTVSPost2010PropOp56
 70
     1
102
RTVSPost2010Prop57
140
1.0
102
RTVSPost2010PropOp57
 70
     1
  0
XRECORD
  5
1775
102
{ACAD_REACTORS
330
1774
102
}
330
1774
100
AcDbXrecord
280
     1
102
RTVSPost2010Prop28
280
     0
102
RTVSPost2010PropOp28
 70
     1
102
RTVSPost2010Prop29
280
     1
102
RTVSPost2010PropOp29
 70
     1
102
RTVSPost2010Prop30
280
     1
102
RTVSPost2010PropOp30
 70
     1
102
RTVSPost2010Prop31
280
     0
102
RTVSPost2010PropOp31
 70
     1
102
RTVSPost2010Prop32
280
     0
102
RTVSPost2010PropOp32
 70
     1
102
RTVSPost2010Prop33
280
     0
102
RTVSPost2010PropOp33
 70
     1
102
RTVSPost2010Prop34
280
     0
102
RTVSPost2010PropOp34
 70
     1
102
RTVSPost2010Prop35
280
     0
102
RTVSPost2010PropOp35
 70
     1
102
RTVSPost2010Prop36
280
     0
102
RTVSPost2010PropOp36
 70
     1
102
RTVSPost2010Prop37
 90
       50
102
RTVSPost2010PropOp37
 70
     1
102
RTVSPost2010Prop38
140
0.0
102
RTVSPost2010PropOp38
 70
     1
102
RTVSPost2010Prop39
140
1.0
102
RTVSPost2010PropOp39
 70
     1
102
RTVSPost2010Prop40
 90
        0
102
RTVSPost2010PropOp40
 70
     1
102
RTVSPost2010Prop41ColorIndex
 90
       18
102
RTVSPost2010Prop41ColorRGB
 90
        0
102
RTVSPost2010PropOp41
 70
     1
102
RTVSPost2010Prop42
 90
       50
102
RTVSPost2010PropOp42
 70
     1
102
RTVSPost2010Prop43
 90
        3
102
RTVSPost2010PropOp43
 70
     1
102
RTVSPost2010Prop44ColorIndex
 90
        5
102
RTVSPost2010Prop44ColorRGB
 90
      255
102
RTVSPost2010PropOp44
 70
     1
102
RTVSPost2010Prop45
280
     0
102
RTVSPost2010PropOp45
 70
     1
102
RTVSPost2010Prop46
 90
       50
102
RTVSPost2010PropOp46
 70
     1
102
RTVSPost2010Prop47
 90
       50
102
RTVSPost2010PropOp47
 70
     1
102
RTVSPost2010Prop48
 90
       50
102
RTVSPost2010PropOp48
 70
     1
102
RTVSPost2010Prop49
280
     0
102
RTVSPost2010PropOp49
 70
     1
102
RTVSPost2010Prop50
 90
       50
102
RTVSPost2010PropOp50
 70
     1
102
RTVSPost2010Prop51ColorIndex
 90
      256
102
RTVSPost2010Prop51ColorRGB
 90
-16777216
102
RTVSPost2010PropOp51
 70
     0
102
RTVSPost2010Prop52
140
1.0
102
RTVSPost2010PropOp52
 70
     0
102
RTVSPost2010Prop53
 90
        2
102
RTVSPost2010PropOp53
 70
     1
102
RTVSPost2010Prop54
  1
strokes_ogs.tif
102
RTVSPost2010PropOp54
 70
     1
102
RTVSPost2010Prop55
280
     0
102
RTVSPost2010PropOp55
 70
     1
102
RTVSPost2010Prop56
140
1.0
102
RTVSPost2010PropOp56
 70
     1
102
RTVSPost2010Prop57
140
1.0
102
RTVSPost2010PropOp57
 70
     1
  0
XRECORD
  5
1793
102
{ACAD_REACTORS
330
1792
102
}
330
1792
100
AcDbXrecord
280
     1
102
RTVSPost2010Prop28
280
     0
102
RTVSPost2010PropOp28
 70
     1
102
RTVSPost2010Prop29
280
     1
102
RTVSPost2010PropOp29
 70
     1
102
RTVSPost2010Prop30
280
     1
102
RTVSPost2010PropOp30
 70
     1
102
RTVSPost2010Prop31
280
     0
102
RTVSPost2010PropOp31
 70
     1
102
RTVSPost2010Prop32
280
     0
102
RTVSPost2010PropOp32
 70
     1
102
RTVSPost2010Prop33
280
     0
102
RTVSPost2010PropOp33
 70
     1
102
RTVSPost2010Prop34
280
     0
102
RTVSPost2010PropOp34
 70
     1
102
RTVSPost2010Prop35
280
     0
102
RTVSPost2010PropOp35
 70
     1
102
RTVSPost2010Prop36
280
     0
102
RTVSPost2010PropOp36
 70
     1
102
RTVSPost2010Prop37
 90
       50
102
RTVSPost2010PropOp37
 70
     1
102
RTVSPost2010Prop38
140
0.0
102
RTVSPost2010PropOp38
 70
     1
102
RTVSPost2010Prop39
140
1.0
102
RTVSPost2010PropOp39
 70
     1
102
RTVSPost2010Prop40
 90
        0
102
RTVSPost2010PropOp40
 70
     1
102
RTVSPost2010Prop41ColorIndex
 90
       18
102
RTVSPost2010Prop41ColorRGB
 90
        0
102
RTVSPost2010PropOp41
 70
     1
102
RTVSPost2010Prop42
 90
       50
102
RTVSPost2010PropOp42
 70
     1
102
RTVSPost2010Prop43
 90
        3
102
RTVSPost2010PropOp43
 70
     1
102
RTVSPost2010Prop44ColorIndex
 90
        5
102
RTVSPost2010Prop44ColorRGB
 90
      255
102
RTVSPost2010PropOp44
 70
     1
102
RTVSPost2010Prop45
280
     0
102
RTVSPost2010PropOp45
 70
     1
102
RTVSPost2010Prop46
 90
       50
102
RTVSPost2010PropOp46
 70
     1
102
RTVSPost2010Prop47
 90
       50
102
RTVSPost2010PropOp47
 70
     1
102
RTVSPost2010Prop48
 90
       50
102
RTVSPost2010PropOp48
 70
     1
102
RTVSPost2010Prop49
280
     0
102
RTVSPost2010PropOp49
 70
     1
102
RTVSPost2010Prop50
 90
       50
102
RTVSPost2010PropOp50
 70
     1
102
RTVSPost2010Prop51ColorIndex
 90
      256
102
RTVSPost2010Prop51ColorRGB
 90
-16777216
102
RTVSPost2010PropOp51
 70
     0
102
RTVSPost2010Prop52
140
1.0
102
RTVSPost2010PropOp52
 70
     0
102
RTVSPost2010Prop53
 90
        2
102
RTVSPost2010PropOp53
 70
     1
102
RTVSPost2010Prop54
  1
strokes_ogs.tif
102
RTVSPost2010PropOp54
 70
     1
102
RTVSPost2010Prop55
280
     0
102
RTVSPost2010PropOp55
 70
     1
102
RTVSPost2010Prop56
140
1.0
102
RTVSPost2010PropOp56
 70
     1
102
RTVSPost2010Prop57
140
1.0
102
RTVSPost2010PropOp57
 70
     1
  0
ENDSEC
  0
EOF
