  0
SECTION
  2
HEADER
  9
$ACADVER
  1
AC1024
  9
$ACADMAINTVER
 70
     6
  9
$DWGCODEPAGE
  3
ANSI_1252
  9
$LASTSAVEDBY
  1
Gean.batista
  9
$INSBASE
 10
0.0
 20
0.0
 30
0.0
  9
$EXTMIN
 10
2220.866746130763
 20
773.2182327817044
 30
0.0
  9
$EXTMAX
 10
4169.597733342348
 20
923.2182327816931
 30
0.0
  9
$LIMMIN
 10
0.0
 20
0.0
  9
$LIMMAX
 10
420.0
 20
297.0
  9
$ORTHOMODE
 70
     0
  9
$REGENMODE
 70
     1
  9
$FILLMODE
 70
     1
  9
$QTEXTMODE
 70
     0
  9
$MIRRTEXT
 70
     0
  9
$LTSCALE
 40
1.0
  9
$ATTMODE
 70
     1
  9
$TEXTSIZE
 40
2.5
  9
$TRACEWID
 40
1.0
  9
$TEXTSTYLE
  7
Standard
  9
$CLAYER
  8
0
  9
$CELTYPE
  6
ByLayer
  9
$CECOLOR
 62
   256
  9
$CELTSCALE
 40
1.0
  9
$DISPSILH
 70
     0
  9
$DIMSCALE
 40
1.0
  9
$DIMASZ
 40
2.5
  9
$DIMEXO
 40
0.625
  9
$DIMDLI
 40
3.75
  9
$DIMRND
 40
0.0
  9
$DIMDLE
 40
0.0
  9
$DIMEXE
 40
1.25
  9
$DIMTP
 40
0.0
  9
$DIMTM
 40
0.0
  9
$DIMTXT
 40
2.5
  9
$DIMCEN
 40
2.5
  9
$DIMTSZ
 40
0.0
  9
$DIMTOL
 70
     0
  9
$DIMLIM
 70
     0
  9
$DIMTIH
 70
     0
  9
$DIMTOH
 70
     0
  9
$DIMSE1
 70
     0
  9
$DIMSE2
 70
     0
  9
$DIMTAD
 70
     1
  9
$DIMZIN
 70
     8
  9
$DIMTOFFSET
 70
     1
  9
$DIMBLK
  1

  9
$DIMASO
 70
     1
  9
$DIMSHO
 70
     1
  9
$DIMPOST
  1

  9
$DIMAPOST
  1

  9
$DIMALT
 70
     0
  9
$DIMALTD
 70
     3
  9
$DIMALTF
 40
0.03937007874016
  9
$DIMLFAC
 40
1.0
  9
$DIMTOFL
 70
     1
  9
$DIMTVP
 40
0.0
  9
$DIMTIX
 70
     0
  9
$DIMSOXD
 70
     0
  9
$DIMSAH
 70
     0
  9
$DIMBLK1
  1

  9
$DIMBLK2
  1

  9
$DIMSTYLE
  2
ISO-25
  9
$DIMCLRD
 70
     0
  9
$DIMCLRE
 70
     0
  9
$DIMCLRT
 70
     0
  9
$DIMTFAC
 40
1.0
  9
$DIMGAP
 40
0.625
  9
$DIMJUST
 70
     0
  9
$DIMSD1
 70
     0
  9
$DIMSD2
 70
     0
  9
$DIMTOLJ
 70
     0
  9
$DIMTZIN
 70
     8
  9
$DIMALTZ
 70
     0
  9
$DIMALTTZ
 70
     0
  9
$DIMUPT
 70
     0
  9
$DIMDEC
 70
     2
  9
$DIMTDEC
 70
     2
  9
$DIMALTU
 70
     2
  9
$DIMALTTD
 70
     3
  9
$DIMTXSTY
  7
Standard
  9
$DIMAUNIT
 70
     0
  9
$DIMADEC
 70
     0
  9
$DIMALTRND
 40
0.0
  9
$DIMAZIN
 70
     0
  9
$DIMDSEP
 70
    44
  9
$DIMATFIT
 70
     3
  9
$DIMFRAC
 70
     0
  9
$DIMLDRBLK
  1

  9
$DIMLUNIT
 70
     2
  9
$DIMLWD
 70
    -2
  9
$DIMLWE
 70
    -2
  9
$DIMTMOVE
 70
     0
  9
$DIMFXL
 40
1.0
  9
$DIMFXLON
 70
     0
  9
$DIMJOGANG
 40
0.7853981633974483
  9
$DIMTFILL
 70
     0
  9
$DIMTFILLCLR
 70
     0
  9
$DIMARCSYM
 70
     0
  9
$DIMLTYPE
  6

  9
$DIMLTEX1
  6

  9
$DIMLTEX2
  6

  9
$DIMTXTDIRECTION
 70
     0
  9
$LUNITS
 70
     2
  9
$LUPREC
 70
     4
  9
$SKETCHINC
 40
1.0
  9
$FILLETRAD
 40
0.0
  9
$AUNITS
 70
     0
  9
$AUPREC
 70
     0
  9
$MENU
  1
.
  9
$ELEVATION
 40
0.0
  9
$PELEVATION
 40
0.0
  9
$THICKNESS
 40
0.0
  9
$LIMCHECK
 70
     0
  9
$CHAMFERA
 40
0.0
  9
$CHAMFERB
 40
0.0
  9
$CHAMFERC
 40
0.0
  9
$CHAMFERD
 40
0.0
  9
$SKPOLY
 70
     0
  9
$TDCREATE
 40
2461316.558949734
  9
$TDUCREATE
 40
2461316.683949734
  9
$TDUPDATE
 40
2461316.559489537
  9
$TDUUPDATE
 40
2461316.684489537
  9
$TDINDWG
 40
0.0005398958
  9
$TDUSRTIMER
 40
0.0005398958
  9
$USRTIMER
 70
     1
  9
$ANGBASE
 50
0.0
  9
$ANGDIR
 70
     0
  9
$PDMODE
 70
     0
  9
$PDSIZE
 40
0.0
  9
$PLINEWID
 40
0.0
  9
$SPLFRAME
 70
     0
  9
$SPLINETYPE
 70
     6
  9
$SPLINESEGS
 70
     8
  9
$HANDSEED
  5
88F
  9
$SURFTAB1
 70
     6
  9
$SURFTAB2
 70
     6
  9
$SURFTYPE
 70
     6
  9
$SURFU
 70
     6
  9
$SURFV
 70
     6
  9
$UCSBASE
  2

  9
$UCSNAME
  2

  9
$UCSORG
 10
0.0
 20
0.0
 30
0.0
  9
$UCSXDIR
 10
1.0
 20
0.0
 30
0.0
  9
$UCSYDIR
 10
0.0
 20
1.0
 30
0.0
  9
$UCSORTHOREF
  2

  9
$UCSORTHOVIEW
 70
     0
  9
$UCSORGTOP
 10
0.0
 20
0.0
 30
0.0
  9
$UCSORGBOTTOM
 10
0.0
 20
0.0
 30
0.0
  9
$UCSORGLEFT
 10
0.0
 20
0.0
 30
0.0
  9
$UCSORGRIGHT
 10
0.0
 20
0.0
 30
0.0
  9
$UCSORGFRONT
 10
0.0
 20
0.0
 30
0.0
  9
$UCSORGBACK
 10
0.0
 20
0.0
 30
0.0
  9
$PUCSBASE
  2

  9
$PUCSNAME
  2

  9
$PUCSORG
 10
0.0
 20
0.0
 30
0.0
  9
$PUCSXDIR
 10
1.0
 20
0.0
 30
0.0
  9
$PUCSYDIR
 10
0.0
 20
1.0
 30
0.0
  9
$PUCSORTHOREF
  2

  9
$PUCSORTHOVIEW
 70
     0
  9
$PUCSORGTOP
 10
0.0
 20
0.0
 30
0.0
  9
$PUCSORGBOTTOM
 10
0.0
 20
0.0
 30
0.0
  9
$PUCSORGLEFT
 10
0.0
 20
0.0
 30
0.0
  9
$PUCSORGRIGHT
 10
0.0
 20
0.0
 30
0.0
  9
$PUCSORGFRONT
 10
0.0
 20
0.0
 30
0.0
  9
$PUCSORGBACK
 10
0.0
 20
0.0
 30
0.0
  9
$USERI1
 70
     0
  9
$USERI2
 70
     0
  9
$USERI3
 70
     0
  9
$USERI4
 70
     0
  9
$USERI5
 70
     0
  9
$USERR1
 40
0.0
  9
$USERR2
 40
0.0
  9
$USERR3
 40
0.0
  9
$USERR4
 40
0.0
  9
$USERR5
 40
0.0
  9
$WORLDVIEW
 70
     1
  9
$SHADEDGE
 70
     3
  9
$SHADEDIF
 70
    70
  9
$TILEMODE
 70
     1
  9
$MAXACTVP
 70
    64
  9
$PINSBASE
 10
0.0
 20
0.0
 30
0.0
  9
$PLIMCHECK
 70
     0
  9
$PEXTMIN
 10
0.0
 20
0.0
 30
0.0
  9
$PEXTMAX
 10
0.0
 20
0.0
 30
0.0
  9
$PLIMMIN
 10
0.0
 20
0.0
  9
$PLIMMAX
 10
12.0
 20
9.0
  9
$UNITMODE
 70
     0
  9
$VISRETAIN
 70
     1
  9
$PLINEGEN
 70
     0
  9
$PSLTSCALE
 70
     1
  9
$TREEDEPTH
 70
  3020
  9
$CMLSTYLE
  2
Standard
  9
$CMLJUST
 70
     0
  9
$CMLSCALE
 40
20.0
  9
$PROXYGRAPHICS
 70
     1
  9
$MEASUREMENT
 70
     1
  9
$CELWEIGHT
370
    -1
  9
$ENDCAPS
280
     0
  9
$JOINSTYLE
280
     0
  9
$LWDISPLAY
290
     0
  9
$INSUNITS
 70
     4
  9
$HYPERLINKBASE
  1

  9
$STYLESHEET
  1

  9
$XEDIT
290
     1
  9
$CEPSNTYPE
380
     0
  9
$PSTYLEMODE
290
     1
  9
$FINGERPRINTGUID
  2
{D36A17C0-B4E2-4527-8874-81943F1C34AC}
  9
$VERSIONGUID
  2
{265A5473-D45D-4B1C-ABB7-7FF2E3BD06BB}
  9
$EXTNAMES
290
     1
  9
$PSVPSCALE
 40
0.0
  9
$OLESTARTUP
290
     0
  9
$SORTENTS
280
   127
  9
$INDEXCTL
280
     0
  9
$HIDETEXT
280
     1
  9
$XCLIPFRAME
280
     2
  9
$HALOGAP
280
     0
  9
$OBSCOLOR
 70
   257
  9
$OBSLTYPE
280
     0
  9
$INTERSECTIONDISPLAY
280
     0
  9
$INTERSECTIONCOLOR
 70
   257
  9
$DIMASSOC
280
     2
  9
$PROJECTNAME
  1

  9
$CAMERADISPLAY
290
     0
  9
$LENSLENGTH
 40
50.0
  9
$CAMERAHEIGHT
 40
0.0
  9
$STEPSPERSEC
 40
2.0
  9
$STEPSIZE
 40
6.0
  9
$3DDWFPREC
 40
2.0
  9
$PSOLWIDTH
 40
5.0
  9
$PSOLHEIGHT
 40
80.0
  9
$LOFTANG1
 40
1.570796326794897
  9
$LOFTANG2
 40
1.570796326794897
  9
$LOFTMAG1
 40
0.0
  9
$LOFTMAG2
 40
0.0
  9
$LOFTPARAM
 70
     7
  9
$LOFTNORMALS
280
     1
  9
$LATITUDE
 40
37.795
  9
$LONGITUDE
 40
-122.394
  9
$NORTHDIRECTION
 40
0.0
  9
$TIMEZONE
 70
 -8000
  9
$LIGHTGLYPHDISPLAY
280
     1
  9
$TILEMODELIGHTSYNCH
280
     1
  9
$CMATERIAL
347
EC
  9
$SOLIDHIST
280
     0
  9
$SHOWHIST
280
     1
  9
$DWFFRAME
280
     2
  9
$DGNFRAME
280
     0
  9
$REALWORLDSCALE
290
     1
  9
$INTERFERECOLOR
 62
     1
  9
$INTERFEREOBJVS
345
F9
  9
$INTERFEREVPVS
346
F6
  9
$CSHADOW
280
     0
  9
$SHADOWPLANELOCATION
 40
0.0
  0
ENDSEC
  0
SECTION
  2
CLASSES
  0
CLASS
  1
ACDBDICTIONARYWDFLT
  2
AcDbDictionaryWithDefault
  3
ObjectDBX Classes
 90
        0
 91
        1
280
     0
281
     0
  0
CLASS
  1
ACDBPLACEHOLDER
  2
AcDbPlaceHolder
  3
ObjectDBX Classes
 90
        0
 91
        1
280
     0
281
     0
  0
CLASS
  1
LAYOUT
  2
AcDbLayout
  3
ObjectDBX Classes
 90
        0
 91
        1
280
     0
281
     0
  0
CLASS
  1
DICTIONARYVAR
  2
AcDbDictionaryVar
  3
ObjectDBX Classes
 90
        0
 91
        1
280
     0
281
     0
  0
CLASS
  1
TABLESTYLE
  2
AcDbTableStyle
  3
ObjectDBX Classes
 90
     4095
 91
        1
280
     0
281
     0
  0
CLASS
  1
MATERIAL
  2
AcDbMaterial
  3
ObjectDBX Classes
 90
     1153
 91
        1
280
     0
281
     0
  0
CLASS
  1
VISUALSTYLE
  2
AcDbVisualStyle
  3
ObjectDBX Classes
 90
     4095
 91
        1
280
     0
281
     0
  0
CLASS
  1
SCALE
  2
AcDbScale
  3
ObjectDBX Classes
 90
     1153
 91
        1
280
     0
281
     0
  0
CLASS
  1
MLEADERSTYLE
  2
AcDbMLeaderStyle
  3
ACDB_MLEADERSTYLE_CLASS
 90
     4095
 91
        1
280
     0
281
     0
  0
CLASS
  1
CELLSTYLEMAP
  2
AcDbCellStyleMap
  3
ObjectDBX Classes
 90
     1152
 91
        1
280
     0
281
     0
  0
CLASS
  1
LAYER_INDEX
  2
AcDbLayerIndex
  3
ObjectDBX Classes
 90
        0
 91
        1
280
     0
281
     0
  0
CLASS
  1
SPATIAL_INDEX
  2
AcDbSpatialIndex
  3
AutoCAD 2000
 90
        0
 91
        1
280
     0
281
     0
  0
CLASS
  1
IDBUFFER
  2
AcDbIdBuffer
  3
ObjectDBX Classes
 90
        0
 91
        1
280
     0
281
     0
  0
CLASS
  1
ACDBSECTIONVIEWSTYLE
  2
AcDbSectionViewStyle
  3
ObjectDBX Classes
 90
     1025
 91
        1
280
     0
281
     0
  0
CLASS
  1
ACDBDETAILVIEWSTYLE
  2
AcDbDetailViewStyle
  3
ObjectDBX Classes
 90
     1025
 91
        1
280
     0
281
     0
  0
CLASS
  1
SUN
  2
AcDbSun
  3
SCENEOE
 90
     1153
 91
        1
280
     0
281
     0
  0
CLASS
  1
ACDB_BLOCKREPRESENTATION_DATA
  2
AcDbBlockRepresentationData
  3
ObjectDBX Classes
 90
     1153
 91
        1
280
     0
281
     0
  0
CLASS
  1
ACAD_EVALUATION_GRAPH
  2
AcDbEvalGraph
  3
ObjectDBX Classes
 90
     1153
 91
        1
280
     0
281
     0
  0
CLASS
  1
BLOCKLINEARPARAMETER
  2
AcDbBlockLinearParameter
  3
ObjectDBX Classes
 90
     1153
 91
        1
280
     0
281
     0
  0
CLASS
  1
BLOCKLINEARGRIP
  2
AcDbBlockLinearGrip
  3
ObjectDBX Classes
 90
     1153
 91
        1
280
     0
281
     0
  0
CLASS
  1
BLOCKGRIPLOCATIONCOMPONENT
  2
AcDbBlockGripExpr
  3
ObjectDBX Classes
 90
     1153
 91
        1
280
     0
281
     0
  0
CLASS
  1
BLOCKSTRETCHACTION
  2
AcDbBlockStretchAction
  3
ObjectDBX Classes
 90
     1153
 91
        1
280
     0
281
     0
  0
CLASS
  1
BLOCKVISIBILITYPARAMETER
  2
AcDbBlockVisibilityParameter
  3
ObjectDBX Classes
 90
     1153
 91
        1
280
     0
281
     0
  0
CLASS
  1
BLOCKVISIBILITYGRIP
  2
AcDbBlockVisibilityGrip
  3
ObjectDBX Classes
 90
     1153
 91
        1
280
     0
281
     0
  0
CLASS
  1
ACDB_DYNAMICBLOCKPURGEPREVENTER_VERSION
  2
AcDbDynamicBlockPurgePreventer
  3
ObjectDBX Classes
 90
     1153
 91
        1
280
     0
281
     0
  0
ENDSEC
  0
SECTION
  2
TABLES
  0
TABLE
  2
VPORT
  5
8
330
0
100
AcDbSymbolTable
 70
     1
  0
VPORT
  5
EA
330
8
100
AcDbSymbolTableRecord
100
AcDbViewportTableRecord
  2
*Active
 70
     0
 10
0.0
 20
0.0
 11
1.0
 21
1.0
 12
2488.904066190752
 22
1036.751664829427
 13
0.0
 23
0.0
 14
10.0
 24
10.0
 15
10.0
 25
10.0
 16
0.0
 26
0.0
 36
1.0
 17
0.0
 27
0.0
 37
0.0
 40
1054.356550045251
 41
2.69479606188467
 42
50.0
 43
0.0
 44
0.0
 50
0.0
 51
0.0
 71
     0
 72
  1000
 73
     1
 74
     3
 75
     0
 76
     1
 77
     0
 78
     0
281
     0
 65
     1
110
0.0
120
0.0
130
0.0
111
1.0
121
0.0
131
0.0
112
0.0
122
1.0
132
0.0
 79
     0
146
0.0
348
F5
 60
     3
 61
     5
292
     1
282
     1
141
0.0
142
0.0
 63
   250
421
  3355443
361
27F
1001
ACAD_NAV_VCDISPLAY
1070
     3
  0
ENDTAB
  0
TABLE
  2
LTYPE
  5
5
330
0
100
AcDbSymbolTable
 70
     3
  0
LTYPE
  5
14
330
5
100
AcDbSymbolTableRecord
100
AcDbLinetypeTableRecord
  2
ByBlock
 70
     0
  3

 72
    65
 73
     0
 40
0.0
  0
LTYPE
  5
15
330
5
100
AcDbSymbolTableRecord
100
AcDbLinetypeTableRecord
  2
ByLayer
 70
     0
  3

 72
    65
 73
     0
 40
0.0
  0
LTYPE
  5
16
330
5
100
AcDbSymbolTableRecord
100
AcDbLinetypeTableRecord
  2
Continuous
 70
     0
  3
Solid line
 72
    65
 73
     0
 40
0.0
  0
LTYPE
  5
28F
330
5
100
AcDbSymbolTableRecord
100
AcDbLinetypeTableRecord
  2
LIN0
 70
     0
  3
Solid line
 72
    65
 73
     0
 40
0.0
  0
LTYPE
  5
297
330
5
100
AcDbSymbolTableRecord
100
AcDbLinetypeTableRecord
  2
CONTINU
 70
     0
  3

 72
    65
 73
     0
 40
0.0
  0
ENDTAB
  0
TABLE
  2
LAYER
  5
2
102
{ACAD_XDICTIONARY
360
1FF
102
}
330
0
100
AcDbSymbolTable
 70
     5
  0
LAYER
  5
10
330
2
100
AcDbSymbolTableRecord
100
AcDbLayerTableRecord
  2
0
 70
     0
 62
     7
  6
Continuous
370
    -3
390
F
347
EE
  0
LAYER
  5
284
102
{ACAD_XDICTIONARY
360
285
102
}
330
2
100
AcDbSymbolTableRecord
100
AcDbLayerTableRecord
  2
arq_06
 70
     0
 62
     6
  6
Continuous
370
    13
390
F
347
EE
1001
AcAecLayerStandard
1000

1000

1001
AcCmTransparency
1071
 33554687
  0
LAYER
  5
28C
102
{ACAD_XDICTIONARY
360
28D
102
}
330
2
100
AcDbSymbolTableRecord
100
AcDbLayerTableRecord
  2
LONGARINA
 70
     0
 62
    20
  6
LIN0
370
    20
390
F
347
EE
1001
AcAecLayerStandard
1000

1000

1001
AcCmTransparency
1071
 33554687
  0
LAYER
  5
290
102
{ACAD_XDICTIONARY
360
291
102
}
330
2
100
AcDbSymbolTableRecord
100
AcDbLayerTableRecord
  2
CANETA03
 70
     0
 62
     3
  6
Continuous
370
    -3
390
F
347
EE
1001
AcAecLayerStandard
1000

1000

1001
AcCmTransparency
1071
 33554687
  0
LAYER
  5
293
102
{ACAD_XDICTIONARY
360
294
102
}
330
2
100
AcDbSymbolTableRecord
100
AcDbLayerTableRecord
  2
PROTETORES
 70
     0
 62
    92
  6
Continuous
370
    20
390
F
347
EE
1001
ZcCmTransparency
1071
 33554687
1001
AcAecLayerStandard
1000

1000

1001
AcCmTransparency
1071
 33554687
  0
ENDTAB
  0
TABLE
  2
STYLE
  5
3
330
0
100
AcDbSymbolTable
 70
     3
  0
STYLE
  5
11
330
3
100
AcDbSymbolTableRecord
100
AcDbTextStyleTableRecord
  2
Standard
 70
     0
 40
0.0
 41
1.0
 50
0.0
 71
     0
 42
2.5
  3
arial.ttf
  4

1001
ACAD
1000
Arial
1071
       34
  0
STYLE
  5
132
330
3
100
AcDbSymbolTableRecord
100
AcDbTextStyleTableRecord
  2
Annotative
 70
     0
 40
0.0
 41
1.0
 50
0.0
 71
     0
 42
2.5
  3
arial.ttf
  4

1001
AcadAnnotative
1000
AnnotativeData
1002
{
1070
     1
1070
     1
1002
}
1001
ACAD
1000
Arial
1071
       34
  0
STYLE
  5
29A
330
3
100
AcDbSymbolTableRecord
100
AcDbTextStyleTableRecord
  2
DIM
 70
     0
 40
0.0
 41
1.0
 50
0.0
 71
     0
 42
2.5
  3
dim.shx
  4

  0
ENDTAB
  0
TABLE
  2
VIEW
  5
6
330
0
100
AcDbSymbolTable
 70
     0
  0
ENDTAB
  0
TABLE
  2
UCS
  5
7
330
0
100
AcDbSymbolTable
 70
     0
  0
ENDTAB
  0
TABLE
  2
APPID
  5
9
330
0
100
AcDbSymbolTable
 70
    17
  0
APPID
  5
12
330
9
100
AcDbSymbolTableRecord
100
AcDbRegAppTableRecord
  2
ACAD
 70
     0
  0
APPID
  5
9E
330
9
100
AcDbSymbolTableRecord
100
AcDbRegAppTableRecord
  2
ACAD_PSEXT
 70
     0
  0
APPID
  5
133
330
9
100
AcDbSymbolTableRecord
100
AcDbRegAppTableRecord
  2
AcadAnnoPO
 70
     0
  0
APPID
  5
134
330
9
100
AcDbSymbolTableRecord
100
AcDbRegAppTableRecord
  2
AcadAnnotative
 70
     0
  0
APPID
  5
135
330
9
100
AcDbSymbolTableRecord
100
AcDbRegAppTableRecord
  2
ACAD_DSTYLE_DIMJAG
 70
     0
  0
APPID
  5
136
330
9
100
AcDbSymbolTableRecord
100
AcDbRegAppTableRecord
  2
ACAD_DSTYLE_DIMTALN
 70
     0
  0
APPID
  5
165
330
9
100
AcDbSymbolTableRecord
100
AcDbRegAppTableRecord
  2
ACAD_MLEADERVER
 70
     0
  0
APPID
  5
217
330
9
100
AcDbSymbolTableRecord
100
AcDbRegAppTableRecord
  2
ACAD_NAV_VCDISPLAY
 70
     0
  0
APPID
  5
28A
330
9
100
AcDbSymbolTableRecord
100
AcDbRegAppTableRecord
  2
AcAecLayerStandard
 70
     0
  0
APPID
  5
28B
330
9
100
AcDbSymbolTableRecord
100
AcDbRegAppTableRecord
  2
AcCmTransparency
 70
     0
  0
APPID
  5
296
330
9
100
AcDbSymbolTableRecord
100
AcDbRegAppTableRecord
  2
ZcCmTransparency
 70
     0
  0
APPID
  5
29F
330
9
100
AcDbSymbolTableRecord
100
AcDbRegAppTableRecord
  2
ACAD_DSTYLE_DIMJOGGED_JOGANGLE_SYMBOL
 70
     0
  0
APPID
  5
2A3
330
9
100
AcDbSymbolTableRecord
100
AcDbRegAppTableRecord
  2
ACAD_DSTYLE_DIMBREAK
 70
     0
  0
APPID
  5
2A6
330
9
100
AcDbSymbolTableRecord
100
AcDbRegAppTableRecord
  2
AcDbBlockRepETag
 70
     0
  0
APPID
  5
2A7
330
9
100
AcDbSymbolTableRecord
100
AcDbRegAppTableRecord
  2
AcDbDynamicBlockGUID
 70
     0
  0
APPID
  5
2A8
330
9
100
AcDbSymbolTableRecord
100
AcDbRegAppTableRecord
  2
AcDbDynamicBlockTrueName
 70
     0
  0
APPID
  5
2A9
330
9
100
AcDbSymbolTableRecord
100
AcDbRegAppTableRecord
  2
AcDbBlockRepBTag
 70
     0
  0
ENDTAB
  0
TABLE
  2
DIMSTYLE
  5
A
330
0
100
AcDbSymbolTable
 70
     4
100
AcDbDimStyleTable
  0
DIMSTYLE
105
1B0
330
A
100
AcDbSymbolTableRecord
100
AcDbDimStyleTableRecord
  2
Standard
 70
     0
178
     0
340
11
  0
DIMSTYLE
105
137
330
A
100
AcDbSymbolTableRecord
100
AcDbDimStyleTableRecord
  2
Annotative
 70
     0
 40
0.0
 41
2.5
 42
0.625
 43
3.75
 44
1.25
 73
     0
 74
     0
 77
     1
 78
     8
140
2.5
141
2.5
143
0.03937007874016
147
0.625
171
     3
172
     1
178
     0
271
     2
272
     2
274
     3
278
    44
283
     0
284
     8
340
11
1001
AcadAnnotative
1000
AnnotativeData
1002
{
1070
     1
1070
     1
1002
}
1001
ACAD_DSTYLE_DIMJAG
1070
   388
1040
1.5
1001
ACAD_DSTYLE_DIMTALN
1070
   392
1070
     0
  0
DIMSTYLE
105
27
330
A
100
AcDbSymbolTableRecord
100
AcDbDimStyleTableRecord
  2
ISO-25
 70
     0
 41
2.5
 42
0.625
 43
3.75
 44
1.25
 73
     0
 74
     0
 77
     1
 78
     8
140
2.5
141
2.5
143
0.03937007874016
147
0.625
171
     3
172
     1
178
     0
271
     2
272
     2
274
     3
278
    44
283
     0
284
     8
340
11
  0
DIMSTYLE
105
299
330
A
100
AcDbSymbolTableRecord
100
AcDbDimStyleTableRecord
  2
CORTES
 70
     0
 40
1.2
 41
45.0
 42
40.0
 43
0.0
 44
1.25
 49
0.04
 73
     0
 74
     0
 77
     1
 78
     9
140
90.0
141
2.5
147
20.0
172
     1
175
     1
176
   256
177
   256
271
     0
178
   256
271
     0
272
     0
284
     1
289
     0
340
29A
341
29B
342
29B
1001
ACAD_DSTYLE_DIMJOGGED_JOGANGLE_SYMBOL
1070
   384
1040
0.7853981633974483
1001
ACAD_DSTYLE_DIMJAG
1070
   388
1040
1.5
1001
ACAD_DSTYLE_DIMTALN
1070
   392
1070
     0
1001
AcadAnnotative
1000
AnnotativeData
1002
{
1070
     1
1070
     0
1002
}
1001
ACAD_DSTYLE_DIMBREAK
1070
   391
1040
3.75
  0
ENDTAB
  0
TABLE
  2
BLOCK_RECORD
  5
1
330
0
100
AcDbSymbolTable
 70
     6
  0
BLOCK_RECORD
  5
1F
330
1
100
AcDbSymbolTableRecord
100
AcDbBlockTableRecord
  2
*Model_Space
340
22
 70
     0
280
     1
281
     0
  0
BLOCK_RECORD
  5
D2
330
1
100
AcDbSymbolTableRecord
100
AcDbBlockTableRecord
  2
*Paper_Space
340
D3
 70
     0
280
     1
281
     0
  0
BLOCK_RECORD
  5
D6
330
1
100
AcDbSymbolTableRecord
100
AcDbBlockTableRecord
  2
*Paper_Space0
340
D7
 70
     0
280
     1
281
     0
  0
BLOCK_RECORD
  5
29B
330
1
100
AcDbSymbolTableRecord
100
AcDbBlockTableRecord
  2
_Oblique
340
0
 70
     0
280
     1
281
     0
  0
BLOCK_RECORD
  5
3D4
330
1
100
AcDbSymbolTableRecord
100
AcDbBlockTableRecord
  2
*U3
340
0
102
{BLKREFS
331
2CC
331
0
102
}
 70
     4
280
     1
281
     0
1001
AcDbBlockRepBTag
1070
     1
1005
2D0
  0
BLOCK_RECORD
  5
2D0
102
{ACAD_XDICTIONARY
360
2D1
102
}
330
1
100
AcDbSymbolTableRecord
100
AcDbBlockTableRecord
  2
Bloco Longarina Fundo Drive In
340
0
 70
     4
280
     1
281
     0
1001
AcDbDynamicBlockTrueName
1000
Bloco Longarina Fundo Drive In
1001
AcDbDynamicBlockGUID
1000
{6eaa4141-47ab-4ca9-af53-61c12d632415}
1001
AcDbBlockRepETag
1070
     1
1071
        1
  0
BLOCK_RECORD
  5
4C6
330
1
100
AcDbSymbolTableRecord
100
AcDbBlockTableRecord
  2
*U5
340
0
102
{BLKREFS
331
4B9
331
0
102
}
 70
     4
280
     1
281
     0
1001
AcDbBlockRepBTag
1070
     1
1005
2D0
  0
BLOCK_RECORD
  5
78C
330
1
100
AcDbSymbolTableRecord
100
AcDbBlockTableRecord
  2
DI_LGTOPO
340
0
102
{BLKREFS
331
857
102
}
 70
     4
280
     1
281
     0
1001
AcadAnnotative
1000
AnnotativeData
1002
{
1070
     1
1070
     0
1002
}
  0
ENDTAB
  0
ENDSEC
  0
SECTION
  2
BLOCKS
  0
BLOCK
  5
20
330
1F
100
AcDbEntity
  8
0
100
AcDbBlockBegin
  2
*Model_Space
 70
     0
 10
0.0
 20
0.0
 30
0.0
  3
*Model_Space
  1

  0
ENDBLK
  5
21
330
1F
100
AcDbEntity
  8
0
100
AcDbBlockEnd
  0
BLOCK
  5
D4
330
D2
100
AcDbEntity
 67
     1
  8
0
100
AcDbBlockBegin
  2
*Paper_Space
 70
     0
 10
0.0
 20
0.0
 30
0.0
  3
*Paper_Space
  1

  0
ENDBLK
  5
D5
330
D2
100
AcDbEntity
 67
     1
  8
0
100
AcDbBlockEnd
  0
BLOCK
  5
D8
330
D6
100
AcDbEntity
  8
0
100
AcDbBlockBegin
  2
*Paper_Space0
 70
     0
 10
0.0
 20
0.0
 30
0.0
  3
*Paper_Space0
  1

  0
ENDBLK
  5
D9
330
D6
100
AcDbEntity
  8
0
100
AcDbBlockEnd
  0
BLOCK
  5
29C
330
29B
100
AcDbEntity
  8
0
100
AcDbBlockBegin
  2
_Oblique
 70
     0
 10
0.0
 20
0.0
 30
0.0
  3
_Oblique
  1

  0
LINE
  5
29D
330
29B
100
AcDbEntity
  8
0
  6
ByBlock
 62
     0
440
 16777216
370
    -2
100
AcDbLine
 10
-0.5
 20
-0.5
 30
0.0
 11
0.5
 21
0.5
 31
0.0
  0
ENDBLK
  5
29E
330
29B
100
AcDbEntity
  8
0
100
AcDbBlockEnd
  0
BLOCK
  5
3D5
330
3D4
100
AcDbEntity
  8
0
100
AcDbBlockBegin
  2
*U3
 70
     1
 10
0.0
 20
0.0
 30
0.0
  3
*U3
  1
Acad:XRef
  0
LINE
  5
3D6
330
3D4
100
AcDbEntity
  8
CANETA03
 60
     1
100
AcDbLine
 10
0.0
 20
0.0
 30
0.0
 11
1381.775158959499
 21
0.0
 31
0.0
1001
AcDbBlockRepETag
1070
     1
1071
        0
1005
3D6
  0
LINE
  5
3D7
330
3D4
100
AcDbEntity
  8
CANETA03
 60
     1
100
AcDbLine
 10
0.0
 20
-75.99984799997765
 30
0.0
 11
1381.775158959499
 21
-75.99984799999947
 31
0.0
1001
AcDbBlockRepETag
1070
     1
1071
        1
1005
3D7
  0
LINE
  5
3D8
330
3D4
100
AcDbEntity
  8
arq_06
 60
     1
100
AcDbLine
 10
1374.275158959499
 20
0.0
 30
0.0
 11
1374.275158959499
 21
180.0
 31
0.0
1001
AcDbBlockRepETag
1070
     1
1071
        2
1005
3D8
  0
LINE
  5
3D9
330
3D4
100
AcDbEntity
  8
arq_06
 60
     1
100
AcDbLine
 10
1374.275158959499
 20
180.0
 30
0.0
 11
1309.275158959499
 21
180.0
 31
0.0
1001
AcDbBlockRepETag
1070
     1
1071
        3
1005
3D9
  0
LINE
  5
3DA
330
3D4
100
AcDbEntity
  8
arq_06
 60
     1
100
AcDbLine
 10
1309.275158959499
 20
180.0
 30
0.0
 11
1309.275158959499
 21
0.0
 31
0.0
1001
AcDbBlockRepETag
1070
     1
1071
        4
1005
3DA
  0
LINE
  5
3DB
330
3D4
100
AcDbEntity
  8
arq_06
 60
     1
100
AcDbLine
 10
1381.775158959499
 20
0.0
 30
0.0
 11
1381.775158959499
 21
2.0
 31
0.0
1001
AcDbBlockRepETag
1070
     1
1071
        5
1005
3DB
  0
LINE
  5
3DC
330
3D4
100
AcDbEntity
  8
arq_06
 60
     1
100
AcDbLine
 10
1381.775158959499
 20
2.0
 30
0.0
 11
1374.275158959499
 21
2.0
 31
0.0
1001
AcDbBlockRepETag
1070
     1
1071
        6
1005
3DC
  0
LINE
  5
3DD
330
3D4
100
AcDbEntity
  8
arq_06
 60
     1
100
AcDbLine
 10
1301.775158959499
 20
0.0
 30
0.0
 11
1301.775158959499
 21
2.0
 31
0.0
1001
AcDbBlockRepETag
1070
     1
1071
        7
1005
3DD
  0
LINE
  5
3DE
330
3D4
100
AcDbEntity
  8
arq_06
 60
     1
100
AcDbLine
 10
1301.775158959499
 20
2.0
 30
0.0
 11
1309.275158959499
 21
2.0
 31
0.0
1001
AcDbBlockRepETag
1070
     1
1071
        8
1005
3DE
  0
LINE
  5
3DF
330
3D4
100
AcDbEntity
  8
arq_06
 60
     1
100
AcDbLine
 10
1301.775158959499
 20
-83.99984799999947
 30
0.0
 11
1381.775158959499
 21
-83.99984799999947
 31
0.0
1001
AcDbBlockRepETag
1070
     1
1071
        9
1005
3DF
  0
LINE
  5
3E0
330
3D4
100
AcDbEntity
  8
arq_06
 60
     1
100
AcDbLine
 10
1301.775158959499
 20
-75.99984799999947
 30
0.0
 11
1301.775158959499
 21
-83.99984799999947
 31
0.0
1001
AcDbBlockRepETag
1070
     1
1071
       10
1005
3E0
  0
LINE
  5
3E1
330
3D4
100
AcDbEntity
  8
arq_06
 60
     1
100
AcDbLine
 10
1381.775158959499
 20
-75.99984799999947
 30
0.0
 11
1381.775158959499
 21
-83.99984799999947
 31
0.0
1001
AcDbBlockRepETag
1070
     1
1071
       11
1005
3E1
  0
LINE
  5
3E2
330
3D4
100
AcDbEntity
  8
arq_06
 60
     1
100
AcDbLine
 10
7.500000000014552
 20
0.0
 30
0.0
 11
7.500000000014552
 21
180.0
 31
0.0
1001
AcDbBlockRepETag
1070
     1
1071
       12
1005
3E2
  0
LINE
  5
3E3
330
3D4
100
AcDbEntity
  8
arq_06
 60
     1
100
AcDbLine
 10
7.500000000014552
 20
180.0
 30
0.0
 11
72.50000000001455
 21
180.0
 31
0.0
1001
AcDbBlockRepETag
1070
     1
1071
       13
1005
3E3
  0
LINE
  5
3E4
330
3D4
100
AcDbEntity
  8
arq_06
 60
     1
100
AcDbLine
 10
72.50000000001455
 20
180.0
 30
0.0
 11
72.50000000001455
 21
0.0
 31
0.0
1001
AcDbBlockRepETag
1070
     1
1071
       14
1005
3E4
  0
LINE
  5
3E5
330
3D4
100
AcDbEntity
  8
arq_06
 60
     1
100
AcDbLine
 10
0.0000000000145519
 20
0.0
 30
0.0
 11
0.0000000000145519
 21
2.0
 31
0.0
1001
AcDbBlockRepETag
1070
     1
1071
       15
1005
3E5
  0
LINE
  5
3E6
330
3D4
100
AcDbEntity
  8
arq_06
 60
     1
100
AcDbLine
 10
0.0000000000145519
 20
2.0
 30
0.0
 11
7.500000000014552
 21
2.0
 31
0.0
1001
AcDbBlockRepETag
1070
     1
1071
       16
1005
3E6
  0
LINE
  5
3E7
330
3D4
100
AcDbEntity
  8
arq_06
 60
     1
100
AcDbLine
 10
80.00000000001455
 20
0.0
 30
0.0
 11
80.00000000001455
 21
2.0
 31
0.0
1001
AcDbBlockRepETag
1070
     1
1071
       17
1005
3E7
  0
LINE
  5
3E8
330
3D4
100
AcDbEntity
  8
arq_06
 60
     1
100
AcDbLine
 10
80.00000000001455
 20
2.0
 30
0.0
 11
72.50000000001455
 21
2.0
 31
0.0
1001
AcDbBlockRepETag
1070
     1
1071
       18
1005
3E8
  0
LINE
  5
3E9
330
3D4
100
AcDbEntity
  8
arq_06
 60
     1
100
AcDbLine
 10
80.00000000001455
 20
-83.99984799999947
 30
0.0
 11
0.0000000000145519
 21
-83.99984799999947
 31
0.0
1001
AcDbBlockRepETag
1070
     1
1071
       19
1005
3E9
  0
LINE
  5
3EA
330
3D4
100
AcDbEntity
  8
arq_06
 60
     1
100
AcDbLine
 10
80.00000000001455
 20
-75.99984799999947
 30
0.0
 11
80.00000000001455
 21
-83.99984799999947
 31
0.0
1001
AcDbBlockRepETag
1070
     1
1071
       20
1005
3EA
  0
LINE
  5
3EB
330
3D4
100
AcDbEntity
  8
arq_06
 60
     1
100
AcDbLine
 10
0.0000000000145519
 20
-75.99984799999947
 30
0.0
 11
0.0000000000145519
 21
-83.99984799999947
 31
0.0
1001
AcDbBlockRepETag
1070
     1
1071
       21
1005
3EB
  0
LINE
  5
3EC
330
3D4
100
AcDbEntity
  8
CANETA03
 60
     1
100
AcDbLine
 10
32.00000000001455
 20
0.0
 30
0.0
 11
48.00000000001455
 21
0.0
 31
0.0
1001
AcDbBlockRepETag
1070
     1
1071
       22
1005
3EC
  0
LINE
  5
3ED
330
3D4
100
AcDbEntity
  8
CANETA03
 60
     1
100
AcDbLine
 10
48.00000000001455
 20
0.0
 30
0.0
 11
48.00000000001455
 21
8.0
 31
0.0
1001
AcDbBlockRepETag
1070
     1
1071
       23
1005
3ED
  0
LINE
  5
3EE
330
3D4
100
AcDbEntity
  8
CANETA03
 60
     1
100
AcDbLine
 10
48.00000000001455
 20
8.0
 30
0.0
 11
32.00000000001455
 21
8.0
 31
0.0
1001
AcDbBlockRepETag
1070
     1
1071
       24
1005
3EE
  0
LINE
  5
3EF
330
3D4
100
AcDbEntity
  8
CANETA03
 60
     1
100
AcDbLine
 10
32.00000000001455
 20
8.0
 30
0.0
 11
32.00000000001455
 21
0.0
 31
0.0
1001
AcDbBlockRepETag
1070
     1
1071
       25
1005
3EF
  0
LINE
  5
3F0
330
3D4
100
AcDbEntity
  8
CANETA03
 60
     1
100
AcDbLine
 10
44.00000000001455
 20
0.0
 30
0.0
 11
44.00000000001455
 21
8.0
 31
0.0
1001
AcDbBlockRepETag
1070
     1
1071
       26
1005
3F0
  0
LINE
  5
3F1
330
3D4
100
AcDbEntity
  8
CANETA03
 60
     1
100
AcDbLine
 10
36.00000000001455
 20
0.0
 30
0.0
 11
36.00000000001455
 21
8.0
 31
0.0
1001
AcDbBlockRepETag
1070
     1
1071
       27
1005
3F1
  0
LINE
  5
3F2
330
3D4
100
AcDbEntity
  8
CANETA03
 60
     1
100
AcDbLine
 10
1349.775158959499
 20
0.0
 30
0.0
 11
1333.775158959499
 21
0.0
 31
0.0
1001
AcDbBlockRepETag
1070
     1
1071
       28
1005
3F2
  0
LINE
  5
3F3
330
3D4
100
AcDbEntity
  8
CANETA03
 60
     1
100
AcDbLine
 10
1333.775158959499
 20
0.0
 30
0.0
 11
1333.775158959499
 21
8.0
 31
0.0
1001
AcDbBlockRepETag
1070
     1
1071
       29
1005
3F3
  0
LINE
  5
3F4
330
3D4
100
AcDbEntity
  8
CANETA03
 60
     1
100
AcDbLine
 10
1333.775158959499
 20
8.0
 30
0.0
 11
1349.775158959499
 21
8.0
 31
0.0
1001
AcDbBlockRepETag
1070
     1
1071
       30
1005
3F4
  0
LINE
  5
3F5
330
3D4
100
AcDbEntity
  8
CANETA03
 60
     1
100
AcDbLine
 10
1349.775158959499
 20
8.0
 30
0.0
 11
1349.775158959499
 21
0.0
 31
0.0
1001
AcDbBlockRepETag
1070
     1
1071
       31
1005
3F5
  0
LINE
  5
3F6
330
3D4
100
AcDbEntity
  8
CANETA03
 60
     1
100
AcDbLine
 10
1337.775158959499
 20
0.0
 30
0.0
 11
1337.775158959499
 21
8.0
 31
0.0
1001
AcDbBlockRepETag
1070
     1
1071
       32
1005
3F6
  0
LINE
  5
3F7
330
3D4
100
AcDbEntity
  8
CANETA03
 60
     1
100
AcDbLine
 10
1345.775158959499
 20
0.0
 30
0.0
 11
1345.775158959499
 21
8.0
 31
0.0
1001
AcDbBlockRepETag
1070
     1
1071
       33
1005
3F7
  0
LINE
  5
3F8
330
3D4
100
AcDbEntity
  8
LONGARINA
100
AcDbLine
 10
38.86549360584468
 20
123.8057672626164
 30
0.0
 11
38.86549360584468
 21
128.1057672626266
 31
0.0
1001
AcDbBlockRepETag
1070
     1
1071
       34
1005
3F8
  0
LINE
  5
3F9
330
3D4
100
AcDbEntity
  8
LONGARINA
100
AcDbLine
 10
38.86549360584468
 20
128.1057672626266
 30
0.0
 11
78.86549360584468
 21
128.1057672626266
 31
0.0
1001
AcDbBlockRepETag
1070
     1
1071
       35
1005
3F9
  0
LINE
  5
3FA
330
3D4
100
AcDbEntity
  8
LONGARINA
100
AcDbLine
 10
78.86549360584468
 20
128.1057672626266
 30
0.0
 11
78.86549360584468
 21
123.8057672626146
 31
0.0
1001
AcDbBlockRepETag
1070
     1
1071
       36
1005
3FA
  0
LINE
  5
3FB
330
3D4
100
AcDbEntity
  8
LONGARINA
100
AcDbLine
 10
78.86549360584468
 20
123.8057672626146
 30
0.0
 11
38.86549360584468
 21
123.8057672626164
 31
0.0
1001
AcDbBlockRepETag
1070
     1
1071
       37
1005
3FB
  0
LINE
  5
3FC
330
3D4
100
AcDbEntity
  8
LONGARINA
100
AcDbLine
 10
1901.865493605728
 20
123.805767262604
 30
0.0
 11
1901.865493605728
 21
128.1057672626142
 31
0.0
1001
AcDbBlockRepETag
1070
     1
1071
       38
1005
3FC
  0
LINE
  5
3FD
330
3D4
100
AcDbEntity
  8
LONGARINA
100
AcDbLine
 10
1901.865493605728
 20
128.1057672626142
 30
0.0
 11
1861.865493605728
 21
128.1057672626142
 31
0.0
1001
AcDbBlockRepETag
1070
     1
1071
       39
1005
3FD
  0
LINE
  5
3FE
330
3D4
100
AcDbEntity
  8
LONGARINA
100
AcDbLine
 10
1861.865493605728
 20
128.1057672626142
 30
0.0
 11
1861.865493605728
 21
123.8057672626022
 31
0.0
1001
AcDbBlockRepETag
1070
     1
1071
       40
1005
3FE
  0
LINE
  5
3FF
330
3D4
100
AcDbEntity
  8
LONGARINA
100
AcDbLine
 10
1861.865493605728
 20
123.8057672626022
 30
0.0
 11
1901.865493605728
 21
123.805767262604
 31
0.0
1001
AcDbBlockRepETag
1070
     1
1071
       41
1005
3FF
  0
LINE
  5
400
330
3D4
100
AcDbEntity
  8
LONGARINA
  6
CONTINU
 48
2.0
370
    -2
100
AcDbLine
 10
8.18122765084263
 20
111.407454942615
 30
0.0
 11
4.811573111684993
 21
97.58457650628407
 31
0.0
1001
AcDbBlockRepETag
1070
     1
1071
       42
1005
400
  0
LINE
  5
401
330
3D4
100
AcDbEntity
  8
LONGARINA
  6
CONTINU
 48
2.0
370
    -2
100
AcDbLine
 10
4.991603615693748
 20
97.18319218751276
 30
0.0
 11
11.63146472850349
 21
64.40377969812835
 31
0.0
1001
AcDbBlockRepETag
1070
     1
1071
       43
1005
401
  0
LINE
  5
402
330
3D4
100
AcDbEntity
  8
LONGARINA
  6
CONTINU
 48
2.0
370
    -2
100
AcDbLine
 10
9.18122765084263
 20
61.407454942615
 30
0.0
 11
8.18122765084263
 21
61.407454942615
 31
0.0
1001
AcDbBlockRepETag
1070
     1
1071
       44
1005
402
  0
LINE
  5
403
330
3D4
100
AcDbEntity
  8
LONGARINA
  6
CONTINU
 48
2.0
370
    -2
100
AcDbLine
 10
8.18122765084263
 20
61.407454942615
 30
0.0
 11
4.811573111684993
 21
47.58457650628407
 31
0.0
1001
AcDbBlockRepETag
1070
     1
1071
       45
1005
403
  0
LINE
  5
404
330
3D4
100
AcDbEntity
  8
LONGARINA
  6
CONTINU
 48
2.0
370
    -2
100
AcDbLine
 10
4.991603615693748
 20
47.18319218751276
 30
0.0
 11
11.63146472850349
 21
14.40377969812835
 31
0.0
1001
AcDbBlockRepETag
1070
     1
1071
       46
1005
404
  0
LINE
  5
405
330
3D4
100
AcDbEntity
  8
LONGARINA
  6
CONTINU
 48
2.0
370
    -2
100
AcDbLine
 10
8.18122765084263
 20
11.407454942615
 30
0.0
 11
4.811573111684993
 21
-2.415423493715934
 31
0.0
1001
AcDbBlockRepETag
1070
     1
1071
       47
1005
405
  0
LINE
  5
406
330
3D4
100
AcDbEntity
  8
LONGARINA
  6
CONTINU
 48
2.0
370
    -2
100
AcDbLine
 10
4.991603615693748
 20
-2.816807812487241
 30
0.0
 11
7.701360649196431
 21
-16.19423273735447
 31
0.0
1001
AcDbBlockRepETag
1070
     1
1071
       48
1005
406
  0
LINE
  5
407
330
3D4
100
AcDbEntity
  8
LONGARINA
  6
CONTINU
 48
2.0
370
    -2
100
AcDbLine
 10
7.701360649196431
 20
-16.19423273735447
 30
0.0
 11
10.5881119951373
 21
-21.19423273735447
 31
0.0
1001
AcDbBlockRepETag
1070
     1
1071
       49
1005
407
  0
LINE
  5
408
330
3D4
100
AcDbEntity
  8
LONGARINA
  6
CONTINU
 48
2.0
370
    -2
100
AcDbLine
 10
17.32874225988053
 20
-21.19423273735447
 30
0.0
 11
20.21549360593781
 21
-16.19423273738357
 31
0.0
1001
AcDbBlockRepETag
1070
     1
1071
       50
1005
408
  0
LINE
  5
409
330
3D4
100
AcDbEntity
  8
LONGARINA
  6
CONTINU
 48
2.0
370
    -2
100
AcDbLine
 10
20.21549360593781
 20
-16.19423273738357
 30
0.0
 11
20.21549360593781
 21
123.8057672626164
 31
0.0
1001
AcDbBlockRepETag
1070
     1
1071
       51
1005
409
  0
LINE
  5
40A
330
3D4
100
AcDbEntity
  8
LONGARINA
  6
CONTINU
 48
2.0
370
    -2
100
AcDbLine
 10
20.21549360593781
 20
123.8057672626164
 30
0.0
 11
17.32874225988053
 21
128.8057672626164
 31
0.0
1001
AcDbBlockRepETag
1070
     1
1071
       52
1005
40A
  0
LINE
  5
40B
330
3D4
100
AcDbEntity
  8
LONGARINA
  6
CONTINU
 48
2.0
370
    -2
100
AcDbLine
 10
10.5881119951373
 20
128.8057672626164
 30
0.0
 11
9.200877974973992
 21
126.4030074576731
 31
0.0
1001
AcDbBlockRepETag
1070
     1
1071
       53
1005
40B
  0
LINE
  5
40C
330
3D4
100
AcDbEntity
  8
LONGARINA
  6
CONTINU
 48
2.0
370
    -2
100
AcDbLine
 10
9.200877974973992
 20
126.4030074576731
 30
0.0
 11
11.63146613084245
 21
114.4037727743562
 31
0.0
1001
AcDbBlockRepETag
1070
     1
1071
       54
1005
40C
  0
LINE
  5
40D
330
3D4
100
AcDbEntity
  8
LONGARINA
  6
CONTINU
 48
2.0
370
    -2
100
AcDbLine
 10
10.5881119951373
 20
-21.19423273735447
 30
0.0
 11
17.11549360584468
 21
-21.19423273735447
 31
0.0
1001
AcDbBlockRepETag
1070
     1
1071
       55
1005
40D
  0
LINE
  5
40E
330
3D4
100
AcDbEntity
  8
LONGARINA
  6
CONTINU
 48
2.0
370
    -2
100
AcDbLine
 10
17.11549360584468
 20
-21.19423273735447
 30
0.0
 11
17.32874225988053
 21
-21.19423273735447
 31
0.0
1001
AcDbBlockRepETag
1070
     1
1071
       56
1005
40E
  0
LINE
  5
40F
330
3D4
100
AcDbEntity
  8
LONGARINA
  6
CONTINU
 48
2.0
370
    -2
100
AcDbLine
 10
17.32874225988053
 20
128.8057672626164
 30
0.0
 11
17.11549360584468
 21
128.8057672626164
 31
0.0
1001
AcDbBlockRepETag
1070
     1
1071
       57
1005
40F
  0
LINE
  5
410
330
3D4
100
AcDbEntity
  8
LONGARINA
  6
CONTINU
 48
2.0
370
    -2
100
AcDbLine
 10
17.11549360584468
 20
128.8057672626164
 30
0.0
 11
10.5881119951373
 21
128.8057672626164
 31
0.0
1001
AcDbBlockRepETag
1070
     1
1071
       58
1005
410
  0
LINE
  5
411
330
3D4
100
AcDbEntity
  8
LONGARINA
  6
CONTINU
 48
2.0
370
    -2
100
AcDbLine
 10
23.86549360584468
 20
-16.19423273738357
 30
0.0
 11
23.86549360584468
 21
123.8057672626164
 31
0.0
1001
AcDbBlockRepETag
1070
     1
1071
       59
1005
411
  0
LINE
  5
412
330
3D4
100
AcDbEntity
  8
LONGARINA
  6
CONTINU
 48
2.0
370
    -2
100
AcDbLine
 10
20.21549360593781
 20
123.8057672626164
 30
0.0
 11
23.86549360584468
 21
123.8057672626164
 31
0.0
1001
AcDbBlockRepETag
1070
     1
1071
       60
1005
412
  0
LINE
  5
413
330
3D4
100
AcDbEntity
  8
LONGARINA
  6
CONTINU
 48
2.0
370
    -2
100
AcDbLine
 10
23.86549360584468
 20
-16.19423273738357
 30
0.0
 11
20.21549360593781
 21
-16.19423273735447
 31
0.0
1001
AcDbBlockRepETag
1070
     1
1071
       61
1005
413
  0
LINE
  5
414
330
3D4
100
AcDbEntity
  8
LONGARINA
  6
CONTINU
 48
2.0
370
    -2
100
AcDbLine
 10
7.235921198618598
 20
11.63789581586025
 30
0.0
 11
4.635073362849653
 21
12.27191417574068
 31
0.0
1001
AcDbBlockRepETag
1070
     1
1071
       62
1005
414
  0
LINE
  5
415
330
3D4
100
AcDbEntity
  8
LONGARINA
  6
CONTINU
 48
2.0
370
    -2
100
AcDbLine
 10
4.248346930718981
 20
-2.043788594688522
 30
0.0
 11
3.523695614538155
 21
-1.867137645487674
 31
0.0
1001
AcDbBlockRepETag
1070
     1
1071
       63
1005
415
  0
LINE
  5
416
330
3D4
100
AcDbEntity
  8
LONGARINA
  6
CONTINU
 48
2.0
370
    -2
100
AcDbLine
 10
1.3193393178517
 20
-1.329773504228797
 30
0.0
 11
3.523695614538155
 21
-1.867137645487674
 31
0.0
1001
AcDbBlockRepETag
1070
     1
1071
       64
1005
416
  0
LINE
  5
417
330
3D4
100
AcDbEntity
  8
LONGARINA
  6
CONTINU
 48
2.0
370
    -2
100
AcDbLine
 10
1.3193393178517
 20
-1.329773504199693
 30
0.0
 11
4.635073362849653
 21
12.27191417574068
 31
0.0
1001
AcDbBlockRepETag
1070
     1
1071
       65
1005
417
  0
LINE
  5
418
330
3D4
100
AcDbEntity
  8
LONGARINA
  6
CONTINU
 48
2.0
370
    -2
100
AcDbLine
 10
7.235921198618598
 20
61.63789581586025
 30
0.0
 11
4.635073362849653
 21
62.27191417574068
 31
0.0
1001
AcDbBlockRepETag
1070
     1
1071
       66
1005
418
  0
LINE
  5
419
330
3D4
100
AcDbEntity
  8
LONGARINA
  6
CONTINU
 48
2.0
370
    -2
100
AcDbLine
 10
7.235921198618598
 20
61.63789581586025
 30
0.0
 11
8.18122765084263
 21
61.407454942615
 31
0.0
1001
AcDbBlockRepETag
1070
     1
1071
       67
1005
419
  0
LINE
  5
41A
330
3D4
100
AcDbEntity
  8
LONGARINA
  6
CONTINU
 48
2.0
370
    -2
100
AcDbLine
 10
4.248346930718981
 20
47.95621140531148
 30
0.0
 11
1.3193393178517
 21
48.670226495713
 31
0.0
1001
AcDbBlockRepETag
1070
     1
1071
       68
1005
41A
  0
LINE
  5
41B
330
3D4
100
AcDbEntity
  8
LONGARINA
  6
CONTINU
 48
2.0
370
    -2
100
AcDbLine
 10
1.3193393178517
 20
48.670226495713
 30
0.0
 11
4.635073362849653
 21
62.27191417574068
 31
0.0
1001
AcDbBlockRepETag
1070
     1
1071
       69
1005
41B
  0
LINE
  5
41C
330
3D4
100
AcDbEntity
  8
LONGARINA
  6
CONTINU
 48
2.0
370
    -2
100
AcDbLine
 10
1.319339314009994
 20
98.67022649673163
 30
0.0
 11
4.248349363449961
 21
97.95620960844099
 31
0.0
1001
AcDbBlockRepETag
1070
     1
1071
       70
1005
41C
  0
LINE
  5
41D
330
3D4
100
AcDbEntity
  8
LONGARINA
  6
CONTINU
 48
2.0
370
    -2
100
AcDbLine
 10
1.319339314009994
 20
98.67022649670253
 30
0.0
 11
4.635073362849653
 21
112.2719141757407
 31
0.0
1001
AcDbBlockRepETag
1070
     1
1071
       71
1005
41D
  0
LINE
  5
41E
330
3D4
100
AcDbEntity
  8
LONGARINA
  6
CONTINU
 48
2.0
370
    -2
100
AcDbLine
 10
4.635073362849653
 20
112.2719141757407
 30
0.0
 11
8.18122765084263
 21
111.4074549425859
 31
0.0
1001
AcDbBlockRepETag
1070
     1
1071
       72
1005
41E
  0
ARC
  5
41F
330
3D4
100
AcDbEntity
  8
LONGARINA
  6
CONTINU
 48
2.0
370
    -2
100
AcDbCircle
 10
9.18122973293066
 20
113.9074505501194
 30
0.0
 40
2.499995607534359
100
AcDbArc
 50
269.9999522819734
 51
11.45099897178793
1001
AcDbBlockRepETag
1070
     1
1071
       73
1005
41F
  0
ARC
  5
420
330
3D4
100
AcDbEntity
  8
LONGARINA
  6
CONTINU
 48
2.0
370
    -2
100
AcDbCircle
 10
4.004724225378595
 20
96.9781374350132
 30
0.0
 40
1.007957531003227
100
AcDbArc
 50
11.73795370551388
 51
76.0129969096519
1001
AcDbBlockRepETag
1070
     1
1071
       74
1005
420
  0
ARC
  5
421
330
3D4
100
AcDbEntity
  8
LONGARINA
  6
CONTINU
 48
2.0
370
    -2
100
AcDbCircle
 10
4.004721792647615
 20
46.97813923188369
 30
0.0
 40
1.007957531003227
100
AcDbArc
 50
11.73795370551388
 51
76.0129969096519
1001
AcDbBlockRepETag
1070
     1
1071
       75
1005
421
  0
ARC
  5
422
330
3D4
100
AcDbEntity
  8
LONGARINA
  6
CONTINU
 48
2.0
370
    -2
100
AcDbCircle
 10
4.004721792647615
 20
-3.021860768116312
 30
0.0
 40
1.007957531003227
100
AcDbArc
 50
11.73795370551388
 51
76.0129969096519
1001
AcDbBlockRepETag
1070
     1
1071
       76
1005
422
  0
ARC
  5
423
330
3D4
100
AcDbEntity
  8
LONGARINA
  6
CONTINU
 48
2.0
370
    -2
100
AcDbCircle
 10
9.18122973293066
 20
113.9074505500612
 30
0.0
 40
2.499995607447048
100
AcDbArc
 50
269.9999522819734
 51
11.45099897388406
1001
AcDbBlockRepETag
1070
     1
1071
       77
1005
423
  0
ARC
  5
424
330
3D4
100
AcDbEntity
  8
LONGARINA
  6
CONTINU
 48
2.0
370
    -2
100
AcDbCircle
 10
9.18122973293066
 20
63.90745055006118
 30
0.0
 40
2.499995607447048
100
AcDbArc
 50
269.9999522819734
 51
11.45099897388406
1001
AcDbBlockRepETag
1070
     1
1071
       78
1005
424
  0
ARC
  5
425
330
3D4
100
AcDbEntity
  8
LONGARINA
  6
CONTINU
 48
2.0
370
    -2
100
AcDbCircle
 10
9.18122973293066
 20
13.90745055006118
 30
0.0
 40
2.499995607447048
100
AcDbArc
 50
269.9999522819734
 51
11.45099897388406
1001
AcDbBlockRepETag
1070
     1
1071
       79
1005
425
  0
LINE
  5
426
330
3D4
100
AcDbEntity
  8
LONGARINA
  6
CONTINU
 48
2.0
370
    -2
100
AcDbLine
 10
1916.865493605728
 20
43.80576726256946
 30
0.0
 11
23.86549360584468
 21
43.80576726261643
 31
0.0
1001
AcDbBlockRepETag
1070
     1
1071
       80
1005
426
  0
LINE
  5
427
330
3D4
100
AcDbEntity
  8
LONGARINA
  6
CONTINU
 48
2.0
370
    -2
100
AcDbLine
 10
1916.865493605728
 20
123.8057672625695
 30
0.0
 11
23.86549360584468
 21
123.8057672626164
 31
0.0
1001
AcDbBlockRepETag
1070
     1
1071
       81
1005
427
  0
ARC
  5
428
330
3D4
100
AcDbEntity
  8
LONGARINA
  6
CONTINU
 48
2.0
370
    -2
100
AcDbCircle
 10
4.5
 20
16.91153452533763
 30
0.0
 40
4.000000000006087
100
AcDbArc
 50
345.09940331134
 51
165.0994033113401
1001
AcDbBlockRepETag
1070
     1
1071
       82
1005
428
  0
ARC
  5
429
330
3D4
100
AcDbEntity
  8
LONGARINA
  6
CONTINU
 48
2.0
370
    -2
100
AcDbCircle
 10
0.0
 20
0.0
 30
0.0
 40
4.000000000006087
100
AcDbArc
 50
165.0994033113401
 51
332.1259905657012
1001
AcDbBlockRepETag
1070
     1
1071
       83
1005
429
  0
LINE
  5
42A
330
3D4
100
AcDbEntity
  8
LONGARINA
  6
CONTINU
 48
2.0
370
    -2
100
AcDbLine
 10
8.365493605844676
 20
15.88296309675206
 30
0.0
 11
7.235921198502183
 21
11.63789581588935
 31
0.0
1001
AcDbBlockRepETag
1070
     1
1071
       84
1005
42A
  0
LINE
  5
42B
330
3D4
100
AcDbEntity
  8
LONGARINA
  6
CONTINU
 48
2.0
370
    -2
100
AcDbLine
 10
-3.865493605728261
 20
1.028571428585565
 30
0.0
 11
0.6345063941553235
 21
17.94010595389409
 31
0.0
1001
AcDbBlockRepETag
1070
     1
1071
       85
1005
42B
  0
LINE
  5
42C
330
3D4
100
AcDbEntity
  8
LONGARINA
  6
CONTINU
 48
2.0
370
    -2
100
AcDbLine
 10
1931.54975956073
 20
111.4074549425971
 30
0.0
 11
1932.54975956073
 21
111.4074549425971
 31
0.0
1001
AcDbBlockRepETag
1070
     1
1071
       86
1005
42C
  0
LINE
  5
42D
330
3D4
100
AcDbEntity
  8
LONGARINA
  6
CONTINU
 48
2.0
370
    -2
100
AcDbLine
 10
1932.54975956073
 20
111.4074549425971
 30
0.0
 11
1935.919414099888
 21
97.5845765062662
 31
0.0
1001
AcDbBlockRepETag
1070
     1
1071
       87
1005
42D
  0
LINE
  5
42E
330
3D4
100
AcDbEntity
  8
LONGARINA
  6
CONTINU
 48
2.0
370
    -2
100
AcDbLine
 10
1935.739383595879
 20
97.1831921874949
 30
0.0
 11
1929.09952248307
 21
64.40377969811048
 31
0.0
1001
AcDbBlockRepETag
1070
     1
1071
       88
1005
42E
  0
LINE
  5
42F
330
3D4
100
AcDbEntity
  8
LONGARINA
  6
CONTINU
 48
2.0
370
    -2
100
AcDbLine
 10
1931.54975956073
 20
61.40745494259714
 30
0.0
 11
1932.54975956073
 21
61.40745494259714
 31
0.0
1001
AcDbBlockRepETag
1070
     1
1071
       89
1005
42F
  0
LINE
  5
430
330
3D4
100
AcDbEntity
  8
LONGARINA
  6
CONTINU
 48
2.0
370
    -2
100
AcDbLine
 10
1932.54975956073
 20
61.40745494259714
 30
0.0
 11
1935.919414099888
 21
47.5845765062662
 31
0.0
1001
AcDbBlockRepETag
1070
     1
1071
       90
1005
430
  0
LINE
  5
431
330
3D4
100
AcDbEntity
  8
LONGARINA
  6
CONTINU
 48
2.0
370
    -2
100
AcDbLine
 10
1935.739383595879
 20
47.1831921874949
 30
0.0
 11
1929.09952248307
 21
14.40377969811049
 31
0.0
1001
AcDbBlockRepETag
1070
     1
1071
       91
1005
431
  0
LINE
  5
432
330
3D4
100
AcDbEntity
  8
LONGARINA
  6
CONTINU
 48
2.0
370
    -2
100
AcDbLine
 10
1931.54975956073
 20
11.40745494259714
 30
0.0
 11
1932.54975956073
 21
11.40745494259714
 31
0.0
1001
AcDbBlockRepETag
1070
     1
1071
       92
1005
432
  0
LINE
  5
433
330
3D4
100
AcDbEntity
  8
LONGARINA
  6
CONTINU
 48
2.0
370
    -2
100
AcDbLine
 10
1932.54975956073
 20
11.40745494259714
 30
0.0
 11
1935.919414099888
 21
-2.415423493733797
 31
0.0
1001
AcDbBlockRepETag
1070
     1
1071
       93
1005
433
  0
LINE
  5
434
330
3D4
100
AcDbEntity
  8
LONGARINA
  6
CONTINU
 48
2.0
370
    -2
100
AcDbLine
 10
1935.739383595879
 20
-2.816807812505103
 30
0.0
 11
1933.029626562377
 21
-16.19423273737233
 31
0.0
1001
AcDbBlockRepETag
1070
     1
1071
       94
1005
434
  0
LINE
  5
435
330
3D4
100
AcDbEntity
  8
LONGARINA
  6
CONTINU
 48
2.0
370
    -2
100
AcDbLine
 10
1933.029626562377
 20
-16.19423273737233
 30
0.0
 11
1930.142875216436
 21
-21.19423273737233
 31
0.0
1001
AcDbBlockRepETag
1070
     1
1071
       95
1005
435
  0
LINE
  5
436
330
3D4
100
AcDbEntity
  8
LONGARINA
  6
CONTINU
 48
2.0
370
    -2
100
AcDbLine
 10
1923.402244951693
 20
-21.19423273737233
 30
0.0
 11
1920.515493605635
 21
-16.19423273740144
 31
0.0
1001
AcDbBlockRepETag
1070
     1
1071
       96
1005
436
  0
LINE
  5
437
330
3D4
100
AcDbEntity
  8
LONGARINA
  6
CONTINU
 48
2.0
370
    -2
100
AcDbLine
 10
1920.515493605635
 20
123.8057672625986
 30
0.0
 11
1923.402244951693
 21
128.8057672625986
 31
0.0
1001
AcDbBlockRepETag
1070
     1
1071
       97
1005
437
  0
LINE
  5
438
330
3D4
100
AcDbEntity
  8
LONGARINA
  6
CONTINU
 48
2.0
370
    -2
100
AcDbLine
 10
1930.142875216436
 20
128.8057672625986
 30
0.0
 11
1931.530109236599
 21
126.4030074576552
 31
0.0
1001
AcDbBlockRepETag
1070
     1
1071
       98
1005
438
  0
LINE
  5
439
330
3D4
100
AcDbEntity
  8
LONGARINA
  6
CONTINU
 48
2.0
370
    -2
100
AcDbLine
 10
1931.530109236599
 20
126.4030074576552
 30
0.0
 11
1929.099521080731
 21
114.4037727743383
 31
0.0
1001
AcDbBlockRepETag
1070
     1
1071
       99
1005
439
  0
LINE
  5
43A
330
3D4
100
AcDbEntity
  8
LONGARINA
  6
CONTINU
 48
2.0
370
    -2
100
AcDbLine
 10
1931.54975956073
 20
111.407454942568
 30
0.0
 11
1932.54975956073
 21
111.407454942568
 31
0.0
1001
AcDbBlockRepETag
1070
     1
1071
      100
1005
43A
  0
LINE
  5
43B
330
3D4
100
AcDbEntity
  8
LONGARINA
  6
CONTINU
 48
2.0
370
    -2
100
AcDbLine
 10
1930.142875216436
 20
-21.19423273737233
 30
0.0
 11
1923.615493605728
 21
-21.19423273737233
 31
0.0
1001
AcDbBlockRepETag
1070
     1
1071
      101
1005
43B
  0
LINE
  5
43C
330
3D4
100
AcDbEntity
  8
LONGARINA
  6
CONTINU
 48
2.0
370
    -2
100
AcDbLine
 10
1923.615493605728
 20
-21.19423273737233
 30
0.0
 11
1923.402244951693
 21
-21.19423273737233
 31
0.0
1001
AcDbBlockRepETag
1070
     1
1071
      102
1005
43C
  0
LINE
  5
43D
330
3D4
100
AcDbEntity
  8
LONGARINA
  6
CONTINU
 48
2.0
370
    -2
100
AcDbLine
 10
1923.402244951693
 20
128.8057672625986
 30
0.0
 11
1923.615493605728
 21
128.8057672625986
 31
0.0
1001
AcDbBlockRepETag
1070
     1
1071
      103
1005
43D
  0
LINE
  5
43E
330
3D4
100
AcDbEntity
  8
LONGARINA
  6
CONTINU
 48
2.0
370
    -2
100
AcDbLine
 10
1923.615493605728
 20
128.8057672625986
 30
0.0
 11
1930.142875216436
 21
128.8057672625986
 31
0.0
1001
AcDbBlockRepETag
1070
     1
1071
      104
1005
43E
  0
LINE
  5
43F
330
3D4
100
AcDbEntity
  8
LONGARINA
  6
CONTINU
 48
2.0
370
    -2
100
AcDbLine
 10
1916.865493605728
 20
-16.19423273740144
 30
0.0
 11
1916.865493605728
 21
123.8057672625986
 31
0.0
1001
AcDbBlockRepETag
1070
     1
1071
      105
1005
43F
  0
LINE
  5
440
330
3D4
100
AcDbEntity
  8
LONGARINA
  6
CONTINU
 48
2.0
370
    -2
100
AcDbLine
 10
1920.515493605635
 20
123.8057672625986
 30
0.0
 11
1916.865493605728
 21
123.8057672625986
 31
0.0
1001
AcDbBlockRepETag
1070
     1
1071
      106
1005
440
  0
LINE
  5
441
330
3D4
100
AcDbEntity
  8
LONGARINA
  6
CONTINU
 48
2.0
370
    -2
100
AcDbLine
 10
1916.865493605728
 20
-16.19423273740144
 30
0.0
 11
1920.515493605635
 21
-16.19423273740144
 31
0.0
1001
AcDbBlockRepETag
1070
     1
1071
      107
1005
441
  0
LINE
  5
442
330
3D4
100
AcDbEntity
  8
LONGARINA
  6
CONTINU
 48
2.0
370
    -2
100
AcDbLine
 10
1933.495066012954
 20
11.63789581584239
 30
0.0
 11
1936.095913848723
 21
12.27191417572281
 31
0.0
1001
AcDbBlockRepETag
1070
     1
1071
      108
1005
442
  0
LINE
  5
443
330
3D4
100
AcDbEntity
  8
LONGARINA
  6
CONTINU
 48
2.0
370
    -2
100
AcDbLine
 10
1933.495066012954
 20
11.63789581584239
 30
0.0
 11
1932.54975956073
 21
11.40745494259714
 31
0.0
1001
AcDbBlockRepETag
1070
     1
1071
      109
1005
443
  0
LINE
  5
444
330
3D4
100
AcDbEntity
  8
LONGARINA
  6
CONTINU
 48
2.0
370
    -2
100
AcDbLine
 10
1936.482640280854
 20
-2.043788594706384
 30
0.0
 11
1937.207291597035
 21
-1.867137645505536
 31
0.0
1001
AcDbBlockRepETag
1070
     1
1071
      110
1005
444
  0
LINE
  5
445
330
3D4
100
AcDbEntity
  8
LONGARINA
  6
CONTINU
 48
2.0
370
    -2
100
AcDbLine
 10
1939.411647893721
 20
-1.329773504246659
 30
0.0
 11
1937.207291597035
 21
-1.867137645505536
 31
0.0
1001
AcDbBlockRepETag
1070
     1
1071
      111
1005
445
  0
LINE
  5
446
330
3D4
100
AcDbEntity
  8
LONGARINA
  6
CONTINU
 48
2.0
370
    -2
100
AcDbLine
 10
1939.411647893721
 20
-1.329773504217555
 30
0.0
 11
1936.095913848723
 21
12.27191417572281
 31
0.0
1001
AcDbBlockRepETag
1070
     1
1071
      112
1005
446
  0
LINE
  5
447
330
3D4
100
AcDbEntity
  8
LONGARINA
  6
CONTINU
 48
2.0
370
    -2
100
AcDbLine
 10
1933.495066012954
 20
61.63789581584238
 30
0.0
 11
1936.095913848723
 21
62.27191417572281
 31
0.0
1001
AcDbBlockRepETag
1070
     1
1071
      113
1005
447
  0
LINE
  5
448
330
3D4
100
AcDbEntity
  8
LONGARINA
  6
CONTINU
 48
2.0
370
    -2
100
AcDbLine
 10
1933.495066012954
 20
61.63789581584238
 30
0.0
 11
1932.54975956073
 21
61.40745494259714
 31
0.0
1001
AcDbBlockRepETag
1070
     1
1071
      114
1005
448
  0
LINE
  5
449
330
3D4
100
AcDbEntity
  8
LONGARINA
  6
CONTINU
 48
2.0
370
    -2
100
AcDbLine
 10
1936.482640280854
 20
47.95621140529362
 30
0.0
 11
1939.411647893721
 21
48.67022649569513
 31
0.0
1001
AcDbBlockRepETag
1070
     1
1071
      115
1005
449
  0
LINE
  5
44A
330
3D4
100
AcDbEntity
  8
LONGARINA
  6
CONTINU
 48
2.0
370
    -2
100
AcDbLine
 10
1939.411647893721
 20
48.67022649569513
 30
0.0
 11
1936.095913848723
 21
62.27191417572281
 31
0.0
1001
AcDbBlockRepETag
1070
     1
1071
      116
1005
44A
  0
LINE
  5
44B
330
3D4
100
AcDbEntity
  8
LONGARINA
  6
CONTINU
 48
2.0
370
    -2
100
AcDbLine
 10
1933.495066012954
 20
111.6378958158424
 30
0.0
 11
1936.095913848723
 21
112.2719141757228
 31
0.0
1001
AcDbBlockRepETag
1070
     1
1071
      117
1005
44B
  0
LINE
  5
44C
330
3D4
100
AcDbEntity
  8
LONGARINA
  6
CONTINU
 48
2.0
370
    -2
100
AcDbLine
 10
1933.495066012954
 20
111.6378958158424
 30
0.0
 11
1932.54975956073
 21
111.4074549425971
 31
0.0
1001
AcDbBlockRepETag
1070
     1
1071
      118
1005
44C
  0
LINE
  5
44D
330
3D4
100
AcDbEntity
  8
LONGARINA
  6
CONTINU
 48
2.0
370
    -2
100
AcDbLine
 10
1939.411647897563
 20
98.67022649671377
 30
0.0
 11
1936.482637848123
 21
97.95620960842312
 31
0.0
1001
AcDbBlockRepETag
1070
     1
1071
      119
1005
44D
  0
LINE
  5
44E
330
3D4
100
AcDbEntity
  8
LONGARINA
  6
CONTINU
 48
2.0
370
    -2
100
AcDbLine
 10
1939.411647897563
 20
98.67022649668466
 30
0.0
 11
1936.095913848723
 21
112.2719141757228
 31
0.0
1001
AcDbBlockRepETag
1070
     1
1071
      120
1005
44E
  0
LINE
  5
44F
330
3D4
100
AcDbEntity
  8
LONGARINA
  6
CONTINU
 48
2.0
370
    -2
100
AcDbLine
 10
1936.095913848723
 20
112.2719141757228
 30
0.0
 11
1932.54975956073
 21
111.407454942568
 31
0.0
1001
AcDbBlockRepETag
1070
     1
1071
      121
1005
44F
  0
ARC
  5
450
330
3D4
100
AcDbEntity
  8
LONGARINA
  6
CONTINU
 48
2.0
370
    -2
100
AcDbCircle
 10
1931.549757478643
 20
113.9074505501016
 30
0.0
 40
2.499995607535101
100
AcDbArc
 50
168.5490010282151
 51
270.0000477180213
1001
AcDbBlockRepETag
1070
     1
1071
      122
1005
450
  0
ARC
  5
451
330
3D4
100
AcDbEntity
  8
LONGARINA
  6
CONTINU
 48
2.0
370
    -2
100
AcDbCircle
 10
1936.726262986195
 20
96.97813743499512
 30
0.0
 40
1.007957531004038
100
AcDbArc
 50
103.9870030903587
 51
168.2620462944751
1001
AcDbBlockRepETag
1070
     1
1071
      123
1005
451
  0
ARC
  5
452
330
3D4
100
AcDbEntity
  8
LONGARINA
  6
CONTINU
 48
2.0
370
    -2
100
AcDbCircle
 10
1936.726265418925
 20
46.97813923186591
 30
0.0
 40
1.007957531003714
100
AcDbArc
 50
103.98700309031
 51
168.2620462944906
1001
AcDbBlockRepETag
1070
     1
1071
      124
1005
452
  0
ARC
  5
453
330
3D4
100
AcDbEntity
  8
LONGARINA
  6
CONTINU
 48
2.0
370
    -2
100
AcDbCircle
 10
1936.726265418925
 20
-3.021860768134109
 30
0.0
 40
1.007957531003726
100
AcDbArc
 50
103.9870030903099
 51
168.2620462944895
1001
AcDbBlockRepETag
1070
     1
1071
      125
1005
453
  0
ARC
  5
454
330
3D4
100
AcDbEntity
  8
LONGARINA
  6
CONTINU
 48
2.0
370
    -2
100
AcDbCircle
 10
1931.549757478642
 20
113.9074505500432
 30
0.0
 40
2.499995607446286
100
AcDbArc
 50
168.5490010261111
 51
270.0000477180317
1001
AcDbBlockRepETag
1070
     1
1071
      126
1005
454
  0
ARC
  5
455
330
3D4
100
AcDbEntity
  8
LONGARINA
  6
CONTINU
 48
2.0
370
    -2
100
AcDbCircle
 10
1931.549757478642
 20
63.90745055004318
 30
0.0
 40
2.499995607446283
100
AcDbArc
 50
168.5490010261114
 51
270.0000477180317
1001
AcDbBlockRepETag
1070
     1
1071
      127
1005
455
  0
ARC
  5
456
330
3D4
100
AcDbEntity
  8
LONGARINA
  6
CONTINU
 48
2.0
370
    -2
100
AcDbCircle
 10
1931.549757478642
 20
13.90745055004318
 30
0.0
 40
2.499995607446285
100
AcDbArc
 50
168.5490010261112
 51
270.0000477180317
1001
AcDbBlockRepETag
1070
     1
1071
      128
1005
456
  0
ARC
  5
457
330
3D4
100
AcDbEntity
  8
LONGARINA
  6
CONTINU
 48
2.0
370
    -2
100
AcDbCircle
 10
1936.230987211573
 20
16.91153452531976
 30
0.0
 40
4.000000000006055
100
AcDbArc
 50
14.90059668866009
 51
194.90059668866
1001
AcDbBlockRepETag
1070
     1
1071
      129
1005
457
  0
ARC
  5
458
330
3D4
100
AcDbEntity
  8
LONGARINA
  6
CONTINU
 48
2.0
370
    -2
100
AcDbCircle
 10
1940.730987211573
 20
-0.0000000000179559
 30
0.0
 40
4.000000000006022
100
AcDbArc
 50
207.8740094345542
 51
14.90059668866154
1001
AcDbBlockRepETag
1070
     1
1071
      130
1005
458
  0
LINE
  5
459
330
3D4
100
AcDbEntity
  8
LONGARINA
  6
CONTINU
 48
2.0
370
    -2
100
AcDbLine
 10
1932.365493605728
 20
15.8829630967342
 30
0.0
 11
1933.495066013071
 21
11.63789581587149
 31
0.0
1001
AcDbBlockRepETag
1070
     1
1071
      131
1005
459
  0
LINE
  5
45A
330
3D4
100
AcDbEntity
  8
LONGARINA
  6
CONTINU
 48
2.0
370
    -2
100
AcDbLine
 10
1944.596480817301
 20
1.028571428567703
 30
0.0
 11
1940.096480817418
 21
17.94010595387623
 31
0.0
1001
AcDbBlockRepETag
1070
     1
1071
      132
1005
45A
  0
LINE
  5
45B
330
3D4
100
AcDbEntity
  8
LONGARINA
  6
CONTINU
 48
2.0
370
    -2
100
AcDbLine
 10
1920.365493605728
 20
-16.19423273740144
 30
0.0
 11
1920.365493605728
 21
123.8057672625986
 31
0.0
1001
AcDbBlockRepETag
1070
     1
1071
      133
1005
45B
  0
LINE
  5
45C
330
3D4
100
AcDbEntity
  8
PROTETORES
  6
CONTINU
 60
     1
 48
2.0
370
    -2
100
AcDbLine
 10
8.18122765084263
 20
111.407454942615
 30
0.0
 11
4.811573111684993
 21
97.58457650628407
 31
0.0
1001
AcDbBlockRepETag
1070
     1
1071
      134
1005
45C
  0
LINE
  5
45D
330
3D4
100
AcDbEntity
  8
PROTETORES
  6
CONTINU
 60
     1
 48
2.0
370
    -2
100
AcDbLine
 10
4.991603615693748
 20
97.18319218751276
 30
0.0
 11
11.63146472850349
 21
64.40377969812835
 31
0.0
1001
AcDbBlockRepETag
1070
     1
1071
      135
1005
45D
  0
LINE
  5
45E
330
3D4
100
AcDbEntity
  8
PROTETORES
  6
CONTINU
 60
     1
 48
2.0
370
    -2
100
AcDbLine
 10
9.18122765084263
 20
61.407454942615
 30
0.0
 11
8.18122765084263
 21
61.407454942615
 31
0.0
1001
AcDbBlockRepETag
1070
     1
1071
      136
1005
45E
  0
LINE
  5
45F
330
3D4
100
AcDbEntity
  8
PROTETORES
  6
CONTINU
 60
     1
 48
2.0
370
    -2
100
AcDbLine
 10
8.18122765084263
 20
61.407454942615
 30
0.0
 11
4.811573111684993
 21
47.58457650628407
 31
0.0
1001
AcDbBlockRepETag
1070
     1
1071
      137
1005
45F
  0
LINE
  5
460
330
3D4
100
AcDbEntity
  8
PROTETORES
  6
CONTINU
 60
     1
 48
2.0
370
    -2
100
AcDbLine
 10
4.991603615693748
 20
47.18319218751276
 30
0.0
 11
11.63146472850349
 21
14.40377969812835
 31
0.0
1001
AcDbBlockRepETag
1070
     1
1071
      138
1005
460
  0
LINE
  5
461
330
3D4
100
AcDbEntity
  8
PROTETORES
  6
CONTINU
 60
     1
 48
2.0
370
    -2
100
AcDbLine
 10
8.18122765084263
 20
11.407454942615
 30
0.0
 11
4.811573111684993
 21
-2.415423493715934
 31
0.0
1001
AcDbBlockRepETag
1070
     1
1071
      139
1005
461
  0
LINE
  5
462
330
3D4
100
AcDbEntity
  8
PROTETORES
  6
CONTINU
 60
     1
 48
2.0
370
    -2
100
AcDbLine
 10
4.991603615693748
 20
-2.816807812487241
 30
0.0
 11
7.701360649196431
 21
-16.19423273735447
 31
0.0
1001
AcDbBlockRepETag
1070
     1
1071
      140
1005
462
  0
LINE
  5
463
330
3D4
100
AcDbEntity
  8
PROTETORES
  6
CONTINU
 60
     1
 48
2.0
370
    -2
100
AcDbLine
 10
7.701360649196431
 20
-16.19423273735447
 30
0.0
 11
10.5881119951373
 21
-21.19423273735447
 31
0.0
1001
AcDbBlockRepETag
1070
     1
1071
      141
1005
463
  0
LINE
  5
464
330
3D4
100
AcDbEntity
  8
PROTETORES
  6
CONTINU
 60
     1
 48
2.0
370
    -2
100
AcDbLine
 10
17.32874225988053
 20
-21.19423273735447
 30
0.0
 11
20.21549360593781
 21
-16.19423273738357
 31
0.0
1001
AcDbBlockRepETag
1070
     1
1071
      142
1005
464
  0
LINE
  5
465
330
3D4
100
AcDbEntity
  8
PROTETORES
  6
CONTINU
 60
     1
 48
2.0
370
    -2
100
AcDbLine
 10
20.21549360593781
 20
-16.19423273738357
 30
0.0
 11
20.21549360593781
 21
123.8057672626164
 31
0.0
1001
AcDbBlockRepETag
1070
     1
1071
      143
1005
465
  0
LINE
  5
466
330
3D4
100
AcDbEntity
  8
PROTETORES
  6
CONTINU
 60
     1
 48
2.0
370
    -2
100
AcDbLine
 10
20.21549360593781
 20
123.8057672626164
 30
0.0
 11
17.32874225988053
 21
128.8057672626164
 31
0.0
1001
AcDbBlockRepETag
1070
     1
1071
      144
1005
466
  0
LINE
  5
467
330
3D4
100
AcDbEntity
  8
PROTETORES
  6
CONTINU
 60
     1
 48
2.0
370
    -2
100
AcDbLine
 10
10.5881119951373
 20
128.8057672626164
 30
0.0
 11
9.200877974973992
 21
126.4030074576731
 31
0.0
1001
AcDbBlockRepETag
1070
     1
1071
      145
1005
467
  0
LINE
  5
468
330
3D4
100
AcDbEntity
  8
PROTETORES
  6
CONTINU
 60
     1
 48
2.0
370
    -2
100
AcDbLine
 10
9.200877974973992
 20
126.4030074576731
 30
0.0
 11
11.63146613084245
 21
114.4037727743562
 31
0.0
1001
AcDbBlockRepETag
1070
     1
1071
      146
1005
468
  0
LINE
  5
469
330
3D4
100
AcDbEntity
  8
PROTETORES
  6
CONTINU
 60
     1
 48
2.0
370
    -2
100
AcDbLine
 10
10.5881119951373
 20
-21.19423273735447
 30
0.0
 11
17.11549360584468
 21
-21.19423273735447
 31
0.0
1001
AcDbBlockRepETag
1070
     1
1071
      147
1005
469
  0
LINE
  5
46A
330
3D4
100
AcDbEntity
  8
PROTETORES
  6
CONTINU
 60
     1
 48
2.0
370
    -2
100
AcDbLine
 10
17.11549360584468
 20
-21.19423273735447
 30
0.0
 11
17.32874225988053
 21
-21.19423273735447
 31
0.0
1001
AcDbBlockRepETag
1070
     1
1071
      148
1005
46A
  0
LINE
  5
46B
330
3D4
100
AcDbEntity
  8
PROTETORES
  6
CONTINU
 60
     1
 48
2.0
370
    -2
100
AcDbLine
 10
17.32874225988053
 20
128.8057672626164
 30
0.0
 11
17.11549360584468
 21
128.8057672626164
 31
0.0
1001
AcDbBlockRepETag
1070
     1
1071
      149
1005
46B
  0
LINE
  5
46C
330
3D4
100
AcDbEntity
  8
PROTETORES
  6
CONTINU
 60
     1
 48
2.0
370
    -2
100
AcDbLine
 10
17.11549360584468
 20
128.8057672626164
 30
0.0
 11
10.5881119951373
 21
128.8057672626164
 31
0.0
1001
AcDbBlockRepETag
1070
     1
1071
      150
1005
46C
  0
LINE
  5
46D
330
3D4
100
AcDbEntity
  8
PROTETORES
  6
CONTINU
 60
     1
 48
2.0
370
    -2
100
AcDbLine
 10
23.86549360584468
 20
-16.19423273738357
 30
0.0
 11
23.86549360584468
 21
123.8057672626164
 31
0.0
1001
AcDbBlockRepETag
1070
     1
1071
      151
1005
46D
  0
LINE
  5
46E
330
3D4
100
AcDbEntity
  8
PROTETORES
  6
CONTINU
 60
     1
 48
2.0
370
    -2
100
AcDbLine
 10
20.21549360593781
 20
123.8057672626164
 30
0.0
 11
23.86549360584468
 21
123.8057672626164
 31
0.0
1001
AcDbBlockRepETag
1070
     1
1071
      152
1005
46E
  0
LINE
  5
46F
330
3D4
100
AcDbEntity
  8
PROTETORES
  6
CONTINU
 60
     1
 48
2.0
370
    -2
100
AcDbLine
 10
23.86549360584468
 20
-16.19423273738357
 30
0.0
 11
20.21549360593781
 21
-16.19423273735447
 31
0.0
1001
AcDbBlockRepETag
1070
     1
1071
      153
1005
46F
  0
LINE
  5
470
330
3D4
100
AcDbEntity
  8
PROTETORES
  6
CONTINU
 60
     1
 48
2.0
370
    -2
100
AcDbLine
 10
7.235921198618598
 20
11.63789581586025
 30
0.0
 11
4.635073362849653
 21
12.27191417574068
 31
0.0
1001
AcDbBlockRepETag
1070
     1
1071
      154
1005
470
  0
LINE
  5
471
330
3D4
100
AcDbEntity
  8
PROTETORES
  6
CONTINU
 60
     1
 48
2.0
370
    -2
100
AcDbLine
 10
4.248346930718981
 20
-2.043788594688522
 30
0.0
 11
3.523695614538155
 21
-1.867137645487674
 31
0.0
1001
AcDbBlockRepETag
1070
     1
1071
      155
1005
471
  0
LINE
  5
472
330
3D4
100
AcDbEntity
  8
PROTETORES
  6
CONTINU
 60
     1
 48
2.0
370
    -2
100
AcDbLine
 10
1.3193393178517
 20
-1.329773504228797
 30
0.0
 11
3.523695614538155
 21
-1.867137645487674
 31
0.0
1001
AcDbBlockRepETag
1070
     1
1071
      156
1005
472
  0
LINE
  5
473
330
3D4
100
AcDbEntity
  8
PROTETORES
  6
CONTINU
 60
     1
 48
2.0
370
    -2
100
AcDbLine
 10
1.3193393178517
 20
-1.329773504199693
 30
0.0
 11
4.635073362849653
 21
12.27191417574068
 31
0.0
1001
AcDbBlockRepETag
1070
     1
1071
      157
1005
473
  0
LINE
  5
474
330
3D4
100
AcDbEntity
  8
PROTETORES
  6
CONTINU
 60
     1
 48
2.0
370
    -2
100
AcDbLine
 10
7.235921198618598
 20
61.63789581586025
 30
0.0
 11
4.635073362849653
 21
62.27191417574068
 31
0.0
1001
AcDbBlockRepETag
1070
     1
1071
      158
1005
474
  0
LINE
  5
475
330
3D4
100
AcDbEntity
  8
PROTETORES
  6
CONTINU
 60
     1
 48
2.0
370
    -2
100
AcDbLine
 10
7.235921198618598
 20
61.63789581586025
 30
0.0
 11
8.18122765084263
 21
61.407454942615
 31
0.0
1001
AcDbBlockRepETag
1070
     1
1071
      159
1005
475
  0
LINE
  5
476
330
3D4
100
AcDbEntity
  8
PROTETORES
  6
CONTINU
 60
     1
 48
2.0
370
    -2
100
AcDbLine
 10
4.248346930718981
 20
47.95621140531148
 30
0.0
 11
1.3193393178517
 21
48.670226495713
 31
0.0
1001
AcDbBlockRepETag
1070
     1
1071
      160
1005
476
  0
LINE
  5
477
330
3D4
100
AcDbEntity
  8
PROTETORES
  6
CONTINU
 60
     1
 48
2.0
370
    -2
100
AcDbLine
 10
1.3193393178517
 20
48.670226495713
 30
0.0
 11
4.635073362849653
 21
62.27191417574068
 31
0.0
1001
AcDbBlockRepETag
1070
     1
1071
      161
1005
477
  0
LINE
  5
478
330
3D4
100
AcDbEntity
  8
PROTETORES
  6
CONTINU
 60
     1
 48
2.0
370
    -2
100
AcDbLine
 10
1.319339314009994
 20
98.67022649673163
 30
0.0
 11
4.248349363449961
 21
97.95620960844099
 31
0.0
1001
AcDbBlockRepETag
1070
     1
1071
      162
1005
478
  0
LINE
  5
479
330
3D4
100
AcDbEntity
  8
PROTETORES
  6
CONTINU
 60
     1
 48
2.0
370
    -2
100
AcDbLine
 10
1.319339314009994
 20
98.67022649670253
 30
0.0
 11
4.635073362849653
 21
112.2719141757407
 31
0.0
1001
AcDbBlockRepETag
1070
     1
1071
      163
1005
479
  0
LINE
  5
47A
330
3D4
100
AcDbEntity
  8
PROTETORES
  6
CONTINU
 60
     1
 48
2.0
370
    -2
100
AcDbLine
 10
4.635073362849653
 20
112.2719141757407
 30
0.0
 11
8.18122765084263
 21
111.4074549425859
 31
0.0
1001
AcDbBlockRepETag
1070
     1
1071
      164
1005
47A
  0
ARC
  5
47B
330
3D4
100
AcDbEntity
  8
PROTETORES
  6
CONTINU
 60
     1
 48
2.0
370
    -2
100
AcDbCircle
 10
9.18122973293066
 20
113.9074505501194
 30
0.0
 40
2.499995607534359
100
AcDbArc
 50
269.9999522819734
 51
11.45099897178793
1001
AcDbBlockRepETag
1070
     1
1071
      165
1005
47B
  0
ARC
  5
47C
330
3D4
100
AcDbEntity
  8
PROTETORES
  6
CONTINU
 60
     1
 48
2.0
370
    -2
100
AcDbCircle
 10
4.004724225378595
 20
96.9781374350132
 30
0.0
 40
1.007957531003227
100
AcDbArc
 50
11.73795370551388
 51
76.01299690965112
1001
AcDbBlockRepETag
1070
     1
1071
      166
1005
47C
  0
ARC
  5
47D
330
3D4
100
AcDbEntity
  8
PROTETORES
  6
CONTINU
 60
     1
 48
2.0
370
    -2
100
AcDbCircle
 10
4.004721792647615
 20
46.97813923188369
 30
0.0
 40
1.007957531003227
100
AcDbArc
 50
11.73795370551388
 51
76.01299690965112
1001
AcDbBlockRepETag
1070
     1
1071
      167
1005
47D
  0
ARC
  5
47E
330
3D4
100
AcDbEntity
  8
PROTETORES
  6
CONTINU
 60
     1
 48
2.0
370
    -2
100
AcDbCircle
 10
4.004721792647615
 20
-3.021860768116312
 30
0.0
 40
1.007957531003227
100
AcDbArc
 50
11.73795370551388
 51
76.01299690965112
1001
AcDbBlockRepETag
1070
     1
1071
      168
1005
47E
  0
ARC
  5
47F
330
3D4
100
AcDbEntity
  8
PROTETORES
  6
CONTINU
 60
     1
 48
2.0
370
    -2
100
AcDbCircle
 10
9.18122973293066
 20
113.9074505500612
 30
0.0
 40
2.499995607447048
100
AcDbArc
 50
269.9999522819734
 51
11.45099897388541
1001
AcDbBlockRepETag
1070
     1
1071
      169
1005
47F
  0
ARC
  5
480
330
3D4
100
AcDbEntity
  8
PROTETORES
  6
CONTINU
 60
     1
 48
2.0
370
    -2
100
AcDbCircle
 10
9.18122973293066
 20
63.90745055006118
 30
0.0
 40
2.499995607447048
100
AcDbArc
 50
269.9999522819734
 51
11.45099897388406
1001
AcDbBlockRepETag
1070
     1
1071
      170
1005
480
  0
ARC
  5
481
330
3D4
100
AcDbEntity
  8
PROTETORES
  6
CONTINU
 60
     1
 48
2.0
370
    -2
100
AcDbCircle
 10
9.18122973293066
 20
13.90745055006118
 30
0.0
 40
2.499995607447048
100
AcDbArc
 50
269.9999522819734
 51
11.45099897388406
1001
AcDbBlockRepETag
1070
     1
1071
      171
1005
481
  0
LINE
  5
482
330
3D4
100
AcDbEntity
  8
PROTETORES
  6
CONTINU
 60
     1
 48
2.0
370
    -2
100
AcDbLine
 10
1416.865493605845
 20
43.80576726258187
 30
0.0
 11
23.86549360584468
 21
43.80576726261643
 31
0.0
1001
AcDbBlockRepETag
1070
     1
1071
      172
1005
482
  0
LINE
  5
483
330
3D4
100
AcDbEntity
  8
PROTETORES
  6
CONTINU
 60
     1
 48
2.0
370
    -2
100
AcDbLine
 10
1416.865493605845
 20
123.8057672625819
 30
0.0
 11
23.86549360584468
 21
123.8057672626164
 31
0.0
1001
AcDbBlockRepETag
1070
     1
1071
      173
1005
483
  0
ARC
  5
484
330
3D4
100
AcDbEntity
  8
PROTETORES
  6
CONTINU
 60
     1
 48
2.0
370
    -2
100
AcDbCircle
 10
4.5
 20
16.91153452533763
 30
0.0
 40
4.000000000006087
100
AcDbArc
 50
345.09940331134
 51
165.0994033113401
1001
AcDbBlockRepETag
1070
     1
1071
      174
1005
484
  0
ARC
  5
485
330
3D4
100
AcDbEntity
  8
PROTETORES
  6
CONTINU
 60
     1
 48
2.0
370
    -2
100
AcDbCircle
 10
0.0
 20
0.0
 30
0.0
 40
4.000000000006087
100
AcDbArc
 50
165.0994033113401
 51
332.1259905657012
1001
AcDbBlockRepETag
1070
     1
1071
      175
1005
485
  0
LINE
  5
486
330
3D4
100
AcDbEntity
  8
PROTETORES
  6
CONTINU
 60
     1
 48
2.0
370
    -2
100
AcDbLine
 10
8.365493605844676
 20
15.88296309675206
 30
0.0
 11
7.235921198502183
 21
11.63789581588935
 31
0.0
1001
AcDbBlockRepETag
1070
     1
1071
      176
1005
486
  0
LINE
  5
487
330
3D4
100
AcDbEntity
  8
PROTETORES
  6
CONTINU
 60
     1
 48
2.0
370
    -2
100
AcDbLine
 10
-3.865493605728261
 20
1.028571428585565
 30
0.0
 11
0.6345063941553235
 21
17.94010595389409
 31
0.0
1001
AcDbBlockRepETag
1070
     1
1071
      177
1005
487
  0
LINE
  5
488
330
3D4
100
AcDbEntity
  8
PROTETORES
  6
CONTINU
 60
     1
 48
2.0
370
    -2
100
AcDbLine
 10
1431.549759560847
 20
111.4074549426095
 30
0.0
 11
1432.549759560847
 21
111.4074549426095
 31
0.0
1001
AcDbBlockRepETag
1070
     1
1071
      178
1005
488
  0
LINE
  5
489
330
3D4
100
AcDbEntity
  8
PROTETORES
  6
CONTINU
 60
     1
 48
2.0
370
    -2
100
AcDbLine
 10
1432.549759560847
 20
111.4074549426095
 30
0.0
 11
1435.919414100004
 21
97.58457650627861
 31
0.0
1001
AcDbBlockRepETag
1070
     1
1071
      179
1005
489
  0
LINE
  5
48A
330
3D4
100
AcDbEntity
  8
PROTETORES
  6
CONTINU
 60
     1
 48
2.0
370
    -2
100
AcDbLine
 10
1435.739383595996
 20
97.1831921875073
 30
0.0
 11
1429.099522483186
 21
64.40377969812289
 31
0.0
1001
AcDbBlockRepETag
1070
     1
1071
      180
1005
48A
  0
LINE
  5
48B
330
3D4
100
AcDbEntity
  8
PROTETORES
  6
CONTINU
 60
     1
 48
2.0
370
    -2
100
AcDbLine
 10
1431.549759560847
 20
61.40745494260955
 30
0.0
 11
1432.549759560847
 21
61.40745494260955
 31
0.0
1001
AcDbBlockRepETag
1070
     1
1071
      181
1005
48B
  0
LINE
  5
48C
330
3D4
100
AcDbEntity
  8
PROTETORES
  6
CONTINU
 60
     1
 48
2.0
370
    -2
100
AcDbLine
 10
1432.549759560847
 20
61.40745494260955
 30
0.0
 11
1435.919414100004
 21
47.58457650627861
 31
0.0
1001
AcDbBlockRepETag
1070
     1
1071
      182
1005
48C
  0
LINE
  5
48D
330
3D4
100
AcDbEntity
  8
PROTETORES
  6
CONTINU
 60
     1
 48
2.0
370
    -2
100
AcDbLine
 10
1435.739383595996
 20
47.1831921875073
 30
0.0
 11
1429.099522483186
 21
14.40377969812289
 31
0.0
1001
AcDbBlockRepETag
1070
     1
1071
      183
1005
48D
  0
LINE
  5
48E
330
3D4
100
AcDbEntity
  8
PROTETORES
  6
CONTINU
 60
     1
 48
2.0
370
    -2
100
AcDbLine
 10
1431.549759560847
 20
11.40745494260955
 30
0.0
 11
1432.549759560847
 21
11.40745494260955
 31
0.0
1001
AcDbBlockRepETag
1070
     1
1071
      184
1005
48E
  0
LINE
  5
48F
330
3D4
100
AcDbEntity
  8
PROTETORES
  6
CONTINU
 60
     1
 48
2.0
370
    -2
100
AcDbLine
 10
1432.549759560847
 20
11.40745494260955
 30
0.0
 11
1435.919414100004
 21
-2.415423493721391
 31
0.0
1001
AcDbBlockRepETag
1070
     1
1071
      185
1005
48F
  0
LINE
  5
490
330
3D4
100
AcDbEntity
  8
PROTETORES
  6
CONTINU
 60
     1
 48
2.0
370
    -2
100
AcDbLine
 10
1435.739383595996
 20
-2.816807812492698
 30
0.0
 11
1433.029626562493
 21
-16.19423273735993
 31
0.0
1001
AcDbBlockRepETag
1070
     1
1071
      186
1005
490
  0
LINE
  5
491
330
3D4
100
AcDbEntity
  8
PROTETORES
  6
CONTINU
 60
     1
 48
2.0
370
    -2
100
AcDbLine
 10
1433.029626562493
 20
-16.19423273735993
 30
0.0
 11
1430.142875216552
 21
-21.19423273735993
 31
0.0
1001
AcDbBlockRepETag
1070
     1
1071
      187
1005
491
  0
LINE
  5
492
330
3D4
100
AcDbEntity
  8
PROTETORES
  6
CONTINU
 60
     1
 48
2.0
370
    -2
100
AcDbLine
 10
1423.402244951809
 20
-21.19423273735993
 30
0.0
 11
1420.515493605752
 21
-16.19423273738903
 31
0.0
1001
AcDbBlockRepETag
1070
     1
1071
      188
1005
492
  0
LINE
  5
493
330
3D4
100
AcDbEntity
  8
PROTETORES
  6
CONTINU
 60
     1
 48
2.0
370
    -2
100
AcDbLine
 10
1420.515493605752
 20
123.805767262611
 30
0.0
 11
1423.402244951809
 21
128.805767262611
 31
0.0
1001
AcDbBlockRepETag
1070
     1
1071
      189
1005
493
  0
LINE
  5
494
330
3D4
100
AcDbEntity
  8
PROTETORES
  6
CONTINU
 60
     1
 48
2.0
370
    -2
100
AcDbLine
 10
1430.142875216552
 20
128.805767262611
 30
0.0
 11
1431.530109236715
 21
126.4030074576676
 31
0.0
1001
AcDbBlockRepETag
1070
     1
1071
      190
1005
494
  0
LINE
  5
495
330
3D4
100
AcDbEntity
  8
PROTETORES
  6
CONTINU
 60
     1
 48
2.0
370
    -2
100
AcDbLine
 10
1431.530109236715
 20
126.4030074576676
 30
0.0
 11
1429.099521080847
 21
114.4037727743507
 31
0.0
1001
AcDbBlockRepETag
1070
     1
1071
      191
1005
495
  0
LINE
  5
496
330
3D4
100
AcDbEntity
  8
PROTETORES
  6
CONTINU
 60
     1
 48
2.0
370
    -2
100
AcDbLine
 10
1431.549759560847
 20
111.4074549425804
 30
0.0
 11
1432.549759560847
 21
111.4074549425804
 31
0.0
1001
AcDbBlockRepETag
1070
     1
1071
      192
1005
496
  0
LINE
  5
497
330
3D4
100
AcDbEntity
  8
PROTETORES
  6
CONTINU
 60
     1
 48
2.0
370
    -2
100
AcDbLine
 10
1430.142875216552
 20
-21.19423273735993
 30
0.0
 11
1423.615493605845
 21
-21.19423273735993
 31
0.0
1001
AcDbBlockRepETag
1070
     1
1071
      193
1005
497
  0
LINE
  5
498
330
3D4
100
AcDbEntity
  8
PROTETORES
  6
CONTINU
 60
     1
 48
2.0
370
    -2
100
AcDbLine
 10
1423.615493605845
 20
-21.19423273735993
 30
0.0
 11
1423.402244951809
 21
-21.19423273735993
 31
0.0
1001
AcDbBlockRepETag
1070
     1
1071
      194
1005
498
  0
LINE
  5
499
330
3D4
100
AcDbEntity
  8
PROTETORES
  6
CONTINU
 60
     1
 48
2.0
370
    -2
100
AcDbLine
 10
1423.402244951809
 20
128.805767262611
 30
0.0
 11
1423.615493605845
 21
128.805767262611
 31
0.0
1001
AcDbBlockRepETag
1070
     1
1071
      195
1005
499
  0
LINE
  5
49A
330
3D4
100
AcDbEntity
  8
PROTETORES
  6
CONTINU
 60
     1
 48
2.0
370
    -2
100
AcDbLine
 10
1423.615493605845
 20
128.805767262611
 30
0.0
 11
1430.142875216552
 21
128.805767262611
 31
0.0
1001
AcDbBlockRepETag
1070
     1
1071
      196
1005
49A
  0
LINE
  5
49B
330
3D4
100
AcDbEntity
  8
PROTETORES
  6
CONTINU
 60
     1
 48
2.0
370
    -2
100
AcDbLine
 10
1416.865493605845
 20
-16.19423273738903
 30
0.0
 11
1416.865493605845
 21
123.805767262611
 31
0.0
1001
AcDbBlockRepETag
1070
     1
1071
      197
1005
49B
  0
LINE
  5
49C
330
3D4
100
AcDbEntity
  8
PROTETORES
  6
CONTINU
 60
     1
 48
2.0
370
    -2
100
AcDbLine
 10
1420.515493605752
 20
123.805767262611
 30
0.0
 11
1416.865493605845
 21
123.805767262611
 31
0.0
1001
AcDbBlockRepETag
1070
     1
1071
      198
1005
49C
  0
LINE
  5
49D
330
3D4
100
AcDbEntity
  8
PROTETORES
  6
CONTINU
 60
     1
 48
2.0
370
    -2
100
AcDbLine
 10
1416.865493605845
 20
-16.19423273738903
 30
0.0
 11
1420.515493605752
 21
-16.19423273738903
 31
0.0
1001
AcDbBlockRepETag
1070
     1
1071
      199
1005
49D
  0
LINE
  5
49E
330
3D4
100
AcDbEntity
  8
PROTETORES
  6
CONTINU
 60
     1
 48
2.0
370
    -2
100
AcDbLine
 10
1433.495066013071
 20
11.63789581585479
 30
0.0
 11
1436.09591384884
 21
12.27191417573522
 31
0.0
1001
AcDbBlockRepETag
1070
     1
1071
      200
1005
49E
  0
LINE
  5
49F
330
3D4
100
AcDbEntity
  8
PROTETORES
  6
CONTINU
 60
     1
 48
2.0
370
    -2
100
AcDbLine
 10
1433.495066013071
 20
11.63789581585479
 30
0.0
 11
1432.549759560847
 21
11.40745494260955
 31
0.0
1001
AcDbBlockRepETag
1070
     1
1071
      201
1005
49F
  0
LINE
  5
4A0
330
3D4
100
AcDbEntity
  8
PROTETORES
  6
CONTINU
 60
     1
 48
2.0
370
    -2
100
AcDbLine
 10
1436.48264028097
 20
-2.043788594693979
 30
0.0
 11
1437.207291597151
 21
-1.867137645493131
 31
0.0
1001
AcDbBlockRepETag
1070
     1
1071
      202
1005
4A0
  0
LINE
  5
4A1
330
3D4
100
AcDbEntity
  8
PROTETORES
  6
CONTINU
 60
     1
 48
2.0
370
    -2
100
AcDbLine
 10
1439.411647893838
 20
-1.329773504234254
 30
0.0
 11
1437.207291597151
 21
-1.867137645493131
 31
0.0
1001
AcDbBlockRepETag
1070
     1
1071
      203
1005
4A1
  0
LINE
  5
4A2
330
3D4
100
AcDbEntity
  8
PROTETORES
  6
CONTINU
 60
     1
 48
2.0
370
    -2
100
AcDbLine
 10
1439.411647893838
 20
-1.32977350420515
 30
0.0
 11
1436.09591384884
 21
12.27191417573522
 31
0.0
1001
AcDbBlockRepETag
1070
     1
1071
      204
1005
4A2
  0
LINE
  5
4A3
330
3D4
100
AcDbEntity
  8
PROTETORES
  6
CONTINU
 60
     1
 48
2.0
370
    -2
100
AcDbLine
 10
1433.495066013071
 20
61.63789581585479
 30
0.0
 11
1436.09591384884
 21
62.27191417573522
 31
0.0
1001
AcDbBlockRepETag
1070
     1
1071
      205
1005
4A3
  0
LINE
  5
4A4
330
3D4
100
AcDbEntity
  8
PROTETORES
  6
CONTINU
 60
     1
 48
2.0
370
    -2
100
AcDbLine
 10
1433.495066013071
 20
61.63789581585479
 30
0.0
 11
1432.549759560847
 21
61.40745494260955
 31
0.0
1001
AcDbBlockRepETag
1070
     1
1071
      206
1005
4A4
  0
LINE
  5
4A5
330
3D4
100
AcDbEntity
  8
PROTETORES
  6
CONTINU
 60
     1
 48
2.0
370
    -2
100
AcDbLine
 10
1436.48264028097
 20
47.95621140530602
 30
0.0
 11
1439.411647893838
 21
48.67022649570754
 31
0.0
1001
AcDbBlockRepETag
1070
     1
1071
      207
1005
4A5
  0
LINE
  5
4A6
330
3D4
100
AcDbEntity
  8
PROTETORES
  6
CONTINU
 60
     1
 48
2.0
370
    -2
100
AcDbLine
 10
1439.411647893838
 20
48.67022649570754
 30
0.0
 11
1436.09591384884
 21
62.27191417573522
 31
0.0
1001
AcDbBlockRepETag
1070
     1
1071
      208
1005
4A6
  0
LINE
  5
4A7
330
3D4
100
AcDbEntity
  8
PROTETORES
  6
CONTINU
 60
     1
 48
2.0
370
    -2
100
AcDbLine
 10
1433.495066013071
 20
111.6378958158548
 30
0.0
 11
1436.09591384884
 21
112.2719141757352
 31
0.0
1001
AcDbBlockRepETag
1070
     1
1071
      209
1005
4A7
  0
LINE
  5
4A8
330
3D4
100
AcDbEntity
  8
PROTETORES
  6
CONTINU
 60
     1
 48
2.0
370
    -2
100
AcDbLine
 10
1433.495066013071
 20
111.6378958158548
 30
0.0
 11
1432.549759560847
 21
111.4074549426095
 31
0.0
1001
AcDbBlockRepETag
1070
     1
1071
      210
1005
4A8
  0
LINE
  5
4A9
330
3D4
100
AcDbEntity
  8
PROTETORES
  6
CONTINU
 60
     1
 48
2.0
370
    -2
100
AcDbLine
 10
1439.411647897679
 20
98.67022649672617
 30
0.0
 11
1436.48263784824
 21
97.95620960843553
 31
0.0
1001
AcDbBlockRepETag
1070
     1
1071
      211
1005
4A9
  0
LINE
  5
4AA
330
3D4
100
AcDbEntity
  8
PROTETORES
  6
CONTINU
 60
     1
 48
2.0
370
    -2
100
AcDbLine
 10
1439.411647897679
 20
98.67022649669707
 30
0.0
 11
1436.09591384884
 21
112.2719141757352
 31
0.0
1001
AcDbBlockRepETag
1070
     1
1071
      212
1005
4AA
  0
LINE
  5
4AB
330
3D4
100
AcDbEntity
  8
PROTETORES
  6
CONTINU
 60
     1
 48
2.0
370
    -2
100
AcDbLine
 10
1436.09591384884
 20
112.2719141757352
 30
0.0
 11
1432.549759560847
 21
111.4074549425804
 31
0.0
1001
AcDbBlockRepETag
1070
     1
1071
      213
1005
4AB
  0
ARC
  5
4AC
330
3D4
100
AcDbEntity
  8
PROTETORES
  6
CONTINU
 60
     1
 48
2.0
370
    -2
100
AcDbCircle
 10
1431.549757478759
 20
113.9074505501139
 30
0.0
 40
2.499995607534842
100
AcDbArc
 50
168.5490010282132
 51
270.0000477180266
1001
AcDbBlockRepETag
1070
     1
1071
      214
1005
4AC
  0
ARC
  5
4AD
330
3D4
100
AcDbEntity
  8
PROTETORES
  6
CONTINU
 60
     1
 48
2.0
370
    -2
100
AcDbCircle
 10
1436.726262986311
 20
96.97813743500774
 30
0.0
 40
1.007957531003776
100
AcDbArc
 50
103.9870030903489
 51
168.2620462944851
1001
AcDbBlockRepETag
1070
     1
1071
      215
1005
4AD
  0
ARC
  5
4AE
330
3D4
100
AcDbEntity
  8
PROTETORES
  6
CONTINU
 60
     1
 48
2.0
370
    -2
100
AcDbCircle
 10
1436.726265419042
 20
46.97813923187823
 30
0.0
 40
1.007957531003852
100
AcDbArc
 50
103.9870030903215
 51
168.2620462944877
1001
AcDbBlockRepETag
1070
     1
1071
      216
1005
4AE
  0
ARC
  5
4AF
330
3D4
100
AcDbEntity
  8
PROTETORES
  6
CONTINU
 60
     1
 48
2.0
370
    -2
100
AcDbCircle
 10
1436.726265419042
 20
-3.021860768121769
 30
0.0
 40
1.007957531003848
100
AcDbArc
 50
103.9870030903215
 51
168.2620462944877
1001
AcDbBlockRepETag
1070
     1
1071
      217
1005
4AF
  0
ARC
  5
4B0
330
3D4
100
AcDbEntity
  8
PROTETORES
  6
CONTINU
 60
     1
 48
2.0
370
    -2
100
AcDbCircle
 10
1431.549757478759
 20
113.9074505500557
 30
0.0
 40
2.499995607446551
100
AcDbArc
 50
168.5490010261146
 51
270.0000477180266
1001
AcDbBlockRepETag
1070
     1
1071
      218
1005
4B0
  0
ARC
  5
4B1
330
3D4
100
AcDbEntity
  8
PROTETORES
  6
CONTINU
 60
     1
 48
2.0
370
    -2
100
AcDbCircle
 10
1431.549757478759
 20
63.90745055005573
 30
0.0
 40
2.499995607446555
100
AcDbArc
 50
168.5490010261159
 51
270.0000477180266
1001
AcDbBlockRepETag
1070
     1
1071
      219
1005
4B1
  0
ARC
  5
4B2
330
3D4
100
AcDbEntity
  8
PROTETORES
  6
CONTINU
 60
     1
 48
2.0
370
    -2
100
AcDbCircle
 10
1431.549757478759
 20
13.90745055005573
 30
0.0
 40
2.499995607446553
100
AcDbArc
 50
168.5490010261159
 51
270.0000477180266
1001
AcDbBlockRepETag
1070
     1
1071
      220
1005
4B2
  0
ARC
  5
4B3
330
3D4
100
AcDbEntity
  8
PROTETORES
  6
CONTINU
 60
     1
 48
2.0
370
    -2
100
AcDbCircle
 10
1436.230987211689
 20
16.91153452533217
 30
0.0
 40
4.000000000006049
100
AcDbArc
 50
14.90059668866004
 51
194.90059668866
1001
AcDbBlockRepETag
1070
     1
1071
      221
1005
4B3
  0
ARC
  5
4B4
330
3D4
100
AcDbEntity
  8
PROTETORES
  6
CONTINU
 60
     1
 48
2.0
370
    -2
100
AcDbCircle
 10
1440.730987211689
 20
-0.000000000005457
 30
0.0
 40
4.000000000006108
100
AcDbArc
 50
207.8740094345551
 51
14.90059668866004
1001
AcDbBlockRepETag
1070
     1
1071
      222
1005
4B4
  0
LINE
  5
4B5
330
3D4
100
AcDbEntity
  8
PROTETORES
  6
CONTINU
 60
     1
 48
2.0
370
    -2
100
AcDbLine
 10
1432.365493605845
 20
15.88296309674661
 30
0.0
 11
1433.495066013187
 21
11.63789581588389
 31
0.0
1001
AcDbBlockRepETag
1070
     1
1071
      223
1005
4B5
  0
LINE
  5
4B6
330
3D4
100
AcDbEntity
  8
PROTETORES
  6
CONTINU
 60
     1
 48
2.0
370
    -2
100
AcDbLine
 10
1444.596480817418
 20
1.028571428580108
 30
0.0
 11
1440.096480817534
 21
17.94010595388863
 31
0.0
1001
AcDbBlockRepETag
1070
     1
1071
      224
1005
4B6
  0
LINE
  5
4B7
330
3D4
100
AcDbEntity
  8
PROTETORES
  6
CONTINU
 60
     1
 48
2.0
370
    -2
100
AcDbLine
 10
1420.365493605845
 20
-16.19423273738903
 30
0.0
 11
1420.365493605845
 21
123.805767262611
 31
0.0
1001
AcDbBlockRepETag
1070
     1
1071
      225
1005
4B7
  0
ENDBLK
  5
4B8
330
3D4
100
AcDbEntity
  8
0
100
AcDbBlockEnd
  0
BLOCK
  5
2E7
330
2D0
100
AcDbEntity
  8
0
100
AcDbBlockBegin
  2
Bloco Longarina Fundo Drive In
 70
     0
 10
0.0
 20
0.0
 30
0.0
  3
Bloco Longarina Fundo Drive In
  1
Acad:XRef
  0
LINE
  5
2E8
330
2D0
100
AcDbEntity
  8
CANETA03
 60
     1
100
AcDbLine
 10
0.0
 20
0.0
 30
0.0
 11
1042.393664406569
 21
0.0
 31
0.0
1001
AcDbBlockRepETag
1070
     1
1071
        0
1005
2E8
  0
LINE
  5
2E9
330
2D0
100
AcDbEntity
  8
CANETA03
 60
     1
100
AcDbLine
 10
0.0
 20
-75.99984799997765
 30
0.0
 11
1042.393664406569
 21
-75.99984799999947
 31
0.0
1001
AcDbBlockRepETag
1070
     1
1071
        1
1005
2E9
  0
LINE
  5
2EA
330
2D0
100
AcDbEntity
  8
arq_06
 60
     1
100
AcDbLine
 10
1034.893664406569
 20
0.0
 30
0.0
 11
1034.893664406569
 21
180.0
 31
0.0
1001
AcDbBlockRepETag
1070
     1
1071
        2
1005
2EA
  0
LINE
  5
2EB
330
2D0
100
AcDbEntity
  8
arq_06
 60
     1
100
AcDbLine
 10
1034.893664406569
 20
180.0
 30
0.0
 11
969.8936644065689
 21
180.0
 31
0.0
1001
AcDbBlockRepETag
1070
     1
1071
        3
1005
2EB
  0
LINE
  5
2EC
330
2D0
100
AcDbEntity
  8
arq_06
 60
     1
100
AcDbLine
 10
969.8936644065689
 20
180.0
 30
0.0
 11
969.8936644065689
 21
0.0
 31
0.0
1001
AcDbBlockRepETag
1070
     1
1071
        4
1005
2EC
  0
LINE
  5
2ED
330
2D0
100
AcDbEntity
  8
arq_06
 60
     1
100
AcDbLine
 10
1042.393664406569
 20
0.0
 30
0.0
 11
1042.393664406569
 21
2.0
 31
0.0
1001
AcDbBlockRepETag
1070
     1
1071
        5
1005
2ED
  0
LINE
  5
2EE
330
2D0
100
AcDbEntity
  8
arq_06
 60
     1
100
AcDbLine
 10
1042.393664406569
 20
2.0
 30
0.0
 11
1034.893664406569
 21
2.0
 31
0.0
1001
AcDbBlockRepETag
1070
     1
1071
        6
1005
2EE
  0
LINE
  5
2EF
330
2D0
100
AcDbEntity
  8
arq_06
 60
     1
100
AcDbLine
 10
962.3936644065689
 20
0.0
 30
0.0
 11
962.3936644065689
 21
2.0
 31
0.0
1001
AcDbBlockRepETag
1070
     1
1071
        7
1005
2EF
  0
LINE
  5
2F0
330
2D0
100
AcDbEntity
  8
arq_06
 60
     1
100
AcDbLine
 10
962.3936644065689
 20
2.0
 30
0.0
 11
969.8936644065689
 21
2.0
 31
0.0
1001
AcDbBlockRepETag
1070
     1
1071
        8
1005
2F0
  0
LINE
  5
2F1
330
2D0
100
AcDbEntity
  8
arq_06
 60
     1
100
AcDbLine
 10
962.3936644065689
 20
-83.99984799999947
 30
0.0
 11
1042.393664406569
 21
-83.99984799999947
 31
0.0
1001
AcDbBlockRepETag
1070
     1
1071
        9
1005
2F1
  0
LINE
  5
2F2
330
2D0
100
AcDbEntity
  8
arq_06
 60
     1
100
AcDbLine
 10
962.3936644065689
 20
-75.99984799999947
 30
0.0
 11
962.3936644065689
 21
-83.99984799999947
 31
0.0
1001
AcDbBlockRepETag
1070
     1
1071
       10
1005
2F2
  0
LINE
  5
2F3
330
2D0
100
AcDbEntity
  8
arq_06
 60
     1
100
AcDbLine
 10
1042.393664406569
 20
-75.99984799999947
 30
0.0
 11
1042.393664406569
 21
-83.99984799999947
 31
0.0
1001
AcDbBlockRepETag
1070
     1
1071
       11
1005
2F3
  0
LINE
  5
2F4
330
2D0
100
AcDbEntity
  8
arq_06
 60
     1
100
AcDbLine
 10
7.500000000014552
 20
0.0
 30
0.0
 11
7.500000000014552
 21
180.0
 31
0.0
1001
AcDbBlockRepETag
1070
     1
1071
       12
1005
2F4
  0
LINE
  5
2F5
330
2D0
100
AcDbEntity
  8
arq_06
 60
     1
100
AcDbLine
 10
7.500000000014552
 20
180.0
 30
0.0
 11
72.50000000001455
 21
180.0
 31
0.0
1001
AcDbBlockRepETag
1070
     1
1071
       13
1005
2F5
  0
LINE
  5
2F6
330
2D0
100
AcDbEntity
  8
arq_06
 60
     1
100
AcDbLine
 10
72.50000000001455
 20
180.0
 30
0.0
 11
72.50000000001455
 21
0.0
 31
0.0
1001
AcDbBlockRepETag
1070
     1
1071
       14
1005
2F6
  0
LINE
  5
2F7
330
2D0
100
AcDbEntity
  8
arq_06
 60
     1
100
AcDbLine
 10
0.0000000000145519
 20
0.0
 30
0.0
 11
0.0000000000145519
 21
2.0
 31
0.0
1001
AcDbBlockRepETag
1070
     1
1071
       15
1005
2F7
  0
LINE
  5
2F8
330
2D0
100
AcDbEntity
  8
arq_06
 60
     1
100
AcDbLine
 10
0.0000000000145519
 20
2.0
 30
0.0
 11
7.500000000014552
 21
2.0
 31
0.0
1001
AcDbBlockRepETag
1070
     1
1071
       16
1005
2F8
  0
LINE
  5
2F9
330
2D0
100
AcDbEntity
  8
arq_06
 60
     1
100
AcDbLine
 10
80.00000000001455
 20
0.0
 30
0.0
 11
80.00000000001455
 21
2.0
 31
0.0
1001
AcDbBlockRepETag
1070
     1
1071
       17
1005
2F9
  0
LINE
  5
2FA
330
2D0
100
AcDbEntity
  8
arq_06
 60
     1
100
AcDbLine
 10
80.00000000001455
 20
2.0
 30
0.0
 11
72.50000000001455
 21
2.0
 31
0.0
1001
AcDbBlockRepETag
1070
     1
1071
       18
1005
2FA
  0
LINE
  5
2FB
330
2D0
100
AcDbEntity
  8
arq_06
 60
     1
100
AcDbLine
 10
80.00000000001455
 20
-83.99984799999947
 30
0.0
 11
0.0000000000145519
 21
-83.99984799999947
 31
0.0
1001
AcDbBlockRepETag
1070
     1
1071
       19
1005
2FB
  0
LINE
  5
2FC
330
2D0
100
AcDbEntity
  8
arq_06
 60
     1
100
AcDbLine
 10
80.00000000001455
 20
-75.99984799999947
 30
0.0
 11
80.00000000001455
 21
-83.99984799999947
 31
0.0
1001
AcDbBlockRepETag
1070
     1
1071
       20
1005
2FC
  0
LINE
  5
2FD
330
2D0
100
AcDbEntity
  8
arq_06
 60
     1
100
AcDbLine
 10
0.0000000000145519
 20
-75.99984799999947
 30
0.0
 11
0.0000000000145519
 21
-83.99984799999947
 31
0.0
1001
AcDbBlockRepETag
1070
     1
1071
       21
1005
2FD
  0
LINE
  5
2FE
330
2D0
100
AcDbEntity
  8
CANETA03
 60
     1
100
AcDbLine
 10
32.00000000001455
 20
0.0
 30
0.0
 11
48.00000000001455
 21
0.0
 31
0.0
1001
AcDbBlockRepETag
1070
     1
1071
       22
1005
2FE
  0
LINE
  5
2FF
330
2D0
100
AcDbEntity
  8
CANETA03
 60
     1
100
AcDbLine
 10
48.00000000001455
 20
0.0
 30
0.0
 11
48.00000000001455
 21
8.0
 31
0.0
1001
AcDbBlockRepETag
1070
     1
1071
       23
1005
2FF
  0
LINE
  5
300
330
2D0
100
AcDbEntity
  8
CANETA03
 60
     1
100
AcDbLine
 10
48.00000000001455
 20
8.0
 30
0.0
 11
32.00000000001455
 21
8.0
 31
0.0
1001
AcDbBlockRepETag
1070
     1
1071
       24
1005
300
  0
LINE
  5
301
330
2D0
100
AcDbEntity
  8
CANETA03
 60
     1
100
AcDbLine
 10
32.00000000001455
 20
8.0
 30
0.0
 11
32.00000000001455
 21
0.0
 31
0.0
1001
AcDbBlockRepETag
1070
     1
1071
       25
1005
301
  0
LINE
  5
302
330
2D0
100
AcDbEntity
  8
CANETA03
 60
     1
100
AcDbLine
 10
44.00000000001455
 20
0.0
 30
0.0
 11
44.00000000001455
 21
8.0
 31
0.0
1001
AcDbBlockRepETag
1070
     1
1071
       26
1005
302
  0
LINE
  5
303
330
2D0
100
AcDbEntity
  8
CANETA03
 60
     1
100
AcDbLine
 10
36.00000000001455
 20
0.0
 30
0.0
 11
36.00000000001455
 21
8.0
 31
0.0
1001
AcDbBlockRepETag
1070
     1
1071
       27
1005
303
  0
LINE
  5
304
330
2D0
100
AcDbEntity
  8
CANETA03
 60
     1
100
AcDbLine
 10
1010.393664406569
 20
0.0
 30
0.0
 11
994.3936644065689
 21
0.0
 31
0.0
1001
AcDbBlockRepETag
1070
     1
1071
       28
1005
304
  0
LINE
  5
305
330
2D0
100
AcDbEntity
  8
CANETA03
 60
     1
100
AcDbLine
 10
994.3936644065689
 20
0.0
 30
0.0
 11
994.3936644065689
 21
8.0
 31
0.0
1001
AcDbBlockRepETag
1070
     1
1071
       29
1005
305
  0
LINE
  5
306
330
2D0
100
AcDbEntity
  8
CANETA03
 60
     1
100
AcDbLine
 10
994.3936644065689
 20
8.0
 30
0.0
 11
1010.393664406569
 21
8.0
 31
0.0
1001
AcDbBlockRepETag
1070
     1
1071
       30
1005
306
  0
LINE
  5
307
330
2D0
100
AcDbEntity
  8
CANETA03
 60
     1
100
AcDbLine
 10
1010.393664406569
 20
8.0
 30
0.0
 11
1010.393664406569
 21
0.0
 31
0.0
1001
AcDbBlockRepETag
1070
     1
1071
       31
1005
307
  0
LINE
  5
308
330
2D0
100
AcDbEntity
  8
CANETA03
 60
     1
100
AcDbLine
 10
998.3936644065689
 20
0.0
 30
0.0
 11
998.3936644065689
 21
8.0
 31
0.0
1001
AcDbBlockRepETag
1070
     1
1071
       32
1005
308
  0
LINE
  5
309
330
2D0
100
AcDbEntity
  8
CANETA03
 60
     1
100
AcDbLine
 10
1006.393664406569
 20
0.0
 30
0.0
 11
1006.393664406569
 21
8.0
 31
0.0
1001
AcDbBlockRepETag
1070
     1
1071
       33
1005
309
  0
LINE
  5
30A
330
2D0
100
AcDbEntity
  8
LONGARINA
100
AcDbLine
 10
38.86549360584468
 20
123.8057672626164
 30
0.0
 11
38.86549360584468
 21
128.1057672626266
 31
0.0
1001
AcDbBlockRepETag
1070
     1
1071
       34
1005
30A
  0
LINE
  5
30B
330
2D0
100
AcDbEntity
  8
LONGARINA
100
AcDbLine
 10
38.86549360584468
 20
128.1057672626266
 30
0.0
 11
78.86549360584468
 21
128.1057672626266
 31
0.0
1001
AcDbBlockRepETag
1070
     1
1071
       35
1005
30B
  0
LINE
  5
30C
330
2D0
100
AcDbEntity
  8
LONGARINA
100
AcDbLine
 10
78.86549360584468
 20
128.1057672626266
 30
0.0
 11
78.86549360584468
 21
123.8057672626146
 31
0.0
1001
AcDbBlockRepETag
1070
     1
1071
       36
1005
30C
  0
LINE
  5
30D
330
2D0
100
AcDbEntity
  8
LONGARINA
100
AcDbLine
 10
78.86549360584468
 20
123.8057672626146
 30
0.0
 11
38.86549360584468
 21
123.8057672626164
 31
0.0
1001
AcDbBlockRepETag
1070
     1
1071
       37
1005
30D
  0
LINE
  5
30E
330
2D0
100
AcDbEntity
  8
LONGARINA
100
AcDbLine
 10
1401.865493605845
 20
123.8057672626164
 30
0.0
 11
1401.865493605845
 21
128.1057672626266
 31
0.0
1001
AcDbBlockRepETag
1070
     1
1071
       38
1005
30E
  0
LINE
  5
30F
330
2D0
100
AcDbEntity
  8
LONGARINA
100
AcDbLine
 10
1401.865493605845
 20
128.1057672626266
 30
0.0
 11
1361.865493605845
 21
128.1057672626266
 31
0.0
1001
AcDbBlockRepETag
1070
     1
1071
       39
1005
30F
  0
LINE
  5
310
330
2D0
100
AcDbEntity
  8
LONGARINA
100
AcDbLine
 10
1361.865493605845
 20
128.1057672626266
 30
0.0
 11
1361.865493605845
 21
123.8057672626146
 31
0.0
1001
AcDbBlockRepETag
1070
     1
1071
       40
1005
310
  0
LINE
  5
311
330
2D0
100
AcDbEntity
  8
LONGARINA
100
AcDbLine
 10
1361.865493605845
 20
123.8057672626146
 30
0.0
 11
1401.865493605845
 21
123.8057672626164
 31
0.0
1001
AcDbBlockRepETag
1070
     1
1071
       41
1005
311
  0
LINE
  5
312
330
2D0
100
AcDbEntity
  8
LONGARINA
  6
CONTINU
 48
2.0
370
    -2
100
AcDbLine
 10
8.18122765084263
 20
111.407454942615
 30
0.0
 11
4.811573111684993
 21
97.58457650628407
 31
0.0
1001
AcDbBlockRepETag
1070
     1
1071
       42
1005
312
  0
LINE
  5
313
330
2D0
100
AcDbEntity
  8
LONGARINA
  6
CONTINU
 48
2.0
370
    -2
100
AcDbLine
 10
4.991603615693748
 20
97.18319218751276
 30
0.0
 11
11.63146472850349
 21
64.40377969812835
 31
0.0
1001
AcDbBlockRepETag
1070
     1
1071
       43
1005
313
  0
LINE
  5
314
330
2D0
100
AcDbEntity
  8
LONGARINA
  6
CONTINU
 48
2.0
370
    -2
100
AcDbLine
 10
9.18122765084263
 20
61.407454942615
 30
0.0
 11
8.18122765084263
 21
61.407454942615
 31
0.0
1001
AcDbBlockRepETag
1070
     1
1071
       44
1005
314
  0
LINE
  5
315
330
2D0
100
AcDbEntity
  8
LONGARINA
  6
CONTINU
 48
2.0
370
    -2
100
AcDbLine
 10
8.18122765084263
 20
61.407454942615
 30
0.0
 11
4.811573111684993
 21
47.58457650628407
 31
0.0
1001
AcDbBlockRepETag
1070
     1
1071
       45
1005
315
  0
LINE
  5
316
330
2D0
100
AcDbEntity
  8
LONGARINA
  6
CONTINU
 48
2.0
370
    -2
100
AcDbLine
 10
4.991603615693748
 20
47.18319218751276
 30
0.0
 11
11.63146472850349
 21
14.40377969812835
 31
0.0
1001
AcDbBlockRepETag
1070
     1
1071
       46
1005
316
  0
LINE
  5
317
330
2D0
100
AcDbEntity
  8
LONGARINA
  6
CONTINU
 48
2.0
370
    -2
100
AcDbLine
 10
8.18122765084263
 20
11.407454942615
 30
0.0
 11
4.811573111684993
 21
-2.415423493715934
 31
0.0
1001
AcDbBlockRepETag
1070
     1
1071
       47
1005
317
  0
LINE
  5
318
330
2D0
100
AcDbEntity
  8
LONGARINA
  6
CONTINU
 48
2.0
370
    -2
100
AcDbLine
 10
4.991603615693748
 20
-2.816807812487241
 30
0.0
 11
7.701360649196431
 21
-16.19423273735447
 31
0.0
1001
AcDbBlockRepETag
1070
     1
1071
       48
1005
318
  0
LINE
  5
319
330
2D0
100
AcDbEntity
  8
LONGARINA
  6
CONTINU
 48
2.0
370
    -2
100
AcDbLine
 10
7.701360649196431
 20
-16.19423273735447
 30
0.0
 11
10.5881119951373
 21
-21.19423273735447
 31
0.0
1001
AcDbBlockRepETag
1070
     1
1071
       49
1005
319
  0
LINE
  5
31A
330
2D0
100
AcDbEntity
  8
LONGARINA
  6
CONTINU
 48
2.0
370
    -2
100
AcDbLine
 10
17.32874225988053
 20
-21.19423273735447
 30
0.0
 11
20.21549360593781
 21
-16.19423273738357
 31
0.0
1001
AcDbBlockRepETag
1070
     1
1071
       50
1005
31A
  0
LINE
  5
31B
330
2D0
100
AcDbEntity
  8
LONGARINA
  6
CONTINU
 48
2.0
370
    -2
100
AcDbLine
 10
20.21549360593781
 20
-16.19423273738357
 30
0.0
 11
20.21549360593781
 21
123.8057672626164
 31
0.0
1001
AcDbBlockRepETag
1070
     1
1071
       51
1005
31B
  0
LINE
  5
31C
330
2D0
100
AcDbEntity
  8
LONGARINA
  6
CONTINU
 48
2.0
370
    -2
100
AcDbLine
 10
20.21549360593781
 20
123.8057672626164
 30
0.0
 11
17.32874225988053
 21
128.8057672626164
 31
0.0
1001
AcDbBlockRepETag
1070
     1
1071
       52
1005
31C
  0
LINE
  5
31D
330
2D0
100
AcDbEntity
  8
LONGARINA
  6
CONTINU
 48
2.0
370
    -2
100
AcDbLine
 10
10.5881119951373
 20
128.8057672626164
 30
0.0
 11
9.200877974973992
 21
126.4030074576731
 31
0.0
1001
AcDbBlockRepETag
1070
     1
1071
       53
1005
31D
  0
LINE
  5
31E
330
2D0
100
AcDbEntity
  8
LONGARINA
  6
CONTINU
 48
2.0
370
    -2
100
AcDbLine
 10
9.200877974973992
 20
126.4030074576731
 30
0.0
 11
11.63146613084245
 21
114.4037727743562
 31
0.0
1001
AcDbBlockRepETag
1070
     1
1071
       54
1005
31E
  0
LINE
  5
31F
330
2D0
100
AcDbEntity
  8
LONGARINA
  6
CONTINU
 48
2.0
370
    -2
100
AcDbLine
 10
10.5881119951373
 20
-21.19423273735447
 30
0.0
 11
17.11549360584468
 21
-21.19423273735447
 31
0.0
1001
AcDbBlockRepETag
1070
     1
1071
       55
1005
31F
  0
LINE
  5
320
330
2D0
100
AcDbEntity
  8
LONGARINA
  6
CONTINU
 48
2.0
370
    -2
100
AcDbLine
 10
17.11549360584468
 20
-21.19423273735447
 30
0.0
 11
17.32874225988053
 21
-21.19423273735447
 31
0.0
1001
AcDbBlockRepETag
1070
     1
1071
       56
1005
320
  0
LINE
  5
321
330
2D0
100
AcDbEntity
  8
LONGARINA
  6
CONTINU
 48
2.0
370
    -2
100
AcDbLine
 10
17.32874225988053
 20
128.8057672626164
 30
0.0
 11
17.11549360584468
 21
128.8057672626164
 31
0.0
1001
AcDbBlockRepETag
1070
     1
1071
       57
1005
321
  0
LINE
  5
322
330
2D0
100
AcDbEntity
  8
LONGARINA
  6
CONTINU
 48
2.0
370
    -2
100
AcDbLine
 10
17.11549360584468
 20
128.8057672626164
 30
0.0
 11
10.5881119951373
 21
128.8057672626164
 31
0.0
1001
AcDbBlockRepETag
1070
     1
1071
       58
1005
322
  0
LINE
  5
323
330
2D0
100
AcDbEntity
  8
LONGARINA
  6
CONTINU
 48
2.0
370
    -2
100
AcDbLine
 10
23.86549360584468
 20
-16.19423273738357
 30
0.0
 11
23.86549360584468
 21
123.8057672626164
 31
0.0
1001
AcDbBlockRepETag
1070
     1
1071
       59
1005
323
  0
LINE
  5
324
330
2D0
100
AcDbEntity
  8
LONGARINA
  6
CONTINU
 48
2.0
370
    -2
100
AcDbLine
 10
20.21549360593781
 20
123.8057672626164
 30
0.0
 11
23.86549360584468
 21
123.8057672626164
 31
0.0
1001
AcDbBlockRepETag
1070
     1
1071
       60
1005
324
  0
LINE
  5
325
330
2D0
100
AcDbEntity
  8
LONGARINA
  6
CONTINU
 48
2.0
370
    -2
100
AcDbLine
 10
23.86549360584468
 20
-16.19423273738357
 30
0.0
 11
20.21549360593781
 21
-16.19423273735447
 31
0.0
1001
AcDbBlockRepETag
1070
     1
1071
       61
1005
325
  0
LINE
  5
326
330
2D0
100
AcDbEntity
  8
LONGARINA
  6
CONTINU
 48
2.0
370
    -2
100
AcDbLine
 10
7.235921198618598
 20
11.63789581586025
 30
0.0
 11
4.635073362849653
 21
12.27191417574068
 31
0.0
1001
AcDbBlockRepETag
1070
     1
1071
       62
1005
326
  0
LINE
  5
327
330
2D0
100
AcDbEntity
  8
LONGARINA
  6
CONTINU
 48
2.0
370
    -2
100
AcDbLine
 10
4.248346930718981
 20
-2.043788594688522
 30
0.0
 11
3.523695614538155
 21
-1.867137645487674
 31
0.0
1001
AcDbBlockRepETag
1070
     1
1071
       63
1005
327
  0
LINE
  5
328
330
2D0
100
AcDbEntity
  8
LONGARINA
  6
CONTINU
 48
2.0
370
    -2
100
AcDbLine
 10
1.3193393178517
 20
-1.329773504228797
 30
0.0
 11
3.523695614538155
 21
-1.867137645487674
 31
0.0
1001
AcDbBlockRepETag
1070
     1
1071
       64
1005
328
  0
LINE
  5
329
330
2D0
100
AcDbEntity
  8
LONGARINA
  6
CONTINU
 48
2.0
370
    -2
100
AcDbLine
 10
1.3193393178517
 20
-1.329773504199693
 30
0.0
 11
4.635073362849653
 21
12.27191417574068
 31
0.0
1001
AcDbBlockRepETag
1070
     1
1071
       65
1005
329
  0
LINE
  5
32A
330
2D0
100
AcDbEntity
  8
LONGARINA
  6
CONTINU
 48
2.0
370
    -2
100
AcDbLine
 10
7.235921198618598
 20
61.63789581586025
 30
0.0
 11
4.635073362849653
 21
62.27191417574068
 31
0.0
1001
AcDbBlockRepETag
1070
     1
1071
       66
1005
32A
  0
LINE
  5
32B
330
2D0
100
AcDbEntity
  8
LONGARINA
  6
CONTINU
 48
2.0
370
    -2
100
AcDbLine
 10
7.235921198618598
 20
61.63789581586025
 30
0.0
 11
8.18122765084263
 21
61.407454942615
 31
0.0
1001
AcDbBlockRepETag
1070
     1
1071
       67
1005
32B
  0
LINE
  5
32C
330
2D0
100
AcDbEntity
  8
LONGARINA
  6
CONTINU
 48
2.0
370
    -2
100
AcDbLine
 10
4.248346930718981
 20
47.95621140531148
 30
0.0
 11
1.3193393178517
 21
48.670226495713
 31
0.0
1001
AcDbBlockRepETag
1070
     1
1071
       68
1005
32C
  0
LINE
  5
32D
330
2D0
100
AcDbEntity
  8
LONGARINA
  6
CONTINU
 48
2.0
370
    -2
100
AcDbLine
 10
1.3193393178517
 20
48.670226495713
 30
0.0
 11
4.635073362849653
 21
62.27191417574068
 31
0.0
1001
AcDbBlockRepETag
1070
     1
1071
       69
1005
32D
  0
LINE
  5
32E
330
2D0
100
AcDbEntity
  8
LONGARINA
  6
CONTINU
 48
2.0
370
    -2
100
AcDbLine
 10
1.319339314009994
 20
98.67022649673163
 30
0.0
 11
4.248349363449961
 21
97.95620960844099
 31
0.0
1001
AcDbBlockRepETag
1070
     1
1071
       70
1005
32E
  0
LINE
  5
32F
330
2D0
100
AcDbEntity
  8
LONGARINA
  6
CONTINU
 48
2.0
370
    -2
100
AcDbLine
 10
1.319339314009994
 20
98.67022649670253
 30
0.0
 11
4.635073362849653
 21
112.2719141757407
 31
0.0
1001
AcDbBlockRepETag
1070
     1
1071
       71
1005
32F
  0
LINE
  5
330
330
2D0
100
AcDbEntity
  8
LONGARINA
  6
CONTINU
 48
2.0
370
    -2
100
AcDbLine
 10
4.635073362849653
 20
112.2719141757407
 30
0.0
 11
8.18122765084263
 21
111.4074549425859
 31
0.0
1001
AcDbBlockRepETag
1070
     1
1071
       72
1005
330
  0
ARC
  5
331
330
2D0
100
AcDbEntity
  8
LONGARINA
  6
CONTINU
 48
2.0
370
    -2
100
AcDbCircle
 10
9.18122973293066
 20
113.9074505501194
 30
0.0
 40
2.499995607534359
100
AcDbArc
 50
269.9999522819734
 51
11.45099897178793
1001
AcDbBlockRepETag
1070
     1
1071
       73
1005
331
  0
ARC
  5
332
330
2D0
100
AcDbEntity
  8
LONGARINA
  6
CONTINU
 48
2.0
370
    -2
100
AcDbCircle
 10
4.004724225378595
 20
96.9781374350132
 30
0.0
 40
1.007957531003227
100
AcDbArc
 50
11.73795370551388
 51
76.0129969096519
1001
AcDbBlockRepETag
1070
     1
1071
       74
1005
332
  0
ARC
  5
333
330
2D0
100
AcDbEntity
  8
LONGARINA
  6
CONTINU
 48
2.0
370
    -2
100
AcDbCircle
 10
4.004721792647615
 20
46.97813923188369
 30
0.0
 40
1.007957531003227
100
AcDbArc
 50
11.73795370551388
 51
76.0129969096519
1001
AcDbBlockRepETag
1070
     1
1071
       75
1005
333
  0
ARC
  5
334
330
2D0
100
AcDbEntity
  8
LONGARINA
  6
CONTINU
 48
2.0
370
    -2
100
AcDbCircle
 10
4.004721792647615
 20
-3.021860768116312
 30
0.0
 40
1.007957531003227
100
AcDbArc
 50
11.73795370551388
 51
76.0129969096519
1001
AcDbBlockRepETag
1070
     1
1071
       76
1005
334
  0
ARC
  5
335
330
2D0
100
AcDbEntity
  8
LONGARINA
  6
CONTINU
 48
2.0
370
    -2
100
AcDbCircle
 10
9.18122973293066
 20
113.9074505500612
 30
0.0
 40
2.499995607447048
100
AcDbArc
 50
269.9999522819734
 51
11.45099897388406
1001
AcDbBlockRepETag
1070
     1
1071
       77
1005
335
  0
ARC
  5
336
330
2D0
100
AcDbEntity
  8
LONGARINA
  6
CONTINU
 48
2.0
370
    -2
100
AcDbCircle
 10
9.18122973293066
 20
63.90745055006118
 30
0.0
 40
2.499995607447048
100
AcDbArc
 50
269.9999522819734
 51
11.45099897388406
1001
AcDbBlockRepETag
1070
     1
1071
       78
1005
336
  0
ARC
  5
337
330
2D0
100
AcDbEntity
  8
LONGARINA
  6
CONTINU
 48
2.0
370
    -2
100
AcDbCircle
 10
9.18122973293066
 20
13.90745055006118
 30
0.0
 40
2.499995607447048
100
AcDbArc
 50
269.9999522819734
 51
11.45099897388406
1001
AcDbBlockRepETag
1070
     1
1071
       79
1005
337
  0
LINE
  5
338
330
2D0
100
AcDbEntity
  8
LONGARINA
  6
CONTINU
 48
2.0
370
    -2
100
AcDbLine
 10
1416.865493605845
 20
43.80576726258187
 30
0.0
 11
23.86549360584468
 21
43.80576726261643
 31
0.0
1001
AcDbBlockRepETag
1070
     1
1071
       80
1005
338
  0
LINE
  5
339
330
2D0
100
AcDbEntity
  8
LONGARINA
  6
CONTINU
 48
2.0
370
    -2
100
AcDbLine
 10
1416.865493605845
 20
123.8057672625819
 30
0.0
 11
23.86549360584468
 21
123.8057672626164
 31
0.0
1001
AcDbBlockRepETag
1070
     1
1071
       81
1005
339
  0
ARC
  5
33A
330
2D0
100
AcDbEntity
  8
LONGARINA
  6
CONTINU
 48
2.0
370
    -2
100
AcDbCircle
 10
4.5
 20
16.91153452533763
 30
0.0
 40
4.000000000006087
100
AcDbArc
 50
345.09940331134
 51
165.0994033113401
1001
AcDbBlockRepETag
1070
     1
1071
       82
1005
33A
  0
ARC
  5
33B
330
2D0
100
AcDbEntity
  8
LONGARINA
  6
CONTINU
 48
2.0
370
    -2
100
AcDbCircle
 10
0.0
 20
0.0
 30
0.0
 40
4.000000000006087
100
AcDbArc
 50
165.0994033113401
 51
332.1259905657012
1001
AcDbBlockRepETag
1070
     1
1071
       83
1005
33B
  0
LINE
  5
33C
330
2D0
100
AcDbEntity
  8
LONGARINA
  6
CONTINU
 48
2.0
370
    -2
100
AcDbLine
 10
8.365493605844676
 20
15.88296309675206
 30
0.0
 11
7.235921198502183
 21
11.63789581588935
 31
0.0
1001
AcDbBlockRepETag
1070
     1
1071
       84
1005
33C
  0
LINE
  5
33D
330
2D0
100
AcDbEntity
  8
LONGARINA
  6
CONTINU
 48
2.0
370
    -2
100
AcDbLine
 10
-3.865493605728261
 20
1.028571428585565
 30
0.0
 11
0.6345063941553235
 21
17.94010595389409
 31
0.0
1001
AcDbBlockRepETag
1070
     1
1071
       85
1005
33D
  0
LINE
  5
33E
330
2D0
100
AcDbEntity
  8
LONGARINA
  6
CONTINU
 48
2.0
370
    -2
100
AcDbLine
 10
1431.549759560847
 20
111.4074549426095
 30
0.0
 11
1432.549759560847
 21
111.4074549426095
 31
0.0
1001
AcDbBlockRepETag
1070
     1
1071
       86
1005
33E
  0
LINE
  5
33F
330
2D0
100
AcDbEntity
  8
LONGARINA
  6
CONTINU
 48
2.0
370
    -2
100
AcDbLine
 10
1432.549759560847
 20
111.4074549426095
 30
0.0
 11
1435.919414100004
 21
97.58457650627861
 31
0.0
1001
AcDbBlockRepETag
1070
     1
1071
       87
1005
33F
  0
LINE
  5
340
330
2D0
100
AcDbEntity
  8
LONGARINA
  6
CONTINU
 48
2.0
370
    -2
100
AcDbLine
 10
1435.739383595996
 20
97.1831921875073
 30
0.0
 11
1429.099522483186
 21
64.40377969812289
 31
0.0
1001
AcDbBlockRepETag
1070
     1
1071
       88
1005
340
  0
LINE
  5
341
330
2D0
100
AcDbEntity
  8
LONGARINA
  6
CONTINU
 48
2.0
370
    -2
100
AcDbLine
 10
1431.549759560847
 20
61.40745494260955
 30
0.0
 11
1432.549759560847
 21
61.40745494260955
 31
0.0
1001
AcDbBlockRepETag
1070
     1
1071
       89
1005
341
  0
LINE
  5
342
330
2D0
100
AcDbEntity
  8
LONGARINA
  6
CONTINU
 48
2.0
370
    -2
100
AcDbLine
 10
1432.549759560847
 20
61.40745494260955
 30
0.0
 11
1435.919414100004
 21
47.58457650627861
 31
0.0
1001
AcDbBlockRepETag
1070
     1
1071
       90
1005
342
  0
LINE
  5
343
330
2D0
100
AcDbEntity
  8
LONGARINA
  6
CONTINU
 48
2.0
370
    -2
100
AcDbLine
 10
1435.739383595996
 20
47.1831921875073
 30
0.0
 11
1429.099522483186
 21
14.40377969812289
 31
0.0
1001
AcDbBlockRepETag
1070
     1
1071
       91
1005
343
  0
LINE
  5
344
330
2D0
100
AcDbEntity
  8
LONGARINA
  6
CONTINU
 48
2.0
370
    -2
100
AcDbLine
 10
1431.549759560847
 20
11.40745494260955
 30
0.0
 11
1432.549759560847
 21
11.40745494260955
 31
0.0
1001
AcDbBlockRepETag
1070
     1
1071
       92
1005
344
  0
LINE
  5
345
330
2D0
100
AcDbEntity
  8
LONGARINA
  6
CONTINU
 48
2.0
370
    -2
100
AcDbLine
 10
1432.549759560847
 20
11.40745494260955
 30
0.0
 11
1435.919414100004
 21
-2.415423493721391
 31
0.0
1001
AcDbBlockRepETag
1070
     1
1071
       93
1005
345
  0
LINE
  5
346
330
2D0
100
AcDbEntity
  8
LONGARINA
  6
CONTINU
 48
2.0
370
    -2
100
AcDbLine
 10
1435.739383595996
 20
-2.816807812492698
 30
0.0
 11
1433.029626562493
 21
-16.19423273735993
 31
0.0
1001
AcDbBlockRepETag
1070
     1
1071
       94
1005
346
  0
LINE
  5
347
330
2D0
100
AcDbEntity
  8
LONGARINA
  6
CONTINU
 48
2.0
370
    -2
100
AcDbLine
 10
1433.029626562493
 20
-16.19423273735993
 30
0.0
 11
1430.142875216552
 21
-21.19423273735993
 31
0.0
1001
AcDbBlockRepETag
1070
     1
1071
       95
1005
347
  0
LINE
  5
348
330
2D0
100
AcDbEntity
  8
LONGARINA
  6
CONTINU
 48
2.0
370
    -2
100
AcDbLine
 10
1423.402244951809
 20
-21.19423273735993
 30
0.0
 11
1420.515493605752
 21
-16.19423273738903
 31
0.0
1001
AcDbBlockRepETag
1070
     1
1071
       96
1005
348
  0
LINE
  5
349
330
2D0
100
AcDbEntity
  8
LONGARINA
  6
CONTINU
 48
2.0
370
    -2
100
AcDbLine
 10
1420.515493605752
 20
123.805767262611
 30
0.0
 11
1423.402244951809
 21
128.805767262611
 31
0.0
1001
AcDbBlockRepETag
1070
     1
1071
       97
1005
349
  0
LINE
  5
34A
330
2D0
100
AcDbEntity
  8
LONGARINA
  6
CONTINU
 48
2.0
370
    -2
100
AcDbLine
 10
1430.142875216552
 20
128.805767262611
 30
0.0
 11
1431.530109236715
 21
126.4030074576676
 31
0.0
1001
AcDbBlockRepETag
1070
     1
1071
       98
1005
34A
  0
LINE
  5
34B
330
2D0
100
AcDbEntity
  8
LONGARINA
  6
CONTINU
 48
2.0
370
    -2
100
AcDbLine
 10
1431.530109236715
 20
126.4030074576676
 30
0.0
 11
1429.099521080847
 21
114.4037727743507
 31
0.0
1001
AcDbBlockRepETag
1070
     1
1071
       99
1005
34B
  0
LINE
  5
34C
330
2D0
100
AcDbEntity
  8
LONGARINA
  6
CONTINU
 48
2.0
370
    -2
100
AcDbLine
 10
1431.549759560847
 20
111.4074549425804
 30
0.0
 11
1432.549759560847
 21
111.4074549425804
 31
0.0
1001
AcDbBlockRepETag
1070
     1
1071
      100
1005
34C
  0
LINE
  5
34D
330
2D0
100
AcDbEntity
  8
LONGARINA
  6
CONTINU
 48
2.0
370
    -2
100
AcDbLine
 10
1430.142875216552
 20
-21.19423273735993
 30
0.0
 11
1423.615493605845
 21
-21.19423273735993
 31
0.0
1001
AcDbBlockRepETag
1070
     1
1071
      101
1005
34D
  0
LINE
  5
34E
330
2D0
100
AcDbEntity
  8
LONGARINA
  6
CONTINU
 48
2.0
370
    -2
100
AcDbLine
 10
1423.615493605845
 20
-21.19423273735993
 30
0.0
 11
1423.402244951809
 21
-21.19423273735993
 31
0.0
1001
AcDbBlockRepETag
1070
     1
1071
      102
1005
34E
  0
LINE
  5
34F
330
2D0
100
AcDbEntity
  8
LONGARINA
  6
CONTINU
 48
2.0
370
    -2
100
AcDbLine
 10
1423.402244951809
 20
128.805767262611
 30
0.0
 11
1423.615493605845
 21
128.805767262611
 31
0.0
1001
AcDbBlockRepETag
1070
     1
1071
      103
1005
34F
  0
LINE
  5
350
330
2D0
100
AcDbEntity
  8
LONGARINA
  6
CONTINU
 48
2.0
370
    -2
100
AcDbLine
 10
1423.615493605845
 20
128.805767262611
 30
0.0
 11
1430.142875216552
 21
128.805767262611
 31
0.0
1001
AcDbBlockRepETag
1070
     1
1071
      104
1005
350
  0
LINE
  5
351
330
2D0
100
AcDbEntity
  8
LONGARINA
  6
CONTINU
 48
2.0
370
    -2
100
AcDbLine
 10
1416.865493605845
 20
-16.19423273738903
 30
0.0
 11
1416.865493605845
 21
123.805767262611
 31
0.0
1001
AcDbBlockRepETag
1070
     1
1071
      105
1005
351
  0
LINE
  5
352
330
2D0
100
AcDbEntity
  8
LONGARINA
  6
CONTINU
 48
2.0
370
    -2
100
AcDbLine
 10
1420.515493605752
 20
123.805767262611
 30
0.0
 11
1416.865493605845
 21
123.805767262611
 31
0.0
1001
AcDbBlockRepETag
1070
     1
1071
      106
1005
352
  0
LINE
  5
353
330
2D0
100
AcDbEntity
  8
LONGARINA
  6
CONTINU
 48
2.0
370
    -2
100
AcDbLine
 10
1416.865493605845
 20
-16.19423273738903
 30
0.0
 11
1420.515493605752
 21
-16.19423273738903
 31
0.0
1001
AcDbBlockRepETag
1070
     1
1071
      107
1005
353
  0
LINE
  5
354
330
2D0
100
AcDbEntity
  8
LONGARINA
  6
CONTINU
 48
2.0
370
    -2
100
AcDbLine
 10
1433.495066013071
 20
11.63789581585479
 30
0.0
 11
1436.09591384884
 21
12.27191417573522
 31
0.0
1001
AcDbBlockRepETag
1070
     1
1071
      108
1005
354
  0
LINE
  5
355
330
2D0
100
AcDbEntity
  8
LONGARINA
  6
CONTINU
 48
2.0
370
    -2
100
AcDbLine
 10
1433.495066013071
 20
11.63789581585479
 30
0.0
 11
1432.549759560847
 21
11.40745494260955
 31
0.0
1001
AcDbBlockRepETag
1070
     1
1071
      109
1005
355
  0
LINE
  5
356
330
2D0
100
AcDbEntity
  8
LONGARINA
  6
CONTINU
 48
2.0
370
    -2
100
AcDbLine
 10
1436.48264028097
 20
-2.043788594693979
 30
0.0
 11
1437.207291597151
 21
-1.867137645493131
 31
0.0
1001
AcDbBlockRepETag
1070
     1
1071
      110
1005
356
  0
LINE
  5
357
330
2D0
100
AcDbEntity
  8
LONGARINA
  6
CONTINU
 48
2.0
370
    -2
100
AcDbLine
 10
1439.411647893838
 20
-1.329773504234254
 30
0.0
 11
1437.207291597151
 21
-1.867137645493131
 31
0.0
1001
AcDbBlockRepETag
1070
     1
1071
      111
1005
357
  0
LINE
  5
358
330
2D0
100
AcDbEntity
  8
LONGARINA
  6
CONTINU
 48
2.0
370
    -2
100
AcDbLine
 10
1439.411647893838
 20
-1.32977350420515
 30
0.0
 11
1436.09591384884
 21
12.27191417573522
 31
0.0
1001
AcDbBlockRepETag
1070
     1
1071
      112
1005
358
  0
LINE
  5
359
330
2D0
100
AcDbEntity
  8
LONGARINA
  6
CONTINU
 48
2.0
370
    -2
100
AcDbLine
 10
1433.495066013071
 20
61.63789581585479
 30
0.0
 11
1436.09591384884
 21
62.27191417573522
 31
0.0
1001
AcDbBlockRepETag
1070
     1
1071
      113
1005
359
  0
LINE
  5
35A
330
2D0
100
AcDbEntity
  8
LONGARINA
  6
CONTINU
 48
2.0
370
    -2
100
AcDbLine
 10
1433.495066013071
 20
61.63789581585479
 30
0.0
 11
1432.549759560847
 21
61.40745494260955
 31
0.0
1001
AcDbBlockRepETag
1070
     1
1071
      114
1005
35A
  0
LINE
  5
35B
330
2D0
100
AcDbEntity
  8
LONGARINA
  6
CONTINU
 48
2.0
370
    -2
100
AcDbLine
 10
1436.48264028097
 20
47.95621140530602
 30
0.0
 11
1439.411647893838
 21
48.67022649570754
 31
0.0
1001
AcDbBlockRepETag
1070
     1
1071
      115
1005
35B
  0
LINE
  5
35C
330
2D0
100
AcDbEntity
  8
LONGARINA
  6
CONTINU
 48
2.0
370
    -2
100
AcDbLine
 10
1439.411647893838
 20
48.67022649570754
 30
0.0
 11
1436.09591384884
 21
62.27191417573522
 31
0.0
1001
AcDbBlockRepETag
1070
     1
1071
      116
1005
35C
  0
LINE
  5
35D
330
2D0
100
AcDbEntity
  8
LONGARINA
  6
CONTINU
 48
2.0
370
    -2
100
AcDbLine
 10
1433.495066013071
 20
111.6378958158548
 30
0.0
 11
1436.09591384884
 21
112.2719141757352
 31
0.0
1001
AcDbBlockRepETag
1070
     1
1071
      117
1005
35D
  0
LINE
  5
35E
330
2D0
100
AcDbEntity
  8
LONGARINA
  6
CONTINU
 48
2.0
370
    -2
100
AcDbLine
 10
1433.495066013071
 20
111.6378958158548
 30
0.0
 11
1432.549759560847
 21
111.4074549426095
 31
0.0
1001
AcDbBlockRepETag
1070
     1
1071
      118
1005
35E
  0
LINE
  5
35F
330
2D0
100
AcDbEntity
  8
LONGARINA
  6
CONTINU
 48
2.0
370
    -2
100
AcDbLine
 10
1439.411647897679
 20
98.67022649672617
 30
0.0
 11
1436.48263784824
 21
97.95620960843553
 31
0.0
1001
AcDbBlockRepETag
1070
     1
1071
      119
1005
35F
  0
LINE
  5
360
330
2D0
100
AcDbEntity
  8
LONGARINA
  6
CONTINU
 48
2.0
370
    -2
100
AcDbLine
 10
1439.411647897679
 20
98.67022649669707
 30
0.0
 11
1436.09591384884
 21
112.2719141757352
 31
0.0
1001
AcDbBlockRepETag
1070
     1
1071
      120
1005
360
  0
LINE
  5
361
330
2D0
100
AcDbEntity
  8
LONGARINA
  6
CONTINU
 48
2.0
370
    -2
100
AcDbLine
 10
1436.09591384884
 20
112.2719141757352
 30
0.0
 11
1432.549759560847
 21
111.4074549425804
 31
0.0
1001
AcDbBlockRepETag
1070
     1
1071
      121
1005
361
  0
ARC
  5
362
330
2D0
100
AcDbEntity
  8
LONGARINA
  6
CONTINU
 48
2.0
370
    -2
100
AcDbCircle
 10
1431.549757478759
 20
113.9074505501139
 30
0.0
 40
2.499995607534842
100
AcDbArc
 50
168.5490010282119
 51
270.0000477180266
1001
AcDbBlockRepETag
1070
     1
1071
      122
1005
362
  0
ARC
  5
363
330
2D0
100
AcDbEntity
  8
LONGARINA
  6
CONTINU
 48
2.0
370
    -2
100
AcDbCircle
 10
1436.726262986311
 20
96.97813743500774
 30
0.0
 40
1.007957531003776
100
AcDbArc
 50
103.9870030903489
 51
168.2620462944851
1001
AcDbBlockRepETag
1070
     1
1071
      123
1005
363
  0
ARC
  5
364
330
2D0
100
AcDbEntity
  8
LONGARINA
  6
CONTINU
 48
2.0
370
    -2
100
AcDbCircle
 10
1436.726265419042
 20
46.97813923187823
 30
0.0
 40
1.007957531003852
100
AcDbArc
 50
103.9870030903207
 51
168.2620462944877
1001
AcDbBlockRepETag
1070
     1
1071
      124
1005
364
  0
ARC
  5
365
330
2D0
100
AcDbEntity
  8
LONGARINA
  6
CONTINU
 48
2.0
370
    -2
100
AcDbCircle
 10
1436.726265419042
 20
-3.021860768121769
 30
0.0
 40
1.007957531003848
100
AcDbArc
 50
103.9870030903223
 51
168.2620462944877
1001
AcDbBlockRepETag
1070
     1
1071
      125
1005
365
  0
ARC
  5
366
330
2D0
100
AcDbEntity
  8
LONGARINA
  6
CONTINU
 48
2.0
370
    -2
100
AcDbCircle
 10
1431.549757478759
 20
113.9074505500557
 30
0.0
 40
2.499995607446551
100
AcDbArc
 50
168.5490010261159
 51
270.0000477180266
1001
AcDbBlockRepETag
1070
     1
1071
      126
1005
366
  0
ARC
  5
367
330
2D0
100
AcDbEntity
  8
LONGARINA
  6
CONTINU
 48
2.0
370
    -2
100
AcDbCircle
 10
1431.549757478759
 20
63.90745055005573
 30
0.0
 40
2.499995607446555
100
AcDbArc
 50
168.5490010261159
 51
270.0000477180266
1001
AcDbBlockRepETag
1070
     1
1071
      127
1005
367
  0
ARC
  5
368
330
2D0
100
AcDbEntity
  8
LONGARINA
  6
CONTINU
 48
2.0
370
    -2
100
AcDbCircle
 10
1431.549757478759
 20
13.90745055005573
 30
0.0
 40
2.499995607446553
100
AcDbArc
 50
168.5490010261159
 51
270.0000477180266
1001
AcDbBlockRepETag
1070
     1
1071
      128
1005
368
  0
ARC
  5
369
330
2D0
100
AcDbEntity
  8
LONGARINA
  6
CONTINU
 48
2.0
370
    -2
100
AcDbCircle
 10
1436.230987211689
 20
16.91153452533217
 30
0.0
 40
4.000000000006049
100
AcDbArc
 50
14.90059668866004
 51
194.90059668866
1001
AcDbBlockRepETag
1070
     1
1071
      129
1005
369
  0
ARC
  5
36A
330
2D0
100
AcDbEntity
  8
LONGARINA
  6
CONTINU
 48
2.0
370
    -2
100
AcDbCircle
 10
1440.730987211689
 20
-0.000000000005457
 30
0.0
 40
4.000000000006108
100
AcDbArc
 50
207.8740094345551
 51
14.90059668866004
1001
AcDbBlockRepETag
1070
     1
1071
      130
1005
36A
  0
LINE
  5
36B
330
2D0
100
AcDbEntity
  8
LONGARINA
  6
CONTINU
 48
2.0
370
    -2
100
AcDbLine
 10
1432.365493605845
 20
15.88296309674661
 30
0.0
 11
1433.495066013187
 21
11.63789581588389
 31
0.0
1001
AcDbBlockRepETag
1070
     1
1071
      131
1005
36B
  0
LINE
  5
36C
330
2D0
100
AcDbEntity
  8
LONGARINA
  6
CONTINU
 48
2.0
370
    -2
100
AcDbLine
 10
1444.596480817418
 20
1.028571428580108
 30
0.0
 11
1440.096480817534
 21
17.94010595388863
 31
0.0
1001
AcDbBlockRepETag
1070
     1
1071
      132
1005
36C
  0
LINE
  5
36D
330
2D0
100
AcDbEntity
  8
LONGARINA
  6
CONTINU
 48
2.0
370
    -2
100
AcDbLine
 10
1420.365493605845
 20
-16.19423273738903
 30
0.0
 11
1420.365493605845
 21
123.805767262611
 31
0.0
1001
AcDbBlockRepETag
1070
     1
1071
      133
1005
36D
  0
LINE
  5
36E
330
2D0
100
AcDbEntity
  8
PROTETORES
  6
CONTINU
 60
     1
 48
2.0
370
    -2
100
AcDbLine
 10
8.18122765084263
 20
111.407454942615
 30
0.0
 11
4.811573111684993
 21
97.58457650628407
 31
0.0
1001
AcDbBlockRepETag
1070
     1
1071
      134
1005
36E
  0
LINE
  5
36F
330
2D0
100
AcDbEntity
  8
PROTETORES
  6
CONTINU
 60
     1
 48
2.0
370
    -2
100
AcDbLine
 10
4.991603615693748
 20
97.18319218751276
 30
0.0
 11
11.63146472850349
 21
64.40377969812835
 31
0.0
1001
AcDbBlockRepETag
1070
     1
1071
      135
1005
36F
  0
LINE
  5
370
330
2D0
100
AcDbEntity
  8
PROTETORES
  6
CONTINU
 60
     1
 48
2.0
370
    -2
100
AcDbLine
 10
9.18122765084263
 20
61.407454942615
 30
0.0
 11
8.18122765084263
 21
61.407454942615
 31
0.0
1001
AcDbBlockRepETag
1070
     1
1071
      136
1005
370
  0
LINE
  5
371
330
2D0
100
AcDbEntity
  8
PROTETORES
  6
CONTINU
 60
     1
 48
2.0
370
    -2
100
AcDbLine
 10
8.18122765084263
 20
61.407454942615
 30
0.0
 11
4.811573111684993
 21
47.58457650628407
 31
0.0
1001
AcDbBlockRepETag
1070
     1
1071
      137
1005
371
  0
LINE
  5
372
330
2D0
100
AcDbEntity
  8
PROTETORES
  6
CONTINU
 60
     1
 48
2.0
370
    -2
100
AcDbLine
 10
4.991603615693748
 20
47.18319218751276
 30
0.0
 11
11.63146472850349
 21
14.40377969812835
 31
0.0
1001
AcDbBlockRepETag
1070
     1
1071
      138
1005
372
  0
LINE
  5
373
330
2D0
100
AcDbEntity
  8
PROTETORES
  6
CONTINU
 60
     1
 48
2.0
370
    -2
100
AcDbLine
 10
8.18122765084263
 20
11.407454942615
 30
0.0
 11
4.811573111684993
 21
-2.415423493715934
 31
0.0
1001
AcDbBlockRepETag
1070
     1
1071
      139
1005
373
  0
LINE
  5
374
330
2D0
100
AcDbEntity
  8
PROTETORES
  6
CONTINU
 60
     1
 48
2.0
370
    -2
100
AcDbLine
 10
4.991603615693748
 20
-2.816807812487241
 30
0.0
 11
7.701360649196431
 21
-16.19423273735447
 31
0.0
1001
AcDbBlockRepETag
1070
     1
1071
      140
1005
374
  0
LINE
  5
375
330
2D0
100
AcDbEntity
  8
PROTETORES
  6
CONTINU
 60
     1
 48
2.0
370
    -2
100
AcDbLine
 10
7.701360649196431
 20
-16.19423273735447
 30
0.0
 11
10.5881119951373
 21
-21.19423273735447
 31
0.0
1001
AcDbBlockRepETag
1070
     1
1071
      141
1005
375
  0
LINE
  5
376
330
2D0
100
AcDbEntity
  8
PROTETORES
  6
CONTINU
 60
     1
 48
2.0
370
    -2
100
AcDbLine
 10
17.32874225988053
 20
-21.19423273735447
 30
0.0
 11
20.21549360593781
 21
-16.19423273738357
 31
0.0
1001
AcDbBlockRepETag
1070
     1
1071
      142
1005
376
  0
LINE
  5
377
330
2D0
100
AcDbEntity
  8
PROTETORES
  6
CONTINU
 60
     1
 48
2.0
370
    -2
100
AcDbLine
 10
20.21549360593781
 20
-16.19423273738357
 30
0.0
 11
20.21549360593781
 21
123.8057672626164
 31
0.0
1001
AcDbBlockRepETag
1070
     1
1071
      143
1005
377
  0
LINE
  5
378
330
2D0
100
AcDbEntity
  8
PROTETORES
  6
CONTINU
 60
     1
 48
2.0
370
    -2
100
AcDbLine
 10
20.21549360593781
 20
123.8057672626164
 30
0.0
 11
17.32874225988053
 21
128.8057672626164
 31
0.0
1001
AcDbBlockRepETag
1070
     1
1071
      144
1005
378
  0
LINE
  5
379
330
2D0
100
AcDbEntity
  8
PROTETORES
  6
CONTINU
 60
     1
 48
2.0
370
    -2
100
AcDbLine
 10
10.5881119951373
 20
128.8057672626164
 30
0.0
 11
9.200877974973992
 21
126.4030074576731
 31
0.0
1001
AcDbBlockRepETag
1070
     1
1071
      145
1005
379
  0
LINE
  5
37A
330
2D0
100
AcDbEntity
  8
PROTETORES
  6
CONTINU
 60
     1
 48
2.0
370
    -2
100
AcDbLine
 10
9.200877974973992
 20
126.4030074576731
 30
0.0
 11
11.63146613084245
 21
114.4037727743562
 31
0.0
1001
AcDbBlockRepETag
1070
     1
1071
      146
1005
37A
  0
LINE
  5
37B
330
2D0
100
AcDbEntity
  8
PROTETORES
  6
CONTINU
 60
     1
 48
2.0
370
    -2
100
AcDbLine
 10
10.5881119951373
 20
-21.19423273735447
 30
0.0
 11
17.11549360584468
 21
-21.19423273735447
 31
0.0
1001
AcDbBlockRepETag
1070
     1
1071
      147
1005
37B
  0
LINE
  5
37C
330
2D0
100
AcDbEntity
  8
PROTETORES
  6
CONTINU
 60
     1
 48
2.0
370
    -2
100
AcDbLine
 10
17.11549360584468
 20
-21.19423273735447
 30
0.0
 11
17.32874225988053
 21
-21.19423273735447
 31
0.0
1001
AcDbBlockRepETag
1070
     1
1071
      148
1005
37C
  0
LINE
  5
37D
330
2D0
100
AcDbEntity
  8
PROTETORES
  6
CONTINU
 60
     1
 48
2.0
370
    -2
100
AcDbLine
 10
17.32874225988053
 20
128.8057672626164
 30
0.0
 11
17.11549360584468
 21
128.8057672626164
 31
0.0
1001
AcDbBlockRepETag
1070
     1
1071
      149
1005
37D
  0
LINE
  5
37E
330
2D0
100
AcDbEntity
  8
PROTETORES
  6
CONTINU
 60
     1
 48
2.0
370
    -2
100
AcDbLine
 10
17.11549360584468
 20
128.8057672626164
 30
0.0
 11
10.5881119951373
 21
128.8057672626164
 31
0.0
1001
AcDbBlockRepETag
1070
     1
1071
      150
1005
37E
  0
LINE
  5
37F
330
2D0
100
AcDbEntity
  8
PROTETORES
  6
CONTINU
 60
     1
 48
2.0
370
    -2
100
AcDbLine
 10
23.86549360584468
 20
-16.19423273738357
 30
0.0
 11
23.86549360584468
 21
123.8057672626164
 31
0.0
1001
AcDbBlockRepETag
1070
     1
1071
      151
1005
37F
  0
LINE
  5
380
330
2D0
100
AcDbEntity
  8
PROTETORES
  6
CONTINU
 60
     1
 48
2.0
370
    -2
100
AcDbLine
 10
20.21549360593781
 20
123.8057672626164
 30
0.0
 11
23.86549360584468
 21
123.8057672626164
 31
0.0
1001
AcDbBlockRepETag
1070
     1
1071
      152
1005
380
  0
LINE
  5
381
330
2D0
100
AcDbEntity
  8
PROTETORES
  6
CONTINU
 60
     1
 48
2.0
370
    -2
100
AcDbLine
 10
23.86549360584468
 20
-16.19423273738357
 30
0.0
 11
20.21549360593781
 21
-16.19423273735447
 31
0.0
1001
AcDbBlockRepETag
1070
     1
1071
      153
1005
381
  0
LINE
  5
382
330
2D0
100
AcDbEntity
  8
PROTETORES
  6
CONTINU
 60
     1
 48
2.0
370
    -2
100
AcDbLine
 10
7.235921198618598
 20
11.63789581586025
 30
0.0
 11
4.635073362849653
 21
12.27191417574068
 31
0.0
1001
AcDbBlockRepETag
1070
     1
1071
      154
1005
382
  0
LINE
  5
383
330
2D0
100
AcDbEntity
  8
PROTETORES
  6
CONTINU
 60
     1
 48
2.0
370
    -2
100
AcDbLine
 10
4.248346930718981
 20
-2.043788594688522
 30
0.0
 11
3.523695614538155
 21
-1.867137645487674
 31
0.0
1001
AcDbBlockRepETag
1070
     1
1071
      155
1005
383
  0
LINE
  5
384
330
2D0
100
AcDbEntity
  8
PROTETORES
  6
CONTINU
 60
     1
 48
2.0
370
    -2
100
AcDbLine
 10
1.3193393178517
 20
-1.329773504228797
 30
0.0
 11
3.523695614538155
 21
-1.867137645487674
 31
0.0
1001
AcDbBlockRepETag
1070
     1
1071
      156
1005
384
  0
LINE
  5
385
330
2D0
100
AcDbEntity
  8
PROTETORES
  6
CONTINU
 60
     1
 48
2.0
370
    -2
100
AcDbLine
 10
1.3193393178517
 20
-1.329773504199693
 30
0.0
 11
4.635073362849653
 21
12.27191417574068
 31
0.0
1001
AcDbBlockRepETag
1070
     1
1071
      157
1005
385
  0
LINE
  5
386
330
2D0
100
AcDbEntity
  8
PROTETORES
  6
CONTINU
 60
     1
 48
2.0
370
    -2
100
AcDbLine
 10
7.235921198618598
 20
61.63789581586025
 30
0.0
 11
4.635073362849653
 21
62.27191417574068
 31
0.0
1001
AcDbBlockRepETag
1070
     1
1071
      158
1005
386
  0
LINE
  5
387
330
2D0
100
AcDbEntity
  8
PROTETORES
  6
CONTINU
 60
     1
 48
2.0
370
    -2
100
AcDbLine
 10
7.235921198618598
 20
61.63789581586025
 30
0.0
 11
8.18122765084263
 21
61.407454942615
 31
0.0
1001
AcDbBlockRepETag
1070
     1
1071
      159
1005
387
  0
LINE
  5
388
330
2D0
100
AcDbEntity
  8
PROTETORES
  6
CONTINU
 60
     1
 48
2.0
370
    -2
100
AcDbLine
 10
4.248346930718981
 20
47.95621140531148
 30
0.0
 11
1.3193393178517
 21
48.670226495713
 31
0.0
1001
AcDbBlockRepETag
1070
     1
1071
      160
1005
388
  0
LINE
  5
389
330
2D0
100
AcDbEntity
  8
PROTETORES
  6
CONTINU
 60
     1
 48
2.0
370
    -2
100
AcDbLine
 10
1.3193393178517
 20
48.670226495713
 30
0.0
 11
4.635073362849653
 21
62.27191417574068
 31
0.0
1001
AcDbBlockRepETag
1070
     1
1071
      161
1005
389
  0
LINE
  5
38A
330
2D0
100
AcDbEntity
  8
PROTETORES
  6
CONTINU
 60
     1
 48
2.0
370
    -2
100
AcDbLine
 10
1.319339314009994
 20
98.67022649673163
 30
0.0
 11
4.248349363449961
 21
97.95620960844099
 31
0.0
1001
AcDbBlockRepETag
1070
     1
1071
      162
1005
38A
  0
LINE
  5
38B
330
2D0
100
AcDbEntity
  8
PROTETORES
  6
CONTINU
 60
     1
 48
2.0
370
    -2
100
AcDbLine
 10
1.319339314009994
 20
98.67022649670253
 30
0.0
 11
4.635073362849653
 21
112.2719141757407
 31
0.0
1001
AcDbBlockRepETag
1070
     1
1071
      163
1005
38B
  0
LINE
  5
38C
330
2D0
100
AcDbEntity
  8
PROTETORES
  6
CONTINU
 60
     1
 48
2.0
370
    -2
100
AcDbLine
 10
4.635073362849653
 20
112.2719141757407
 30
0.0
 11
8.18122765084263
 21
111.4074549425859
 31
0.0
1001
AcDbBlockRepETag
1070
     1
1071
      164
1005
38C
  0
ARC
  5
38D
330
2D0
100
AcDbEntity
  8
PROTETORES
  6
CONTINU
 60
     1
 48
2.0
370
    -2
100
AcDbCircle
 10
9.18122973293066
 20
113.9074505501194
 30
0.0
 40
2.499995607534359
100
AcDbArc
 50
269.9999522819734
 51
11.45099897178793
1001
AcDbBlockRepETag
1070
     1
1071
      165
1005
38D
  0
ARC
  5
38E
330
2D0
100
AcDbEntity
  8
PROTETORES
  6
CONTINU
 60
     1
 48
2.0
370
    -2
100
AcDbCircle
 10
4.004724225378595
 20
96.9781374350132
 30
0.0
 40
1.007957531003227
100
AcDbArc
 50
11.73795370551388
 51
76.01299690965112
1001
AcDbBlockRepETag
1070
     1
1071
      166
1005
38E
  0
ARC
  5
38F
330
2D0
100
AcDbEntity
  8
PROTETORES
  6
CONTINU
 60
     1
 48
2.0
370
    -2
100
AcDbCircle
 10
4.004721792647615
 20
46.97813923188369
 30
0.0
 40
1.007957531003227
100
AcDbArc
 50
11.73795370551388
 51
76.01299690965112
1001
AcDbBlockRepETag
1070
     1
1071
      167
1005
38F
  0
ARC
  5
390
330
2D0
100
AcDbEntity
  8
PROTETORES
  6
CONTINU
 60
     1
 48
2.0
370
    -2
100
AcDbCircle
 10
4.004721792647615
 20
-3.021860768116312
 30
0.0
 40
1.007957531003227
100
AcDbArc
 50
11.73795370551388
 51
76.01299690965112
1001
AcDbBlockRepETag
1070
     1
1071
      168
1005
390
  0
ARC
  5
391
330
2D0
100
AcDbEntity
  8
PROTETORES
  6
CONTINU
 60
     1
 48
2.0
370
    -2
100
AcDbCircle
 10
9.18122973293066
 20
113.9074505500612
 30
0.0
 40
2.499995607447048
100
AcDbArc
 50
269.9999522819734
 51
11.45099897388541
1001
AcDbBlockRepETag
1070
     1
1071
      169
1005
391
  0
ARC
  5
392
330
2D0
100
AcDbEntity
  8
PROTETORES
  6
CONTINU
 60
     1
 48
2.0
370
    -2
100
AcDbCircle
 10
9.18122973293066
 20
63.90745055006118
 30
0.0
 40
2.499995607447048
100
AcDbArc
 50
269.9999522819734
 51
11.45099897388406
1001
AcDbBlockRepETag
1070
     1
1071
      170
1005
392
  0
ARC
  5
393
330
2D0
100
AcDbEntity
  8
PROTETORES
  6
CONTINU
 60
     1
 48
2.0
370
    -2
100
AcDbCircle
 10
9.18122973293066
 20
13.90745055006118
 30
0.0
 40
2.499995607447048
100
AcDbArc
 50
269.9999522819734
 51
11.45099897388406
1001
AcDbBlockRepETag
1070
     1
1071
      171
1005
393
  0
LINE
  5
394
330
2D0
100
AcDbEntity
  8
PROTETORES
  6
CONTINU
 60
     1
 48
2.0
370
    -2
100
AcDbLine
 10
1416.865493605845
 20
43.80576726258187
 30
0.0
 11
23.86549360584468
 21
43.80576726261643
 31
0.0
1001
AcDbBlockRepETag
1070
     1
1071
      172
1005
394
  0
LINE
  5
395
330
2D0
100
AcDbEntity
  8
PROTETORES
  6
CONTINU
 60
     1
 48
2.0
370
    -2
100
AcDbLine
 10
1416.865493605845
 20
123.8057672625819
 30
0.0
 11
23.86549360584468
 21
123.8057672626164
 31
0.0
1001
AcDbBlockRepETag
1070
     1
1071
      173
1005
395
  0
ARC
  5
396
330
2D0
100
AcDbEntity
  8
PROTETORES
  6
CONTINU
 60
     1
 48
2.0
370
    -2
100
AcDbCircle
 10
4.5
 20
16.91153452533763
 30
0.0
 40
4.000000000006087
100
AcDbArc
 50
345.09940331134
 51
165.0994033113401
1001
AcDbBlockRepETag
1070
     1
1071
      174
1005
396
  0
ARC
  5
397
330
2D0
100
AcDbEntity
  8
PROTETORES
  6
CONTINU
 60
     1
 48
2.0
370
    -2
100
AcDbCircle
 10
0.0
 20
0.0
 30
0.0
 40
4.000000000006087
100
AcDbArc
 50
165.0994033113401
 51
332.1259905657012
1001
AcDbBlockRepETag
1070
     1
1071
      175
1005
397
  0
LINE
  5
398
330
2D0
100
AcDbEntity
  8
PROTETORES
  6
CONTINU
 60
     1
 48
2.0
370
    -2
100
AcDbLine
 10
8.365493605844676
 20
15.88296309675206
 30
0.0
 11
7.235921198502183
 21
11.63789581588935
 31
0.0
1001
AcDbBlockRepETag
1070
     1
1071
      176
1005
398
  0
LINE
  5
399
330
2D0
100
AcDbEntity
  8
PROTETORES
  6
CONTINU
 60
     1
 48
2.0
370
    -2
100
AcDbLine
 10
-3.865493605728261
 20
1.028571428585565
 30
0.0
 11
0.6345063941553235
 21
17.94010595389409
 31
0.0
1001
AcDbBlockRepETag
1070
     1
1071
      177
1005
399
  0
LINE
  5
39A
330
2D0
100
AcDbEntity
  8
PROTETORES
  6
CONTINU
 60
     1
 48
2.0
370
    -2
100
AcDbLine
 10
1431.549759560847
 20
111.4074549426095
 30
0.0
 11
1432.549759560847
 21
111.4074549426095
 31
0.0
1001
AcDbBlockRepETag
1070
     1
1071
      178
1005
39A
  0
LINE
  5
39B
330
2D0
100
AcDbEntity
  8
PROTETORES
  6
CONTINU
 60
     1
 48
2.0
370
    -2
100
AcDbLine
 10
1432.549759560847
 20
111.4074549426095
 30
0.0
 11
1435.919414100004
 21
97.58457650627861
 31
0.0
1001
AcDbBlockRepETag
1070
     1
1071
      179
1005
39B
  0
LINE
  5
39C
330
2D0
100
AcDbEntity
  8
PROTETORES
  6
CONTINU
 60
     1
 48
2.0
370
    -2
100
AcDbLine
 10
1435.739383595996
 20
97.1831921875073
 30
0.0
 11
1429.099522483186
 21
64.40377969812289
 31
0.0
1001
AcDbBlockRepETag
1070
     1
1071
      180
1005
39C
  0
LINE
  5
39D
330
2D0
100
AcDbEntity
  8
PROTETORES
  6
CONTINU
 60
     1
 48
2.0
370
    -2
100
AcDbLine
 10
1431.549759560847
 20
61.40745494260955
 30
0.0
 11
1432.549759560847
 21
61.40745494260955
 31
0.0
1001
AcDbBlockRepETag
1070
     1
1071
      181
1005
39D
  0
LINE
  5
39E
330
2D0
100
AcDbEntity
  8
PROTETORES
  6
CONTINU
 60
     1
 48
2.0
370
    -2
100
AcDbLine
 10
1432.549759560847
 20
61.40745494260955
 30
0.0
 11
1435.919414100004
 21
47.58457650627861
 31
0.0
1001
AcDbBlockRepETag
1070
     1
1071
      182
1005
39E
  0
LINE
  5
39F
330
2D0
100
AcDbEntity
  8
PROTETORES
  6
CONTINU
 60
     1
 48
2.0
370
    -2
100
AcDbLine
 10
1435.739383595996
 20
47.1831921875073
 30
0.0
 11
1429.099522483186
 21
14.40377969812289
 31
0.0
1001
AcDbBlockRepETag
1070
     1
1071
      183
1005
39F
  0
LINE
  5
3A0
330
2D0
100
AcDbEntity
  8
PROTETORES
  6
CONTINU
 60
     1
 48
2.0
370
    -2
100
AcDbLine
 10
1431.549759560847
 20
11.40745494260955
 30
0.0
 11
1432.549759560847
 21
11.40745494260955
 31
0.0
1001
AcDbBlockRepETag
1070
     1
1071
      184
1005
3A0
  0
LINE
  5
3A1
330
2D0
100
AcDbEntity
  8
PROTETORES
  6
CONTINU
 60
     1
 48
2.0
370
    -2
100
AcDbLine
 10
1432.549759560847
 20
11.40745494260955
 30
0.0
 11
1435.919414100004
 21
-2.415423493721391
 31
0.0
1001
AcDbBlockRepETag
1070
     1
1071
      185
1005
3A1
  0
LINE
  5
3A2
330
2D0
100
AcDbEntity
  8
PROTETORES
  6
CONTINU
 60
     1
 48
2.0
370
    -2
100
AcDbLine
 10
1435.739383595996
 20
-2.816807812492698
 30
0.0
 11
1433.029626562493
 21
-16.19423273735993
 31
0.0
1001
AcDbBlockRepETag
1070
     1
1071
      186
1005
3A2
  0
LINE
  5
3A3
330
2D0
100
AcDbEntity
  8
PROTETORES
  6
CONTINU
 60
     1
 48
2.0
370
    -2
100
AcDbLine
 10
1433.029626562493
 20
-16.19423273735993
 30
0.0
 11
1430.142875216552
 21
-21.19423273735993
 31
0.0
1001
AcDbBlockRepETag
1070
     1
1071
      187
1005
3A3
  0
LINE
  5
3A4
330
2D0
100
AcDbEntity
  8
PROTETORES
  6
CONTINU
 60
     1
 48
2.0
370
    -2
100
AcDbLine
 10
1423.402244951809
 20
-21.19423273735993
 30
0.0
 11
1420.515493605752
 21
-16.19423273738903
 31
0.0
1001
AcDbBlockRepETag
1070
     1
1071
      188
1005
3A4
  0
LINE
  5
3A5
330
2D0
100
AcDbEntity
  8
PROTETORES
  6
CONTINU
 60
     1
 48
2.0
370
    -2
100
AcDbLine
 10
1420.515493605752
 20
123.805767262611
 30
0.0
 11
1423.402244951809
 21
128.805767262611
 31
0.0
1001
AcDbBlockRepETag
1070
     1
1071
      189
1005
3A5
  0
LINE
  5
3A6
330
2D0
100
AcDbEntity
  8
PROTETORES
  6
CONTINU
 60
     1
 48
2.0
370
    -2
100
AcDbLine
 10
1430.142875216552
 20
128.805767262611
 30
0.0
 11
1431.530109236715
 21
126.4030074576676
 31
0.0
1001
AcDbBlockRepETag
1070
     1
1071
      190
1005
3A6
  0
LINE
  5
3A7
330
2D0
100
AcDbEntity
  8
PROTETORES
  6
CONTINU
 60
     1
 48
2.0
370
    -2
100
AcDbLine
 10
1431.530109236715
 20
126.4030074576676
 30
0.0
 11
1429.099521080847
 21
114.4037727743507
 31
0.0
1001
AcDbBlockRepETag
1070
     1
1071
      191
1005
3A7
  0
LINE
  5
3A8
330
2D0
100
AcDbEntity
  8
PROTETORES
  6
CONTINU
 60
     1
 48
2.0
370
    -2
100
AcDbLine
 10
1431.549759560847
 20
111.4074549425804
 30
0.0
 11
1432.549759560847
 21
111.4074549425804
 31
0.0
1001
AcDbBlockRepETag
1070
     1
1071
      192
1005
3A8
  0
LINE
  5
3A9
330
2D0
100
AcDbEntity
  8
PROTETORES
  6
CONTINU
 60
     1
 48
2.0
370
    -2
100
AcDbLine
 10
1430.142875216552
 20
-21.19423273735993
 30
0.0
 11
1423.615493605845
 21
-21.19423273735993
 31
0.0
1001
AcDbBlockRepETag
1070
     1
1071
      193
1005
3A9
  0
LINE
  5
3AA
330
2D0
100
AcDbEntity
  8
PROTETORES
  6
CONTINU
 60
     1
 48
2.0
370
    -2
100
AcDbLine
 10
1423.615493605845
 20
-21.19423273735993
 30
0.0
 11
1423.402244951809
 21
-21.19423273735993
 31
0.0
1001
AcDbBlockRepETag
1070
     1
1071
      194
1005
3AA
  0
LINE
  5
3AB
330
2D0
100
AcDbEntity
  8
PROTETORES
  6
CONTINU
 60
     1
 48
2.0
370
    -2
100
AcDbLine
 10
1423.402244951809
 20
128.805767262611
 30
0.0
 11
1423.615493605845
 21
128.805767262611
 31
0.0
1001
AcDbBlockRepETag
1070
     1
1071
      195
1005
3AB
  0
LINE
  5
3AC
330
2D0
100
AcDbEntity
  8
PROTETORES
  6
CONTINU
 60
     1
 48
2.0
370
    -2
100
AcDbLine
 10
1423.615493605845
 20
128.805767262611
 30
0.0
 11
1430.142875216552
 21
128.805767262611
 31
0.0
1001
AcDbBlockRepETag
1070
     1
1071
      196
1005
3AC
  0
LINE
  5
3AD
330
2D0
100
AcDbEntity
  8
PROTETORES
  6
CONTINU
 60
     1
 48
2.0
370
    -2
100
AcDbLine
 10
1416.865493605845
 20
-16.19423273738903
 30
0.0
 11
1416.865493605845
 21
123.805767262611
 31
0.0
1001
AcDbBlockRepETag
1070
     1
1071
      197
1005
3AD
  0
LINE
  5
3AE
330
2D0
100
AcDbEntity
  8
PROTETORES
  6
CONTINU
 60
     1
 48
2.0
370
    -2
100
AcDbLine
 10
1420.515493605752
 20
123.805767262611
 30
0.0
 11
1416.865493605845
 21
123.805767262611
 31
0.0
1001
AcDbBlockRepETag
1070
     1
1071
      198
1005
3AE
  0
LINE
  5
3AF
330
2D0
100
AcDbEntity
  8
PROTETORES
  6
CONTINU
 60
     1
 48
2.0
370
    -2
100
AcDbLine
 10
1416.865493605845
 20
-16.19423273738903
 30
0.0
 11
1420.515493605752
 21
-16.19423273738903
 31
0.0
1001
AcDbBlockRepETag
1070
     1
1071
      199
1005
3AF
  0
LINE
  5
3B0
330
2D0
100
AcDbEntity
  8
PROTETORES
  6
CONTINU
 60
     1
 48
2.0
370
    -2
100
AcDbLine
 10
1433.495066013071
 20
11.63789581585479
 30
0.0
 11
1436.09591384884
 21
12.27191417573522
 31
0.0
1001
AcDbBlockRepETag
1070
     1
1071
      200
1005
3B0
  0
LINE
  5
3B1
330
2D0
100
AcDbEntity
  8
PROTETORES
  6
CONTINU
 60
     1
 48
2.0
370
    -2
100
AcDbLine
 10
1433.495066013071
 20
11.63789581585479
 30
0.0
 11
1432.549759560847
 21
11.40745494260955
 31
0.0
1001
AcDbBlockRepETag
1070
     1
1071
      201
1005
3B1
  0
LINE
  5
3B2
330
2D0
100
AcDbEntity
  8
PROTETORES
  6
CONTINU
 60
     1
 48
2.0
370
    -2
100
AcDbLine
 10
1436.48264028097
 20
-2.043788594693979
 30
0.0
 11
1437.207291597151
 21
-1.867137645493131
 31
0.0
1001
AcDbBlockRepETag
1070
     1
1071
      202
1005
3B2
  0
LINE
  5
3B3
330
2D0
100
AcDbEntity
  8
PROTETORES
  6
CONTINU
 60
     1
 48
2.0
370
    -2
100
AcDbLine
 10
1439.411647893838
 20
-1.329773504234254
 30
0.0
 11
1437.207291597151
 21
-1.867137645493131
 31
0.0
1001
AcDbBlockRepETag
1070
     1
1071
      203
1005
3B3
  0
LINE
  5
3B4
330
2D0
100
AcDbEntity
  8
PROTETORES
  6
CONTINU
 60
     1
 48
2.0
370
    -2
100
AcDbLine
 10
1439.411647893838
 20
-1.32977350420515
 30
0.0
 11
1436.09591384884
 21
12.27191417573522
 31
0.0
1001
AcDbBlockRepETag
1070
     1
1071
      204
1005
3B4
  0
LINE
  5
3B5
330
2D0
100
AcDbEntity
  8
PROTETORES
  6
CONTINU
 60
     1
 48
2.0
370
    -2
100
AcDbLine
 10
1433.495066013071
 20
61.63789581585479
 30
0.0
 11
1436.09591384884
 21
62.27191417573522
 31
0.0
1001
AcDbBlockRepETag
1070
     1
1071
      205
1005
3B5
  0
LINE
  5
3B6
330
2D0
100
AcDbEntity
  8
PROTETORES
  6
CONTINU
 60
     1
 48
2.0
370
    -2
100
AcDbLine
 10
1433.495066013071
 20
61.63789581585479
 30
0.0
 11
1432.549759560847
 21
61.40745494260955
 31
0.0
1001
AcDbBlockRepETag
1070
     1
1071
      206
1005
3B6
  0
LINE
  5
3B7
330
2D0
100
AcDbEntity
  8
PROTETORES
  6
CONTINU
 60
     1
 48
2.0
370
    -2
100
AcDbLine
 10
1436.48264028097
 20
47.95621140530602
 30
0.0
 11
1439.411647893838
 21
48.67022649570754
 31
0.0
1001
AcDbBlockRepETag
1070
     1
1071
      207
1005
3B7
  0
LINE
  5
3B8
330
2D0
100
AcDbEntity
  8
PROTETORES
  6
CONTINU
 60
     1
 48
2.0
370
    -2
100
AcDbLine
 10
1439.411647893838
 20
48.67022649570754
 30
0.0
 11
1436.09591384884
 21
62.27191417573522
 31
0.0
1001
AcDbBlockRepETag
1070
     1
1071
      208
1005
3B8
  0
LINE
  5
3B9
330
2D0
100
AcDbEntity
  8
PROTETORES
  6
CONTINU
 60
     1
 48
2.0
370
    -2
100
AcDbLine
 10
1433.495066013071
 20
111.6378958158548
 30
0.0
 11
1436.09591384884
 21
112.2719141757352
 31
0.0
1001
AcDbBlockRepETag
1070
     1
1071
      209
1005
3B9
  0
LINE
  5
3BA
330
2D0
100
AcDbEntity
  8
PROTETORES
  6
CONTINU
 60
     1
 48
2.0
370
    -2
100
AcDbLine
 10
1433.495066013071
 20
111.6378958158548
 30
0.0
 11
1432.549759560847
 21
111.4074549426095
 31
0.0
1001
AcDbBlockRepETag
1070
     1
1071
      210
1005
3BA
  0
LINE
  5
3BB
330
2D0
100
AcDbEntity
  8
PROTETORES
  6
CONTINU
 60
     1
 48
2.0
370
    -2
100
AcDbLine
 10
1439.411647897679
 20
98.67022649672617
 30
0.0
 11
1436.48263784824
 21
97.95620960843553
 31
0.0
1001
AcDbBlockRepETag
1070
     1
1071
      211
1005
3BB
  0
LINE
  5
3BC
330
2D0
100
AcDbEntity
  8
PROTETORES
  6
CONTINU
 60
     1
 48
2.0
370
    -2
100
AcDbLine
 10
1439.411647897679
 20
98.67022649669707
 30
0.0
 11
1436.09591384884
 21
112.2719141757352
 31
0.0
1001
AcDbBlockRepETag
1070
     1
1071
      212
1005
3BC
  0
LINE
  5
3BD
330
2D0
100
AcDbEntity
  8
PROTETORES
  6
CONTINU
 60
     1
 48
2.0
370
    -2
100
AcDbLine
 10
1436.09591384884
 20
112.2719141757352
 30
0.0
 11
1432.549759560847
 21
111.4074549425804
 31
0.0
1001
AcDbBlockRepETag
1070
     1
1071
      213
1005
3BD
  0
ARC
  5
3BE
330
2D0
100
AcDbEntity
  8
PROTETORES
  6
CONTINU
 60
     1
 48
2.0
370
    -2
100
AcDbCircle
 10
1431.549757478759
 20
113.9074505501139
 30
0.0
 40
2.499995607534842
100
AcDbArc
 50
168.5490010282132
 51
270.0000477180266
1001
AcDbBlockRepETag
1070
     1
1071
      214
1005
3BE
  0
ARC
  5
3BF
330
2D0
100
AcDbEntity
  8
PROTETORES
  6
CONTINU
 60
     1
 48
2.0
370
    -2
100
AcDbCircle
 10
1436.726262986311
 20
96.97813743500774
 30
0.0
 40
1.007957531003776
100
AcDbArc
 50
103.9870030903489
 51
168.2620462944851
1001
AcDbBlockRepETag
1070
     1
1071
      215
1005
3BF
  0
ARC
  5
3C0
330
2D0
100
AcDbEntity
  8
PROTETORES
  6
CONTINU
 60
     1
 48
2.0
370
    -2
100
AcDbCircle
 10
1436.726265419042
 20
46.97813923187823
 30
0.0
 40
1.007957531003852
100
AcDbArc
 50
103.9870030903215
 51
168.2620462944877
1001
AcDbBlockRepETag
1070
     1
1071
      216
1005
3C0
  0
ARC
  5
3C1
330
2D0
100
AcDbEntity
  8
PROTETORES
  6
CONTINU
 60
     1
 48
2.0
370
    -2
100
AcDbCircle
 10
1436.726265419042
 20
-3.021860768121769
 30
0.0
 40
1.007957531003848
100
AcDbArc
 50
103.9870030903215
 51
168.2620462944877
1001
AcDbBlockRepETag
1070
     1
1071
      217
1005
3C1
  0
ARC
  5
3C2
330
2D0
100
AcDbEntity
  8
PROTETORES
  6
CONTINU
 60
     1
 48
2.0
370
    -2
100
AcDbCircle
 10
1431.549757478759
 20
113.9074505500557
 30
0.0
 40
2.499995607446551
100
AcDbArc
 50
168.5490010261146
 51
270.0000477180266
1001
AcDbBlockRepETag
1070
     1
1071
      218
1005
3C2
  0
ARC
  5
3C3
330
2D0
100
AcDbEntity
  8
PROTETORES
  6
CONTINU
 60
     1
 48
2.0
370
    -2
100
AcDbCircle
 10
1431.549757478759
 20
63.90745055005573
 30
0.0
 40
2.499995607446555
100
AcDbArc
 50
168.5490010261159
 51
270.0000477180266
1001
AcDbBlockRepETag
1070
     1
1071
      219
1005
3C3
  0
ARC
  5
3C4
330
2D0
100
AcDbEntity
  8
PROTETORES
  6
CONTINU
 60
     1
 48
2.0
370
    -2
100
AcDbCircle
 10
1431.549757478759
 20
13.90745055005573
 30
0.0
 40
2.499995607446553
100
AcDbArc
 50
168.5490010261159
 51
270.0000477180266
1001
AcDbBlockRepETag
1070
     1
1071
      220
1005
3C4
  0
ARC
  5
3C5
330
2D0
100
AcDbEntity
  8
PROTETORES
  6
CONTINU
 60
     1
 48
2.0
370
    -2
100
AcDbCircle
 10
1436.230987211689
 20
16.91153452533217
 30
0.0
 40
4.000000000006049
100
AcDbArc
 50
14.90059668866004
 51
194.90059668866
1001
AcDbBlockRepETag
1070
     1
1071
      221
1005
3C5
  0
ARC
  5
3C6
330
2D0
100
AcDbEntity
  8
PROTETORES
  6
CONTINU
 60
     1
 48
2.0
370
    -2
100
AcDbCircle
 10
1440.730987211689
 20
-0.000000000005457
 30
0.0
 40
4.000000000006108
100
AcDbArc
 50
207.8740094345551
 51
14.90059668866004
1001
AcDbBlockRepETag
1070
     1
1071
      222
1005
3C6
  0
LINE
  5
3C7
330
2D0
100
AcDbEntity
  8
PROTETORES
  6
CONTINU
 60
     1
 48
2.0
370
    -2
100
AcDbLine
 10
1432.365493605845
 20
15.88296309674661
 30
0.0
 11
1433.495066013187
 21
11.63789581588389
 31
0.0
1001
AcDbBlockRepETag
1070
     1
1071
      223
1005
3C7
  0
LINE
  5
3C8
330
2D0
100
AcDbEntity
  8
PROTETORES
  6
CONTINU
 60
     1
 48
2.0
370
    -2
100
AcDbLine
 10
1444.596480817418
 20
1.028571428580108
 30
0.0
 11
1440.096480817534
 21
17.94010595388863
 31
0.0
1001
AcDbBlockRepETag
1070
     1
1071
      224
1005
3C8
  0
LINE
  5
3C9
330
2D0
100
AcDbEntity
  8
PROTETORES
  6
CONTINU
 60
     1
 48
2.0
370
    -2
100
AcDbLine
 10
1420.365493605845
 20
-16.19423273738903
 30
0.0
 11
1420.365493605845
 21
123.805767262611
 31
0.0
1001
AcDbBlockRepETag
1070
     1
1071
      225
1005
3C9
  0
ENDBLK
  5
3CA
330
2D0
100
AcDbEntity
  8
0
100
AcDbBlockEnd
  0
BLOCK
  5
4C7
330
4C6
100
AcDbEntity
  8
0
100
AcDbBlockBegin
  2
*U5
 70
     1
 10
0.0
 20
0.0
 30
0.0
  3
*U5
  1
Acad:XRef
  0
LINE
  5
4C8
330
4C6
100
AcDbEntity
  8
CANETA03
 60
     1
100
AcDbLine
 10
0.0
 20
0.0
 30
0.0
 11
1381.775158959499
 21
0.0
 31
0.0
1001
AcDbBlockRepETag
1070
     1
1071
        0
1005
4C8
  0
LINE
  5
4C9
330
4C6
100
AcDbEntity
  8
CANETA03
 60
     1
100
AcDbLine
 10
0.0
 20
-75.99984799997765
 30
0.0
 11
1381.775158959499
 21
-75.99984799999947
 31
0.0
1001
AcDbBlockRepETag
1070
     1
1071
        1
1005
4C9
  0
LINE
  5
4CA
330
4C6
100
AcDbEntity
  8
arq_06
 60
     1
100
AcDbLine
 10
1374.275158959499
 20
0.0
 30
0.0
 11
1374.275158959499
 21
180.0
 31
0.0
1001
AcDbBlockRepETag
1070
     1
1071
        2
1005
4CA
  0
LINE
  5
4CB
330
4C6
100
AcDbEntity
  8
arq_06
 60
     1
100
AcDbLine
 10
1374.275158959499
 20
180.0
 30
0.0
 11
1309.275158959499
 21
180.0
 31
0.0
1001
AcDbBlockRepETag
1070
     1
1071
        3
1005
4CB
  0
LINE
  5
4CC
330
4C6
100
AcDbEntity
  8
arq_06
 60
     1
100
AcDbLine
 10
1309.275158959499
 20
180.0
 30
0.0
 11
1309.275158959499
 21
0.0
 31
0.0
1001
AcDbBlockRepETag
1070
     1
1071
        4
1005
4CC
  0
LINE
  5
4CD
330
4C6
100
AcDbEntity
  8
arq_06
 60
     1
100
AcDbLine
 10
1381.775158959499
 20
0.0
 30
0.0
 11
1381.775158959499
 21
2.0
 31
0.0
1001
AcDbBlockRepETag
1070
     1
1071
        5
1005
4CD
  0
LINE
  5
4CE
330
4C6
100
AcDbEntity
  8
arq_06
 60
     1
100
AcDbLine
 10
1381.775158959499
 20
2.0
 30
0.0
 11
1374.275158959499
 21
2.0
 31
0.0
1001
AcDbBlockRepETag
1070
     1
1071
        6
1005
4CE
  0
LINE
  5
4CF
330
4C6
100
AcDbEntity
  8
arq_06
 60
     1
100
AcDbLine
 10
1301.775158959499
 20
0.0
 30
0.0
 11
1301.775158959499
 21
2.0
 31
0.0
1001
AcDbBlockRepETag
1070
     1
1071
        7
1005
4CF
  0
LINE
  5
4D0
330
4C6
100
AcDbEntity
  8
arq_06
 60
     1
100
AcDbLine
 10
1301.775158959499
 20
2.0
 30
0.0
 11
1309.275158959499
 21
2.0
 31
0.0
1001
AcDbBlockRepETag
1070
     1
1071
        8
1005
4D0
  0
LINE
  5
4D1
330
4C6
100
AcDbEntity
  8
arq_06
 60
     1
100
AcDbLine
 10
1301.775158959499
 20
-83.99984799999947
 30
0.0
 11
1381.775158959499
 21
-83.99984799999947
 31
0.0
1001
AcDbBlockRepETag
1070
     1
1071
        9
1005
4D1
  0
LINE
  5
4D2
330
4C6
100
AcDbEntity
  8
arq_06
 60
     1
100
AcDbLine
 10
1301.775158959499
 20
-75.99984799999947
 30
0.0
 11
1301.775158959499
 21
-83.99984799999947
 31
0.0
1001
AcDbBlockRepETag
1070
     1
1071
       10
1005
4D2
  0
LINE
  5
4D3
330
4C6
100
AcDbEntity
  8
arq_06
 60
     1
100
AcDbLine
 10
1381.775158959499
 20
-75.99984799999947
 30
0.0
 11
1381.775158959499
 21
-83.99984799999947
 31
0.0
1001
AcDbBlockRepETag
1070
     1
1071
       11
1005
4D3
  0
LINE
  5
4D4
330
4C6
100
AcDbEntity
  8
arq_06
 60
     1
100
AcDbLine
 10
7.500000000014552
 20
0.0
 30
0.0
 11
7.500000000014552
 21
180.0
 31
0.0
1001
AcDbBlockRepETag
1070
     1
1071
       12
1005
4D4
  0
LINE
  5
4D5
330
4C6
100
AcDbEntity
  8
arq_06
 60
     1
100
AcDbLine
 10
7.500000000014552
 20
180.0
 30
0.0
 11
72.50000000001455
 21
180.0
 31
0.0
1001
AcDbBlockRepETag
1070
     1
1071
       13
1005
4D5
  0
LINE
  5
4D6
330
4C6
100
AcDbEntity
  8
arq_06
 60
     1
100
AcDbLine
 10
72.50000000001455
 20
180.0
 30
0.0
 11
72.50000000001455
 21
0.0
 31
0.0
1001
AcDbBlockRepETag
1070
     1
1071
       14
1005
4D6
  0
LINE
  5
4D7
330
4C6
100
AcDbEntity
  8
arq_06
 60
     1
100
AcDbLine
 10
0.0000000000145519
 20
0.0
 30
0.0
 11
0.0000000000145519
 21
2.0
 31
0.0
1001
AcDbBlockRepETag
1070
     1
1071
       15
1005
4D7
  0
LINE
  5
4D8
330
4C6
100
AcDbEntity
  8
arq_06
 60
     1
100
AcDbLine
 10
0.0000000000145519
 20
2.0
 30
0.0
 11
7.500000000014552
 21
2.0
 31
0.0
1001
AcDbBlockRepETag
1070
     1
1071
       16
1005
4D8
  0
LINE
  5
4D9
330
4C6
100
AcDbEntity
  8
arq_06
 60
     1
100
AcDbLine
 10
80.00000000001455
 20
0.0
 30
0.0
 11
80.00000000001455
 21
2.0
 31
0.0
1001
AcDbBlockRepETag
1070
     1
1071
       17
1005
4D9
  0
LINE
  5
4DA
330
4C6
100
AcDbEntity
  8
arq_06
 60
     1
100
AcDbLine
 10
80.00000000001455
 20
2.0
 30
0.0
 11
72.50000000001455
 21
2.0
 31
0.0
1001
AcDbBlockRepETag
1070
     1
1071
       18
1005
4DA
  0
LINE
  5
4DB
330
4C6
100
AcDbEntity
  8
arq_06
 60
     1
100
AcDbLine
 10
80.00000000001455
 20
-83.99984799999947
 30
0.0
 11
0.0000000000145519
 21
-83.99984799999947
 31
0.0
1001
AcDbBlockRepETag
1070
     1
1071
       19
1005
4DB
  0
LINE
  5
4DC
330
4C6
100
AcDbEntity
  8
arq_06
 60
     1
100
AcDbLine
 10
80.00000000001455
 20
-75.99984799999947
 30
0.0
 11
80.00000000001455
 21
-83.99984799999947
 31
0.0
1001
AcDbBlockRepETag
1070
     1
1071
       20
1005
4DC
  0
LINE
  5
4DD
330
4C6
100
AcDbEntity
  8
arq_06
 60
     1
100
AcDbLine
 10
0.0000000000145519
 20
-75.99984799999947
 30
0.0
 11
0.0000000000145519
 21
-83.99984799999947
 31
0.0
1001
AcDbBlockRepETag
1070
     1
1071
       21
1005
4DD
  0
LINE
  5
4DE
330
4C6
100
AcDbEntity
  8
CANETA03
 60
     1
100
AcDbLine
 10
32.00000000001455
 20
0.0
 30
0.0
 11
48.00000000001455
 21
0.0
 31
0.0
1001
AcDbBlockRepETag
1070
     1
1071
       22
1005
4DE
  0
LINE
  5
4DF
330
4C6
100
AcDbEntity
  8
CANETA03
 60
     1
100
AcDbLine
 10
48.00000000001455
 20
0.0
 30
0.0
 11
48.00000000001455
 21
8.0
 31
0.0
1001
AcDbBlockRepETag
1070
     1
1071
       23
1005
4DF
  0
LINE
  5
4E0
330
4C6
100
AcDbEntity
  8
CANETA03
 60
     1
100
AcDbLine
 10
48.00000000001455
 20
8.0
 30
0.0
 11
32.00000000001455
 21
8.0
 31
0.0
1001
AcDbBlockRepETag
1070
     1
1071
       24
1005
4E0
  0
LINE
  5
4E1
330
4C6
100
AcDbEntity
  8
CANETA03
 60
     1
100
AcDbLine
 10
32.00000000001455
 20
8.0
 30
0.0
 11
32.00000000001455
 21
0.0
 31
0.0
1001
AcDbBlockRepETag
1070
     1
1071
       25
1005
4E1
  0
LINE
  5
4E2
330
4C6
100
AcDbEntity
  8
CANETA03
 60
     1
100
AcDbLine
 10
44.00000000001455
 20
0.0
 30
0.0
 11
44.00000000001455
 21
8.0
 31
0.0
1001
AcDbBlockRepETag
1070
     1
1071
       26
1005
4E2
  0
LINE
  5
4E3
330
4C6
100
AcDbEntity
  8
CANETA03
 60
     1
100
AcDbLine
 10
36.00000000001455
 20
0.0
 30
0.0
 11
36.00000000001455
 21
8.0
 31
0.0
1001
AcDbBlockRepETag
1070
     1
1071
       27
1005
4E3
  0
LINE
  5
4E4
330
4C6
100
AcDbEntity
  8
CANETA03
 60
     1
100
AcDbLine
 10
1349.775158959499
 20
0.0
 30
0.0
 11
1333.775158959499
 21
0.0
 31
0.0
1001
AcDbBlockRepETag
1070
     1
1071
       28
1005
4E4
  0
LINE
  5
4E5
330
4C6
100
AcDbEntity
  8
CANETA03
 60
     1
100
AcDbLine
 10
1333.775158959499
 20
0.0
 30
0.0
 11
1333.775158959499
 21
8.0
 31
0.0
1001
AcDbBlockRepETag
1070
     1
1071
       29
1005
4E5
  0
LINE
  5
4E6
330
4C6
100
AcDbEntity
  8
CANETA03
 60
     1
100
AcDbLine
 10
1333.775158959499
 20
8.0
 30
0.0
 11
1349.775158959499
 21
8.0
 31
0.0
1001
AcDbBlockRepETag
1070
     1
1071
       30
1005
4E6
  0
LINE
  5
4E7
330
4C6
100
AcDbEntity
  8
CANETA03
 60
     1
100
AcDbLine
 10
1349.775158959499
 20
8.0
 30
0.0
 11
1349.775158959499
 21
0.0
 31
0.0
1001
AcDbBlockRepETag
1070
     1
1071
       31
1005
4E7
  0
LINE
  5
4E8
330
4C6
100
AcDbEntity
  8
CANETA03
 60
     1
100
AcDbLine
 10
1337.775158959499
 20
0.0
 30
0.0
 11
1337.775158959499
 21
8.0
 31
0.0
1001
AcDbBlockRepETag
1070
     1
1071
       32
1005
4E8
  0
LINE
  5
4E9
330
4C6
100
AcDbEntity
  8
CANETA03
 60
     1
100
AcDbLine
 10
1345.775158959499
 20
0.0
 30
0.0
 11
1345.775158959499
 21
8.0
 31
0.0
1001
AcDbBlockRepETag
1070
     1
1071
       33
1005
4E9
  0
LINE
  5
4EA
330
4C6
100
AcDbEntity
  8
LONGARINA
100
AcDbLine
 10
38.86549360584468
 20
123.8057672626164
 30
0.0
 11
38.86549360584468
 21
128.1057672626266
 31
0.0
1001
AcDbBlockRepETag
1070
     1
1071
       34
1005
4EA
  0
LINE
  5
4EB
330
4C6
100
AcDbEntity
  8
LONGARINA
100
AcDbLine
 10
38.86549360584468
 20
128.1057672626266
 30
0.0
 11
78.86549360584468
 21
128.1057672626266
 31
0.0
1001
AcDbBlockRepETag
1070
     1
1071
       35
1005
4EB
  0
LINE
  5
4EC
330
4C6
100
AcDbEntity
  8
LONGARINA
100
AcDbLine
 10
78.86549360584468
 20
128.1057672626266
 30
0.0
 11
78.86549360584468
 21
123.8057672626146
 31
0.0
1001
AcDbBlockRepETag
1070
     1
1071
       36
1005
4EC
  0
LINE
  5
4ED
330
4C6
100
AcDbEntity
  8
LONGARINA
100
AcDbLine
 10
78.86549360584468
 20
123.8057672626146
 30
0.0
 11
38.86549360584468
 21
123.8057672626164
 31
0.0
1001
AcDbBlockRepETag
1070
     1
1071
       37
1005
4ED
  0
LINE
  5
4EE
330
4C6
100
AcDbEntity
  8
LONGARINA
100
AcDbLine
 10
1901.865493605728
 20
123.805767262604
 30
0.0
 11
1901.865493605728
 21
128.1057672626142
 31
0.0
1001
AcDbBlockRepETag
1070
     1
1071
       38
1005
4EE
  0
LINE
  5
4EF
330
4C6
100
AcDbEntity
  8
LONGARINA
100
AcDbLine
 10
1901.865493605728
 20
128.1057672626142
 30
0.0
 11
1861.865493605728
 21
128.1057672626142
 31
0.0
1001
AcDbBlockRepETag
1070
     1
1071
       39
1005
4EF
  0
LINE
  5
4F0
330
4C6
100
AcDbEntity
  8
LONGARINA
100
AcDbLine
 10
1861.865493605728
 20
128.1057672626142
 30
0.0
 11
1861.865493605728
 21
123.8057672626022
 31
0.0
1001
AcDbBlockRepETag
1070
     1
1071
       40
1005
4F0
  0
LINE
  5
4F1
330
4C6
100
AcDbEntity
  8
LONGARINA
100
AcDbLine
 10
1861.865493605728
 20
123.8057672626022
 30
0.0
 11
1901.865493605728
 21
123.805767262604
 31
0.0
1001
AcDbBlockRepETag
1070
     1
1071
       41
1005
4F1
  0
LINE
  5
4F2
330
4C6
100
AcDbEntity
  8
LONGARINA
  6
CONTINU
 48
2.0
370
    -2
100
AcDbLine
 10
8.18122765084263
 20
111.407454942615
 30
0.0
 11
4.811573111684993
 21
97.58457650628407
 31
0.0
1001
AcDbBlockRepETag
1070
     1
1071
       42
1005
4F2
  0
LINE
  5
4F3
330
4C6
100
AcDbEntity
  8
LONGARINA
  6
CONTINU
 48
2.0
370
    -2
100
AcDbLine
 10
4.991603615693748
 20
97.18319218751276
 30
0.0
 11
11.63146472850349
 21
64.40377969812835
 31
0.0
1001
AcDbBlockRepETag
1070
     1
1071
       43
1005
4F3
  0
LINE
  5
4F4
330
4C6
100
AcDbEntity
  8
LONGARINA
  6
CONTINU
 48
2.0
370
    -2
100
AcDbLine
 10
9.18122765084263
 20
61.407454942615
 30
0.0
 11
8.18122765084263
 21
61.407454942615
 31
0.0
1001
AcDbBlockRepETag
1070
     1
1071
       44
1005
4F4
  0
LINE
  5
4F5
330
4C6
100
AcDbEntity
  8
LONGARINA
  6
CONTINU
 48
2.0
370
    -2
100
AcDbLine
 10
8.18122765084263
 20
61.407454942615
 30
0.0
 11
4.811573111684993
 21
47.58457650628407
 31
0.0
1001
AcDbBlockRepETag
1070
     1
1071
       45
1005
4F5
  0
LINE
  5
4F6
330
4C6
100
AcDbEntity
  8
LONGARINA
  6
CONTINU
 48
2.0
370
    -2
100
AcDbLine
 10
4.991603615693748
 20
47.18319218751276
 30
0.0
 11
11.63146472850349
 21
14.40377969812835
 31
0.0
1001
AcDbBlockRepETag
1070
     1
1071
       46
1005
4F6
  0
LINE
  5
4F7
330
4C6
100
AcDbEntity
  8
LONGARINA
  6
CONTINU
 48
2.0
370
    -2
100
AcDbLine
 10
8.18122765084263
 20
11.407454942615
 30
0.0
 11
4.811573111684993
 21
-2.415423493715934
 31
0.0
1001
AcDbBlockRepETag
1070
     1
1071
       47
1005
4F7
  0
LINE
  5
4F8
330
4C6
100
AcDbEntity
  8
LONGARINA
  6
CONTINU
 48
2.0
370
    -2
100
AcDbLine
 10
4.991603615693748
 20
-2.816807812487241
 30
0.0
 11
7.701360649196431
 21
-16.19423273735447
 31
0.0
1001
AcDbBlockRepETag
1070
     1
1071
       48
1005
4F8
  0
LINE
  5
4F9
330
4C6
100
AcDbEntity
  8
LONGARINA
  6
CONTINU
 48
2.0
370
    -2
100
AcDbLine
 10
7.701360649196431
 20
-16.19423273735447
 30
0.0
 11
10.5881119951373
 21
-21.19423273735447
 31
0.0
1001
AcDbBlockRepETag
1070
     1
1071
       49
1005
4F9
  0
LINE
  5
4FA
330
4C6
100
AcDbEntity
  8
LONGARINA
  6
CONTINU
 48
2.0
370
    -2
100
AcDbLine
 10
17.32874225988053
 20
-21.19423273735447
 30
0.0
 11
20.21549360593781
 21
-16.19423273738357
 31
0.0
1001
AcDbBlockRepETag
1070
     1
1071
       50
1005
4FA
  0
LINE
  5
4FB
330
4C6
100
AcDbEntity
  8
LONGARINA
  6
CONTINU
 48
2.0
370
    -2
100
AcDbLine
 10
20.21549360593781
 20
-16.19423273738357
 30
0.0
 11
20.21549360593781
 21
123.8057672626164
 31
0.0
1001
AcDbBlockRepETag
1070
     1
1071
       51
1005
4FB
  0
LINE
  5
4FC
330
4C6
100
AcDbEntity
  8
LONGARINA
  6
CONTINU
 48
2.0
370
    -2
100
AcDbLine
 10
20.21549360593781
 20
123.8057672626164
 30
0.0
 11
17.32874225988053
 21
128.8057672626164
 31
0.0
1001
AcDbBlockRepETag
1070
     1
1071
       52
1005
4FC
  0
LINE
  5
4FD
330
4C6
100
AcDbEntity
  8
LONGARINA
  6
CONTINU
 48
2.0
370
    -2
100
AcDbLine
 10
10.5881119951373
 20
128.8057672626164
 30
0.0
 11
9.200877974973992
 21
126.4030074576731
 31
0.0
1001
AcDbBlockRepETag
1070
     1
1071
       53
1005
4FD
  0
LINE
  5
4FE
330
4C6
100
AcDbEntity
  8
LONGARINA
  6
CONTINU
 48
2.0
370
    -2
100
AcDbLine
 10
9.200877974973992
 20
126.4030074576731
 30
0.0
 11
11.63146613084245
 21
114.4037727743562
 31
0.0
1001
AcDbBlockRepETag
1070
     1
1071
       54
1005
4FE
  0
LINE
  5
4FF
330
4C6
100
AcDbEntity
  8
LONGARINA
  6
CONTINU
 48
2.0
370
    -2
100
AcDbLine
 10
10.5881119951373
 20
-21.19423273735447
 30
0.0
 11
17.11549360584468
 21
-21.19423273735447
 31
0.0
1001
AcDbBlockRepETag
1070
     1
1071
       55
1005
4FF
  0
LINE
  5
500
330
4C6
100
AcDbEntity
  8
LONGARINA
  6
CONTINU
 48
2.0
370
    -2
100
AcDbLine
 10
17.11549360584468
 20
-21.19423273735447
 30
0.0
 11
17.32874225988053
 21
-21.19423273735447
 31
0.0
1001
AcDbBlockRepETag
1070
     1
1071
       56
1005
500
  0
LINE
  5
501
330
4C6
100
AcDbEntity
  8
LONGARINA
  6
CONTINU
 48
2.0
370
    -2
100
AcDbLine
 10
17.32874225988053
 20
128.8057672626164
 30
0.0
 11
17.11549360584468
 21
128.8057672626164
 31
0.0
1001
AcDbBlockRepETag
1070
     1
1071
       57
1005
501
  0
LINE
  5
502
330
4C6
100
AcDbEntity
  8
LONGARINA
  6
CONTINU
 48
2.0
370
    -2
100
AcDbLine
 10
17.11549360584468
 20
128.8057672626164
 30
0.0
 11
10.5881119951373
 21
128.8057672626164
 31
0.0
1001
AcDbBlockRepETag
1070
     1
1071
       58
1005
502
  0
LINE
  5
503
330
4C6
100
AcDbEntity
  8
LONGARINA
  6
CONTINU
 48
2.0
370
    -2
100
AcDbLine
 10
23.86549360584468
 20
-16.19423273738357
 30
0.0
 11
23.86549360584468
 21
123.8057672626164
 31
0.0
1001
AcDbBlockRepETag
1070
     1
1071
       59
1005
503
  0
LINE
  5
504
330
4C6
100
AcDbEntity
  8
LONGARINA
  6
CONTINU
 48
2.0
370
    -2
100
AcDbLine
 10
20.21549360593781
 20
123.8057672626164
 30
0.0
 11
23.86549360584468
 21
123.8057672626164
 31
0.0
1001
AcDbBlockRepETag
1070
     1
1071
       60
1005
504
  0
LINE
  5
505
330
4C6
100
AcDbEntity
  8
LONGARINA
  6
CONTINU
 48
2.0
370
    -2
100
AcDbLine
 10
23.86549360584468
 20
-16.19423273738357
 30
0.0
 11
20.21549360593781
 21
-16.19423273735447
 31
0.0
1001
AcDbBlockRepETag
1070
     1
1071
       61
1005
505
  0
LINE
  5
506
330
4C6
100
AcDbEntity
  8
LONGARINA
  6
CONTINU
 48
2.0
370
    -2
100
AcDbLine
 10
7.235921198618598
 20
11.63789581586025
 30
0.0
 11
4.635073362849653
 21
12.27191417574068
 31
0.0
1001
AcDbBlockRepETag
1070
     1
1071
       62
1005
506
  0
LINE
  5
507
330
4C6
100
AcDbEntity
  8
LONGARINA
  6
CONTINU
 48
2.0
370
    -2
100
AcDbLine
 10
4.248346930718981
 20
-2.043788594688522
 30
0.0
 11
3.523695614538155
 21
-1.867137645487674
 31
0.0
1001
AcDbBlockRepETag
1070
     1
1071
       63
1005
507
  0
LINE
  5
508
330
4C6
100
AcDbEntity
  8
LONGARINA
  6
CONTINU
 48
2.0
370
    -2
100
AcDbLine
 10
1.3193393178517
 20
-1.329773504228797
 30
0.0
 11
3.523695614538155
 21
-1.867137645487674
 31
0.0
1001
AcDbBlockRepETag
1070
     1
1071
       64
1005
508
  0
LINE
  5
509
330
4C6
100
AcDbEntity
  8
LONGARINA
  6
CONTINU
 48
2.0
370
    -2
100
AcDbLine
 10
1.3193393178517
 20
-1.329773504199693
 30
0.0
 11
4.635073362849653
 21
12.27191417574068
 31
0.0
1001
AcDbBlockRepETag
1070
     1
1071
       65
1005
509
  0
LINE
  5
50A
330
4C6
100
AcDbEntity
  8
LONGARINA
  6
CONTINU
 48
2.0
370
    -2
100
AcDbLine
 10
7.235921198618598
 20
61.63789581586025
 30
0.0
 11
4.635073362849653
 21
62.27191417574068
 31
0.0
1001
AcDbBlockRepETag
1070
     1
1071
       66
1005
50A
  0
LINE
  5
50B
330
4C6
100
AcDbEntity
  8
LONGARINA
  6
CONTINU
 48
2.0
370
    -2
100
AcDbLine
 10
7.235921198618598
 20
61.63789581586025
 30
0.0
 11
8.18122765084263
 21
61.407454942615
 31
0.0
1001
AcDbBlockRepETag
1070
     1
1071
       67
1005
50B
  0
LINE
  5
50C
330
4C6
100
AcDbEntity
  8
LONGARINA
  6
CONTINU
 48
2.0
370
    -2
100
AcDbLine
 10
4.248346930718981
 20
47.95621140531148
 30
0.0
 11
1.3193393178517
 21
48.670226495713
 31
0.0
1001
AcDbBlockRepETag
1070
     1
1071
       68
1005
50C
  0
LINE
  5
50D
330
4C6
100
AcDbEntity
  8
LONGARINA
  6
CONTINU
 48
2.0
370
    -2
100
AcDbLine
 10
1.3193393178517
 20
48.670226495713
 30
0.0
 11
4.635073362849653
 21
62.27191417574068
 31
0.0
1001
AcDbBlockRepETag
1070
     1
1071
       69
1005
50D
  0
LINE
  5
50E
330
4C6
100
AcDbEntity
  8
LONGARINA
  6
CONTINU
 48
2.0
370
    -2
100
AcDbLine
 10
1.319339314009994
 20
98.67022649673163
 30
0.0
 11
4.248349363449961
 21
97.95620960844099
 31
0.0
1001
AcDbBlockRepETag
1070
     1
1071
       70
1005
50E
  0
LINE
  5
50F
330
4C6
100
AcDbEntity
  8
LONGARINA
  6
CONTINU
 48
2.0
370
    -2
100
AcDbLine
 10
1.319339314009994
 20
98.67022649670253
 30
0.0
 11
4.635073362849653
 21
112.2719141757407
 31
0.0
1001
AcDbBlockRepETag
1070
     1
1071
       71
1005
50F
  0
LINE
  5
510
330
4C6
100
AcDbEntity
  8
LONGARINA
  6
CONTINU
 48
2.0
370
    -2
100
AcDbLine
 10
4.635073362849653
 20
112.2719141757407
 30
0.0
 11
8.18122765084263
 21
111.4074549425859
 31
0.0
1001
AcDbBlockRepETag
1070
     1
1071
       72
1005
510
  0
ARC
  5
511
330
4C6
100
AcDbEntity
  8
LONGARINA
  6
CONTINU
 48
2.0
370
    -2
100
AcDbCircle
 10
9.18122973293066
 20
113.9074505501194
 30
0.0
 40
2.499995607534359
100
AcDbArc
 50
269.9999522819734
 51
11.45099897178793
1001
AcDbBlockRepETag
1070
     1
1071
       73
1005
511
  0
ARC
  5
512
330
4C6
100
AcDbEntity
  8
LONGARINA
  6
CONTINU
 48
2.0
370
    -2
100
AcDbCircle
 10
4.004724225378595
 20
96.9781374350132
 30
0.0
 40
1.007957531003227
100
AcDbArc
 50
11.73795370551388
 51
76.0129969096519
1001
AcDbBlockRepETag
1070
     1
1071
       74
1005
512
  0
ARC
  5
513
330
4C6
100
AcDbEntity
  8
LONGARINA
  6
CONTINU
 48
2.0
370
    -2
100
AcDbCircle
 10
4.004721792647615
 20
46.97813923188369
 30
0.0
 40
1.007957531003227
100
AcDbArc
 50
11.73795370551388
 51
76.0129969096519
1001
AcDbBlockRepETag
1070
     1
1071
       75
1005
513
  0
ARC
  5
514
330
4C6
100
AcDbEntity
  8
LONGARINA
  6
CONTINU
 48
2.0
370
    -2
100
AcDbCircle
 10
4.004721792647615
 20
-3.021860768116312
 30
0.0
 40
1.007957531003227
100
AcDbArc
 50
11.73795370551388
 51
76.0129969096519
1001
AcDbBlockRepETag
1070
     1
1071
       76
1005
514
  0
ARC
  5
515
330
4C6
100
AcDbEntity
  8
LONGARINA
  6
CONTINU
 48
2.0
370
    -2
100
AcDbCircle
 10
9.18122973293066
 20
113.9074505500612
 30
0.0
 40
2.499995607447048
100
AcDbArc
 50
269.9999522819734
 51
11.45099897388406
1001
AcDbBlockRepETag
1070
     1
1071
       77
1005
515
  0
ARC
  5
516
330
4C6
100
AcDbEntity
  8
LONGARINA
  6
CONTINU
 48
2.0
370
    -2
100
AcDbCircle
 10
9.18122973293066
 20
63.90745055006118
 30
0.0
 40
2.499995607447048
100
AcDbArc
 50
269.9999522819734
 51
11.45099897388406
1001
AcDbBlockRepETag
1070
     1
1071
       78
1005
516
  0
ARC
  5
517
330
4C6
100
AcDbEntity
  8
LONGARINA
  6
CONTINU
 48
2.0
370
    -2
100
AcDbCircle
 10
9.18122973293066
 20
13.90745055006118
 30
0.0
 40
2.499995607447048
100
AcDbArc
 50
269.9999522819734
 51
11.45099897388406
1001
AcDbBlockRepETag
1070
     1
1071
       79
1005
517
  0
LINE
  5
518
330
4C6
100
AcDbEntity
  8
LONGARINA
  6
CONTINU
 48
2.0
370
    -2
100
AcDbLine
 10
1916.865493605728
 20
43.80576726256946
 30
0.0
 11
23.86549360584468
 21
43.80576726261643
 31
0.0
1001
AcDbBlockRepETag
1070
     1
1071
       80
1005
518
  0
LINE
  5
519
330
4C6
100
AcDbEntity
  8
LONGARINA
  6
CONTINU
 48
2.0
370
    -2
100
AcDbLine
 10
1916.865493605728
 20
123.8057672625695
 30
0.0
 11
23.86549360584468
 21
123.8057672626164
 31
0.0
1001
AcDbBlockRepETag
1070
     1
1071
       81
1005
519
  0
ARC
  5
51A
330
4C6
100
AcDbEntity
  8
LONGARINA
  6
CONTINU
 48
2.0
370
    -2
100
AcDbCircle
 10
4.5
 20
16.91153452533763
 30
0.0
 40
4.000000000006087
100
AcDbArc
 50
345.09940331134
 51
165.0994033113401
1001
AcDbBlockRepETag
1070
     1
1071
       82
1005
51A
  0
ARC
  5
51B
330
4C6
100
AcDbEntity
  8
LONGARINA
  6
CONTINU
 48
2.0
370
    -2
100
AcDbCircle
 10
0.0
 20
0.0
 30
0.0
 40
4.000000000006087
100
AcDbArc
 50
165.0994033113401
 51
332.1259905657012
1001
AcDbBlockRepETag
1070
     1
1071
       83
1005
51B
  0
LINE
  5
51C
330
4C6
100
AcDbEntity
  8
LONGARINA
  6
CONTINU
 48
2.0
370
    -2
100
AcDbLine
 10
8.365493605844676
 20
15.88296309675206
 30
0.0
 11
7.235921198502183
 21
11.63789581588935
 31
0.0
1001
AcDbBlockRepETag
1070
     1
1071
       84
1005
51C
  0
LINE
  5
51D
330
4C6
100
AcDbEntity
  8
LONGARINA
  6
CONTINU
 48
2.0
370
    -2
100
AcDbLine
 10
-3.865493605728261
 20
1.028571428585565
 30
0.0
 11
0.6345063941553235
 21
17.94010595389409
 31
0.0
1001
AcDbBlockRepETag
1070
     1
1071
       85
1005
51D
  0
LINE
  5
51E
330
4C6
100
AcDbEntity
  8
LONGARINA
  6
CONTINU
 48
2.0
370
    -2
100
AcDbLine
 10
1931.54975956073
 20
111.4074549425971
 30
0.0
 11
1932.54975956073
 21
111.4074549425971
 31
0.0
1001
AcDbBlockRepETag
1070
     1
1071
       86
1005
51E
  0
LINE
  5
51F
330
4C6
100
AcDbEntity
  8
LONGARINA
  6
CONTINU
 48
2.0
370
    -2
100
AcDbLine
 10
1932.54975956073
 20
111.4074549425971
 30
0.0
 11
1935.919414099888
 21
97.5845765062662
 31
0.0
1001
AcDbBlockRepETag
1070
     1
1071
       87
1005
51F
  0
LINE
  5
520
330
4C6
100
AcDbEntity
  8
LONGARINA
  6
CONTINU
 48
2.0
370
    -2
100
AcDbLine
 10
1935.739383595879
 20
97.1831921874949
 30
0.0
 11
1929.09952248307
 21
64.40377969811048
 31
0.0
1001
AcDbBlockRepETag
1070
     1
1071
       88
1005
520
  0
LINE
  5
521
330
4C6
100
AcDbEntity
  8
LONGARINA
  6
CONTINU
 48
2.0
370
    -2
100
AcDbLine
 10
1931.54975956073
 20
61.40745494259714
 30
0.0
 11
1932.54975956073
 21
61.40745494259714
 31
0.0
1001
AcDbBlockRepETag
1070
     1
1071
       89
1005
521
  0
LINE
  5
522
330
4C6
100
AcDbEntity
  8
LONGARINA
  6
CONTINU
 48
2.0
370
    -2
100
AcDbLine
 10
1932.54975956073
 20
61.40745494259714
 30
0.0
 11
1935.919414099888
 21
47.5845765062662
 31
0.0
1001
AcDbBlockRepETag
1070
     1
1071
       90
1005
522
  0
LINE
  5
523
330
4C6
100
AcDbEntity
  8
LONGARINA
  6
CONTINU
 48
2.0
370
    -2
100
AcDbLine
 10
1935.739383595879
 20
47.1831921874949
 30
0.0
 11
1929.09952248307
 21
14.40377969811049
 31
0.0
1001
AcDbBlockRepETag
1070
     1
1071
       91
1005
523
  0
LINE
  5
524
330
4C6
100
AcDbEntity
  8
LONGARINA
  6
CONTINU
 48
2.0
370
    -2
100
AcDbLine
 10
1931.54975956073
 20
11.40745494259714
 30
0.0
 11
1932.54975956073
 21
11.40745494259714
 31
0.0
1001
AcDbBlockRepETag
1070
     1
1071
       92
1005
524
  0
LINE
  5
525
330
4C6
100
AcDbEntity
  8
LONGARINA
  6
CONTINU
 48
2.0
370
    -2
100
AcDbLine
 10
1932.54975956073
 20
11.40745494259714
 30
0.0
 11
1935.919414099888
 21
-2.415423493733797
 31
0.0
1001
AcDbBlockRepETag
1070
     1
1071
       93
1005
525
  0
LINE
  5
526
330
4C6
100
AcDbEntity
  8
LONGARINA
  6
CONTINU
 48
2.0
370
    -2
100
AcDbLine
 10
1935.739383595879
 20
-2.816807812505103
 30
0.0
 11
1933.029626562377
 21
-16.19423273737233
 31
0.0
1001
AcDbBlockRepETag
1070
     1
1071
       94
1005
526
  0
LINE
  5
527
330
4C6
100
AcDbEntity
  8
LONGARINA
  6
CONTINU
 48
2.0
370
    -2
100
AcDbLine
 10
1933.029626562377
 20
-16.19423273737233
 30
0.0
 11
1930.142875216436
 21
-21.19423273737233
 31
0.0
1001
AcDbBlockRepETag
1070
     1
1071
       95
1005
527
  0
LINE
  5
528
330
4C6
100
AcDbEntity
  8
LONGARINA
  6
CONTINU
 48
2.0
370
    -2
100
AcDbLine
 10
1923.402244951693
 20
-21.19423273737233
 30
0.0
 11
1920.515493605635
 21
-16.19423273740144
 31
0.0
1001
AcDbBlockRepETag
1070
     1
1071
       96
1005
528
  0
LINE
  5
529
330
4C6
100
AcDbEntity
  8
LONGARINA
  6
CONTINU
 48
2.0
370
    -2
100
AcDbLine
 10
1920.515493605635
 20
123.8057672625986
 30
0.0
 11
1923.402244951693
 21
128.8057672625986
 31
0.0
1001
AcDbBlockRepETag
1070
     1
1071
       97
1005
529
  0
LINE
  5
52A
330
4C6
100
AcDbEntity
  8
LONGARINA
  6
CONTINU
 48
2.0
370
    -2
100
AcDbLine
 10
1930.142875216436
 20
128.8057672625986
 30
0.0
 11
1931.530109236599
 21
126.4030074576552
 31
0.0
1001
AcDbBlockRepETag
1070
     1
1071
       98
1005
52A
  0
LINE
  5
52B
330
4C6
100
AcDbEntity
  8
LONGARINA
  6
CONTINU
 48
2.0
370
    -2
100
AcDbLine
 10
1931.530109236599
 20
126.4030074576552
 30
0.0
 11
1929.099521080731
 21
114.4037727743383
 31
0.0
1001
AcDbBlockRepETag
1070
     1
1071
       99
1005
52B
  0
LINE
  5
52C
330
4C6
100
AcDbEntity
  8
LONGARINA
  6
CONTINU
 48
2.0
370
    -2
100
AcDbLine
 10
1931.54975956073
 20
111.407454942568
 30
0.0
 11
1932.54975956073
 21
111.407454942568
 31
0.0
1001
AcDbBlockRepETag
1070
     1
1071
      100
1005
52C
  0
LINE
  5
52D
330
4C6
100
AcDbEntity
  8
LONGARINA
  6
CONTINU
 48
2.0
370
    -2
100
AcDbLine
 10
1930.142875216436
 20
-21.19423273737233
 30
0.0
 11
1923.615493605728
 21
-21.19423273737233
 31
0.0
1001
AcDbBlockRepETag
1070
     1
1071
      101
1005
52D
  0
LINE
  5
52E
330
4C6
100
AcDbEntity
  8
LONGARINA
  6
CONTINU
 48
2.0
370
    -2
100
AcDbLine
 10
1923.615493605728
 20
-21.19423273737233
 30
0.0
 11
1923.402244951693
 21
-21.19423273737233
 31
0.0
1001
AcDbBlockRepETag
1070
     1
1071
      102
1005
52E
  0
LINE
  5
52F
330
4C6
100
AcDbEntity
  8
LONGARINA
  6
CONTINU
 48
2.0
370
    -2
100
AcDbLine
 10
1923.402244951693
 20
128.8057672625986
 30
0.0
 11
1923.615493605728
 21
128.8057672625986
 31
0.0
1001
AcDbBlockRepETag
1070
     1
1071
      103
1005
52F
  0
LINE
  5
530
330
4C6
100
AcDbEntity
  8
LONGARINA
  6
CONTINU
 48
2.0
370
    -2
100
AcDbLine
 10
1923.615493605728
 20
128.8057672625986
 30
0.0
 11
1930.142875216436
 21
128.8057672625986
 31
0.0
1001
AcDbBlockRepETag
1070
     1
1071
      104
1005
530
  0
LINE
  5
531
330
4C6
100
AcDbEntity
  8
LONGARINA
  6
CONTINU
 48
2.0
370
    -2
100
AcDbLine
 10
1916.865493605728
 20
-16.19423273740144
 30
0.0
 11
1916.865493605728
 21
123.8057672625986
 31
0.0
1001
AcDbBlockRepETag
1070
     1
1071
      105
1005
531
  0
LINE
  5
532
330
4C6
100
AcDbEntity
  8
LONGARINA
  6
CONTINU
 48
2.0
370
    -2
100
AcDbLine
 10
1920.515493605635
 20
123.8057672625986
 30
0.0
 11
1916.865493605728
 21
123.8057672625986
 31
0.0
1001
AcDbBlockRepETag
1070
     1
1071
      106
1005
532
  0
LINE
  5
533
330
4C6
100
AcDbEntity
  8
LONGARINA
  6
CONTINU
 48
2.0
370
    -2
100
AcDbLine
 10
1916.865493605728
 20
-16.19423273740144
 30
0.0
 11
1920.515493605635
 21
-16.19423273740144
 31
0.0
1001
AcDbBlockRepETag
1070
     1
1071
      107
1005
533
  0
LINE
  5
534
330
4C6
100
AcDbEntity
  8
LONGARINA
  6
CONTINU
 48
2.0
370
    -2
100
AcDbLine
 10
1933.495066012954
 20
11.63789581584239
 30
0.0
 11
1936.095913848723
 21
12.27191417572281
 31
0.0
1001
AcDbBlockRepETag
1070
     1
1071
      108
1005
534
  0
LINE
  5
535
330
4C6
100
AcDbEntity
  8
LONGARINA
  6
CONTINU
 48
2.0
370
    -2
100
AcDbLine
 10
1933.495066012954
 20
11.63789581584239
 30
0.0
 11
1932.54975956073
 21
11.40745494259714
 31
0.0
1001
AcDbBlockRepETag
1070
     1
1071
      109
1005
535
  0
LINE
  5
536
330
4C6
100
AcDbEntity
  8
LONGARINA
  6
CONTINU
 48
2.0
370
    -2
100
AcDbLine
 10
1936.482640280854
 20
-2.043788594706384
 30
0.0
 11
1937.207291597035
 21
-1.867137645505536
 31
0.0
1001
AcDbBlockRepETag
1070
     1
1071
      110
1005
536
  0
LINE
  5
537
330
4C6
100
AcDbEntity
  8
LONGARINA
  6
CONTINU
 48
2.0
370
    -2
100
AcDbLine
 10
1939.411647893721
 20
-1.329773504246659
 30
0.0
 11
1937.207291597035
 21
-1.867137645505536
 31
0.0
1001
AcDbBlockRepETag
1070
     1
1071
      111
1005
537
  0
LINE
  5
538
330
4C6
100
AcDbEntity
  8
LONGARINA
  6
CONTINU
 48
2.0
370
    -2
100
AcDbLine
 10
1939.411647893721
 20
-1.329773504217555
 30
0.0
 11
1936.095913848723
 21
12.27191417572281
 31
0.0
1001
AcDbBlockRepETag
1070
     1
1071
      112
1005
538
  0
LINE
  5
539
330
4C6
100
AcDbEntity
  8
LONGARINA
  6
CONTINU
 48
2.0
370
    -2
100
AcDbLine
 10
1933.495066012954
 20
61.63789581584238
 30
0.0
 11
1936.095913848723
 21
62.27191417572281
 31
0.0
1001
AcDbBlockRepETag
1070
     1
1071
      113
1005
539
  0
LINE
  5
53A
330
4C6
100
AcDbEntity
  8
LONGARINA
  6
CONTINU
 48
2.0
370
    -2
100
AcDbLine
 10
1933.495066012954
 20
61.63789581584238
 30
0.0
 11
1932.54975956073
 21
61.40745494259714
 31
0.0
1001
AcDbBlockRepETag
1070
     1
1071
      114
1005
53A
  0
LINE
  5
53B
330
4C6
100
AcDbEntity
  8
LONGARINA
  6
CONTINU
 48
2.0
370
    -2
100
AcDbLine
 10
1936.482640280854
 20
47.95621140529362
 30
0.0
 11
1939.411647893721
 21
48.67022649569513
 31
0.0
1001
AcDbBlockRepETag
1070
     1
1071
      115
1005
53B
  0
LINE
  5
53C
330
4C6
100
AcDbEntity
  8
LONGARINA
  6
CONTINU
 48
2.0
370
    -2
100
AcDbLine
 10
1939.411647893721
 20
48.67022649569513
 30
0.0
 11
1936.095913848723
 21
62.27191417572281
 31
0.0
1001
AcDbBlockRepETag
1070
     1
1071
      116
1005
53C
  0
LINE
  5
53D
330
4C6
100
AcDbEntity
  8
LONGARINA
  6
CONTINU
 48
2.0
370
    -2
100
AcDbLine
 10
1933.495066012954
 20
111.6378958158424
 30
0.0
 11
1936.095913848723
 21
112.2719141757228
 31
0.0
1001
AcDbBlockRepETag
1070
     1
1071
      117
1005
53D
  0
LINE
  5
53E
330
4C6
100
AcDbEntity
  8
LONGARINA
  6
CONTINU
 48
2.0
370
    -2
100
AcDbLine
 10
1933.495066012954
 20
111.6378958158424
 30
0.0
 11
1932.54975956073
 21
111.4074549425971
 31
0.0
1001
AcDbBlockRepETag
1070
     1
1071
      118
1005
53E
  0
LINE
  5
53F
330
4C6
100
AcDbEntity
  8
LONGARINA
  6
CONTINU
 48
2.0
370
    -2
100
AcDbLine
 10
1939.411647897563
 20
98.67022649671377
 30
0.0
 11
1936.482637848123
 21
97.95620960842312
 31
0.0
1001
AcDbBlockRepETag
1070
     1
1071
      119
1005
53F
  0
LINE
  5
540
330
4C6
100
AcDbEntity
  8
LONGARINA
  6
CONTINU
 48
2.0
370
    -2
100
AcDbLine
 10
1939.411647897563
 20
98.67022649668466
 30
0.0
 11
1936.095913848723
 21
112.2719141757228
 31
0.0
1001
AcDbBlockRepETag
1070
     1
1071
      120
1005
540
  0
LINE
  5
541
330
4C6
100
AcDbEntity
  8
LONGARINA
  6
CONTINU
 48
2.0
370
    -2
100
AcDbLine
 10
1936.095913848723
 20
112.2719141757228
 30
0.0
 11
1932.54975956073
 21
111.407454942568
 31
0.0
1001
AcDbBlockRepETag
1070
     1
1071
      121
1005
541
  0
ARC
  5
542
330
4C6
100
AcDbEntity
  8
LONGARINA
  6
CONTINU
 48
2.0
370
    -2
100
AcDbCircle
 10
1931.549757478643
 20
113.9074505501016
 30
0.0
 40
2.499995607535101
100
AcDbArc
 50
168.5490010282151
 51
270.0000477180213
1001
AcDbBlockRepETag
1070
     1
1071
      122
1005
542
  0
ARC
  5
543
330
4C6
100
AcDbEntity
  8
LONGARINA
  6
CONTINU
 48
2.0
370
    -2
100
AcDbCircle
 10
1936.726262986195
 20
96.97813743499512
 30
0.0
 40
1.007957531004038
100
AcDbArc
 50
103.9870030903587
 51
168.2620462944751
1001
AcDbBlockRepETag
1070
     1
1071
      123
1005
543
  0
ARC
  5
544
330
4C6
100
AcDbEntity
  8
LONGARINA
  6
CONTINU
 48
2.0
370
    -2
100
AcDbCircle
 10
1936.726265418925
 20
46.97813923186591
 30
0.0
 40
1.007957531003714
100
AcDbArc
 50
103.98700309031
 51
168.2620462944906
1001
AcDbBlockRepETag
1070
     1
1071
      124
1005
544
  0
ARC
  5
545
330
4C6
100
AcDbEntity
  8
LONGARINA
  6
CONTINU
 48
2.0
370
    -2
100
AcDbCircle
 10
1936.726265418925
 20
-3.021860768134109
 30
0.0
 40
1.007957531003726
100
AcDbArc
 50
103.9870030903099
 51
168.2620462944895
1001
AcDbBlockRepETag
1070
     1
1071
      125
1005
545
  0
ARC
  5
546
330
4C6
100
AcDbEntity
  8
LONGARINA
  6
CONTINU
 48
2.0
370
    -2
100
AcDbCircle
 10
1931.549757478642
 20
113.9074505500432
 30
0.0
 40
2.499995607446286
100
AcDbArc
 50
168.5490010261111
 51
270.0000477180317
1001
AcDbBlockRepETag
1070
     1
1071
      126
1005
546
  0
ARC
  5
547
330
4C6
100
AcDbEntity
  8
LONGARINA
  6
CONTINU
 48
2.0
370
    -2
100
AcDbCircle
 10
1931.549757478642
 20
63.90745055004318
 30
0.0
 40
2.499995607446283
100
AcDbArc
 50
168.5490010261114
 51
270.0000477180317
1001
AcDbBlockRepETag
1070
     1
1071
      127
1005
547
  0
ARC
  5
548
330
4C6
100
AcDbEntity
  8
LONGARINA
  6
CONTINU
 48
2.0
370
    -2
100
AcDbCircle
 10
1931.549757478642
 20
13.90745055004318
 30
0.0
 40
2.499995607446285
100
AcDbArc
 50
168.5490010261112
 51
270.0000477180317
1001
AcDbBlockRepETag
1070
     1
1071
      128
1005
548
  0
ARC
  5
549
330
4C6
100
AcDbEntity
  8
LONGARINA
  6
CONTINU
 48
2.0
370
    -2
100
AcDbCircle
 10
1936.230987211573
 20
16.91153452531976
 30
0.0
 40
4.000000000006055
100
AcDbArc
 50
14.90059668866009
 51
194.90059668866
1001
AcDbBlockRepETag
1070
     1
1071
      129
1005
549
  0
ARC
  5
54A
330
4C6
100
AcDbEntity
  8
LONGARINA
  6
CONTINU
 48
2.0
370
    -2
100
AcDbCircle
 10
1940.730987211573
 20
-0.0000000000179559
 30
0.0
 40
4.000000000006022
100
AcDbArc
 50
207.8740094345542
 51
14.90059668866154
1001
AcDbBlockRepETag
1070
     1
1071
      130
1005
54A
  0
LINE
  5
54B
330
4C6
100
AcDbEntity
  8
LONGARINA
  6
CONTINU
 48
2.0
370
    -2
100
AcDbLine
 10
1932.365493605728
 20
15.8829630967342
 30
0.0
 11
1933.495066013071
 21
11.63789581587149
 31
0.0
1001
AcDbBlockRepETag
1070
     1
1071
      131
1005
54B
  0
LINE
  5
54C
330
4C6
100
AcDbEntity
  8
LONGARINA
  6
CONTINU
 48
2.0
370
    -2
100
AcDbLine
 10
1944.596480817301
 20
1.028571428567703
 30
0.0
 11
1940.096480817418
 21
17.94010595387623
 31
0.0
1001
AcDbBlockRepETag
1070
     1
1071
      132
1005
54C
  0
LINE
  5
54D
330
4C6
100
AcDbEntity
  8
LONGARINA
  6
CONTINU
 48
2.0
370
    -2
100
AcDbLine
 10
1920.365493605728
 20
-16.19423273740144
 30
0.0
 11
1920.365493605728
 21
123.8057672625986
 31
0.0
1001
AcDbBlockRepETag
1070
     1
1071
      133
1005
54D
  0
LINE
  5
54E
330
4C6
100
AcDbEntity
  8
PROTETORES
  6
CONTINU
 60
     1
 48
2.0
370
    -2
100
AcDbLine
 10
8.18122765084263
 20
111.407454942615
 30
0.0
 11
4.811573111684993
 21
97.58457650628407
 31
0.0
1001
AcDbBlockRepETag
1070
     1
1071
      134
1005
54E
  0
LINE
  5
54F
330
4C6
100
AcDbEntity
  8
PROTETORES
  6
CONTINU
 60
     1
 48
2.0
370
    -2
100
AcDbLine
 10
4.991603615693748
 20
97.18319218751276
 30
0.0
 11
11.63146472850349
 21
64.40377969812835
 31
0.0
1001
AcDbBlockRepETag
1070
     1
1071
      135
1005
54F
  0
LINE
  5
550
330
4C6
100
AcDbEntity
  8
PROTETORES
  6
CONTINU
 60
     1
 48
2.0
370
    -2
100
AcDbLine
 10
9.18122765084263
 20
61.407454942615
 30
0.0
 11
8.18122765084263
 21
61.407454942615
 31
0.0
1001
AcDbBlockRepETag
1070
     1
1071
      136
1005
550
  0
LINE
  5
551
330
4C6
100
AcDbEntity
  8
PROTETORES
  6
CONTINU
 60
     1
 48
2.0
370
    -2
100
AcDbLine
 10
8.18122765084263
 20
61.407454942615
 30
0.0
 11
4.811573111684993
 21
47.58457650628407
 31
0.0
1001
AcDbBlockRepETag
1070
     1
1071
      137
1005
551
  0
LINE
  5
552
330
4C6
100
AcDbEntity
  8
PROTETORES
  6
CONTINU
 60
     1
 48
2.0
370
    -2
100
AcDbLine
 10
4.991603615693748
 20
47.18319218751276
 30
0.0
 11
11.63146472850349
 21
14.40377969812835
 31
0.0
1001
AcDbBlockRepETag
1070
     1
1071
      138
1005
552
  0
LINE
  5
553
330
4C6
100
AcDbEntity
  8
PROTETORES
  6
CONTINU
 60
     1
 48
2.0
370
    -2
100
AcDbLine
 10
8.18122765084263
 20
11.407454942615
 30
0.0
 11
4.811573111684993
 21
-2.415423493715934
 31
0.0
1001
AcDbBlockRepETag
1070
     1
1071
      139
1005
553
  0
LINE
  5
554
330
4C6
100
AcDbEntity
  8
PROTETORES
  6
CONTINU
 60
     1
 48
2.0
370
    -2
100
AcDbLine
 10
4.991603615693748
 20
-2.816807812487241
 30
0.0
 11
7.701360649196431
 21
-16.19423273735447
 31
0.0
1001
AcDbBlockRepETag
1070
     1
1071
      140
1005
554
  0
LINE
  5
555
330
4C6
100
AcDbEntity
  8
PROTETORES
  6
CONTINU
 60
     1
 48
2.0
370
    -2
100
AcDbLine
 10
7.701360649196431
 20
-16.19423273735447
 30
0.0
 11
10.5881119951373
 21
-21.19423273735447
 31
0.0
1001
AcDbBlockRepETag
1070
     1
1071
      141
1005
555
  0
LINE
  5
556
330
4C6
100
AcDbEntity
  8
PROTETORES
  6
CONTINU
 60
     1
 48
2.0
370
    -2
100
AcDbLine
 10
17.32874225988053
 20
-21.19423273735447
 30
0.0
 11
20.21549360593781
 21
-16.19423273738357
 31
0.0
1001
AcDbBlockRepETag
1070
     1
1071
      142
1005
556
  0
LINE
  5
557
330
4C6
100
AcDbEntity
  8
PROTETORES
  6
CONTINU
 60
     1
 48
2.0
370
    -2
100
AcDbLine
 10
20.21549360593781
 20
-16.19423273738357
 30
0.0
 11
20.21549360593781
 21
123.8057672626164
 31
0.0
1001
AcDbBlockRepETag
1070
     1
1071
      143
1005
557
  0
LINE
  5
558
330
4C6
100
AcDbEntity
  8
PROTETORES
  6
CONTINU
 60
     1
 48
2.0
370
    -2
100
AcDbLine
 10
20.21549360593781
 20
123.8057672626164
 30
0.0
 11
17.32874225988053
 21
128.8057672626164
 31
0.0
1001
AcDbBlockRepETag
1070
     1
1071
      144
1005
558
  0
LINE
  5
559
330
4C6
100
AcDbEntity
  8
PROTETORES
  6
CONTINU
 60
     1
 48
2.0
370
    -2
100
AcDbLine
 10
10.5881119951373
 20
128.8057672626164
 30
0.0
 11
9.200877974973992
 21
126.4030074576731
 31
0.0
1001
AcDbBlockRepETag
1070
     1
1071
      145
1005
559
  0
LINE
  5
55A
330
4C6
100
AcDbEntity
  8
PROTETORES
  6
CONTINU
 60
     1
 48
2.0
370
    -2
100
AcDbLine
 10
9.200877974973992
 20
126.4030074576731
 30
0.0
 11
11.63146613084245
 21
114.4037727743562
 31
0.0
1001
AcDbBlockRepETag
1070
     1
1071
      146
1005
55A
  0
LINE
  5
55B
330
4C6
100
AcDbEntity
  8
PROTETORES
  6
CONTINU
 60
     1
 48
2.0
370
    -2
100
AcDbLine
 10
10.5881119951373
 20
-21.19423273735447
 30
0.0
 11
17.11549360584468
 21
-21.19423273735447
 31
0.0
1001
AcDbBlockRepETag
1070
     1
1071
      147
1005
55B
  0
LINE
  5
55C
330
4C6
100
AcDbEntity
  8
PROTETORES
  6
CONTINU
 60
     1
 48
2.0
370
    -2
100
AcDbLine
 10
17.11549360584468
 20
-21.19423273735447
 30
0.0
 11
17.32874225988053
 21
-21.19423273735447
 31
0.0
1001
AcDbBlockRepETag
1070
     1
1071
      148
1005
55C
  0
LINE
  5
55D
330
4C6
100
AcDbEntity
  8
PROTETORES
  6
CONTINU
 60
     1
 48
2.0
370
    -2
100
AcDbLine
 10
17.32874225988053
 20
128.8057672626164
 30
0.0
 11
17.11549360584468
 21
128.8057672626164
 31
0.0
1001
AcDbBlockRepETag
1070
     1
1071
      149
1005
55D
  0
LINE
  5
55E
330
4C6
100
AcDbEntity
  8
PROTETORES
  6
CONTINU
 60
     1
 48
2.0
370
    -2
100
AcDbLine
 10
17.11549360584468
 20
128.8057672626164
 30
0.0
 11
10.5881119951373
 21
128.8057672626164
 31
0.0
1001
AcDbBlockRepETag
1070
     1
1071
      150
1005
55E
  0
LINE
  5
55F
330
4C6
100
AcDbEntity
  8
PROTETORES
  6
CONTINU
 60
     1
 48
2.0
370
    -2
100
AcDbLine
 10
23.86549360584468
 20
-16.19423273738357
 30
0.0
 11
23.86549360584468
 21
123.8057672626164
 31
0.0
1001
AcDbBlockRepETag
1070
     1
1071
      151
1005
55F
  0
LINE
  5
560
330
4C6
100
AcDbEntity
  8
PROTETORES
  6
CONTINU
 60
     1
 48
2.0
370
    -2
100
AcDbLine
 10
20.21549360593781
 20
123.8057672626164
 30
0.0
 11
23.86549360584468
 21
123.8057672626164
 31
0.0
1001
AcDbBlockRepETag
1070
     1
1071
      152
1005
560
  0
LINE
  5
561
330
4C6
100
AcDbEntity
  8
PROTETORES
  6
CONTINU
 60
     1
 48
2.0
370
    -2
100
AcDbLine
 10
23.86549360584468
 20
-16.19423273738357
 30
0.0
 11
20.21549360593781
 21
-16.19423273735447
 31
0.0
1001
AcDbBlockRepETag
1070
     1
1071
      153
1005
561
  0
LINE
  5
562
330
4C6
100
AcDbEntity
  8
PROTETORES
  6
CONTINU
 60
     1
 48
2.0
370
    -2
100
AcDbLine
 10
7.235921198618598
 20
11.63789581586025
 30
0.0
 11
4.635073362849653
 21
12.27191417574068
 31
0.0
1001
AcDbBlockRepETag
1070
     1
1071
      154
1005
562
  0
LINE
  5
563
330
4C6
100
AcDbEntity
  8
PROTETORES
  6
CONTINU
 60
     1
 48
2.0
370
    -2
100
AcDbLine
 10
4.248346930718981
 20
-2.043788594688522
 30
0.0
 11
3.523695614538155
 21
-1.867137645487674
 31
0.0
1001
AcDbBlockRepETag
1070
     1
1071
      155
1005
563
  0
LINE
  5
564
330
4C6
100
AcDbEntity
  8
PROTETORES
  6
CONTINU
 60
     1
 48
2.0
370
    -2
100
AcDbLine
 10
1.3193393178517
 20
-1.329773504228797
 30
0.0
 11
3.523695614538155
 21
-1.867137645487674
 31
0.0
1001
AcDbBlockRepETag
1070
     1
1071
      156
1005
564
  0
LINE
  5
565
330
4C6
100
AcDbEntity
  8
PROTETORES
  6
CONTINU
 60
     1
 48
2.0
370
    -2
100
AcDbLine
 10
1.3193393178517
 20
-1.329773504199693
 30
0.0
 11
4.635073362849653
 21
12.27191417574068
 31
0.0
1001
AcDbBlockRepETag
1070
     1
1071
      157
1005
565
  0
LINE
  5
566
330
4C6
100
AcDbEntity
  8
PROTETORES
  6
CONTINU
 60
     1
 48
2.0
370
    -2
100
AcDbLine
 10
7.235921198618598
 20
61.63789581586025
 30
0.0
 11
4.635073362849653
 21
62.27191417574068
 31
0.0
1001
AcDbBlockRepETag
1070
     1
1071
      158
1005
566
  0
LINE
  5
567
330
4C6
100
AcDbEntity
  8
PROTETORES
  6
CONTINU
 60
     1
 48
2.0
370
    -2
100
AcDbLine
 10
7.235921198618598
 20
61.63789581586025
 30
0.0
 11
8.18122765084263
 21
61.407454942615
 31
0.0
1001
AcDbBlockRepETag
1070
     1
1071
      159
1005
567
  0
LINE
  5
568
330
4C6
100
AcDbEntity
  8
PROTETORES
  6
CONTINU
 60
     1
 48
2.0
370
    -2
100
AcDbLine
 10
4.248346930718981
 20
47.95621140531148
 30
0.0
 11
1.3193393178517
 21
48.670226495713
 31
0.0
1001
AcDbBlockRepETag
1070
     1
1071
      160
1005
568
  0
LINE
  5
569
330
4C6
100
AcDbEntity
  8
PROTETORES
  6
CONTINU
 60
     1
 48
2.0
370
    -2
100
AcDbLine
 10
1.3193393178517
 20
48.670226495713
 30
0.0
 11
4.635073362849653
 21
62.27191417574068
 31
0.0
1001
AcDbBlockRepETag
1070
     1
1071
      161
1005
569
  0
LINE
  5
56A
330
4C6
100
AcDbEntity
  8
PROTETORES
  6
CONTINU
 60
     1
 48
2.0
370
    -2
100
AcDbLine
 10
1.319339314009994
 20
98.67022649673163
 30
0.0
 11
4.248349363449961
 21
97.95620960844099
 31
0.0
1001
AcDbBlockRepETag
1070
     1
1071
      162
1005
56A
  0
LINE
  5
56B
330
4C6
100
AcDbEntity
  8
PROTETORES
  6
CONTINU
 60
     1
 48
2.0
370
    -2
100
AcDbLine
 10
1.319339314009994
 20
98.67022649670253
 30
0.0
 11
4.635073362849653
 21
112.2719141757407
 31
0.0
1001
AcDbBlockRepETag
1070
     1
1071
      163
1005
56B
  0
LINE
  5
56C
330
4C6
100
AcDbEntity
  8
PROTETORES
  6
CONTINU
 60
     1
 48
2.0
370
    -2
100
AcDbLine
 10
4.635073362849653
 20
112.2719141757407
 30
0.0
 11
8.18122765084263
 21
111.4074549425859
 31
0.0
1001
AcDbBlockRepETag
1070
     1
1071
      164
1005
56C
  0
ARC
  5
56D
330
4C6
100
AcDbEntity
  8
PROTETORES
  6
CONTINU
 60
     1
 48
2.0
370
    -2
100
AcDbCircle
 10
9.18122973293066
 20
113.9074505501194
 30
0.0
 40
2.499995607534359
100
AcDbArc
 50
269.9999522819734
 51
11.45099897178793
1001
AcDbBlockRepETag
1070
     1
1071
      165
1005
56D
  0
ARC
  5
56E
330
4C6
100
AcDbEntity
  8
PROTETORES
  6
CONTINU
 60
     1
 48
2.0
370
    -2
100
AcDbCircle
 10
4.004724225378595
 20
96.9781374350132
 30
0.0
 40
1.007957531003227
100
AcDbArc
 50
11.73795370551388
 51
76.01299690965112
1001
AcDbBlockRepETag
1070
     1
1071
      166
1005
56E
  0
ARC
  5
56F
330
4C6
100
AcDbEntity
  8
PROTETORES
  6
CONTINU
 60
     1
 48
2.0
370
    -2
100
AcDbCircle
 10
4.004721792647615
 20
46.97813923188369
 30
0.0
 40
1.007957531003227
100
AcDbArc
 50
11.73795370551388
 51
76.01299690965112
1001
AcDbBlockRepETag
1070
     1
1071
      167
1005
56F
  0
ARC
  5
570
330
4C6
100
AcDbEntity
  8
PROTETORES
  6
CONTINU
 60
     1
 48
2.0
370
    -2
100
AcDbCircle
 10
4.004721792647615
 20
-3.021860768116312
 30
0.0
 40
1.007957531003227
100
AcDbArc
 50
11.73795370551388
 51
76.01299690965112
1001
AcDbBlockRepETag
1070
     1
1071
      168
1005
570
  0
ARC
  5
571
330
4C6
100
AcDbEntity
  8
PROTETORES
  6
CONTINU
 60
     1
 48
2.0
370
    -2
100
AcDbCircle
 10
9.18122973293066
 20
113.9074505500612
 30
0.0
 40
2.499995607447048
100
AcDbArc
 50
269.9999522819734
 51
11.45099897388541
1001
AcDbBlockRepETag
1070
     1
1071
      169
1005
571
  0
ARC
  5
572
330
4C6
100
AcDbEntity
  8
PROTETORES
  6
CONTINU
 60
     1
 48
2.0
370
    -2
100
AcDbCircle
 10
9.18122973293066
 20
63.90745055006118
 30
0.0
 40
2.499995607447048
100
AcDbArc
 50
269.9999522819734
 51
11.45099897388406
1001
AcDbBlockRepETag
1070
     1
1071
      170
1005
572
  0
ARC
  5
573
330
4C6
100
AcDbEntity
  8
PROTETORES
  6
CONTINU
 60
     1
 48
2.0
370
    -2
100
AcDbCircle
 10
9.18122973293066
 20
13.90745055006118
 30
0.0
 40
2.499995607447048
100
AcDbArc
 50
269.9999522819734
 51
11.45099897388406
1001
AcDbBlockRepETag
1070
     1
1071
      171
1005
573
  0
LINE
  5
574
330
4C6
100
AcDbEntity
  8
PROTETORES
  6
CONTINU
 60
     1
 48
2.0
370
    -2
100
AcDbLine
 10
1416.865493605845
 20
43.80576726258187
 30
0.0
 11
23.86549360584468
 21
43.80576726261643
 31
0.0
1001
AcDbBlockRepETag
1070
     1
1071
      172
1005
574
  0
LINE
  5
575
330
4C6
100
AcDbEntity
  8
PROTETORES
  6
CONTINU
 60
     1
 48
2.0
370
    -2
100
AcDbLine
 10
1416.865493605845
 20
123.8057672625819
 30
0.0
 11
23.86549360584468
 21
123.8057672626164
 31
0.0
1001
AcDbBlockRepETag
1070
     1
1071
      173
1005
575
  0
ARC
  5
576
330
4C6
100
AcDbEntity
  8
PROTETORES
  6
CONTINU
 60
     1
 48
2.0
370
    -2
100
AcDbCircle
 10
4.5
 20
16.91153452533763
 30
0.0
 40
4.000000000006087
100
AcDbArc
 50
345.09940331134
 51
165.0994033113401
1001
AcDbBlockRepETag
1070
     1
1071
      174
1005
576
  0
ARC
  5
577
330
4C6
100
AcDbEntity
  8
PROTETORES
  6
CONTINU
 60
     1
 48
2.0
370
    -2
100
AcDbCircle
 10
0.0
 20
0.0
 30
0.0
 40
4.000000000006087
100
AcDbArc
 50
165.0994033113401
 51
332.1259905657012
1001
AcDbBlockRepETag
1070
     1
1071
      175
1005
577
  0
LINE
  5
578
330
4C6
100
AcDbEntity
  8
PROTETORES
  6
CONTINU
 60
     1
 48
2.0
370
    -2
100
AcDbLine
 10
8.365493605844676
 20
15.88296309675206
 30
0.0
 11
7.235921198502183
 21
11.63789581588935
 31
0.0
1001
AcDbBlockRepETag
1070
     1
1071
      176
1005
578
  0
LINE
  5
579
330
4C6
100
AcDbEntity
  8
PROTETORES
  6
CONTINU
 60
     1
 48
2.0
370
    -2
100
AcDbLine
 10
-3.865493605728261
 20
1.028571428585565
 30
0.0
 11
0.6345063941553235
 21
17.94010595389409
 31
0.0
1001
AcDbBlockRepETag
1070
     1
1071
      177
1005
579
  0
LINE
  5
57A
330
4C6
100
AcDbEntity
  8
PROTETORES
  6
CONTINU
 60
     1
 48
2.0
370
    -2
100
AcDbLine
 10
1431.549759560847
 20
111.4074549426095
 30
0.0
 11
1432.549759560847
 21
111.4074549426095
 31
0.0
1001
AcDbBlockRepETag
1070
     1
1071
      178
1005
57A
  0
LINE
  5
57B
330
4C6
100
AcDbEntity
  8
PROTETORES
  6
CONTINU
 60
     1
 48
2.0
370
    -2
100
AcDbLine
 10
1432.549759560847
 20
111.4074549426095
 30
0.0
 11
1435.919414100004
 21
97.58457650627861
 31
0.0
1001
AcDbBlockRepETag
1070
     1
1071
      179
1005
57B
  0
LINE
  5
57C
330
4C6
100
AcDbEntity
  8
PROTETORES
  6
CONTINU
 60
     1
 48
2.0
370
    -2
100
AcDbLine
 10
1435.739383595996
 20
97.1831921875073
 30
0.0
 11
1429.099522483186
 21
64.40377969812289
 31
0.0
1001
AcDbBlockRepETag
1070
     1
1071
      180
1005
57C
  0
LINE
  5
57D
330
4C6
100
AcDbEntity
  8
PROTETORES
  6
CONTINU
 60
     1
 48
2.0
370
    -2
100
AcDbLine
 10
1431.549759560847
 20
61.40745494260955
 30
0.0
 11
1432.549759560847
 21
61.40745494260955
 31
0.0
1001
AcDbBlockRepETag
1070
     1
1071
      181
1005
57D
  0
LINE
  5
57E
330
4C6
100
AcDbEntity
  8
PROTETORES
  6
CONTINU
 60
     1
 48
2.0
370
    -2
100
AcDbLine
 10
1432.549759560847
 20
61.40745494260955
 30
0.0
 11
1435.919414100004
 21
47.58457650627861
 31
0.0
1001
AcDbBlockRepETag
1070
     1
1071
      182
1005
57E
  0
LINE
  5
57F
330
4C6
100
AcDbEntity
  8
PROTETORES
  6
CONTINU
 60
     1
 48
2.0
370
    -2
100
AcDbLine
 10
1435.739383595996
 20
47.1831921875073
 30
0.0
 11
1429.099522483186
 21
14.40377969812289
 31
0.0
1001
AcDbBlockRepETag
1070
     1
1071
      183
1005
57F
  0
LINE
  5
580
330
4C6
100
AcDbEntity
  8
PROTETORES
  6
CONTINU
 60
     1
 48
2.0
370
    -2
100
AcDbLine
 10
1431.549759560847
 20
11.40745494260955
 30
0.0
 11
1432.549759560847
 21
11.40745494260955
 31
0.0
1001
AcDbBlockRepETag
1070
     1
1071
      184
1005
580
  0
LINE
  5
581
330
4C6
100
AcDbEntity
  8
PROTETORES
  6
CONTINU
 60
     1
 48
2.0
370
    -2
100
AcDbLine
 10
1432.549759560847
 20
11.40745494260955
 30
0.0
 11
1435.919414100004
 21
-2.415423493721391
 31
0.0
1001
AcDbBlockRepETag
1070
     1
1071
      185
1005
581
  0
LINE
  5
582
330
4C6
100
AcDbEntity
  8
PROTETORES
  6
CONTINU
 60
     1
 48
2.0
370
    -2
100
AcDbLine
 10
1435.739383595996
 20
-2.816807812492698
 30
0.0
 11
1433.029626562493
 21
-16.19423273735993
 31
0.0
1001
AcDbBlockRepETag
1070
     1
1071
      186
1005
582
  0
LINE
  5
583
330
4C6
100
AcDbEntity
  8
PROTETORES
  6
CONTINU
 60
     1
 48
2.0
370
    -2
100
AcDbLine
 10
1433.029626562493
 20
-16.19423273735993
 30
0.0
 11
1430.142875216552
 21
-21.19423273735993
 31
0.0
1001
AcDbBlockRepETag
1070
     1
1071
      187
1005
583
  0
LINE
  5
584
330
4C6
100
AcDbEntity
  8
PROTETORES
  6
CONTINU
 60
     1
 48
2.0
370
    -2
100
AcDbLine
 10
1423.402244951809
 20
-21.19423273735993
 30
0.0
 11
1420.515493605752
 21
-16.19423273738903
 31
0.0
1001
AcDbBlockRepETag
1070
     1
1071
      188
1005
584
  0
LINE
  5
585
330
4C6
100
AcDbEntity
  8
PROTETORES
  6
CONTINU
 60
     1
 48
2.0
370
    -2
100
AcDbLine
 10
1420.515493605752
 20
123.805767262611
 30
0.0
 11
1423.402244951809
 21
128.805767262611
 31
0.0
1001
AcDbBlockRepETag
1070
     1
1071
      189
1005
585
  0
LINE
  5
586
330
4C6
100
AcDbEntity
  8
PROTETORES
  6
CONTINU
 60
     1
 48
2.0
370
    -2
100
AcDbLine
 10
1430.142875216552
 20
128.805767262611
 30
0.0
 11
1431.530109236715
 21
126.4030074576676
 31
0.0
1001
AcDbBlockRepETag
1070
     1
1071
      190
1005
586
  0
LINE
  5
587
330
4C6
100
AcDbEntity
  8
PROTETORES
  6
CONTINU
 60
     1
 48
2.0
370
    -2
100
AcDbLine
 10
1431.530109236715
 20
126.4030074576676
 30
0.0
 11
1429.099521080847
 21
114.4037727743507
 31
0.0
1001
AcDbBlockRepETag
1070
     1
1071
      191
1005
587
  0
LINE
  5
588
330
4C6
100
AcDbEntity
  8
PROTETORES
  6
CONTINU
 60
     1
 48
2.0
370
    -2
100
AcDbLine
 10
1431.549759560847
 20
111.4074549425804
 30
0.0
 11
1432.549759560847
 21
111.4074549425804
 31
0.0
1001
AcDbBlockRepETag
1070
     1
1071
      192
1005
588
  0
LINE
  5
589
330
4C6
100
AcDbEntity
  8
PROTETORES
  6
CONTINU
 60
     1
 48
2.0
370
    -2
100
AcDbLine
 10
1430.142875216552
 20
-21.19423273735993
 30
0.0
 11
1423.615493605845
 21
-21.19423273735993
 31
0.0
1001
AcDbBlockRepETag
1070
     1
1071
      193
1005
589
  0
LINE
  5
58A
330
4C6
100
AcDbEntity
  8
PROTETORES
  6
CONTINU
 60
     1
 48
2.0
370
    -2
100
AcDbLine
 10
1423.615493605845
 20
-21.19423273735993
 30
0.0
 11
1423.402244951809
 21
-21.19423273735993
 31
0.0
1001
AcDbBlockRepETag
1070
     1
1071
      194
1005
58A
  0
LINE
  5
58B
330
4C6
100
AcDbEntity
  8
PROTETORES
  6
CONTINU
 60
     1
 48
2.0
370
    -2
100
AcDbLine
 10
1423.402244951809
 20
128.805767262611
 30
0.0
 11
1423.615493605845
 21
128.805767262611
 31
0.0
1001
AcDbBlockRepETag
1070
     1
1071
      195
1005
58B
  0
LINE
  5
58C
330
4C6
100
AcDbEntity
  8
PROTETORES
  6
CONTINU
 60
     1
 48
2.0
370
    -2
100
AcDbLine
 10
1423.615493605845
 20
128.805767262611
 30
0.0
 11
1430.142875216552
 21
128.805767262611
 31
0.0
1001
AcDbBlockRepETag
1070
     1
1071
      196
1005
58C
  0
LINE
  5
58D
330
4C6
100
AcDbEntity
  8
PROTETORES
  6
CONTINU
 60
     1
 48
2.0
370
    -2
100
AcDbLine
 10
1416.865493605845
 20
-16.19423273738903
 30
0.0
 11
1416.865493605845
 21
123.805767262611
 31
0.0
1001
AcDbBlockRepETag
1070
     1
1071
      197
1005
58D
  0
LINE
  5
58E
330
4C6
100
AcDbEntity
  8
PROTETORES
  6
CONTINU
 60
     1
 48
2.0
370
    -2
100
AcDbLine
 10
1420.515493605752
 20
123.805767262611
 30
0.0
 11
1416.865493605845
 21
123.805767262611
 31
0.0
1001
AcDbBlockRepETag
1070
     1
1071
      198
1005
58E
  0
LINE
  5
58F
330
4C6
100
AcDbEntity
  8
PROTETORES
  6
CONTINU
 60
     1
 48
2.0
370
    -2
100
AcDbLine
 10
1416.865493605845
 20
-16.19423273738903
 30
0.0
 11
1420.515493605752
 21
-16.19423273738903
 31
0.0
1001
AcDbBlockRepETag
1070
     1
1071
      199
1005
58F
  0
LINE
  5
590
330
4C6
100
AcDbEntity
  8
PROTETORES
  6
CONTINU
 60
     1
 48
2.0
370
    -2
100
AcDbLine
 10
1433.495066013071
 20
11.63789581585479
 30
0.0
 11
1436.09591384884
 21
12.27191417573522
 31
0.0
1001
AcDbBlockRepETag
1070
     1
1071
      200
1005
590
  0
LINE
  5
591
330
4C6
100
AcDbEntity
  8
PROTETORES
  6
CONTINU
 60
     1
 48
2.0
370
    -2
100
AcDbLine
 10
1433.495066013071
 20
11.63789581585479
 30
0.0
 11
1432.549759560847
 21
11.40745494260955
 31
0.0
1001
AcDbBlockRepETag
1070
     1
1071
      201
1005
591
  0
LINE
  5
592
330
4C6
100
AcDbEntity
  8
PROTETORES
  6
CONTINU
 60
     1
 48
2.0
370
    -2
100
AcDbLine
 10
1436.48264028097
 20
-2.043788594693979
 30
0.0
 11
1437.207291597151
 21
-1.867137645493131
 31
0.0
1001
AcDbBlockRepETag
1070
     1
1071
      202
1005
592
  0
LINE
  5
593
330
4C6
100
AcDbEntity
  8
PROTETORES
  6
CONTINU
 60
     1
 48
2.0
370
    -2
100
AcDbLine
 10
1439.411647893838
 20
-1.329773504234254
 30
0.0
 11
1437.207291597151
 21
-1.867137645493131
 31
0.0
1001
AcDbBlockRepETag
1070
     1
1071
      203
1005
593
  0
LINE
  5
594
330
4C6
100
AcDbEntity
  8
PROTETORES
  6
CONTINU
 60
     1
 48
2.0
370
    -2
100
AcDbLine
 10
1439.411647893838
 20
-1.32977350420515
 30
0.0
 11
1436.09591384884
 21
12.27191417573522
 31
0.0
1001
AcDbBlockRepETag
1070
     1
1071
      204
1005
594
  0
LINE
  5
595
330
4C6
100
AcDbEntity
  8
PROTETORES
  6
CONTINU
 60
     1
 48
2.0
370
    -2
100
AcDbLine
 10
1433.495066013071
 20
61.63789581585479
 30
0.0
 11
1436.09591384884
 21
62.27191417573522
 31
0.0
1001
AcDbBlockRepETag
1070
     1
1071
      205
1005
595
  0
LINE
  5
596
330
4C6
100
AcDbEntity
  8
PROTETORES
  6
CONTINU
 60
     1
 48
2.0
370
    -2
100
AcDbLine
 10
1433.495066013071
 20
61.63789581585479
 30
0.0
 11
1432.549759560847
 21
61.40745494260955
 31
0.0
1001
AcDbBlockRepETag
1070
     1
1071
      206
1005
596
  0
LINE
  5
597
330
4C6
100
AcDbEntity
  8
PROTETORES
  6
CONTINU
 60
     1
 48
2.0
370
    -2
100
AcDbLine
 10
1436.48264028097
 20
47.95621140530602
 30
0.0
 11
1439.411647893838
 21
48.67022649570754
 31
0.0
1001
AcDbBlockRepETag
1070
     1
1071
      207
1005
597
  0
LINE
  5
598
330
4C6
100
AcDbEntity
  8
PROTETORES
  6
CONTINU
 60
     1
 48
2.0
370
    -2
100
AcDbLine
 10
1439.411647893838
 20
48.67022649570754
 30
0.0
 11
1436.09591384884
 21
62.27191417573522
 31
0.0
1001
AcDbBlockRepETag
1070
     1
1071
      208
1005
598
  0
LINE
  5
599
330
4C6
100
AcDbEntity
  8
PROTETORES
  6
CONTINU
 60
     1
 48
2.0
370
    -2
100
AcDbLine
 10
1433.495066013071
 20
111.6378958158548
 30
0.0
 11
1436.09591384884
 21
112.2719141757352
 31
0.0
1001
AcDbBlockRepETag
1070
     1
1071
      209
1005
599
  0
LINE
  5
59A
330
4C6
100
AcDbEntity
  8
PROTETORES
  6
CONTINU
 60
     1
 48
2.0
370
    -2
100
AcDbLine
 10
1433.495066013071
 20
111.6378958158548
 30
0.0
 11
1432.549759560847
 21
111.4074549426095
 31
0.0
1001
AcDbBlockRepETag
1070
     1
1071
      210
1005
59A
  0
LINE
  5
59B
330
4C6
100
AcDbEntity
  8
PROTETORES
  6
CONTINU
 60
     1
 48
2.0
370
    -2
100
AcDbLine
 10
1439.411647897679
 20
98.67022649672617
 30
0.0
 11
1436.48263784824
 21
97.95620960843553
 31
0.0
1001
AcDbBlockRepETag
1070
     1
1071
      211
1005
59B
  0
LINE
  5
59C
330
4C6
100
AcDbEntity
  8
PROTETORES
  6
CONTINU
 60
     1
 48
2.0
370
    -2
100
AcDbLine
 10
1439.411647897679
 20
98.67022649669707
 30
0.0
 11
1436.09591384884
 21
112.2719141757352
 31
0.0
1001
AcDbBlockRepETag
1070
     1
1071
      212
1005
59C
  0
LINE
  5
59D
330
4C6
100
AcDbEntity
  8
PROTETORES
  6
CONTINU
 60
     1
 48
2.0
370
    -2
100
AcDbLine
 10
1436.09591384884
 20
112.2719141757352
 30
0.0
 11
1432.549759560847
 21
111.4074549425804
 31
0.0
1001
AcDbBlockRepETag
1070
     1
1071
      213
1005
59D
  0
ARC
  5
59E
330
4C6
100
AcDbEntity
  8
PROTETORES
  6
CONTINU
 60
     1
 48
2.0
370
    -2
100
AcDbCircle
 10
1431.549757478759
 20
113.9074505501139
 30
0.0
 40
2.499995607534842
100
AcDbArc
 50
168.5490010282132
 51
270.0000477180266
1001
AcDbBlockRepETag
1070
     1
1071
      214
1005
59E
  0
ARC
  5
59F
330
4C6
100
AcDbEntity
  8
PROTETORES
  6
CONTINU
 60
     1
 48
2.0
370
    -2
100
AcDbCircle
 10
1436.726262986311
 20
96.97813743500774
 30
0.0
 40
1.007957531003776
100
AcDbArc
 50
103.9870030903489
 51
168.2620462944851
1001
AcDbBlockRepETag
1070
     1
1071
      215
1005
59F
  0
ARC
  5
5A0
330
4C6
100
AcDbEntity
  8
PROTETORES
  6
CONTINU
 60
     1
 48
2.0
370
    -2
100
AcDbCircle
 10
1436.726265419042
 20
46.97813923187823
 30
0.0
 40
1.007957531003852
100
AcDbArc
 50
103.9870030903215
 51
168.2620462944877
1001
AcDbBlockRepETag
1070
     1
1071
      216
1005
5A0
  0
ARC
  5
5A1
330
4C6
100
AcDbEntity
  8
PROTETORES
  6
CONTINU
 60
     1
 48
2.0
370
    -2
100
AcDbCircle
 10
1436.726265419042
 20
-3.021860768121769
 30
0.0
 40
1.007957531003848
100
AcDbArc
 50
103.9870030903215
 51
168.2620462944877
1001
AcDbBlockRepETag
1070
     1
1071
      217
1005
5A1
  0
ARC
  5
5A2
330
4C6
100
AcDbEntity
  8
PROTETORES
  6
CONTINU
 60
     1
 48
2.0
370
    -2
100
AcDbCircle
 10
1431.549757478759
 20
113.9074505500557
 30
0.0
 40
2.499995607446551
100
AcDbArc
 50
168.5490010261146
 51
270.0000477180266
1001
AcDbBlockRepETag
1070
     1
1071
      218
1005
5A2
  0
ARC
  5
5A3
330
4C6
100
AcDbEntity
  8
PROTETORES
  6
CONTINU
 60
     1
 48
2.0
370
    -2
100
AcDbCircle
 10
1431.549757478759
 20
63.90745055005573
 30
0.0
 40
2.499995607446555
100
AcDbArc
 50
168.5490010261159
 51
270.0000477180266
1001
AcDbBlockRepETag
1070
     1
1071
      219
1005
5A3
  0
ARC
  5
5A4
330
4C6
100
AcDbEntity
  8
PROTETORES
  6
CONTINU
 60
     1
 48
2.0
370
    -2
100
AcDbCircle
 10
1431.549757478759
 20
13.90745055005573
 30
0.0
 40
2.499995607446553
100
AcDbArc
 50
168.5490010261159
 51
270.0000477180266
1001
AcDbBlockRepETag
1070
     1
1071
      220
1005
5A4
  0
ARC
  5
5A5
330
4C6
100
AcDbEntity
  8
PROTETORES
  6
CONTINU
 60
     1
 48
2.0
370
    -2
100
AcDbCircle
 10
1436.230987211689
 20
16.91153452533217
 30
0.0
 40
4.000000000006049
100
AcDbArc
 50
14.90059668866004
 51
194.90059668866
1001
AcDbBlockRepETag
1070
     1
1071
      221
1005
5A5
  0
ARC
  5
5A6
330
4C6
100
AcDbEntity
  8
PROTETORES
  6
CONTINU
 60
     1
 48
2.0
370
    -2
100
AcDbCircle
 10
1440.730987211689
 20
-0.000000000005457
 30
0.0
 40
4.000000000006108
100
AcDbArc
 50
207.8740094345551
 51
14.90059668866004
1001
AcDbBlockRepETag
1070
     1
1071
      222
1005
5A6
  0
LINE
  5
5A7
330
4C6
100
AcDbEntity
  8
PROTETORES
  6
CONTINU
 60
     1
 48
2.0
370
    -2
100
AcDbLine
 10
1432.365493605845
 20
15.88296309674661
 30
0.0
 11
1433.495066013187
 21
11.63789581588389
 31
0.0
1001
AcDbBlockRepETag
1070
     1
1071
      223
1005
5A7
  0
LINE
  5
5A8
330
4C6
100
AcDbEntity
  8
PROTETORES
  6
CONTINU
 60
     1
 48
2.0
370
    -2
100
AcDbLine
 10
1444.596480817418
 20
1.028571428580108
 30
0.0
 11
1440.096480817534
 21
17.94010595388863
 31
0.0
1001
AcDbBlockRepETag
1070
     1
1071
      224
1005
5A8
  0
LINE
  5
5A9
330
4C6
100
AcDbEntity
  8
PROTETORES
  6
CONTINU
 60
     1
 48
2.0
370
    -2
100
AcDbLine
 10
1420.365493605845
 20
-16.19423273738903
 30
0.0
 11
1420.365493605845
 21
123.805767262611
 31
0.0
1001
AcDbBlockRepETag
1070
     1
1071
      225
1005
5A9
  0
ENDBLK
  5
5AA
330
4C6
100
AcDbEntity
  8
0
100
AcDbBlockEnd
  0
BLOCK
  5
855
330
78C
100
AcDbEntity
  8
0
100
AcDbBlockBegin
  2
DI_LGTOPO
 70
     0
 10
0.0
 20
0.0
 30
0.0
  3
DI_LGTOPO
  1

  0
LINE
  5
78D
330
78C
100
AcDbEntity
  8
LONGARINA
100
AcDbLine
 10
34.36549360584468
 20
106.8942327372788
 30
0.0
 11
34.36549360584468
 21
111.194232737289
 31
0.0
1001
AcDbBlockRepETag
1070
     1
1071
       34
1005
78D
  0
LINE
  5
78E
330
78C
100
AcDbEntity
  8
LONGARINA
100
AcDbLine
 10
34.36549360584468
 20
111.194232737289
 30
0.0
 11
74.36549360584468
 21
111.194232737289
 31
0.0
1001
AcDbBlockRepETag
1070
     1
1071
       35
1005
78E
  0
LINE
  5
78F
330
78C
100
AcDbEntity
  8
LONGARINA
100
AcDbLine
 10
74.36549360584468
 20
111.194232737289
 30
0.0
 11
74.36549360584468
 21
106.894232737277
 31
0.0
1001
AcDbBlockRepETag
1070
     1
1071
       36
1005
78F
  0
LINE
  5
790
330
78C
100
AcDbEntity
  8
LONGARINA
100
AcDbLine
 10
74.36549360584468
 20
106.894232737277
 30
0.0
 11
34.36549360584468
 21
106.8942327372788
 31
0.0
1001
AcDbBlockRepETag
1070
     1
1071
       37
1005
790
  0
LINE
  5
791
330
78C
100
AcDbEntity
  8
LONGARINA
100
AcDbLine
 10
1897.365493605728
 20
106.8942327372664
 30
0.0
 11
1897.365493605728
 21
111.1942327372766
 31
0.0
1001
AcDbBlockRepETag
1070
     1
1071
       38
1005
791
  0
LINE
  5
792
330
78C
100
AcDbEntity
  8
LONGARINA
100
AcDbLine
 10
1897.365493605728
 20
111.1942327372766
 30
0.0
 11
1857.365493605728
 21
111.1942327372766
 31
0.0
1001
AcDbBlockRepETag
1070
     1
1071
       39
1005
792
  0
LINE
  5
793
330
78C
100
AcDbEntity
  8
LONGARINA
100
AcDbLine
 10
1857.365493605728
 20
111.1942327372766
 30
0.0
 11
1857.365493605728
 21
106.8942327372646
 31
0.0
1001
AcDbBlockRepETag
1070
     1
1071
       40
1005
793
  0
LINE
  5
794
330
78C
100
AcDbEntity
  8
LONGARINA
100
AcDbLine
 10
1857.365493605728
 20
106.8942327372646
 30
0.0
 11
1897.365493605728
 21
106.8942327372664
 31
0.0
1001
AcDbBlockRepETag
1070
     1
1071
       41
1005
794
  0
LINE
  5
795
330
78C
100
AcDbEntity
  8
LONGARINA
  6
CONTINU
 48
2.0
370
    -2
100
AcDbLine
 10
3.681227650842629
 20
94.49592041727738
 30
0.0
 11
0.3115731116849929
 21
80.67304198094644
 31
0.0
1001
AcDbBlockRepETag
1070
     1
1071
       42
1005
795
  0
LINE
  5
796
330
78C
100
AcDbEntity
  8
LONGARINA
  6
CONTINU
 48
2.0
370
    -2
100
AcDbLine
 10
0.491603615693748
 20
80.27165766217513
 30
0.0
 11
7.131464728503488
 21
47.49224517279072
 31
0.0
1001
AcDbBlockRepETag
1070
     1
1071
       43
1005
796
  0
LINE
  5
797
330
78C
100
AcDbEntity
  8
LONGARINA
  6
CONTINU
 48
2.0
370
    -2
100
AcDbLine
 10
4.681227650842629
 20
44.49592041727738
 30
0.0
 11
3.681227650842629
 21
44.49592041727738
 31
0.0
1001
AcDbBlockRepETag
1070
     1
1071
       44
1005
797
  0
LINE
  5
798
330
78C
100
AcDbEntity
  8
LONGARINA
  6
CONTINU
 48
2.0
370
    -2
100
AcDbLine
 10
3.681227650842629
 20
44.49592041727738
 30
0.0
 11
0.3115731116849929
 21
30.67304198094644
 31
0.0
1001
AcDbBlockRepETag
1070
     1
1071
       45
1005
798
  0
LINE
  5
799
330
78C
100
AcDbEntity
  8
LONGARINA
  6
CONTINU
 48
2.0
370
    -2
100
AcDbLine
 10
0.491603615693748
 20
30.27165766217513
 30
0.0
 11
7.131464728503488
 21
-2.507754827209283
 31
0.0
1001
AcDbBlockRepETag
1070
     1
1071
       46
1005
799
  0
LINE
  5
79A
330
78C
100
AcDbEntity
  8
LONGARINA
  6
CONTINU
 48
2.0
370
    -2
100
AcDbLine
 10
3.681227650842629
 20
-5.504079582722625
 30
0.0
 11
0.3115731116849929
 21
-19.32695801905356
 31
0.0
1001
AcDbBlockRepETag
1070
     1
1071
       47
1005
79A
  0
LINE
  5
79B
330
78C
100
AcDbEntity
  8
LONGARINA
  6
CONTINU
 48
2.0
370
    -2
100
AcDbLine
 10
0.491603615693748
 20
-19.72834233782487
 30
0.0
 11
3.201360649196431
 21
-33.1057672626921
 31
0.0
1001
AcDbBlockRepETag
1070
     1
1071
       48
1005
79B
  0
LINE
  5
79C
330
78C
100
AcDbEntity
  8
LONGARINA
  6
CONTINU
 48
2.0
370
    -2
100
AcDbLine
 10
3.201360649196431
 20
-33.1057672626921
 30
0.0
 11
6.088111995137297
 21
-38.1057672626921
 31
0.0
1001
AcDbBlockRepETag
1070
     1
1071
       49
1005
79C
  0
LINE
  5
79D
330
78C
100
AcDbEntity
  8
LONGARINA
  6
CONTINU
 48
2.0
370
    -2
100
AcDbLine
 10
12.82874225988053
 20
-38.1057672626921
 30
0.0
 11
15.71549360593781
 21
-33.1057672627212
 31
0.0
1001
AcDbBlockRepETag
1070
     1
1071
       50
1005
79D
  0
LINE
  5
79E
330
78C
100
AcDbEntity
  8
LONGARINA
  6
CONTINU
 48
2.0
370
    -2
100
AcDbLine
 10
15.71549360593781
 20
-33.1057672627212
 30
0.0
 11
15.71549360593781
 21
106.8942327372788
 31
0.0
1001
AcDbBlockRepETag
1070
     1
1071
       51
1005
79E
  0
LINE
  5
79F
330
78C
100
AcDbEntity
  8
LONGARINA
  6
CONTINU
 48
2.0
370
    -2
100
AcDbLine
 10
15.71549360593781
 20
106.8942327372788
 30
0.0
 11
12.82874225988053
 21
111.8942327372788
 31
0.0
1001
AcDbBlockRepETag
1070
     1
1071
       52
1005
79F
  0
LINE
  5
7A0
330
78C
100
AcDbEntity
  8
LONGARINA
  6
CONTINU
 48
2.0
370
    -2
100
AcDbLine
 10
6.088111995137297
 20
111.8942327372788
 30
0.0
 11
4.700877974973992
 21
109.4914729323355
 31
0.0
1001
AcDbBlockRepETag
1070
     1
1071
       53
1005
7A0
  0
LINE
  5
7A1
330
78C
100
AcDbEntity
  8
LONGARINA
  6
CONTINU
 48
2.0
370
    -2
100
AcDbLine
 10
4.700877974973992
 20
109.4914729323355
 30
0.0
 11
7.131466130842455
 21
97.49223824901856
 31
0.0
1001
AcDbBlockRepETag
1070
     1
1071
       54
1005
7A1
  0
LINE
  5
7A2
330
78C
100
AcDbEntity
  8
LONGARINA
  6
CONTINU
 48
2.0
370
    -2
100
AcDbLine
 10
6.088111995137297
 20
-38.1057672626921
 30
0.0
 11
12.61549360584468
 21
-38.1057672626921
 31
0.0
1001
AcDbBlockRepETag
1070
     1
1071
       55
1005
7A2
  0
LINE
  5
7A3
330
78C
100
AcDbEntity
  8
LONGARINA
  6
CONTINU
 48
2.0
370
    -2
100
AcDbLine
 10
12.61549360584468
 20
-38.1057672626921
 30
0.0
 11
12.82874225988053
 21
-38.1057672626921
 31
0.0
1001
AcDbBlockRepETag
1070
     1
1071
       56
1005
7A3
  0
LINE
  5
7A4
330
78C
100
AcDbEntity
  8
LONGARINA
  6
CONTINU
 48
2.0
370
    -2
100
AcDbLine
 10
12.82874225988053
 20
111.8942327372788
 30
0.0
 11
12.61549360584468
 21
111.8942327372788
 31
0.0
1001
AcDbBlockRepETag
1070
     1
1071
       57
1005
7A4
  0
LINE
  5
7A5
330
78C
100
AcDbEntity
  8
LONGARINA
  6
CONTINU
 48
2.0
370
    -2
100
AcDbLine
 10
12.61549360584468
 20
111.8942327372788
 30
0.0
 11
6.088111995137297
 21
111.8942327372788
 31
0.0
1001
AcDbBlockRepETag
1070
     1
1071
       58
1005
7A5
  0
LINE
  5
7A6
330
78C
100
AcDbEntity
  8
LONGARINA
  6
CONTINU
 48
2.0
370
    -2
100
AcDbLine
 10
19.36549360584468
 20
-33.1057672627212
 30
0.0
 11
19.36549360584468
 21
106.8942327372788
 31
0.0
1001
AcDbBlockRepETag
1070
     1
1071
       59
1005
7A6
  0
LINE
  5
7A7
330
78C
100
AcDbEntity
  8
LONGARINA
  6
CONTINU
 48
2.0
370
    -2
100
AcDbLine
 10
15.71549360593781
 20
106.8942327372788
 30
0.0
 11
19.36549360584468
 21
106.8942327372788
 31
0.0
1001
AcDbBlockRepETag
1070
     1
1071
       60
1005
7A7
  0
LINE
  5
7A8
330
78C
100
AcDbEntity
  8
LONGARINA
  6
CONTINU
 48
2.0
370
    -2
100
AcDbLine
 10
19.36549360584468
 20
-33.1057672627212
 30
0.0
 11
15.71549360593781
 21
-33.1057672626921
 31
0.0
1001
AcDbBlockRepETag
1070
     1
1071
       61
1005
7A8
  0
LINE
  5
7A9
330
78C
100
AcDbEntity
  8
LONGARINA
  6
CONTINU
 48
2.0
370
    -2
100
AcDbLine
 10
2.735921198618598
 20
-5.273638709477382
 30
0.0
 11
0.1350733628496528
 21
-4.639620349596953
 31
0.0
1001
AcDbBlockRepETag
1070
     1
1071
       62
1005
7A9
  0
LINE
  5
7AA
330
78C
100
AcDbEntity
  8
LONGARINA
  6
CONTINU
 48
2.0
370
    -2
100
AcDbLine
 10
-0.2516530692810193
 20
-18.95532312002615
 30
0.0
 11
-0.9763043854618445
 21
-18.7786721708253
 31
0.0
1001
AcDbBlockRepETag
1070
     1
1071
       63
1005
7AA
  0
LINE
  5
7AB
330
78C
100
AcDbEntity
  8
LONGARINA
  6
CONTINU
 48
2.0
370
    -2
100
AcDbLine
 10
-3.1806606821483
 20
-18.24130802956643
 30
0.0
 11
-0.9763043854618445
 21
-18.7786721708253
 31
0.0
1001
AcDbBlockRepETag
1070
     1
1071
       64
1005
7AB
  0
LINE
  5
7AC
330
78C
100
AcDbEntity
  8
LONGARINA
  6
CONTINU
 48
2.0
370
    -2
100
AcDbLine
 10
-3.1806606821483
 20
-18.24130802953732
 30
0.0
 11
0.1350733628496528
 21
-4.639620349596953
 31
0.0
1001
AcDbBlockRepETag
1070
     1
1071
       65
1005
7AC
  0
LINE
  5
7AD
330
78C
100
AcDbEntity
  8
LONGARINA
  6
CONTINU
 48
2.0
370
    -2
100
AcDbLine
 10
2.735921198618598
 20
44.72636129052262
 30
0.0
 11
0.1350733628496528
 21
45.36037965040305
 31
0.0
1001
AcDbBlockRepETag
1070
     1
1071
       66
1005
7AD
  0
LINE
  5
7AE
330
78C
100
AcDbEntity
  8
LONGARINA
  6
CONTINU
 48
2.0
370
    -2
100
AcDbLine
 10
2.735921198618598
 20
44.72636129052262
 30
0.0
 11
3.681227650842629
 21
44.49592041727738
 31
0.0
1001
AcDbBlockRepETag
1070
     1
1071
       67
1005
7AE
  0
LINE
  5
7AF
330
78C
100
AcDbEntity
  8
LONGARINA
  6
CONTINU
 48
2.0
370
    -2
100
AcDbLine
 10
-0.2516530692810193
 20
31.04467687997385
 30
0.0
 11
-3.1806606821483
 21
31.75869197037537
 31
0.0
1001
AcDbBlockRepETag
1070
     1
1071
       68
1005
7AF
  0
LINE
  5
7B0
330
78C
100
AcDbEntity
  8
LONGARINA
  6
CONTINU
 48
2.0
370
    -2
100
AcDbLine
 10
-3.1806606821483
 20
31.75869197037537
 30
0.0
 11
0.1350733628496528
 21
45.36037965040305
 31
0.0
1001
AcDbBlockRepETag
1070
     1
1071
       69
1005
7B0
  0
LINE
  5
7B1
330
78C
100
AcDbEntity
  8
LONGARINA
  6
CONTINU
 48
2.0
370
    -2
100
AcDbLine
 10
-3.180660685990006
 20
81.758691971394
 30
0.0
 11
-0.2516506365500391
 21
81.04467508310336
 31
0.0
1001
AcDbBlockRepETag
1070
     1
1071
       70
1005
7B1
  0
LINE
  5
7B2
330
78C
100
AcDbEntity
  8
LONGARINA
  6
CONTINU
 48
2.0
370
    -2
100
AcDbLine
 10
-3.180660685990006
 20
81.7586919713649
 30
0.0
 11
0.1350733628496528
 21
95.36037965040305
 31
0.0
1001
AcDbBlockRepETag
1070
     1
1071
       71
1005
7B2
  0
LINE
  5
7B3
330
78C
100
AcDbEntity
  8
LONGARINA
  6
CONTINU
 48
2.0
370
    -2
100
AcDbLine
 10
0.1350733628496528
 20
95.36037965040305
 30
0.0
 11
3.681227650842629
 21
94.49592041724827
 31
0.0
1001
AcDbBlockRepETag
1070
     1
1071
       72
1005
7B3
  0
ARC
  5
7B4
330
78C
100
AcDbEntity
  8
LONGARINA
  6
CONTINU
 48
2.0
370
    -2
100
AcDbCircle
 10
4.68122973293066
 20
96.99591602478176
 30
0.0
 40
2.499995607534359
100
AcDbArc
 50
269.9999522819734
 51
11.45099897178764
1001
AcDbBlockRepETag
1070
     1
1071
       73
1005
7B4
  0
ARC
  5
7B5
330
78C
100
AcDbEntity
  8
LONGARINA
  6
CONTINU
 48
2.0
370
    -2
100
AcDbCircle
 10
-0.4952757746214047
 20
80.06660290967557
 30
0.0
 40
1.007957531003227
100
AcDbArc
 50
11.73795370551387
 51
76.01299690965583
1001
AcDbBlockRepETag
1070
     1
1071
       74
1005
7B5
  0
ARC
  5
7B6
330
78C
100
AcDbEntity
  8
LONGARINA
  6
CONTINU
 48
2.0
370
    -2
100
AcDbCircle
 10
-0.4952782073523849
 20
30.06660470654606
 30
0.0
 40
1.007957531003227
100
AcDbArc
 50
11.73795370551387
 51
76.01299690965583
1001
AcDbBlockRepETag
1070
     1
1071
       75
1005
7B6
  0
ARC
  5
7B7
330
78C
100
AcDbEntity
  8
LONGARINA
  6
CONTINU
 48
2.0
370
    -2
100
AcDbCircle
 10
-0.4952782073523849
 20
-19.93339529345394
 30
0.0
 40
1.007957531003227
100
AcDbArc
 50
11.73795370551387
 51
76.01299690965583
1001
AcDbBlockRepETag
1070
     1
1071
       76
1005
7B7
  0
ARC
  5
7B8
330
78C
100
AcDbEntity
  8
LONGARINA
  6
CONTINU
 48
2.0
370
    -2
100
AcDbCircle
 10
4.68122973293066
 20
96.99591602472356
 30
0.0
 40
2.499995607447048
100
AcDbArc
 50
269.9999522819734
 51
11.45099897388351
1001
AcDbBlockRepETag
1070
     1
1071
       77
1005
7B8
  0
ARC
  5
7B9
330
78C
100
AcDbEntity
  8
LONGARINA
  6
CONTINU
 48
2.0
370
    -2
100
AcDbCircle
 10
4.68122973293066
 20
46.99591602472356
 30
0.0
 40
2.499995607447048
100
AcDbArc
 50
269.9999522819734
 51
11.45099897388351
1001
AcDbBlockRepETag
1070
     1
1071
       78
1005
7B9
  0
ARC
  5
7BA
330
78C
100
AcDbEntity
  8
LONGARINA
  6
CONTINU
 48
2.0
370
    -2
100
AcDbCircle
 10
4.68122973293066
 20
-3.004083975276444
 30
0.0
 40
2.499995607447048
100
AcDbArc
 50
269.9999522819734
 51
11.45099897388351
1001
AcDbBlockRepETag
1070
     1
1071
       79
1005
7BA
  0
LINE
  5
7BB
330
78C
100
AcDbEntity
  8
LONGARINA
  6
CONTINU
 48
2.0
370
    -2
100
AcDbLine
 10
1912.365493605728
 20
26.89423273723185
 30
0.0
 11
19.36549360584468
 21
26.8942327372788
 31
0.0
1001
AcDbBlockRepETag
1070
     1
1071
       80
1005
7BB
  0
LINE
  5
7BC
330
78C
100
AcDbEntity
  8
LONGARINA
  6
CONTINU
 48
2.0
370
    -2
100
AcDbLine
 10
1912.365493605728
 20
106.8942327372318
 30
0.0
 11
19.36549360584468
 21
106.8942327372788
 31
0.0
1001
AcDbBlockRepETag
1070
     1
1071
       81
1005
7BC
  0
ARC
  5
7BD
330
78C
100
AcDbEntity
  8
LONGARINA
  6
CONTINU
 48
2.0
370
    -2
100
AcDbCircle
 10
0.0
 20
0.0
 30
0.0
 40
4.000000000006087
100
AcDbArc
 50
345.0994033113399
 51
165.09940331134
1001
AcDbBlockRepETag
1070
     1
1071
       82
1005
7BD
  0
ARC
  5
7BE
330
78C
100
AcDbEntity
  8
LONGARINA
  6
CONTINU
 48
2.0
370
    -2
100
AcDbCircle
 10
-4.5
 20
-16.91153452533763
 30
0.0
 40
4.000000000006087
100
AcDbArc
 50
165.09940331134
 51
332.1259905657013
1001
AcDbBlockRepETag
1070
     1
1071
       83
1005
7BE
  0
LINE
  5
7BF
330
78C
100
AcDbEntity
  8
LONGARINA
  6
CONTINU
 48
2.0
370
    -2
100
AcDbLine
 10
3.865493605844676
 20
-1.028571428585565
 30
0.0
 11
2.735921198502183
 21
-5.273638709448278
 31
0.0
1001
AcDbBlockRepETag
1070
     1
1071
       84
1005
7BF
  0
LINE
  5
7C0
330
78C
100
AcDbEntity
  8
LONGARINA
  6
CONTINU
 48
2.0
370
    -2
100
AcDbLine
 10
-8.365493605728261
 20
-15.88296309675206
 30
0.0
 11
-3.865493605844676
 21
1.028571428556461
 31
0.0
1001
AcDbBlockRepETag
1070
     1
1071
       85
1005
7C0
  0
LINE
  5
7C1
330
78C
100
AcDbEntity
  8
LONGARINA
  6
CONTINU
 48
2.0
370
    -2
100
AcDbLine
 10
1927.04975956073
 20
94.49592041725953
 30
0.0
 11
1928.04975956073
 21
94.49592041725953
 31
0.0
1001
AcDbBlockRepETag
1070
     1
1071
       86
1005
7C1
  0
LINE
  5
7C2
330
78C
100
AcDbEntity
  8
LONGARINA
  6
CONTINU
 48
2.0
370
    -2
100
AcDbLine
 10
1928.04975956073
 20
94.49592041725953
 30
0.0
 11
1931.419414099888
 21
80.67304198092859
 31
0.0
1001
AcDbBlockRepETag
1070
     1
1071
       87
1005
7C2
  0
LINE
  5
7C3
330
78C
100
AcDbEntity
  8
LONGARINA
  6
CONTINU
 48
2.0
370
    -2
100
AcDbLine
 10
1931.239383595879
 20
80.27165766215728
 30
0.0
 11
1924.599522483069
 21
47.49224517277287
 31
0.0
1001
AcDbBlockRepETag
1070
     1
1071
       88
1005
7C3
  0
LINE
  5
7C4
330
78C
100
AcDbEntity
  8
LONGARINA
  6
CONTINU
 48
2.0
370
    -2
100
AcDbLine
 10
1927.04975956073
 20
44.49592041725953
 30
0.0
 11
1928.04975956073
 21
44.49592041725953
 31
0.0
1001
AcDbBlockRepETag
1070
     1
1071
       89
1005
7C4
  0
LINE
  5
7C5
330
78C
100
AcDbEntity
  8
LONGARINA
  6
CONTINU
 48
2.0
370
    -2
100
AcDbLine
 10
1928.04975956073
 20
44.49592041725953
 30
0.0
 11
1931.419414099888
 21
30.67304198092859
 31
0.0
1001
AcDbBlockRepETag
1070
     1
1071
       90
1005
7C5
  0
LINE
  5
7C6
330
78C
100
AcDbEntity
  8
LONGARINA
  6
CONTINU
 48
2.0
370
    -2
100
AcDbLine
 10
1931.239383595879
 20
30.27165766215728
 30
0.0
 11
1924.599522483069
 21
-2.507754827227131
 31
0.0
1001
AcDbBlockRepETag
1070
     1
1071
       91
1005
7C6
  0
LINE
  5
7C7
330
78C
100
AcDbEntity
  8
LONGARINA
  6
CONTINU
 48
2.0
370
    -2
100
AcDbLine
 10
1927.04975956073
 20
-5.504079582740474
 30
0.0
 11
1928.04975956073
 21
-5.504079582740474
 31
0.0
1001
AcDbBlockRepETag
1070
     1
1071
       92
1005
7C7
  0
LINE
  5
7C8
330
78C
100
AcDbEntity
  8
LONGARINA
  6
CONTINU
 48
2.0
370
    -2
100
AcDbLine
 10
1928.04975956073
 20
-5.504079582740474
 30
0.0
 11
1931.419414099888
 21
-19.32695801907141
 31
0.0
1001
AcDbBlockRepETag
1070
     1
1071
       93
1005
7C8
  0
LINE
  5
7C9
330
78C
100
AcDbEntity
  8
LONGARINA
  6
CONTINU
 48
2.0
370
    -2
100
AcDbLine
 10
1931.239383595879
 20
-19.72834233784272
 30
0.0
 11
1928.529626562376
 21
-33.10576726270995
 31
0.0
1001
AcDbBlockRepETag
1070
     1
1071
       94
1005
7C9
  0
LINE
  5
7CA
330
78C
100
AcDbEntity
  8
LONGARINA
  6
CONTINU
 48
2.0
370
    -2
100
AcDbLine
 10
1928.529626562376
 20
-33.10576726270995
 30
0.0
 11
1925.642875216435
 21
-38.10576726270995
 31
0.0
1001
AcDbBlockRepETag
1070
     1
1071
       95
1005
7CA
  0
LINE
  5
7CB
330
78C
100
AcDbEntity
  8
LONGARINA
  6
CONTINU
 48
2.0
370
    -2
100
AcDbLine
 10
1918.902244951692
 20
-38.10576726270995
 30
0.0
 11
1916.015493605635
 21
-33.10576726273905
 31
0.0
1001
AcDbBlockRepETag
1070
     1
1071
       96
1005
7CB
  0
LINE
  5
7CC
330
78C
100
AcDbEntity
  8
LONGARINA
  6
CONTINU
 48
2.0
370
    -2
100
AcDbLine
 10
1916.015493605635
 20
106.8942327372609
 30
0.0
 11
1918.902244951692
 21
111.8942327372609
 31
0.0
1001
AcDbBlockRepETag
1070
     1
1071
       97
1005
7CC
  0
LINE
  5
7CD
330
78C
100
AcDbEntity
  8
LONGARINA
  6
CONTINU
 48
2.0
370
    -2
100
AcDbLine
 10
1925.642875216435
 20
111.8942327372609
 30
0.0
 11
1927.030109236599
 21
109.4914729323176
 31
0.0
1001
AcDbBlockRepETag
1070
     1
1071
       98
1005
7CD
  0
LINE
  5
7CE
330
78C
100
AcDbEntity
  8
LONGARINA
  6
CONTINU
 48
2.0
370
    -2
100
AcDbLine
 10
1927.030109236599
 20
109.4914729323176
 30
0.0
 11
1924.59952108073
 21
97.4922382490007
 31
0.0
1001
AcDbBlockRepETag
1070
     1
1071
       99
1005
7CE
  0
LINE
  5
7CF
330
78C
100
AcDbEntity
  8
LONGARINA
  6
CONTINU
 48
2.0
370
    -2
100
AcDbLine
 10
1927.04975956073
 20
94.49592041723042
 30
0.0
 11
1928.04975956073
 21
94.49592041723042
 31
0.0
1001
AcDbBlockRepETag
1070
     1
1071
      100
1005
7CF
  0
LINE
  5
7D0
330
78C
100
AcDbEntity
  8
LONGARINA
  6
CONTINU
 48
2.0
370
    -2
100
AcDbLine
 10
1925.642875216435
 20
-38.10576726270995
 30
0.0
 11
1919.115493605728
 21
-38.10576726270995
 31
0.0
1001
AcDbBlockRepETag
1070
     1
1071
      101
1005
7D0
  0
LINE
  5
7D1
330
78C
100
AcDbEntity
  8
LONGARINA
  6
CONTINU
 48
2.0
370
    -2
100
AcDbLine
 10
1919.115493605728
 20
-38.10576726270995
 30
0.0
 11
1918.902244951692
 21
-38.10576726270995
 31
0.0
1001
AcDbBlockRepETag
1070
     1
1071
      102
1005
7D1
  0
LINE
  5
7D2
330
78C
100
AcDbEntity
  8
LONGARINA
  6
CONTINU
 48
2.0
370
    -2
100
AcDbLine
 10
1918.902244951692
 20
111.8942327372609
 30
0.0
 11
1919.115493605728
 21
111.8942327372609
 31
0.0
1001
AcDbBlockRepETag
1070
     1
1071
      103
1005
7D2
  0
LINE
  5
7D3
330
78C
100
AcDbEntity
  8
LONGARINA
  6
CONTINU
 48
2.0
370
    -2
100
AcDbLine
 10
1919.115493605728
 20
111.8942327372609
 30
0.0
 11
1925.642875216435
 21
111.8942327372609
 31
0.0
1001
AcDbBlockRepETag
1070
     1
1071
      104
1005
7D3
  0
LINE
  5
7D4
330
78C
100
AcDbEntity
  8
LONGARINA
  6
CONTINU
 48
2.0
370
    -2
100
AcDbLine
 10
1912.365493605728
 20
-33.10576726273905
 30
0.0
 11
1912.365493605728
 21
106.8942327372609
 31
0.0
1001
AcDbBlockRepETag
1070
     1
1071
      105
1005
7D4
  0
LINE
  5
7D5
330
78C
100
AcDbEntity
  8
LONGARINA
  6
CONTINU
 48
2.0
370
    -2
100
AcDbLine
 10
1916.015493605635
 20
106.8942327372609
 30
0.0
 11
1912.365493605728
 21
106.8942327372609
 31
0.0
1001
AcDbBlockRepETag
1070
     1
1071
      106
1005
7D5
  0
LINE
  5
7D6
330
78C
100
AcDbEntity
  8
LONGARINA
  6
CONTINU
 48
2.0
370
    -2
100
AcDbLine
 10
1912.365493605728
 20
-33.10576726273905
 30
0.0
 11
1916.015493605635
 21
-33.10576726273905
 31
0.0
1001
AcDbBlockRepETag
1070
     1
1071
      107
1005
7D6
  0
LINE
  5
7D7
330
78C
100
AcDbEntity
  8
LONGARINA
  6
CONTINU
 48
2.0
370
    -2
100
AcDbLine
 10
1928.995066012954
 20
-5.273638709495231
 30
0.0
 11
1931.595913848723
 21
-4.639620349614802
 31
0.0
1001
AcDbBlockRepETag
1070
     1
1071
      108
1005
7D7
  0
LINE
  5
7D8
330
78C
100
AcDbEntity
  8
LONGARINA
  6
CONTINU
 48
2.0
370
    -2
100
AcDbLine
 10
1928.995066012954
 20
-5.273638709495231
 30
0.0
 11
1928.04975956073
 21
-5.504079582740474
 31
0.0
1001
AcDbBlockRepETag
1070
     1
1071
      109
1005
7D8
  0
LINE
  5
7D9
330
78C
100
AcDbEntity
  8
LONGARINA
  6
CONTINU
 48
2.0
370
    -2
100
AcDbLine
 10
1931.982640280854
 20
-18.955323120044
 30
0.0
 11
1932.707291597034
 21
-18.77867217084315
 31
0.0
1001
AcDbBlockRepETag
1070
     1
1071
      110
1005
7D9
  0
LINE
  5
7DA
330
78C
100
AcDbEntity
  8
LONGARINA
  6
CONTINU
 48
2.0
370
    -2
100
AcDbLine
 10
1934.911647893721
 20
-18.24130802958427
 30
0.0
 11
1932.707291597034
 21
-18.77867217084315
 31
0.0
1001
AcDbBlockRepETag
1070
     1
1071
      111
1005
7DA
  0
LINE
  5
7DB
330
78C
100
AcDbEntity
  8
LONGARINA
  6
CONTINU
 48
2.0
370
    -2
100
AcDbLine
 10
1934.911647893721
 20
-18.24130802955517
 30
0.0
 11
1931.595913848723
 21
-4.639620349614802
 31
0.0
1001
AcDbBlockRepETag
1070
     1
1071
      112
1005
7DB
  0
LINE
  5
7DC
330
78C
100
AcDbEntity
  8
LONGARINA
  6
CONTINU
 48
2.0
370
    -2
100
AcDbLine
 10
1928.995066012954
 20
44.72636129050477
 30
0.0
 11
1931.595913848723
 21
45.3603796503852
 31
0.0
1001
AcDbBlockRepETag
1070
     1
1071
      113
1005
7DC
  0
LINE
  5
7DD
330
78C
100
AcDbEntity
  8
LONGARINA
  6
CONTINU
 48
2.0
370
    -2
100
AcDbLine
 10
1928.995066012954
 20
44.72636129050477
 30
0.0
 11
1928.04975956073
 21
44.49592041725953
 31
0.0
1001
AcDbBlockRepETag
1070
     1
1071
      114
1005
7DD
  0
LINE
  5
7DE
330
78C
100
AcDbEntity
  8
LONGARINA
  6
CONTINU
 48
2.0
370
    -2
100
AcDbLine
 10
1931.982640280854
 20
31.044676879956
 30
0.0
 11
1934.911647893721
 21
31.75869197035752
 31
0.0
1001
AcDbBlockRepETag
1070
     1
1071
      115
1005
7DE
  0
LINE
  5
7DF
330
78C
100
AcDbEntity
  8
LONGARINA
  6
CONTINU
 48
2.0
370
    -2
100
AcDbLine
 10
1934.911647893721
 20
31.75869197035752
 30
0.0
 11
1931.595913848723
 21
45.3603796503852
 31
0.0
1001
AcDbBlockRepETag
1070
     1
1071
      116
1005
7DF
  0
LINE
  5
7E0
330
78C
100
AcDbEntity
  8
LONGARINA
  6
CONTINU
 48
2.0
370
    -2
100
AcDbLine
 10
1928.995066012954
 20
94.72636129050477
 30
0.0
 11
1931.595913848723
 21
95.3603796503852
 31
0.0
1001
AcDbBlockRepETag
1070
     1
1071
      117
1005
7E0
  0
LINE
  5
7E1
330
78C
100
AcDbEntity
  8
LONGARINA
  6
CONTINU
 48
2.0
370
    -2
100
AcDbLine
 10
1928.995066012954
 20
94.72636129050477
 30
0.0
 11
1928.04975956073
 21
94.49592041725953
 31
0.0
1001
AcDbBlockRepETag
1070
     1
1071
      118
1005
7E1
  0
LINE
  5
7E2
330
78C
100
AcDbEntity
  8
LONGARINA
  6
CONTINU
 48
2.0
370
    -2
100
AcDbLine
 10
1934.911647897563
 20
81.75869197137615
 30
0.0
 11
1931.982637848123
 21
81.04467508308551
 31
0.0
1001
AcDbBlockRepETag
1070
     1
1071
      119
1005
7E2
  0
LINE
  5
7E3
330
78C
100
AcDbEntity
  8
LONGARINA
  6
CONTINU
 48
2.0
370
    -2
100
AcDbLine
 10
1934.911647897563
 20
81.75869197134705
 30
0.0
 11
1931.595913848723
 21
95.3603796503852
 31
0.0
1001
AcDbBlockRepETag
1070
     1
1071
      120
1005
7E3
  0
LINE
  5
7E4
330
78C
100
AcDbEntity
  8
LONGARINA
  6
CONTINU
 48
2.0
370
    -2
100
AcDbLine
 10
1931.595913848723
 20
95.3603796503852
 30
0.0
 11
1928.04975956073
 21
94.49592041723042
 31
0.0
1001
AcDbBlockRepETag
1070
     1
1071
      121
1005
7E4
  0
ARC
  5
7E5
330
78C
100
AcDbEntity
  8
LONGARINA
  6
CONTINU
 48
2.0
370
    -2
100
AcDbCircle
 10
1927.049757478643
 20
96.99591602476403
 30
0.0
 40
2.499995607535101
100
AcDbArc
 50
168.5490010282144
 51
270.0000477180057
1001
AcDbBlockRepETag
1070
     1
1071
      122
1005
7E5
  0
ARC
  5
7E6
330
78C
100
AcDbEntity
  8
LONGARINA
  6
CONTINU
 48
2.0
370
    -2
100
AcDbCircle
 10
1932.226262986195
 20
80.06660290965749
 30
0.0
 40
1.007957531004038
100
AcDbArc
 50
103.987003090385
 51
168.2620462944777
1001
AcDbBlockRepETag
1070
     1
1071
      123
1005
7E6
  0
ARC
  5
7E7
330
78C
100
AcDbEntity
  8
LONGARINA
  6
CONTINU
 48
2.0
370
    -2
100
AcDbCircle
 10
1932.226265418925
 20
30.06660470652832
 30
0.0
 40
1.007957531003714
100
AcDbArc
 50
103.9870030902831
 51
168.2620462944903
1001
AcDbBlockRepETag
1070
     1
1071
      124
1005
7E7
  0
ARC
  5
7E8
330
78C
100
AcDbEntity
  8
LONGARINA
  6
CONTINU
 48
2.0
370
    -2
100
AcDbCircle
 10
1932.226265418925
 20
-19.93339529347179
 30
0.0
 40
1.007957531003726
100
AcDbArc
 50
103.9870030902831
 51
168.262046294484
1001
AcDbBlockRepETag
1070
     1
1071
      125
1005
7E8
  0
ARC
  5
7E9
330
78C
100
AcDbEntity
  8
LONGARINA
  6
CONTINU
 48
2.0
370
    -2
100
AcDbCircle
 10
1927.049757478642
 20
96.9959160247056
 30
0.0
 40
2.499995607446286
100
AcDbArc
 50
168.5490010261077
 51
270.0000477180266
1001
AcDbBlockRepETag
1070
     1
1071
      126
1005
7E9
  0
ARC
  5
7EA
330
78C
100
AcDbEntity
  8
LONGARINA
  6
CONTINU
 48
2.0
370
    -2
100
AcDbCircle
 10
1927.049757478642
 20
46.99591602470559
 30
0.0
 40
2.499995607446283
100
AcDbArc
 50
168.5490010261077
 51
270.0000477180266
1001
AcDbBlockRepETag
1070
     1
1071
      127
1005
7EA
  0
ARC
  5
7EB
330
78C
100
AcDbEntity
  8
LONGARINA
  6
CONTINU
 48
2.0
370
    -2
100
AcDbCircle
 10
1927.049757478642
 20
-3.004083975294407
 30
0.0
 40
2.499995607446285
100
AcDbArc
 50
168.5490010261077
 51
270.0000477180266
1001
AcDbBlockRepETag
1070
     1
1071
      128
1005
7EB
  0
ARC
  5
7EC
330
78C
100
AcDbEntity
  8
LONGARINA
  6
CONTINU
 48
2.0
370
    -2
100
AcDbCircle
 10
1931.730987211573
 20
-0.0000000000178488
 30
0.0
 40
4.000000000006055
100
AcDbArc
 50
14.9005966886569
 51
194.9005966886632
1001
AcDbBlockRepETag
1070
     1
1071
      129
1005
7EC
  0
ARC
  5
7ED
330
78C
100
AcDbEntity
  8
LONGARINA
  6
CONTINU
 48
2.0
370
    -2
100
AcDbCircle
 10
1936.230987211573
 20
-16.91153452535559
 30
0.0
 40
4.000000000006022
100
AcDbArc
 50
207.8740094345566
 51
14.90059668865847
1001
AcDbBlockRepETag
1070
     1
1071
      130
1005
7ED
  0
LINE
  5
7EE
330
78C
100
AcDbEntity
  8
LONGARINA
  6
CONTINU
 48
2.0
370
    -2
100
AcDbLine
 10
1927.865493605728
 20
-1.028571428603414
 30
0.0
 11
1928.99506601307
 21
-5.273638709466127
 31
0.0
1001
AcDbBlockRepETag
1070
     1
1071
      131
1005
7EE
  0
LINE
  5
7EF
330
78C
100
AcDbEntity
  8
LONGARINA
  6
CONTINU
 48
2.0
370
    -2
100
AcDbLine
 10
1940.096480817301
 20
-15.88296309676991
 30
0.0
 11
1935.596480817417
 21
1.028571428538612
 31
0.0
1001
AcDbBlockRepETag
1070
     1
1071
      132
1005
7EF
  0
LINE
  5
7F0
330
78C
100
AcDbEntity
  8
LONGARINA
  6
CONTINU
 48
2.0
370
    -2
100
AcDbLine
 10
1915.865493605728
 20
-33.10576726273905
 30
0.0
 11
1915.865493605728
 21
106.8942327372609
 31
0.0
1001
AcDbBlockRepETag
1070
     1
1071
      133
1005
7F0
  0
LINE
  5
7F1
330
78C
100
AcDbEntity
  8
LONGARINA
100
AcDbLine
 10
34.36549360584468
 20
106.8942327372788
 30
0.0
 11
34.36549360584468
 21
111.194232737289
 31
0.0
1001
AcDbBlockRepETag
1070
     1
1071
       34
1005
7F1
  0
LINE
  5
7F2
330
78C
100
AcDbEntity
  8
LONGARINA
100
AcDbLine
 10
34.36549360584468
 20
111.194232737289
 30
0.0
 11
74.36549360584468
 21
111.194232737289
 31
0.0
1001
AcDbBlockRepETag
1070
     1
1071
       35
1005
7F2
  0
LINE
  5
7F3
330
78C
100
AcDbEntity
  8
LONGARINA
100
AcDbLine
 10
74.36549360584468
 20
111.194232737289
 30
0.0
 11
74.36549360584468
 21
106.894232737277
 31
0.0
1001
AcDbBlockRepETag
1070
     1
1071
       36
1005
7F3
  0
LINE
  5
7F4
330
78C
100
AcDbEntity
  8
LONGARINA
100
AcDbLine
 10
74.36549360584468
 20
106.894232737277
 30
0.0
 11
34.36549360584468
 21
106.8942327372788
 31
0.0
1001
AcDbBlockRepETag
1070
     1
1071
       37
1005
7F4
  0
LINE
  5
7F5
330
78C
100
AcDbEntity
  8
LONGARINA
100
AcDbLine
 10
1897.365493605728
 20
106.8942327372664
 30
0.0
 11
1897.365493605728
 21
111.1942327372766
 31
0.0
1001
AcDbBlockRepETag
1070
     1
1071
       38
1005
7F5
  0
LINE
  5
7F6
330
78C
100
AcDbEntity
  8
LONGARINA
100
AcDbLine
 10
1897.365493605728
 20
111.1942327372766
 30
0.0
 11
1857.365493605728
 21
111.1942327372766
 31
0.0
1001
AcDbBlockRepETag
1070
     1
1071
       39
1005
7F6
  0
LINE
  5
7F7
330
78C
100
AcDbEntity
  8
LONGARINA
100
AcDbLine
 10
1857.365493605728
 20
111.1942327372766
 30
0.0
 11
1857.365493605728
 21
106.8942327372646
 31
0.0
1001
AcDbBlockRepETag
1070
     1
1071
       40
1005
7F7
  0
LINE
  5
7F8
330
78C
100
AcDbEntity
  8
LONGARINA
100
AcDbLine
 10
1857.365493605728
 20
106.8942327372646
 30
0.0
 11
1897.365493605728
 21
106.8942327372664
 31
0.0
1001
AcDbBlockRepETag
1070
     1
1071
       41
1005
7F8
  0
LINE
  5
7F9
330
78C
100
AcDbEntity
  8
LONGARINA
  6
CONTINU
 48
2.0
370
    -2
100
AcDbLine
 10
3.681227650842629
 20
94.49592041727738
 30
0.0
 11
0.3115731116849929
 21
80.67304198094644
 31
0.0
1001
AcDbBlockRepETag
1070
     1
1071
       42
1005
7F9
  0
LINE
  5
7FA
330
78C
100
AcDbEntity
  8
LONGARINA
  6
CONTINU
 48
2.0
370
    -2
100
AcDbLine
 10
0.491603615693748
 20
80.27165766217513
 30
0.0
 11
7.131464728503488
 21
47.49224517279072
 31
0.0
1001
AcDbBlockRepETag
1070
     1
1071
       43
1005
7FA
  0
LINE
  5
7FB
330
78C
100
AcDbEntity
  8
LONGARINA
  6
CONTINU
 48
2.0
370
    -2
100
AcDbLine
 10
4.681227650842629
 20
44.49592041727738
 30
0.0
 11
3.681227650842629
 21
44.49592041727738
 31
0.0
1001
AcDbBlockRepETag
1070
     1
1071
       44
1005
7FB
  0
LINE
  5
7FC
330
78C
100
AcDbEntity
  8
LONGARINA
  6
CONTINU
 48
2.0
370
    -2
100
AcDbLine
 10
3.681227650842629
 20
44.49592041727738
 30
0.0
 11
0.3115731116849929
 21
30.67304198094644
 31
0.0
1001
AcDbBlockRepETag
1070
     1
1071
       45
1005
7FC
  0
LINE
  5
7FD
330
78C
100
AcDbEntity
  8
LONGARINA
  6
CONTINU
 48
2.0
370
    -2
100
AcDbLine
 10
0.491603615693748
 20
30.27165766217513
 30
0.0
 11
7.131464728503488
 21
-2.507754827209283
 31
0.0
1001
AcDbBlockRepETag
1070
     1
1071
       46
1005
7FD
  0
LINE
  5
7FE
330
78C
100
AcDbEntity
  8
LONGARINA
  6
CONTINU
 48
2.0
370
    -2
100
AcDbLine
 10
3.681227650842629
 20
-5.504079582722625
 30
0.0
 11
0.3115731116849929
 21
-19.32695801905356
 31
0.0
1001
AcDbBlockRepETag
1070
     1
1071
       47
1005
7FE
  0
LINE
  5
7FF
330
78C
100
AcDbEntity
  8
LONGARINA
  6
CONTINU
 48
2.0
370
    -2
100
AcDbLine
 10
0.491603615693748
 20
-19.72834233782487
 30
0.0
 11
3.201360649196431
 21
-33.1057672626921
 31
0.0
1001
AcDbBlockRepETag
1070
     1
1071
       48
1005
7FF
  0
LINE
  5
800
330
78C
100
AcDbEntity
  8
LONGARINA
  6
CONTINU
 48
2.0
370
    -2
100
AcDbLine
 10
3.201360649196431
 20
-33.1057672626921
 30
0.0
 11
6.088111995137297
 21
-38.1057672626921
 31
0.0
1001
AcDbBlockRepETag
1070
     1
1071
       49
1005
800
  0
LINE
  5
801
330
78C
100
AcDbEntity
  8
LONGARINA
  6
CONTINU
 48
2.0
370
    -2
100
AcDbLine
 10
12.82874225988053
 20
-38.1057672626921
 30
0.0
 11
15.71549360593781
 21
-33.1057672627212
 31
0.0
1001
AcDbBlockRepETag
1070
     1
1071
       50
1005
801
  0
LINE
  5
802
330
78C
100
AcDbEntity
  8
LONGARINA
  6
CONTINU
 48
2.0
370
    -2
100
AcDbLine
 10
15.71549360593781
 20
-33.1057672627212
 30
0.0
 11
15.71549360593781
 21
106.8942327372788
 31
0.0
1001
AcDbBlockRepETag
1070
     1
1071
       51
1005
802
  0
LINE
  5
803
330
78C
100
AcDbEntity
  8
LONGARINA
  6
CONTINU
 48
2.0
370
    -2
100
AcDbLine
 10
15.71549360593781
 20
106.8942327372788
 30
0.0
 11
12.82874225988053
 21
111.8942327372788
 31
0.0
1001
AcDbBlockRepETag
1070
     1
1071
       52
1005
803
  0
LINE
  5
804
330
78C
100
AcDbEntity
  8
LONGARINA
  6
CONTINU
 48
2.0
370
    -2
100
AcDbLine
 10
6.088111995137297
 20
111.8942327372788
 30
0.0
 11
4.700877974973992
 21
109.4914729323355
 31
0.0
1001
AcDbBlockRepETag
1070
     1
1071
       53
1005
804
  0
LINE
  5
805
330
78C
100
AcDbEntity
  8
LONGARINA
  6
CONTINU
 48
2.0
370
    -2
100
AcDbLine
 10
4.700877974973992
 20
109.4914729323355
 30
0.0
 11
7.131466130842455
 21
97.49223824901856
 31
0.0
1001
AcDbBlockRepETag
1070
     1
1071
       54
1005
805
  0
LINE
  5
806
330
78C
100
AcDbEntity
  8
LONGARINA
  6
CONTINU
 48
2.0
370
    -2
100
AcDbLine
 10
6.088111995137297
 20
-38.1057672626921
 30
0.0
 11
12.61549360584468
 21
-38.1057672626921
 31
0.0
1001
AcDbBlockRepETag
1070
     1
1071
       55
1005
806
  0
LINE
  5
807
330
78C
100
AcDbEntity
  8
LONGARINA
  6
CONTINU
 48
2.0
370
    -2
100
AcDbLine
 10
12.61549360584468
 20
-38.1057672626921
 30
0.0
 11
12.82874225988053
 21
-38.1057672626921
 31
0.0
1001
AcDbBlockRepETag
1070
     1
1071
       56
1005
807
  0
LINE
  5
808
330
78C
100
AcDbEntity
  8
LONGARINA
  6
CONTINU
 48
2.0
370
    -2
100
AcDbLine
 10
12.82874225988053
 20
111.8942327372788
 30
0.0
 11
12.61549360584468
 21
111.8942327372788
 31
0.0
1001
AcDbBlockRepETag
1070
     1
1071
       57
1005
808
  0
LINE
  5
809
330
78C
100
AcDbEntity
  8
LONGARINA
  6
CONTINU
 48
2.0
370
    -2
100
AcDbLine
 10
12.61549360584468
 20
111.8942327372788
 30
0.0
 11
6.088111995137297
 21
111.8942327372788
 31
0.0
1001
AcDbBlockRepETag
1070
     1
1071
       58
1005
809
  0
LINE
  5
80A
330
78C
100
AcDbEntity
  8
LONGARINA
  6
CONTINU
 48
2.0
370
    -2
100
AcDbLine
 10
19.36549360584468
 20
-33.1057672627212
 30
0.0
 11
19.36549360584468
 21
106.8942327372788
 31
0.0
1001
AcDbBlockRepETag
1070
     1
1071
       59
1005
80A
  0
LINE
  5
80B
330
78C
100
AcDbEntity
  8
LONGARINA
  6
CONTINU
 48
2.0
370
    -2
100
AcDbLine
 10
15.71549360593781
 20
106.8942327372788
 30
0.0
 11
19.36549360584468
 21
106.8942327372788
 31
0.0
1001
AcDbBlockRepETag
1070
     1
1071
       60
1005
80B
  0
LINE
  5
80C
330
78C
100
AcDbEntity
  8
LONGARINA
  6
CONTINU
 48
2.0
370
    -2
100
AcDbLine
 10
19.36549360584468
 20
-33.1057672627212
 30
0.0
 11
15.71549360593781
 21
-33.1057672626921
 31
0.0
1001
AcDbBlockRepETag
1070
     1
1071
       61
1005
80C
  0
LINE
  5
80D
330
78C
100
AcDbEntity
  8
LONGARINA
  6
CONTINU
 48
2.0
370
    -2
100
AcDbLine
 10
2.735921198618598
 20
-5.273638709477382
 30
0.0
 11
0.1350733628496528
 21
-4.639620349596953
 31
0.0
1001
AcDbBlockRepETag
1070
     1
1071
       62
1005
80D
  0
LINE
  5
80E
330
78C
100
AcDbEntity
  8
LONGARINA
  6
CONTINU
 48
2.0
370
    -2
100
AcDbLine
 10
-0.2516530692810193
 20
-18.95532312002615
 30
0.0
 11
-0.9763043854618445
 21
-18.7786721708253
 31
0.0
1001
AcDbBlockRepETag
1070
     1
1071
       63
1005
80E
  0
LINE
  5
80F
330
78C
100
AcDbEntity
  8
LONGARINA
  6
CONTINU
 48
2.0
370
    -2
100
AcDbLine
 10
-3.1806606821483
 20
-18.24130802956643
 30
0.0
 11
-0.9763043854618445
 21
-18.7786721708253
 31
0.0
1001
AcDbBlockRepETag
1070
     1
1071
       64
1005
80F
  0
LINE
  5
810
330
78C
100
AcDbEntity
  8
LONGARINA
  6
CONTINU
 48
2.0
370
    -2
100
AcDbLine
 10
-3.1806606821483
 20
-18.24130802953732
 30
0.0
 11
0.1350733628496528
 21
-4.639620349596953
 31
0.0
1001
AcDbBlockRepETag
1070
     1
1071
       65
1005
810
  0
LINE
  5
811
330
78C
100
AcDbEntity
  8
LONGARINA
  6
CONTINU
 48
2.0
370
    -2
100
AcDbLine
 10
2.735921198618598
 20
44.72636129052262
 30
0.0
 11
0.1350733628496528
 21
45.36037965040305
 31
0.0
1001
AcDbBlockRepETag
1070
     1
1071
       66
1005
811
  0
LINE
  5
812
330
78C
100
AcDbEntity
  8
LONGARINA
  6
CONTINU
 48
2.0
370
    -2
100
AcDbLine
 10
2.735921198618598
 20
44.72636129052262
 30
0.0
 11
3.681227650842629
 21
44.49592041727738
 31
0.0
1001
AcDbBlockRepETag
1070
     1
1071
       67
1005
812
  0
LINE
  5
813
330
78C
100
AcDbEntity
  8
LONGARINA
  6
CONTINU
 48
2.0
370
    -2
100
AcDbLine
 10
-0.2516530692810193
 20
31.04467687997385
 30
0.0
 11
-3.1806606821483
 21
31.75869197037537
 31
0.0
1001
AcDbBlockRepETag
1070
     1
1071
       68
1005
813
  0
LINE
  5
814
330
78C
100
AcDbEntity
  8
LONGARINA
  6
CONTINU
 48
2.0
370
    -2
100
AcDbLine
 10
-3.1806606821483
 20
31.75869197037537
 30
0.0
 11
0.1350733628496528
 21
45.36037965040305
 31
0.0
1001
AcDbBlockRepETag
1070
     1
1071
       69
1005
814
  0
LINE
  5
815
330
78C
100
AcDbEntity
  8
LONGARINA
  6
CONTINU
 48
2.0
370
    -2
100
AcDbLine
 10
-3.180660685990006
 20
81.758691971394
 30
0.0
 11
-0.2516506365500391
 21
81.04467508310336
 31
0.0
1001
AcDbBlockRepETag
1070
     1
1071
       70
1005
815
  0
LINE
  5
816
330
78C
100
AcDbEntity
  8
LONGARINA
  6
CONTINU
 48
2.0
370
    -2
100
AcDbLine
 10
-3.180660685990006
 20
81.7586919713649
 30
0.0
 11
0.1350733628496528
 21
95.36037965040305
 31
0.0
1001
AcDbBlockRepETag
1070
     1
1071
       71
1005
816
  0
LINE
  5
817
330
78C
100
AcDbEntity
  8
LONGARINA
  6
CONTINU
 48
2.0
370
    -2
100
AcDbLine
 10
0.1350733628496528
 20
95.36037965040305
 30
0.0
 11
3.681227650842629
 21
94.49592041724827
 31
0.0
1001
AcDbBlockRepETag
1070
     1
1071
       72
1005
817
  0
ARC
  5
818
330
78C
100
AcDbEntity
  8
LONGARINA
  6
CONTINU
 48
2.0
370
    -2
100
AcDbCircle
 10
4.68122973293066
 20
96.99591602478176
 30
0.0
 40
2.499995607534359
100
AcDbArc
 50
269.9999522819734
 51
11.45099897178764
1001
AcDbBlockRepETag
1070
     1
1071
       73
1005
818
  0
ARC
  5
819
330
78C
100
AcDbEntity
  8
LONGARINA
  6
CONTINU
 48
2.0
370
    -2
100
AcDbCircle
 10
-0.4952757746214047
 20
80.06660290967557
 30
0.0
 40
1.007957531003227
100
AcDbArc
 50
11.73795370551387
 51
76.01299690965583
1001
AcDbBlockRepETag
1070
     1
1071
       74
1005
819
  0
ARC
  5
81A
330
78C
100
AcDbEntity
  8
LONGARINA
  6
CONTINU
 48
2.0
370
    -2
100
AcDbCircle
 10
-0.4952782073523849
 20
30.06660470654606
 30
0.0
 40
1.007957531003227
100
AcDbArc
 50
11.73795370551387
 51
76.01299690965583
1001
AcDbBlockRepETag
1070
     1
1071
       75
1005
81A
  0
ARC
  5
81B
330
78C
100
AcDbEntity
  8
LONGARINA
  6
CONTINU
 48
2.0
370
    -2
100
AcDbCircle
 10
-0.4952782073523849
 20
-19.93339529345394
 30
0.0
 40
1.007957531003227
100
AcDbArc
 50
11.73795370551387
 51
76.01299690965583
1001
AcDbBlockRepETag
1070
     1
1071
       76
1005
81B
  0
ARC
  5
81C
330
78C
100
AcDbEntity
  8
LONGARINA
  6
CONTINU
 48
2.0
370
    -2
100
AcDbCircle
 10
4.68122973293066
 20
96.99591602472356
 30
0.0
 40
2.499995607447048
100
AcDbArc
 50
269.9999522819734
 51
11.45099897388351
1001
AcDbBlockRepETag
1070
     1
1071
       77
1005
81C
  0
ARC
  5
81D
330
78C
100
AcDbEntity
  8
LONGARINA
  6
CONTINU
 48
2.0
370
    -2
100
AcDbCircle
 10
4.68122973293066
 20
46.99591602472356
 30
0.0
 40
2.499995607447048
100
AcDbArc
 50
269.9999522819734
 51
11.45099897388351
1001
AcDbBlockRepETag
1070
     1
1071
       78
1005
81D
  0
ARC
  5
81E
330
78C
100
AcDbEntity
  8
LONGARINA
  6
CONTINU
 48
2.0
370
    -2
100
AcDbCircle
 10
4.68122973293066
 20
-3.004083975276444
 30
0.0
 40
2.499995607447048
100
AcDbArc
 50
269.9999522819734
 51
11.45099897388351
1001
AcDbBlockRepETag
1070
     1
1071
       79
1005
81E
  0
LINE
  5
81F
330
78C
100
AcDbEntity
  8
LONGARINA
  6
CONTINU
 48
2.0
370
    -2
100
AcDbLine
 10
1912.365493605728
 20
26.89423273723185
 30
0.0
 11
19.36549360584468
 21
26.8942327372788
 31
0.0
1001
AcDbBlockRepETag
1070
     1
1071
       80
1005
81F
  0
LINE
  5
820
330
78C
100
AcDbEntity
  8
LONGARINA
  6
CONTINU
 48
2.0
370
    -2
100
AcDbLine
 10
1912.365493605728
 20
106.8942327372318
 30
0.0
 11
19.36549360584468
 21
106.8942327372788
 31
0.0
1001
AcDbBlockRepETag
1070
     1
1071
       81
1005
820
  0
ARC
  5
821
330
78C
100
AcDbEntity
  8
LONGARINA
  6
CONTINU
 48
2.0
370
    -2
100
AcDbCircle
 10
0.0
 20
0.0
 30
0.0
 40
4.000000000006087
100
AcDbArc
 50
345.0994033113399
 51
165.09940331134
1001
AcDbBlockRepETag
1070
     1
1071
       82
1005
821
  0
ARC
  5
822
330
78C
100
AcDbEntity
  8
LONGARINA
  6
CONTINU
 48
2.0
370
    -2
100
AcDbCircle
 10
-4.5
 20
-16.91153452533763
 30
0.0
 40
4.000000000006087
100
AcDbArc
 50
165.09940331134
 51
332.1259905657013
1001
AcDbBlockRepETag
1070
     1
1071
       83
1005
822
  0
LINE
  5
823
330
78C
100
AcDbEntity
  8
LONGARINA
  6
CONTINU
 48
2.0
370
    -2
100
AcDbLine
 10
3.865493605844676
 20
-1.028571428585565
 30
0.0
 11
2.735921198502183
 21
-5.273638709448278
 31
0.0
1001
AcDbBlockRepETag
1070
     1
1071
       84
1005
823
  0
LINE
  5
824
330
78C
100
AcDbEntity
  8
LONGARINA
  6
CONTINU
 48
2.0
370
    -2
100
AcDbLine
 10
-8.365493605728261
 20
-15.88296309675206
 30
0.0
 11
-3.865493605844676
 21
1.028571428556461
 31
0.0
1001
AcDbBlockRepETag
1070
     1
1071
       85
1005
824
  0
LINE
  5
825
330
78C
100
AcDbEntity
  8
LONGARINA
  6
CONTINU
 48
2.0
370
    -2
100
AcDbLine
 10
1927.04975956073
 20
94.49592041725953
 30
0.0
 11
1928.04975956073
 21
94.49592041725953
 31
0.0
1001
AcDbBlockRepETag
1070
     1
1071
       86
1005
825
  0
LINE
  5
826
330
78C
100
AcDbEntity
  8
LONGARINA
  6
CONTINU
 48
2.0
370
    -2
100
AcDbLine
 10
1928.04975956073
 20
94.49592041725953
 30
0.0
 11
1931.419414099888
 21
80.67304198092859
 31
0.0
1001
AcDbBlockRepETag
1070
     1
1071
       87
1005
826
  0
LINE
  5
827
330
78C
100
AcDbEntity
  8
LONGARINA
  6
CONTINU
 48
2.0
370
    -2
100
AcDbLine
 10
1931.239383595879
 20
80.27165766215728
 30
0.0
 11
1924.599522483069
 21
47.49224517277287
 31
0.0
1001
AcDbBlockRepETag
1070
     1
1071
       88
1005
827
  0
LINE
  5
828
330
78C
100
AcDbEntity
  8
LONGARINA
  6
CONTINU
 48
2.0
370
    -2
100
AcDbLine
 10
1927.04975956073
 20
44.49592041725953
 30
0.0
 11
1928.04975956073
 21
44.49592041725953
 31
0.0
1001
AcDbBlockRepETag
1070
     1
1071
       89
1005
828
  0
LINE
  5
829
330
78C
100
AcDbEntity
  8
LONGARINA
  6
CONTINU
 48
2.0
370
    -2
100
AcDbLine
 10
1928.04975956073
 20
44.49592041725953
 30
0.0
 11
1931.419414099888
 21
30.67304198092859
 31
0.0
1001
AcDbBlockRepETag
1070
     1
1071
       90
1005
829
  0
LINE
  5
82A
330
78C
100
AcDbEntity
  8
LONGARINA
  6
CONTINU
 48
2.0
370
    -2
100
AcDbLine
 10
1931.239383595879
 20
30.27165766215728
 30
0.0
 11
1924.599522483069
 21
-2.507754827227131
 31
0.0
1001
AcDbBlockRepETag
1070
     1
1071
       91
1005
82A
  0
LINE
  5
82B
330
78C
100
AcDbEntity
  8
LONGARINA
  6
CONTINU
 48
2.0
370
    -2
100
AcDbLine
 10
1927.04975956073
 20
-5.504079582740474
 30
0.0
 11
1928.04975956073
 21
-5.504079582740474
 31
0.0
1001
AcDbBlockRepETag
1070
     1
1071
       92
1005
82B
  0
LINE
  5
82C
330
78C
100
AcDbEntity
  8
LONGARINA
  6
CONTINU
 48
2.0
370
    -2
100
AcDbLine
 10
1928.04975956073
 20
-5.504079582740474
 30
0.0
 11
1931.419414099888
 21
-19.32695801907141
 31
0.0
1001
AcDbBlockRepETag
1070
     1
1071
       93
1005
82C
  0
LINE
  5
82D
330
78C
100
AcDbEntity
  8
LONGARINA
  6
CONTINU
 48
2.0
370
    -2
100
AcDbLine
 10
1931.239383595879
 20
-19.72834233784272
 30
0.0
 11
1928.529626562376
 21
-33.10576726270995
 31
0.0
1001
AcDbBlockRepETag
1070
     1
1071
       94
1005
82D
  0
LINE
  5
82E
330
78C
100
AcDbEntity
  8
LONGARINA
  6
CONTINU
 48
2.0
370
    -2
100
AcDbLine
 10
1928.529626562376
 20
-33.10576726270995
 30
0.0
 11
1925.642875216435
 21
-38.10576726270995
 31
0.0
1001
AcDbBlockRepETag
1070
     1
1071
       95
1005
82E
  0
LINE
  5
82F
330
78C
100
AcDbEntity
  8
LONGARINA
  6
CONTINU
 48
2.0
370
    -2
100
AcDbLine
 10
1918.902244951692
 20
-38.10576726270995
 30
0.0
 11
1916.015493605635
 21
-33.10576726273905
 31
0.0
1001
AcDbBlockRepETag
1070
     1
1071
       96
1005
82F
  0
LINE
  5
830
330
78C
100
AcDbEntity
  8
LONGARINA
  6
CONTINU
 48
2.0
370
    -2
100
AcDbLine
 10
1916.015493605635
 20
106.8942327372609
 30
0.0
 11
1918.902244951692
 21
111.8942327372609
 31
0.0
1001
AcDbBlockRepETag
1070
     1
1071
       97
1005
830
  0
LINE
  5
831
330
78C
100
AcDbEntity
  8
LONGARINA
  6
CONTINU
 48
2.0
370
    -2
100
AcDbLine
 10
1925.642875216435
 20
111.8942327372609
 30
0.0
 11
1927.030109236599
 21
109.4914729323176
 31
0.0
1001
AcDbBlockRepETag
1070
     1
1071
       98
1005
831
  0
LINE
  5
832
330
78C
100
AcDbEntity
  8
LONGARINA
  6
CONTINU
 48
2.0
370
    -2
100
AcDbLine
 10
1927.030109236599
 20
109.4914729323176
 30
0.0
 11
1924.59952108073
 21
97.4922382490007
 31
0.0
1001
AcDbBlockRepETag
1070
     1
1071
       99
1005
832
  0
LINE
  5
833
330
78C
100
AcDbEntity
  8
LONGARINA
  6
CONTINU
 48
2.0
370
    -2
100
AcDbLine
 10
1927.04975956073
 20
94.49592041723042
 30
0.0
 11
1928.04975956073
 21
94.49592041723042
 31
0.0
1001
AcDbBlockRepETag
1070
     1
1071
      100
1005
833
  0
LINE
  5
834
330
78C
100
AcDbEntity
  8
LONGARINA
  6
CONTINU
 48
2.0
370
    -2
100
AcDbLine
 10
1925.642875216435
 20
-38.10576726270995
 30
0.0
 11
1919.115493605728
 21
-38.10576726270995
 31
0.0
1001
AcDbBlockRepETag
1070
     1
1071
      101
1005
834
  0
LINE
  5
835
330
78C
100
AcDbEntity
  8
LONGARINA
  6
CONTINU
 48
2.0
370
    -2
100
AcDbLine
 10
1919.115493605728
 20
-38.10576726270995
 30
0.0
 11
1918.902244951692
 21
-38.10576726270995
 31
0.0
1001
AcDbBlockRepETag
1070
     1
1071
      102
1005
835
  0
LINE
  5
836
330
78C
100
AcDbEntity
  8
LONGARINA
  6
CONTINU
 48
2.0
370
    -2
100
AcDbLine
 10
1918.902244951692
 20
111.8942327372609
 30
0.0
 11
1919.115493605728
 21
111.8942327372609
 31
0.0
1001
AcDbBlockRepETag
1070
     1
1071
      103
1005
836
  0
LINE
  5
837
330
78C
100
AcDbEntity
  8
LONGARINA
  6
CONTINU
 48
2.0
370
    -2
100
AcDbLine
 10
1919.115493605728
 20
111.8942327372609
 30
0.0
 11
1925.642875216435
 21
111.8942327372609
 31
0.0
1001
AcDbBlockRepETag
1070
     1
1071
      104
1005
837
  0
LINE
  5
838
330
78C
100
AcDbEntity
  8
LONGARINA
  6
CONTINU
 48
2.0
370
    -2
100
AcDbLine
 10
1912.365493605728
 20
-33.10576726273905
 30
0.0
 11
1912.365493605728
 21
106.8942327372609
 31
0.0
1001
AcDbBlockRepETag
1070
     1
1071
      105
1005
838
  0
LINE
  5
839
330
78C
100
AcDbEntity
  8
LONGARINA
  6
CONTINU
 48
2.0
370
    -2
100
AcDbLine
 10
1916.015493605635
 20
106.8942327372609
 30
0.0
 11
1912.365493605728
 21
106.8942327372609
 31
0.0
1001
AcDbBlockRepETag
1070
     1
1071
      106
1005
839
  0
LINE
  5
83A
330
78C
100
AcDbEntity
  8
LONGARINA
  6
CONTINU
 48
2.0
370
    -2
100
AcDbLine
 10
1912.365493605728
 20
-33.10576726273905
 30
0.0
 11
1916.015493605635
 21
-33.10576726273905
 31
0.0
1001
AcDbBlockRepETag
1070
     1
1071
      107
1005
83A
  0
LINE
  5
83B
330
78C
100
AcDbEntity
  8
LONGARINA
  6
CONTINU
 48
2.0
370
    -2
100
AcDbLine
 10
1928.995066012954
 20
-5.273638709495231
 30
0.0
 11
1931.595913848723
 21
-4.639620349614802
 31
0.0
1001
AcDbBlockRepETag
1070
     1
1071
      108
1005
83B
  0
LINE
  5
83C
330
78C
100
AcDbEntity
  8
LONGARINA
  6
CONTINU
 48
2.0
370
    -2
100
AcDbLine
 10
1928.995066012954
 20
-5.273638709495231
 30
0.0
 11
1928.04975956073
 21
-5.504079582740474
 31
0.0
1001
AcDbBlockRepETag
1070
     1
1071
      109
1005
83C
  0
LINE
  5
83D
330
78C
100
AcDbEntity
  8
LONGARINA
  6
CONTINU
 48
2.0
370
    -2
100
AcDbLine
 10
1931.982640280854
 20
-18.955323120044
 30
0.0
 11
1932.707291597034
 21
-18.77867217084315
 31
0.0
1001
AcDbBlockRepETag
1070
     1
1071
      110
1005
83D
  0
LINE
  5
83E
330
78C
100
AcDbEntity
  8
LONGARINA
  6
CONTINU
 48
2.0
370
    -2
100
AcDbLine
 10
1934.911647893721
 20
-18.24130802958427
 30
0.0
 11
1932.707291597034
 21
-18.77867217084315
 31
0.0
1001
AcDbBlockRepETag
1070
     1
1071
      111
1005
83E
  0
LINE
  5
83F
330
78C
100
AcDbEntity
  8
LONGARINA
  6
CONTINU
 48
2.0
370
    -2
100
AcDbLine
 10
1934.911647893721
 20
-18.24130802955517
 30
0.0
 11
1931.595913848723
 21
-4.639620349614802
 31
0.0
1001
AcDbBlockRepETag
1070
     1
1071
      112
1005
83F
  0
LINE
  5
840
330
78C
100
AcDbEntity
  8
LONGARINA
  6
CONTINU
 48
2.0
370
    -2
100
AcDbLine
 10
1928.995066012954
 20
44.72636129050477
 30
0.0
 11
1931.595913848723
 21
45.3603796503852
 31
0.0
1001
AcDbBlockRepETag
1070
     1
1071
      113
1005
840
  0
LINE
  5
841
330
78C
100
AcDbEntity
  8
LONGARINA
  6
CONTINU
 48
2.0
370
    -2
100
AcDbLine
 10
1928.995066012954
 20
44.72636129050477
 30
0.0
 11
1928.04975956073
 21
44.49592041725953
 31
0.0
1001
AcDbBlockRepETag
1070
     1
1071
      114
1005
841
  0
LINE
  5
842
330
78C
100
AcDbEntity
  8
LONGARINA
  6
CONTINU
 48
2.0
370
    -2
100
AcDbLine
 10
1931.982640280854
 20
31.044676879956
 30
0.0
 11
1934.911647893721
 21
31.75869197035752
 31
0.0
1001
AcDbBlockRepETag
1070
     1
1071
      115
1005
842
  0
LINE
  5
843
330
78C
100
AcDbEntity
  8
LONGARINA
  6
CONTINU
 48
2.0
370
    -2
100
AcDbLine
 10
1934.911647893721
 20
31.75869197035752
 30
0.0
 11
1931.595913848723
 21
45.3603796503852
 31
0.0
1001
AcDbBlockRepETag
1070
     1
1071
      116
1005
843
  0
LINE
  5
844
330
78C
100
AcDbEntity
  8
LONGARINA
  6
CONTINU
 48
2.0
370
    -2
100
AcDbLine
 10
1928.995066012954
 20
94.72636129050477
 30
0.0
 11
1931.595913848723
 21
95.3603796503852
 31
0.0
1001
AcDbBlockRepETag
1070
     1
1071
      117
1005
844
  0
LINE
  5
845
330
78C
100
AcDbEntity
  8
LONGARINA
  6
CONTINU
 48
2.0
370
    -2
100
AcDbLine
 10
1928.995066012954
 20
94.72636129050477
 30
0.0
 11
1928.04975956073
 21
94.49592041725953
 31
0.0
1001
AcDbBlockRepETag
1070
     1
1071
      118
1005
845
  0
LINE
  5
846
330
78C
100
AcDbEntity
  8
LONGARINA
  6
CONTINU
 48
2.0
370
    -2
100
AcDbLine
 10
1934.911647897563
 20
81.75869197137615
 30
0.0
 11
1931.982637848123
 21
81.04467508308551
 31
0.0
1001
AcDbBlockRepETag
1070
     1
1071
      119
1005
846
  0
LINE
  5
847
330
78C
100
AcDbEntity
  8
LONGARINA
  6
CONTINU
 48
2.0
370
    -2
100
AcDbLine
 10
1934.911647897563
 20
81.75869197134705
 30
0.0
 11
1931.595913848723
 21
95.3603796503852
 31
0.0
1001
AcDbBlockRepETag
1070
     1
1071
      120
1005
847
  0
LINE
  5
848
330
78C
100
AcDbEntity
  8
LONGARINA
  6
CONTINU
 48
2.0
370
    -2
100
AcDbLine
 10
1931.595913848723
 20
95.3603796503852
 30
0.0
 11
1928.04975956073
 21
94.49592041723042
 31
0.0
1001
AcDbBlockRepETag
1070
     1
1071
      121
1005
848
  0
ARC
  5
849
330
78C
100
AcDbEntity
  8
LONGARINA
  6
CONTINU
 48
2.0
370
    -2
100
AcDbCircle
 10
1927.049757478643
 20
96.99591602476403
 30
0.0
 40
2.499995607535101
100
AcDbArc
 50
168.5490010282144
 51
270.0000477180057
1001
AcDbBlockRepETag
1070
     1
1071
      122
1005
849
  0
ARC
  5
84A
330
78C
100
AcDbEntity
  8
LONGARINA
  6
CONTINU
 48
2.0
370
    -2
100
AcDbCircle
 10
1932.226262986195
 20
80.06660290965749
 30
0.0
 40
1.007957531004038
100
AcDbArc
 50
103.987003090385
 51
168.2620462944777
1001
AcDbBlockRepETag
1070
     1
1071
      123
1005
84A
  0
ARC
  5
84B
330
78C
100
AcDbEntity
  8
LONGARINA
  6
CONTINU
 48
2.0
370
    -2
100
AcDbCircle
 10
1932.226265418925
 20
30.06660470652832
 30
0.0
 40
1.007957531003714
100
AcDbArc
 50
103.9870030902831
 51
168.2620462944903
1001
AcDbBlockRepETag
1070
     1
1071
      124
1005
84B
  0
ARC
  5
84C
330
78C
100
AcDbEntity
  8
LONGARINA
  6
CONTINU
 48
2.0
370
    -2
100
AcDbCircle
 10
1932.226265418925
 20
-19.93339529347179
 30
0.0
 40
1.007957531003726
100
AcDbArc
 50
103.9870030902831
 51
168.262046294484
1001
AcDbBlockRepETag
1070
     1
1071
      125
1005
84C
  0
ARC
  5
84D
330
78C
100
AcDbEntity
  8
LONGARINA
  6
CONTINU
 48
2.0
370
    -2
100
AcDbCircle
 10
1927.049757478642
 20
96.9959160247056
 30
0.0
 40
2.499995607446286
100
AcDbArc
 50
168.5490010261077
 51
270.0000477180266
1001
AcDbBlockRepETag
1070
     1
1071
      126
1005
84D
  0
ARC
  5
84E
330
78C
100
AcDbEntity
  8
LONGARINA
  6
CONTINU
 48
2.0
370
    -2
100
AcDbCircle
 10
1927.049757478642
 20
46.99591602470559
 30
0.0
 40
2.499995607446283
100
AcDbArc
 50
168.5490010261077
 51
270.0000477180266
1001
AcDbBlockRepETag
1070
     1
1071
      127
1005
84E
  0
ARC
  5
84F
330
78C
100
AcDbEntity
  8
LONGARINA
  6
CONTINU
 48
2.0
370
    -2
100
AcDbCircle
 10
1927.049757478642
 20
-3.004083975294407
 30
0.0
 40
2.499995607446285
100
AcDbArc
 50
168.5490010261077
 51
270.0000477180266
1001
AcDbBlockRepETag
1070
     1
1071
      128
1005
84F
  0
ARC
  5
850
330
78C
100
AcDbEntity
  8
LONGARINA
  6
CONTINU
 48
2.0
370
    -2
100
AcDbCircle
 10
1931.730987211573
 20
-0.0000000000178488
 30
0.0
 40
4.000000000006055
100
AcDbArc
 50
14.9005966886569
 51
194.9005966886632
1001
AcDbBlockRepETag
1070
     1
1071
      129
1005
850
  0
ARC
  5
851
330
78C
100
AcDbEntity
  8
LONGARINA
  6
CONTINU
 48
2.0
370
    -2
100
AcDbCircle
 10
1936.230987211573
 20
-16.91153452535559
 30
0.0
 40
4.000000000006022
100
AcDbArc
 50
207.8740094345566
 51
14.90059668865847
1001
AcDbBlockRepETag
1070
     1
1071
      130
1005
851
  0
LINE
  5
852
330
78C
100
AcDbEntity
  8
LONGARINA
  6
CONTINU
 48
2.0
370
    -2
100
AcDbLine
 10
1927.865493605728
 20
-1.028571428603414
 30
0.0
 11
1928.99506601307
 21
-5.273638709466127
 31
0.0
1001
AcDbBlockRepETag
1070
     1
1071
      131
1005
852
  0
LINE
  5
853
330
78C
100
AcDbEntity
  8
LONGARINA
  6
CONTINU
 48
2.0
370
    -2
100
AcDbLine
 10
1940.096480817301
 20
-15.88296309676991
 30
0.0
 11
1935.596480817417
 21
1.028571428538612
 31
0.0
1001
AcDbBlockRepETag
1070
     1
1071
      132
1005
853
  0
LINE
  5
854
330
78C
100
AcDbEntity
  8
LONGARINA
  6
CONTINU
 48
2.0
370
    -2
100
AcDbLine
 10
1915.865493605728
 20
-33.10576726273905
 30
0.0
 11
1915.865493605728
 21
106.8942327372609
 31
0.0
1001
AcDbBlockRepETag
1070
     1
1071
      133
1005
854
  0
ENDBLK
  5
856
330
78C
100
AcDbEntity
  8
0
100
AcDbBlockEnd
  0
ENDSEC
  0
SECTION
  2
ENTITIES
  0
INSERT
  5
857
330
1F
100
AcDbEntity
  8
0
100
AcDbBlockReference
  2
DI_LGTOPO
 10
2229.366746130769
 20
811.3240000444143
 30
0.0
  0
ENDSEC
  0
SECTION
  2
OBJECTS
  0
DICTIONARY
  5
C
330
0
100
AcDbDictionary
281
     1
  3
ACAD_CIP_PREVIOUS_PRODUCT_INFO
350
216
  3
ACAD_COLOR
350
6B
  3
ACAD_DETAILVIEWSTYLE
350
21B
  3
ACAD_DGNDEFINITIONS
350
283
  3
ACAD_DWFDEFINITIONS
350
282
  3
ACAD_GROUP
350
D
  3
ACAD_IMAGE_DICT
350
27B
  3
ACAD_LAYOUT
350
1A
  3
ACAD_MATERIAL
350
6A
  3
ACAD_MLEADERSTYLE
350
12D
  3
ACAD_MLINESTYLE
350
17
  3
ACAD_PDFDEFINITIONS
350
281
  3
ACAD_PLOTSETTINGS
350
19
  3
ACAD_PLOTSTYLENAME
350
E
  3
ACAD_SCALELIST
350
10C
  3
ACAD_SECTIONVIEWSTYLE
350
219
  3
ACAD_TABLESTYLE
350
7E
  3
ACAD_VISUALSTYLE
350
EF
  3
ACDB_RECOMPOSE_DATA
350
88E
  3
AcDbVariableDictionary
350
5E
  0
SUN
  5
27F
330
EA
100
AcDbSun
 90
        1
290
     0
 63
     7
421
 16777215
 40
1.0
291
     1
 91
  2455826
 92
 54000000
292
     0
 70
     2
 71
   256
280
     1
  0
DICTIONARY
  5
1FF
330
2
100
AcDbDictionary
280
     1
281
     1
  3
ACAD_LAYERSTATES
360
200
  0
DICTIONARY
  5
285
330
284
100
AcDbDictionary
280
     1
281
     1
  3
ADSK_XREC_LAYER_RECONCILED
360
286
  0
DICTIONARY
  5
28D
330
28C
100
AcDbDictionary
280
     1
281
     1
  3
ADSK_XREC_LAYER_RECONCILED
360
28E
  0
DICTIONARY
  5
291
330
290
100
AcDbDictionary
280
     1
281
     1
  3
ADSK_XREC_LAYER_RECONCILED
360
292
  0
DICTIONARY
  5
294
330
293
100
AcDbDictionary
280
     1
281
     1
  3
ADSK_XREC_LAYER_RECONCILED
360
295
  0
DICTIONARY
  5
2D1
330
2D0
100
AcDbDictionary
280
     1
281
     1
  3
ACAD_ENHANCEDBLOCK
360
2D2
  3
AcDbDynamicBlockRoundTripPurgePreventer
360
2E6
  0
XRECORD
  5
216
102
{ACAD_REACTORS
330
C
102
}
330
C
100
AcDbXrecord
280
     1
300
ACD
300
2019
300

  0
DICTIONARY
  5
6B
102
{ACAD_REACTORS
330
C
102
}
330
C
100
AcDbDictionary
281
     1
  0
DICTIONARY
  5
21B
102
{ACAD_REACTORS
330
C
102
}
330
C
100
AcDbDictionary
281
     1
  3
Metric50
350
21C
  0
DICTIONARY
  5
283
102
{ACAD_REACTORS
330
C
102
}
330
C
100
AcDbDictionary
281
     1
  0
DICTIONARY
  5
282
102
{ACAD_REACTORS
330
C
102
}
330
C
100
AcDbDictionary
281
     1
  0
DICTIONARY
  5
D
102
{ACAD_REACTORS
330
C
102
}
330
C
100
AcDbDictionary
281
     1
  0
DICTIONARY
  5
27B
102
{ACAD_REACTORS
330
C
102
}
330
C
100
AcDbDictionary
281
     1
  0
DICTIONARY
  5
1A
102
{ACAD_REACTORS
330
C
102
}
330
C
100
AcDbDictionary
281
     1
  3
Layout1
350
D3
  3
Layout2
350
D7
  3
Model
350
22
  0
DICTIONARY
  5
6A
102
{ACAD_REACTORS
330
C
102
}
330
C
100
AcDbDictionary
281
     1
  3
ByBlock
350
ED
  3
ByLayer
350
EC
  3
Global
350
EE
  0
DICTIONARY
  5
12D
102
{ACAD_REACTORS
330
C
102
}
330
C
100
AcDbDictionary
281
     1
  3
Annotative
350
13B
  3
Standard
350
12E
  0
DICTIONARY
  5
17
102
{ACAD_REACTORS
330
C
102
}
330
C
100
AcDbDictionary
281
     1
  3
Standard
350
18
  0
DICTIONARY
  5
281
102
{ACAD_REACTORS
330
C
102
}
330
C
100
AcDbDictionary
281
     1
  0
DICTIONARY
  5
19
102
{ACAD_REACTORS
330
C
102
}
330
C
100
AcDbDictionary
281
     1
  0
ACDBDICTIONARYWDFLT
  5
E
102
{ACAD_REACTORS
330
C
102
}
330
C
100
AcDbDictionary
281
     1
  3
Normal
350
F
100
AcDbDictionaryWithDefault
340
F
  0
DICTIONARY
  5
10C
102
{ACAD_REACTORS
330
C
102
}
330
C
100
AcDbDictionary
281
     1
  3
A0
350
10D
  3
A1
350
1BE
  3
A2
350
1BF
  3
A3
350
1C0
  3
A4
350
1C1
  3
A5
350
1C2
  3
A6
350
1C3
  3
A7
350
1C4
  3
A8
350
1C5
  3
A9
350
1C6
  3
B0
350
1C7
  3
B1
350
1C8
  3
B2
350
1C9
  3
B3
350
1CA
  3
B4
350
1CB
  3
B5
350
1CC
  3
B6
350
1CD
  0
DICTIONARY
  5
219
102
{ACAD_REACTORS
330
C
102
}
330
C
100
AcDbDictionary
281
     1
  3
Metric50
350
21A
  0
DICTIONARY
  5
7E
102
{ACAD_REACTORS
330
C
102
}
330
C
100
AcDbDictionary
281
     1
  3
Standard
350
7F
  0
DICTIONARY
  5
EF
102
{ACAD_REACTORS
330
C
102
}
330
C
100
AcDbDictionary
281
     1
  3
2dWireframe
350
F5
  3
Basic
350
F4
  3
Brighten
350
FB
  3
ColorChange
350
FF
  3
Conceptual
350
F8
  3
Dim
350
FA
  3
EdgeColorOff
350
1E6
  3
Facepattern
350
FE
  3
Flat
350
F0
  3
FlatWithEdges
350
F1
  3
Gouraud
350
F2
  3
GouraudWithEdges
350
F3
  3
Hidden
350
F7
  3
JitterOff
350
1E4
  3
Linepattern
350
FD
  3
OverhangOff
350
1E5
  3
Realistic
350
F9
  3
Shaded
350
1F3
  3
Shaded with edges
350
1F2
  3
Shades of Gray
350
1EF
  3
Sketchy
350
1F0
  3
Thicken
350
FC
  3
Wireframe
350
F6
  3
X-Ray
350
1F1
  0
XRECORD
  5
88E
102
{ACAD_REACTORS
330
C
102
}
330
C
100
AcDbXrecord
280
     1
 90
        1
330
7F
  0
DICTIONARY
  5
5E
102
{ACAD_REACTORS
330
C
102
}
330
C
100
AcDbDictionary
281
     1
  3
CANNOSCALE
350
146
  3
CENTEREXE
350
259
  3
CENTERLTYPEFILE
350
25A
  3
CMLEADERSTYLE
350
145
  3
CTABLESTYLE
350
84
  3
CVIEWDETAILSTYLE
350
227
  3
CVIEWSECTIONSTYLE
350
228
  3
DIMASSOC
350
5F
  3
HIDETEXT
350
63
  3
LAYEREVAL
350
1AE
  3
LAYERNOTIFY
350
1AF
  0
DICTIONARY
  5
200
102
{ACAD_REACTORS
330
1FF
102
}
330
1FF
100
AcDbDictionary
281
     1
  0
XRECORD
  5
286
102
{ACAD_REACTORS
330
285
102
}
330
285
100
AcDbXrecord
280
     1
290
     0
  0
XRECORD
  5
28E
102
{ACAD_REACTORS
330
28D
102
}
330
28D
100
AcDbXrecord
280
     1
290
     0
  0
XRECORD
  5
292
102
{ACAD_REACTORS
330
291
102
}
330
291
100
AcDbXrecord
280
     1
290
     0
  0
XRECORD
  5
295
102
{ACAD_REACTORS
330
294
102
}
330
294
100
AcDbXrecord
280
     1
290
     0
  0
ACAD_EVALUATION_GRAPH
  5
2D2
102
{ACAD_REACTORS
330
2D1
102
}
330
2D1
100
AcDbEvalGraph
 96
       19
 97
       19
 91
        0
 93
       32
 95
        1
360
2D3
 92
       11
 92
       11
 92
        9
 92
       14
 91
        1
 93
       32
 95
        2
360
2D4
 92
       -1
 92
       -1
 92
       11
 92
       11
 91
        2
 93
       32
 95
        3
360
2D5
 92
        9
 92
        9
 92
       -1
 92
       -1
 91
        3
 93
       32
 95
        4
360
2D6
 92
       10
 92
       10
 92
       -1
 92
       -1
 91
        4
 93
       32
 95
        5
360
2D7
 92
       14
 92
       14
 92
       -1
 92
       -1
 91
        5
 93
       32
 95
        6
360
2D8
 92
        2
 92
        2
 92
        0
 92
        1
 91
        6
 93
       32
 95
        7
360
2D9
 92
       -1
 92
       -1
 92
        2
 92
        2
 91
        7
 93
       32
 95
        8
360
2DA
 92
        0
 92
        0
 92
       -1
 92
       -1
 91
        8
 93
       32
 95
        9
360
2DB
 92
        1
 92
        1
 92
       -1
 92
       -1
 91
        9
 93
       32
 95
       10
360
2DC
 92
        8
 92
        8
 92
        6
 92
       12
 91
       10
 93
       32
 95
       11
360
2DD
 92
       -1
 92
       -1
 92
        8
 92
        8
 91
       11
 93
       32
 95
       12
360
2DE
 92
        6
 92
        6
 92
       -1
 92
       -1
 91
       12
 93
       32
 95
       13
360
2DF
 92
        7
 92
        7
 92
       -1
 92
       -1
 91
       13
 93
       32
 95
       14
360
2E0
 92
       12
 92
       12
 92
       -1
 92
       -1
 91
       14
 93
       32
 95
       15
360
2E1
 92
        5
 92
        5
 92
        3
 92
       13
 91
       15
 93
       32
 95
       16
360
2E2
 92
       -1
 92
       -1
 92
        5
 92
        5
 91
       16
 93
       32
 95
       17
360
2E3
 92
        3
 92
        3
 92
       -1
 92
       -1
 91
       17
 93
       32
 95
       18
360
2E4
 92
        4
 92
        4
 92
       -1
 92
       -1
 91
       18
 93
       32
 95
       19
360
2E5
 92
       13
 92
       13
 92
       -1
 92
       -1
 92
        0
 93
        0
 94
        1
 91
        5
 91
        7
 92
       -1
 92
       -1
 92
       -1
 92
        1
 92
       -1
 92
        1
 93
        0
 94
        1
 91
        5
 91
        8
 92
       -1
 92
       -1
 92
        0
 92
       -1
 92
       -1
 92
        2
 93
        0
 94
        1
 91
        6
 91
        5
 92
       -1
 92
       -1
 92
       -1
 92
       -1
 92
       -1
 92
        3
 93
        0
 94
        1
 91
       14
 91
       16
 92
       -1
 92
       -1
 92
       -1
 92
        4
 92
       -1
 92
        4
 93
        0
 94
        1
 91
       14
 91
       17
 92
       -1
 92
       -1
 92
        3
 92
       13
 92
       -1
 92
        5
 93
        0
 94
        1
 91
       15
 91
       14
 92
       -1
 92
       -1
 92
       -1
 92
       -1
 92
       -1
 92
        6
 93
        0
 94
        1
 91
        9
 91
       11
 92
       -1
 92
       -1
 92
       -1
 92
        7
 92
       -1
 92
        7
 93
        0
 94
        1
 91
        9
 91
       12
 92
       -1
 92
       -1
 92
        6
 92
       12
 92
       -1
 92
        8
 93
        0
 94
        1
 91
       10
 91
        9
 92
       -1
 92
       -1
 92
       -1
 92
       -1
 92
       -1
 92
        9
 93
        0
 94
        1
 91
        0
 91
        2
 92
       -1
 92
       -1
 92
       -1
 92
       10
 92
       -1
 92
       10
 93
        0
 94
        1
 91
        0
 91
        3
 92
       -1
 92
       -1
 92
        9
 92
       14
 92
       -1
 92
       11
 93
        0
 94
        1
 91
        1
 91
        0
 92
       -1
 92
       -1
 92
       -1
 92
       -1
 92
       -1
 92
       12
 93
        0
 94
        1
 91
        9
 91
       13
 92
       -1
 92
       -1
 92
        7
 92
       -1
 92
       -1
 92
       13
 93
        0
 94
        1
 91
       14
 91
       18
 92
       -1
 92
       -1
 92
        4
 92
       -1
 92
       -1
 92
       14
 93
        0
 94
        1
 91
        0
 91
        4
 92
       -1
 92
       -1
 92
       10
 92
       -1
 92
       -1
  0
ACDB_DYNAMICBLOCKPURGEPREVENTER_VERSION
  5
2E6
102
{ACAD_REACTORS
330
2D1
102
}
330
2D1
100
AcDbDynamicBlockPurgePreventer
 70
     1
  0
ACDBDETAILVIEWSTYLE
  5
21C
102
{ACAD_REACTORS
330
21B
102
}
102
{ACAD_XDICTIONARY
360
858
102
}
330
21B
100
AcDbModelDocViewStyle
 70
     0
  3
Metric50
290
     0
100
AcDbDetailViewStyle
 70
     0
 71
     0
 90
        3
 71
     1
340
11
 62
   256
 40
5.0
340
0
 62
   256
 40
5.0
300

 40
0.0
280
     1
 71
     2
340
16
 90
       25
 62
   256
 71
     3
340
11
 62
   256
 40
5.0
 90
        0
 40
15.0
 90
        1
300
%<\AcVar ViewDetailId>% (%<\AcVar ViewScale \f "%sn">%)
 71
     4
340
16
 90
       25
 62
   256
340
16
 90
       25
 62
   256
280
     0
  0
LAYOUT
  5
D3
102
{ACAD_REACTORS
330
1A
102
}
330
1A
100
AcDbPlotSettings
  1

  2
C:\Documents and Settings\basas\Application Data\Autodesk\AutoCAD 2005\R16.1\enu\plotters\Default Windows System Printer.pc3
  4

  6

 40
0.0
 41
0.0
 42
0.0
 43
0.0
 44
0.0
 45
0.0
 46
0.0
 47
0.0
 48
0.0
 49
0.0
140
0.0
141
0.0
142
1.0
143
1.0
 70
   688
 72
     0
 73
     0
 74
     5
  7

 75
    16
 76
     0
 77
     2
 78
   300
147
1.0
148
0.0
149
0.0
100
AcDbLayout
  1
Layout1
 70
     1
 71
     1
 10
0.0
 20
0.0
 11
12.0
 21
9.0
 12
0.0
 22
0.0
 32
0.0
 14
0.0
 24
0.0
 34
0.0
 15
0.0
 25
0.0
 35
0.0
146
0.0
 13
0.0
 23
0.0
 33
0.0
 16
1.0
 26
0.0
 36
0.0
 17
0.0
 27
1.0
 37
0.0
 76
     0
330
D2
  0
LAYOUT
  5
D7
102
{ACAD_REACTORS
330
1A
102
}
330
1A
100
AcDbPlotSettings
  1

  2
C:\Documents and Settings\basas\Application Data\Autodesk\AutoCAD 2005\R16.1\enu\plotters\Default Windows System Printer.pc3
  4

  6

 40
0.0
 41
0.0
 42
0.0
 43
0.0
 44
0.0
 45
0.0
 46
0.0
 47
0.0
 48
0.0
 49
0.0
140
0.0
141
0.0
142
1.0
143
1.0
 70
   688
 72
     0
 73
     0
 74
     5
  7

 75
    16
 76
     0
 77
     2
 78
   300
147
1.0
148
0.0
149
0.0
100
AcDbLayout
  1
Layout2
 70
     1
 71
     2
 10
0.0
 20
0.0
 11
12.0
 21
9.0
 12
0.0
 22
0.0
 32
0.0
 14
0.0
 24
0.0
 34
0.0
 15
0.0
 25
0.0
 35
0.0
146
0.0
 13
0.0
 23
0.0
 33
0.0
 16
1.0
 26
0.0
 36
0.0
 17
0.0
 27
1.0
 37
0.0
 76
     0
330
D6
  0
LAYOUT
  5
22
102
{ACAD_REACTORS
330
1A
102
}
102
{ACAD_XDICTIONARY
360
205
102
}
330
1A
100
AcDbPlotSettings
  1

  2
none_device
  4
ISO_A4_(210.00_x_297.00_MM)
  6

 40
7.5
 41
20.0
 42
7.5
 43
20.0
 44
210.0
 45
297.0
 46
11.54999923706055
 47
-13.65000009536743
 48
0.0
 49
0.0
140
0.0
141
0.0
142
1.0
143
8.704084754739808
 70
 11952
 72
     1
 73
     0
 74
     0
  7

 75
     0
 76
     0
 77
     2
 78
   300
147
0.1148885871608098
148
0.0
149
0.0
100
AcDbLayout
  1
Model
 70
     1
 71
     0
 10
0.0
 20
0.0
 11
12.0
 21
9.0
 12
0.0
 22
0.0
 32
0.0
 14
2220.866746130763
 24
773.2182327817044
 34
0.0
 15
4169.597733342348
 25
923.2182327816931
 35
0.0
146
0.0
 13
0.0
 23
0.0
 33
0.0
 16
1.0
 26
0.0
 36
0.0
 17
0.0
 27
1.0
 37
0.0
 76
     0
330
1F
331
EA
1001
ACAD_PSEXT
1000
None
1000
None
1000
Not applicable
1000
The layout will not be plotted unless a new plotter configuration name is selected.
1070
     0
  0
MATERIAL
  5
ED
102
{ACAD_REACTORS
330
6A
102
}
102
{ACAD_XDICTIONARY
360
1F9
102
}
330
6A
100
AcDbMaterial
  1
ByBlock
 72
     1
 73
     2
 78
     2
172
     2
176
     2
270
     2
274
     2
 94
       63
  0
MATERIAL
  5
EC
102
{ACAD_REACTORS
330
6A
102
}
102
{ACAD_XDICTIONARY
360
1F7
102
}
330
6A
100
AcDbMaterial
  1
ByLayer
 72
     1
 73
     2
 78
     2
172
     2
176
     2
270
     2
274
     2
 94
       63
  0
MATERIAL
  5
EE
102
{ACAD_REACTORS
330
6A
102
}
102
{ACAD_XDICTIONARY
360
173
102
}
330
6A
100
AcDbMaterial
  1
Global
 72
     1
 73
     2
 43
0.0007999999797903
 43
0.0
 43
0.0
 43
0.0
 43
0.0
 43
0.0007999999797903
 43
0.0
 43
0.0
 43
0.0
 43
0.0
 43
1.0
 43
0.0
 43
0.0
 43
0.0
 43
0.0
 43
1.0
 78
     2
172
     2
 49
0.0007999999797903
 49
0.0
 49
0.0
 49
0.0
 49
0.0
 49
0.0007999999797903
 49
0.0
 49
0.0
 49
0.0
 49
0.0
 49
1.0
 49
0.0
 49
0.0
 49
0.0
 49
0.0
 49
1.0
176
     2
142
0.0007999999797903
142
0.0
142
0.0
142
0.0
142
0.0
142
0.0007999999797903
142
0.0
142
0.0
142
0.0
142
0.0
142
1.0
142
0.0
142
0.0
142
0.0
142
0.0
142
1.0
270
     2
144
0.0007999999797903
144
0.0
144
0.0
144
0.0
144
0.0
144
0.0007999999797903
144
0.0
144
0.0
144
0.0
144
0.0
144
1.0
144
0.0
144
0.0
144
0.0
144
0.0
144
1.0
274
     2
 94
       63
1001
ACAD
1070
    -1
1070
     3
1070
     0
1000

1071
        0
1070
     0
  0
MLEADERSTYLE
  5
13B
102
{ACAD_REACTORS
330
12D
102
}
330
12D
100
AcDbMLeaderStyle
179
     2
170
     2
171
     1
172
     0
 90
        2
 40
0.0
 41
0.0
173
     1
 91
-1056964608
340
14
 92
       -2
290
     1
 42
2.0
291
     1
 43
8.0
  3
Standard
341
0
 44
4.0
300

342
11
174
     1
178
     1
175
     1
176
     0
 93
-1056964608
 45
4.0
292
     0
297
     0
 46
4.0
343
0
 94
-1056964608
 47
1.0
 49
1.0
140
1.0
293
     1
141
0.0
294
     1
177
     0
142
1.0
295
     0
296
     1
143
3.75
271
     0
272
     9
273
     9
  0
MLEADERSTYLE
  5
12E
102
{ACAD_REACTORS
330
12D
102
}
330
12D
100
AcDbMLeaderStyle
179
     2
170
     2
171
     1
172
     0
 90
        2
 40
0.0
 41
0.0
173
     1
 91
-1056964608
340
14
 92
       -2
290
     1
 42
2.0
291
     1
 43
8.0
  3
Standard
341
0
 44
4.0
300

342
11
174
     1
178
     1
175
     1
176
     0
 93
-1056964608
 45
4.0
292
     0
297
     0
 46
4.0
343
0
 94
-1056964608
 47
1.0
 49
1.0
140
1.0
293
     1
141
0.0
294
     1
177
     0
142
1.0
295
     0
296
     0
143
3.75
271
     0
272
     9
273
     9
  0
MLINESTYLE
  5
18
102
{ACAD_REACTORS
330
17
102
}
330
17
100
AcDbMlineStyle
  2
STANDARD
 70
     0
  3

 62
   256
 51
90.0
 52
90.0
 71
     2
 49
0.5
 62
   256
  6
BYLAYER
 49
-0.5
 62
   256
  6
BYLAYER
  0
ACDBPLACEHOLDER
  5
F
102
{ACAD_REACTORS
330
E
102
}
330
E
  0
SCALE
  5
10D
102
{ACAD_REACTORS
330
10C
102
}
330
10C
100
AcDbScale
 70
     0
300
1:1
140
1.0
141
1.0
290
     1
  0
SCALE
  5
1BE
102
{ACAD_REACTORS
330
10C
102
}
330
10C
100
AcDbScale
 70
     0
300
1:2
140
1.0
141
2.0
290
     0
  0
SCALE
  5
1BF
102
{ACAD_REACTORS
330
10C
102
}
330
10C
100
AcDbScale
 70
     0
300
1:4
140
1.0
141
4.0
290
     0
  0
SCALE
  5
1C0
102
{ACAD_REACTORS
330
10C
102
}
330
10C
100
AcDbScale
 70
     0
300
1:5
140
1.0
141
5.0
290
     0
  0
SCALE
  5
1C1
102
{ACAD_REACTORS
330
10C
102
}
330
10C
100
AcDbScale
 70
     0
300
1:8
140
1.0
141
8.0
290
     0
  0
SCALE
  5
1C2
102
{ACAD_REACTORS
330
10C
102
}
330
10C
100
AcDbScale
 70
     0
300
1:10
140
1.0
141
10.0
290
     0
  0
SCALE
  5
1C3
102
{ACAD_REACTORS
330
10C
102
}
330
10C
100
AcDbScale
 70
     0
300
1:16
140
1.0
141
16.0
290
     0
  0
SCALE
  5
1C4
102
{ACAD_REACTORS
330
10C
102
}
330
10C
100
AcDbScale
 70
     0
300
1:20
140
1.0
141
20.0
290
     0
  0
SCALE
  5
1C5
102
{ACAD_REACTORS
330
10C
102
}
330
10C
100
AcDbScale
 70
     0
300
1:30
140
1.0
141
30.0
290
     0
  0
SCALE
  5
1C6
102
{ACAD_REACTORS
330
10C
102
}
330
10C
100
AcDbScale
 70
     0
300
1:40
140
1.0
141
40.0
290
     0
  0
SCALE
  5
1C7
102
{ACAD_REACTORS
330
10C
102
}
330
10C
100
AcDbScale
 70
     0
300
1:50
140
1.0
141
50.0
290
     0
  0
SCALE
  5
1C8
102
{ACAD_REACTORS
330
10C
102
}
330
10C
100
AcDbScale
 70
     0
300
1:100
140
1.0
141
100.0
290
     0
  0
SCALE
  5
1C9
102
{ACAD_REACTORS
330
10C
102
}
330
10C
100
AcDbScale
 70
     0
300
2:1
140
2.0
141
1.0
290
     0
  0
SCALE
  5
1CA
102
{ACAD_REACTORS
330
10C
102
}
330
10C
100
AcDbScale
 70
     0
300
4:1
140
4.0
141
1.0
290
     0
  0
SCALE
  5
1CB
102
{ACAD_REACTORS
330
10C
102
}
330
10C
100
AcDbScale
 70
     0
300
8:1
140
8.0
141
1.0
290
     0
  0
SCALE
  5
1CC
102
{ACAD_REACTORS
330
10C
102
}
330
10C
100
AcDbScale
 70
     0
300
10:1
140
10.0
141
1.0
290
     0
  0
SCALE
  5
1CD
102
{ACAD_REACTORS
330
10C
102
}
330
10C
100
AcDbScale
 70
     0
300
100:1
140
100.0
141
1.0
290
     0
  0
ACDBSECTIONVIEWSTYLE
  5
21A
102
{ACAD_REACTORS
330
219
102
}
102
{ACAD_XDICTIONARY
360
85A
102
}
330
219
100
AcDbModelDocViewStyle
 70
     0
  3
Metric50
290
     0
100
AcDbSectionViewStyle
 70
     0
 71
     0
 90
      102
 71
     1
340
11
 62
   256
 40
5.0
340
0
340
0
 62
   256
 40
5.0
300
I, O, Q, S, X, Z
 40
10.0
 90
        0
 40
2.5
 90
        0
 71
     2
340
16
 90
       25
 62
   256
340
16
 90
       50
 62
   256
 40
5.0
 40
2.5
 40
5.0
 71
     3
340
11
 62
   256
 40
5.0
 90
        0
 40
15.0
 90
        1
300
%<\AcVar ViewSectionStartId>%-%<\AcVar ViewSectionEndId>% (%<\AcVar ViewScale \f "%sn">%)
 71
     4
 62
   256
 62
   257
300
ANSI31
 40
1.0
 90
        0
290
     0
290
     0
 90
        6
 40
0.0
 40
1.570796326794897
 40
0.2617993877991494
 40
1.308996938995747
 40
-0.2617993877991494
 40
1.832595714594046
  0
TABLESTYLE
  5
7F
102
{ACAD_REACTORS
330
7E
102
}
102
{ACAD_XDICTIONARY
360
85C
102
}
330
7E
100
AcDbTableStyle
  3
Standard
 70
     0
 71
     0
 40
1.5
 41
1.5
280
     0
281
     0
  7
Standard
140
4.5
170
     2
 62
     0
 63
   257
283
     0
 90
      512
 91
        0
  1

274
    -2
284
     1
 64
     0
275
    -2
285
     1
 65
     0
276
    -2
286
     1
 66
     0
277
    -2
287
     1
 67
     0
278
    -2
288
     1
 68
     0
279
    -2
289
     1
 69
     0
  7
Standard
140
6.0
170
     5
 62
     0
 63
   257
283
     0
 90
      512
 91
        0
  1

274
    -2
284
     1
 64
     0
275
    -2
285
     1
 65
     0
276
    -2
286
     1
 66
     0
277
    -2
287
     1
 67
     0
278
    -2
288
     1
 68
     0
279
    -2
289
     1
 69
     0
  7
Standard
140
4.5
170
     5
 62
     0
 63
   257
283
     0
 90
      512
 91
        0
  1

274
    -2
284
     1
 64
     0
275
    -2
285
     1
 65
     0
276
    -2
286
     1
 66
     0
277
    -2
287
     1
 67
     0
278
    -2
288
     1
 68
     0
279
    -2
289
     1
 69
     0
  0
VISUALSTYLE
  5
F5
102
{ACAD_REACTORS
330
EF
102
}
102
{ACAD_XDICTIONARY
360
85E
102
}
330
EF
100
AcDbVisualStyle
  2
2dWireframe
 70
     4
177
     2
291
     0
 71
     0
176
     1
 72
     2
176
     1
 73
     1
176
     1
 90
        0
176
     1
 40
0.6
176
     1
 41
30.0
176
     1
 62
     5
 63
     7
421
 16777215
176
     1
 74
     1
176
     1
 91
        4
176
     1
 64
     7
176
     1
 65
   257
176
     1
 75
     1
176
     1
175
     1
176
     1
 42
1.0
176
     1
 92
        0
176
     1
 66
   257
176
     1
 43
1.0
176
     1
 76
     1
176
     1
 77
     6
176
     1
 78
     2
176
     1
 67
     7
176
     1
 79
     5
176
     1
170
     0
176
     1
171
     0
176
     1
290
     0
176
     1
 93
        1
176
     1
 44
0.0
176
     1
173
     0
176
     1
  0
VISUALSTYLE
  5
F4
102
{ACAD_REACTORS
330
EF
102
}
102
{ACAD_XDICTIONARY
360
860
102
}
330
EF
100
AcDbVisualStyle
  2
Basic
 70
     7
177
     2
291
     1
 71
     1
176
     1
 72
     0
176
     1
 73
     1
176
     1
 90
        0
176
     1
 40
0.6
176
     1
 41
30.0
176
     1
 62
     5
 63
     7
421
 16777215
176
     1
 74
     0
176
     1
 91
        4
176
     1
 64
     7
176
     1
 65
   257
176
     1
 75
     1
176
     1
175
     1
176
     1
 42
1.0
176
     1
 92
        8
176
     1
 66
     7
176
     1
 43
1.0
176
     1
 76
     1
176
     1
 77
     6
176
     1
 78
     2
176
     1
 67
     7
176
     1
 79
     5
176
     1
170
     0
176
     1
171
     0
176
     1
290
     0
176
     1
 93
        1
176
     1
 44
0.0
176
     1
173
     0
176
     1
  0
VISUALSTYLE
  5
FB
102
{ACAD_REACTORS
330
EF
102
}
102
{ACAD_XDICTIONARY
360
862
102
}
330
EF
100
AcDbVisualStyle
  2
Brighten
 70
    12
177
     2
291
     1
 71
     2
176
     1
 72
     2
176
     1
 73
     1
176
     1
 90
        0
176
     1
 40
0.6
176
     1
 41
30.0
176
     1
 62
     5
 63
     7
421
 16777215
176
     1
 74
     1
176
     1
 91
        4
176
     1
 64
     7
176
     1
 65
   257
176
     1
 75
     1
176
     1
175
     1
176
     1
 42
1.0
176
     1
 92
        8
176
     1
 66
     7
176
     1
 43
1.0
176
     1
 76
     1
176
     1
 77
     6
176
     1
 78
     2
176
     1
 67
     7
176
     1
 79
     5
176
     1
170
     0
176
     1
171
     0
176
     1
290
     0
176
     1
 93
        1
176
     1
 44
50.0
176
     1
173
     0
176
     1
  0
VISUALSTYLE
  5
FF
102
{ACAD_REACTORS
330
EF
102
}
102
{ACAD_XDICTIONARY
360
864
102
}
330
EF
100
AcDbVisualStyle
  2
ColorChange
 70
    16
177
     2
291
     1
 71
     2
176
     1
 72
     2
176
     1
 73
     3
176
     1
 90
        0
176
     1
 40
0.6
176
     1
 41
30.0
176
     1
 62
     5
 63
     8
421
  8421504
176
     1
 74
     1
176
     1
 91
        4
176
     1
 64
     7
176
     1
 65
   257
176
     1
 75
     1
176
     1
175
     1
176
     1
 42
1.0
176
     1
 92
        8
176
     1
 66
     8
424
  8421504
176
     1
 43
1.0
176
     1
 76
     1
176
     1
 77
     6
176
     1
 78
     2
176
     1
 67
     7
176
     1
 79
     5
176
     1
170
     0
176
     1
171
     0
176
     1
290
     0
176
     1
 93
        1
176
     1
 44
0.0
176
     1
173
     0
176
     1
  0
VISUALSTYLE
  5
F8
102
{ACAD_REACTORS
330
EF
102
}
102
{ACAD_XDICTIONARY
360
866
102
}
330
EF
100
AcDbVisualStyle
  2
Conceptual
 70
     9
177
     2
291
     0
 71
     3
176
     1
 72
     2
176
     1
 73
     1
176
     1
 90
        0
176
     1
 40
0.6
176
     1
 41
30.0
176
     1
 62
     5
 63
     7
421
 16777215
176
     1
 74
     2
176
     1
 91
        2
176
     1
 64
     7
176
     1
 65
   257
176
     1
 75
     1
176
     1
175
     1
176
     1
 42
40.0
176
     1
 92
        8
176
     1
 66
     7
176
     1
 43
1.0
176
     1
 76
     1
176
     1
 77
     6
176
     1
 78
     2
176
     1
 67
     7
176
     1
 79
     3
176
     1
170
     0
176
     1
171
     0
176
     1
290
     0
176
     1
 93
        1
176
     1
 44
0.0
176
     1
173
     0
176
     1
  0
VISUALSTYLE
  5
FA
102
{ACAD_REACTORS
330
EF
102
}
102
{ACAD_XDICTIONARY
360
868
102
}
330
EF
100
AcDbVisualStyle
  2
Dim
 70
    11
177
     2
291
     1
 71
     2
176
     1
 72
     2
176
     1
 73
     1
176
     1
 90
        0
176
     1
 40
0.6
176
     1
 41
30.0
176
     1
 62
     5
 63
     7
421
 16777215
176
     1
 74
     1
176
     1
 91
        4
176
     1
 64
     7
176
     1
 65
   257
176
     1
 75
     1
176
     1
175
     1
176
     1
 42
1.0
176
     1
 92
        8
176
     1
 66
     7
176
     1
 43
1.0
176
     1
 76
     1
176
     1
 77
     6
176
     1
 78
     2
176
     1
 67
     7
176
     1
 79
     5
176
     1
170
     0
176
     1
171
     0
176
     1
290
     0
176
     1
 93
        1
176
     1
 44
-50.0
176
     1
173
     0
176
     1
  0
VISUALSTYLE
  5
1E6
102
{ACAD_REACTORS
330
EF
102
}
102
{ACAD_XDICTIONARY
360
86A
102
}
330
EF
100
AcDbVisualStyle
  2
EdgeColorOff
 70
    22
177
     2
291
     1
 71
     2
176
     0
 72
     2
176
     0
 73
     0
176
     0
 90
        0
176
     0
 40
0.6
176
     0
 41
30.0
176
     0
 62
     5
 63
     7
421
 16777215
176
     0
 74
     1
176
     0
 91
        4
176
     0
 64
     7
176
     0
 65
   257
176
     0
 75
     1
176
     0
175
     1
176
     0
 42
1.0
176
     0
 92
        8
176
     2
 66
     7
176
     0
 43
1.0
176
     0
 76
     1
176
     0
 77
     6
176
     0
 78
     2
176
     0
 67
     7
176
     0
 79
     5
176
     0
170
     0
176
     0
171
     0
176
     0
290
     0
176
     0
 93
        1
176
     0
 44
0.0
176
     0
173
     0
176
     0
  0
VISUALSTYLE
  5
FE
102
{ACAD_REACTORS
330
EF
102
}
102
{ACAD_XDICTIONARY
360
86C
102
}
330
EF
100
AcDbVisualStyle
  2
Facepattern
 70
    15
177
     2
291
     1
 71
     2
176
     1
 72
     2
176
     1
 73
     1
176
     1
 90
        0
176
     1
 40
0.6
176
     1
 41
30.0
176
     1
 62
     5
 63
     7
421
 16777215
176
     1
 74
     1
176
     1
 91
        4
176
     1
 64
     7
176
     1
 65
   257
176
     1
 75
     1
176
     1
175
     1
176
     1
 42
1.0
176
     1
 92
        8
176
     1
 66
     7
176
     1
 43
1.0
176
     1
 76
     1
176
     1
 77
     6
176
     1
 78
     2
176
     1
 67
     7
176
     1
 79
     5
176
     1
170
     0
176
     1
171
     0
176
     1
290
     0
176
     1
 93
        1
176
     1
 44
0.0
176
     1
173
     0
176
     1
  0
VISUALSTYLE
  5
F0
102
{ACAD_REACTORS
330
EF
102
}
102
{ACAD_XDICTIONARY
360
86E
102
}
330
EF
100
AcDbVisualStyle
  2
Flat
 70
     0
177
     2
291
     1
 71
     2
176
     1
 72
     1
176
     1
 73
     1
176
     1
 90
        2
176
     1
 40
0.6
176
     1
 41
30.0
176
     1
 62
     5
 63
     7
421
 16777215
176
     1
 74
     0
176
     1
 91
        0
176
     1
 64
     7
176
     1
 65
   257
176
     1
 75
     1
176
     1
175
     1
176
     1
 42
1.0
176
     1
 92
        8
176
     1
 66
     7
176
     1
 43
1.0
176
     1
 76
     1
176
     1
 77
     6
176
     1
 78
     2
176
     1
 67
     7
176
     1
 79
     5
176
     1
170
     0
176
     1
171
     0
176
     1
290
     0
176
     1
 93
       13
176
     1
 44
0.0
176
     1
173
     0
176
     1
  0
VISUALSTYLE
  5
F1
102
{ACAD_REACTORS
330
EF
102
}
102
{ACAD_XDICTIONARY
360
870
102
}
330
EF
100
AcDbVisualStyle
  2
FlatWithEdges
 70
     1
177
     2
291
     1
 71
     2
176
     1
 72
     1
176
     1
 73
     1
176
     1
 90
        2
176
     1
 40
0.6
176
     1
 41
30.0
176
     1
 62
     5
 63
     7
421
 16777215
176
     1
 74
     1
176
     1
 91
        0
176
     1
 64
     7
176
     1
 65
   257
176
     1
 75
     1
176
     1
175
     1
176
     1
 42
1.0
176
     1
 92
        0
176
     1
 66
   257
176
     1
 43
1.0
176
     1
 76
     1
176
     1
 77
     6
176
     1
 78
     2
176
     1
 67
     7
176
     1
 79
     5
176
     1
170
     0
176
     1
171
     0
176
     1
290
     0
176
     1
 93
       13
176
     1
 44
0.0
176
     1
173
     0
176
     1
  0
VISUALSTYLE
  5
F2
102
{ACAD_REACTORS
330
EF
102
}
102
{ACAD_XDICTIONARY
360
872
102
}
330
EF
100
AcDbVisualStyle
  2
Gouraud
 70
     2
177
     2
291
     1
 71
     2
176
     1
 72
     2
176
     1
 73
     1
176
     1
 90
        2
176
     1
 40
0.6
176
     1
 41
30.0
176
     1
 62
     5
 63
     7
421
 16777215
176
     1
 74
     0
176
     1
 91
        0
176
     1
 64
     7
176
     1
 65
   257
176
     1
 75
     1
176
     1
175
     1
176
     1
 42
1.0
176
     1
 92
        0
176
     1
 66
     7
176
     1
 43
1.0
176
     1
 76
     1
176
     1
 77
     6
176
     1
 78
     2
176
     1
 67
     7
176
     1
 79
     5
176
     1
170
     0
176
     1
171
     0
176
     1
290
     0
176
     1
 93
       13
176
     1
 44
0.0
176
     1
173
     0
176
     1
  0
VISUALSTYLE
  5
F3
102
{ACAD_REACTORS
330
EF
102
}
102
{ACAD_XDICTIONARY
360
874
102
}
330
EF
100
AcDbVisualStyle
  2
GouraudWithEdges
 70
     3
177
     2
291
     1
 71
     2
176
     1
 72
     2
176
     1
 73
     1
176
     1
 90
        2
176
     1
 40
0.6
176
     1
 41
30.0
176
     1
 62
     5
 63
     7
421
 16777215
176
     1
 74
     1
176
     1
 91
        0
176
     1
 64
     7
176
     1
 65
   257
176
     1
 75
     1
176
     1
175
     1
176
     1
 42
1.0
176
     1
 92
        0
176
     1
 66
   257
176
     1
 43
1.0
176
     1
 76
     1
176
     1
 77
     6
176
     1
 78
     2
176
     1
 67
     7
176
     1
 79
     5
176
     1
170
     0
176
     1
171
     0
176
     1
290
     0
176
     1
 93
       13
176
     1
 44
0.0
176
     1
173
     0
176
     1
  0
VISUALSTYLE
  5
F7
102
{ACAD_REACTORS
330
EF
102
}
102
{ACAD_XDICTIONARY
360
876
102
}
330
EF
100
AcDbVisualStyle
  2
Hidden
 70
     6
177
     2
291
     0
 71
     1
176
     1
 72
     2
176
     1
 73
     2
176
     1
 90
        0
176
     1
 40
0.6
176
     1
 41
30.0
176
     1
 62
     5
 63
     7
421
 16777215
176
     1
 74
     2
176
     1
 91
        2
176
     1
 64
     7
176
     1
 65
   257
176
     1
 75
     2
176
     1
175
     1
176
     1
 42
40.0
176
     1
 92
        0
176
     1
 66
   257
176
     1
 43
1.0
176
     1
 76
     1
176
     1
 77
     6
176
     1
 78
     2
176
     1
 67
     7
176
     1
 79
     3
176
     1
170
     0
176
     1
171
     0
176
     1
290
     0
176
     1
 93
        1
176
     1
 44
0.0
176
     1
173
     0
176
     1
  0
VISUALSTYLE
  5
1E4
102
{ACAD_REACTORS
330
EF
102
}
102
{ACAD_XDICTIONARY
360
878
102
}
330
EF
100
AcDbVisualStyle
  2
JitterOff
 70
    20
177
     2
291
     1
 71
     2
176
     0
 72
     2
176
     0
 73
     0
176
     0
 90
        0
176
     0
 40
0.6
176
     0
 41
30.0
176
     0
 62
     5
 63
     7
421
 16777215
176
     0
 74
     1
176
     0
 91
        4
176
     0
 64
     7
176
     0
 65
   257
176
     0
 75
     1
176
     0
175
     1
176
     0
 42
1.0
176
     0
 92
       10
176
     2
 66
     7
176
     0
 43
1.0
176
     0
 76
     1
176
     0
 77
     6
176
     0
 78
     2
176
     0
 67
     7
176
     0
 79
     5
176
     0
170
     0
176
     0
171
     0
176
     0
290
     0
176
     0
 93
        1
176
     0
 44
0.0
176
     0
173
     0
176
     0
  0
VISUALSTYLE
  5
FD
102
{ACAD_REACTORS
330
EF
102
}
102
{ACAD_XDICTIONARY
360
87A
102
}
330
EF
100
AcDbVisualStyle
  2
Linepattern
 70
    14
177
     2
291
     1
 71
     2
176
     1
 72
     2
176
     1
 73
     1
176
     1
 90
        0
176
     1
 40
0.6
176
     1
 41
30.0
176
     1
 62
     5
 63
     7
421
 16777215
176
     1
 74
     1
176
     1
 91
        4
176
     1
 64
     7
176
     1
 65
   257
176
     1
 75
     7
176
     1
175
     7
176
     1
 42
1.0
176
     1
 92
        8
176
     1
 66
     7
176
     1
 43
1.0
176
     1
 76
     1
176
     1
 77
     6
176
     1
 78
     2
176
     1
 67
     7
176
     1
 79
     5
176
     1
170
     0
176
     1
171
     0
176
     1
290
     0
176
     1
 93
        1
176
     1
 44
0.0
176
     1
173
     0
176
     1
  0
VISUALSTYLE
  5
1E5
102
{ACAD_REACTORS
330
EF
102
}
102
{ACAD_XDICTIONARY
360
87C
102
}
330
EF
100
AcDbVisualStyle
  2
OverhangOff
 70
    21
177
     2
291
     1
 71
     2
176
     0
 72
     2
176
     0
 73
     0
176
     0
 90
        0
176
     0
 40
0.6
176
     0
 41
30.0
176
     0
 62
     5
 63
     7
421
 16777215
176
     0
 74
     1
176
     0
 91
        4
176
     0
 64
     7
176
     0
 65
   257
176
     0
 75
     1
176
     0
175
     1
176
     0
 42
1.0
176
     0
 92
        9
176
     2
 66
     7
176
     0
 43
1.0
176
     0
 76
     1
176
     0
 77
     6
176
     0
 78
     2
176
     0
 67
     7
176
     0
 79
     5
176
     0
170
     0
176
     0
171
     0
176
     0
290
     0
176
     0
 93
        1
176
     0
 44
0.0
176
     0
173
     0
176
     0
  0
VISUALSTYLE
  5
F9
102
{ACAD_REACTORS
330
EF
102
}
102
{ACAD_XDICTIONARY
360
87E
102
}
330
EF
100
AcDbVisualStyle
  2
Realistic
 70
     8
177
     2
291
     0
 71
     2
176
     1
 72
     3
176
     1
 73
     0
176
     1
 90
        2
176
     1
 40
0.6
176
     1
 41
30.0
176
     1
 62
     5
 63
     7
421
 16777215
176
     1
 74
     0
176
     1
 91
        0
176
     1
 64
     7
176
     1
 65
   257
176
     1
 75
     1
176
     1
175
     1
176
     1
 42
1.0
176
     1
 92
        8
176
     1
 66
   257
176
     1
 43
1.0
176
     1
 76
     1
176
     1
 77
     6
176
     1
 78
     2
176
     1
 67
     7
176
     1
 79
     3
176
     1
170
     0
176
     1
171
     0
176
     1
290
     0
176
     1
 93
       13
176
     1
 44
0.0
176
     1
173
     0
176
     1
  0
VISUALSTYLE
  5
1F3
102
{ACAD_REACTORS
330
EF
102
}
102
{ACAD_XDICTIONARY
360
880
102
}
330
EF
100
AcDbVisualStyle
  2
Shaded
 70
    27
177
     2
291
     0
 71
     2
176
     1
 72
     2
176
     1
 73
     1
176
     1
 90
        2
176
     1
 40
0.6
176
     1
 41
30.0
176
     1
 62
     5
 63
     7
421
 16777215
176
     1
 74
     0
176
     1
 91
        4
176
     1
 64
     7
176
     1
 65
   257
176
     1
 75
     1
176
     1
175
     1
176
     1
 42
1.0
176
     1
 92
        8
176
     1
 66
   257
176
     1
 43
1.0
176
     1
 76
     1
176
     1
 77
     6
176
     1
 78
     2
176
     1
 67
     8
425
  7895160
176
     1
 79
     3
176
     1
170
     0
176
     1
171
     0
176
     1
290
     0
176
     1
 93
        5
176
     1
 44
0.0
176
     1
173
     0
176
     1
  0
VISUALSTYLE
  5
1F2
102
{ACAD_REACTORS
330
EF
102
}
102
{ACAD_XDICTIONARY
360
882
102
}
330
EF
100
AcDbVisualStyle
  2
Shaded with edges
 70
    26
177
     2
291
     0
 71
     2
176
     1
 72
     2
176
     1
 73
     1
176
     1
 90
        2
176
     1
 40
0.6
176
     1
 41
30.0
176
     1
 62
     5
 63
     7
421
 16777215
176
     1
 74
     1
176
     1
 91
        2
176
     1
 64
     7
176
     1
 65
   257
176
     1
 75
     2
176
     1
175
     1
176
     1
 42
1.0
176
     1
 92
        8
176
     1
 66
   257
176
     1
 43
1.0
176
     1
 76
     1
176
     1
 77
     6
176
     1
 78
     2
176
     1
 67
     7
176
     1
 79
     3
176
     1
170
     0
176
     1
171
     0
176
     1
290
     0
176
     1
 93
        5
176
     1
 44
0.0
176
     1
173
     0
176
     1
  0
VISUALSTYLE
  5
1EF
102
{ACAD_REACTORS
330
EF
102
}
102
{ACAD_XDICTIONARY
360
884
102
}
330
EF
100
AcDbVisualStyle
  2
Shades of Gray
 70
    23
177
     2
291
     0
 71
     2
176
     1
 72
     2
176
     1
 73
     3
176
     1
 90
        0
176
     1
 40
0.6
176
     1
 41
30.0
176
     1
 62
     5
 63
     7
421
 16777215
176
     1
 74
     2
176
     1
 91
        2
176
     1
 64
     7
176
     1
 65
     7
176
     1
 75
     1
176
     1
175
     1
176
     1
 42
40.0
176
     1
 92
        8
176
     1
 66
     7
176
     1
 43
1.0
176
     1
 76
     1
176
     1
 77
     6
176
     1
 78
     2
176
     1
 67
     7
176
     1
 79
     3
176
     1
170
     0
176
     1
171
     0
176
     1
290
     0
176
     1
 93
        1
176
     1
 44
0.0
176
     1
173
     0
176
     1
  0
VISUALSTYLE
  5
1F0
102
{ACAD_REACTORS
330
EF
102
}
102
{ACAD_XDICTIONARY
360
886
102
}
330
EF
100
AcDbVisualStyle
  2
Sketchy
 70
    24
177
     2
291
     0
 71
     1
176
     1
 72
     2
176
     1
 73
     2
176
     1
 90
        0
176
     1
 40
0.6
176
     1
 41
30.0
176
     1
 62
     5
 63
     7
421
 16777215
176
     1
 74
     2
176
     1
 91
        2
176
     1
 64
     7
176
     1
 65
     7
176
     1
 75
     1
176
     1
175
     1
176
     1
 42
40.0
176
     1
 92
       11
176
     1
 66
     7
176
     1
 43
1.0
176
     1
 76
     1
176
     1
 77
     6
176
     1
 78
     2
176
     1
 67
     7
176
     1
 79
     6
176
     1
170
     0
176
     1
171
     0
176
     1
290
     0
176
     1
 93
        1
176
     1
 44
0.0
176
     1
173
     0
176
     1
  0
VISUALSTYLE
  5
FC
102
{ACAD_REACTORS
330
EF
102
}
102
{ACAD_XDICTIONARY
360
888
102
}
330
EF
100
AcDbVisualStyle
  2
Thicken
 70
    13
177
     2
291
     1
 71
     2
176
     1
 72
     2
176
     1
 73
     1
176
     1
 90
        0
176
     1
 40
0.6
176
     1
 41
30.0
176
     1
 62
     5
 63
     7
421
 16777215
176
     1
 74
     1
176
     1
 91
        4
176
     1
 64
     7
176
     1
 65
   257
176
     1
 75
     1
176
     1
175
     1
176
     1
 42
1.0
176
     1
 92
       12
176
     1
 66
     7
176
     1
 43
1.0
176
     1
 76
     1
176
     1
 77
     6
176
     1
 78
     2
176
     1
 67
     7
176
     1
 79
     5
176
     1
170
     0
176
     1
171
     0
176
     1
290
     0
176
     1
 93
        1
176
     1
 44
0.0
176
     1
173
     0
176
     1
  0
VISUALSTYLE
  5
F6
102
{ACAD_REACTORS
330
EF
102
}
102
{ACAD_XDICTIONARY
360
88A
102
}
330
EF
100
AcDbVisualStyle
  2
Wireframe
 70
     5
177
     2
291
     0
 71
     0
176
     1
 72
     2
176
     1
 73
     0
176
     1
 90
        0
176
     1
 40
0.6
176
     1
 41
30.0
176
     1
 62
     5
 63
     7
421
 16777215
176
     1
 74
     1
176
     1
 91
        4
176
     1
 64
     7
176
     1
 65
   257
176
     1
 75
     1
176
     1
175
     1
176
     1
 42
1.0
176
     1
 92
        0
176
     1
 66
   257
176
     1
 43
1.0
176
     1
 76
     1
176
     1
 77
     6
176
     1
 78
     2
176
     1
 67
     7
176
     1
 79
     3
176
     1
170
     0
176
     1
171
     0
176
     1
290
     0
176
     1
 93
        1
176
     1
 44
0.0
176
     1
173
     0
176
     1
  0
VISUALSTYLE
  5
1F1
102
{ACAD_REACTORS
330
EF
102
}
102
{ACAD_XDICTIONARY
360
88C
102
}
330
EF
100
AcDbVisualStyle
  2
X-Ray
 70
    25
177
     2
291
     0
 71
     2
176
     1
 72
     2
176
     1
 73
     1
176
     1
 90
        1
176
     1
 40
0.5
176
     1
 41
30.0
176
     1
 62
     5
 63
     7
421
 16777215
176
     1
 74
     1
176
     1
 91
        0
176
     1
 64
     7
176
     1
 65
   257
176
     1
 75
     1
176
     1
175
     1
176
     1
 42
1.0
176
     1
 92
        8
176
     1
 66
     7
176
     1
 43
1.0
176
     1
 76
     1
176
     1
 77
     6
176
     1
 78
     2
176
     1
 67
     7
176
     1
 79
     3
176
     1
170
     0
176
     1
171
     0
176
     1
290
     0
176
     1
 93
       13
176
     1
 44
0.0
176
     1
173
     0
176
     1
  0
DICTIONARYVAR
  5
146
102
{ACAD_REACTORS
330
5E
102
}
330
5E
100
DictionaryVariables
280
     0
  1
1:1
  0
DICTIONARYVAR
  5
259
102
{ACAD_REACTORS
330
5E
102
}
330
5E
100
DictionaryVariables
280
     0
  1
3.500000
  0
DICTIONARYVAR
  5
25A
102
{ACAD_REACTORS
330
5E
102
}
330
5E
100
DictionaryVariables
280
     0
  1
acadiso.lin
  0
DICTIONARYVAR
  5
145
102
{ACAD_REACTORS
330
5E
102
}
330
5E
100
DictionaryVariables
280
     0
  1
Standard
  0
DICTIONARYVAR
  5
84
102
{ACAD_REACTORS
330
5E
102
}
330
5E
100
DictionaryVariables
280
     0
  1
Standard
  0
DICTIONARYVAR
  5
227
102
{ACAD_REACTORS
330
5E
102
}
330
5E
100
DictionaryVariables
280
     0
  1
Metric50
  0
DICTIONARYVAR
  5
228
102
{ACAD_REACTORS
330
5E
102
}
330
5E
100
DictionaryVariables
280
     0
  1
Metric50
  0
DICTIONARYVAR
  5
5F
102
{ACAD_REACTORS
330
5E
102
}
330
5E
100
DictionaryVariables
280
     0
  1
2
  0
DICTIONARYVAR
  5
63
102
{ACAD_REACTORS
330
5E
102
}
330
5E
100
DictionaryVariables
280
     0
  1
1
  0
DICTIONARYVAR
  5
1AE
102
{ACAD_REACTORS
330
5E
102
}
330
5E
100
DictionaryVariables
280
     0
  1
0
  0
DICTIONARYVAR
  5
1AF
102
{ACAD_REACTORS
330
5E
102
}
330
5E
100
DictionaryVariables
280
     0
  1
0
  0
BLOCKLINEARPARAMETER
  5
2D3
330
2D2
100
AcDbEvalExpr
 90
        1
 98
       33
 99
        1
100
AcDbBlockElement
300
Linear
 98
       27
 99
        1
1071
        0
100
AcDbBlockParameter
280
     1
281
     0
100
AcDbBlock2PtParameter
1010
0.0
1020
-75.99984799997765
1030
0.0
1011
1042.393664406569
1021
-75.99984799997765
1031
0.0
170
     4
 91
        0
 91
        2
 91
        0
 91
        0
171
     0
172
     0
173
     1
 94
        2
303
DisplacementX
174
     1
 95
        2
304
DisplacementY
177
     0
100
AcDbBlockLinearParameter
305
Comprimento
306

140
-65.5678556814546
307

 96
        1
141
0.0
142
0.0
143
0.0
175
     0
  0
BLOCKLINEARGRIP
  5
2D4
330
2D2
100
AcDbEvalExpr
 90
        2
 98
       33
 99
        1
100
AcDbBlockElement
300
Endpoint Grips
 98
       27
 99
        1
1071
        0
100
AcDbBlockGrip
 91
        3
 92
        4
1010
1042.393664406569
1020
-75.99984799997765
1030
0.0
280
     1
 93
       -1
100
AcDbBlockLinearGrip
140
1042.393664406569
141
0.0
142
0.0
  0
BLOCKGRIPLOCATIONCOMPONENT
  5
2D5
330
2D2
100
AcDbEvalExpr
 90
        3
 98
       33
 99
        1
100
AcDbBlockGripExpr
 91
        1
300
UpdatedEndX
  0
BLOCKGRIPLOCATIONCOMPONENT
  5
2D6
330
2D2
100
AcDbEvalExpr
 90
        4
 98
       33
 99
        1
100
AcDbBlockGripExpr
 91
        1
300
UpdatedEndY
  0
BLOCKSTRETCHACTION
  5
2D7
330
2D2
100
AcDbEvalExpr
 90
        5
 98
       33
 99
        1
100
AcDbBlockElement
300
Stretch
 98
       27
 99
        1
1071
        0
100
AcDbBlockAction
 70
     0
 71
    19
330
2D4
330
309
330
308
330
307
330
306
330
305
330
304
330
2F3
330
2F2
330
2F1
330
2F0
330
2EF
330
2EE
330
2ED
330
2EC
330
2EB
330
2EA
330
2E9
330
2E8
1010
1119.622045833479
1020
-80.2378400619948
1030
0.0
100
AcDbBlockStretchAction
 92
        1
301
EndXDelta
 93
        1
302
EndYDelta
 72
     2
1011
1198.124271266357
1021
265.4738834789489
1011
844.8642568184057
1021
-255.358189104569
 73
    18
331
309
 74
     2
 94
        0
 94
        1
331
308
 74
     2
 94
        0
 94
        1
331
307
 74
     2
 94
        0
 94
        1
331
306
 74
     2
 94
        0
 94
        1
331
305
 74
     2
 94
        0
 94
        1
331
304
 74
     2
 94
        0
 94
        1
331
2F3
 74
     2
 94
        0
 94
        1
331
2F2
 74
     2
 94
        0
 94
        1
331
2F1
 74
     2
 94
        0
 94
        1
331
2F0
 74
     2
 94
        0
 94
        1
331
2EF
 74
     2
 94
        0
 94
        1
331
2EE
 74
     2
 94
        0
 94
        1
331
2ED
 74
     2
 94
        0
 94
        1
331
2EC
 74
     2
 94
        0
 94
        1
331
2EB
 74
     2
 94
        0
 94
        1
331
2EA
 74
     2
 94
        0
 94
        1
331
2E9
 74
     1
 94
        1
331
2E8
 74
     1
 94
        1
 75
     0
140
1.0
141
0.0
280
     0
  0
BLOCKVISIBILITYPARAMETER
  5
2D8
330
2D2
100
AcDbEvalExpr
 90
        6
 98
       33
 99
        1
100
AcDbBlockElement
300
Visibility States
 98
       27
 99
        1
1071
        0
100
AcDbBlockParameter
280
     1
281
     0
100
AcDbBlock1PtParameter
1010
-54.34046862210187
1020
-210.3393425009078
1030
0.0
 93
        7
170
     0
171
     0
100
AcDbBlockVisibilityParameter
281
     1
301
Visibility1
302

 91
        0
 93
      226
331
2E8
331
2E9
331
2EA
331
2EB
331
2EC
331
2ED
331
2EE
331
2EF
331
2F0
331
2F1
331
2F2
331
2F3
331
2F4
331
2F5
331
2F6
331
2F7
331
2F8
331
2F9
331
2FA
331
2FB
331
2FC
331
2FD
331
2FE
331
2FF
331
300
331
301
331
302
331
303
331
304
331
305
331
306
331
307
331
308
331
309
331
30A
331
30B
331
30C
331
30D
331
30E
331
30F
331
310
331
311
331
312
331
313
331
314
331
315
331
316
331
317
331
318
331
319
331
31A
331
31B
331
31C
331
31D
331
31E
331
31F
331
320
331
321
331
322
331
323
331
324
331
325
331
326
331
327
331
328
331
329
331
32A
331
32B
331
32C
331
32D
331
32E
331
32F
331
330
331
331
331
332
331
333
331
334
331
335
331
336
331
337
331
338
331
339
331
33A
331
33B
331
33C
331
33D
331
33E
331
33F
331
340
331
341
331
342
331
343
331
344
331
345
331
346
331
347
331
348
331
349
331
34A
331
34B
331
34C
331
34D
331
34E
331
34F
331
350
331
351
331
352
331
353
331
354
331
355
331
356
331
357
331
358
331
359
331
35A
331
35B
331
35C
331
35D
331
35E
331
35F
331
360
331
361
331
362
331
363
331
364
331
365
331
366
331
367
331
368
331
369
331
36A
331
36B
331
36C
331
36D
331
36E
331
36F
331
370
331
371
331
372
331
373
331
374
331
375
331
376
331
377
331
378
331
379
331
37A
331
37B
331
37C
331
37D
331
37E
331
37F
331
380
331
381
331
382
331
383
331
384
331
385
331
386
331
387
331
388
331
389
331
38A
331
38B
331
38C
331
38D
331
38E
331
38F
331
390
331
391
331
392
331
393
331
394
331
395
331
396
331
397
331
398
331
399
331
39A
331
39B
331
39C
331
39D
331
39E
331
39F
331
3A0
331
3A1
331
3A2
331
3A3
331
3A4
331
3A5
331
3A6
331
3A7
331
3A8
331
3A9
331
3AA
331
3AB
331
3AC
331
3AD
331
3AE
331
3AF
331
3B0
331
3B1
331
3B2
331
3B3
331
3B4
331
3B5
331
3B6
331
3B7
331
3B8
331
3B9
331
3BA
331
3BB
331
3BC
331
3BD
331
3BE
331
3BF
331
3C0
331
3C1
331
3C2
331
3C3
331
3C4
331
3C5
331
3C6
331
3C7
331
3C8
331
3C9
 92
        3
303
Superior
 94
      100
332
30A
332
30B
332
30C
332
30D
332
30E
332
30F
332
310
332
311
332
312
332
313
332
314
332
315
332
316
332
317
332
318
332
319
332
31A
332
31B
332
31C
332
31D
332
31E
332
31F
332
320
332
321
332
322
332
323
332
324
332
325
332
326
332
327
332
328
332
329
332
32A
332
32B
332
32C
332
32D
332
32E
332
32F
332
330
332
331
332
332
332
333
332
334
332
335
332
336
332
337
332
338
332
339
332
33A
332
33B
332
33C
332
33D
332
33E
332
33F
332
340
332
341
332
342
332
343
332
344
332
345
332
346
332
347
332
348
332
349
332
34A
332
34B
332
34C
332
34D
332
34E
332
34F
332
350
332
351
332
352
332
353
332
354
332
355
332
356
332
357
332
358
332
359
332
35A
332
35B
332
35C
332
35D
332
35E
332
35F
332
360
332
361
332
362
332
363
332
364
332
365
332
366
332
367
332
368
332
369
332
36A
332
36B
332
36C
332
36D
 95
        3
333
2DC
333
2DD
333
2E0
303
Inferior
 94
       92
332
36E
332
36F
332
370
332
371
332
372
332
373
332
374
332
375
332
376
332
377
332
378
332
379
332
37A
332
37B
332
37C
332
37D
332
37E
332
37F
332
380
332
381
332
382
332
383
332
384
332
385
332
386
332
387
332
388
332
389
332
38A
332
38B
332
38C
332
38D
332
38E
332
38F
332
390
332
391
332
392
332
393
332
394
332
395
332
396
332
397
332
398
332
399
332
39A
332
39B
332
39C
332
39D
332
39E
332
39F
332
3A0
332
3A1
332
3A2
332
3A3
332
3A4
332
3A5
332
3A6
332
3A7
332
3A8
332
3A9
332
3AA
332
3AB
332
3AC
332
3AD
332
3AE
332
3AF
332
3B0
332
3B1
332
3B2
332
3B3
332
3B4
332
3B5
332
3B6
332
3B7
332
3B8
332
3B9
332
3BA
332
3BB
332
3BC
332
3BD
332
3BE
332
3BF
332
3C0
332
3C1
332
3C2
332
3C3
332
3C4
332
3C5
332
3C6
332
3C7
332
3C8
332
3C9
 95
        3
333
2E1
333
2E2
333
2E5
303
Intermediário
 94
       34
332
2E8
332
2E9
332
2EA
332
2EB
332
2EC
332
2ED
332
2EE
332
2EF
332
2F0
332
2F1
332
2F2
332
2F3
332
2F4
332
2F5
332
2F6
332
2F7
332
2F8
332
2F9
332
2FA
332
2FB
332
2FC
332
2FD
332
2FE
332
2FF
332
300
332
301
332
302
332
303
332
304
332
305
332
306
332
307
332
308
332
309
 95
        3
333
2D3
333
2D4
333
2D7
  0
BLOCKVISIBILITYGRIP
  5
2D9
330
2D2
100
AcDbEvalExpr
 90
        7
 98
       33
 99
        1
100
AcDbBlockElement
300
Grips 
 98
       27
 99
        1
1071
        0
100
AcDbBlockGrip
 91
        8
 92
        9
1010
-54.34046862210187
1020
-210.3393425009078
1030
0.0
280
     1
 93
       -1
100
AcDbBlockVisibilityGrip
  0
BLOCKGRIPLOCATIONCOMPONENT
  5
2DA
330
2D2
100
AcDbEvalExpr
 90
        8
 98
       33
 99
        1
100
AcDbBlockGripExpr
 91
        6
300
UpdatedX
  0
BLOCKGRIPLOCATIONCOMPONENT
  5
2DB
330
2D2
100
AcDbEvalExpr
 90
        9
 98
       33
 99
        1
100
AcDbBlockGripExpr
 91
        6
300
UpdatedY
  0
BLOCKLINEARPARAMETER
  5
2DC
330
2D2
100
AcDbEvalExpr
 90
       10
 98
       33
 99
        1
100
AcDbBlockElement
300
Linear1
 98
       27
 99
        1
1071
        0
100
AcDbBlockParameter
280
     1
281
     0
100
AcDbBlock2PtParameter
1010
23.86549360584468
1020
43.80576726261643
1030
0.0
1011
1416.865493605845
1021
43.80576726258187
1031
0.0
170
     4
 91
        0
 91
       11
 91
        0
 91
        0
171
     0
172
     0
173
     1
 94
       11
303
DisplacementX
174
     1
 95
       11
304
DisplacementY
177
     0
100
AcDbBlockLinearParameter
305
..Comprimento
306

140
-76.80744353097687
307

 96
        1
141
0.0
142
0.0
143
0.0
175
     0
  0
BLOCKLINEARGRIP
  5
2DD
330
2D2
100
AcDbEvalExpr
 90
       11
 98
       33
 99
        1
100
AcDbBlockElement
300
Endpoint Grips
 98
       27
 99
        1
1071
        0
100
AcDbBlockGrip
 91
       12
 92
       13
1010
1440.730987211689
1020
-0.000000000005457
1030
0.0
280
     1
 93
       -1
100
AcDbBlockLinearGrip
140
1393.0
141
-0.0000000000345608
142
0.0
  0
BLOCKGRIPLOCATIONCOMPONENT
  5
2DE
330
2D2
100
AcDbEvalExpr
 90
       12
 98
       33
 99
        1
100
AcDbBlockGripExpr
 91
       10
300
UpdatedEndX
  0
BLOCKGRIPLOCATIONCOMPONENT
  5
2DF
330
2D2
100
AcDbEvalExpr
 90
       13
 98
       33
 99
        1
100
AcDbBlockGripExpr
 91
       10
300
UpdatedEndY
  0
BLOCKSTRETCHACTION
  5
2E0
330
2D2
100
AcDbEvalExpr
 90
       14
 98
       33
 99
        1
100
AcDbBlockElement
300
Stretch1
 98
       27
 99
        1
1071
        0
100
AcDbBlockAction
 70
     0
 71
    55
330
2DD
330
36D
330
36C
330
36B
330
36A
330
369
330
368
330
367
330
366
330
365
330
364
330
363
330
362
330
361
330
360
330
35F
330
35E
330
35D
330
35C
330
35B
330
35A
330
359
330
358
330
357
330
356
330
355
330
354
330
353
330
352
330
351
330
350
330
34F
330
34E
330
34D
330
34C
330
34B
330
34A
330
349
330
348
330
347
330
346
330
345
330
344
330
343
330
342
330
341
330
340
330
33F
330
33E
330
339
330
338
330
311
330
310
330
30F
330
30E
1010
1546.505500037597
1020
-10.24804352531555
1030
0.0
100
AcDbBlockStretchAction
 92
       10
301
EndXDelta
 93
       10
302
EndYDelta
 72
     2
1011
1551.493971225361
1021
214.2331599240628
1011
1275.465232169089
1021
-129.9713520316507
 73
    54
331
36D
 74
     2
 94
        0
 94
        1
331
36C
 74
     2
 94
        0
 94
        1
331
36B
 74
     2
 94
        0
 94
        1
331
36A
 74
     2
 94
        0
 94
        1
331
369
 74
     2
 94
        0
 94
        1
331
368
 74
     2
 94
        0
 94
        1
331
367
 74
     2
 94
        0
 94
        1
331
366
 74
     2
 94
        0
 94
        1
331
365
 74
     2
 94
        0
 94
        1
331
364
 74
     2
 94
        0
 94
        1
331
363
 74
     2
 94
        0
 94
        1
331
362
 74
     2
 94
        0
 94
        1
331
361
 74
     2
 94
        0
 94
        1
331
360
 74
     2
 94
        0
 94
        1
331
35F
 74
     2
 94
        0
 94
        1
331
35E
 74
     2
 94
        0
 94
        1
331
35D
 74
     2
 94
        0
 94
        1
331
35C
 74
     2
 94
        0
 94
        1
331
35B
 74
     2
 94
        0
 94
        1
331
35A
 74
     2
 94
        0
 94
        1
331
359
 74
     2
 94
        0
 94
        1
331
358
 74
     2
 94
        0
 94
        1
331
357
 74
     2
 94
        0
 94
        1
331
356
 74
     2
 94
        0
 94
        1
331
355
 74
     2
 94
        0
 94
        1
331
354
 74
     2
 94
        0
 94
        1
331
353
 74
     2
 94
        0
 94
        1
331
352
 74
     2
 94
        0
 94
        1
331
351
 74
     2
 94
        0
 94
        1
331
350
 74
     2
 94
        0
 94
        1
331
34F
 74
     2
 94
        0
 94
        1
331
34E
 74
     2
 94
        0
 94
        1
331
34D
 74
     2
 94
        0
 94
        1
331
34C
 74
     2
 94
        0
 94
        1
331
34B
 74
     2
 94
        0
 94
        1
331
34A
 74
     2
 94
        0
 94
        1
331
349
 74
     2
 94
        0
 94
        1
331
348
 74
     2
 94
        0
 94
        1
331
347
 74
     2
 94
        0
 94
        1
331
346
 74
     2
 94
        0
 94
        1
331
345
 74
     2
 94
        0
 94
        1
331
344
 74
     2
 94
        0
 94
        1
331
343
 74
     2
 94
        0
 94
        1
331
342
 74
     2
 94
        0
 94
        1
331
341
 74
     2
 94
        0
 94
        1
331
340
 74
     2
 94
        0
 94
        1
331
33F
 74
     2
 94
        0
 94
        1
331
33E
 74
     2
 94
        0
 94
        1
331
339
 74
     1
 94
        0
331
338
 74
     1
 94
        0
331
311
 74
     2
 94
        0
 94
        1
331
310
 74
     2
 94
        0
 94
        1
331
30F
 74
     2
 94
        0
 94
        1
331
30E
 74
     2
 94
        0
 94
        1
 75
     0
140
1.0
141
0.0
280
     0
  0
BLOCKLINEARPARAMETER
  5
2E1
330
2D2
100
AcDbEvalExpr
 90
       15
 98
       33
 99
        1
100
AcDbBlockElement
300
Linear2
 98
       27
 99
        1
1071
        0
100
AcDbBlockParameter
280
     1
281
     0
100
AcDbBlock2PtParameter
1010
23.86549360584468
1020
43.80576726261643
1030
0.0
1011
1416.865493605845
1021
43.80576726258187
1031
0.0
170
     4
 91
        0
 91
       16
 91
        0
 91
        0
171
     0
172
     0
173
     1
 94
       16
303
DisplacementX
174
     1
 95
       16
304
DisplacementY
177
     0
100
AcDbBlockLinearParameter
305
.Comprimento
306

140
-164.0291950104535
307

 96
        1
141
0.0
142
0.0
143
0.0
175
     0
  0
BLOCKLINEARGRIP
  5
2E2
330
2D2
100
AcDbEvalExpr
 90
       16
 98
       33
 99
        1
100
AcDbBlockElement
300
Endpoint Grips
 98
       27
 99
        1
1071
        0
100
AcDbBlockGrip
 91
       17
 92
       18
1010
1440.730987211689
1020
-0.000000000005457
1030
0.0
280
     1
 93
       -1
100
AcDbBlockLinearGrip
140
1393.0
141
-0.0000000000345608
142
0.0
  0
BLOCKGRIPLOCATIONCOMPONENT
  5
2E3
330
2D2
100
AcDbEvalExpr
 90
       17
 98
       33
 99
        1
100
AcDbBlockGripExpr
 91
       15
300
UpdatedEndX
  0
BLOCKGRIPLOCATIONCOMPONENT
  5
2E4
330
2D2
100
AcDbEvalExpr
 90
       18
 98
       33
 99
        1
100
AcDbBlockGripExpr
 91
       15
300
UpdatedEndY
  0
BLOCKSTRETCHACTION
  5
2E5
330
2D2
100
AcDbEvalExpr
 90
       19
 98
       33
 99
        1
100
AcDbBlockElement
300
Stretch2
 98
       27
 99
        1
1071
        0
100
AcDbBlockAction
 70
     0
 71
    51
330
2E2
330
3C9
330
3C8
330
3C7
330
3C6
330
3C5
330
3C4
330
3C3
330
3C2
330
3C1
330
3C0
330
3BF
330
3BE
330
3BD
330
3BC
330
3BB
330
3BA
330
3B9
330
3B8
330
3B7
330
3B6
330
3B5
330
3B4
330
3B3
330
3B2
330
3B1
330
3B0
330
3AF
330
3AE
330
3AD
330
3AC
330
3AB
330
3AA
330
3A9
330
3A8
330
3A7
330
3A6
330
3A5
330
3A4
330
3A3
330
3A2
330
3A1
330
3A0
330
39F
330
39E
330
39D
330
39C
330
39B
330
39A
330
395
330
394
1010
1513.423200250191
1020
-6.77822268303089
1030
0.0
100
AcDbBlockStretchAction
 92
       15
301
EndXDelta
 93
       15
302
EndYDelta
 72
     2
1011
1519.658789234896
1021
178.2109171965494
1011
1268.15670018513
1021
-187.6103032394745
 73
    50
331
3C9
 74
     2
 94
        0
 94
        1
331
3C8
 74
     2
 94
        0
 94
        1
331
3C7
 74
     2
 94
        0
 94
        1
331
3C6
 74
     2
 94
        0
 94
        1
331
3C5
 74
     2
 94
        0
 94
        1
331
3C4
 74
     2
 94
        0
 94
        1
331
3C3
 74
     2
 94
        0
 94
        1
331
3C2
 74
     2
 94
        0
 94
        1
331
3C1
 74
     2
 94
        0
 94
        1
331
3C0
 74
     2
 94
        0
 94
        1
331
3BF
 74
     2
 94
        0
 94
        1
331
3BE
 74
     2
 94
        0
 94
        1
331
3BD
 74
     2
 94
        0
 94
        1
331
3BC
 74
     2
 94
        0
 94
        1
331
3BB
 74
     2
 94
        0
 94
        1
331
3BA
 74
     2
 94
        0
 94
        1
331
3B9
 74
     2
 94
        0
 94
        1
331
3B8
 74
     2
 94
        0
 94
        1
331
3B7
 74
     2
 94
        0
 94
        1
331
3B6
 74
     2
 94
        0
 94
        1
331
3B5
 74
     2
 94
        0
 94
        1
331
3B4
 74
     2
 94
        0
 94
        1
331
3B3
 74
     2
 94
        0
 94
        1
331
3B2
 74
     2
 94
        0
 94
        1
331
3B1
 74
     2
 94
        0
 94
        1
331
3B0
 74
     2
 94
        0
 94
        1
331
3AF
 74
     2
 94
        0
 94
        1
331
3AE
 74
     2
 94
        0
 94
        1
331
3AD
 74
     2
 94
        0
 94
        1
331
3AC
 74
     2
 94
        0
 94
        1
331
3AB
 74
     2
 94
        0
 94
        1
331
3AA
 74
     2
 94
        0
 94
        1
331
3A9
 74
     2
 94
        0
 94
        1
331
3A8
 74
     2
 94
        0
 94
        1
331
3A7
 74
     2
 94
        0
 94
        1
331
3A6
 74
     2
 94
        0
 94
        1
331
3A5
 74
     2
 94
        0
 94
        1
331
3A4
 74
     2
 94
        0
 94
        1
331
3A3
 74
     2
 94
        0
 94
        1
331
3A2
 74
     2
 94
        0
 94
        1
331
3A1
 74
     2
 94
        0
 94
        1
331
3A0
 74
     2
 94
        0
 94
        1
331
39F
 74
     2
 94
        0
 94
        1
331
39E
 74
     2
 94
        0
 94
        1
331
39D
 74
     2
 94
        0
 94
        1
331
39C
 74
     2
 94
        0
 94
        1
331
39B
 74
     2
 94
        0
 94
        1
331
39A
 74
     2
 94
        0
 94
        1
331
395
 74
     1
 94
        0
331
394
 74
     1
 94
        0
 75
     0
140
1.0
141
0.0
280
     0
  0
DICTIONARY
  5
858
330
21C
100
AcDbDictionary
280
     1
281
     1
  3
ACAD_XREC_ROUNDTRIP
360
859
  0
DICTIONARY
  5
205
330
22
100
AcDbDictionary
280
     1
281
     1
  0
DICTIONARY
  5
1F9
330
ED
100
AcDbDictionary
280
     1
281
     1
  3
FBXASSET
360
1FA
  0
DICTIONARY
  5
1F7
330
EC
100
AcDbDictionary
280
     1
281
     1
  3
FBXASSET
360
1F8
  0
DICTIONARY
  5
173
330
EE
100
AcDbDictionary
280
     1
281
     1
  3
FBXASSET
360
1FB
  0
DICTIONARY
  5
85A
330
21A
100
AcDbDictionary
280
     1
281
     1
  3
ACAD_XREC_ROUNDTRIP
360
85B
  0
DICTIONARY
  5
85C
330
7F
100
AcDbDictionary
280
     1
281
     1
  3
ACAD_ROUNDTRIP_2008_TABLESTYLE_CELLSTYLEMAP
360
85D
  0
DICTIONARY
  5
85E
330
F5
100
AcDbDictionary
280
     1
281
     1
  3
ACAD_XREC_ROUNDTRIP
360
85F
  0
DICTIONARY
  5
860
330
F4
100
AcDbDictionary
280
     1
281
     1
  3
ACAD_XREC_ROUNDTRIP
360
861
  0
DICTIONARY
  5
862
330
FB
100
AcDbDictionary
280
     1
281
     1
  3
ACAD_XREC_ROUNDTRIP
360
863
  0
DICTIONARY
  5
864
330
FF
100
AcDbDictionary
280
     1
281
     1
  3
ACAD_XREC_ROUNDTRIP
360
865
  0
DICTIONARY
  5
866
330
F8
100
AcDbDictionary
280
     1
281
     1
  3
ACAD_XREC_ROUNDTRIP
360
867
  0
DICTIONARY
  5
868
330
FA
100
AcDbDictionary
280
     1
281
     1
  3
ACAD_XREC_ROUNDTRIP
360
869
  0
DICTIONARY
  5
86A
330
1E6
100
AcDbDictionary
280
     1
281
     1
  3
ACAD_XREC_ROUNDTRIP
360
86B
  0
DICTIONARY
  5
86C
330
FE
100
AcDbDictionary
280
     1
281
     1
  3
ACAD_XREC_ROUNDTRIP
360
86D
  0
DICTIONARY
  5
86E
330
F0
100
AcDbDictionary
280
     1
281
     1
  3
ACAD_XREC_ROUNDTRIP
360
86F
  0
DICTIONARY
  5
870
330
F1
100
AcDbDictionary
280
     1
281
     1
  3
ACAD_XREC_ROUNDTRIP
360
871
  0
DICTIONARY
  5
872
330
F2
100
AcDbDictionary
280
     1
281
     1
  3
ACAD_XREC_ROUNDTRIP
360
873
  0
DICTIONARY
  5
874
330
F3
100
AcDbDictionary
280
     1
281
     1
  3
ACAD_XREC_ROUNDTRIP
360
875
  0
DICTIONARY
  5
876
330
F7
100
AcDbDictionary
280
     1
281
     1
  3
ACAD_XREC_ROUNDTRIP
360
877
  0
DICTIONARY
  5
878
330
1E4
100
AcDbDictionary
280
     1
281
     1
  3
ACAD_XREC_ROUNDTRIP
360
879
  0
DICTIONARY
  5
87A
330
FD
100
AcDbDictionary
280
     1
281
     1
  3
ACAD_XREC_ROUNDTRIP
360
87B
  0
DICTIONARY
  5
87C
330
1E5
100
AcDbDictionary
280
     1
281
     1
  3
ACAD_XREC_ROUNDTRIP
360
87D
  0
DICTIONARY
  5
87E
330
F9
100
AcDbDictionary
280
     1
281
     1
  3
ACAD_XREC_ROUNDTRIP
360
87F
  0
DICTIONARY
  5
880
330
1F3
100
AcDbDictionary
280
     1
281
     1
  3
ACAD_XREC_ROUNDTRIP
360
881
  0
DICTIONARY
  5
882
330
1F2
100
AcDbDictionary
280
     1
281
     1
  3
ACAD_XREC_ROUNDTRIP
360
883
  0
DICTIONARY
  5
884
330
1EF
100
AcDbDictionary
280
     1
281
     1
  3
ACAD_XREC_ROUNDTRIP
360
885
  0
DICTIONARY
  5
886
330
1F0
100
AcDbDictionary
280
     1
281
     1
  3
ACAD_XREC_ROUNDTRIP
360
887
  0
DICTIONARY
  5
888
330
FC
100
AcDbDictionary
280
     1
281
     1
  3
ACAD_XREC_ROUNDTRIP
360
889
  0
DICTIONARY
  5
88A
330
F6
100
AcDbDictionary
280
     1
281
     1
  3
ACAD_XREC_ROUNDTRIP
360
88B
  0
DICTIONARY
  5
88C
330
1F1
100
AcDbDictionary
280
     1
281
     1
  3
ACAD_XREC_ROUNDTRIP
360
88D
  0
XRECORD
  5
859
102
{ACAD_REACTORS
330
858
102
}
330
858
100
AcDbXrecord
280
     1
102
DISPLAYNAME
  1
Metric50
102
FLAGS
 90
        0
  0
XRECORD
  5
1FA
102
{ACAD_REACTORS
330
1F9
102
}
330
1F9
100
AcDbXrecord
280
     1
 70
     1
 90
429727718
  1
D62C5603-E3A1-4AEA-B7FB-FE5D8D0755AF
310
504B03040A0000080000CC70623B3DEE336E79000000790000001B0000006175746F6465736B2D64657369676E2D7061636B6167652E786D6C3C3F786D6C2076657273696F6E3D22312E302220656E636F64696E673D227574662D3822203F3E3C666F726D6174733E3C666F726D61743E687474703A2F2F736368656D612E
310
6175746F6465736B2E636F6D2F64657369676E2D7061636B6167652F323030393C2F666F726D61743E3C2F666F726D6174733E504B0304140006080800CC70623BD486FD9CA0000000F4000000130000005B436F6E74656E745F54797065735D2E786D6C7D8EC10E82300C865F65E91D8A1E8C310C0EEA1BF002731658846E
310
D98AC1B77784ABF1D8FE5FBFBF75BBCE937A534CCEB38643598122B6FEE978D0B0485F9C41B54DDD7D022595594E1A469170414C76A4D9A4D207E29CF43ECE46F218070CC6BECC4078ACAA135ACF422C856C0E68EA1BF5669944DDD7BCDE7B1F8E415D77AECB980613C2E4AC91FC167A2B244592486606FC29C8FD7F045B9A
310
EF7053A7E60B504B0304140006080800CC70623B853B8169EB0000007C01000008000000636F72652E786D6C8D90416EC3201045AF62CDB6C206821CC7C244919D9CA01740401C94182C03558F5F9C3852BBEB6A467FFE9B197D7EFC9E1EC5975982F5AE035262288C535E5B377690E21535501C055FBC8FBF6C503839990E
310
5619041F179FE64D52DE45E362569DD7661365082642A11EB9E920A89B99642953CC8E702F67A9EE7234257977194EC9EAE275C4EABCCF5EAD5940D4AC6F0E35A568B8F43562CD7046CD199FD07E60174276A7BE677B5EADB0E0D14EEFFB6A31321A0D82627C4084204C3F096B71DD52F6819B16635EADF63F509AF53FA164
310
5DDCD1EDDD17164090FCC8732078B56691CB33A85CD7DCC40F504B0304140006080800CC70623B55019EA25F0000007C00000007000000636E782E786D6C4DCB3B0E80201045D1AD90E915ED2CF8AC45050C11660C8261F98AB1B07AC9C97D42D718D865D3E909258CFD00CCE24AC6E326A164D74DC0B4128928FF32603847
310
2BA13128B1252AC747C6BAB984FC68F0B87FE8960A5C09FE86CFB69FBA01504B0304140006080800CC70623BDBABAAF470010000D40300000C0000006662782F636F72652E786D6CC553D16E823014FD95A6AF4B694182CC941A83FA05FB810A9511A125A5257EFE2E82712ECEB8A7F100CD39F7F69E734AF9FADC366850B6
310
AF8DCE7018308C942E4C59EB2AC3DE1D498AD15A706B8CFB56869196ADCAF00863C12B6B7C374385D14E6907A836A59A41D9F7CA615434B0C8705F7CAA5606D23BA8E84F41278B93AC54100640439DE0BDB320004D43C63716C7C399D30917DCFBBA9CD9BA8469F5B156168B24CED3F7248AC8769F27244EB73B92EED8862C
310
B7F13E0C179B3C8F979C8ECD82BBBABDAA2BAC924E9558448CBD9330242CFA08E3154B5651FCC6D215639C8EE5774DBE2B5F6CF2B5768B68963BB5F5588420E442FC700B1139D4CB01F450C1E918227C2E09DF070D8140C84E1E9AAB8F1340832A9CB13130A5F1376A908D57309505ECF2A0DF179C4E9D30F5B239B87E3823
310
7A79C6F31DE1A8A5AEC08474B03C7837EAE4938639B44E5932B833D2C6B6B279CDC613877FA26EE21F4A2A4C63EC7F29A2F301D1F9F7A0E37D145F504B0304140006080800CC70623B9C113CC27E0000009D0000000B0000006662782F636E782E786D6C4DCCDF0A83201C86E15B91DFB94BFB330DD428C8FB886521330DA7
310
6397BF1A1DECE883878F57749FCDA1B7892F1BBC047A23808C7F84D9FA55424E0BE6803A256208E9EF06C84F9B91703228B1C690F78B66B34CD9A5439DF5CF0BFBF65E35BCA1B8D6A5C6F540381E886698B5741C695F9503EBA150A2F8958E3DC3EA0B504B0304140006080800CC70623B7DF2F77C2A010000120200003100
310
00006662782F41393633353835312D344632462D344230382D423046372D3739314545314133324237412F636F72652E786D6C8D51DB8EC22014FC15C2939B0D2DB4B45643319AE817EC0F6041255A68B86CFCFC856D4D76DF7CE190393373060EDB3DC707F856CE6B6B7A480A0C81328395DA5C7B18C3057510EC3873D686
310
3F34088C18550F330C39BB3A1BA7051AAC09CA84841A2BD5020AEF55806078A44B0FFD7053A328440C89E1EFC52486BBB8AA8214A99D789CF9E05200300FC927E4FB4D5B375D43103D5527440FB843077C5AA3F5861C8F645F5787F59E95B390B318B55CE45AA638FAA2957BD7248B390B7A7CC51F9C124149C82B8C378810
310
84AB2F42B7B8DD56F413775B8C5999E9FF4471926F8AA236A1AE96B8B3CC434E5839373893369E1FAF30EA395917409EB7F26AF8801C171837A4A6AC9C89E9F9C9B1A58BA30FD6A5EF5DDDCF894B9AD9B6A59C957943A9FCAE2FD5BC4DFE03504B0304140006080800CC70623BAD7543B64E01000033030000300000006662
310
782F41393633353835312D344632462D344230382D423046372D3739314545314133324237412F636E782E786D6CD593CD6EC32010845F0571AD6CE3D48AD20813A9873E410FBD12D82434182C7EAAE6EDBB2424CD25871E7B41D6EC30B3FA84F9E67BB2E40B4234DE8DB46F1925E094D7C6ED479AD3AE5951B2113C789FEE
310
6C943839C1488B4C05DF079FE72A69D8C96C13AAD6B8631503449F83828872B949AC57D26200B826A308D316B4064D6E46FCDA41C05550DC9E483A00797BFD207EFB092A45DE9514C1BBD22178396BD39D891265658C238DEA00936C654E5E433CB65A26D9F6EDB5EBC14EBF49A45CB856E66048291F6939A9A81BB5C89177
310
38143CA680F4AA299D66A042CEB3354A2684DC9D8D178FE0D9B8B41CAAD720F880EE7EF93C0C18769E099ECC04D5A102C8049A8A05632F4DDF376CF1DE0F6BB65C2F8627B65A33C6BB62177CEBBDAD973006829F89F22E814B54F4BC2BE347F8AA8F681390B50FA73F804400B5F542E796F19FF974E7F78DB802FE05E20750
310
4B0304140006080800CC70623BE75B7789680500003C100000340000006662782F41393633353835312D344632462D344230382D423046372D3739314545314133324237412F6F626A656374732E786D6CAD575B8F9B3818FD2B887D06C22499CB8AA1CA655245D5B455A356FB305264C061D8018C6C3393D95FBFC7600890
310
A4CD5EF210B0B1BFEBF98E3F7B1FF6596ABC522E1296DF9BAE3D320D9A872C4AF2F8DE2CE5CEBA358D0FBEC719939D65A691938CDE9B6ADAF4BD98B3B2D05311DD91329583D9D5FC0F438434A7A611A644887B5384CF34233629258BA878B12322891DEFF6B66BD70BFB62634E8AE781D082709A4B588AF91C528CDA28B73F
310
1C998EEF39EABBEFA97FBD6A7C7E9553F9D3D79FE442923C3C523610337627CB87ABE99D359D4CC6D6E4FACAB5E6ABF9D2726FC6A3C5F56271377BB88362213924694B38DD99FE47C48627A1E7D49F5A8BB5E1A74C0A599ED3B0F21F1E56366B89112D681E218F0915D0D6F17AD41FBA2A369DCF6335D62ABBD39779D5DDD1
310
11D4D8DE3CBB96B2E04FB8202E41051754A1AA8E8F76B4C6DFE810B580B1547F4B84911149794252234D024EF8BBE963A95AE27B3D310A9D5C215C7960FAEE415ED75694C6AFB17BCACA5D99A60A9AA65F217B0BFC53292ACB92BF283FAD0D3621576592CB5BED907C2FA8E9DF794E35E97BEA31BED21FEB401ABB94C44839
310
DCACBF0E1C5DA8DA5B2F4DFFD32AD86F543D9E565E7056502E157C00AD2671CD534549AB752FCA9CDA00677A313F04E51B22FF19E57B300579E3C97EB29F682D92935CEC18CF901B7B54FD8C51F362B56FC72FE0B3C1EAE335EDCCBF5AEC39ADB17DC238973F804BA5E6F6BFE7AF1FB32E523BE9F3BD571418E3631DCA4D48
310
5250CF639223210A9446CA30052EDF057BD35F8329C1ECD84552BF0DC8D18BE7BCE23BFE6BD960AB4A7DE79923A103BEBD80F911CBAA2C60DB19B01CF164A5583B772EE6D3FFA56666CBCDA74DC97724A48F9A58967497E489C4D979006FD7A05E227A1EBDD0F737C623387A9C844D3709995625106D157315F8B8392CD4E0
310
A0B9A720C4BE9829CEF37EA1E13111214D53925356365ADA634861B52519DD27A00AEB808EAF0628E6F435519D446F45CF2C9CF5214F0A15B2F6D06B79DA3EE3CBF7F56780D2F4E7EF73A0F5E5B02A38D07DC852C6B7C1FBB6664213E0C39E3EBA7FF4E1AD23EA2829407C85E586727488B751B2DB9502BC7B228A3FD68B6E
310
A65A22397E690AA8D158D7E404EC8CDA235CC3B7D1898680131CEC2CDF2638C65196279577750F15884AEE19F94199155B92B13297978469D4F8D358DF0AEF7631E28DC8F0D9F437D5D39A83B2231A1D52D543813A824EF8D44BCFF2FA6A31BD1E8DAD87F1CCB526B3879935BF59CDADD5C37479BB1CDD4CA7B3556B516589
310
EF352754B706114D9C885EC9131DE6EFEB43D99AFE2391C2F958179413D7CFEF6B1B6DB1E7600F00DE6E5C67454A339A4BA2E0FBA85ED26F045D454F463DBFCE484C2F90F2E5E3666003662ED8F755951A7D1BECD5B30B550B2785C8E7320B7292A4838DDA71BBC863ED7613CAF659337A3354231D4FF4A182A54904C2898C
310
98B28C4AD0CE056CCF332A80986E571EE9DBC305BB5FEB7E509220A58D25CF042D712A806AC0AD0C657FDEF80D2D9CEAA2EE4D1C76F60BFE74219A06527D6F82DF6412526107381E55E353090704D085B52408A8913C4ED159D79BDA71BB4BC506F4831350EB6F975CD22D69BF7AC49B91A2C0A9DDA3D5CA36AD20FC478E37
310
E61844E2352865EBCB61A275A65283CAAA9DD27703B4102F5AF51EF5F573B75CBB5AD38BC845F7A49F82A0966A49C2E3EA5EA0ECD326CD965F1DB402C6FA8B51A4658C5C5E2EC9E214602E55810345408596591009A82E7E7FFACA19EEA299B14A0081A705CB3296EBC14CDF658DCD336EA6D1136881AAEB87B81AB9EE53D5
310
F5EB8BC8362082DA24122F98680A4E7930C01A0079749CEA14382A0783E5EBA5A10F8C098456A03D6A4AEB6BB881E2513747552A5DB22C7EDAF83BD5528081A365F7FF06504B0304140006080000CC70623B000000000000000000000000350000006662782F41393633353835312D344632462D344230382D423046372D37
310
39314545314133324237412F76657274696365732E62696E504B0304140006080800CC70623BF270F1330600000004000000360000006662782F41393633353835312D344632462D344230382D423046372D3739314545314133324237412F747269616E676C65732E62696E636660600000504B0304140006080000CC7062
310
3B000000000000000000000000370000006662782F41393633353835312D344632462D344230382D423046372D3739314545314133324237412F617474726962757465732E62696E504B0304140006080800CC70623B08DA0BD19000000041010000360000006662782F41393633353835312D344632462D344230382D4230
310
46372D3739314545314133324237412F6469726563746F72792E786D6C858F410AC3201045AF22B36F53E9A60B35CBEEBAE80D244E44489C6234F4F835464A48035D0DF398FF9F8AF63D0E6CC63039F212F8F9020C7D47C6792B21C5FE7403D62A1188E2E60C98D7234A5830286103A55745067B9D86B8A3CF9C7F90C11DE6
310
07FB144396D7B6A82D282E9A152AD114D5EF2CB866EEE831B8EEA07A7BB5A8D7D61A2BAAEB7FD5F70921FF497D00504B0304140006080800CC70623BEDD1DC58FD000000A00100003B0000006662782F41393633353835312D344632462D344230382D423046372D3739314545314133324237412F7265736F75726365732F
310
636F72652E786D6C8D504B6E833010BD0A9A6D65B00922041947112427E8052C33A156828DFCA97AFC9A40A576D7CDCCE87D344F8F9FBFE667F689CE6B6B3A6039850C8DB2A336530731DC4903D95970676DF82583CCC8193B5861107C72362E3BA4AC096842428D1D7107A5F7182053CF7474E0D507CE32973124857FE48B
310
540F3961CEF244279DE03EB81420DB9EAC1384436FA353E879B1B182C7A8C75DA3C7F453DF353A1075D537A7BA6464B8F535A99AE14A9A2BBD90E350DD183B5CFABE3AF262350B1EF4FC9351399401471025A527C218A1E53BAB5A5AB765F5469B96525EACF23FA6B88CFF34456DC2A1DCE36E360F82A5202F42F062ED2BAD
310
579969AFDD8A6F504B010214000A0000080000CC70623B3DEE336E79000000790000001B00000000000000000000000000000000006175746F6465736B2D64657369676E2D7061636B6167652E786D6C504B01021400140006080800CC70623BD486FD9CA0000000F40000001300000000000000000000000000B20000005B
310
436F6E74656E745F54797065735D2E786D6C504B01021400140006080800CC70623B853B8169EB0000007C010000080000000000000000000000000083010000636F72652E786D6C504B01021400140006080800CC70623B55019EA25F0000007C000000070000000000000000000000000094020000636E782E786D6C504B
310
01021400140006080800CC70623BDBABAAF470010000D40300000C00000000000000000000000000180300006662782F636F72652E786D6C504B01021400140006080800CC70623B9C113CC27E0000009D0000000B00000000000000000000000000B20400006662782F636E782E786D6C504B01021400140006080800CC70
310
623B7DF2F77C2A010000120200003100000000000000000000000000590500006662782F41393633353835312D344632462D344230382D423046372D3739314545314133324237412F636F72652E786D6C504B01021400140006080800CC70623BAD7543B64E010000330300003000000000000000000000000000D2060000
310
6662782F41393633353835312D344632462D344230382D423046372D3739314545314133324237412F636E782E786D6C504B01021400140006080800CC70623BE75B7789680500003C10000034000000000000000000000000006E0800006662782F41393633353835312D344632462D344230382D423046372D3739314545
310
314133324237412F6F626A656374732E786D6C504B01021400140006080000CC70623B0000000000000000000000003500000000000000000000000000280E00006662782F41393633353835312D344632462D344230382D423046372D3739314545314133324237412F76657274696365732E62696E504B01021400140006
310
080800CC70623BF270F133060000000400000036000000000000000000000000007B0E00006662782F41393633353835312D344632462D344230382D423046372D3739314545314133324237412F747269616E676C65732E62696E504B01021400140006080000CC70623B0000000000000000000000003700000000000000
310
000000000000D50E00006662782F41393633353835312D344632462D344230382D423046372D3739314545314133324237412F617474726962757465732E62696E504B01021400140006080800CC70623B08DA0BD1900000004101000036000000000000000000000000002A0F00006662782F41393633353835312D344632
310
462D344230382D423046372D3739314545314133324237412F6469726563746F72792E786D6C504B01021400140006080800CC70623BEDD1DC58FD000000A00100003B000000000000000000000000000E1000006662782F41393633353835312D344632462D344230382D423046372D3739314545314133324237412F7265
310
736F75726365732F636F72652E786D6C504B0506000000000E000E0080040000641100000000
  0
XRECORD
  5
1F8
102
{ACAD_REACTORS
330
1F7
102
}
330
1F7
100
AcDbXrecord
280
     1
 70
     1
 90
429727718
  1
30362254-06B7-45E0-A893-8CFA70E3D6BC
310
504B03040A0000080000CC70623B3DEE336E79000000790000001B0000006175746F6465736B2D64657369676E2D7061636B6167652E786D6C3C3F786D6C2076657273696F6E3D22312E302220656E636F64696E673D227574662D3822203F3E3C666F726D6174733E3C666F726D61743E687474703A2F2F736368656D612E
310
6175746F6465736B2E636F6D2F64657369676E2D7061636B6167652F323030393C2F666F726D61743E3C2F666F726D6174733E504B0304140006080800CC70623BD486FD9CA0000000F4000000130000005B436F6E74656E745F54797065735D2E786D6C7D8EC10E82300C865F65E91D8A1E8C310C0EEA1BF002731658846E
310
D98AC1B77784ABF1D8FE5FBFBF75BBCE937A534CCEB38643598122B6FEE978D0B0485F9C41B54DDD7D022595594E1A469170414C76A4D9A4D207E29CF43ECE46F218070CC6BECC4078ACAA135ACF422C856C0E68EA1BF5669944DDD7BCDE7B1F8E415D77AECB980613C2E4AC91FC167A2B244592486606FC29C8FD7F045B9A
310
EF7053A7E60B504B0304140006080800CC70623B1EC5D7A3EB0000007C01000008000000636F72652E786D6C8D90416EC3201045AF82665B6103C6756C6122AB4D4ED00B204C5C94182C03558F5F9C3852BBEB6A467FFE9B197D71FC9E6FE8CBACC17AD7032D0820E3B41FAD9B7A48F1820F808E52ACDEC75F36404ECDA687
310
4D0629A6D5A76597B477D1B89855E747B38B2A041301E95B6E7A08FAD3CCAA50296647B8168BD2573599823EBB0CA76447F43862C7BCCF5EAC59410E4DDD9C7973C2755553CCCFA4C603E3040F1565ED3B1FDE4E432BCA0D9622DAF9795FAF464533826484B498524CD807E51D79ED187F21878E10516EF63F505AC67F42C9
310
BA58B1FDDD071640D2FCC87D2045B96591CB3DA85CB7DCE40F504B0304140006080800CC70623B55019EA25F0000007C00000007000000636E782E786D6C4DCB3B0E80201045D1AD90E915ED2CF8AC45050C11660C8261F98AB1B07AC9C97D42D718D865D3E909258CFD00CCE24AC6E326A164D74DC0B4128928FF32603847
310
2BA13128B1252AC747C6BAB984FC68F0B87FE8960A5C09FE86CFB69FBA01504B0304140006080800CC70623B8C9102E971010000D40300000C0000006662782F636F72652E786D6CC5535B6E833010BC8AE5DF0A6C08340F1947A84D4ED00B38C6A128602363A31CBFCB234A53A551FA553EC09AD9F5CE8C31DB9E9B1AF5CA
310
7695D1198E428A91D2D214952E33ECDD315861B4E5CC1AE3BE9561A445A3323CC098B3D21ADFCE9034DA29ED00D5A6503328BA4E398C640D8B0C77F253352214DE4145770A5B214FA2546114020D759C75CE8200340D19DE981F0F6746269C33EFAB6266AB02A655C74A59CCF365BADC27CB5D902ED22848F6340DF238A141
310
BE88E2F57B92BFEDF23523433367AE6A2EEAA455C2A902F398D2751045018D3FA264435F3771F242571B4A1919CA6F9A7C5B3CD9E42BED16F12C776AEB308F40C848FC700B1139D4891EF410CEC810227CC6846F8386402064270EF5C5C709A05E49676C024C61FC95EA45ED154CA5211D1FF4FB8291A913A68E9B83EBBB33
310
E2A7673CDE118E5AE8124C0807CB8377834E366998436B950D7A7746DAD846D4CFD978E0F04FD455FC5D49D2D4C6FE9722321F10997F0F32DC47FE05504B0304140006080800CC70623BFFEA85907E0000009D0000000B0000006662782F636E782E786D6C4DCCD10A83201886E15B91FFDC95D95A811AB6F23E625948A6C3
310
E9D8E5AF46073BFAE0E1E365ED67B3E8ADC3CB78C7815C7240DA3DFC64DCC221C519D7805AC182F7F1EF06C88D9BE6703008B6049F9E274D7A1E938DBB5AE3D6131B2589BA0D3D965551E0B2EA732C9B9A624AAEB41E3A557677029960D9AFB4EF11165F504B0304140006080800CC70623B4FEEA4082C0100001202000031
310
0000006662782F39464131463745442D413632322D343644302D413938332D3331353338454246344243312F636F72652E786D6C8D515B6EC32010BC0AE2AB55850DD871ED0813254D72825EC00192A2C460F1A872FC42ED48ED5F7E00CDCECCCEB26C731F6FE05B39AFADE921293004CA082BB5B9F43086336A21D870E6AC
310
0D7F68109861543DCC30E4ECE26C9C164858139409093556AA051CBC570102714B8F1E7AF1A5C6A11862480C7F2DA6415C878B2A4891CA89C7990F2E050073937C42DE1DB7E4F87ED8A36D4329AA9B3D46DBAEAD504556557BD81DEBDD0761E52CE42C462D17B996298E3E6BE59E35C962CE821E1FF18553435012728A7187
310
0841987E927A8D9B35ADDF70BBC6989599FE4F1427F9A4286A132ABAC49D651EF234CD5CE04CDA78BA3DC2A8FB645D00B9DF8B57E215725C60BCA2A463E54C4CE327C7A65E1C7DB02E7DEFCBF594B864C5CA6CDBD49C957943E9FA5D5FBAF336F90F504B0304140006080800CC70623BAD7543B64E01000033030000300000
310
006662782F39464131463745442D413632322D343644302D413938332D3331353338454246344243312F636E782E786D6CD593CD6EC32010845F0571AD6CE3D48AD20813A9873E410FBD12D82434182C7EAAE6EDBB2424CD25871E7B41D6EC30B3FA84F9E67BB2E40B4234DE8DB46F1925E094D7C6ED479AD3AE5951B2113C
310
789FEE6C943839C1488B4C05DF079FE72A69D8C96C13AAD6B8631503449F83828872B949AC57D26200B826A308D316B4064D6E46FCDA41C05550DC9E483A00797BFD207EFB092A45DE9514C1BBD22178396BD39D891265658C238DEA00936C654E5E433CB65A26D9F6EDB5EBC14EBF49A45CB856E66048291F6939A9A81BB5
310
C8917738143CA680F4AA299D66A042CEB3354A2684DC9D8D178FE0D9B8B41CAAD720F880EE7EF93C0C18769E099ECC04D5A102C8049A8A05632F4DDF376CF1DE0F6BB65C2F8627B65A33C6BB62177CEBBDAD973006829F89F22E814B54F4BC2BE347F8AA8F681390B50FA73F804400B5F542E796F19FF974E7F78DB802FE05
310
E207504B0304140006080800CC70623B16AB87BA640500003C100000340000006662782F39464131463745442D413632322D343644302D413938332D3331353338454246344243312F6F626A656374732E786D6CAD575B6FA33818FD2B887DE6924B3BED8A326A92B68A663B534DD4D13E548A0C38942D60649B369D5FBFC7
310
600890A493BDE42160637FD7F31D7FF63E6FB3D478A55C242CBF3247B66B1A340F5994E4F19559CA8D75611A9F7D8F33263BCB4C232719BD32D5B4E97B316765A1A722BA21652A07B3B7B33F0D11D29C9A46981221AE4C113ED38CD8A4942CA2E2C58E882476BCD9DA23BB5ED8171B73523C0F841684D35CC252CCE79062D4
310
468DFA43D7747CCF51DF7D4FFDEB5593E3AB9CCA9FBEFE241792E4E19EB28198C968BAB8199F5D5A67D3E9C49A9E8F47D6EC76B6B0469F26EEFC7C3EBFBCBEB98462213924694B38DD98FE1D62C393D073EA4FADC5DAF04326852CCF6958F90F0F2B9BB5C48816348F90C7840A68EB78EDF68723159BCEE7891A6B95DDE9D3
310
BCEAEEE8086A6C6F9E5D4B59F0175C10A7A0820BAA5055C7473B5AE3CFDD452D602CD5DF12616444529E90D448938013FE6EFA58AA96F85E4F8C42275708571E98FE6827AF6B2B4AE3D7D83D64E5A64C53054DD3AF90BD06FEA9149565C94FCA0F6B834DC85599E4F2423B24DF0B6AFA979E534DFA9E7A4CC6FA631D486393
310
921829879BF5D781A373557BCB85E97FB90DB62B558F8795179C15944B051F40AB495CF35451D26A4727654E6D8033BD98EF82F21D91FF8AF2DD9982BCF1643BDD4EB516C9492E368C67C88DED563FC36D5EACF66DFF057C3658BDBFA69DF9578B3DA735B64F18C7F20770A9D45CFCF7FCF563D6456A277DBEF78A02637CA2
310
43B90A490AEAB94F72244481D24819A6C0E59B606BFA4B3025981DBB48EAB701D97BF19C577CC77F2D1B6C55A9EF3C732474C0B727303F625995056C3B02963D9EAC146BE78EC5FCEC7FA999EBC5EACBAAE41B12D27B4D2C0BBA49F244E2ECDC81B76B502F113D8F5EE8FB1BE3111CDD4FC2AA9B844CAB1288B68AB90A7CDC
310
1C166AB0D3DC5310625FCC14E779BFD0709F8890A629C9292B1B2DED31A4B0DA928CEE135085754027E3018A397D4D5427D15BD1330B677DC8934285AC3DF45A9EB68FF8F2B8FC0A509AFEECFD0FF2DE25CC6047F7214B195F07EFEB9A094D800F7BFAE8FED187B78EA8A3A400F115961BCAD1215E47C966530AF0EE8128FE
310
58CEBB996A8964FFA529A046635D9353B0336A8F700DDF46271A024E70B0B37C9DE01847591E54DED53D54202AB947E4076556AC49C6CA5C9E1226B7F1A7B1BE15DEED62C41B91E1B3E9AFAAA735036547343A925075041DF0A9979E893B391F8FCFA6967B3EFB644DCF6E5CEBFAE272625DCC6FAF3FB93793C5F90CE1EF57
310
407342756B10D1C489E8953CD1617E5CEECAD6F4EF8914CE5D5D504E5C3F1F9736DA62CFC11E00BCDDB8CC8A9466349744C1F75EBDA4DF09BA8A9E8C7A7E9991989E20E5DBDD6A6003664ED8F7A04A8DBE0DF6EAD9B9AA858342E47399053949D2C146EDB85DE4B176BB0965FBAC19BD19AA918E27FA50C1D22402E144464C
310
59462568E704B6E71915404CB72B8FF4EDE184DDAF753F284990D2C6926782963815403548A70C657FDEF80D2D9CEAA2AE4C1C76F60BFE74219A06527D6582DF6412526107381E55E353090704D085B52408D0933C4ED159D79BDA71BB4BC506F4831350EB6F979CD22D69BF7AC49B91A2C0A9DDA3D5CA36AD20FC478E37E6
310
1844E2352865EBCB6EA275A652E3836BE04EFB400BF1A2556F515F1FBB35B2AB35BD889C744FFA1004B5544B121E57F70215746DD2F5E2C1412B602CBF19455AC6C8E5E9922C4E01E65215385004546899059180EAFCF7A707CE7017CD8CDB0410789AB32C63B91E5CEBBBACB17AC6CD347A022D5075FD106377347AAABA7E
310
7D11590744509B44E205134DC1290F06580320F78E537D3D73540E06CB970B431F185308AD40BBD794D6D77003C5A36E8EAA54BA64597CD8F83BD552A080A365F7FF06504B0304140006080000CC70623B000000000000000000000000350000006662782F39464131463745442D413632322D343644302D413938332D3331
310
353338454246344243312F76657274696365732E62696E504B0304140006080800CC70623BF270F1330600000004000000360000006662782F39464131463745442D413632322D343644302D413938332D3331353338454246344243312F747269616E676C65732E62696E636660600000504B0304140006080000CC70623B
310
000000000000000000000000370000006662782F39464131463745442D413632322D343644302D413938332D3331353338454246344243312F617474726962757465732E62696E504B0304140006080800CC70623B08DA0BD19000000041010000360000006662782F39464131463745442D413632322D343644302D413938
310
332D3331353338454246344243312F6469726563746F72792E786D6C858F410AC3201045AF22B36F53E9A60B35CBEEBAE80D244E44489C6234F4F835464A48035D0DF398FF9F8AF63D0E6CC63039F212F8F9020C7D47C6792B21C5FE7403D62A1188E2E60C98D7234A5830286103A55745067B9D86B8A3CF9C7F90C11DE607
310
FB144396D7B6A82D282E9A152AD114D5EF2CB866EEE831B8EEA07A7BB5A8D7D61A2BAAEB7FD5F70921FF497D00504B0304140006080800CC70623B0D6EF93BFE000000A00100003B0000006662782F39464131463745442D413632322D343644302D413938332D3331353338454246344243312F7265736F75726365732F63
310
6F72652E786D6C8D50596E833010BD0A9ADFCA60B334011947A8694ED00B586642AC041B79A97AFC9A40A5F6AF3F33A3B7689E1E3F7DCD8FEC139DD7D6F4C0720A191A65476DA61E62B892236427C19DB5E1970C322367EC618541F0C9D9B8EC90B226A009093576C41D94DE63804C3DD2D18357379C652E63480A7FCF17A9
310
EE72C29CE5894E3AC17D702940B63D59270887DE46A7D0F36263058F518FBB468FE9A7BE6A7420864373B8D4873369AA8691FA421B3294352543C5CAF65C0F6FEF43CB8BD52C78D0F34F46E550061C419494B6843142CB0F5677F4B52BEB177AEC28E5C52AFF638ACBF84F53D42654E51E77B379102C05791282176B5F693D
310
CB4C7BED567C03504B010214000A0000080000CC70623B3DEE336E79000000790000001B00000000000000000000000000000000006175746F6465736B2D64657369676E2D7061636B6167652E786D6C504B01021400140006080800CC70623BD486FD9CA0000000F40000001300000000000000000000000000B20000005B
310
436F6E74656E745F54797065735D2E786D6C504B01021400140006080800CC70623B1EC5D7A3EB0000007C010000080000000000000000000000000083010000636F72652E786D6C504B01021400140006080800CC70623B55019EA25F0000007C000000070000000000000000000000000094020000636E782E786D6C504B
310
01021400140006080800CC70623B8C9102E971010000D40300000C00000000000000000000000000180300006662782F636F72652E786D6C504B01021400140006080800CC70623BFFEA85907E0000009D0000000B00000000000000000000000000B30400006662782F636E782E786D6C504B01021400140006080800CC70
310
623B4FEEA4082C0100001202000031000000000000000000000000005A0500006662782F39464131463745442D413632322D343644302D413938332D3331353338454246344243312F636F72652E786D6C504B01021400140006080800CC70623BAD7543B64E010000330300003000000000000000000000000000D5060000
310
6662782F39464131463745442D413632322D343644302D413938332D3331353338454246344243312F636E782E786D6C504B01021400140006080800CC70623B16AB87BA640500003C1000003400000000000000000000000000710800006662782F39464131463745442D413632322D343644302D413938332D3331353338
310
454246344243312F6F626A656374732E786D6C504B01021400140006080000CC70623B0000000000000000000000003500000000000000000000000000270E00006662782F39464131463745442D413632322D343644302D413938332D3331353338454246344243312F76657274696365732E62696E504B01021400140006
310
080800CC70623BF270F133060000000400000036000000000000000000000000007A0E00006662782F39464131463745442D413632322D343644302D413938332D3331353338454246344243312F747269616E676C65732E62696E504B01021400140006080000CC70623B0000000000000000000000003700000000000000
310
000000000000D40E00006662782F39464131463745442D413632322D343644302D413938332D3331353338454246344243312F617474726962757465732E62696E504B01021400140006080800CC70623B08DA0BD190000000410100003600000000000000000000000000290F00006662782F39464131463745442D413632
310
322D343644302D413938332D3331353338454246344243312F6469726563746F72792E786D6C504B01021400140006080800CC70623B0D6EF93BFE000000A00100003B000000000000000000000000000D1000006662782F39464131463745442D413632322D343644302D413938332D3331353338454246344243312F7265
310
736F75726365732F636F72652E786D6C504B0506000000000E000E0080040000641100000000
  0
XRECORD
  5
1FB
102
{ACAD_REACTORS
330
173
102
}
330
173
100
AcDbXrecord
280
     1
 70
     0
 90
1673772943
  1
ECE7A1D2-D628-4531-984C-D00F80459256
310
504B03040A0000080000CC70623B3DEE336E79000000790000001B0000006175746F6465736B2D64657369676E2D7061636B6167652E786D6C3C3F786D6C2076657273696F6E3D22312E302220656E636F64696E673D227574662D3822203F3E3C666F726D6174733E3C666F726D61743E687474703A2F2F736368656D612E
310
6175746F6465736B2E636F6D2F64657369676E2D7061636B6167652F323030393C2F666F726D61743E3C2F666F726D6174733E504B0304140006080800CC70623BD486FD9CA0000000F4000000130000005B436F6E74656E745F54797065735D2E786D6C7D8EC10E82300C865F65E91D8A1E8C310C0EEA1BF002731658846E
310
D98AC1B77784ABF1D8FE5FBFBF75BBCE937A534CCEB38643598122B6FEE978D0B0485F9C41B54DDD7D022595594E1A469170414C76A4D9A4D207E29CF43ECE46F218070CC6BECC4078ACAA135ACF422C856C0E68EA1BF5669944DDD7BCDE7B1F8E415D77AECB980613C2E4AC91FC167A2B244592486606FC29C8FD7F045B9A
310
EF7053A7E60B504B0304140006080800CC70623BD9DDAED0EC0000007C01000008000000636F72652E786D6C8D90416EC3201045AF82665B61836D9CD8C2444DD39CA01740405C94182C03558F5F9C3852BBEB6A467FFE9B197D7EF89E6EE8CB2CC17A37002D0820E394D7D68D03A478C17B4007C117EFE32F1B20272733C0
310
2A83E0E3E2D3BC49CABB685CCCAAF3DA6CA20CC14440EA969B0182FA34932C648AD911AEC52CD5558EA6A0CF2EC329598D1E47ACCEFBECC59A050463A7EA5833865FEBDD0E37353BE3EE8DBDE3F6786A48D375FBF6CC78B9C282473B3DEFABC5C86834888A900E538A49F5419B9EB47DD5BC907D4F082F57FB1F28CDFA9F50
310
B22ED6D5F6EE030B20687EE43E10BC5CB3C8E51E54AE6B6EE207504B0304140006080800CC70623B55019EA25F0000007C00000007000000636E782E786D6C4DCB3B0E80201045D1AD90E915ED2CF8AC45050C11660C8261F98AB1B07AC9C97D42D718D865D3E909258CFD00CCE24AC6E326A164D74DC0B4128928FF326038
310
472BA13128B1252AC747C6BAB984FC68F0B87FE8960A5C09FE86CFB69FBA01504B0304140006080800CC70623BA24EB22D72010000D40300000C0000006662782F636F72652E786D6CC5535B6E833010BC8AE5DF0A6C5E49888CA3A6694ED00B38E05014B091B1518EDFE511A5A9D228FD2A1F60CDEC7A67C6986DCE4D8D7A
310
69BA4AAB0C073EC548AA5C17952A33ECECD15B61B4E1CC686DBF9561A44423333CC098B3D268D7CE50AE9595CA02AA74216750749DB418E5352C32DCE59FB211BE70162ABA93DF8AFC244AE9073ED050C759670D0840D390E18DF9F1706664C23973AE2A66B62A605A75ACA4C13C4976E1364A12EF355A2EBD384AF65EFA96
310
BC7B8BED2EA6719AAE16FB8491A199335B351775B991C2CA02F390D2D40B028F861F41BCA68B7518BFD0D59A524686F29B26D7164F36B94AD9289CE54E6D1DE6010819891F6E21228B3AD1831EC219194284CF98F06DD01008846CC5A1BEF83801D4CBDC6A1303536877A57A513B0953A94FC707FDBE6064EA84A9E3E6E0FA
310
EE8CF0E9198F7784A316AA0413C2C2F2E0ECA0934D1AE6D05A69BCDE9E91D2A611F573361E38FC1375157F5752AE6B6DFE4B11990F88CCBF0719EE23FF02504B0304140006080800CC70623B408A7D3B7C0000009D0000000B0000006662782F636E782E786D6C4DCCD10A83201886E15B91FFDC552A92A0064DBC8F581632
310
D3703A76F9ABD1C18E3E78F878E5F0D9027ABBFCF2292AE86E2D20171F69F6715550CB827B40839639A5F2770314A7CD293819B45C73AAFB45B35BA61ACAA1C1C7E7855C58C15BC331339661262CC762340413D68D77DA5B42298546CBE6573AF60CEB2F504B0304140006080800CC70623B449FB9BD290100001202000031
310
0000006662782F36394639363044362D344446342D343946362D394244322D3234314243333846323333332F636F72652E786D6C8D515B6EC32010BC0AE22B55850D98B871848994463E412FE002495162B07854397EA176A4F62F3F2C9A9D991D587EB84F37F0AD7D30CEF6905418026DA553C65E7A98E219ED203808EE9D
310
8B7F6810D871D23D2C3014FCE25D9A57483A1BB58D19B54EE9151C43D0110279CB971E06F9A5A7B11A53CC8C70ADE6515EC78BAE4895DB992778883E0700CB907242D17643D7E2538BD869608875438BBAE38922CAC8F1BDD90DB4691A5E2F42C153326A951B95E398B3D1FE599322163C9AE9115F7A3D46ADA0A018778810
310
84E907617BDCEE297BC5BB3DC6BC2EF47FA234AB2745C9D8D8D035EE220B50105E2F0DC1954B9FB747187D9F9D8FA0CCDB042D5FA0C015C65B42DF78BD10F3F3B363CB56C7109DCFDFBBB97E662ED92EB62D13BC2E1BCAE5777DB9966D8A1F504B0304140006080800CC70623BAD7543B64E01000033030000300000006662
310
782F36394639363044362D344446342D343946362D394244322D3234314243333846323333332F636E782E786D6CD593CD6EC32010845F0571AD6CE3D48AD20813A9873E410FBD12D82434182C7EAAE6EDBB2424CD25871E7B41D6EC30B3FA84F9E67BB2E40B4234DE8DB46F1925E094D7C6ED479AD3AE5951B2113C789FEE
310
6C943839C1488B4C05DF079FE72A69D8C96C13AAD6B8631503449F83828872B949AC57D26200B826A308D316B4064D6E46FCDA41C05550DC9E483A00797BFD207EFB092A45DE9514C1BBD22178396BD39D891265658C238DEA00936C654E5E433CB65A26D9F6EDB5EBC14EBF49A45CB856E66048291F6939A9A81BB5C89177
310
38143CA680F4AA299D66A042CEB3354A2684DC9D8D178FE0D9B8B41CAAD720F880EE7EF93C0C18769E099ECC04D5A102C8049A8A05632F4DDF376CF1DE0F6BB65C2F8627B65A33C6BB62177CEBBDAD973006829F89F22E814B54F4BC2BE347F8AA8F681390B50FA73F804400B5F542E796F19FF974E7F78DB802FE05E20750
310
4B0304140006080800CC70623B8D05915C650500003B100000340000006662782F36394639363044362D344446342D343946362D394244322D3234314243333846323333332F6F626A656374732E786D6CAD575B6FA33814FE2B887D06429276DA1565D4266D158D3A339A6846FB502932E050B66023DB74D2FDF5FB190C01
310
9276B2973C046C8ECFF53B17071F77456EBD502133CEAE6CDF9DD81665314F32965ED995DA3A17B6F5310C04E7AA47665B8C14F4CAD6DB7618A48257A5D94AE89654B91AEDDEDDFC61C998326A5B714EA4BCB265FC440BE2924AF184CA6737218AB8E976E7FA6E4338649B0A523E8D98964450A6A029F619B8588D52FE7039
310
B1BD30F0F4F730D0FF866AF6369557DB33949F31A9088B0F848DD8CCFCF9F2767A76E99CCDE733677E3EF59D9BBB9BA5E37F984D16E78BC5E5F5ED25044B25C0C96822E8D60EEFE11B91C581D77CEA34368A1F5329E68CD1B8B61F16D63A1B8E092D294B10C78C4A48EB593D192E7DED9BDEE7995E1B91FDEDD3ACEA9FE831
310
6A756F9F7D4D79F4274C90A7A04248AA51D5F8C718DAE06FB2F75AC4796EBE65D22A88A22223B995679120E2D50E41AA49C260C046A35368846B0BECD0DFF3EBEB8AD4F835768F69B9ADF25C43D30E6B646F807FAA64AD59F61715C7A54127C4AACA98BA3006A9D792DAE165E0D59B61A01FB3A9F9D838D2DAE62445C86166
310
F37564E842E7DE6A69879FEEA2DD5AE7E371E1A5E025154AC307D06A03D73EB5978C58FFA4C8E9033066E0F3BD53BEC1F39F91BE7B55103791EDE6BBB991A2046172CB4581D8B893FA674DDA17A77B3B7C413D1B511FD2743BFF8A38F03A658705E3ADF8015C3A3417FF3D7E439FF591DA0B5F18BC20C1B8981957AE6392A3
310
F43C640C01D1A0B4728E2DD4F26DB4B3C3152A252A3B4E913CEC1C72F012782FF88EFF8637AA552DBEF76408E8A8DE9E50F9E1CB3A2DA0DB1B6039A893B56063DC5B3E3FFB5F72E67AB9FEB4AEC496C4F4C1149625DD662C53E89D7BF0F6151A046260D1337DFDC94502430F83B0EE07A130A224BCAD7DAE1D9FB6CD422FF6
310
920702629C4BB9AE79C12F243C6432A6794E18E5552BA56B431AAB5D91317302B2B071E86C3A42B1A02F999E24061403B5D0EB639195DA655DD3EBEAB4FB862DDF579F014AD0E73C22F99E28DA57FB98E75C6CA2D74D53086D600F4786E0FE3144B771A8A7B900F03594DB8A633CBC49B2EDB69228BB479CF863B5E807AAAB
310
23872F6DFEB4129B949CA33823F58830E86D65621E10047D9DB34D862E8EAC3C2ABC2F7B2C40D67CDFE01F5545B92105AF983AC54D93D69E56FB8E797F88913F898A9FEC705D3F9D1B54EC8426FB500D40A03BD0119B06E1B95DDC7EB8F6975367793EBD70E66733DFB9BC982F9CE564727731999F5D4ECFCE3B8D6A4DC2A0
310
6D50FD148437D110834A64C6CDDF57FBACB5C307A2A477DFE4939736CFEF2B175371E0E10CF0DD1D5C15654E0BCA14D1E87DD02FF93782A162C0A3D95F1524A52770F972BF1EE9809D13CE7DD599467F8ECE9ADD85CE85A34CD45355448C64F9E8A031DC2D596ACC6E5DD93D9B82DE2EF5CAF81363A8E47996A0DE24564A79
310
4115AACE09C55E14540231FDA13C319787134EBF34E3A022514E5B4D9E0826E25C02D5805B15ABE1BEF51B26383D445DD9E875EE33FE4C22DA16427D65A3BCA92CA6D28DD01DF5DC53330704308475351050232CCD31583787BA75774AFB06E5070DD0C8EF484E19968C5D83BA5B90B244D31E54D55A372320FE4786B7EA58
310
44E135AA5467CB7EA333A61683CC6A8C3257034C10CF46F40EF9F5BE59BE5BD30C3C72D235E95D10345C1D45445A5F0BB47E46A5EBE5570F9380B5FA629579952296A773720405982B9DE04011506178964401AA8BDF1FBF0A8EAB6861DD6580C0E38217056766716DAEB2D6FA0917D3E4116581EADB879C4E7CFFB11EFACD
310
3D641311495D92C8676CB409A72D18610D803CE8A626049E8EC1887CB5B44CC39883690DDA8399B4B9855B481E7D71D4A9D22F96E5BB73BF5793020C02137BF837504B0304140006080000CC70623B000000000000000000000000350000006662782F36394639363044362D344446342D343946362D394244322D32343142
310
43333846323333332F76657274696365732E62696E504B0304140006080800CC70623BF270F1330600000004000000360000006662782F36394639363044362D344446342D343946362D394244322D3234314243333846323333332F747269616E676C65732E62696E636660600000504B0304140006080000CC70623B0000
310
00000000000000000000370000006662782F36394639363044362D344446342D343946362D394244322D3234314243333846323333332F617474726962757465732E62696E504B0304140006080800CC70623B08DA0BD19000000041010000360000006662782F36394639363044362D344446342D343946362D394244322D
310
3234314243333846323333332F6469726563746F72792E786D6C858F410AC3201045AF22B36F53E9A60B35CBEEBAE80D244E44489C6234F4F835464A48035D0DF398FF9F8AF63D0E6CC63039F212F8F9020C7D47C6792B21C5FE7403D62A1188E2E60C98D7234A5830286103A55745067B9D86B8A3CF9C7F90C11DE607FB14
310
4396D7B6A82D282E9A152AD114D5EF2CB866EEE831B8EEA07A7BB5A8D7D61A2BAAEB7FD5F70921FF497D00504B0304140006080800CC70623BCA768048FE000000A00100003B0000006662782F36394639363044362D344446342D343946362D394244322D3234314243333846323333332F7265736F75726365732F636F72
310
652E786D6C8D50596E833010BD0A9ADFCA60D600328E9AA639412F609909B1126CE4A5EAF16B0295DABFFECC8CDEA2797AECF8353F924FB44E193D409E5248504B332A3D0D10FC95B4901C39B3C6F85F3248B49871801506CE266BC2B243D2688FDA47549B11775038871E12F988C7004EDE7016A9083E2ADC3D5D84BC8B09
310
D33C8D74D471E6BC8D0192EDC93A815B742658898E651BCB59086ADC356A8C3FD555A1055ED7E7E254D615792D0F075295F585746FF53B694EE78A565DD736979A65AB9933AFE69F8CD2A2F038022F28ED489E135A7CE4554F9BBEA85E68DB53CAB255FEC71496F19FA6A0B42F8B3DEE6673C0F318E4497096AD7DC5F52C33
310
EEB55BFE0D504B010214000A0000080000CC70623B3DEE336E79000000790000001B00000000000000000000000000000000006175746F6465736B2D64657369676E2D7061636B6167652E786D6C504B01021400140006080800CC70623BD486FD9CA0000000F40000001300000000000000000000000000B20000005B436F
310
6E74656E745F54797065735D2E786D6C504B01021400140006080800CC70623BD9DDAED0EC0000007C010000080000000000000000000000000083010000636F72652E786D6C504B01021400140006080800CC70623B55019EA25F0000007C000000070000000000000000000000000095020000636E782E786D6C504B0102
310
1400140006080800CC70623BA24EB22D72010000D40300000C00000000000000000000000000190300006662782F636F72652E786D6C504B01021400140006080800CC70623B408A7D3B7C0000009D0000000B00000000000000000000000000B50400006662782F636E782E786D6C504B01021400140006080800CC70623B
310
449FB9BD290100001202000031000000000000000000000000005A0500006662782F36394639363044362D344446342D343946362D394244322D3234314243333846323333332F636F72652E786D6C504B01021400140006080800CC70623BAD7543B64E010000330300003000000000000000000000000000D20600006662
310
782F36394639363044362D344446342D343946362D394244322D3234314243333846323333332F636E782E786D6C504B01021400140006080800CC70623B8D05915C650500003B10000034000000000000000000000000006E0800006662782F36394639363044362D344446342D343946362D394244322D32343142433338
310
46323333332F6F626A656374732E786D6C504B01021400140006080000CC70623B0000000000000000000000003500000000000000000000000000250E00006662782F36394639363044362D344446342D343946362D394244322D3234314243333846323333332F76657274696365732E62696E504B010214001400060808
310
00CC70623BF270F13306000000040000003600000000000000000000000000780E00006662782F36394639363044362D344446342D343946362D394244322D3234314243333846323333332F747269616E676C65732E62696E504B01021400140006080000CC70623B00000000000000000000000037000000000000000000
310
00000000D20E00006662782F36394639363044362D344446342D343946362D394244322D3234314243333846323333332F617474726962757465732E62696E504B01021400140006080800CC70623B08DA0BD190000000410100003600000000000000000000000000270F00006662782F36394639363044362D344446342D
310
343946362D394244322D3234314243333846323333332F6469726563746F72792E786D6C504B01021400140006080800CC70623BCA768048FE000000A00100003B000000000000000000000000000B1000006662782F36394639363044362D344446342D343946362D394244322D3234314243333846323333332F7265736F
310
75726365732F636F72652E786D6C504B0506000000000E000E0080040000621100000000
  0
XRECORD
  5
85B
102
{ACAD_REACTORS
330
85A
102
}
330
85A
100
AcDbXrecord
280
     1
102
DISPLAYNAME
  1
Metric50
102
FLAGS
 90
        0
  0
CELLSTYLEMAP
  5
85D
102
{ACAD_REACTORS
330
85C
102
}
330
85C
100
AcDbCellStyleMap
 90
        3
300
CELLSTYLE
  1
TABLEFORMAT_BEGIN
 90
        5
170
     1
 91
        0
 92
    32768
 62
   257
 93
        1
300
CONTENTFORMAT
  1
CONTENTFORMAT_BEGIN
 90
        0
 91
        0
 92
      512
 93
        0
300

 40
0.0
140
1.0
 94
        5
 62
     0
340
11
144
6.0
309
CONTENTFORMAT_END
171
     1
301
MARGIN
  1
CELLMARGIN_BEGIN
 40
1.5
 40
1.5
 40
1.5
 40
1.5
 40
4.5
 40
4.5
309
CELLMARGIN_END
 94
        6
 95
        1
302
GRIDFORMAT
  1
GRIDFORMAT_BEGIN
 90
        0
 91
        1
 62
     0
 92
       -2
340
14
 93
        0
 40
1.125
309
GRIDFORMAT_END
 95
        2
302
GRIDFORMAT
  1
GRIDFORMAT_BEGIN
 90
        0
 91
        1
 62
     0
 92
       -2
340
14
 93
        0
 40
1.125
309
GRIDFORMAT_END
 95
        4
302
GRIDFORMAT
  1
GRIDFORMAT_BEGIN
 90
        0
 91
        1
 62
     0
 92
       -2
340
14
 93
        0
 40
1.125
309
GRIDFORMAT_END
 95
        8
302
GRIDFORMAT
  1
GRIDFORMAT_BEGIN
 90
        0
 91
        1
 62
     0
 92
       -2
340
14
 93
        0
 40
1.125
309
GRIDFORMAT_END
 95
       16
302
GRIDFORMAT
  1
GRIDFORMAT_BEGIN
 90
        0
 91
        1
 62
     0
 92
       -2
340
14
 93
        0
 40
1.125
309
GRIDFORMAT_END
 95
       32
302
GRIDFORMAT
  1
GRIDFORMAT_BEGIN
 90
        0
 91
        1
 62
     0
 92
       -2
340
14
 93
        0
 40
1.125
309
GRIDFORMAT_END
309
TABLEFORMAT_END
  1
CELLSTYLE_BEGIN
 90
        1
 91
        1
300
_TITLE
309
CELLSTYLE_END
300
CELLSTYLE
  1
TABLEFORMAT_BEGIN
 90
        5
170
     1
 91
        0
 92
        0
 62
   257
 93
        1
300
CONTENTFORMAT
  1
CONTENTFORMAT_BEGIN
 90
        0
 91
        0
 92
      512
 93
        0
300

 40
0.0
140
1.0
 94
        5
 62
     0
340
11
144
4.5
309
CONTENTFORMAT_END
171
     1
301
MARGIN
  1
CELLMARGIN_BEGIN
 40
1.5
 40
1.5
 40
1.5
 40
1.5
 40
4.5
 40
4.5
309
CELLMARGIN_END
 94
        6
 95
        1
302
GRIDFORMAT
  1
GRIDFORMAT_BEGIN
 90
        0
 91
        1
 62
     0
 92
       -2
340
14
 93
        0
 40
1.125
309
GRIDFORMAT_END
 95
        2
302
GRIDFORMAT
  1
GRIDFORMAT_BEGIN
 90
        0
 91
        1
 62
     0
 92
       -2
340
14
 93
        0
 40
1.125
309
GRIDFORMAT_END
 95
        4
302
GRIDFORMAT
  1
GRIDFORMAT_BEGIN
 90
        0
 91
        1
 62
     0
 92
       -2
340
14
 93
        0
 40
1.125
309
GRIDFORMAT_END
 95
        8
302
GRIDFORMAT
  1
GRIDFORMAT_BEGIN
 90
        0
 91
        1
 62
     0
 92
       -2
340
14
 93
        0
 40
1.125
309
GRIDFORMAT_END
 95
       16
302
GRIDFORMAT
  1
GRIDFORMAT_BEGIN
 90
        0
 91
        1
 62
     0
 92
       -2
340
14
 93
        0
 40
1.125
309
GRIDFORMAT_END
 95
       32
302
GRIDFORMAT
  1
GRIDFORMAT_BEGIN
 90
        0
 91
        1
 62
     0
 92
       -2
340
14
 93
        0
 40
1.125
309
GRIDFORMAT_END
309
TABLEFORMAT_END
  1
CELLSTYLE_BEGIN
 90
        2
 91
        1
300
_HEADER
309
CELLSTYLE_END
300
CELLSTYLE
  1
TABLEFORMAT_BEGIN
 90
        5
170
     1
 91
        0
 92
        0
 62
   257
 93
        1
300
CONTENTFORMAT
  1
CONTENTFORMAT_BEGIN
 90
        0
 91
        0
 92
      512
 93
        0
300

 40
0.0
140
1.0
 94
        2
 62
     0
340
11
144
4.5
309
CONTENTFORMAT_END
171
     1
301
MARGIN
  1
CELLMARGIN_BEGIN
 40
1.5
 40
1.5
 40
1.5
 40
1.5
 40
4.5
 40
4.5
309
CELLMARGIN_END
 94
        6
 95
        1
302
GRIDFORMAT
  1
GRIDFORMAT_BEGIN
 90
        0
 91
        1
 62
     0
 92
       -2
340
14
 93
        0
 40
1.125
309
GRIDFORMAT_END
 95
        2
302
GRIDFORMAT
  1
GRIDFORMAT_BEGIN
 90
        0
 91
        1
 62
     0
 92
       -2
340
14
 93
        0
 40
1.125
309
GRIDFORMAT_END
 95
        4
302
GRIDFORMAT
  1
GRIDFORMAT_BEGIN
 90
        0
 91
        1
 62
     0
 92
       -2
340
14
 93
        0
 40
1.125
309
GRIDFORMAT_END
 95
        8
302
GRIDFORMAT
  1
GRIDFORMAT_BEGIN
 90
        0
 91
        1
 62
     0
 92
       -2
340
14
 93
        0
 40
1.125
309
GRIDFORMAT_END
 95
       16
302
GRIDFORMAT
  1
GRIDFORMAT_BEGIN
 90
        0
 91
        1
 62
     0
 92
       -2
340
14
 93
        0
 40
1.125
309
GRIDFORMAT_END
 95
       32
302
GRIDFORMAT
  1
GRIDFORMAT_BEGIN
 90
        0
 91
        1
 62
     0
 92
       -2
340
14
 93
        0
 40
1.125
309
GRIDFORMAT_END
309
TABLEFORMAT_END
  1
CELLSTYLE_BEGIN
 90
        3
 91
        2
300
_DATA
309
CELLSTYLE_END
  0
XRECORD
  5
85F
102
{ACAD_REACTORS
330
85E
102
}
330
85E
100
AcDbXrecord
280
     1
102
RTVSPost2010Prop28
280
     1
102
RTVSPost2010PropOp28
 70
     1
102
RTVSPost2010Prop29
280
     1
102
RTVSPost2010PropOp29
 70
     1
102
RTVSPost2010Prop30
280
     0
102
RTVSPost2010PropOp30
 70
     1
102
RTVSPost2010Prop31
280
     0
102
RTVSPost2010PropOp31
 70
     1
102
RTVSPost2010Prop32
280
     0
102
RTVSPost2010PropOp32
 70
     1
102
RTVSPost2010Prop33
280
     0
102
RTVSPost2010PropOp33
 70
     1
102
RTVSPost2010Prop34
280
     0
102
RTVSPost2010PropOp34
 70
     1
102
RTVSPost2010Prop35
280
     0
102
RTVSPost2010PropOp35
 70
     1
102
RTVSPost2010Prop36
280
     0
102
RTVSPost2010PropOp36
 70
     1
102
RTVSPost2010Prop37
 90
       50
102
RTVSPost2010PropOp37
 70
     1
102
RTVSPost2010Prop38
140
0.0
102
RTVSPost2010PropOp38
 70
     1
102
RTVSPost2010Prop39
140
1.0
102
RTVSPost2010PropOp39
 70
     1
102
RTVSPost2010Prop40
 90
        0
102
RTVSPost2010PropOp40
 70
     1
102
RTVSPost2010Prop41ColorIndex
 90
       18
102
RTVSPost2010Prop41ColorRGB
 90
        0
102
RTVSPost2010PropOp41
 70
     1
102
RTVSPost2010Prop42
 90
       50
102
RTVSPost2010PropOp42
 70
     1
102
RTVSPost2010Prop43
 90
        3
102
RTVSPost2010PropOp43
 70
     1
102
RTVSPost2010Prop44ColorIndex
 90
        5
102
RTVSPost2010Prop44ColorRGB
 90
      255
102
RTVSPost2010PropOp44
 70
     1
102
RTVSPost2010Prop45
280
     0
102
RTVSPost2010PropOp45
 70
     1
102
RTVSPost2010Prop46
 90
       50
102
RTVSPost2010PropOp46
 70
     1
102
RTVSPost2010Prop47
 90
       50
102
RTVSPost2010PropOp47
 70
     1
102
RTVSPost2010Prop48
 90
       50
102
RTVSPost2010PropOp48
 70
     1
102
RTVSPost2010Prop49
280
     0
102
RTVSPost2010PropOp49
 70
     1
102
RTVSPost2010Prop50
 90
       50
102
RTVSPost2010PropOp50
 70
     1
102
RTVSPost2010Prop51ColorIndex
 90
      256
102
RTVSPost2010Prop51ColorRGB
 90
-16777216
102
RTVSPost2010PropOp51
 70
     0
102
RTVSPost2010Prop52
140
1.0
102
RTVSPost2010PropOp52
 70
     0
102
RTVSPost2010Prop53
 90
        2
102
RTVSPost2010PropOp53
 70
     1
102
RTVSPost2010Prop54
  1
strokes_ogs.tif
102
RTVSPost2010PropOp54
 70
     1
102
RTVSPost2010Prop55
280
     0
102
RTVSPost2010PropOp55
 70
     1
102
RTVSPost2010Prop56
140
1.0
102
RTVSPost2010PropOp56
 70
     1
102
RTVSPost2010Prop57
140
1.0
102
RTVSPost2010PropOp57
 70
     1
  0
XRECORD
  5
861
102
{ACAD_REACTORS
330
860
102
}
330
860
100
AcDbXrecord
280
     1
102
RTVSPost2010Prop28
280
     0
102
RTVSPost2010PropOp28
 70
     1
102
RTVSPost2010Prop29
280
     1
102
RTVSPost2010PropOp29
 70
     1
102
RTVSPost2010Prop30
280
     1
102
RTVSPost2010PropOp30
 70
     1
102
RTVSPost2010Prop31
280
     0
102
RTVSPost2010PropOp31
 70
     1
102
RTVSPost2010Prop32
280
     0
102
RTVSPost2010PropOp32
 70
     1
102
RTVSPost2010Prop33
280
     0
102
RTVSPost2010PropOp33
 70
     1
102
RTVSPost2010Prop34
280
     0
102
RTVSPost2010PropOp34
 70
     1
102
RTVSPost2010Prop35
280
     0
102
RTVSPost2010PropOp35
 70
     1
102
RTVSPost2010Prop36
280
     0
102
RTVSPost2010PropOp36
 70
     1
102
RTVSPost2010Prop37
 90
       50
102
RTVSPost2010PropOp37
 70
     1
102
RTVSPost2010Prop38
140
0.0
102
RTVSPost2010PropOp38
 70
     1
102
RTVSPost2010Prop39
140
1.0
102
RTVSPost2010PropOp39
 70
     1
102
RTVSPost2010Prop40
 90
        0
102
RTVSPost2010PropOp40
 70
     1
102
RTVSPost2010Prop41ColorIndex
 90
       18
102
RTVSPost2010Prop41ColorRGB
 90
        0
102
RTVSPost2010PropOp41
 70
     1
102
RTVSPost2010Prop42
 90
       50
102
RTVSPost2010PropOp42
 70
     1
102
RTVSPost2010Prop43
 90
        3
102
RTVSPost2010PropOp43
 70
     1
102
RTVSPost2010Prop44ColorIndex
 90
        5
102
RTVSPost2010Prop44ColorRGB
 90
      255
102
RTVSPost2010PropOp44
 70
     1
102
RTVSPost2010Prop45
280
     0
102
RTVSPost2010PropOp45
 70
     1
102
RTVSPost2010Prop46
 90
       50
102
RTVSPost2010PropOp46
 70
     1
102
RTVSPost2010Prop47
 90
       50
102
RTVSPost2010PropOp47
 70
     1
102
RTVSPost2010Prop48
 90
       50
102
RTVSPost2010PropOp48
 70
     1
102
RTVSPost2010Prop49
280
     0
102
RTVSPost2010PropOp49
 70
     1
102
RTVSPost2010Prop50
 90
       50
102
RTVSPost2010PropOp50
 70
     1
102
RTVSPost2010Prop51ColorIndex
 90
      256
102
RTVSPost2010Prop51ColorRGB
 90
-16777216
102
RTVSPost2010PropOp51
 70
     0
102
RTVSPost2010Prop52
140
1.0
102
RTVSPost2010PropOp52
 70
     0
102
RTVSPost2010Prop53
 90
        2
102
RTVSPost2010PropOp53
 70
     1
102
RTVSPost2010Prop54
  1
strokes_ogs.tif
102
RTVSPost2010PropOp54
 70
     1
102
RTVSPost2010Prop55
280
     0
102
RTVSPost2010PropOp55
 70
     1
102
RTVSPost2010Prop56
140
1.0
102
RTVSPost2010PropOp56
 70
     1
102
RTVSPost2010Prop57
140
1.0
102
RTVSPost2010PropOp57
 70
     1
  0
XRECORD
  5
863
102
{ACAD_REACTORS
330
862
102
}
330
862
100
AcDbXrecord
280
     1
102
RTVSPost2010Prop28
280
     0
102
RTVSPost2010PropOp28
 70
     1
102
RTVSPost2010Prop29
280
     1
102
RTVSPost2010PropOp29
 70
     1
102
RTVSPost2010Prop30
280
     1
102
RTVSPost2010PropOp30
 70
     1
102
RTVSPost2010Prop31
280
     0
102
RTVSPost2010PropOp31
 70
     1
102
RTVSPost2010Prop32
280
     0
102
RTVSPost2010PropOp32
 70
     1
102
RTVSPost2010Prop33
280
     0
102
RTVSPost2010PropOp33
 70
     1
102
RTVSPost2010Prop34
280
     0
102
RTVSPost2010PropOp34
 70
     1
102
RTVSPost2010Prop35
280
     0
102
RTVSPost2010PropOp35
 70
     1
102
RTVSPost2010Prop36
280
     0
102
RTVSPost2010PropOp36
 70
     1
102
RTVSPost2010Prop37
 90
       50
102
RTVSPost2010PropOp37
 70
     1
102
RTVSPost2010Prop38
140
0.0
102
RTVSPost2010PropOp38
 70
     1
102
RTVSPost2010Prop39
140
1.0
102
RTVSPost2010PropOp39
 70
     1
102
RTVSPost2010Prop40
 90
        0
102
RTVSPost2010PropOp40
 70
     1
102
RTVSPost2010Prop41ColorIndex
 90
       18
102
RTVSPost2010Prop41ColorRGB
 90
        0
102
RTVSPost2010PropOp41
 70
     1
102
RTVSPost2010Prop42
 90
       50
102
RTVSPost2010PropOp42
 70
     1
102
RTVSPost2010Prop43
 90
        3
102
RTVSPost2010PropOp43
 70
     1
102
RTVSPost2010Prop44ColorIndex
 90
        5
102
RTVSPost2010Prop44ColorRGB
 90
      255
102
RTVSPost2010PropOp44
 70
     1
102
RTVSPost2010Prop45
280
     0
102
RTVSPost2010PropOp45
 70
     1
102
RTVSPost2010Prop46
 90
       50
102
RTVSPost2010PropOp46
 70
     1
102
RTVSPost2010Prop47
 90
       50
102
RTVSPost2010PropOp47
 70
     1
102
RTVSPost2010Prop48
 90
       50
102
RTVSPost2010PropOp48
 70
     1
102
RTVSPost2010Prop49
280
     0
102
RTVSPost2010PropOp49
 70
     1
102
RTVSPost2010Prop50
 90
       50
102
RTVSPost2010PropOp50
 70
     1
102
RTVSPost2010Prop51ColorIndex
 90
      256
102
RTVSPost2010Prop51ColorRGB
 90
-16777216
102
RTVSPost2010PropOp51
 70
     0
102
RTVSPost2010Prop52
140
1.0
102
RTVSPost2010PropOp52
 70
     0
102
RTVSPost2010Prop53
 90
        2
102
RTVSPost2010PropOp53
 70
     1
102
RTVSPost2010Prop54
  1
strokes_ogs.tif
102
RTVSPost2010PropOp54
 70
     1
102
RTVSPost2010Prop55
280
     0
102
RTVSPost2010PropOp55
 70
     1
102
RTVSPost2010Prop56
140
1.0
102
RTVSPost2010PropOp56
 70
     1
102
RTVSPost2010Prop57
140
1.0
102
RTVSPost2010PropOp57
 70
     1
  0
XRECORD
  5
865
102
{ACAD_REACTORS
330
864
102
}
330
864
100
AcDbXrecord
280
     1
102
RTVSPost2010Prop28
280
     0
102
RTVSPost2010PropOp28
 70
     1
102
RTVSPost2010Prop29
280
     1
102
RTVSPost2010PropOp29
 70
     1
102
RTVSPost2010Prop30
280
     1
102
RTVSPost2010PropOp30
 70
     1
102
RTVSPost2010Prop31
280
     0
102
RTVSPost2010PropOp31
 70
     1
102
RTVSPost2010Prop32
280
     0
102
RTVSPost2010PropOp32
 70
     1
102
RTVSPost2010Prop33
280
     0
102
RTVSPost2010PropOp33
 70
     1
102
RTVSPost2010Prop34
280
     0
102
RTVSPost2010PropOp34
 70
     1
102
RTVSPost2010Prop35
280
     0
102
RTVSPost2010PropOp35
 70
     1
102
RTVSPost2010Prop36
280
     0
102
RTVSPost2010PropOp36
 70
     1
102
RTVSPost2010Prop37
 90
       50
102
RTVSPost2010PropOp37
 70
     1
102
RTVSPost2010Prop38
140
0.0
102
RTVSPost2010PropOp38
 70
     1
102
RTVSPost2010Prop39
140
1.0
102
RTVSPost2010PropOp39
 70
     1
102
RTVSPost2010Prop40
 90
        0
102
RTVSPost2010PropOp40
 70
     1
102
RTVSPost2010Prop41ColorIndex
 90
       18
102
RTVSPost2010Prop41ColorRGB
 90
        0
102
RTVSPost2010PropOp41
 70
     1
102
RTVSPost2010Prop42
 90
       50
102
RTVSPost2010PropOp42
 70
     1
102
RTVSPost2010Prop43
 90
        3
102
RTVSPost2010PropOp43
 70
     1
102
RTVSPost2010Prop44ColorIndex
 90
        5
102
RTVSPost2010Prop44ColorRGB
 90
      255
102
RTVSPost2010PropOp44
 70
     1
102
RTVSPost2010Prop45
280
     0
102
RTVSPost2010PropOp45
 70
     1
102
RTVSPost2010Prop46
 90
       50
102
RTVSPost2010PropOp46
 70
     1
102
RTVSPost2010Prop47
 90
       50
102
RTVSPost2010PropOp47
 70
     1
102
RTVSPost2010Prop48
 90
       50
102
RTVSPost2010PropOp48
 70
     1
102
RTVSPost2010Prop49
280
     0
102
RTVSPost2010PropOp49
 70
     1
102
RTVSPost2010Prop50
 90
       50
102
RTVSPost2010PropOp50
 70
     1
102
RTVSPost2010Prop51ColorIndex
 90
      256
102
RTVSPost2010Prop51ColorRGB
 90
-16777216
102
RTVSPost2010PropOp51
 70
     0
102
RTVSPost2010Prop52
140
1.0
102
RTVSPost2010PropOp52
 70
     0
102
RTVSPost2010Prop53
 90
        2
102
RTVSPost2010PropOp53
 70
     1
102
RTVSPost2010Prop54
  1
strokes_ogs.tif
102
RTVSPost2010PropOp54
 70
     1
102
RTVSPost2010Prop55
280
     0
102
RTVSPost2010PropOp55
 70
     1
102
RTVSPost2010Prop56
140
1.0
102
RTVSPost2010PropOp56
 70
     1
102
RTVSPost2010Prop57
140
1.0
102
RTVSPost2010PropOp57
 70
     1
  0
XRECORD
  5
867
102
{ACAD_REACTORS
330
866
102
}
330
866
100
AcDbXrecord
280
     1
102
RTVSPost2010Prop28
280
     0
102
RTVSPost2010PropOp28
 70
     1
102
RTVSPost2010Prop29
280
     1
102
RTVSPost2010PropOp29
 70
     1
102
RTVSPost2010Prop30
280
     1
102
RTVSPost2010PropOp30
 70
     1
102
RTVSPost2010Prop31
280
     0
102
RTVSPost2010PropOp31
 70
     1
102
RTVSPost2010Prop32
280
     0
102
RTVSPost2010PropOp32
 70
     1
102
RTVSPost2010Prop33
280
     0
102
RTVSPost2010PropOp33
 70
     1
102
RTVSPost2010Prop34
280
     0
102
RTVSPost2010PropOp34
 70
     1
102
RTVSPost2010Prop35
280
     0
102
RTVSPost2010PropOp35
 70
     1
102
RTVSPost2010Prop36
280
     0
102
RTVSPost2010PropOp36
 70
     1
102
RTVSPost2010Prop37
 90
       50
102
RTVSPost2010PropOp37
 70
     1
102
RTVSPost2010Prop38
140
0.0
102
RTVSPost2010PropOp38
 70
     1
102
RTVSPost2010Prop39
140
1.0
102
RTVSPost2010PropOp39
 70
     1
102
RTVSPost2010Prop40
 90
        0
102
RTVSPost2010PropOp40
 70
     1
102
RTVSPost2010Prop41ColorIndex
 90
       18
102
RTVSPost2010Prop41ColorRGB
 90
        0
102
RTVSPost2010PropOp41
 70
     1
102
RTVSPost2010Prop42
 90
       50
102
RTVSPost2010PropOp42
 70
     1
102
RTVSPost2010Prop43
 90
        3
102
RTVSPost2010PropOp43
 70
     1
102
RTVSPost2010Prop44ColorIndex
 90
        5
102
RTVSPost2010Prop44ColorRGB
 90
      255
102
RTVSPost2010PropOp44
 70
     1
102
RTVSPost2010Prop45
280
     0
102
RTVSPost2010PropOp45
 70
     1
102
RTVSPost2010Prop46
 90
       50
102
RTVSPost2010PropOp46
 70
     1
102
RTVSPost2010Prop47
 90
       50
102
RTVSPost2010PropOp47
 70
     1
102
RTVSPost2010Prop48
 90
       50
102
RTVSPost2010PropOp48
 70
     1
102
RTVSPost2010Prop49
280
     0
102
RTVSPost2010PropOp49
 70
     1
102
RTVSPost2010Prop50
 90
       50
102
RTVSPost2010PropOp50
 70
     1
102
RTVSPost2010Prop51ColorIndex
 90
      256
102
RTVSPost2010Prop51ColorRGB
 90
-16777216
102
RTVSPost2010PropOp51
 70
     0
102
RTVSPost2010Prop52
140
1.0
102
RTVSPost2010PropOp52
 70
     0
102
RTVSPost2010Prop53
 90
        2
102
RTVSPost2010PropOp53
 70
     1
102
RTVSPost2010Prop54
  1
strokes_ogs.tif
102
RTVSPost2010PropOp54
 70
     1
102
RTVSPost2010Prop55
280
     0
102
RTVSPost2010PropOp55
 70
     1
102
RTVSPost2010Prop56
140
1.0
102
RTVSPost2010PropOp56
 70
     1
102
RTVSPost2010Prop57
140
1.0
102
RTVSPost2010PropOp57
 70
     1
  0
XRECORD
  5
869
102
{ACAD_REACTORS
330
868
102
}
330
868
100
AcDbXrecord
280
     1
102
RTVSPost2010Prop28
280
     0
102
RTVSPost2010PropOp28
 70
     1
102
RTVSPost2010Prop29
280
     1
102
RTVSPost2010PropOp29
 70
     1
102
RTVSPost2010Prop30
280
     1
102
RTVSPost2010PropOp30
 70
     1
102
RTVSPost2010Prop31
280
     0
102
RTVSPost2010PropOp31
 70
     1
102
RTVSPost2010Prop32
280
     0
102
RTVSPost2010PropOp32
 70
     1
102
RTVSPost2010Prop33
280
     0
102
RTVSPost2010PropOp33
 70
     1
102
RTVSPost2010Prop34
280
     0
102
RTVSPost2010PropOp34
 70
     1
102
RTVSPost2010Prop35
280
     0
102
RTVSPost2010PropOp35
 70
     1
102
RTVSPost2010Prop36
280
     0
102
RTVSPost2010PropOp36
 70
     1
102
RTVSPost2010Prop37
 90
       50
102
RTVSPost2010PropOp37
 70
     1
102
RTVSPost2010Prop38
140
0.0
102
RTVSPost2010PropOp38
 70
     1
102
RTVSPost2010Prop39
140
1.0
102
RTVSPost2010PropOp39
 70
     1
102
RTVSPost2010Prop40
 90
        0
102
RTVSPost2010PropOp40
 70
     1
102
RTVSPost2010Prop41ColorIndex
 90
       18
102
RTVSPost2010Prop41ColorRGB
 90
        0
102
RTVSPost2010PropOp41
 70
     1
102
RTVSPost2010Prop42
 90
       50
102
RTVSPost2010PropOp42
 70
     1
102
RTVSPost2010Prop43
 90
        3
102
RTVSPost2010PropOp43
 70
     1
102
RTVSPost2010Prop44ColorIndex
 90
        5
102
RTVSPost2010Prop44ColorRGB
 90
      255
102
RTVSPost2010PropOp44
 70
     1
102
RTVSPost2010Prop45
280
     0
102
RTVSPost2010PropOp45
 70
     1
102
RTVSPost2010Prop46
 90
       50
102
RTVSPost2010PropOp46
 70
     1
102
RTVSPost2010Prop47
 90
       50
102
RTVSPost2010PropOp47
 70
     1
102
RTVSPost2010Prop48
 90
       50
102
RTVSPost2010PropOp48
 70
     1
102
RTVSPost2010Prop49
280
     0
102
RTVSPost2010PropOp49
 70
     1
102
RTVSPost2010Prop50
 90
       50
102
RTVSPost2010PropOp50
 70
     1
102
RTVSPost2010Prop51ColorIndex
 90
      256
102
RTVSPost2010Prop51ColorRGB
 90
-16777216
102
RTVSPost2010PropOp51
 70
     0
102
RTVSPost2010Prop52
140
1.0
102
RTVSPost2010PropOp52
 70
     0
102
RTVSPost2010Prop53
 90
        2
102
RTVSPost2010PropOp53
 70
     1
102
RTVSPost2010Prop54
  1
strokes_ogs.tif
102
RTVSPost2010PropOp54
 70
     1
102
RTVSPost2010Prop55
280
     0
102
RTVSPost2010PropOp55
 70
     1
102
RTVSPost2010Prop56
140
1.0
102
RTVSPost2010PropOp56
 70
     1
102
RTVSPost2010Prop57
140
1.0
102
RTVSPost2010PropOp57
 70
     1
  0
XRECORD
  5
86B
102
{ACAD_REACTORS
330
86A
102
}
330
86A
100
AcDbXrecord
280
     1
102
RTVSPost2010Prop28
280
     0
102
RTVSPost2010PropOp28
 70
     1
102
RTVSPost2010Prop29
280
     1
102
RTVSPost2010PropOp29
 70
     1
102
RTVSPost2010Prop30
280
     1
102
RTVSPost2010PropOp30
 70
     1
102
RTVSPost2010Prop31
280
     0
102
RTVSPost2010PropOp31
 70
     1
102
RTVSPost2010Prop32
280
     0
102
RTVSPost2010PropOp32
 70
     1
102
RTVSPost2010Prop33
280
     0
102
RTVSPost2010PropOp33
 70
     1
102
RTVSPost2010Prop34
280
     0
102
RTVSPost2010PropOp34
 70
     1
102
RTVSPost2010Prop35
280
     0
102
RTVSPost2010PropOp35
 70
     1
102
RTVSPost2010Prop36
280
     0
102
RTVSPost2010PropOp36
 70
     1
102
RTVSPost2010Prop37
 90
       50
102
RTVSPost2010PropOp37
 70
     1
102
RTVSPost2010Prop38
140
0.0
102
RTVSPost2010PropOp38
 70
     1
102
RTVSPost2010Prop39
140
1.0
102
RTVSPost2010PropOp39
 70
     1
102
RTVSPost2010Prop40
 90
        0
102
RTVSPost2010PropOp40
 70
     1
102
RTVSPost2010Prop41ColorIndex
 90
       18
102
RTVSPost2010Prop41ColorRGB
 90
        0
102
RTVSPost2010PropOp41
 70
     1
102
RTVSPost2010Prop42
 90
       50
102
RTVSPost2010PropOp42
 70
     1
102
RTVSPost2010Prop43
 90
        3
102
RTVSPost2010PropOp43
 70
     1
102
RTVSPost2010Prop44ColorIndex
 90
        5
102
RTVSPost2010Prop44ColorRGB
 90
      255
102
RTVSPost2010PropOp44
 70
     1
102
RTVSPost2010Prop45
280
     0
102
RTVSPost2010PropOp45
 70
     1
102
RTVSPost2010Prop46
 90
       50
102
RTVSPost2010PropOp46
 70
     1
102
RTVSPost2010Prop47
 90
       50
102
RTVSPost2010PropOp47
 70
     1
102
RTVSPost2010Prop48
 90
       50
102
RTVSPost2010PropOp48
 70
     1
102
RTVSPost2010Prop49
280
     0
102
RTVSPost2010PropOp49
 70
     1
102
RTVSPost2010Prop50
 90
       50
102
RTVSPost2010PropOp50
 70
     1
102
RTVSPost2010Prop51ColorIndex
 90
      256
102
RTVSPost2010Prop51ColorRGB
 90
-16777216
102
RTVSPost2010PropOp51
 70
     0
102
RTVSPost2010Prop52
140
1.0
102
RTVSPost2010PropOp52
 70
     0
102
RTVSPost2010Prop53
 90
        2
102
RTVSPost2010PropOp53
 70
     1
102
RTVSPost2010Prop54
  1
strokes_ogs.tif
102
RTVSPost2010PropOp54
 70
     1
102
RTVSPost2010Prop55
280
     0
102
RTVSPost2010PropOp55
 70
     1
102
RTVSPost2010Prop56
140
1.0
102
RTVSPost2010PropOp56
 70
     1
102
RTVSPost2010Prop57
140
1.0
102
RTVSPost2010PropOp57
 70
     1
  0
XRECORD
  5
86D
102
{ACAD_REACTORS
330
86C
102
}
330
86C
100
AcDbXrecord
280
     1
102
RTVSPost2010Prop28
280
     0
102
RTVSPost2010PropOp28
 70
     1
102
RTVSPost2010Prop29
280
     1
102
RTVSPost2010PropOp29
 70
     1
102
RTVSPost2010Prop30
280
     1
102
RTVSPost2010PropOp30
 70
     1
102
RTVSPost2010Prop31
280
     0
102
RTVSPost2010PropOp31
 70
     1
102
RTVSPost2010Prop32
280
     0
102
RTVSPost2010PropOp32
 70
     1
102
RTVSPost2010Prop33
280
     0
102
RTVSPost2010PropOp33
 70
     1
102
RTVSPost2010Prop34
280
     0
102
RTVSPost2010PropOp34
 70
     1
102
RTVSPost2010Prop35
280
     0
102
RTVSPost2010PropOp35
 70
     1
102
RTVSPost2010Prop36
280
     0
102
RTVSPost2010PropOp36
 70
     1
102
RTVSPost2010Prop37
 90
       50
102
RTVSPost2010PropOp37
 70
     1
102
RTVSPost2010Prop38
140
0.0
102
RTVSPost2010PropOp38
 70
     1
102
RTVSPost2010Prop39
140
1.0
102
RTVSPost2010PropOp39
 70
     1
102
RTVSPost2010Prop40
 90
        0
102
RTVSPost2010PropOp40
 70
     1
102
RTVSPost2010Prop41ColorIndex
 90
       18
102
RTVSPost2010Prop41ColorRGB
 90
        0
102
RTVSPost2010PropOp41
 70
     1
102
RTVSPost2010Prop42
 90
       50
102
RTVSPost2010PropOp42
 70
     1
102
RTVSPost2010Prop43
 90
        3
102
RTVSPost2010PropOp43
 70
     1
102
RTVSPost2010Prop44ColorIndex
 90
        5
102
RTVSPost2010Prop44ColorRGB
 90
      255
102
RTVSPost2010PropOp44
 70
     1
102
RTVSPost2010Prop45
280
     0
102
RTVSPost2010PropOp45
 70
     1
102
RTVSPost2010Prop46
 90
       50
102
RTVSPost2010PropOp46
 70
     1
102
RTVSPost2010Prop47
 90
       50
102
RTVSPost2010PropOp47
 70
     1
102
RTVSPost2010Prop48
 90
       50
102
RTVSPost2010PropOp48
 70
     1
102
RTVSPost2010Prop49
280
     0
102
RTVSPost2010PropOp49
 70
     1
102
RTVSPost2010Prop50
 90
       50
102
RTVSPost2010PropOp50
 70
     1
102
RTVSPost2010Prop51ColorIndex
 90
      256
102
RTVSPost2010Prop51ColorRGB
 90
-16777216
102
RTVSPost2010PropOp51
 70
     0
102
RTVSPost2010Prop52
140
1.0
102
RTVSPost2010PropOp52
 70
     0
102
RTVSPost2010Prop53
 90
        2
102
RTVSPost2010PropOp53
 70
     1
102
RTVSPost2010Prop54
  1
strokes_ogs.tif
102
RTVSPost2010PropOp54
 70
     1
102
RTVSPost2010Prop55
280
     0
102
RTVSPost2010PropOp55
 70
     1
102
RTVSPost2010Prop56
140
1.0
102
RTVSPost2010PropOp56
 70
     1
102
RTVSPost2010Prop57
140
1.0
102
RTVSPost2010PropOp57
 70
     1
  0
XRECORD
  5
86F
102
{ACAD_REACTORS
330
86E
102
}
330
86E
100
AcDbXrecord
280
     1
102
RTVSPost2010Prop28
280
     0
102
RTVSPost2010PropOp28
 70
     1
102
RTVSPost2010Prop29
280
     1
102
RTVSPost2010PropOp29
 70
     1
102
RTVSPost2010Prop30
280
     1
102
RTVSPost2010PropOp30
 70
     1
102
RTVSPost2010Prop31
280
     0
102
RTVSPost2010PropOp31
 70
     1
102
RTVSPost2010Prop32
280
     0
102
RTVSPost2010PropOp32
 70
     1
102
RTVSPost2010Prop33
280
     0
102
RTVSPost2010PropOp33
 70
     1
102
RTVSPost2010Prop34
280
     0
102
RTVSPost2010PropOp34
 70
     1
102
RTVSPost2010Prop35
280
     0
102
RTVSPost2010PropOp35
 70
     1
102
RTVSPost2010Prop36
280
     0
102
RTVSPost2010PropOp36
 70
     1
102
RTVSPost2010Prop37
 90
       50
102
RTVSPost2010PropOp37
 70
     1
102
RTVSPost2010Prop38
140
0.0
102
RTVSPost2010PropOp38
 70
     1
102
RTVSPost2010Prop39
140
1.0
102
RTVSPost2010PropOp39
 70
     1
102
RTVSPost2010Prop40
 90
        0
102
RTVSPost2010PropOp40
 70
     1
102
RTVSPost2010Prop41ColorIndex
 90
       18
102
RTVSPost2010Prop41ColorRGB
 90
        0
102
RTVSPost2010PropOp41
 70
     1
102
RTVSPost2010Prop42
 90
       50
102
RTVSPost2010PropOp42
 70
     1
102
RTVSPost2010Prop43
 90
        3
102
RTVSPost2010PropOp43
 70
     1
102
RTVSPost2010Prop44ColorIndex
 90
        5
102
RTVSPost2010Prop44ColorRGB
 90
      255
102
RTVSPost2010PropOp44
 70
     1
102
RTVSPost2010Prop45
280
     0
102
RTVSPost2010PropOp45
 70
     1
102
RTVSPost2010Prop46
 90
       50
102
RTVSPost2010PropOp46
 70
     1
102
RTVSPost2010Prop47
 90
       50
102
RTVSPost2010PropOp47
 70
     1
102
RTVSPost2010Prop48
 90
       50
102
RTVSPost2010PropOp48
 70
     1
102
RTVSPost2010Prop49
280
     0
102
RTVSPost2010PropOp49
 70
     1
102
RTVSPost2010Prop50
 90
       50
102
RTVSPost2010PropOp50
 70
     1
102
RTVSPost2010Prop51ColorIndex
 90
      256
102
RTVSPost2010Prop51ColorRGB
 90
-16777216
102
RTVSPost2010PropOp51
 70
     0
102
RTVSPost2010Prop52
140
1.0
102
RTVSPost2010PropOp52
 70
     0
102
RTVSPost2010Prop53
 90
        2
102
RTVSPost2010PropOp53
 70
     1
102
RTVSPost2010Prop54
  1
strokes_ogs.tif
102
RTVSPost2010PropOp54
 70
     1
102
RTVSPost2010Prop55
280
     0
102
RTVSPost2010PropOp55
 70
     1
102
RTVSPost2010Prop56
140
1.0
102
RTVSPost2010PropOp56
 70
     1
102
RTVSPost2010Prop57
140
1.0
102
RTVSPost2010PropOp57
 70
     1
  0
XRECORD
  5
871
102
{ACAD_REACTORS
330
870
102
}
330
870
100
AcDbXrecord
280
     1
102
RTVSPost2010Prop28
280
     0
102
RTVSPost2010PropOp28
 70
     1
102
RTVSPost2010Prop29
280
     1
102
RTVSPost2010PropOp29
 70
     1
102
RTVSPost2010Prop30
280
     1
102
RTVSPost2010PropOp30
 70
     1
102
RTVSPost2010Prop31
280
     0
102
RTVSPost2010PropOp31
 70
     1
102
RTVSPost2010Prop32
280
     0
102
RTVSPost2010PropOp32
 70
     1
102
RTVSPost2010Prop33
280
     0
102
RTVSPost2010PropOp33
 70
     1
102
RTVSPost2010Prop34
280
     0
102
RTVSPost2010PropOp34
 70
     1
102
RTVSPost2010Prop35
280
     0
102
RTVSPost2010PropOp35
 70
     1
102
RTVSPost2010Prop36
280
     0
102
RTVSPost2010PropOp36
 70
     1
102
RTVSPost2010Prop37
 90
       50
102
RTVSPost2010PropOp37
 70
     1
102
RTVSPost2010Prop38
140
0.0
102
RTVSPost2010PropOp38
 70
     1
102
RTVSPost2010Prop39
140
1.0
102
RTVSPost2010PropOp39
 70
     1
102
RTVSPost2010Prop40
 90
        0
102
RTVSPost2010PropOp40
 70
     1
102
RTVSPost2010Prop41ColorIndex
 90
       18
102
RTVSPost2010Prop41ColorRGB
 90
        0
102
RTVSPost2010PropOp41
 70
     1
102
RTVSPost2010Prop42
 90
       50
102
RTVSPost2010PropOp42
 70
     1
102
RTVSPost2010Prop43
 90
        3
102
RTVSPost2010PropOp43
 70
     1
102
RTVSPost2010Prop44ColorIndex
 90
        5
102
RTVSPost2010Prop44ColorRGB
 90
      255
102
RTVSPost2010PropOp44
 70
     1
102
RTVSPost2010Prop45
280
     0
102
RTVSPost2010PropOp45
 70
     1
102
RTVSPost2010Prop46
 90
       50
102
RTVSPost2010PropOp46
 70
     1
102
RTVSPost2010Prop47
 90
       50
102
RTVSPost2010PropOp47
 70
     1
102
RTVSPost2010Prop48
 90
       50
102
RTVSPost2010PropOp48
 70
     1
102
RTVSPost2010Prop49
280
     0
102
RTVSPost2010PropOp49
 70
     1
102
RTVSPost2010Prop50
 90
       50
102
RTVSPost2010PropOp50
 70
     1
102
RTVSPost2010Prop51ColorIndex
 90
      256
102
RTVSPost2010Prop51ColorRGB
 90
-16777216
102
RTVSPost2010PropOp51
 70
     0
102
RTVSPost2010Prop52
140
1.0
102
RTVSPost2010PropOp52
 70
     0
102
RTVSPost2010Prop53
 90
        2
102
RTVSPost2010PropOp53
 70
     1
102
RTVSPost2010Prop54
  1
strokes_ogs.tif
102
RTVSPost2010PropOp54
 70
     1
102
RTVSPost2010Prop55
280
     0
102
RTVSPost2010PropOp55
 70
     1
102
RTVSPost2010Prop56
140
1.0
102
RTVSPost2010PropOp56
 70
     1
102
RTVSPost2010Prop57
140
1.0
102
RTVSPost2010PropOp57
 70
     1
  0
XRECORD
  5
873
102
{ACAD_REACTORS
330
872
102
}
330
872
100
AcDbXrecord
280
     1
102
RTVSPost2010Prop28
280
     0
102
RTVSPost2010PropOp28
 70
     1
102
RTVSPost2010Prop29
280
     1
102
RTVSPost2010PropOp29
 70
     1
102
RTVSPost2010Prop30
280
     1
102
RTVSPost2010PropOp30
 70
     1
102
RTVSPost2010Prop31
280
     0
102
RTVSPost2010PropOp31
 70
     1
102
RTVSPost2010Prop32
280
     0
102
RTVSPost2010PropOp32
 70
     1
102
RTVSPost2010Prop33
280
     0
102
RTVSPost2010PropOp33
 70
     1
102
RTVSPost2010Prop34
280
     0
102
RTVSPost2010PropOp34
 70
     1
102
RTVSPost2010Prop35
280
     0
102
RTVSPost2010PropOp35
 70
     1
102
RTVSPost2010Prop36
280
     0
102
RTVSPost2010PropOp36
 70
     1
102
RTVSPost2010Prop37
 90
       50
102
RTVSPost2010PropOp37
 70
     1
102
RTVSPost2010Prop38
140
0.0
102
RTVSPost2010PropOp38
 70
     1
102
RTVSPost2010Prop39
140
1.0
102
RTVSPost2010PropOp39
 70
     1
102
RTVSPost2010Prop40
 90
        0
102
RTVSPost2010PropOp40
 70
     1
102
RTVSPost2010Prop41ColorIndex
 90
       18
102
RTVSPost2010Prop41ColorRGB
 90
        0
102
RTVSPost2010PropOp41
 70
     1
102
RTVSPost2010Prop42
 90
       50
102
RTVSPost2010PropOp42
 70
     1
102
RTVSPost2010Prop43
 90
        3
102
RTVSPost2010PropOp43
 70
     1
102
RTVSPost2010Prop44ColorIndex
 90
        5
102
RTVSPost2010Prop44ColorRGB
 90
      255
102
RTVSPost2010PropOp44
 70
     1
102
RTVSPost2010Prop45
280
     0
102
RTVSPost2010PropOp45
 70
     1
102
RTVSPost2010Prop46
 90
       50
102
RTVSPost2010PropOp46
 70
     1
102
RTVSPost2010Prop47
 90
       50
102
RTVSPost2010PropOp47
 70
     1
102
RTVSPost2010Prop48
 90
       50
102
RTVSPost2010PropOp48
 70
     1
102
RTVSPost2010Prop49
280
     0
102
RTVSPost2010PropOp49
 70
     1
102
RTVSPost2010Prop50
 90
       50
102
RTVSPost2010PropOp50
 70
     1
102
RTVSPost2010Prop51ColorIndex
 90
      256
102
RTVSPost2010Prop51ColorRGB
 90
-16777216
102
RTVSPost2010PropOp51
 70
     0
102
RTVSPost2010Prop52
140
1.0
102
RTVSPost2010PropOp52
 70
     0
102
RTVSPost2010Prop53
 90
        2
102
RTVSPost2010PropOp53
 70
     1
102
RTVSPost2010Prop54
  1
strokes_ogs.tif
102
RTVSPost2010PropOp54
 70
     1
102
RTVSPost2010Prop55
280
     0
102
RTVSPost2010PropOp55
 70
     1
102
RTVSPost2010Prop56
140
1.0
102
RTVSPost2010PropOp56
 70
     1
102
RTVSPost2010Prop57
140
1.0
102
RTVSPost2010PropOp57
 70
     1
  0
XRECORD
  5
875
102
{ACAD_REACTORS
330
874
102
}
330
874
100
AcDbXrecord
280
     1
102
RTVSPost2010Prop28
280
     0
102
RTVSPost2010PropOp28
 70
     1
102
RTVSPost2010Prop29
280
     1
102
RTVSPost2010PropOp29
 70
     1
102
RTVSPost2010Prop30
280
     1
102
RTVSPost2010PropOp30
 70
     1
102
RTVSPost2010Prop31
280
     0
102
RTVSPost2010PropOp31
 70
     1
102
RTVSPost2010Prop32
280
     0
102
RTVSPost2010PropOp32
 70
     1
102
RTVSPost2010Prop33
280
     0
102
RTVSPost2010PropOp33
 70
     1
102
RTVSPost2010Prop34
280
     0
102
RTVSPost2010PropOp34
 70
     1
102
RTVSPost2010Prop35
280
     0
102
RTVSPost2010PropOp35
 70
     1
102
RTVSPost2010Prop36
280
     0
102
RTVSPost2010PropOp36
 70
     1
102
RTVSPost2010Prop37
 90
       50
102
RTVSPost2010PropOp37
 70
     1
102
RTVSPost2010Prop38
140
0.0
102
RTVSPost2010PropOp38
 70
     1
102
RTVSPost2010Prop39
140
1.0
102
RTVSPost2010PropOp39
 70
     1
102
RTVSPost2010Prop40
 90
        0
102
RTVSPost2010PropOp40
 70
     1
102
RTVSPost2010Prop41ColorIndex
 90
       18
102
RTVSPost2010Prop41ColorRGB
 90
        0
102
RTVSPost2010PropOp41
 70
     1
102
RTVSPost2010Prop42
 90
       50
102
RTVSPost2010PropOp42
 70
     1
102
RTVSPost2010Prop43
 90
        3
102
RTVSPost2010PropOp43
 70
     1
102
RTVSPost2010Prop44ColorIndex
 90
        5
102
RTVSPost2010Prop44ColorRGB
 90
      255
102
RTVSPost2010PropOp44
 70
     1
102
RTVSPost2010Prop45
280
     0
102
RTVSPost2010PropOp45
 70
     1
102
RTVSPost2010Prop46
 90
       50
102
RTVSPost2010PropOp46
 70
     1
102
RTVSPost2010Prop47
 90
       50
102
RTVSPost2010PropOp47
 70
     1
102
RTVSPost2010Prop48
 90
       50
102
RTVSPost2010PropOp48
 70
     1
102
RTVSPost2010Prop49
280
     0
102
RTVSPost2010PropOp49
 70
     1
102
RTVSPost2010Prop50
 90
       50
102
RTVSPost2010PropOp50
 70
     1
102
RTVSPost2010Prop51ColorIndex
 90
      256
102
RTVSPost2010Prop51ColorRGB
 90
-16777216
102
RTVSPost2010PropOp51
 70
     0
102
RTVSPost2010Prop52
140
1.0
102
RTVSPost2010PropOp52
 70
     0
102
RTVSPost2010Prop53
 90
        2
102
RTVSPost2010PropOp53
 70
     1
102
RTVSPost2010Prop54
  1
strokes_ogs.tif
102
RTVSPost2010PropOp54
 70
     1
102
RTVSPost2010Prop55
280
     0
102
RTVSPost2010PropOp55
 70
     1
102
RTVSPost2010Prop56
140
1.0
102
RTVSPost2010PropOp56
 70
     1
102
RTVSPost2010Prop57
140
1.0
102
RTVSPost2010PropOp57
 70
     1
  0
XRECORD
  5
877
102
{ACAD_REACTORS
330
876
102
}
330
876
100
AcDbXrecord
280
     1
102
RTVSPost2010Prop28
280
     0
102
RTVSPost2010PropOp28
 70
     1
102
RTVSPost2010Prop29
280
     1
102
RTVSPost2010PropOp29
 70
     1
102
RTVSPost2010Prop30
280
     1
102
RTVSPost2010PropOp30
 70
     1
102
RTVSPost2010Prop31
280
     0
102
RTVSPost2010PropOp31
 70
     1
102
RTVSPost2010Prop32
280
     0
102
RTVSPost2010PropOp32
 70
     1
102
RTVSPost2010Prop33
280
     0
102
RTVSPost2010PropOp33
 70
     1
102
RTVSPost2010Prop34
280
     0
102
RTVSPost2010PropOp34
 70
     1
102
RTVSPost2010Prop35
280
     0
102
RTVSPost2010PropOp35
 70
     1
102
RTVSPost2010Prop36
280
     0
102
RTVSPost2010PropOp36
 70
     1
102
RTVSPost2010Prop37
 90
       50
102
RTVSPost2010PropOp37
 70
     1
102
RTVSPost2010Prop38
140
0.0
102
RTVSPost2010PropOp38
 70
     1
102
RTVSPost2010Prop39
140
1.0
102
RTVSPost2010PropOp39
 70
     1
102
RTVSPost2010Prop40
 90
        0
102
RTVSPost2010PropOp40
 70
     1
102
RTVSPost2010Prop41ColorIndex
 90
       18
102
RTVSPost2010Prop41ColorRGB
 90
        0
102
RTVSPost2010PropOp41
 70
     1
102
RTVSPost2010Prop42
 90
       50
102
RTVSPost2010PropOp42
 70
     1
102
RTVSPost2010Prop43
 90
        3
102
RTVSPost2010PropOp43
 70
     1
102
RTVSPost2010Prop44ColorIndex
 90
        5
102
RTVSPost2010Prop44ColorRGB
 90
      255
102
RTVSPost2010PropOp44
 70
     1
102
RTVSPost2010Prop45
280
     0
102
RTVSPost2010PropOp45
 70
     1
102
RTVSPost2010Prop46
 90
       50
102
RTVSPost2010PropOp46
 70
     1
102
RTVSPost2010Prop47
 90
       50
102
RTVSPost2010PropOp47
 70
     1
102
RTVSPost2010Prop48
 90
       50
102
RTVSPost2010PropOp48
 70
     1
102
RTVSPost2010Prop49
280
     0
102
RTVSPost2010PropOp49
 70
     1
102
RTVSPost2010Prop50
 90
       50
102
RTVSPost2010PropOp50
 70
     1
102
RTVSPost2010Prop51ColorIndex
 90
      256
102
RTVSPost2010Prop51ColorRGB
 90
-16777216
102
RTVSPost2010PropOp51
 70
     0
102
RTVSPost2010Prop52
140
1.0
102
RTVSPost2010PropOp52
 70
     0
102
RTVSPost2010Prop53
 90
        2
102
RTVSPost2010PropOp53
 70
     1
102
RTVSPost2010Prop54
  1
strokes_ogs.tif
102
RTVSPost2010PropOp54
 70
     1
102
RTVSPost2010Prop55
280
     0
102
RTVSPost2010PropOp55
 70
     1
102
RTVSPost2010Prop56
140
1.0
102
RTVSPost2010PropOp56
 70
     1
102
RTVSPost2010Prop57
140
1.0
102
RTVSPost2010PropOp57
 70
     1
  0
XRECORD
  5
879
102
{ACAD_REACTORS
330
878
102
}
330
878
100
AcDbXrecord
280
     1
102
RTVSPost2010Prop28
280
     0
102
RTVSPost2010PropOp28
 70
     1
102
RTVSPost2010Prop29
280
     1
102
RTVSPost2010PropOp29
 70
     1
102
RTVSPost2010Prop30
280
     1
102
RTVSPost2010PropOp30
 70
     1
102
RTVSPost2010Prop31
280
     0
102
RTVSPost2010PropOp31
 70
     1
102
RTVSPost2010Prop32
280
     0
102
RTVSPost2010PropOp32
 70
     1
102
RTVSPost2010Prop33
280
     0
102
RTVSPost2010PropOp33
 70
     1
102
RTVSPost2010Prop34
280
     0
102
RTVSPost2010PropOp34
 70
     1
102
RTVSPost2010Prop35
280
     0
102
RTVSPost2010PropOp35
 70
     1
102
RTVSPost2010Prop36
280
     0
102
RTVSPost2010PropOp36
 70
     1
102
RTVSPost2010Prop37
 90
       50
102
RTVSPost2010PropOp37
 70
     1
102
RTVSPost2010Prop38
140
0.0
102
RTVSPost2010PropOp38
 70
     1
102
RTVSPost2010Prop39
140
1.0
102
RTVSPost2010PropOp39
 70
     1
102
RTVSPost2010Prop40
 90
        0
102
RTVSPost2010PropOp40
 70
     1
102
RTVSPost2010Prop41ColorIndex
 90
       18
102
RTVSPost2010Prop41ColorRGB
 90
        0
102
RTVSPost2010PropOp41
 70
     1
102
RTVSPost2010Prop42
 90
       50
102
RTVSPost2010PropOp42
 70
     1
102
RTVSPost2010Prop43
 90
        3
102
RTVSPost2010PropOp43
 70
     1
102
RTVSPost2010Prop44ColorIndex
 90
        5
102
RTVSPost2010Prop44ColorRGB
 90
      255
102
RTVSPost2010PropOp44
 70
     1
102
RTVSPost2010Prop45
280
     0
102
RTVSPost2010PropOp45
 70
     1
102
RTVSPost2010Prop46
 90
       50
102
RTVSPost2010PropOp46
 70
     1
102
RTVSPost2010Prop47
 90
       50
102
RTVSPost2010PropOp47
 70
     1
102
RTVSPost2010Prop48
 90
       50
102
RTVSPost2010PropOp48
 70
     1
102
RTVSPost2010Prop49
280
     0
102
RTVSPost2010PropOp49
 70
     1
102
RTVSPost2010Prop50
 90
       50
102
RTVSPost2010PropOp50
 70
     1
102
RTVSPost2010Prop51ColorIndex
 90
      256
102
RTVSPost2010Prop51ColorRGB
 90
-16777216
102
RTVSPost2010PropOp51
 70
     0
102
RTVSPost2010Prop52
140
1.0
102
RTVSPost2010PropOp52
 70
     0
102
RTVSPost2010Prop53
 90
        2
102
RTVSPost2010PropOp53
 70
     1
102
RTVSPost2010Prop54
  1
strokes_ogs.tif
102
RTVSPost2010PropOp54
 70
     1
102
RTVSPost2010Prop55
280
     0
102
RTVSPost2010PropOp55
 70
     1
102
RTVSPost2010Prop56
140
1.0
102
RTVSPost2010PropOp56
 70
     1
102
RTVSPost2010Prop57
140
1.0
102
RTVSPost2010PropOp57
 70
     1
  0
XRECORD
  5
87B
102
{ACAD_REACTORS
330
87A
102
}
330
87A
100
AcDbXrecord
280
     1
102
RTVSPost2010Prop28
280
     0
102
RTVSPost2010PropOp28
 70
     1
102
RTVSPost2010Prop29
280
     1
102
RTVSPost2010PropOp29
 70
     1
102
RTVSPost2010Prop30
280
     1
102
RTVSPost2010PropOp30
 70
     1
102
RTVSPost2010Prop31
280
     0
102
RTVSPost2010PropOp31
 70
     1
102
RTVSPost2010Prop32
280
     0
102
RTVSPost2010PropOp32
 70
     1
102
RTVSPost2010Prop33
280
     0
102
RTVSPost2010PropOp33
 70
     1
102
RTVSPost2010Prop34
280
     0
102
RTVSPost2010PropOp34
 70
     1
102
RTVSPost2010Prop35
280
     0
102
RTVSPost2010PropOp35
 70
     1
102
RTVSPost2010Prop36
280
     0
102
RTVSPost2010PropOp36
 70
     1
102
RTVSPost2010Prop37
 90
       50
102
RTVSPost2010PropOp37
 70
     1
102
RTVSPost2010Prop38
140
0.0
102
RTVSPost2010PropOp38
 70
     1
102
RTVSPost2010Prop39
140
1.0
102
RTVSPost2010PropOp39
 70
     1
102
RTVSPost2010Prop40
 90
        0
102
RTVSPost2010PropOp40
 70
     1
102
RTVSPost2010Prop41ColorIndex
 90
       18
102
RTVSPost2010Prop41ColorRGB
 90
        0
102
RTVSPost2010PropOp41
 70
     1
102
RTVSPost2010Prop42
 90
       50
102
RTVSPost2010PropOp42
 70
     1
102
RTVSPost2010Prop43
 90
        3
102
RTVSPost2010PropOp43
 70
     1
102
RTVSPost2010Prop44ColorIndex
 90
        5
102
RTVSPost2010Prop44ColorRGB
 90
      255
102
RTVSPost2010PropOp44
 70
     1
102
RTVSPost2010Prop45
280
     0
102
RTVSPost2010PropOp45
 70
     1
102
RTVSPost2010Prop46
 90
       50
102
RTVSPost2010PropOp46
 70
     1
102
RTVSPost2010Prop47
 90
       50
102
RTVSPost2010PropOp47
 70
     1
102
RTVSPost2010Prop48
 90
       50
102
RTVSPost2010PropOp48
 70
     1
102
RTVSPost2010Prop49
280
     0
102
RTVSPost2010PropOp49
 70
     1
102
RTVSPost2010Prop50
 90
       50
102
RTVSPost2010PropOp50
 70
     1
102
RTVSPost2010Prop51ColorIndex
 90
      256
102
RTVSPost2010Prop51ColorRGB
 90
-16777216
102
RTVSPost2010PropOp51
 70
     0
102
RTVSPost2010Prop52
140
1.0
102
RTVSPost2010PropOp52
 70
     0
102
RTVSPost2010Prop53
 90
        2
102
RTVSPost2010PropOp53
 70
     1
102
RTVSPost2010Prop54
  1
strokes_ogs.tif
102
RTVSPost2010PropOp54
 70
     1
102
RTVSPost2010Prop55
280
     0
102
RTVSPost2010PropOp55
 70
     1
102
RTVSPost2010Prop56
140
1.0
102
RTVSPost2010PropOp56
 70
     1
102
RTVSPost2010Prop57
140
1.0
102
RTVSPost2010PropOp57
 70
     1
  0
XRECORD
  5
87D
102
{ACAD_REACTORS
330
87C
102
}
330
87C
100
AcDbXrecord
280
     1
102
RTVSPost2010Prop28
280
     0
102
RTVSPost2010PropOp28
 70
     1
102
RTVSPost2010Prop29
280
     1
102
RTVSPost2010PropOp29
 70
     1
102
RTVSPost2010Prop30
280
     1
102
RTVSPost2010PropOp30
 70
     1
102
RTVSPost2010Prop31
280
     0
102
RTVSPost2010PropOp31
 70
     1
102
RTVSPost2010Prop32
280
     0
102
RTVSPost2010PropOp32
 70
     1
102
RTVSPost2010Prop33
280
     0
102
RTVSPost2010PropOp33
 70
     1
102
RTVSPost2010Prop34
280
     0
102
RTVSPost2010PropOp34
 70
     1
102
RTVSPost2010Prop35
280
     0
102
RTVSPost2010PropOp35
 70
     1
102
RTVSPost2010Prop36
280
     0
102
RTVSPost2010PropOp36
 70
     1
102
RTVSPost2010Prop37
 90
       50
102
RTVSPost2010PropOp37
 70
     1
102
RTVSPost2010Prop38
140
0.0
102
RTVSPost2010PropOp38
 70
     1
102
RTVSPost2010Prop39
140
1.0
102
RTVSPost2010PropOp39
 70
     1
102
RTVSPost2010Prop40
 90
        0
102
RTVSPost2010PropOp40
 70
     1
102
RTVSPost2010Prop41ColorIndex
 90
       18
102
RTVSPost2010Prop41ColorRGB
 90
        0
102
RTVSPost2010PropOp41
 70
     1
102
RTVSPost2010Prop42
 90
       50
102
RTVSPost2010PropOp42
 70
     1
102
RTVSPost2010Prop43
 90
        3
102
RTVSPost2010PropOp43
 70
     1
102
RTVSPost2010Prop44ColorIndex
 90
        5
102
RTVSPost2010Prop44ColorRGB
 90
      255
102
RTVSPost2010PropOp44
 70
     1
102
RTVSPost2010Prop45
280
     0
102
RTVSPost2010PropOp45
 70
     1
102
RTVSPost2010Prop46
 90
       50
102
RTVSPost2010PropOp46
 70
     1
102
RTVSPost2010Prop47
 90
       50
102
RTVSPost2010PropOp47
 70
     1
102
RTVSPost2010Prop48
 90
       50
102
RTVSPost2010PropOp48
 70
     1
102
RTVSPost2010Prop49
280
     0
102
RTVSPost2010PropOp49
 70
     1
102
RTVSPost2010Prop50
 90
       50
102
RTVSPost2010PropOp50
 70
     1
102
RTVSPost2010Prop51ColorIndex
 90
      256
102
RTVSPost2010Prop51ColorRGB
 90
-16777216
102
RTVSPost2010PropOp51
 70
     0
102
RTVSPost2010Prop52
140
1.0
102
RTVSPost2010PropOp52
 70
     0
102
RTVSPost2010Prop53
 90
        2
102
RTVSPost2010PropOp53
 70
     1
102
RTVSPost2010Prop54
  1
strokes_ogs.tif
102
RTVSPost2010PropOp54
 70
     1
102
RTVSPost2010Prop55
280
     0
102
RTVSPost2010PropOp55
 70
     1
102
RTVSPost2010Prop56
140
1.0
102
RTVSPost2010PropOp56
 70
     1
102
RTVSPost2010Prop57
140
1.0
102
RTVSPost2010PropOp57
 70
     1
  0
XRECORD
  5
87F
102
{ACAD_REACTORS
330
87E
102
}
330
87E
100
AcDbXrecord
280
     1
102
RTVSPost2010Prop28
280
     0
102
RTVSPost2010PropOp28
 70
     1
102
RTVSPost2010Prop29
280
     1
102
RTVSPost2010PropOp29
 70
     1
102
RTVSPost2010Prop30
280
     1
102
RTVSPost2010PropOp30
 70
     1
102
RTVSPost2010Prop31
280
     0
102
RTVSPost2010PropOp31
 70
     1
102
RTVSPost2010Prop32
280
     0
102
RTVSPost2010PropOp32
 70
     1
102
RTVSPost2010Prop33
280
     0
102
RTVSPost2010PropOp33
 70
     1
102
RTVSPost2010Prop34
280
     0
102
RTVSPost2010PropOp34
 70
     1
102
RTVSPost2010Prop35
280
     0
102
RTVSPost2010PropOp35
 70
     1
102
RTVSPost2010Prop36
280
     0
102
RTVSPost2010PropOp36
 70
     1
102
RTVSPost2010Prop37
 90
       50
102
RTVSPost2010PropOp37
 70
     1
102
RTVSPost2010Prop38
140
0.0
102
RTVSPost2010PropOp38
 70
     1
102
RTVSPost2010Prop39
140
1.0
102
RTVSPost2010PropOp39
 70
     1
102
RTVSPost2010Prop40
 90
        0
102
RTVSPost2010PropOp40
 70
     1
102
RTVSPost2010Prop41ColorIndex
 90
       18
102
RTVSPost2010Prop41ColorRGB
 90
        0
102
RTVSPost2010PropOp41
 70
     1
102
RTVSPost2010Prop42
 90
       50
102
RTVSPost2010PropOp42
 70
     1
102
RTVSPost2010Prop43
 90
        3
102
RTVSPost2010PropOp43
 70
     1
102
RTVSPost2010Prop44ColorIndex
 90
        5
102
RTVSPost2010Prop44ColorRGB
 90
      255
102
RTVSPost2010PropOp44
 70
     1
102
RTVSPost2010Prop45
280
     0
102
RTVSPost2010PropOp45
 70
     1
102
RTVSPost2010Prop46
 90
       50
102
RTVSPost2010PropOp46
 70
     1
102
RTVSPost2010Prop47
 90
       50
102
RTVSPost2010PropOp47
 70
     1
102
RTVSPost2010Prop48
 90
       50
102
RTVSPost2010PropOp48
 70
     1
102
RTVSPost2010Prop49
280
     0
102
RTVSPost2010PropOp49
 70
     1
102
RTVSPost2010Prop50
 90
       50
102
RTVSPost2010PropOp50
 70
     1
102
RTVSPost2010Prop51ColorIndex
 90
      256
102
RTVSPost2010Prop51ColorRGB
 90
-16777216
102
RTVSPost2010PropOp51
 70
     0
102
RTVSPost2010Prop52
140
1.0
102
RTVSPost2010PropOp52
 70
     0
102
RTVSPost2010Prop53
 90
        2
102
RTVSPost2010PropOp53
 70
     1
102
RTVSPost2010Prop54
  1
strokes_ogs.tif
102
RTVSPost2010PropOp54
 70
     1
102
RTVSPost2010Prop55
280
     0
102
RTVSPost2010PropOp55
 70
     1
102
RTVSPost2010Prop56
140
1.0
102
RTVSPost2010PropOp56
 70
     1
102
RTVSPost2010Prop57
140
1.0
102
RTVSPost2010PropOp57
 70
     1
  0
XRECORD
  5
881
102
{ACAD_REACTORS
330
880
102
}
330
880
100
AcDbXrecord
280
     1
102
RTVSPost2010Prop28
280
     0
102
RTVSPost2010PropOp28
 70
     1
102
RTVSPost2010Prop29
280
     1
102
RTVSPost2010PropOp29
 70
     1
102
RTVSPost2010Prop30
280
     1
102
RTVSPost2010PropOp30
 70
     1
102
RTVSPost2010Prop31
280
     0
102
RTVSPost2010PropOp31
 70
     1
102
RTVSPost2010Prop32
280
     0
102
RTVSPost2010PropOp32
 70
     1
102
RTVSPost2010Prop33
280
     0
102
RTVSPost2010PropOp33
 70
     1
102
RTVSPost2010Prop34
280
     0
102
RTVSPost2010PropOp34
 70
     1
102
RTVSPost2010Prop35
280
     0
102
RTVSPost2010PropOp35
 70
     1
102
RTVSPost2010Prop36
280
     0
102
RTVSPost2010PropOp36
 70
     1
102
RTVSPost2010Prop37
 90
       50
102
RTVSPost2010PropOp37
 70
     1
102
RTVSPost2010Prop38
140
0.0
102
RTVSPost2010PropOp38
 70
     1
102
RTVSPost2010Prop39
140
1.0
102
RTVSPost2010PropOp39
 70
     1
102
RTVSPost2010Prop40
 90
        0
102
RTVSPost2010PropOp40
 70
     1
102
RTVSPost2010Prop41ColorIndex
 90
       18
102
RTVSPost2010Prop41ColorRGB
 90
        0
102
RTVSPost2010PropOp41
 70
     1
102
RTVSPost2010Prop42
 90
       50
102
RTVSPost2010PropOp42
 70
     1
102
RTVSPost2010Prop43
 90
        3
102
RTVSPost2010PropOp43
 70
     1
102
RTVSPost2010Prop44ColorIndex
 90
        5
102
RTVSPost2010Prop44ColorRGB
 90
      255
102
RTVSPost2010PropOp44
 70
     1
102
RTVSPost2010Prop45
280
     0
102
RTVSPost2010PropOp45
 70
     1
102
RTVSPost2010Prop46
 90
       50
102
RTVSPost2010PropOp46
 70
     1
102
RTVSPost2010Prop47
 90
       50
102
RTVSPost2010PropOp47
 70
     1
102
RTVSPost2010Prop48
 90
       50
102
RTVSPost2010PropOp48
 70
     1
102
RTVSPost2010Prop49
280
     0
102
RTVSPost2010PropOp49
 70
     1
102
RTVSPost2010Prop50
 90
       50
102
RTVSPost2010PropOp50
 70
     1
102
RTVSPost2010Prop51ColorIndex
 90
      256
102
RTVSPost2010Prop51ColorRGB
 90
-16777216
102
RTVSPost2010PropOp51
 70
     0
102
RTVSPost2010Prop52
140
1.0
102
RTVSPost2010PropOp52
 70
     0
102
RTVSPost2010Prop53
 90
        2
102
RTVSPost2010PropOp53
 70
     1
102
RTVSPost2010Prop54
  1
strokes_ogs.tif
102
RTVSPost2010PropOp54
 70
     1
102
RTVSPost2010Prop55
280
     0
102
RTVSPost2010PropOp55
 70
     1
102
RTVSPost2010Prop56
140
1.0
102
RTVSPost2010PropOp56
 70
     1
102
RTVSPost2010Prop57
140
1.0
102
RTVSPost2010PropOp57
 70
     1
  0
XRECORD
  5
883
102
{ACAD_REACTORS
330
882
102
}
330
882
100
AcDbXrecord
280
     1
102
RTVSPost2010Prop28
280
     0
102
RTVSPost2010PropOp28
 70
     1
102
RTVSPost2010Prop29
280
     1
102
RTVSPost2010PropOp29
 70
     1
102
RTVSPost2010Prop30
280
     1
102
RTVSPost2010PropOp30
 70
     1
102
RTVSPost2010Prop31
280
     0
102
RTVSPost2010PropOp31
 70
     1
102
RTVSPost2010Prop32
280
     0
102
RTVSPost2010PropOp32
 70
     1
102
RTVSPost2010Prop33
280
     0
102
RTVSPost2010PropOp33
 70
     1
102
RTVSPost2010Prop34
280
     0
102
RTVSPost2010PropOp34
 70
     1
102
RTVSPost2010Prop35
280
     0
102
RTVSPost2010PropOp35
 70
     1
102
RTVSPost2010Prop36
280
     0
102
RTVSPost2010PropOp36
 70
     1
102
RTVSPost2010Prop37
 90
       50
102
RTVSPost2010PropOp37
 70
     1
102
RTVSPost2010Prop38
140
0.0
102
RTVSPost2010PropOp38
 70
     1
102
RTVSPost2010Prop39
140
1.0
102
RTVSPost2010PropOp39
 70
     1
102
RTVSPost2010Prop40
 90
        0
102
RTVSPost2010PropOp40
 70
     1
102
RTVSPost2010Prop41ColorIndex
 90
       18
102
RTVSPost2010Prop41ColorRGB
 90
        0
102
RTVSPost2010PropOp41
 70
     1
102
RTVSPost2010Prop42
 90
       50
102
RTVSPost2010PropOp42
 70
     1
102
RTVSPost2010Prop43
 90
        3
102
RTVSPost2010PropOp43
 70
     1
102
RTVSPost2010Prop44ColorIndex
 90
        5
102
RTVSPost2010Prop44ColorRGB
 90
      255
102
RTVSPost2010PropOp44
 70
     1
102
RTVSPost2010Prop45
280
     0
102
RTVSPost2010PropOp45
 70
     1
102
RTVSPost2010Prop46
 90
       50
102
RTVSPost2010PropOp46
 70
     1
102
RTVSPost2010Prop47
 90
       50
102
RTVSPost2010PropOp47
 70
     1
102
RTVSPost2010Prop48
 90
       50
102
RTVSPost2010PropOp48
 70
     1
102
RTVSPost2010Prop49
280
     0
102
RTVSPost2010PropOp49
 70
     1
102
RTVSPost2010Prop50
 90
       50
102
RTVSPost2010PropOp50
 70
     1
102
RTVSPost2010Prop51ColorIndex
 90
      256
102
RTVSPost2010Prop51ColorRGB
 90
-16777216
102
RTVSPost2010PropOp51
 70
     0
102
RTVSPost2010Prop52
140
1.0
102
RTVSPost2010PropOp52
 70
     0
102
RTVSPost2010Prop53
 90
        2
102
RTVSPost2010PropOp53
 70
     1
102
RTVSPost2010Prop54
  1
strokes_ogs.tif
102
RTVSPost2010PropOp54
 70
     1
102
RTVSPost2010Prop55
280
     0
102
RTVSPost2010PropOp55
 70
     1
102
RTVSPost2010Prop56
140
1.0
102
RTVSPost2010PropOp56
 70
     1
102
RTVSPost2010Prop57
140
1.0
102
RTVSPost2010PropOp57
 70
     1
  0
XRECORD
  5
885
102
{ACAD_REACTORS
330
884
102
}
330
884
100
AcDbXrecord
280
     1
102
RTVSPost2010Prop28
280
     0
102
RTVSPost2010PropOp28
 70
     1
102
RTVSPost2010Prop29
280
     1
102
RTVSPost2010PropOp29
 70
     1
102
RTVSPost2010Prop30
280
     1
102
RTVSPost2010PropOp30
 70
     1
102
RTVSPost2010Prop31
280
     0
102
RTVSPost2010PropOp31
 70
     1
102
RTVSPost2010Prop32
280
     0
102
RTVSPost2010PropOp32
 70
     1
102
RTVSPost2010Prop33
280
     0
102
RTVSPost2010PropOp33
 70
     1
102
RTVSPost2010Prop34
280
     0
102
RTVSPost2010PropOp34
 70
     1
102
RTVSPost2010Prop35
280
     0
102
RTVSPost2010PropOp35
 70
     1
102
RTVSPost2010Prop36
280
     0
102
RTVSPost2010PropOp36
 70
     1
102
RTVSPost2010Prop37
 90
       50
102
RTVSPost2010PropOp37
 70
     1
102
RTVSPost2010Prop38
140
0.0
102
RTVSPost2010PropOp38
 70
     1
102
RTVSPost2010Prop39
140
1.0
102
RTVSPost2010PropOp39
 70
     1
102
RTVSPost2010Prop40
 90
        0
102
RTVSPost2010PropOp40
 70
     1
102
RTVSPost2010Prop41ColorIndex
 90
       18
102
RTVSPost2010Prop41ColorRGB
 90
        0
102
RTVSPost2010PropOp41
 70
     1
102
RTVSPost2010Prop42
 90
       50
102
RTVSPost2010PropOp42
 70
     1
102
RTVSPost2010Prop43
 90
        3
102
RTVSPost2010PropOp43
 70
     1
102
RTVSPost2010Prop44ColorIndex
 90
        5
102
RTVSPost2010Prop44ColorRGB
 90
      255
102
RTVSPost2010PropOp44
 70
     1
102
RTVSPost2010Prop45
280
     0
102
RTVSPost2010PropOp45
 70
     1
102
RTVSPost2010Prop46
 90
       50
102
RTVSPost2010PropOp46
 70
     1
102
RTVSPost2010Prop47
 90
       50
102
RTVSPost2010PropOp47
 70
     1
102
RTVSPost2010Prop48
 90
       50
102
RTVSPost2010PropOp48
 70
     1
102
RTVSPost2010Prop49
280
     0
102
RTVSPost2010PropOp49
 70
     1
102
RTVSPost2010Prop50
 90
       50
102
RTVSPost2010PropOp50
 70
     1
102
RTVSPost2010Prop51ColorIndex
 90
      256
102
RTVSPost2010Prop51ColorRGB
 90
-16777216
102
RTVSPost2010PropOp51
 70
     0
102
RTVSPost2010Prop52
140
1.0
102
RTVSPost2010PropOp52
 70
     0
102
RTVSPost2010Prop53
 90
        2
102
RTVSPost2010PropOp53
 70
     1
102
RTVSPost2010Prop54
  1
strokes_ogs.tif
102
RTVSPost2010PropOp54
 70
     1
102
RTVSPost2010Prop55
280
     0
102
RTVSPost2010PropOp55
 70
     1
102
RTVSPost2010Prop56
140
1.0
102
RTVSPost2010PropOp56
 70
     1
102
RTVSPost2010Prop57
140
1.0
102
RTVSPost2010PropOp57
 70
     1
  0
XRECORD
  5
887
102
{ACAD_REACTORS
330
886
102
}
330
886
100
AcDbXrecord
280
     1
102
RTVSPost2010Prop28
280
     0
102
RTVSPost2010PropOp28
 70
     1
102
RTVSPost2010Prop29
280
     1
102
RTVSPost2010PropOp29
 70
     1
102
RTVSPost2010Prop30
280
     1
102
RTVSPost2010PropOp30
 70
     1
102
RTVSPost2010Prop31
280
     0
102
RTVSPost2010PropOp31
 70
     1
102
RTVSPost2010Prop32
280
     0
102
RTVSPost2010PropOp32
 70
     1
102
RTVSPost2010Prop33
280
     0
102
RTVSPost2010PropOp33
 70
     1
102
RTVSPost2010Prop34
280
     0
102
RTVSPost2010PropOp34
 70
     1
102
RTVSPost2010Prop35
280
     0
102
RTVSPost2010PropOp35
 70
     1
102
RTVSPost2010Prop36
280
     0
102
RTVSPost2010PropOp36
 70
     1
102
RTVSPost2010Prop37
 90
       50
102
RTVSPost2010PropOp37
 70
     1
102
RTVSPost2010Prop38
140
0.0
102
RTVSPost2010PropOp38
 70
     1
102
RTVSPost2010Prop39
140
1.0
102
RTVSPost2010PropOp39
 70
     1
102
RTVSPost2010Prop40
 90
        0
102
RTVSPost2010PropOp40
 70
     1
102
RTVSPost2010Prop41ColorIndex
 90
       18
102
RTVSPost2010Prop41ColorRGB
 90
        0
102
RTVSPost2010PropOp41
 70
     1
102
RTVSPost2010Prop42
 90
       50
102
RTVSPost2010PropOp42
 70
     1
102
RTVSPost2010Prop43
 90
        3
102
RTVSPost2010PropOp43
 70
     1
102
RTVSPost2010Prop44ColorIndex
 90
        5
102
RTVSPost2010Prop44ColorRGB
 90
      255
102
RTVSPost2010PropOp44
 70
     1
102
RTVSPost2010Prop45
280
     0
102
RTVSPost2010PropOp45
 70
     1
102
RTVSPost2010Prop46
 90
       50
102
RTVSPost2010PropOp46
 70
     1
102
RTVSPost2010Prop47
 90
       50
102
RTVSPost2010PropOp47
 70
     1
102
RTVSPost2010Prop48
 90
       50
102
RTVSPost2010PropOp48
 70
     1
102
RTVSPost2010Prop49
280
     0
102
RTVSPost2010PropOp49
 70
     1
102
RTVSPost2010Prop50
 90
       50
102
RTVSPost2010PropOp50
 70
     1
102
RTVSPost2010Prop51ColorIndex
 90
      256
102
RTVSPost2010Prop51ColorRGB
 90
-16777216
102
RTVSPost2010PropOp51
 70
     0
102
RTVSPost2010Prop52
140
1.0
102
RTVSPost2010PropOp52
 70
     0
102
RTVSPost2010Prop53
 90
        2
102
RTVSPost2010PropOp53
 70
     1
102
RTVSPost2010Prop54
  1
strokes_ogs.tif
102
RTVSPost2010PropOp54
 70
     1
102
RTVSPost2010Prop55
280
     0
102
RTVSPost2010PropOp55
 70
     1
102
RTVSPost2010Prop56
140
1.0
102
RTVSPost2010PropOp56
 70
     1
102
RTVSPost2010Prop57
140
1.0
102
RTVSPost2010PropOp57
 70
     1
  0
XRECORD
  5
889
102
{ACAD_REACTORS
330
888
102
}
330
888
100
AcDbXrecord
280
     1
102
RTVSPost2010Prop28
280
     0
102
RTVSPost2010PropOp28
 70
     1
102
RTVSPost2010Prop29
280
     1
102
RTVSPost2010PropOp29
 70
     1
102
RTVSPost2010Prop30
280
     1
102
RTVSPost2010PropOp30
 70
     1
102
RTVSPost2010Prop31
280
     0
102
RTVSPost2010PropOp31
 70
     1
102
RTVSPost2010Prop32
280
     0
102
RTVSPost2010PropOp32
 70
     1
102
RTVSPost2010Prop33
280
     0
102
RTVSPost2010PropOp33
 70
     1
102
RTVSPost2010Prop34
280
     0
102
RTVSPost2010PropOp34
 70
     1
102
RTVSPost2010Prop35
280
     0
102
RTVSPost2010PropOp35
 70
     1
102
RTVSPost2010Prop36
280
     0
102
RTVSPost2010PropOp36
 70
     1
102
RTVSPost2010Prop37
 90
       50
102
RTVSPost2010PropOp37
 70
     1
102
RTVSPost2010Prop38
140
0.0
102
RTVSPost2010PropOp38
 70
     1
102
RTVSPost2010Prop39
140
1.0
102
RTVSPost2010PropOp39
 70
     1
102
RTVSPost2010Prop40
 90
        0
102
RTVSPost2010PropOp40
 70
     1
102
RTVSPost2010Prop41ColorIndex
 90
       18
102
RTVSPost2010Prop41ColorRGB
 90
        0
102
RTVSPost2010PropOp41
 70
     1
102
RTVSPost2010Prop42
 90
       50
102
RTVSPost2010PropOp42
 70
     1
102
RTVSPost2010Prop43
 90
        3
102
RTVSPost2010PropOp43
 70
     1
102
RTVSPost2010Prop44ColorIndex
 90
        5
102
RTVSPost2010Prop44ColorRGB
 90
      255
102
RTVSPost2010PropOp44
 70
     1
102
RTVSPost2010Prop45
280
     0
102
RTVSPost2010PropOp45
 70
     1
102
RTVSPost2010Prop46
 90
       50
102
RTVSPost2010PropOp46
 70
     1
102
RTVSPost2010Prop47
 90
       50
102
RTVSPost2010PropOp47
 70
     1
102
RTVSPost2010Prop48
 90
       50
102
RTVSPost2010PropOp48
 70
     1
102
RTVSPost2010Prop49
280
     0
102
RTVSPost2010PropOp49
 70
     1
102
RTVSPost2010Prop50
 90
       50
102
RTVSPost2010PropOp50
 70
     1
102
RTVSPost2010Prop51ColorIndex
 90
      256
102
RTVSPost2010Prop51ColorRGB
 90
-16777216
102
RTVSPost2010PropOp51
 70
     0
102
RTVSPost2010Prop52
140
1.0
102
RTVSPost2010PropOp52
 70
     0
102
RTVSPost2010Prop53
 90
        2
102
RTVSPost2010PropOp53
 70
     1
102
RTVSPost2010Prop54
  1
strokes_ogs.tif
102
RTVSPost2010PropOp54
 70
     1
102
RTVSPost2010Prop55
280
     0
102
RTVSPost2010PropOp55
 70
     1
102
RTVSPost2010Prop56
140
1.0
102
RTVSPost2010PropOp56
 70
     1
102
RTVSPost2010Prop57
140
1.0
102
RTVSPost2010PropOp57
 70
     1
  0
XRECORD
  5
88B
102
{ACAD_REACTORS
330
88A
102
}
330
88A
100
AcDbXrecord
280
     1
102
RTVSPost2010Prop28
280
     0
102
RTVSPost2010PropOp28
 70
     1
102
RTVSPost2010Prop29
280
     1
102
RTVSPost2010PropOp29
 70
     1
102
RTVSPost2010Prop30
280
     1
102
RTVSPost2010PropOp30
 70
     1
102
RTVSPost2010Prop31
280
     0
102
RTVSPost2010PropOp31
 70
     1
102
RTVSPost2010Prop32
280
     0
102
RTVSPost2010PropOp32
 70
     1
102
RTVSPost2010Prop33
280
     0
102
RTVSPost2010PropOp33
 70
     1
102
RTVSPost2010Prop34
280
     0
102
RTVSPost2010PropOp34
 70
     1
102
RTVSPost2010Prop35
280
     0
102
RTVSPost2010PropOp35
 70
     1
102
RTVSPost2010Prop36
280
     0
102
RTVSPost2010PropOp36
 70
     1
102
RTVSPost2010Prop37
 90
       50
102
RTVSPost2010PropOp37
 70
     1
102
RTVSPost2010Prop38
140
0.0
102
RTVSPost2010PropOp38
 70
     1
102
RTVSPost2010Prop39
140
1.0
102
RTVSPost2010PropOp39
 70
     1
102
RTVSPost2010Prop40
 90
        0
102
RTVSPost2010PropOp40
 70
     1
102
RTVSPost2010Prop41ColorIndex
 90
       18
102
RTVSPost2010Prop41ColorRGB
 90
        0
102
RTVSPost2010PropOp41
 70
     1
102
RTVSPost2010Prop42
 90
       50
102
RTVSPost2010PropOp42
 70
     1
102
RTVSPost2010Prop43
 90
        3
102
RTVSPost2010PropOp43
 70
     1
102
RTVSPost2010Prop44ColorIndex
 90
        5
102
RTVSPost2010Prop44ColorRGB
 90
      255
102
RTVSPost2010PropOp44
 70
     1
102
RTVSPost2010Prop45
280
     0
102
RTVSPost2010PropOp45
 70
     1
102
RTVSPost2010Prop46
 90
       50
102
RTVSPost2010PropOp46
 70
     1
102
RTVSPost2010Prop47
 90
       50
102
RTVSPost2010PropOp47
 70
     1
102
RTVSPost2010Prop48
 90
       50
102
RTVSPost2010PropOp48
 70
     1
102
RTVSPost2010Prop49
280
     0
102
RTVSPost2010PropOp49
 70
     1
102
RTVSPost2010Prop50
 90
       50
102
RTVSPost2010PropOp50
 70
     1
102
RTVSPost2010Prop51ColorIndex
 90
      256
102
RTVSPost2010Prop51ColorRGB
 90
-16777216
102
RTVSPost2010PropOp51
 70
     0
102
RTVSPost2010Prop52
140
1.0
102
RTVSPost2010PropOp52
 70
     0
102
RTVSPost2010Prop53
 90
        2
102
RTVSPost2010PropOp53
 70
     1
102
RTVSPost2010Prop54
  1
strokes_ogs.tif
102
RTVSPost2010PropOp54
 70
     1
102
RTVSPost2010Prop55
280
     0
102
RTVSPost2010PropOp55
 70
     1
102
RTVSPost2010Prop56
140
1.0
102
RTVSPost2010PropOp56
 70
     1
102
RTVSPost2010Prop57
140
1.0
102
RTVSPost2010PropOp57
 70
     1
  0
XRECORD
  5
88D
102
{ACAD_REACTORS
330
88C
102
}
330
88C
100
AcDbXrecord
280
     1
102
RTVSPost2010Prop28
280
     0
102
RTVSPost2010PropOp28
 70
     1
102
RTVSPost2010Prop29
280
     1
102
RTVSPost2010PropOp29
 70
     1
102
RTVSPost2010Prop30
280
     1
102
RTVSPost2010PropOp30
 70
     1
102
RTVSPost2010Prop31
280
     0
102
RTVSPost2010PropOp31
 70
     1
102
RTVSPost2010Prop32
280
     0
102
RTVSPost2010PropOp32
 70
     1
102
RTVSPost2010Prop33
280
     0
102
RTVSPost2010PropOp33
 70
     1
102
RTVSPost2010Prop34
280
     0
102
RTVSPost2010PropOp34
 70
     1
102
RTVSPost2010Prop35
280
     0
102
RTVSPost2010PropOp35
 70
     1
102
RTVSPost2010Prop36
280
     0
102
RTVSPost2010PropOp36
 70
     1
102
RTVSPost2010Prop37
 90
       50
102
RTVSPost2010PropOp37
 70
     1
102
RTVSPost2010Prop38
140
0.0
102
RTVSPost2010PropOp38
 70
     1
102
RTVSPost2010Prop39
140
1.0
102
RTVSPost2010PropOp39
 70
     1
102
RTVSPost2010Prop40
 90
        0
102
RTVSPost2010PropOp40
 70
     1
102
RTVSPost2010Prop41ColorIndex
 90
       18
102
RTVSPost2010Prop41ColorRGB
 90
        0
102
RTVSPost2010PropOp41
 70
     1
102
RTVSPost2010Prop42
 90
       50
102
RTVSPost2010PropOp42
 70
     1
102
RTVSPost2010Prop43
 90
        3
102
RTVSPost2010PropOp43
 70
     1
102
RTVSPost2010Prop44ColorIndex
 90
        5
102
RTVSPost2010Prop44ColorRGB
 90
      255
102
RTVSPost2010PropOp44
 70
     1
102
RTVSPost2010Prop45
280
     0
102
RTVSPost2010PropOp45
 70
     1
102
RTVSPost2010Prop46
 90
       50
102
RTVSPost2010PropOp46
 70
     1
102
RTVSPost2010Prop47
 90
       50
102
RTVSPost2010PropOp47
 70
     1
102
RTVSPost2010Prop48
 90
       50
102
RTVSPost2010PropOp48
 70
     1
102
RTVSPost2010Prop49
280
     0
102
RTVSPost2010PropOp49
 70
     1
102
RTVSPost2010Prop50
 90
       50
102
RTVSPost2010PropOp50
 70
     1
102
RTVSPost2010Prop51ColorIndex
 90
      256
102
RTVSPost2010Prop51ColorRGB
 90
-16777216
102
RTVSPost2010PropOp51
 70
     0
102
RTVSPost2010Prop52
140
1.0
102
RTVSPost2010PropOp52
 70
     0
102
RTVSPost2010Prop53
 90
        2
102
RTVSPost2010PropOp53
 70
     1
102
RTVSPost2010Prop54
  1
strokes_ogs.tif
102
RTVSPost2010PropOp54
 70
     1
102
RTVSPost2010Prop55
280
     0
102
RTVSPost2010PropOp55
 70
     1
102
RTVSPost2010Prop56
140
1.0
102
RTVSPost2010PropOp56
 70
     1
102
RTVSPost2010Prop57
140
1.0
102
RTVSPost2010PropOp57
 70
     1
  0
ENDSEC
  0
SECTION
  2
Thumbnail_Data
 90
    16364
310
28000000B4000000550000000100080000000000C43B000000000000000000000001000000010000000000000000FF0000FFFF0000FF0000FFFF0000FF000000FF00FF00FFFFFF0080808000C0C0C0000000FF007F7FFF000000CC006666CC00000099004C4C990000007F003F3F7F0000004C0026264C00003FFF007F9FFF
310
000033CC00667FCC00002699004C5F9900001F7F003F4F7F0000134C00262F4C00007FFF007FBFFF000066CC006699CC00004C99004C729900003F7F003F5F7F0000264C0026394C0000BFFF007FDFFF000099CC0066B2CC00007299004C859900005F7F003F6F7F0000394C0026424C0000FFFF007FFFFF0000CCCC0066CC
310
CC00009999004C999900007F7F003F7F7F00004C4C00264C4C0000FFBF007FFFDF0000CC990066CCB200009972004C998500007F5F003F7F6F00004C3900264C420000FF7F007FFFBF0000CC660066CC990000994C004C997200007F3F003F7F5F00004C2600264C390000FF3F007FFF9F0000CC330066CC7F00009926004C
310
995F00007F1F003F7F4F00004C1300264C2F0000FF00007FFF7F0000CC000066CC6600009900004C994C00007F00003F7F3F00004C0000264C26003FFF00009FFF7F0033CC00007FCC6600269900005F994C001F7F00004F7F3F00134C00002F4C26007FFF0000BFFF7F0066CC000099CC66004C99000072994C003F7F0000
310
5F7F3F00264C0000394C2600BFFF0000DFFF7F0099CC0000B2CC66007299000085994C005F7F00006F7F3F00394C0000424C2600FFFF0000FFFF7F00CCCC0000CCCC66009999000099994C007F7F00007F7F3F004C4C00004C4C2600FFBF0000FFDF7F00CC990000CCB266009972000099854C007F5F00007F6F3F004C3900
310
004C422600FF7F0000FFBF7F00CC660000CC996600994C000099724C007F3F00007F5F3F004C2600004C392600FF3F0000FF9F7F00CC330000CC7F660099260000995F4C007F1F00007F4F3F004C1300004C2F2600FF000000FF7F7F00CC000000CC66660099000000994C4C007F0000007F3F3F004C0000004C262600FF00
310
3F00FF7F9F00CC003300CC667F0099002600994C5F007F001F007F3F4F004C0013004C262F00FF007F00FF7FBF00CC006600CC66990099004C00994C72007F003F007F3F5F004C0026004C263900FF00BF00FF7FDF00CC009900CC66B20099007200994C85007F005F007F3F6F004C0039004C264200FF00FF00FF7FFF00CC
310
00CC00CC66CC0099009900994C99007F007F007F3F7F004C004C004C264C00BF00FF00DF7FFF009900CC00B266CC0072009900854C99005F007F006F3F7F0039004C0042264C007F00FF00BF7FFF006600CC009966CC004C009900724C99003F007F005F3F7F0026004C0039264C003F00FF009F7FFF003300CC007F66CC00
310
260099005F4C99001F007F004F3F7F0013004C002F264C00333333005B5B5B0084848400ADADAD00D6D6D600FFFFFF00FAFAFAFAFAFAFAFAFAFAFAFAFAFAFAFAFAFAFAFAFAFAFAFAFAFAFAFAFAFAFAFAFAFAFAFAFAFAFAFAFAFAFAFAFAFAFAFAFAFAFAFAFAFAFAFAFAFAFAFAFAFAFAFAFAFAFAFAFAFAFAFAFAFAFAFAFAFAFA
310
FAFAFAFAFAFAFAFAFAFAFAFAFAFAFAFAFAFAFAFAFAFAFAFAFAFAFAFAFAFAFAFAFAFAFAFAFAFAFAFAFAFAFAFAFAFAFAFAFAFAFAFAFAFAFAFAFAFAFAFAFAFAFAFAFAFAFAFAFAFAFAFAFAFAFAFAFAFAFAFAFAFAFAFAFAFAFAFAFAFAFAFAFAFAFAFAFAFAFAFAFAFAFAFAFAFAFAFAFAFAFAFAFAFAFAFAFAFAFAFAFAFAFAFAFAFAFA
310
FAFAFAFAFAFAFAFAFAFAFAFAFAFAFAFAFAFAFAFAFAFAFAFAFAFAFAFAFAFAFAFAFAFAFAFAFAFAFAFAFAFAFAFAFAFAFAFAFAFAFAFAFAFAFAFAFAFAFAFAFAFAFAFAFAFAFAFAFAFAFAFAFAFAFAFAFAFAFAFAFAFAFAFAFAFAFAFAFAFAFAFAFAFAFAFAFAFAFAFAFAFAFAFAFAFAFAFAFAFAFAFAFAFAFAFAFAFAFAFAFAFAFAFAFAFAFA
310
FAFAFAFAFAFAFAFAFAFAFAFAFAFAFAFAFAFAFAFAFAFAFAFAFAFAFAFAFAFAFAFAFAFAFAFAFAFAFAFAFAFAFAFAFAFAFAFAFAFAFAFAFAFAFAFAFAFAFAFAFAFAFAFAFAFAFAFAFAFAFAFAFAFAFAFAFAFAFAFAFAFAFAFAFAFAFAFAFAFAFAFAFAFAFAFAFAFAFAFAFAFAFAFAFAFAFAFAFAFAFAFAFAFAFAFAFAFAFAFAFAFAFAFAFAFAFA
310
FAFAFAFAFAFAFAFAFAFAFAFAFAFAFAFAFAFAFAFAFAFAFAFAFAFAFAFAFAFAFAFAFAFAFAFAFAFAFAFAFAFAFAFAFAFAFAFAFAFAFAFAFAFAFAFAFAFAFAFAFAFAFAFAFAFAFAFAFAFAFAFAFAFAFAFAFAFAFAFAFAFAFAFAFAFAFAFAFAFAFAFAFAFAFAFAFAFAFAFAFAFAFAFAFAFAFAFAFAFAFAFAFAFAFAFAFAFAFAFAFAFAFAFAFAFAFA
310
FAFAFAFAFAFAFAFAFAFAFAFAFAFAFAFAFAFAFAFAFAFAFAFAFAFAFAFAFAFAFAFAFAFAFAFAFAFAFAFAFAFAFAFAFAFAFAFAFAFAFAFAFAFAFAFAFAFAFAFAFAFAFAFAFAFAFAFAFAFAFAFAFAFAFAFAFAFAFAFAFAFAFAFAFAFAFAFAFAFAFAFAFAFAFAFAFAFAFAFAFAFAFAFAFAFAFAFAFAFAFAFAFAFAFAFAFAFAFAFAFAFAFAFAFAFAFA
310
FAFAFAFAFAFAFAFAFAFAFAFAFAFAFAFAFAFAFAFAFAFAFAFAFAFAFAFAFAFAFAFAFAFAFAFAFAFAFAFAFAFAFAFAFAFAFAFAFAFAFAFAFAFAFAFAFAFAFAFAFAFAFAFAFAFAFAFAFAFAFAFAFAFAFAFAFAFAFAFAFAFAFAFAFAFAFAFAFAFAFAFAFAFAFAFAFAFAFAFAFAFAFAFAFAFAFAFAFAFAFAFAFAFAFAFAFAFAFAFAFAFAFAFAFAFAFA
310
FAFAFAFAFAFAFAFAFAFAFAFAFAFAFAFAFAFAFAFAFAFAFAFAFAFAFAFAFAFAFAFAFAFAFAFAFAFAFAFAFAFAFAFAFAFAFAFAFAFAFAFAFAFAFAFAFAFAFAFAFAFAFAFAFAFAFAFAFAFAFAFAFAFAFAFAFAFAFAFAFAFAFAFAFAFAFAFAFAFAFAFAFAFAFAFAFAFAFAFAFAFAFAFAFAFAFAFAFAFAFAFAFAFAFAFAFAFAFAFAFAFAFAFAFAFAFA
310
FAFAFAFAFAFAFAFAFAFAFAFAFAFAFAFAFAFAFAFAFAFAFAFAFAFAFAFAFAFAFAFAFAFAFAFAFAFAFAFAFAFAFAFAFAFAFAFAFAFAFAFAFAFAFAFAFAFAFAFAFAFAFAFAFAFAFAFAFAFAFAFAFAFAFAFAFAFAFAFAFAFAFAFAFAFAFAFAFAFAFAFAFAFAFAFAFAFAFAFAFAFAFAFAFAFAFAFAFAFAFAFAFAFAFAFAFAFAFAFAFAFAFAFAFAFAFA
310
FAFAFAFAFAFAFAFAFAFAFAFAFAFAFAFAFAFAFAFAFAFAFAFAFAFAFAFAFAFAFAFAFAFAFAFAFAFAFAFAFAFAFAFAFAFAFAFAFAFAFAFAFAFAFAFAFAFAFAFAFAFAFAFAFAFAFAFAFAFAFAFAFAFAFAFAFAFAFAFAFAFAFAFAFAFAFAFAFAFAFAFAFAFAFAFAFAFAFAFAFAFAFAFAFAFAFAFAFAFAFAFAFAFAFAFAFAFAFAFAFAFAFAFAFAFAFA
310
FAFAFAFAFAFAFAFAFAFAFAFAFAFAFAFAFAFAFAFAFAFAFAFAFAFAFAFAFAFAFAFAFAFAFAFAFAFAFAFAFAFAFAFAFAFAFAFAFAFAFAFAFAFAFAFAFAFAFAFAFAFAFAFAFAFAFAFAFAFAFAFAFAFAFAFAFAFAFAFAFAFAFAFAFAFAFAFAFAFAFAFAFAFAFAFAFAFAFAFAFAFAFAFAFAFAFAFAFAFAFAFAFAFAFAFAFAFAFAFAFAFAFAFAFAFAFA
310
FAFAFAFAFAFAFAFAFAFAFAFAFAFAFAFAFAFAFAFAFAFAFAFAFAFAFAFAFAFAFAFAFAFAFAFAFAFAFAFAFAFAFAFAFAFAFAFAFAFAFAFAFAFAFAFAFAFAFAFAFAFAFAFAFAFAFAFAFAFAFAFAFAFAFAFAFAFAFAFAFAFAFAFAFAFAFAFAFAFAFAFAFAFAFAFAFAFAFAFAFAFAFAFAFAFAFAFAFAFAFAFAFAFAFAFAFAFAFAFAFAFAFAFAFAFAFA
310
FAFAFAFAFAFAFAFAFAFAFAFAFAFAFAFAFAFAFAFAFAFAFAFAFAFAFAFAFAFAFAFAFAFAFAFAFAFAFAFAFAFAFAFAFAFAFAFAFAFAFAFAFAFAFAFAFAFAFAFAFAFAFAFAFAFAFAFAFAFAFAFAFAFAFAFAFAFAFAFAFAFAFAFAFAFAFAFAFAFAFAFAFAFAFAFAFAFAFAFAFAFAFAFAFAFAFAFAFAFAFAFAFAFAFAFAFAFAFAFAFAFAFAFAFAFAFA
310
FAFAFAFAFAFAFAFAFAFAFAFAFAFAFAFAFAFAFAFAFAFAFAFAFAFAFAFAFAFAFAFAFAFAFAFAFAFAFAFAFAFAFAFAFAFAFAFAFAFAFAFAFAFAFAFAFAFAFAFAFAFAFAFAFAFAFAFAFAFAFAFAFAFAFAFAFAFAFAFAFAFAFAFAFAFAFAFAFAFAFAFAFAFAFAFAFAFAFAFAFAFAFAFAFAFAFAFAFAFAFAFAFAFAFAFAFAFAFAFAFAFAFAFAFAFAFA
310
FAFAFAFAFAFAFAFAFAFAFAFAFAFAFAFAFAFAFAFAFAFAFAFAFAFAFAFAFAFAFAFAFAFAFAFAFAFAFAFAFAFAFAFAFAFAFAFAFAFAFAFAFAFAFAFAFAFAFAFAFAFAFAFAFAFAFAFAFAFAFAFAFAFAFAFAFAFAFAFAFAFAFAFAFAFAFAFAFAFAFAFAFAFAFAFAFAFAFAFAFAFAFAFAFAFAFAFAFAFAFAFAFAFAFAFAFAFAFAFAFAFAFAFAFAFAFA
310
FAFAFAFAFAFAFAFAFAFAFAFAFAFAFAFAFAFAFAFAFAFAFAFAFAFAFAFAFAFAFAFAFAFAFAFAFAFAFAFAFAFAFAFAFAFAFAFAFAFAFAFAFAFAFAFAFAFAFAFAFAFAFAFAFAFAFAFAFAFAFAFAFAFAFAFAFAFAFAFAFAFAFAFAFAFAFAFAFAFAFAFAFAFAFAFAFAFAFAFAFAFAFAFAFAFAFAFAFAFAFAFAFAFAFAFAFAFAFAFAFAFAFAFAFAFAFA
310
FAFAFAFAFAFAFAFAFAFAFAFAFAFAFAFAFAFAFAFAFAFAFAFAFAFAFAFAFAFAFAFAFAFAFAFAFAFAFAFAFAFAFAFAFAFAFAFAFAFAFAFAFAFAFAFAFAFAFAFAFAFAFAFAFAFAFAFAFAFAFAFAFAFAFAFAFAFAFAFAFAFAFAFAFAFAFAFAFAFAFAFAFAFAFAFAFAFAFAFAFAFAFAFAFAFAFAFAFAFAFAFAFAFAFAFAFAFAFAFAFAFAFAFAFAFAFA
310
FAFAFAFAFAFAFAFAFAFAFAFAFAFAFAFAFAFAFAFAFAFAFAFAFAFAFAFAFAFAFAFAFAFAFAFAFAFAFAFAFAFAFAFAFAFAFAFAFAFAFAFAFAFAFAFAFAFAFAFAFAFAFAFAFAFAFAFAFAFAFAFAFAFAFAFAFAFAFAFAFAFAFAFAFAFAFAFAFAFAFAFAFAFAFAFAFAFAFAFAFAFAFAFAFAFAFAFAFAFAFAFAFAFAFAFAFAFAFAFAFAFAFAFAFAFAFA
310
FAFAFAFAFAFAFAFAFAFAFAFAFAFAFAFAFAFAFAFAFAFAFAFAFAFAFAFAFAFAFAFAFAFAFAFAFAFAFAFAFAFAFAFAFAFAFAFAFAFAFAFAFAFAFAFAFAFAFAFAFAFAFAFAFAFAFAFAFAFAFAFAFAFAFAFAFAFAFAFAFAFAFAFAFAFAFAFAFAFAFAFAFAFAFAFAFAFAFAFAFAFAFAFAFAFAFAFAFAFAFAFAFAFAFAFAFAFAFAFAFAFAFAFAFAFAFA
310
FAFAFAFAFAFAFAFAFAFAFAFAFAFAFAFAFAFAFAFAFAFAFAFAFAFAFAFAFAFAFAFAFAFAFAFAFAFAFAFAFAFAFAFAFAFAFAFAFAFAFAFAFAFAFAFAFAFAFAFAFAFAFAFAFAFAFAFAFAFAFAFAFAFAFAFAFAFAFAFAFAFAFAFAFAFAFAFAFAFAFAFAFAFAFAFAFAFAFAFAFAFAFAFAFAFAFAFAFAFAFAFAFAFAFAFAFAFAFAFAFAFAFAFAFAFAFA
310
FAFAFAFAFAFAFAFAFAFAFAFAFAFAFAFAFAFAFAFAFAFAFAFAFAFAFAFAFAFAFAFAFAFAFAFAFAFAFAFAFAFAFAFAFAFAFAFAFAFAFAFAFAFAFAFAFAFAFAFAFAFAFAFAFAFAFAFAFAFAFAFAFAFAFAFAFAFAFAFAFAFAFAFAFAFAFAFAFAFAFAFAFAFAFAFAFAFAFAFAFAFAFAFAFAFAFAFAFAFAFAFAFAFAFAFAFAFAFAFAFAFAFAFAFAFAFA
310
FAFAFAFAFAFAFAFAFAFAFAFAFAFAFAFAFAFAFAFAFAFAFAFAFAFAFAFAFAFAFAFAFAFAFAFAFAFAFAFAFAFAFAFAFAFAFAFAFAFAFAFAFAFAFAFAFAFAFAFAFAFAFAFAFAFAFAFAFAFAFAFAFAFAFAFAFAFAFAFAFAFAFAFAFAFAFAFAFAFAFAFAFAFAFAFAFAFAFAFAFAFAFAFAFAFAFAFAFAFAFAFAFAFAFAFAFAFAFAFAFAFAFAFAFAFAFA
310
FAFAFAFAFAFAFAFAFAFAFAFAFAFAFAFAFAFAFAFAFAFAFAFAFAFAFAFAFAFAFAFAFAFAFAFAFAFAFAFAFAFAFAFAFAFAFAFAFAFAFAFAFAFAFAFAFAFAFAFAFAFAFAFAFAFAFAFAFAFAFAFAFAFAFAFAFAFAFAFAFAFAFAFAFAFAFAFAFAFAFAFAFAFAFAFAFAFAFAFAFAFAFAFAFAFAFAFAFAFAFAFAFAFAFAFAFAFAFAFAFAFAFAFAFAFAFA
310
FAFAFAFAFAFAFAFAFAFAFAFAFAFAFAFAFAFAFAFAFAFAFAFAFAFAFAFAFAFAFAFAFAFAFAFAFAFAFAFAFAFAFAFAFAFAFAFAFAFAFAFAFAFAFAFAFAFAFAFAFAFAFAFAFAFAFAFAFAFAFAFAFAFAFAFAFAFAFAFAFAFAFAFAFAFAFAFAFAFAFAFAFAFAFAFAFAFAFAFAFAFAFAFAFAFAFAFAFAFAFAFAFAFAFAFAFAFAFAFAFAFAFAFAFAFAFA
310
FAFAFAFAFAFAFAFAFAFAFAFAFAFAFAFAFAFAFAFAFAFAFAFAFAFAFAFAFAFAFAFAFAFAFAFAFAFAFAFAFAFAFAFAFAFAFAFAFAFAFAFAFAFAFAFAFAFAFAFAFAFAFAFAFAFAFAFAFAFAFAFAFAFAFAFAFAFAFAFAFAFAFAFAFAFAFAFAFAFAFAFAFAFAFAFAFAFAFAFAFAFAFAFAFAFAFAFAFAFAFAFAFAFAFAFAFAFAFAFAFAFAFAFAFAFAFA
310
FAFAFAFAFAFAFAFAFAFAFAFAFAFAFAFAFAFAFAFAFAFAFAFAFAFAFAFAFAFAFAFAFAFAFAFAFAFAFAFAFAFAFAFAFAFAFAFAFAFAFAFAFAFAFAFAFAFAFAFAFAFAFAFAFAFAFAFAFAFAFAFAFAFAFAFAFAFAFAFAFAFAFAFAFAFAFAFAFAFAFAFAFAFAFAFAFAFAFAFAFAFAFAFAFAFAFAFAFAFAFAFAFAFAFAFAFAFAFAFAFAFAFAFAFAFAFA
310
FAFAFAFAFAFAFAFAFAFAFAFAFAFAFAFAFAFAFAFAFAFAFAFAFAFAFAFAFAFAFAFAFAFAFAFAFAFAFAFAFAFAFAFAFAFAFAFAFAFAFAFAFAFAFAFAFAFAFAFAFAFAFAFAFAFAFAFAFAFAFAFAFAFAFAFAFAFAFAFAFAFAFAFAFAFAFAFAFAFAFAFAFAFAFAFAFAFAFAFAFAFAFAFAFAFAFAFAFAFAFAFAFAFAFAFAFAFAFAFAFAFAFAFAFAFAFA
310
FAFAFAFAFAFAFAFAFAFAFAFAFAFAFAFAFAFAFAFAFAFAFAFAFAFAFAFAFAFAFAFAFAFAFAFAFAFAFAFAFAFAFAFAFAFAFAFAFAFAFAFAFAFAFAFAFAFAFAFAFAFAFAFAFAFAFAFAFAFAFAFAFAFAFAFAFAFAFAFAFAFAFAFAFAFAFAFAFAFAFAFAFAFAFAFAFAFAFAFAFAFAFAFAFAFAFAFAFAFAFAFAFAFAFAFAFAFAFAFAFAFAFAFAFAFAFA
310
FAFAFAFAFAFAFAFAFAFAFAFAFAFAFAFAFAFAFAFAFAFAFAFAFAFAFAFAFAFAFAFAFAFAFAFAFAFAFAFAFAFAFAFAFAFAFAFAFAFAFAFAFAFAFAFAFAFAFAFAFAFAFAFAFAFAFAFAFAFAFAFAFAFAFAFAFAFAFAFAFAFAFAFAFAFAFAFAFAFAFAFAFAFAFAFAFAFAFAFAFAFAFAFAFAFAFAFAFAFAFAFAFAFAFAFAFAFAFAFAFAFAFAFAFAFAFA
310
FAFAFAFAFAFAFAFAFAFAFAFAFAFAFAFAFAFAFAFAFAFAFAFAFAFAFAFAFAFAFAFAFAFAFAFAFAFAFAFAFAFAFAFAFAFAFAFAFAFAFAFAFAFAFAFAFAFAFAFAFAFAFAFAFAFAFAFAFAFAFAFAFAFAFAFAFAFAFAFAFAFAFAFAFAFAFAFAFAFAFAFAFAFAFAFAFAFAFAFAFAFAFAFAFAFAFAFAFAFAFAFAFAFAFAFAFAFAFAFAFAFAFAFAFAFAFA
310
FAFAFAFAFAFAFAFAFAFAFAFAFAFAFAFAFAFAFAFAFAFAFAFAFAFAFAFAFAFAFAFAFAFAFAFAFAFAFAFAFAFAFAFAFAFAFAFAFAFAFAFAFAFAFAFAFAFAFAFAFAFAFAFAFAFAFAFAFAFAFAFAFAFAFAFAFAFAFAFAFAFAFAFAFAFAFAFAFAFAFAFAFAFAFAFAFAFAFAFAFAFAFAFAFAFAFAFAFAFAFAFAFAFAFAFAFAFAFAFAFAFAFAFAFAFAFA
310
FAFAFAFAFAFAFAFAFAFAFAFAFAFAFAFAFAFAFAFAFAFAFAFAFAFAFAFAFAFAFAFAFAFAFAFAFAFAFAFAFAFAFAFAFAFAFAFAFAFAFAFAFAFAFAFAFAFAFAFAFAFAFAFAFAFAFAFAFAFAFAFAFAFAFAFAFAFAFAFAFAFAFAFAFAFAFAFAFAFAFAFAFAFAFAFAFAFAFAFAFAFAFAFAFAFAFAFAFAFAFAFAFAFAFAFAFAFAFAFAFAFAFAFAFAFAFA
310
FAFAFAFAFAFAFAFAFAFAFAFAFAFAFAFAFAFAFAFAFAFAFAFAFAFAFAFAFAFAFAFAFAFAFAFAFAFAFAFAFAFAFAFAFAFAFAFAFAFAFAFAFAFAFAFAFAFAFAFAFAFAFAFAFAFAFAFAFAFAFAFAFAFAFAFAFAFAFAFAFAFAFAFAFAFAFAFAFAFAFAFAFAFAFAFAFAFAFAFAFAFAFAFAFAFAFAFAFAFAFAFAFAFAFAFAFAFAFAFAFAFAFAFAFAFAFA
310
FAFAFAFAFAFAFAFAFAFAFAFAFAFAFAFAFAFAFAFAFAFAFAFAFAFAFAFAFAFAFAFAFAFAFAFAFAFAFAFAFAFAFAFAFAFAFAFAFAFAFAFAFAFAFAFAFAFAFAFAFAFAFAFAFAFAFAFAFAFAFAFAFAFAFAFAFAFAFAFAFAFAFAFAFAFAFAFAFAFAFAFAFAFAFAFAFAFAFAFAFAFAFAFAFAFAFAFAFAFAFAFAFAFAFAFAFAFAFAFAFAFAFAFAFAFAFA
310
FAFAFAFAFAFAFAFAFAFAFAFAFAFAFAFAFAFAFAFAFAFAFAFAFAFAFAFAFAFAFAFAFAFAFAFAFAFAFAFAFAFAFAFAFAFAFAFAFAFAFAFAFAFAFAFAFAFAFAFAFAFAFAFAFAFAFAFAFAFAFAFAFAFAFAFAFAFAFAFAFAFAFAFAFAFAFAFAFAFAFAFAFAFAFAFAFAFAFAFAFAFAFAFAFAFAFAFAFAFAFAFAFAFAFAFAFAFAFAFAFAFAFAFAFAFAFA
310
FAFAFAFAFAFAFAFAFAFAFAFAFAFAFAFAFAFAFAFAFAFAFAFAFAFAFAFAFAFAFAFAFAFAFAFAFAFAFAFAFAFAFAFAFAFAFAFAFAFAFAFAFAFAFAFAFAFAFAFAFAFAFAFAFAFAFAFAFAFAFAFAFAFAFAFAFAFAFAFAFAFAFAFAFAFAFAFAFAFAFAFAFAFAFAFAFAFAFAFAFAFAFAFAFAFAFAFAFAFAFAFAFAFAFAFAFAFAFAFAFAFAFAFAFAFAFA
310
FAFAFAFAFAFAFAFAFAFAFAFAFAFAFAFAFAFAFAFAFAFAFAFAFAFAFAFAFAFAFAFAFAFAFAFAFAFAFAFAFAFAFAFAFAFAFAFAFAFAFAFAFAFAFAFAFAFAFAFAFAFAFAFAFAFAFAFAFAFAFAFAFAFAFAFAFAFAFAFAFAFAFAFAFAFAFAFAFAFAFAFAFAFAFAFAFAFAFAFAFAFAFAFAFAFAFAFAFAFAFAFAFAFAFAFAFAFAFAFAFAFAFAFAFAFAFA
310
FAFAFAFAFAFAFAFAFAFAFAFAFAFAFAFAFAFAFAFAFAFAFAFAFAFAFAFAFAFAFAFAFAFAFAFAFAFAFAFAFAFAFAFAFAFAFAFAFAFAFAFAFAFAFAFAFAFAFAFAFAFAFAFAFAFAFAFAFAFAFAFAFAFAFAFAFAFAFAFAFAFAFAFAFAFAFAFAFAFAFAFAFAFAFAFAFAFAFAFAFAFAFAFAFAFAFAFAFAFAFAFAFAFAFAFAFAFAFAFAFAFAFAFAFAFAFA
310
FAFAFAFAFAFAFAFAFAFAFAFAFAFAFAFAFAFAFAFAFAFAFAFAFAFAFAFAFAFAFAFAFAFAFAFAFAFAFAFAFAFAFAFAFAFAFAFAFAFAFAFAFAFAFAFAFAFAFAFAFAFAFAFAFAFAFAFAFAFAFAFAFAFAFAFAFAFAFAFAFAFAFAFAFAFAFAFAFAFAFAFAFAFAFAFAFAFAFAFAFAFAFAFAFAFAFAFAFAFAFAFAFAFAFAFAFAFAFAFAFAFAFAFAFAFAFA
310
FAFAFAFAFAFAFAFAFAFAFAFAFAFAFAFAFAFAFAFAFAFAFAFAFAFAFAFAFAFAFAFAFAFAFAFAFAFAFAFAFAFAFAFAFAFAFAFAFAFAFAFAFAFAFAFAFAFAFAFAFAFAFAFAFAFAFAFAFAFAFAFAFAFAFAFAFAFAFAFAFAFAFAFAFAFAFAFAFAFAFAFAFAFAFAFAFAFAFAFAFAFAFAFAFAFAFAFAFAFAFAFAFAFAFAFAFAFAFAFAFAFAFAFAFAFAFA
310
FAFAFAFAFAFAFAFAFAFAFAFAFAFAFAFAFAFAFAFAFAFAFAFAFAFAFAFAFAFAFAFAFAFAFAFAFAFAFAFAFAFAFAFAFAFAFAFAFAFAFAFAFAFAFAFAFAFAFAFAFAFAFAFAFAFAFAFAFAFAFAFAFAFAFAFAFAFAFAFAFAFAFAFAFAFAFAFAFAFAFAFAFAFAFAFAFAFAFAFAFAFAFAFAFAFAFAFAFAFAFAFAFAFAFAFAFAFAFAFAFAFAFAFAFAFAFA
310
FAFAFAFAFAFAFAFAFAFAFAFAFAFAFAFAFAFAFAFAFAFAFAFAFAFAFAFAFAFAFAFAFAFAFAFAFAFAFAFAFAFAFAFAFAFAFAFAFAFAFAFAFAFAFAFAFAFAFAFAFAFAFAFAFAFAFAFAFAFAFAFAFAFAFAFAFAFAFAFAFAFAFAFAFAFAFAFAFAFAFAFAFAFAFAFAFAFAFAFAFAFAFAFAFAFAFAFAFAFAFAFAFAFAFAFAFAFAFAFAFAFAFAFAFAFAFA
310
FAFAFAFAFAFAFAFAFAFAFAFAFAFAFAFAFAFAFAFAFAFAFAFAFAFAFAFAFAFAFAFAFAFAFAFAFAFAFAFAFAFAFAFAFAFAFAFAFAFAFAFAFAFAFAFAFAFAFAFAFAFAFAFAFAFAFAFAFAFAFAFAFAFAFAFAFAFAFAFAFAFAFAFAFAFAFAFAFAFAFAFAFAFAFAFAFAFAFAFAFAFAFAFAFAFAFAFAFAFAFAFAFAFAFAFAFAFAFAFAFAFAFAFAFAFAFA
310
FAFAFAFAFAFAFAFAFAFAFAFAFAFAFAFAFAFAFAFAFAFAFAFAFAFAFAFAFAFAFAFAFAFAFAFAFAFAFAFAFAFAFAFAFAFAFAFAFAFAFAFAFAFAFAFAFAFAFAFAFAFAFAFAFAFAFAFAFAFAFAFAFAFAFAFAFAFAFAFAFAFAFAFAFAFAFAFAFAFAFAFAFAFAFAFAFAFAFAFAFAFAFAFAFAFAFAFAFAFAFAFAFAFAFAFAFAFAFAFAFAFAFAFAFAFAFA
310
FAFAFAFAFAFAFAFAFAFAFAFAFAFAFAFAFAFAFAFAFAFAFAFAFAFAFAFAFAFAFAFAFAFAFAFAFAFAFAFAFAFAFAFAFAFAFAFAFAFAFAFAFAFAFAFAFAFAFAFAFAFAFAFAFAFAFAFAFAFAFAFAFAFAFAFAFAFAFAFAFAFAFAFAFAFAFAFAFAFAFAFAFAFAFAFAFAFAFAFAFAFAFAFAFAFAFAFAFAFAFAFAFAFAFAFAFAFAFAFAFAFAFAFAFAFAFA
310
FAFAFAFAFAFAFAFAFAFAFAFAFAFAFAFAFAFAFAFAFAFAFAFAFAFAFAFAFAFAFAFAFAFAFAFAFAFAFAFAFAFAFAFAFAFAFAFAFAFAFAFAFAFAFAFAFAFAFAFAFAFAFAFAFAFAFAFAFAFAFAFAFAFAFAFAFAFAFAFAFAFAFAFAFAFAFAFAFAFAFAFAFAFAFAFAFAFAFAFAFAFAFAFAFAFAFAFAFAFAFAFAFAFAFAFAFAFAFAFAFAFAFAFAFAFAFA
310
FAFAFAFAFAFAFAFAFAFAFAFAFAFAFAFAFAFAFAFAFAFAFAFAFAFAFAFAFAFAFAFAFAFAFAFAFAFAFAFAFAFAFAFAFAFAFAFAFAFAFAFAFAFAFAFAFAFAFAFAFAFAFAFAFAFAFAFAFAFAFAFAFAFAFAFAFAFAFAFAFAFAFAFAFAFAFAFAFAFAFAFAFAFAFAFAFAFAFAFAFAFAFAFAFAFAFAFAFAFAFAFAFAFAFAFAFAFAFAFAFAFAFAFAFAFAFA
310
FAFAFAFAFAFAFAFAFAFAFAFAFAFAFAFAFAFAFAFAFAFAFAFAFAFAFAFAFAFAFAFAFAFAFAFAFAFAFAFAFAFAFAFAFAFAFAFAFAFAFAFAFAFAFAFAFAFAFAFAFAFAFAFAFAFAFAFAFAFAFAFAFAFAFAFAFAFAFAFAFAFAFAFAFAFAFAFAFAFAFAFAFAFAFAFAFAFAFAFAFAFAFAFAFAFAFAFAFAFAFAFAFAFAFAFAFAFAFAFAFAFAFAFAFAFAFA
310
FAFAFAFAFAFAFAFAFAFAFAFAFAFAFAFAFAFAFAFAFAFAFAFAFAFAFAFAFAFAFAFAFAFAFAFAFAFAFAFAFAFAFAFAFAFAFAFAFAFAFAFAFAFAFAFAFAFAFAFAFAFAFAFAFAFAFAFAFAFAFAFAFAFAFAFAFAFAFAFAFAFAFAFAFAFAFAFAFAFAFAFAFAFAFAFAFAFAFAFAFAFAFAFAFAFAFAFAFAFAFAFAFAFAFAFAFAFAFAFAFAFAFAFAFAFAFA
310
FAFAFAFAFAFAFAFAFAFAFAFAFAFAFAFAFAFAFAFAFAFAFAFAFAFAFAFAFAFAFAFAFAFAFAFAFAFAFAFAFAFAFAFAFAFAFAFAFAFAFAFAFAFAFAFAFAFAFAFAFAFAFAFAFAFAFAFAFAFAFAFAFAFAFAFAFAFAFAFAFAFAFAFAFAFAFAFAFAFAFAFAFAFAFAFAFAFAFAFAFAFAFAFAFAFAFAFAFAFAFAFAFAFAFAFAFAFAFAFAFAFAFAFAFAFAFA
310
FAFAFAFAFAFAFAFAFAFAFAFAFAFAFAFAFAFAFAFAFAFAFAFAFAFAFAFAFAFAFAFAFAFAFAFAFAFAFAFAFAFAFAFAFAFAFAFAFAFAFAFAFAFAFAFAFAFAFAFAFAFAFAFAFAFAFAFAFAFAFAFAFAFAFAFAFAFAFAFAFAFAFAFAFAFAFAFAFAFAFAFAFAFAFAFAFAFAFAFAFAFAFAFAFAFAFAFAFAFAFAFAFAFAFAFAFAFAFAFAFAFAFAFAFAFAFA
310
FAFAFAFAFAFAFAFAFAFAFAFAFAFAFAFAFAFAFAFAFAFAFAFAFAFAFAFAFAFAFAFAFAFAFAFAFAFAFAFAFAFAFAFAFAFAFAFAFAFAFAFAFAFAFAFAFAFAFAFAFAFAFAFAFAFAFAFAFAFAFAFAFAFAFAFAFAFAFAFAFAFAFAFAFAFAFAFAFAFAFAFAFAFAFAFAFAFAFAFAFAFAFAFAFAFAFAFAFAFAFAFAFAFAFAFAFAFAFAFAFAFAFAFAFAFAFA
310
FAFAFAFAFAFAFAFAFAFAFAFAFAFAFAFAFAFAFAFAFAFAFAFAFAFAFAFAFAFAFAFAFAFAFAFAFAFAFAFAFAFAFAFAFAFAFAFAFAFAFAFAFAFAFAFAFAFAFAFAFAFAFAFAFAFAFAFAFAFAFAFAFAFAFAFAFAFAFAFAFAFAFAFAFAFAFAFAFAFAFAFAFAFAFAFAFAFAFAFAFAFAFAFAFAFAFAFAFAFAFAFAFAFAFAFAFAFAFAFAFAFAFAFAFAFAFA
310
FAFAFAFAFAFAFAFAFAFAFAFAFAFAFAFAFAFAFAFAFAFAFAFAFAFAFAFAFAFAFAFAFAFAFAFAFAFAFAFAFAFAFAFAFAFAFAFAFAFAFAFAFAFAFAFAFAFAFAFAFAFAFAFAFAFAFAFAFAFAFAFAFAFAFAFAFAFAFAFAFAFAFAFAFAFAFAFAFAFAFAFAFAFAFAFAFAFAFAFAFAFAFAFAFAFAFAFAFAFAFAFAFAFAFAFAFAFAFAFAFAFAFAFAFAFAFA
310
FAFAFAFAFAFAFAFAFAFAFAFAFAFAFAFAFAFAFAFAFAFAFAFAFAFAFAFAFAFAFAFAFAFAFAFAFAFAFAFAFAFAFAFAFAFAFAFAFAFAFAFAFAFAFAFAFAFAFAFAFAFAFAFAFAFAFAFAFAFAFAFAFAFAFAFAFAFAFAFAFAFAFAFAFAFAFAFAFAFAFAFAFAFAFAFAFAFAFAFAFAFAFAFAFAFAFAFAFAFAFAFAFAFAFAFAFAFAFAFAFAFAFAFAFAFAFA
310
FAFAFAFAFAFAFAFAFAFAFAFAFAFAFAFAFAFAFAFAFAFAFAFAFAFAFAFAFAFAFAFAFAFAFAFAFAFAFAFAFAFAFAFAFAFAFAFAFAFAFAFAFAFAFAFAFAFAFAFAFAFAFAFAFAFAFAFAFAFAFAFAFAFAFAFAFAFAFAFAFAFAFAFAFAFAFAFAFAFAFAFAFAFAFAFAFAFAFAFAFAFAFAFAFAFAFAFAFAFAFAFAFAFAFAFAFAFAFAFAFAFAFAFAFAFAFA
310
FAFAFAFAFAFAFAFAFAFAFAFAFAFAFAFAFAFAFAFAFAFAFAFAFAFAFAFAFAFAFAFAFAFAFAFAFAFAFAFAFAFAFAFAFAFAFAFAFAFAFAFAFAFAFAFAFAFAFAFAFAFAFAFAFAFAFAFAFAFAFAFAFAFAFAFAFAFAFAFAFAFAFAFAFAFAFAFAFAFAFAFAFAFAFAFAFAFAFAFAFAFAFAFAFAFAFAFAFAFAFAFAFAFAFAFAFAFAFAFAFAFAFAFAFAFAFA
310
FAFAFAFAFAFAFAFAFAFAFAFAFAFAFAFAFAFAFAFAFAFAFAFAFAFAFAFAFAFAFAFAFAFAFAFAFAFAFAFAFAFAFAFAFAFAFAFAFAFAFAFAFAFAFAFAFAFAFAFAFAFAFAFAFAFAFAFAFAFAFAFAFAFAFAFAFAFAFAFAFAFAFAFAFAFAFAFAFAFAFAFAFAFAFAFAFAFAFAFAFAFAFAFAFAFAFAFAFAFAFAFAFAFAFAFAFAFAFAFAFAFAFAFAFAFAFA
310
FAFAFAFAFAFAFAFAFAFAFAFAFAFAFAFAFAFAFAFAFAFAFAFAFAFAFAFAFAFAFAFAFAFAFAFAFAFAFAFAFAFAFAFAFAFAFAFAFAFAFAFAFAFAFAFAFAFAFAFAFAFAFAFAFAFAFAFAFAFAFAFAFAFAFAFAFAFAFAFAFAFAFAFAFAFAFAFAFAFAFAFAFAFAFAFAFAFAFAFAFAFAFAFAFAFAFAFAFAFAFAFAFAFAFAFAFAFAFAFAFAFAFAFAFAFAFA
310
FAFAFAFAFAFAFAFAFAFAFAFAFAFAFAFAFAFAFAFAFAFAFAFAFAFAFAFAFAFAFAFAFAFAFAFAFAFAFAFAFAFAFAFAFAFAFAFAFAFAFAFAFAFAFAFAFAFAFAFAFAFAFAFAFAFAFAFAFAFAFAFAFAFAFAFAFAFAFAFAFAFAFAFAFAFAFAFAFAFAFAFAFAFAFAFAFAFAFAFAFAFAFAFAFAFAFAFAFAFAFAFAFAFAFAFAFAFAFAFAFAFAFAFAFAFAFA
310
FAFAFAFAFAFAFAFAFAFAFAFAFAFAFAFAFAFAFAFAFAFAFAFAFAFAFAFAFAFAFAFAFAFAFAFAFAFAFAFAFAFAFAFAFAFAFAFAFAFAFAFAFAFAFAFAFAFAFAFAFAFAFAFAFAFAFAFAFAFAFAFAFAFAFAFAFAFAFAFAFAFAFAFAFAFAFAFAFAFAFAFAFAFAFAFAFAFAFAFAFAFAFAFAFAFAFAFAFAFAFAFAFAFAFAFAFAFAFAFAFAFAFAFAFAFAFA
310
FAFAFAFAFAFAFAFAFAFAFAFAFAFAFAFAFAFAFAFAFAFAFAFAFAFAFAFAFAFAFAFAFAFAFAFAFAFAFAFAFAFAFAFAFAFAFAFAFAFAFAFAFAFAFAFAFAFAFAFAFAFAFAFAFAFAFAFAFAFAFAFAFAFAFAFAFAFAFAFAFAFAFAFAFAFAFAFAFAFAFAFAFAFAFAFAFAFAFAFAFAFAFAFAFAFAFAFAFAFAFAFAFAFAFAFAFAFAFAFAFAFAFAFAFAFAFA
310
FAFAFAFAFAFAFAFAFAFAFAFAFAFAFAFAFAFAFAFAFAFAFAFAFAFAFAFAFAFAFAFAFAFAFAFAFAFAFAFAFAFAFAFAFAFAFAFAFAFAFAFAFAFAFAFAFAFAFAFAFAFAFAFAFAFAFAFAFAFAFAFAFAFAFAFAFAFAFAFAFAFAFAFAFAFAFAFAFAFAFAFAFAFAFAFAFAFAFAFAFAFAFAFAFAFAFAFAFAFAFAFAFAFAFAFAFAFAFAFAFAFAFAFAFAFAFA
310
FAFAFAFAFAFAFAFAFAFAFAFAFAFAFAFAFAFAFAFAFAFAFAFAFAFAFAFAFAFAFAFAFAFAFAFAFAFAFAFAFAFAFAFAFAFAFAFAFAFAFAFAFAFAFAFAFAFAFAFAFAFAFAFAFAFAFAFAFAFAFAFAFAFAFAFAFAFAFAFAFAFAFAFAFAFAFAFAFAFAFAFAFAFAFAFAFAFAFAFAFAFAFAFAFAFAFAFAFAFAFAFAFAFAFAFAFAFAFAFAFAFAFAFAFAFAFA
310
FAFAFAFAFAFAFAFAFAFAFAFAFAFAFAFAFAFAFAFAFAFAFAFAFAFAFAFAFAFAFAFAFAFAFAFAFAFAFAFAFAFAFAFAFAFAFAFAFAFAFAFAFAFAFAFAFAFAFAFAFAFAFAFAFAFAFAFAFAFAFAFAFAFAFAFAFAFAFAFAFAFAFAFAFAFAFAFAFAFAFAFAFAFAFAFAFAFAFAFAFAFAFAFAFAFAFAFAFAFAFAFAFAFAFAFAFAFAFAFAFAFAFAFAFAFAFA
310
FAFAFAFAFAFAFAFAFAFAFAFAFAFAFAFAFAFAFAFAFAFAFAFAFAFAFAFAFAFAFAFAFAFAFAFAFAFAFAFAFAFAFAFAFAFAFAFAFAFAFAFAFAFAFAFAFAFAFAFAFAFAFAFAFAFAFAFAFAFAFAFAFAFAFAFAFAFAFAFAFAFAFAFAFAFAFAFAFAFAFAFAFAFAFAFAFAFAFAFAFAFAFAFAFAFAFAFAFAFAFAFAFAFAFAFAFAFAFAFAFAFAFAFAFAFAFA
310
FAFAFAFAFAFAFAFAFAFAFAFAFAFAFAFAFAFAFAFAFAFAFAFAFAFAFAFAFAFAFAFAFAFAFAFAFAFAFAFAFAFAFAFAFAFAFAFAFAFAFAFAFAFAFAFAFAFAFAFAFAFAFAFAFAFAFAFAFAFAFAFAFAFAFAFAFAFAFAFAFAFAFAFAFAFAFAFAFAFAFAFAFAFAFAFAFAFAFAFAFAFAFAFAFAFAFAFAFAFAFAFAFAFAFAFAFAFAFAFAFAFAFAFAFAFAFA
310
FAFAFAFAFAFAFAFAFAFAFAFAFAFAFAFAFAFAFAFAFAFAFAFAFAFAFAFAFAFAFAFAFAFAFAFAFAFAFAFAFAFAFAFAFAFAFAFAFAFAFAFAFAFAFAFAFAFAFAFAFAFAFAFAFAFAFAFAFAFAFAFAFAFAFAFAFAFAFAFAFAFAFAFAFAFAFAFAFAFAFAFAFAFAFAFAFAFAFAFAFAFAFAFAFAFAFAFAFAFAFAFAFAFAFAFAFAFAFAFAFAFAFAFAFAFAFA
310
FAFAFAFAFAFAFAFAFAFAFAFAFAFAFAFAFAFAFAFAFAFAFAFAFAFAFAFAFAFAFAFAFAFAFAFAFAFAFAFAFAFAFAFAFAFAFAFAFAFAFAFAFAFAFAFAFAFAFAFAFAFAFAFAFAFAFAFAFAFAFAFAFAFAFAFAFAFAFAFAFAFAFAFAFAFAFAFAFAFAFAFAFAFAFAFAFAFAFAFAFAFAFAFAFAFAFAFAFAFAFAFAFAFAFAFAFAFAFAFAFAFAFAFAFAFAFA
310
FAFAFAFAFAFAFAFAFAFAFAFAFAFAFAFAFAFAFAFAFAFAFAFAFAFAFAFAFAFAFAFAFAFAFAFAFAFAFAFAFAFAFAFAFAFAFAFAFAFAFAFAFAFAFAFAFAFAFAFAFAFAFAFAFAFAFAFAFAFAFAFAFAFAFAFAFAFAFAFAFAFAFAFAFAFAFAFAFAFAFAFAFAFAFAFAFAFAFAFAFAFAFAFAFAFAFAFAFAFAFAFAFAFAFAFAFAFAFAFAFAFAFAFAFAFAFA
310
FAFAFAFAFAFAFAFAFAFAFAFAFAFAFAFAFAFAFAFAFAFAFAFAFAFAFAFAFAFAFAFAFAFAFAFAFAFAFAFAFAFAFAFAFAFAFAFAFAFAFAFAFAFAFAFAFAFAFAFAFAFAFAFAFAFAFAFAFAFAFAFAFAFAFAFAFAFAFAFAFAFAFAFAFAFAFAFAFAFAFAFAFAFAFAFAFAFAFAFAFAFAFAFAFAFAFAFAFAFAFAFAFAFAFAFAFAFAFAFAFAFAFAFAFAFAFA
310
FAFAFAFAFAFAFAFAFAFAFAFAFAFAFAFAFAFAFAFAFAFAFAFAFAFAFAFAFAFAFAFAFAFAFAFAFAFAFAFAFAFAFAFAFAFAFAFAFAFAFAFAFAFAFAFAFAFAFAFAFAFAFAFAFAFAFAFAFAFAFAFAFAFAFAFAFAFAFAFAFAFAFAFAFAFAFAFAFAFAFAFAFAFAFAFAFAFAFAFAFAFAFAFAFAFAFAFAFAFAFAFAFAFAFAFAFAFAFAFAFAFAFAFAFAFAFA
310
FAFAFAFAFAFAFAFAFAFAFAFAFAFAFAFAFAFAFAFAFAFAFAFAFAFAFAFAFAFAFAFAFAFAFAFAFAFAFAFAFAFAFAFAFAFAFAFAFAFAFAFAFAFAFAFAFAFAFAFAFAFAFAFAFAFAFAFAFAFAFAFAFAFAFAFAFAFAFAFAFAFAFAFAFAFAFAFAFAFAFAFAFAFAFAFAFAFAFAFAFAFAFAFAFAFAFAFAFAFAFAFAFAFAFAFAFAFAFAFAFAFAFAFAFAFAFA
310
FAFAFAFAFAFAFAFAFAFAFAFAFAFAFAFAFAFAFAFAFAFAFAFAFAFAFAFAFAFAFAFAFAFAFAFAFAFAFAFAFAFAFAFAFAFAFAFAFAFAFAFAFAFAFAFAFAFAFAFAFAFAFAFAFAFAFAFAFAFAFAFAFAFAFAFAFAFAFAFAFAFAFAFAFAFAFAFAFAFAFAFAFAFAFAFAFAFAFAFAFAFAFAFAFAFAFAFAFAFAFAFAFAFAFAFAFAFAFAFAFAFAFAFAFAFAFA
310
FAFAFAFAFAFAFAFAFAFAFAFAFAFAFAFAFAFAFAFAFAFAFAFAFAFAFAFAFAFAFAFAFAFAFAFAFAFAFAFAFAFAFAFAFAFAFAFAFAFAFAFAFAFAFAFAFAFAFAFAFAFAFAFAFAFAFAFAFAFAFAFAFAFAFAFAFAFAFAFAFAFAFAFAFAFAFAFAFAFAFAFAFAFAFAFAFAFAFAFAFAFAFAFAFAFAFAFAFAFAFAFAFAFAFAFAFAFAFAFAFAFAFAFAFAFAFA
310
FAFAFAFAFAFAFAFAFAFAFAFAFAFAFAFAFAFAFAFAFAFAFAFAFAFAFAFAFAFAFAFAFAFAFAFAFAFAFAFAFAFAFAFAFAFAFAFAFAFAFAFAFAFAFAFAFAFAFAFAFAFAFAFAFAFAFAFAFAFAFAFAFAFAFAFAFAFAFAFAFAFAFAFAFAFAFAFAFAFAFAFAFAFAFAFAFAFAFAFAFAFAFAFAFAFAFAFAFAFAFAFAFAFAFAFAFAFAFAFAFAFAFAFAFAFAFA
310
FAFAFAFAFAFAFAFAFAFAFAFAFAFAFAFAFAFAFAFAFAFAFAFAFAFAFAFAFAFAFAFAFAFAFAFAFAFAFAFAFAFAFAFAFAFAFAFAFAFAFAFAFAFAFAFAFAFAFAFAFAFAFAFAFAFAFAFAFAFAFAFAFAFAFAFAFAFAFAFAFAFAFAFAFAFAFAFAFAFAFAFAFAFAFAFAFAFAFAFAFAFAFAFAFAFAFAFAFAFAFAFAFAFAFAFAFAFAFAFAFAFAFAFAFAFAFA
310
FAFAFAFAFAFAFAFAFAFAFAFAFAFAFAFAFAFAFAFAFAFAFAFAFAFAFAFAFAFAFAFAFAFAFAFAFAFAFAFAFAFAFAFAFAFAFAFAFAFAFAFAFAFAFAFAFAFAFAFAFAFAFAFAFAFAFAFAFAFAFAFAFAFAFAFAFAFAFAFAFAFAFAFAFAFAFAFAFAFAFAFAFAFAFAFAFAFAFAFAFAFAFAFAFAFAFAFAFAFAFAFAFAFAFAFAFAFAFAFAFAFAFAFAFAFAFA
310
FAFAFAFAFAFAFAFAFAFAFAFAFAFAFAFAFAFAFAFAFAFAFAFAFAFAFAFAFAFAFAFAFAFAFAFAFAFAFAFAFAFAFAFAFAFAFAFAFAFAFAFAFAFAFAFAFAFAFAFAFAFAFAFAFAFAFAFAFAFAFAFAFAFAFAFAFAFAFAFAFAFAFAFAFAFAFAFAFAFAFAFAFAFAFAFAFAFAFAFAFAFAFAFAFAFAFAFAFAFAFAFAFAFAFAFAFAFAFAFAFAFAFAFAFAFAFA
310
FAFAFAFAFAFAFAFAFAFAFAFAFAFAFAFAFAFAFAFAFAFAFAFAFAFAFAFAFAFAFAFAFAFAFAFAFAFAFAFAFAFAFAFAFAFAFAFAFAFAFAFAFAFAFAFAFAFAFAFAFAFAFAFAFAFAFAFAFAFAFAFAFAFAFAFAFAFAFAFAFAFAFAFAFAFAFAFAFAFAFAFAFAFAFAFAFAFAFAFAFAFAFAFAFAFAFAFAFAFAFAFAFAFAFAFAFAFAFAFAFAFAFAFAFAFAFA
310
FAFAFAFAFAFAFAFAFAFAFAFAFAFAFAFAFAFAFAFAFAFAFAFAFAFAFAFAFAFAFAFAFAFAFAFAFAFAFAFAFAFAFAFAFAFAFAFAFAFAFAFAFAFAFAFAFAFAFAFAFAFAFAFAFAFAFAFAFAFAFAFAFAFAFAFAFAFAFAFAFAFAFAFAFAFAFAFAFAFAFAFAFAFAFAFAFAFAFAFAFAFAFAFAFAFAFAFAFAFAFAFAFAFAFAFAFAFAFAFAFAFAFAFAFAFAFA
310
FAFAFAFAFAFAFAFAFAFAFAFAFAFAFAFAFAFAFAFAFAFAFAFAFAFAFAFAFAFAFAFAFAFAFAFAFAFAFAFAFAFAFAFAFAFAFAFAFAFAFAFAFAFAFAFAFAFAFAFAFAFAFAFAFAFAFAFAFAFAFAFAFAFAFAFAFAFAFAFAFAFAFAFAFAFAFAFAFAFAFAFAFAFAFAFAFAFAFAFAFAFAFAFAFAFAFAFAFAFAFAFAFAFAFAFAFAFAFAFAFAFAFAFAFAFAFA
310
FAFAFAFAFAFAFAFAFAFAFAFAFAFAFAFAFAFAFAFAFAFAFAFAFAFAFAFAFAFAFAFAFAFAFAFAFAFAFAFAFAFAFAFAFAFAFAFAFAFAFAFAFAFAFAFAFAFAFAFAFAFAFAFAFAFAFAFAFAFAFAFAFAFAFAFAFAFAFAFAFAFAFAFAFAFAFAFAFAFAFAFAFAFAFAFAFAFAFAFAFAFAFAFAFAFAFAFAFAFAFAFAFAFAFAFAFAFAFAFAFAFAFAFAFAFAFA
310
FAFAFAFAFAFAFAFAFAFAFAFAFAFAFAFAFAFAFAFAFAFAFAFAFAFAFAFAFAFAFAFAFAFAFAFAFAFAFAFAFAFAFAFAFAFAFAFAFAFAFAFAFAFAFAFAFAFAFAFAFAFAFAFAFAFAFAFAFAFAFAFAFAFAFAFAFAFAFAFAFAFAFAFAFAFAFAFAFAFAFAFAFAFAFAFAFAFAFAFAFAFAFAFAFAFAFAFAFAFAFAFAFAFAFAFAFAFAFAFAFAFAFAFAFAFAFA
310
FAFAFAFAFAFAFAFAFAFAFAFAFAFAFAFAFAFAFAFAFAFAFAFAFAFAFAFAFAFAFAFAFAFAFAFAFAFAFAFAFAFAFAFAFAFAFAFAFAFAFAFAFAFAFAFAFAFAFAFAFAFAFAFAFAFAFAFAFAFAFAFAFAFAFAFAFAFAFAFAFAFAFAFAFAFAFAFAFAFAFAFAFAFAFAFAFAFAFAFAFAFAFAFAFAFAFAFAFAFAFAFAFAFAFAFAFAFAFAFAFAFAFAFAFAFAFA
310
FAFAFAFAFAFAFAFAFAFAFAFAFAFAFAFAFAFAFAFAFAFAFAFAFAFAFAFAFAFAFAFAFAFAFAFAFAFAFAFAFAFAFAFAFAFAFAFAFAFAFAFAFAFAFAFAFAFAFAFAFAFAFAFAFAFAFAFAFAFAFAFAFAFAFAFAFAFAFAFAFAFAFAFAFAFAFAFAFAFAFAFAFAFAFAFAFAFAFAFAFAFAFAFAFAFAFAFAFAFAFAFAFAFAFAFAFAFAFAFAFAFAFAFAFAFAFA
310
FAFAFAFAFAFAFAFAFAFAFAFAFAFAFAFAFAFAFAFAFAFAFAFAFAFAFAFAFAFAFAFAFAFAFAFAFAFAFAFAFAFAFAFAFAFAFAFAFAFAFAFAFAFAFAFAFAFAFAFAFAFAFAFAFAFAFAFAFAFAFAFAFAFAFAFAFAFAFAFAFAFAFAFAFAFAFAFAFAFAFAFAFAFAFAFAFAFAFAFAFAFAFAFAFAFAFAFAFAFAFAFAFAFAFAFAFAFAFAFAFAFAFAFAFAFAFA
310
FAFAFAFAFAFAFAFAFAFAFAFAFAFAFAFAFAFAFAFAFAFAFAFAFAFAFAFAFAFAFAFAFAFAFAFAFAFAFAFAFAFAFAFAFAFAFAFAFAFAFAFAFAFAFAFAFAFAFAFAFAFAFAFAFAFAFAFAFAFAFAFAFAFAFAFAFAFAFAFAFAFAFAFAFAFAFAFAFAFAFAFAFAFAFAFAFAFAFAFAFAFAFAFAFAFAFAFAFAFAFAFAFAFAFAFAFAFAFAFAFAFAFAFAFAFAFA
310
FAFAFAFAFAFAFAFAFAFAFAFAFAFAFAFAFAFAFAFAFAFAFAFAFAFAFAFAFAFAFAFAFAFAFAFAFAFAFAFAFAFAFAFAFAFAFAFAFAFAFAFAFAFAFAFAFAFAFAFAFAFAFAFAFAFAFAFAFAFAFAFAFAFAFAFAFAFAFAFAFAFAFAFAFAFAFAFAFAFAFAFAFAFAFAFAFAFAFAFAFAFAFAFAFAFAFAFAFAFAFAFAFAFAFAFAFAFAFAFAFAFAFAFAFAFAFA
310
FAFAFAFAFAFAFAFAFAFAFAFAFAFAFAFAFAFAFAFAFAFAFAFAFAFAFAFAFAFAFAFAFAFAFAFAFAFAFAFAFAFAFAFAFAFAFAFAFAFAFAFAFAFAFAFAFAFAFAFAFAFAFAFAFAFAFAFAFAFAFAFAFAFAFAFAFAFAFAFAFAFAFAFAFAFAFAFAFAFAFAFAFAFAFAFAFAFAFAFAFAFAFAFAFAFAFAFAFAFAFAFAFAFAFAFAFAFAFAFAFAFAFAFAFAFAFA
310
FAFAFAFAFAFAFAFAFAFAFAFAFAFAFAFAFAFAFAFAFAFAFAFAFAFAFAFAFAFAFAFAFAFAFAFAFAFAFAFAFAFAFAFAFAFAFAFAFAFAFAFAFAFAFAFAFAFAFAFAFAFAFAFAFAFAFAFAFAFAFAFAFAFAFAFAFAFAFAFAFAFAFAFAFAFAFAFAFAFAFAFAFAFAFAFAFAFAFAFAFAFAFAFAFAFAFAFAFAFAFAFAFAFAFAFAFAFAFAFAFAFAFAFAFAFAFA
310
FAFAFAFAFAFAFAFAFAFAFAFAFAFAFAFAFAFAFAFAFAFAFAFAFAFAFAFAFAFAFAFAFAFAFAFAFAFAFAFAFAFAFAFAFAFAFAFAFAFAFAFAFAFAFAFAFAFAFAFAFAFAFAFAFAFAFAFAFAFAFAFAFAFAFAFAFAFAFAFAFAFAFAFAFAFAFAFAFAFAFAFAFAFAFAFAFAFAFAFAFAFAFAFAFAFAFAFAFAFAFAFAFAFAFAFAFAFAFAFAFAFAFAFAFAFAFA
310
FAFAFAFAFAFAFAFAFAFAFAFAFAFAFAFAFAFAFAFAFAFAFAFAFAFAFAFAFAFAFAFAFAFAFAFAFAFAFAFAFAFAFAFAFAFAFAFAFAFAFAFAFAFAFAFAFAFAFAFAFAFAFAFAFAFAFAFAFAFAFAFAFAFAFAFAFAFAFAFAFAFAFAFAFAFAFAFAFAFAFAFAFAFAFAFAFAFAFAFAFAFAFAFAFAFAFAFAFAFAFAFAFAFAFAFAFAFAFAFAFAFAFAFAFAFAFA
310
FAFAFAFAFAFAFAFAFAFAFAFAFAFAFAFAFAFAFAFAFAFAFAFAFAFAFAFAFAFAFAFAFAFAFAFAFAFAFAFAFAFAFAFAFAFAFAFAFAFAFAFAFAFAFAFAFAFAFAFAFAFAFAFAFAFAFAFAFAFAFAFAFAFAFAFAFAFAFAFAFAFAFAFAFAFAFAFAFAFAFAFAFAFAFAFAFAFAFAFAFAFAFAFAFAFAFAFAFAFAFAFAFAFAFAFAFAFAFAFAFAFAFAFAFAFAFA
310
FAFAFAFAFAFAFAFAFAFAFAFAFAFAFAFAFAFAFAFAFAFAFAFAFAFAFAFAFAFAFAFAFAFAFAFAFAFAFAFAFAFAFAFAFAFAFAFAFAFAFAFAFAFAFAFAFAFAFAFAFAFAFAFAFAFAFAFAFAFAFAFAFAFAFAFAFAFAFAFAFAFAFAFAFAFAFAFAFAFAFAFAFAFAFAFAFAFAFAFAFAFAFAFAFAFAFAFAFAFAFAFAFAFAFAFAFAFAFAFAFAFAFAFAFAFAFA
310
FAFAFAFAFAFAFAFAFAFAFAFAFAFAFAFAFAFAFAFAFAFAFAFAFAFAFAFAFAFAFAFAFAFAFAFAFAFAFAFAFAFAFAFAFAFAFAFAFAFAFAFAFAFAFAFAFAFAFAFAFAFAFAFAFAFAFAFAFAFAFAFAFAFAFAFAFAFAFAFAFAFAFAFAFAFAFAFAFAFAFAFAFAFAFAFAFAFAFAFAFAFAFAFAFAFAFAFAFAFAFAFAFAFAFAFAFAFAFAFAFAFAFAFAFAFAFA
310
FAFAFAFAFAFAFAFAFAFAFAFAFAFAFAFAFAFAFAFAFAFAFAFAFAFAFAFAFAFAFAFAFAFAFAFAFAFAFAFAFAFAFAFAFAFAFAFAFAFAFAFAFAFAFAFAFAFAFAFAFAFAFAFAFAFAFAFAFAFAFAFAFAFAFAFAFAFAFAFAFAFAFAFAFAFAFAFAFAFAFAFAFAFAFAFAFAFAFAFAFAFAFAFAFAFAFAFAFAFAFAFAFAFAFAFAFAFAFAFAFAFAFAFAFAFAFA
310
FAFAFAFAFAFAFAFAFAFAFAFAFAFAFAFAFAFAFAFAFAFAFAFAFAFAFAFAFAFAFAFAFAFAFAFAFAFAFAFAFAFAFAFAFAFAFAFAFAFAFAFAFAFAFAFAFAFAFAFAFAFAFAFAFAFAFAFAFAFAFAFAFAFAFAFAFAFAFAFAFAFAFAFAFAFAFAFAFAFAFAFAFAFAFAFAFAFAFAFAFAFAFAFAFAFAFAFAFAFAFAFAFAFAFAFAFAFAFAFAFAFAFAFAFAFAFA
310
FAFAFAFAFAFAFAFAFAFAFAFAFAFAFAFAFAFAFAFAFAFAFAFAFAFAFAFAFAFAFAFAFAFAFAFAFAFAFAFAFAFAFAFAFAFAFAFAFAFAFAFAFAFAFAFAFAFAFAFAFAFAFAFAFAFAFAFAFAFAFAFAFAFAFAFAFAFAFAFAFAFAFAFAFAFAFAFAFAFAFAFAFAFAFAFAFAFAFAFAFAFAFAFAFAFAFAFAFAFAFAFAFAFAFAFAFAFAFAFAFAFAFAFAFAFAFA
310
FAFAFAFAFAFAFAFAFAFAFAFAFAFAFAFAFAFAFAFAFAFAFAFAFAFAFAFAFAFAFAFAFAFAFAFAFAFAFAFAFAFAFAFAFAFAFAFAFAFAFAFAFAFAFAFAFAFAFAFAFAFAFAFAFAFAFAFAFAFAFAFAFAFAFAFAFAFAFAFAFAFAFAFAFAFAFAFAFAFAFAFAFAFAFAFAFAFAFAFAFAFAFAFAFAFAFAFAFAFAFAFAFAFAFAFAFAFAFAFAFAFAFAFAFAFAFA
310
FAFAFAFAFAFAFAFAFAFAFAFAFAFAFAFAFAFAFAFAFAFAFAFAFAFAFAFAFAFAFAFAFAFAFAFAFAFAFAFAFAFAFAFAFAFAFAFAFAFAFAFAFAFAFAFAFAFAFAFAFAFAFAFAFAFAFAFAFAFAFAFAFAFAFAFAFAFAFAFAFAFAFAFAFAFAFAFAFAFAFAFAFAFAFAFAFAFAFAFAFAFAFAFAFAFAFAFAFAFAFAFAFAFAFAFAFAFAFAFAFAFAFAFAFAFAFA
310
FAFAFAFAFAFAFAFAFAFAFAFAFAFAFAFAFAFAFAFAFAFAFAFAFAFAFAFAFAFAFAFAFAFAFAFAFAFAFAFAFAFAFAFAFAFAFAFAFAFAFAFAFAFAFAFAFAFAFAFAFAFAFAFAFAFAFAFAFAFAFAFAFAFAFAFAFAFAFAFAFAFAFAFAFAFAFAFAFAFAFAFAFAFAFAFAFAFAFAFAFAFAFAFAFAFAFAFAFAFAFAFAFAFAFAFAFAFAFAFAFAFAFAFAFAFAFA
310
FAFAFAFAFAFAFAFAFAFAFAFAFAFAFAFAFAFAFAFAFAFAFAFAFAFAFAFAFAFAFAFAFAFAFAFAFAFAFAFAFAFAFAFAFAFAFAFAFAFAFAFAFAFAFAFAFAFAFAFAFAFAFAFAFAFAFAFAFAFAFAFAFAFAFAFAFAFAFAFAFAFAFAFAFAFAFAFAFAFAFAFAFAFAFAFAFAFAFAFAFAFAFAFAFAFAFAFAFAFAFAFAFAFAFAFAFAFAFAFAFAFAFAFAFAFAFA
310
FAFAFAFAFAFAFAFAFAFAFAFAFAFAFAFAFAFAFAFAFAFAFAFAFAFAFAFAFAFAFAFAFAFAFAFAFAFAFAFAFAFAFAFAFAFAFAFAFAFAFAFAFAFAFAFAFAFAFAFAFAFAFAFAFAFAFAFAFAFAFAFAFAFAFAFAFAFAFAFAFAFAFAFAFAFAFAFAFAFAFAFAFAFAFAFAFAFAFAFAFAFAFAFAFAFAFAFAFAFAFAFAFAFAFAFAFAFAFAFAFAFAFAFAFAFAFA
310
FAFAFAFAFAFAFAFAFAFAFAFAFAFAFAFAFAFAFAFAFAFAFAFAFAFAFAFAFAFAFAFAFAFAFAFAFAFAFAFAFAFAFAFAFAFAFAFAFAFAFAFAFAFAFAFAFAFAFAFAFAFAFAFAFAFAFAFAFAFAFAFAFAFAFAFAFAFAFAFAFAFAFAFAFAFAFAFAFAFAFAFAFAFAFAFAFAFAFAFAFAFAFAFAFAFAFAFAFAFAFAFAFAFAFAFAFAFAFAFAFAFAFAFAFAFAFA
310
FAFAFAFAFAFAFAFAFAFAFAFAFAFAFAFAFAFAFAFAFAFAFAFAFAFAFAFAFAFAFAFAFAFAFAFAFAFAFAFAFAFAFAFAFAFAFAFAFAFAFAFAFAFAFAFAFAFAFAFAFAFAFAFAFAFAFAFAFAFAFAFAFAFAFAFAFAFAFAFAFAFAFAFAFAFAFAFAFAFAFAFAFAFAFAFAFAFAFAFAFAFAFAFAFAFAFAFAFAFAFAFAFAFAFAFAFAFAFAFAFAFAFAFAFAFAFA
310
FAFAFAFAFAFAFAFAFAFAFAFAFAFAFAFAFAFAFAFAFAFAFAFAFAFAFAFAFAFAFAFAFAFAFAFAFAFAFAFAFAFAFAFAFAFAFAFAFAFAFAFAFAFAFAFAFAFAFAFAFAFAFAFAFAFAFAFAFAFAFAFAFAFAFAFAFAFAFAFAFAFAFAFAFAFAFAFAFAFAFAFAFAFAFAFAFAFAFAFAFAFAFAFAFAFAFAFAFAFAFAFAFAFAFAFAFAFAFAFAFAFAFAFAFAFAFA
310
FAFAFAFAFAFAFAFAFAFAFAFAFAFAFAFAFAFAFAFAFAFAFAFAFAFAFAFAFAFAFAFAFAFAFAFAFAFAFAFAFAFAFAFAFAFAFAFAFAFAFAFAFAFAFAFAFAFAFAFAFAFAFAFAFAFAFAFAFAFAFAFAFAFAFAFAFAFAFAFAFAFAFAFAFAFAFAFAFAFAFAFAFAFAFAFAFAFAFAFAFAFAFAFAFAFAFAFAFAFAFAFAFAFAFAFAFAFAFAFAFAFAFAFAFAFAFA
310
FAFAFAFAFAFAFAFAFAFAFAFAFAFAFAFAFAFAFAFAFAFAFAFAFAFAFAFAFAFAFAFAFAFAFAFAFAFAFAFAFAFAFAFAFAFAFAFAFAFAFAFAFAFAFAFAFAFAFAFAFAFAFAFAFAFAFAFAFAFAFAFAFAFAFAFAFAFAFAFAFAFAFAFAFAFAFAFAFAFAFAFAFAFAFAFAFAFAFAFAFAFAFAFAFAFAFAFAFAFAFAFAFAFAFAFAFAFAFAFAFAFAFAFAFAFAFA
310
FAFAFAFAFAFAFAFAFAFAFAFAFAFAFAFAFAFAFAFAFAFAFAFAFAFAFAFAFAFAFAFAFAFAFAFAFAFAFAFAFAFAFAFAFAFAFAFAFAFAFAFAFAFAFAFAFAFAFAFAFAFAFAFAFAFAFAFAFAFAFAFAFAFAFAFAFAFAFAFAFAFAFAFAFAFAFAFAFAFAFAFAFAFAFAFAFAFAFAFAFAFAFAFAFAFAFAFAFAFAFAFAFAFAFAFAFAFAFAFAFAFAFAFAFAFAFA
310
FAFAFAFAFAFAFAFAFAFAFAFAFAFAFAFAFAFAFAFAFAFAFAFAFAFAFAFAFAFAFAFAFAFAFAFAFAFAFAFAFAFAFAFAFAFAFAFAFAFAFAFAFAFAFAFAFAFAFAFAFAFAFAFAFAFAFAFAFAFAFAFAFAFAFAFAFAFAFAFAFAFAFAFAFAFAFAFAFAFAFAFAFAFAFAFAFAFAFAFAFAFAFAFAFAFAFAFAFAFAFAFAFAFAFAFAFAFAFAFAFAFAFAFAFAFAFA
310
FAFAFAFAFAFAFAFAFAFAFAFAFAFAFAFAFAFAFAFAFAFAFAFAFAFAFAFAFAFAFAFAFAFAFAFAFAFAFAFAFAFAFAFAFAFAFAFAFAFAFAFAFAFAFAFAFAFAFAFAFAFAFAFAFAFAFAFAFAFAFAFAFAFAFAFAFAFAFAFAFAFAFAFAFAFAFAFAFAFAFAFAFAFAFAFAFAFAFAFAFAFAFAFAFAFAFAFAFAFAFAFAFAFAFAFAFAFAFAFAFAFAFAFAFAFAFA
310
FAFAFAFAFAFAFAFAFAFAFAFAFAFAFAFAFAFAFAFAFAFAFAFAFAFAFAFAFAFAFAFAFAFAFAFAFAFAFAFAFAFAFAFAFAFAFAFAFAFAFAFAFAFAFAFAFAFAFAFAFAFAFAFAFAFAFAFAFAFAFAFAFAFAFAFAFAFAFAFAFAFAFAFAFAFAFAFAFAFAFAFAFAFAFAFAFAFAFAFAFAFAFAFAFAFAFAFAFAFAFAFAFAFAFAFAFAFAFAFAFAFAFAFAFAFAFA
310
FAFAFAFAFAFAFAFAFAFAFAFAFAFAFAFAFAFAFAFAFAFAFAFAFAFAFAFAFAFAFAFAFAFAFAFAFAFAFAFAFAFAFAFAFAFAFAFAFAFAFAFAFAFAFAFAFAFAFAFAFAFAFAFAFAFAFAFAFAFAFAFAFAFAFAFAFAFAFAFAFAFAFAFAFAFAFAFAFAFAFAFAFAFAFAFAFAFAFAFAFAFAFAFAFAFAFAFAFAFAFAFAFAFAFAFAFAFAFAFAFAFAFAFAFAFAFA
310
FAFAFAFAFAFAFAFAFAFAFAFAFAFAFAFAFAFAFAFAFAFAFAFAFAFAFAFAFAFAFAFAFAFAFAFAFAFAFAFAFAFAFAFAFAFAFAFAFAFAFAFAFAFAFAFAFAFAFAFAFAFAFAFAFAFAFAFAFAFAFAFAFAFAFAFAFAFAFAFAFAFAFAFAFAFAFAFAFAFAFAFAFAFAFAFAFAFAFAFAFAFAFAFAFAFAFAFAFAFAFAFAFAFAFAFAFAFAFAFAFAFAFAFAFAFAFA
310
FAFAFAFAFAFAFAFAFAFAFAFAFAFAFAFAFAFAFAFAFAFAFAFAFAFAFAFAFAFAFAFAFAFAFAFAFAFAFAFAFAFAFAFAFAFAFAFAFAFAFAFAFAFAFAFAFAFAFAFAFAFAFAFAFAFAFAFAFAFAFAFAFAFAFAFAFAFAFAFAFAFAFAFAFAFAFAFAFAFAFAFAFAFAFAFAFAFAFAFAFAFAFAFAFAFAFAFAFAFAFAFAFAFAFAFAFAFAFAFAFAFAFAFAFAFAFA
310
FAFAFAFAFAFAFAFAFAFAFAFAFAFAFAFAFAFAFAFAFAFAFAFAFAFAFAFAFAFAFAFAFAFAFAFAFAFAFAFAFAFAFAFAFAFAFAFAFAFAFAFAFAFAFAFAFAFAFAFAFAFAFAFAFAFAFAFAFAFAFAFAFAFAFAFAFAFAFAFAFAFAFAFAFAFAFAFAFAFAFAFAFAFAFAFAFAFAFAFAFAFAFAFAFAFAFAFAFAFAFAFAFAFAFAFAFAFAFAFAFAFAFAFAFAFAFA
310
FAFAFAFAFAFAFAFAFAFAFAFAFAFAFAFAFAFAFAFAFAFAFAFAFAFAFAFAFAFAFAFAFAFAFAFAFAFAFAFAFAFAFAFAFAFAFAFAFAFAFAFAFAFAFAFAFAFAFAFAFAFAFAFAFAFAFAFAFAFAFAFAFAFAFAFAFAFAFAFAFAFAFAFAFAFAFAFAFAFAFAFAFAFAFAFAFAFAFAFAFAFAFAFAFAFAFAFAFAFAFAFAFAFAFAFAFAFAFAFAFAFAFAFAFAFAFA
310
FAFAFAFAFAFAFAFAFAFAFAFAFAFAFAFAFAFAFAFAFAFAFAFAFAFAFAFAFAFAFAFAFAFAFAFAFAFAFAFAFAFAFAFAFAFAFAFAFAFAFAFAFAFAFAFAFAFAFAFAFAFAFAFAFAFAFAFAFAFAFAFAFAFAFAFAFAFAFAFAFAFAFAFAFAFAFAFAFAFAFAFAFAFAFAFAFAFAFAFAFAFAFAFAFAFAFAFAFAFAFAFAFAFAFAFAFAFAFAFAFAFAFAFAFAFAFA
310
FAFAFAFAFAFAFAFAFAFAFAFAFAFAFAFAFAFAFAFAFAFAFAFAFAFAFAFAFAFAFAFAFAFAFAFAFAFAFAFAFAFAFAFAFAFAFAFAFAFAFAFAFAFAFAFAFAFAFAFAFAFAFAFAFAFAFAFAFAFAFAFAFAFAFAFAFAFAFAFAFAFAFAFAFAFAFAFAFAFAFAFAFAFAFAFAFAFAFAFAFAFAFAFAFAFAFAFAFAFAFAFAFAFAFAFAFAFAFAFAFAFAFAFAFAFAFA
310
FAFAFAFAFAFAFAFAFAFAFAFAFAFAFAFAFAFAFAFAFAFAFAFAFAFAFAFAFAFAFAFAFAFAFAFAFAFAFAFAFAFAFAFAFAFAFAFAFAFAFAFAFAFAFAFAFAFAFAFAFAFAFAFAFAFAFAFAFAFAFAFAFAFAFAFAFAFAFAFAFAFAFAFAFAFAFAFAFAFAFAFAFAFAFAFAFAFAFAFAFAFAFAFAFAFAFAFA
  0
ENDSEC
  0
EOF
