  0
SECTION
  2
HEADER
  9
$ACADVER
  1
AC1024
  9
$ACADMAINTVER
 70
   226
  9
$DWGCODEPAGE
  3
ANSI_1252
  9
$LASTSAVEDBY
  1
Gean Arnold
  9
$INSBASE
 10
0.0
 20
0.0
 30
0.0
  9
$EXTMIN
 10
2258.952418723731
 20
1249.699160537468
 30
0.0
  9
$EXTMAX
 10
3258.952418723733
 20
1349.699160537656
 30
0.0
  9
$LIMMIN
 10
0.0
 20
0.0
  9
$LIMMAX
 10
420.0
 20
297.0
  9
$ORTHOMODE
 70
     1
  9
$REGENMODE
 70
     1
  9
$FILLMODE
 70
     1
  9
$QTEXTMODE
 70
     0
  9
$MIRRTEXT
 70
     0
  9
$LTSCALE
 40
1.0
  9
$ATTMODE
 70
     1
  9
$TEXTSIZE
 40
2.5
  9
$TRACEWID
 40
1.0
  9
$TEXTSTYLE
  7
Standard
  9
$CLAYER
  8
0
  9
$CELTYPE
  6
ByLayer
  9
$CECOLOR
 62
   256
  9
$CELTSCALE
 40
1.0
  9
$DISPSILH
 70
     0
  9
$DIMSCALE
 40
1.0
  9
$DIMASZ
 40
2.5
  9
$DIMEXO
 40
0.625
  9
$DIMDLI
 40
3.75
  9
$DIMRND
 40
0.0
  9
$DIMDLE
 40
0.0
  9
$DIMEXE
 40
1.25
  9
$DIMTP
 40
0.0
  9
$DIMTM
 40
0.0
  9
$DIMTXT
 40
2.5
  9
$DIMCEN
 40
2.5
  9
$DIMTSZ
 40
0.0
  9
$DIMTOL
 70
     0
  9
$DIMLIM
 70
     0
  9
$DIMTIH
 70
     0
  9
$DIMTOH
 70
     0
  9
$DIMSE1
 70
     0
  9
$DIMSE2
 70
     0
  9
$DIMTAD
 70
     1
  9
$DIMZIN
 70
     8
  9
$DIMBLK
  1

  9
$DIMASO
 70
     1
  9
$DIMSHO
 70
     1
  9
$DIMPOST
  1

  9
$DIMAPOST
  1

  9
$DIMALT
 70
     0
  9
$DIMALTD
 70
     3
  9
$DIMALTF
 40
0.03937007874016
  9
$DIMLFAC
 40
1.0
  9
$DIMTOFL
 70
     1
  9
$DIMTVP
 40
0.0
  9
$DIMTIX
 70
     0
  9
$DIMSOXD
 70
     0
  9
$DIMSAH
 70
     0
  9
$DIMBLK1
  1

  9
$DIMBLK2
  1

  9
$DIMSTYLE
  2
ISO-25
  9
$DIMCLRD
 70
     0
  9
$DIMCLRE
 70
     0
  9
$DIMCLRT
 70
     0
  9
$DIMTFAC
 40
1.0
  9
$DIMGAP
 40
0.625
  9
$DIMJUST
 70
     0
  9
$DIMSD1
 70
     0
  9
$DIMSD2
 70
     0
  9
$DIMTOLJ
 70
     0
  9
$DIMTZIN
 70
     8
  9
$DIMALTZ
 70
     0
  9
$DIMALTTZ
 70
     0
  9
$DIMUPT
 70
     0
  9
$DIMDEC
 70
     2
  9
$DIMTDEC
 70
     2
  9
$DIMALTU
 70
     2
  9
$DIMALTTD
 70
     3
  9
$DIMTXSTY
  7
Standard
  9
$DIMAUNIT
 70
     0
  9
$DIMADEC
 70
     0
  9
$DIMALTRND
 40
0.0
  9
$DIMAZIN
 70
     0
  9
$DIMDSEP
 70
    44
  9
$DIMATFIT
 70
     3
  9
$DIMFRAC
 70
     0
  9
$DIMLDRBLK
  1

  9
$DIMLUNIT
 70
     2
  9
$DIMLWD
 70
    -2
  9
$DIMLWE
 70
    -2
  9
$DIMTMOVE
 70
     0
  9
$DIMFXL
 40
1.0
  9
$DIMFXLON
 70
     0
  9
$DIMJOGANG
 40
0.7853981633974483
  9
$DIMTFILL
 70
     0
  9
$DIMTFILLCLR
 70
     0
  9
$DIMARCSYM
 70
     0
  9
$DIMLTYPE
  6

  9
$DIMLTEX1
  6

  9
$DIMLTEX2
  6

  9
$DIMTXTDIRECTION
 70
     0
  9
$LUNITS
 70
     2
  9
$LUPREC
 70
     4
  9
$SKETCHINC
 40
1.0
  9
$FILLETRAD
 40
0.0
  9
$AUNITS
 70
     0
  9
$AUPREC
 70
     0
  9
$MENU
  1
.
  9
$ELEVATION
 40
0.0
  9
$PELEVATION
 40
0.0
  9
$THICKNESS
 40
0.0
  9
$LIMCHECK
 70
     0
  9
$CHAMFERA
 40
0.0
  9
$CHAMFERB
 40
0.0
  9
$CHAMFERC
 40
0.0
  9
$CHAMFERD
 40
0.0
  9
$SKPOLY
 70
     0
  9
$TDCREATE
 40
2461315.882291667
  9
$TDUCREATE
 40
2461316.007291667
  9
$TDUPDATE
 40
2461315.909224537
  9
$TDUUPDATE
 40
2461316.034224537
  9
$TDINDWG
 40
0.0017708333
  9
$TDUSRTIMER
 40
0.0017708333
  9
$USRTIMER
 70
     1
  9
$ANGBASE
 50
0.0
  9
$ANGDIR
 70
     0
  9
$PDMODE
 70
     0
  9
$PDSIZE
 40
0.0
  9
$PLINEWID
 40
0.0
  9
$SPLFRAME
 70
     0
  9
$SPLINETYPE
 70
     6
  9
$SPLINESEGS
 70
     8
  9
$HANDSEED
  5
32D6
  9
$SURFTAB1
 70
     6
  9
$SURFTAB2
 70
     6
  9
$SURFTYPE
 70
     6
  9
$SURFU
 70
     6
  9
$SURFV
 70
     6
  9
$UCSBASE
  2

  9
$UCSNAME
  2

  9
$UCSORG
 10
0.0
 20
0.0
 30
0.0
  9
$UCSXDIR
 10
1.0
 20
0.0
 30
0.0
  9
$UCSYDIR
 10
0.0
 20
1.0
 30
0.0
  9
$UCSORTHOREF
  2

  9
$UCSORTHOVIEW
 70
     0
  9
$UCSORGTOP
 10
0.0
 20
0.0
 30
0.0
  9
$UCSORGBOTTOM
 10
0.0
 20
0.0
 30
0.0
  9
$UCSORGLEFT
 10
0.0
 20
0.0
 30
0.0
  9
$UCSORGRIGHT
 10
0.0
 20
0.0
 30
0.0
  9
$UCSORGFRONT
 10
0.0
 20
0.0
 30
0.0
  9
$UCSORGBACK
 10
0.0
 20
0.0
 30
0.0
  9
$PUCSBASE
  2

  9
$PUCSNAME
  2

  9
$PUCSORG
 10
0.0
 20
0.0
 30
0.0
  9
$PUCSXDIR
 10
1.0
 20
0.0
 30
0.0
  9
$PUCSYDIR
 10
0.0
 20
1.0
 30
0.0
  9
$PUCSORTHOREF
  2

  9
$PUCSORTHOVIEW
 70
     0
  9
$PUCSORGTOP
 10
0.0
 20
0.0
 30
0.0
  9
$PUCSORGBOTTOM
 10
0.0
 20
0.0
 30
0.0
  9
$PUCSORGLEFT
 10
0.0
 20
0.0
 30
0.0
  9
$PUCSORGRIGHT
 10
0.0
 20
0.0
 30
0.0
  9
$PUCSORGFRONT
 10
0.0
 20
0.0
 30
0.0
  9
$PUCSORGBACK
 10
0.0
 20
0.0
 30
0.0
  9
$USERI1
 70
     0
  9
$USERI2
 70
     0
  9
$USERI3
 70
     0
  9
$USERI4
 70
     0
  9
$USERI5
 70
     0
  9
$USERR1
 40
0.0
  9
$USERR2
 40
0.0
  9
$USERR3
 40
0.0
  9
$USERR4
 40
0.0
  9
$USERR5
 40
0.0
  9
$WORLDVIEW
 70
     1
  9
$SHADEDGE
 70
     3
  9
$SHADEDIF
 70
    70
  9
$TILEMODE
 70
     1
  9
$MAXACTVP
 70
    64
  9
$PINSBASE
 10
0.0
 20
0.0
 30
0.0
  9
$PLIMCHECK
 70
     0
  9
$PEXTMIN
 10
0.0
 20
0.0
 30
0.0
  9
$PEXTMAX
 10
0.0
 20
0.0
 30
0.0
  9
$PLIMMIN
 10
0.0
 20
0.0
  9
$PLIMMAX
 10
12.0
 20
9.0
  9
$UNITMODE
 70
     0
  9
$VISRETAIN
 70
     1
  9
$PLINEGEN
 70
     0
  9
$PSLTSCALE
 70
     1
  9
$TREEDEPTH
 70
  3020
  9
$CMLSTYLE
  2
Standard
  9
$CMLJUST
 70
     0
  9
$CMLSCALE
 40
20.0
  9
$PROXYGRAPHICS
 70
     1
  9
$MEASUREMENT
 70
     1
  9
$CELWEIGHT
370
    -1
  9
$ENDCAPS
280
     0
  9
$JOINSTYLE
280
     0
  9
$LWDISPLAY
290
     0
  9
$INSUNITS
 70
     4
  9
$HYPERLINKBASE
  1

  9
$STYLESHEET
  1

  9
$XEDIT
290
     1
  9
$CEPSNTYPE
380
     0
  9
$PSTYLEMODE
290
     1
  9
$FINGERPRINTGUID
  2
{45CAE162-19EB-8A43-B919-A853CDFC8798}
  9
$VERSIONGUID
  2
{1D3BD0DC-9A26-ED48-BDC4-31BA3E17AA9D}
  9
$EXTNAMES
290
     1
  9
$PSVPSCALE
 40
0.0
  9
$OLESTARTUP
290
     0
  9
$SORTENTS
280
   127
  9
$INDEXCTL
280
     0
  9
$HIDETEXT
280
     1
  9
$XCLIPFRAME
280
     2
  9
$HALOGAP
280
     0
  9
$OBSCOLOR
 70
   257
  9
$OBSLTYPE
280
     0
  9
$INTERSECTIONDISPLAY
280
     0
  9
$INTERSECTIONCOLOR
 70
   257
  9
$DIMASSOC
280
     2
  9
$PROJECTNAME
  1

  9
$CAMERADISPLAY
290
     0
  9
$LENSLENGTH
 40
50.0
  9
$CAMERAHEIGHT
 40
0.0
  9
$STEPSPERSEC
 40
2.0
  9
$STEPSIZE
 40
6.0
  9
$3DDWFPREC
 40
2.0
  9
$PSOLWIDTH
 40
5.0
  9
$PSOLHEIGHT
 40
80.0
  9
$LOFTANG1
 40
1.570796326794896
  9
$LOFTANG2
 40
1.570796326794896
  9
$LOFTMAG1
 40
0.0
  9
$LOFTMAG2
 40
0.0
  9
$LOFTPARAM
 70
     7
  9
$LOFTNORMALS
280
     1
  9
$LATITUDE
 40
37.795
  9
$LONGITUDE
 40
-122.394
  9
$NORTHDIRECTION
 40
0.0
  9
$TIMEZONE
 70
 -8000
  9
$LIGHTGLYPHDISPLAY
280
     1
  9
$TILEMODELIGHTSYNCH
280
     1
  9
$CMATERIAL
347
EC
  9
$SOLIDHIST
280
     0
  9
$SHOWHIST
280
     1
  9
$DWFFRAME
280
     2
  9
$DGNFRAME
280
     0
  9
$REALWORLDSCALE
290
     1
  9
$INTERFERECOLOR
 62
     1
  9
$INTERFEREOBJVS
345
F9
  9
$INTERFEREVPVS
346
F6
  9
$CSHADOW
280
     0
  9
$SHADOWPLANELOCATION
 40
0.0
  0
ENDSEC
  0
SECTION
  2
CLASSES
  0
CLASS
  1
ACDBDICTIONARYWDFLT
  2
AcDbDictionaryWithDefault
  3
ObjectDBX Classes
 90
        0
 91
        1
280
     0
281
     0
  0
CLASS
  1
DICTIONARYVAR
  2
AcDbDictionaryVar
  3
ObjectDBX Classes
 90
        0
 91
       11
280
     0
281
     0
  0
CLASS
  1
TABLESTYLE
  2
AcDbTableStyle
  3
ObjectDBX Classes
 90
     4095
 91
        1
280
     0
281
     0
  0
CLASS
  1
MATERIAL
  2
AcDbMaterial
  3
ObjectDBX Classes
 90
     1153
 91
        3
280
     0
281
     0
  0
CLASS
  1
VISUALSTYLE
  2
AcDbVisualStyle
  3
ObjectDBX Classes
 90
     4095
 91
       24
280
     0
281
     0
  0
CLASS
  1
SCALE
  2
AcDbScale
  3
ObjectDBX Classes
 90
     1153
 91
       17
280
     0
281
     0
  0
CLASS
  1
MLEADERSTYLE
  2
AcDbMLeaderStyle
  3
ACDB_MLEADERSTYLE_CLASS
 90
     4095
 91
        2
280
     0
281
     0
  0
CLASS
  1
CELLSTYLEMAP
  2
AcDbCellStyleMap
  3
ObjectDBX Classes
 90
     1152
 91
        1
280
     0
281
     0
  0
CLASS
  1
EXACXREFPANELOBJECT
  2
ExAcXREFPanelObject
  3
EXAC_ESW
 90
     1025
 91
        0
280
     0
281
     0
  0
CLASS
  1
NPOCOLLECTION
  2
AcDbImpNonPersistentObjectsCollection
  3
ObjectDBX Classes
 90
     1153
 91
        0
280
     0
281
     0
  0
CLASS
  1
LAYER_INDEX
  2
AcDbLayerIndex
  3
ObjectDBX Classes
 90
        0
 91
        0
280
     0
281
     0
  0
CLASS
  1
SPATIAL_INDEX
  2
AcDbSpatialIndex
  3
ObjectDBX Classes
 90
        0
 91
        0
280
     0
281
     0
  0
CLASS
  1
IDBUFFER
  2
AcDbIdBuffer
  3
ObjectDBX Classes
 90
        0
 91
        0
280
     0
281
     0
  0
CLASS
  1
ACDBSECTIONVIEWSTYLE
  2
AcDbSectionViewStyle
  3
ObjectDBX Classes
 90
     1025
 91
        1
280
     0
281
     0
  0
CLASS
  1
ACDBDETAILVIEWSTYLE
  2
AcDbDetailViewStyle
  3
ObjectDBX Classes
 90
     1025
 91
        1
280
     0
281
     0
  0
CLASS
  1
ACAD_EVALUATION_GRAPH
  2
AcDbEvalGraph
  3
ObjectDBX Classes
 90
     1153
 91
        3
280
     0
281
     0
  0
CLASS
  1
BLOCKLINEARPARAMETER
  2
AcDbBlockLinearParameter
  3
ObjectDBX Classes
 90
     1153
 91
        1
280
     0
281
     0
  0
CLASS
  1
BLOCKLINEARGRIP
  2
AcDbBlockLinearGrip
  3
ObjectDBX Classes
 90
     1153
 91
        1
280
     0
281
     0
  0
CLASS
  1
BLOCKGRIPLOCATIONCOMPONENT
  2
AcDbBlockGripExpr
  3
ObjectDBX Classes
 90
     1153
 91
        2
280
     0
281
     0
  0
CLASS
  1
BLOCKSTRETCHACTION
  2
AcDbBlockStretchAction
  3
ObjectDBX Classes
 90
     1153
 91
        1
280
     0
281
     0
  0
CLASS
  1
SORTENTSTABLE
  2
AcDbSortentsTable
  3
ObjectDBX Classes
 90
        0
 91
        5
280
     0
281
     0
  0
CLASS
  1
ACDB_DYNAMICBLOCKPURGEPREVENTER_VERSION
  2
AcDbDynamicBlockPurgePreventer
  3
ObjectDBX Classes
 90
     1153
 91
        2
280
     0
281
     0
  0
CLASS
  1
ACDB_BLOCKREPRESENTATION_DATA
  2
AcDbBlockRepresentationData
  3
ObjectDBX Classes
 90
     1153
 91
        1
280
     0
281
     0
  0
CLASS
  1
ACAECUSTOBJ
  2
AcAeEditorObj
  3
AcAeEditorObj
 90
     1024
 91
        1
280
     0
281
     0
  0
ENDSEC
  0
SECTION
  2
TABLES
  0
TABLE
  2
VPORT
  5
8
330
0
100
AcDbSymbolTable
 70
     1
  0
VPORT
  5
EA
330
8
100
AcDbSymbolTableRecord
100
AcDbViewportTableRecord
  2
*Active
 70
     0
 10
0.0
 20
0.0
 11
1.0
 21
1.0
 12
2968.967000149824
 22
1402.236356015327
 13
0.0
 23
0.0
 14
10.0
 24
10.0
 15
10.0
 25
10.0
 16
0.0
 26
0.0
 36
1.0
 17
0.0
 27
0.0
 37
0.0
 40
677.3757947450554
 41
2.548472775564408
 42
50.0
 43
0.0
 44
0.0
 50
0.0
 51
0.0
 71
     0
 72
  1000
 73
     1
 74
     3
 75
     0
 76
     1
 77
     0
 78
     0
281
     0
 65
     1
110
0.0
120
0.0
130
0.0
111
1.0
121
0.0
131
0.0
112
0.0
122
1.0
132
0.0
 79
     0
146
0.0
348
F5
 60
     3
 61
     5
292
     1
282
     1
141
0.0
142
0.0
 63
   250
421
  3355443
1001
ACAD_NAV_VCDISPLAY
1070
     3
  0
ENDTAB
  0
TABLE
  2
LTYPE
  5
5
330
0
100
AcDbSymbolTable
 70
     2
  0
LTYPE
  5
14
330
5
100
AcDbSymbolTableRecord
100
AcDbLinetypeTableRecord
  2
ByBlock
 70
     0
  3

 72
    65
 73
     0
 40
0.0
  0
LTYPE
  5
15
330
5
100
AcDbSymbolTableRecord
100
AcDbLinetypeTableRecord
  2
ByLayer
 70
     0
  3

 72
    65
 73
     0
 40
0.0
  0
LTYPE
  5
16
330
5
100
AcDbSymbolTableRecord
100
AcDbLinetypeTableRecord
  2
Continuous
 70
     0
  3
Solid line
 72
    65
 73
     0
 40
0.0
  0
ENDTAB
  0
TABLE
  2
LAYER
  5
2
102
{ACAD_XDICTIONARY
360
1FF
102
}
330
0
100
AcDbSymbolTable
 70
     1
  0
LAYER
  5
10
102
{ACAD_XDICTIONARY
360
13C
102
}
330
2
100
AcDbSymbolTableRecord
100
AcDbLayerTableRecord
  2
0
 70
     0
 62
     7
  6
Continuous
370
    -3
390
F
347
EE
  0
ENDTAB
  0
TABLE
  2
STYLE
  5
3
330
0
100
AcDbSymbolTable
 70
     2
  0
STYLE
  5
11
330
3
100
AcDbSymbolTableRecord
100
AcDbTextStyleTableRecord
  2
Standard
 70
     0
 40
0.0
 41
1.0
 50
0.0
 71
     0
 42
2.5
  3
arial.ttf
  4

1001
ACAD
1000
Arial
1071
       34
  0
STYLE
  5
132
330
3
100
AcDbSymbolTableRecord
100
AcDbTextStyleTableRecord
  2
Annotative
 70
     0
 40
0.0
 41
1.0
 50
0.0
 71
     0
 42
2.5
  3
arial.ttf
  4

1001
AcadAnnotative
1000
AnnotativeData
1002
{
1070
     1
1070
     1
1002
}
1001
ACAD
1000
Arial
1071
       34
  0
ENDTAB
  0
TABLE
  2
VIEW
  5
6
330
0
100
AcDbSymbolTable
 70
     0
  0
ENDTAB
  0
TABLE
  2
UCS
  5
7
330
0
100
AcDbSymbolTable
 70
     0
  0
ENDTAB
  0
TABLE
  2
APPID
  5
9
330
0
100
AcDbSymbolTable
 70
    15
  0
APPID
  5
12
330
9
100
AcDbSymbolTableRecord
100
AcDbRegAppTableRecord
  2
ACAD
 70
     0
  0
APPID
  5
9E
330
9
100
AcDbSymbolTableRecord
100
AcDbRegAppTableRecord
  2
ACAD_PSEXT
 70
     0
  0
APPID
  5
133
330
9
100
AcDbSymbolTableRecord
100
AcDbRegAppTableRecord
  2
AcadAnnoPO
 70
     0
  0
APPID
  5
134
330
9
100
AcDbSymbolTableRecord
100
AcDbRegAppTableRecord
  2
AcadAnnotative
 70
     0
  0
APPID
  5
135
330
9
100
AcDbSymbolTableRecord
100
AcDbRegAppTableRecord
  2
ACAD_DSTYLE_DIMJAG
 70
     0
  0
APPID
  5
136
330
9
100
AcDbSymbolTableRecord
100
AcDbRegAppTableRecord
  2
ACAD_DSTYLE_DIMTALN
 70
     0
  0
APPID
  5
165
330
9
100
AcDbSymbolTableRecord
100
AcDbRegAppTableRecord
  2
ACAD_MLEADERVER
 70
     0
  0
APPID
  5
217
330
9
100
AcDbSymbolTableRecord
100
AcDbRegAppTableRecord
  2
ACAD_NAV_VCDISPLAY
 70
     0
  0
APPID
  5
2C9
330
9
100
AcDbSymbolTableRecord
100
AcDbRegAppTableRecord
  2
AcDbBlockRepETag
 70
     0
  0
APPID
  5
2CA
330
9
100
AcDbSymbolTableRecord
100
AcDbRegAppTableRecord
  2
AcDbDynamicBlockGUID
 70
     0
  0
APPID
  5
2CB
330
9
100
AcDbSymbolTableRecord
100
AcDbRegAppTableRecord
  2
AcDbDynamicBlockTrueName
 70
     0
  0
APPID
  5
2CC
330
9
100
AcDbSymbolTableRecord
100
AcDbRegAppTableRecord
  2
AcDbBlockRepBTag
 70
     0
  0
APPID
  5
2E4
330
9
100
AcDbSymbolTableRecord
100
AcDbRegAppTableRecord
  2
ACAD_EXEMPT_FROM_CAD_STANDARDS
 70
     0
  0
APPID
  5
2EB
330
9
100
AcDbSymbolTableRecord
100
AcDbRegAppTableRecord
  2
Acad_TC
 70
     0
  0
APPID
  5
31A1
330
9
100
AcDbSymbolTableRecord
100
AcDbRegAppTableRecord
  2
ACAUTHENVIRON
 70
     0
  0
ENDTAB
  0
TABLE
  2
DIMSTYLE
  5
A
330
0
100
AcDbSymbolTable
 70
     4
100
AcDbDimStyleTable
 71
     2
340
27
340
137
  0
DIMSTYLE
105
1B0
330
A
100
AcDbSymbolTableRecord
100
AcDbDimStyleTableRecord
  2
Standard
 70
     0
340
11
  0
DIMSTYLE
105
137
330
A
100
AcDbSymbolTableRecord
100
AcDbDimStyleTableRecord
  2
Annotative
 70
     0
 40
0.0
 41
2.5
 42
0.625
 43
3.75
 44
1.25
 73
     0
 74
     0
 77
     1
 78
     8
140
2.5
141
2.5
143
0.03937007874016
147
0.625
171
     3
172
     1
271
     2
272
     2
274
     3
278
    44
283
     0
284
     8
340
11
1001
AcadAnnotative
1000
AnnotativeData
1002
{
1070
     1
1070
     1
1002
}
1001
ACAD_DSTYLE_DIMJAG
1070
   388
1040
1.5
1001
ACAD_DSTYLE_DIMTALN
1070
   392
1070
     0
  0
DIMSTYLE
105
27
330
A
100
AcDbSymbolTableRecord
100
AcDbDimStyleTableRecord
  2
ISO-25
 70
     0
 41
2.5
 42
0.625
 43
3.75
 44
1.25
 73
     0
 74
     0
 77
     1
 78
     8
140
2.5
141
2.5
143
0.03937007874016
147
0.625
171
     3
172
     1
271
     2
272
     2
274
     3
278
    44
283
     0
284
     8
340
11
  0
ENDTAB
  0
TABLE
  2
BLOCK_RECORD
  5
1
330
0
100
AcDbSymbolTable
 70
     8
  0
BLOCK_RECORD
  5
1F
102
{ACAD_XDICTIONARY
360
1CE
102
}
330
1
100
AcDbSymbolTableRecord
100
AcDbBlockTableRecord
  2
*Model_Space
340
22
 70
     0
280
     1
281
     0
  0
BLOCK_RECORD
  5
D2
330
1
100
AcDbSymbolTableRecord
100
AcDbBlockTableRecord
  2
*Paper_Space
340
D3
 70
     0
280
     1
281
     0
  0
BLOCK_RECORD
  5
D6
330
1
100
AcDbSymbolTableRecord
100
AcDbBlockTableRecord
  2
*Paper_Space0
340
D7
 70
     0
280
     1
281
     0
  0
BLOCK_RECORD
  5
2A1
102
{ACAD_XDICTIONARY
360
2A2
102
}
330
1
100
AcDbSymbolTableRecord
100
AcDbBlockTableRecord
  2
Bloco Piso Concreto Din
340
0
 70
     4
280
     1
281
     0
1001
AcDbBlockRepETag
1070
     1
1071
        1
1001
AcDbDynamicBlockTrueName
1000
Bloco Piso Concreto Din
1001
AcDbDynamicBlockGUID
1000
{82FA712E-4965-4645-B4BB-B2BD92FC3DB5}
  0
BLOCK_RECORD
  5
2B3
102
{ACAD_XDICTIONARY
360
2B4
102
}
330
1
100
AcDbSymbolTableRecord
100
AcDbBlockTableRecord
  2
*U2
340
0
102
{BLKREFS
331
2C0
102
}
 70
     4
280
     1
281
     0
1001
AcDbBlockRepBTag
1070
     1
1005
2A1
  0
BLOCK_RECORD
  5
2BE
330
1
100
AcDbSymbolTableRecord
100
AcDbBlockTableRecord
  2
PISO PARA ESTRUTURA
340
0
310
28000000200000002000000001002000000000000010000001000000010000000000000000000000302821FF302821FF302821FF302821FF302821FF302821FF302821FF302821FF302821FF302821FF302821FF302821FF302821FF302821FF302821FF302821FF302821FF302821FF302821FF302821FF302821FF302821
310
FF302821FF302821FF302821FF302821FF302821FF302821FF302821FF302821FF302821FF302821FF302821FF302821FF302821FF302821FF302821FF302821FF302821FF302821FF302821FF302821FF302821FF302821FF302821FF302821FF302821FF302821FF302821FF302821FF302821FF302821FF302821FF3028
310
21FF302821FF302821FF302821FF302821FF302821FF302821FF302821FF302821FF302821FF302821FF302821FF302821FF302821FF302821FF302821FF302821FF302821FF302821FF302821FF302821FF302821FF302821FF302821FF302821FF302821FF302821FF302821FF302821FF302821FF302821FF302821FF30
310
2821FF302821FF302821FF302821FF302821FF302821FF302821FF302821FF302821FF302821FF302821FF302821FF302821FF302821FF302821FF302821FF302821FF302821FF302821FF302821FF302821FF302821FF302821FF302821FF302821FF302821FF302821FF302821FF302821FF302821FF302821FF302821FF
310
302821FF302821FF302821FF302821FF302821FF302821FF302821FF302821FF302821FF302821FF302821FF302821FF302821FF302821FF302821FF302821FF302821FF302821FF302821FF302821FF302821FF302821FF302821FF302821FF302821FF302821FF302821FF302821FF302821FF302821FF302821FF302821
310
FF302821FF302821FF302821FF302821FF302821FF302821FF302821FF302821FF302821FF302821FF302821FF302821FF302821FF302821FF302821FF302821FF302821FF302821FF302821FF302821FF302821FF302821FF302821FF302821FF302821FF302821FF302821FF302821FF302821FF302821FF302821FF3028
310
21FF302821FF302821FF302821FF302821FF302821FF302821FF302821FF302821FF302821FF302821FF302821FF302821FF302821FF302821FF302821FF302821FF302821FF302821FF302821FF302821FF302821FF302821FF302821FF302821FF302821FF302821FF302821FF302821FF302821FF302821FF302821FF30
310
2821FF302821FF302821FF302821FF302821FF302821FF302821FF302821FF302821FF302821FF302821FF302821FF302821FF302821FF302821FF302821FF302821FF302821FF302821FF302821FF302821FF302821FF302821FF302821FF302821FF302821FF302821FF302821FF302821FF302821FF302821FF302821FF
310
302821FF302821FF302821FF302821FF302821FF302821FF302821FF302821FF302821FF302821FF302821FF302821FF302821FF302821FF302821FF302821FF302821FF302821FF302821FF302821FF302821FF302821FF302821FF302821FF302821FF302821FF302821FF302821FF302821FF302821FF302821FF302821
310
FF302821FF302821FF302821FF302821FF302821FF302821FF302821FF302821FF302821FF302821FF302821FF302821FF302821FF302821FF302821FF302821FF302821FF302821FF302821FF302821FF302821FF302821FF302821FF302821FF302821FF302821FF302821FF302821FF302821FF302821FF302821FF3028
310
21FF302821FF302821FF302821FF302821FF302821FF302821FF302821FF302821FF302821FF302821FF302821FF302821FF302821FF302821FF302821FF302821FF302821FF302821FF302821FF302821FF302821FF302821FF302821FF302821FF302821FF302821FF302821FF302821FF302821FF302821FF302821FF30
310
2821FF302821FF302821FF302821FF302821FF302821FF302821FF302821FF302821FF302821FF302821FF302821FF302821FF302821FF302821FF302821FF302821FF302821FF302821FF302821FF302821FF302821FF302821FF302821FF302821FF302821FF302821FF302821FF302821FF302821FF302821FF302821FF
310
302821FF302821FF302821FF302821FF302821FF302821FF302821FF302821FF302821FF302821FF302821FF302821FF302821FF302821FF302821FF302821FF302821FF302821FF302821FF302821FF302821FF302821FF302821FF302821FF302821FF302821FF302821FF302821FF302821FF302821FF302821FF302821
310
FF302821FF302821FF302821FF302821FF302821FF302821FF302821FF302821FF302821FF302821FF302821FF302821FF302821FF302821FF302821FF302821FF302821FF302821FF302821FF302821FF302821FF302821FF302821FF302821FF302821FF302821FF302821FF302821FF302821FF302821FF302821FF3028
310
21FF302821FF302821FF302821FF302821FF302821FF302821FF302821FF302821FF302821FF302821FF302821FF302821FF302821FF302821FF302821FF302821FF302821FF302821FF302821FF302821FF302821FF302821FF302821FF302821FF302821FF302821FF302821FF302821FF302821FF302821FF302821FF30
310
2821FF302821FF302821FF302821FF302821FF302821FF302821FF302821FF302821FF302821FF302821FF302821FF302821FF302821FF302821FFFFFFFFFFFFFFFFFFFFFFFFFFFFFFFFFFFFFFFFFFFFFFFFFFFFFFFFFFFFFFFFFFFFFFFFFFFFFFFFFFFFFFFFFFFFFFFFFFFFFFFFFFFFFFFFFFFFFFFFFFFFFFFFFFFFFFFFFF
310
FFFFFFFFFFFFFFFFFFFFFFFFFFFFFFFFFFFFFFFFFFFFFFFFFFFFFFFFFFFFFFFFFFFFFFFFFFFFFFFFFFFFFFFFFFFFFFFFFFFFFFFF302821FF302821FFFFFFFFFFFFFFFFFFFFFFFFFFFFFFFFFFFFFFFFFFFFFFFFFFFFFFFFFFFFFFFFFFFFFFFFFFFFFFFFFFFFFFFFFFFFFFFFFFFFFFFFFFFFFFFFFFFFFFFFFFFFFFFFFFFFFFFF
310
FFFFFFFFFFFFFFFFFFFFFFFFFFFFFFFFFFFFFFFFFFFFFFFFFFFFFFFFFFFFFFFFFFFFFFFFFFFFFFFFFFFFFFFFFFFFFFFFFFFFFFFFFF302821FF302821FF302821FF302821FF302821FF302821FF302821FF302821FF302821FF302821FF302821FF302821FF302821FF302821FF302821FF302821FF302821FF302821FF3028
310
21FF302821FF302821FF302821FF302821FF302821FF302821FF302821FF302821FF302821FF302821FF302821FF302821FF302821FF302821FF302821FF302821FF302821FF302821FF302821FF302821FF302821FF302821FF302821FF302821FF302821FF302821FF302821FF302821FF302821FF302821FF302821FF30
310
2821FF302821FF302821FF302821FF302821FF302821FF302821FF302821FF302821FF302821FF302821FF302821FF302821FF302821FF302821FF302821FF302821FF302821FF302821FF302821FF302821FF302821FF302821FF302821FF302821FF302821FF302821FF302821FF302821FF302821FF302821FF302821FF
310
302821FF302821FF302821FF302821FF302821FF302821FF302821FF302821FF302821FF302821FF302821FF302821FF302821FF302821FF302821FF302821FF302821FF302821FF302821FF302821FF302821FF302821FF302821FF302821FF302821FF302821FF302821FF302821FF302821FF302821FF302821FF302821
310
FF302821FF302821FF302821FF302821FF302821FF302821FF302821FF302821FF302821FF302821FF302821FF302821FF302821FF302821FF302821FF302821FF302821FF302821FF302821FF302821FF302821FF302821FF302821FF302821FF302821FF302821FF302821FF302821FF302821FF302821FF302821FF3028
310
21FF302821FF302821FF302821FF302821FF302821FF302821FF302821FF302821FF302821FF302821FF302821FF302821FF302821FF302821FF302821FF302821FF302821FF302821FF302821FF302821FF302821FF302821FF302821FF302821FF302821FF302821FF302821FF302821FF302821FF302821FF302821FF30
310
2821FF302821FF302821FF302821FF302821FF302821FF302821FF302821FF302821FF302821FF302821FF302821FF302821FF302821FF302821FF302821FF302821FF302821FF302821FF302821FF302821FF302821FF302821FF302821FF302821FF302821FF302821FF302821FF302821FF302821FF302821FF302821FF
310
302821FF302821FF302821FF302821FF302821FF302821FF302821FF302821FF302821FF302821FF302821FF302821FF302821FF302821FF302821FF302821FF302821FF302821FF302821FF302821FF302821FF302821FF302821FF302821FF302821FF302821FF302821FF302821FF302821FF302821FF302821FF302821
310
FF302821FF302821FF302821FF302821FF302821FF302821FF302821FF302821FF302821FF302821FF302821FF302821FF302821FF302821FF302821FF302821FF302821FF302821FF302821FF302821FF302821FF302821FF302821FF302821FF302821FF302821FF302821FF302821FF302821FF302821FF302821FF3028
310
21FF302821FF302821FF302821FF302821FF302821FF302821FF302821FF302821FF302821FF302821FF302821FF302821FF302821FF302821FF302821FF302821FF302821FF302821FF302821FF302821FF302821FF302821FF302821FF302821FF302821FF302821FF302821FF302821FF302821FF302821FF302821FF30
310
2821FF302821FF302821FF302821FF302821FF302821FF302821FF302821FF302821FF302821FF302821FF302821FF302821FF302821FF302821FF302821FF302821FF302821FF302821FF302821FF302821FF302821FF302821FF302821FF302821FF302821FF302821FF302821FF302821FF302821FF302821FF302821FF
310
302821FF302821FF302821FF302821FF302821FF302821FF302821FF302821FF302821FF302821FF302821FF302821FF302821FF302821FF302821FF302821FF302821FF302821FF302821FF302821FF302821FF302821FF302821FF302821FF302821FF302821FF302821FF302821FF302821FF302821FF302821FF302821
310
FF302821FF302821FF302821FF302821FF302821FF302821FF302821FF302821FF302821FF302821FF302821FF302821FF302821FF302821FF302821FF302821FF302821FF302821FF302821FF302821FF302821FF302821FF302821FF302821FF302821FF302821FF302821FF302821FF302821FF302821FF302821FF3028
310
21FF302821FF302821FF302821FF302821FF302821FF302821FF302821FF302821FF302821FF302821FF302821FF302821FF302821FF302821FF302821FF302821FF302821FF302821FF302821FF302821FF302821FF302821FF302821FF302821FF302821FF302821FF302821FF302821FF302821FF302821FF302821FF30
310
2821FF302821FF302821FF302821FF302821FF302821FF302821FF302821FF302821FF302821FF302821FF302821FF302821FF302821FF302821FF302821FF302821FF302821FF302821FF302821FF302821FF302821FF302821FF302821FF302821FF302821FF302821FF302821FF302821FF302821FF302821FF302821FF
310
302821FF302821FF302821FF302821FF302821FF302821FF302821FF302821FF302821FF302821FF302821FF302821FF302821FF302821FF302821FF302821FF302821FF302821FF
 70
     4
280
     1
281
     1
  0
BLOCK_RECORD
  5
2F90
102
{ACAD_XDICTIONARY
360
31A2
102
}
330
1
100
AcDbSymbolTableRecord
100
AcDbBlockTableRecord
  2
DI_PISO
340
0
310
28000000200000002000000001002000000000000010000001000000010000000000000000000000302821FF302821FF302821FF302821FF302821FF302821FF302821FF302821FF302821FF302821FF302821FF302821FF302821FF302821FF302821FF302821FF302821FF302821FF302821FF302821FF302821FF302821
310
FF302821FF302821FF302821FF302821FF302821FF302821FF302821FF302821FF302821FF302821FF302821FF302821FF302821FF302821FF302821FF302821FF302821FF302821FF302821FF302821FF302821FF302821FF302821FF302821FF302821FF302821FF302821FF302821FF302821FF302821FF302821FF3028
310
21FF302821FF302821FF302821FF302821FF302821FF302821FF302821FF302821FF302821FF302821FF302821FF302821FF302821FF302821FF302821FF302821FF302821FF302821FF302821FF302821FF302821FF302821FF302821FF302821FF302821FF302821FF302821FF302821FF302821FF302821FF302821FF30
310
2821FF302821FF302821FF302821FF302821FF302821FF302821FF302821FF302821FF302821FF302821FF302821FF302821FF302821FF302821FF302821FF302821FF302821FF302821FF302821FF302821FF302821FF302821FF302821FF302821FF302821FF302821FF302821FF302821FF302821FF302821FF302821FF
310
302821FF302821FF302821FF302821FF302821FF302821FF302821FF302821FF302821FF302821FF302821FF302821FF302821FF302821FF302821FF302821FF302821FF302821FF302821FF302821FF302821FF302821FF302821FF302821FF302821FF302821FF302821FF302821FF302821FF302821FF302821FF302821
310
FF302821FF302821FF302821FF302821FF302821FF302821FF302821FF302821FF302821FF302821FF302821FF302821FF302821FF302821FF302821FF302821FF302821FF302821FF302821FF302821FF302821FF302821FF302821FF302821FF302821FF302821FF302821FF302821FF302821FF302821FF302821FF3028
310
21FF302821FF302821FF302821FF302821FF302821FF302821FF302821FF302821FF302821FF302821FF302821FF302821FF302821FF302821FF302821FF302821FF302821FF302821FF302821FF302821FF302821FF302821FF302821FF302821FF302821FF302821FF302821FF302821FF302821FF302821FF302821FF30
310
2821FF302821FF302821FF302821FF302821FF302821FF302821FF302821FF302821FF302821FF302821FF302821FF302821FF302821FF302821FF302821FF302821FF302821FF302821FF302821FF302821FF302821FF302821FF302821FF302821FF302821FF302821FF302821FF302821FF302821FF302821FF302821FF
310
302821FF302821FF302821FF302821FF302821FF302821FF302821FF302821FF302821FF302821FF302821FF302821FF302821FF302821FF302821FF302821FF302821FF302821FF302821FF302821FF302821FF302821FF302821FF302821FF302821FF302821FF302821FF302821FF302821FF302821FF302821FF302821
310
FF302821FF302821FF302821FF302821FF302821FF302821FF302821FF302821FF302821FF302821FF302821FF302821FF302821FF302821FF302821FF302821FF302821FF302821FF302821FF302821FF302821FF302821FF302821FF302821FF302821FF302821FF302821FF302821FF302821FF302821FF302821FF3028
310
21FF302821FF302821FF302821FF302821FF302821FF302821FF302821FF302821FF302821FF302821FF302821FF302821FF302821FF302821FF302821FF302821FF302821FF302821FF302821FF302821FF302821FF302821FF302821FF302821FF302821FF302821FF302821FF302821FF302821FF302821FF302821FF30
310
2821FF302821FF302821FF302821FF302821FF302821FF302821FF302821FF302821FF302821FF302821FF302821FF302821FF302821FF302821FF302821FFFFFFFFFF302821FF302821FF302821FF302821FF302821FF302821FF302821FF302821FF302821FF302821FF302821FF302821FF302821FF302821FF302821FF
310
302821FF302821FF302821FF302821FF302821FF302821FF302821FF302821FF302821FFFFFFFFFF302821FF302821FF302821FF302821FF302821FF302821FFFFFFFFFF302821FF302821FF302821FF302821FF302821FF302821FF302821FF302821FF302821FF302821FF302821FF302821FF302821FF302821FF302821
310
FF302821FF302821FF302821FF302821FF302821FF302821FF302821FF302821FF302821FFFFFFFFFF302821FF302821FF302821FF302821FF302821FF302821FFFFFFFFFF302821FF302821FF302821FF302821FF302821FF302821FF302821FF302821FF302821FF302821FF302821FF302821FF302821FF302821FF3028
310
21FF302821FF302821FF302821FF302821FF302821FF302821FF302821FF302821FF302821FFFFFFFFFF302821FF302821FF302821FF302821FF302821FF302821FFFFFFFFFFFFFFFFFFFFFFFFFFFFFFFFFFFFFFFFFFFFFFFFFFFFFFFFFFFFFFFFFFFFFFFFFFFFFFFFFFFFFFFFFFFFFFFFFFFFFFFFFFFFFFFFFFFFFFFFFFFF
310
FFFFFFFFFFFFFFFFFFFFFFFFFFFFFFFFFFFFFFFFFFFFFFFFFFFFFFFFFFFFFFFFFFFFFFFFFFFFFFFFFFFFFF302821FF302821FF302821FF302821FFFFFFFFFFFFFFFFFFFFFFFFFFFFFFFFFF302821FFFFFFFFFFFFFFFFFFFFFFFFFFFFFFFFFFFFFFFFFFFFFFFFFFFFFFFFFFFFFFFFFFFFFFFFFFFFFFFFFFFFFFFFFFFFFFFFFF
310
FFFFFFFFFFFFFFFFFFFFFFFFFFFFFFFFFFFFFFFFFFFFFFFFFFFFFFFFFFFFFFFFFFFFFFFFFFFFFFFFFFFFFFFF302821FF302821FF302821FF302821FF302821FF302821FFFFFFFFFFFFFFFFFFFFFFFFFFFFFFFFFFFFFFFFFFFFFFFFFFFFFFFFFFFFFFFFFFFFFFFFFFFFFFFFFF302821FFFFFFFFFFFFFFFFFFFFFFFFFFFFFFFF
310
FFFFFFFFFFFFFFFFFFFFFFFFFFFFFFFFFFFFFFFFFFFFFFFFFFFFFFFFFFFFFFFFFFFFFFFFFFFFFFFFFFFFFFFFFFFFFFFFFFFFFFFFFF302821FF302821FF302821FF302821FFFFFFFFFFFFFFFFFFFFFFFFFFFFFFFFFFFFFFFFFFFFFFFFFFFFFFFFFFFFFFFFFFFFFFFFFFFFFFFFFFFFFFFFFFFFFFFFFFFFFFFFFFFFFFFFFFFFFF
310
FFFFFFFFFFFFFFFFFFFFFFFFFFFFFFFFFFFFFFFFFFFFFFFFFFFFFFFFFFFFFFFFFFFFFFFFFFFFFFFFFFFFFFFFFFFF302821FF302821FF302821FF302821FF302821FF302821FFFFFFFFFF302821FF302821FF302821FF302821FF302821FF302821FF302821FF302821FF302821FF302821FF302821FF302821FF302821FF30
310
2821FF302821FF302821FF302821FF302821FF302821FF302821FF302821FF302821FF302821FF302821FFFFFFFFFF302821FF302821FF302821FF302821FF302821FF302821FFFFFFFFFF302821FF302821FF302821FF302821FF302821FF302821FF302821FF302821FF302821FF302821FF302821FF302821FF302821FF
310
302821FF302821FF302821FF302821FF302821FF302821FF302821FF302821FF302821FF302821FF302821FFFFFFFFFF302821FF302821FF302821FF302821FF302821FF302821FFFFFFFFFF302821FF302821FF302821FF302821FF302821FF302821FF302821FF302821FF302821FF302821FF302821FF302821FF302821
310
FF302821FF302821FF302821FF302821FF302821FF302821FF302821FF302821FF302821FF302821FF302821FFFFFFFFFF302821FF302821FF302821FF302821FF302821FF302821FF302821FF302821FF302821FF302821FF302821FF302821FF302821FF302821FF302821FF302821FF302821FF302821FF302821FF3028
310
21FF302821FF302821FF302821FF302821FF302821FF302821FF302821FF302821FF302821FF302821FF302821FF302821FF302821FF302821FF302821FF302821FF302821FF302821FF302821FF302821FF302821FF302821FF302821FF302821FF302821FF302821FF302821FF302821FF302821FF302821FF302821FF30
310
2821FF302821FF302821FF302821FF302821FF302821FF302821FF302821FF302821FF302821FF302821FF302821FF302821FF302821FF302821FF302821FF302821FF302821FF302821FF302821FF302821FF302821FF302821FF302821FF302821FF302821FF302821FF302821FF302821FF302821FF302821FF302821FF
310
302821FF302821FF302821FF302821FF302821FF302821FF302821FF302821FF302821FF302821FF302821FF302821FF302821FF302821FF302821FF302821FF302821FF302821FF302821FF302821FF302821FF302821FF302821FF302821FF302821FF302821FF302821FF302821FF302821FF302821FF302821FF302821
310
FF302821FF302821FF302821FF302821FF302821FF302821FF302821FF302821FF302821FF302821FF302821FF302821FF302821FF302821FF302821FF302821FF302821FF302821FF302821FF302821FF302821FF302821FF302821FF302821FF302821FF302821FF302821FF302821FF302821FF302821FF302821FF3028
310
21FF302821FF302821FF302821FF302821FF302821FF302821FF302821FF302821FF302821FF302821FF302821FF302821FF302821FF302821FF302821FF302821FF302821FF302821FF302821FF302821FF302821FF302821FF302821FF302821FF302821FF302821FF302821FF302821FF302821FF302821FF302821FF30
310
2821FF302821FF302821FF302821FF302821FF302821FF302821FF302821FF302821FF302821FF302821FF302821FF302821FF302821FF302821FF302821FF302821FF302821FF302821FF302821FF302821FF302821FF302821FF302821FF302821FF302821FF302821FF302821FF302821FF302821FF302821FF302821FF
310
302821FF302821FF302821FF302821FF302821FF302821FF302821FF302821FF302821FF302821FF302821FF302821FF302821FF302821FF302821FF302821FF302821FF302821FF302821FF302821FF302821FF302821FF302821FF302821FF302821FF302821FF302821FF302821FF302821FF302821FF302821FF302821
310
FF302821FF302821FF302821FF302821FF302821FF302821FF302821FF302821FF302821FF302821FF302821FF302821FF302821FF302821FF302821FF302821FF302821FF302821FF302821FF302821FF302821FF302821FF302821FF302821FF302821FF302821FF302821FF302821FF302821FF302821FF302821FF3028
310
21FF302821FF302821FF302821FF302821FF302821FF302821FF302821FF302821FF302821FF302821FF302821FF302821FF302821FF302821FF302821FF302821FF302821FF302821FF302821FF302821FF302821FF302821FF302821FF302821FF302821FF302821FF302821FF302821FF302821FF302821FF302821FF30
310
2821FF302821FF302821FF302821FF302821FF302821FF302821FF302821FF302821FF302821FF302821FF302821FF302821FF302821FF302821FF302821FF302821FF302821FF302821FF302821FF302821FF302821FF302821FF302821FF302821FF302821FF302821FF302821FF302821FF302821FF302821FF302821FF
310
302821FF302821FF302821FF302821FF302821FF302821FF302821FF302821FF302821FF302821FF302821FF302821FF302821FF302821FF302821FF302821FF302821FF302821FF
102
{BLKREFS
331
3077
102
}
 70
     4
280
     1
281
     1
1001
ACAUTHENVIRON
1005
30BA
1001
AcDbDynamicBlockTrueName
1000
DI_PISO
1001
AcDbDynamicBlockGUID
1000
{355B9B42-E5B5-3345-B198-BE931E258CA8}
  0
BLOCK_RECORD
  5
30BA
102
{ACAD_XDICTIONARY
360
3295
102
}
330
1
100
AcDbSymbolTableRecord
100
AcDbBlockTableRecord
  2
*U5
340
0
 70
     4
280
     1
281
     1
1001
ACAUTHENVIRON
1005
30BA
1001
AcDbDynamicBlockTrueName
1000
DI_PISO
1001
AcDbDynamicBlockGUID
1000
{355B9B42-E5B5-3345-B198-BE931E258CA8}
  0
ENDTAB
  0
ENDSEC
  0
SECTION
  2
BLOCKS
  0
BLOCK
  5
20
330
1F
100
AcDbEntity
  8
0
100
AcDbBlockBegin
  2
*Model_Space
 70
     0
 10
0.0
 20
0.0
 30
0.0
  3
*Model_Space
  1

  0
ENDBLK
  5
21
330
1F
100
AcDbEntity
  8
0
100
AcDbBlockEnd
  0
BLOCK
  5
D4
330
D2
100
AcDbEntity
 67
     1
  8
0
100
AcDbBlockBegin
  2
*Paper_Space
 70
     0
 10
0.0
 20
0.0
 30
0.0
  3
*Paper_Space
  1

  0
ENDBLK
  5
D5
330
D2
100
AcDbEntity
 67
     1
  8
0
100
AcDbBlockEnd
  0
BLOCK
  5
D8
330
D6
100
AcDbEntity
 67
     1
  8
0
100
AcDbBlockBegin
  2
*Paper_Space0
 70
     0
 10
0.0
 20
0.0
 30
0.0
  3
*Paper_Space0
  1

  0
ENDBLK
  5
D9
330
D6
100
AcDbEntity
 67
     1
  8
0
100
AcDbBlockEnd
  0
BLOCK
  5
2AB
330
2A1
100
AcDbEntity
  8
0
100
AcDbBlockBegin
  2
Bloco Piso Concreto Din
 70
     0
 10
0.0
 20
0.0
 30
0.0
  3
Bloco Piso Concreto Din
  1
Acad:XRef
  0
LINE
  5
2AC
330
2A1
100
AcDbEntity
  8
0
100
AcDbLine
 10
1000.0
 20
100.0
 30
0.0
 11
1000.0
 21
209.9354169785074
 31
0.0
1001
AcDbBlockRepETag
1070
     1
1071
        0
1005
2AC
  0
LINE
  5
2AD
330
2A1
100
AcDbEntity
  8
0
100
AcDbLine
 10
1000.0
 20
0.0
 30
0.0
 11
1000.0
 21
-109.9354169785074
 31
0.0
1001
AcDbBlockRepETag
1070
     1
1071
        1
1005
2AD
  0
LINE
  5
2AE
330
2A1
100
AcDbEntity
  8
0
100
AcDbLine
 10
0.0
 20
100.0
 30
0.0
 11
0.0
 21
209.9354169785074
 31
0.0
1001
AcDbBlockRepETag
1070
     1
1071
        2
1005
2AE
  0
LINE
  5
2AF
330
2A1
100
AcDbEntity
  8
0
100
AcDbLine
 10
0.0
 20
0.0
 30
0.0
 11
0.0
 21
-109.9354169785074
 31
0.0
1001
AcDbBlockRepETag
1070
     1
1071
        3
1005
2AF
  0
LWPOLYLINE
  5
2B0
102
{ACAD_REACTORS
330
2B1
102
}
330
2A1
100
AcDbEntity
  8
0
100
AcDbPolyline
 90
       12
 70
     1
 43
0.0
 10
0.0
 20
14.5675024750235
 10
-50.0
 20
39.5675024750235
 10
50.0
 20
60.4324975249765
 10
0.0
 20
85.43249752497649
 10
0.0
 20
100.0
 10
1000.0
 20
100.0
 10
1000.0
 20
85.43249752497649
 10
1050.0
 20
60.4324975249765
 10
950.0
 20
39.5675024750235
 10
1000.0
 20
14.5675024750235
 10
1000.0
 20
0.0
 10
0.0
 20
0.0
1001
AcDbBlockRepETag
1070
     1
1071
        4
1005
2B0
  0
HATCH
  5
2B1
330
2A1
100
AcDbEntity
  8
0
100
AcDbHatch
 10
0.0
 20
0.0
 30
0.0
210
0.0
220
0.0
230
1.0
  2
AR-CONC
 70
     0
 71
     1
 91
        1
 92
        7
 72
     0
 73
     1
 93
       12
 10
0.0
 20
14.5675024750235
 10
0.0
 20
0.0
 10
1000.0
 20
0.0
 10
1000.0
 20
14.5675024750235
 10
950.0
 20
39.5675024750235
 10
1050.0
 20
60.4324975249765
 10
1000.0
 20
85.43249752497649
 10
1000.0
 20
100.0
 10
0.0
 20
100.0
 10
0.0
 20
85.43249752497649
 10
50.0
 20
60.4324975249765
 10
-50.0
 20
39.5675024750235
 97
        1
330
2B0
 75
     1
 76
     1
 52
0.0
 41
0.5
 77
     0
 78
    13
 53
50.0
 43
0.0
 44
0.0
 45
91.09233449800198
 46
-7.969542769451535
 79
     2
 49
9.525
 49
-104.775
 53
355.0
 43
0.0
 44
0.0
 45
-17.62171071248467
 46
95.52842261951758
 79
     2
 49
7.62
 49
-83.820292085
 53
100.4514447
 43
7.5910035
 44
-0.66412675
 45
73.47062354517669
 46
87.55887595609754
 79
     2
 49
8.0950044
 49
-89.04512229999999
 53
46.1842
 43
0.0
 44
25.4
 45
135.5395204460649
 46
-21.02116396636358
 79
     2
 49
14.2875
 49
-157.1625
 53
96.63555761000001
 43
11.29495
 44
23.64825
 45
118.7020670257515
 46
123.7130622988607
 79
     2
 49
12.14251157
 49
-133.56780408
 53
351.18415117
 43
0.0
 44
25.4
 45
118.7020670324886
 46
123.7130622927662
 79
     2
 49
11.429983535
 49
-125.72986596
 53
21.0
 43
12.7
 44
19.05
 45
75.80719563456624
 46
-51.1325990935438
 79
     2
 49
9.525
 49
-104.775
 53
326.0
 43
12.7
 44
19.05
 45
30.90101417382363
 46
92.09398306115961
 79
     2
 49
7.62
 49
-83.81999999999999
 53
71.45144499999999
 43
19.0172663
 44
14.78895005
 45
106.708209639358
 46
40.96138444295263
 79
     2
 49
8.0950044
 49
-89.04496880000001
 53
37.5
 43
0.0
 44
0.0
 45
1.544301625295908
 46
42.27751943657655
 79
     6
 49
0.0
 49
-82.804
 49
0.0
 49
-85.09
 49
0.0
 49
-84.1375
 53
7.499999999999999
 43
0.0
 44
0.0
 45
33.40983125515287
 46
50.09028740905975
 79
     6
 49
0.0
 49
-48.514
 49
0.0
 49
-80.899
 49
0.0
 49
-32.0675
 53
-32.5
 43
-28.321
 44
0.0
 45
67.7952975834357
 46
-2.864371996336721
 79
     6
 49
0.0
 49
-31.75
 49
0.0
 49
-99.06
 49
0.0
 49
-131.445
 53
-42.5
 43
-41.021
 44
0.0
 45
74.06459069300902
 46
12.71324551666651
 79
     6
 49
0.0
 49
-41.275
 49
0.0
 49
-65.786
 49
0.0
 49
-93.345
 47
0.0
 98
        1
 10
507.7356558386333
 20
59.2923465491516
1001
ACAD
1010
0.0
1020
0.0
1030
0.0
1001
AcadAnnotative
1000
AnnotativeData
1002
{
1070
     1
1070
     0
1002
}
1001
AcDbBlockRepETag
1070
     1
1071
        5
1005
2B1
  0
ENDBLK
  5
2B2
330
2A1
100
AcDbEntity
  8
0
100
AcDbBlockEnd
  0
BLOCK
  5
2B6
330
2B3
100
AcDbEntity
  8
0
100
AcDbBlockBegin
  2
*U2
 70
     1
 10
0.0
 20
0.0
 30
0.0
  3
*U2
  1
Acad:XRef
  0
LINE
  5
2B7
330
2B3
100
AcDbEntity
  8
0
100
AcDbLine
 10
50516.87908086658
 20
100.0
 30
0.0
 11
50516.87908086658
 21
209.9354169785074
 31
0.0
1001
AcDbBlockRepETag
1070
     1
1071
        0
1005
2B7
  0
LINE
  5
2B8
330
2B3
100
AcDbEntity
  8
0
100
AcDbLine
 10
50516.87908086658
 20
0.0
 30
0.0
 11
50516.87908086658
 21
-109.9354169785074
 31
0.0
1001
AcDbBlockRepETag
1070
     1
1071
        1
1005
2B8
  0
LINE
  5
2B9
330
2B3
100
AcDbEntity
  8
0
100
AcDbLine
 10
0.0
 20
100.0
 30
0.0
 11
0.0
 21
209.9354169785074
 31
0.0
1001
AcDbBlockRepETag
1070
     1
1071
        2
1005
2B9
  0
LINE
  5
2BA
330
2B3
100
AcDbEntity
  8
0
100
AcDbLine
 10
0.0
 20
0.0
 30
0.0
 11
0.0
 21
-109.9354169785074
 31
0.0
1001
AcDbBlockRepETag
1070
     1
1071
        3
1005
2BA
  0
LWPOLYLINE
  5
2BB
102
{ACAD_REACTORS
330
2BC
102
}
330
2B3
100
AcDbEntity
  8
0
100
AcDbPolyline
 90
       12
 70
     1
 43
0.0
 10
0.0
 20
14.5675024750235
 10
-50.0
 20
39.5675024750235
 10
50.0
 20
60.4324975249765
 10
0.0
 20
85.43249752497649
 10
0.0
 20
100.0
 10
50516.87908086658
 20
100.0
 10
50516.87908086658
 20
85.43249752497649
 10
50566.87908086659
 20
60.4324975249765
 10
50466.87908086658
 20
39.5675024750235
 10
50516.87908086658
 20
14.5675024750235
 10
50516.87908086658
 20
0.0
 10
0.0
 20
0.0
1001
AcDbBlockRepETag
1070
     1
1071
        4
1005
2BB
  0
HATCH
  5
2BC
330
2B3
100
AcDbEntity
  8
0
100
AcDbHatch
 10
0.0
 20
0.0
 30
0.0
210
0.0
220
0.0
230
1.0
  2
AR-CONC
 70
     0
 71
     1
 91
        1
 92
        7
 72
     0
 73
     1
 93
       12
 10
0.0
 20
100.0
 10
0.0
 20
85.43249752497571
 10
49.99999999999818
 20
60.43249752497615
 10
-50.0
 20
39.56750247502368
 10
0.0
 20
14.56750247502293
 10
0.0
 20
0.0
 10
50516.87908086659
 20
0.0
 10
50516.87908086659
 20
14.56750247502199
 10
50466.87908086659
 20
39.56750247502302
 10
50566.87908086659
 20
60.43249752497665
 10
50516.87908086659
 20
85.43249752497315
 10
50516.87908086659
 20
100.0
 97
        1
330
2BB
 75
     1
 76
     1
 52
0.0
 41
0.5
 77
     0
 78
    13
 53
50.0
 43
12419.49085092856
 44
0.0
 45
91.09233449800198
 46
-7.969542769451535
 79
     2
 49
9.524999999999995
 49
-104.7749999999999
 53
355.0
 43
12419.49085092856
 44
0.0
 45
-17.62171071248467
 46
95.52842261951758
 79
     2
 49
7.62
 49
-83.820292085
 53
100.4514447
 43
12427.08185442856
 44
-0.66412675
 45
73.47062354517669
 46
87.55887595609754
 79
     2
 49
8.0950044
 49
-89.04512229999999
 53
46.1842
 43
12419.49085092856
 44
25.4
 45
135.5395204460649
 46
-21.02116396636358
 79
     2
 49
14.2875
 49
-157.1625
 53
96.63555761000001
 43
12430.78580092856
 44
23.64825
 45
118.7020670257515
 46
123.7130622988607
 79
     2
 49
12.14251157
 49
-133.56780408
 53
351.18415117
 43
12419.49085092856
 44
25.4
 45
118.7020670324886
 46
123.7130622927662
 79
     2
 49
11.429983535
 49
-125.72986596
 53
21.0
 43
12432.19085092856
 44
19.05
 45
75.80719563456624
 46
-51.1325990935438
 79
     2
 49
9.525
 49
-104.775
 53
326.0
 43
12432.19085092856
 44
19.05
 45
30.90101417382363
 46
92.09398306115961
 79
     2
 49
7.619999999999997
 49
-83.81999999999996
 53
71.45144499999999
 43
12438.50811722856
 44
14.78895005
 45
106.708209639358
 46
40.96138444295263
 79
     2
 49
8.095004399999995
 49
-89.04496879999996
 53
37.5
 43
12419.49085092856
 44
0.0
 45
1.544301625295908
 46
42.27751943657655
 79
     6
 49
0.0
 49
-82.804
 49
0.0
 49
-85.09
 49
0.0
 49
-84.1375
 53
7.499999999999999
 43
12419.49085092856
 44
0.0
 45
33.40983125515287
 46
50.09028740905975
 79
     6
 49
0.0
 49
-48.51399999999998
 49
0.0
 49
-80.89899999999996
 49
0.0
 49
-32.06749999999998
 53
327.5
 43
12391.16985092856
 44
0.0
 45
67.7952975834357
 46
-2.864371996336721
 79
     6
 49
0.0
 49
-31.75
 49
0.0
 49
-99.05999999999998
 49
0.0
 49
-131.4449999999999
 53
317.5
 43
12378.46985092856
 44
0.0
 45
74.06459069300902
 46
12.71324551666651
 79
     6
 49
0.0
 49
-41.275
 49
0.0
 49
-65.786
 49
0.0
 49
-93.345
 47
0.0
 98
        1
 10
12927.22650676719
 20
59.2923465491516
1001
ACAD
1010
0.0
1020
0.0
1030
0.0
1001
AcadAnnotative
1000
AnnotativeData
1002
{
1070
     1
1070
     0
1002
}
1001
AcDbBlockRepETag
1070
     1
1071
        5
1005
2BC
  0
ENDBLK
  5
2BD
330
2B3
100
AcDbEntity
  8
0
100
AcDbBlockEnd
  0
BLOCK
  5
2BF
330
2BE
100
AcDbEntity
  8
0
100
AcDbBlockBegin
  2
PISO PARA ESTRUTURA
 70
     0
 10
0.0
 20
0.0
 30
0.0
  3
PISO PARA ESTRUTURA
  1

  0
INSERT
  5
2C0
102
{ACAD_XDICTIONARY
360
2C1
102
}
330
2BE
100
AcDbEntity
  8
0
100
AcDbBlockReference
  2
*U2
 10
-14239.86426492009
 20
0.0
 30
0.0
  0
ENDBLK
  5
2C8
330
2BE
100
AcDbEntity
  8
0
100
AcDbBlockEnd
  0
BLOCK
  5
2F91
330
2F90
100
AcDbEntity
  8
0
100
AcDbBlockBegin
  2
DI_PISO
 70
     0
 10
0.0
 20
0.0
 30
0.0
  3
DI_PISO
  1

  0
LINE
  5
30BD
330
2F90
100
AcDbEntity
  8
0
100
AcDbLine
 10
1000.000000000001
 20
0.0
 30
0.0
 11
1000.000000000001
 21
-100.0
 31
0.0
1001
AcDbBlockRepETag
1070
     1
1071
        0
1005
30BD
  0
LINE
  5
30C1
330
2F90
100
AcDbEntity
  8
0
  6
Continuous
100
AcDbLine
 10
42.58750802342274
 20
-51.01574661314498
 30
0.0
 11
48.71006000568695
 21
-43.71917329243683
 31
0.0
1001
ACAD
1010
0.0
1020
0.0
1030
0.0
1001
AcadAnnotative
1000
AnnotativeData
1002
{
1070
     1
1070
     0
1002
}
1001
AcDbBlockRepETag
1070
     1
1071
        5
1005
0
  0
LINE
  5
30C2
330
2F90
100
AcDbEntity
  8
0
  6
Continuous
100
AcDbLine
 10
133.679842521426
 20
-58.98528938259687
 30
0.0
 11
139.8023945036902
 21
-51.68871606188872
 31
0.0
1001
ACAD
1010
0.0
1020
0.0
1030
0.0
1001
AcadAnnotative
1000
AnnotativeData
1002
{
1070
     1
1070
     0
1002
}
1001
AcDbBlockRepETag
1070
     1
1071
        5
1005
0
  0
LINE
  5
30C3
330
2F90
100
AcDbEntity
  8
0
  6
Continuous
100
AcDbLine
 10
224.7721770194271
 20
-66.95483215204922
 30
0.0
 11
230.8947290016913
 21
-59.65825883134107
 31
0.0
1001
ACAD
1010
0.0
1020
0.0
1030
0.0
1001
AcadAnnotative
1000
AnnotativeData
1002
{
1070
     1
1070
     0
1002
}
1001
AcDbBlockRepETag
1070
     1
1071
        5
1005
0
  0
LINE
  5
30C4
330
2F90
100
AcDbEntity
  8
0
  6
Continuous
100
AcDbLine
 10
315.864511517429
 20
-74.92437492149997
 30
0.0
 11
321.9870634996933
 21
-67.62780160079183
 31
0.0
1001
ACAD
1010
0.0
1020
0.0
1030
0.0
1001
AcadAnnotative
1000
AnnotativeData
1002
{
1070
     1
1070
     0
1002
}
1001
AcDbBlockRepETag
1070
     1
1071
        5
1005
0
  0
LINE
  5
30C5
330
2F90
100
AcDbEntity
  8
0
  6
Continuous
100
AcDbLine
 10
406.9568460154305
 20
-82.89391769095209
 30
0.0
 11
413.0793979976947
 21
-75.59734437024395
 31
0.0
1001
ACAD
1010
0.0
1020
0.0
1030
0.0
1001
AcadAnnotative
1000
AnnotativeData
1002
{
1070
     1
1070
     0
1002
}
1001
AcDbBlockRepETag
1070
     1
1071
        5
1005
0
  0
LINE
  5
30C6
330
2F90
100
AcDbEntity
  8
0
  6
Continuous
100
AcDbLine
 10
498.0491805134334
 20
-90.86346046040331
 30
0.0
 11
504.1717324956976
 21
-83.56688713969516
 31
0.0
1001
ACAD
1010
0.0
1020
0.0
1030
0.0
1001
AcadAnnotative
1000
AnnotativeData
1002
{
1070
     1
1070
     0
1002
}
1001
AcDbBlockRepETag
1070
     1
1071
        5
1005
0
  0
LINE
  5
30C7
330
2F90
100
AcDbEntity
  8
0
  6
Continuous
100
AcDbLine
 10
571.5198043006048
 20
-3.304580611904384
 30
0.0
 11
574.2926766731033
 21
-0.0000000001741682
 31
0.0
1001
ACAD
1010
0.0
1020
0.0
1030
0.0
1001
AcadAnnotative
1000
AnnotativeData
1002
{
1070
     1
1070
     0
1002
}
1001
AcDbBlockRepETag
1070
     1
1071
        5
1005
0
  0
LINE
  5
30C8
330
2F90
100
AcDbEntity
  8
0
  6
Continuous
100
AcDbLine
 10
589.1415150114348
 20
-98.83300322985475
 30
0.0
 11
595.264066993699
 21
-91.5364299091466
 31
0.0
1001
ACAD
1010
0.0
1020
0.0
1030
0.0
1001
AcadAnnotative
1000
AnnotativeData
1002
{
1070
     1
1070
     0
1002
}
1001
AcDbBlockRepETag
1070
     1
1071
        5
1005
0
  0
LINE
  5
30C9
330
2F90
100
AcDbEntity
  8
0
  6
Continuous
100
AcDbLine
 10
662.6121387986063
 20
-11.27412338135582
 30
0.0
 11
668.7346907808705
 21
-3.977550060647672
 31
0.0
1001
ACAD
1010
0.0
1020
0.0
1030
0.0
1001
AcadAnnotative
1000
AnnotativeData
1002
{
1070
     1
1070
     0
1002
}
1001
AcDbBlockRepETag
1070
     1
1071
        5
1005
0
  0
LINE
  5
30CA
330
2F90
100
AcDbEntity
  8
0
  6
Continuous
100
AcDbLine
 10
685.9418633485211
 20
-100.0000000000009
 30
0.0
 11
686.3564014917015
 21
-99.50597267859848
 31
0.0
1001
ACAD
1010
0.0
1020
0.0
1030
0.0
1001
AcadAnnotative
1000
AnnotativeData
1002
{
1070
     1
1070
     0
1002
}
1001
AcDbBlockRepETag
1070
     1
1071
        5
1005
0
  0
LINE
  5
30CB
330
2F90
100
AcDbEntity
  8
0
  6
Continuous
100
AcDbLine
 10
753.7044732966087
 20
-19.24366615080771
 30
0.0
 11
759.8270252788729
 21
-11.94709283009956
 31
0.0
1001
ACAD
1010
0.0
1020
0.0
1030
0.0
1001
AcadAnnotative
1000
AnnotativeData
1002
{
1070
     1
1070
     0
1002
}
1001
AcDbBlockRepETag
1070
     1
1071
        5
1005
0
  0
LINE
  5
30CC
330
2F90
100
AcDbEntity
  8
0
  6
Continuous
100
AcDbLine
 10
844.7968077946111
 20
-27.21320892025938
 30
0.0
 11
850.9193597768753
 21
-19.91663559955123
 31
0.0
1001
ACAD
1010
0.0
1020
0.0
1030
0.0
1001
AcadAnnotative
1000
AnnotativeData
1002
{
1070
     1
1070
     0
1002
}
1001
AcDbBlockRepETag
1070
     1
1071
        5
1005
0
  0
LINE
  5
30CD
330
2F90
100
AcDbEntity
  8
0
  6
Continuous
100
AcDbLine
 10
935.8891422926131
 20
-35.18275168971036
 30
0.0
 11
942.0116942748773
 21
-27.88617836900221
 31
0.0
1001
ACAD
1010
0.0
1020
0.0
1030
0.0
1001
AcadAnnotative
1000
AnnotativeData
1002
{
1070
     1
1070
     0
1002
}
1001
AcDbBlockRepETag
1070
     1
1071
        5
1005
0
  0
LINE
  5
30CE
330
2F90
100
AcDbEntity
  8
0
  6
Continuous
100
AcDbLine
 10
571.5198480044432
 20
-3.304078462683946
 30
0.0
 11
579.1108516039026
 21
-3.968205222421147
 31
0.0
1001
ACAD
1010
0.0
1020
0.0
1030
0.0
1001
AcadAnnotative
1000
AnnotativeData
1002
{
1070
     1
1070
     0
1002
}
1001
AcDbBlockRepETag
1070
     1
1071
        5
1005
0
  0
LINE
  5
30CF
330
2F90
100
AcDbEntity
  8
0
  6
Continuous
100
AcDbLine
 10
662.612182171481
 20
-11.27362503641507
 30
0.0
 11
670.2031857709402
 21
-11.93775179615227
 31
0.0
1001
ACAD
1010
0.0
1020
0.0
1030
0.0
1001
AcadAnnotative
1000
AnnotativeData
1002
{
1070
     1
1070
     0
1002
}
1001
AcDbBlockRepETag
1070
     1
1071
        5
1005
0
  0
LINE
  5
30D0
330
2F90
100
AcDbEntity
  8
0
  6
Continuous
100
AcDbLine
 10
753.7045163385187
 20
-19.24317161014619
 30
0.0
 11
761.295519937978
 21
-19.90729836988339
 31
0.0
1001
ACAD
1010
0.0
1020
0.0
1030
0.0
1001
AcadAnnotative
1000
AnnotativeData
1002
{
1070
     1
1070
     0
1002
}
1001
AcDbBlockRepETag
1070
     1
1071
        5
1005
0
  0
LINE
  5
30D1
330
2F90
100
AcDbEntity
  8
0
  6
Continuous
100
AcDbLine
 10
844.7968505055564
 20
-27.21271818387732
 30
0.0
 11
852.3878541050157
 21
-27.87684494361452
 31
0.0
1001
ACAD
1010
0.0
1020
0.0
1030
0.0
1001
AcadAnnotative
1000
AnnotativeData
1002
{
1070
     1
1070
     0
1002
}
1001
AcDbBlockRepETag
1070
     1
1071
        5
1005
0
  0
LINE
  5
30D2
330
2F90
100
AcDbEntity
  8
0
  6
Continuous
100
AcDbLine
 10
935.8891846725942
 20
-35.18226475760844
 30
0.0
 11
943.4801882720535
 21
-35.84639151734564
 31
0.0
1001
ACAD
1010
0.0
1020
0.0
1030
0.0
1001
AcadAnnotative
1000
AnnotativeData
1002
{
1070
     1
1070
     0
1002
}
1001
AcDbBlockRepETag
1070
     1
1071
        5
1005
0
  0
LINE
  5
30D3
330
2F90
100
AcDbEntity
  8
0
  6
Continuous
100
AcDbLine
 10
42.58755371470124
 20
-51.01522163981576
 30
0.0
 11
50.17855731416057
 21
-51.67934839955297
 31
0.0
1001
ACAD
1010
0.0
1020
0.0
1030
0.0
1001
AcadAnnotative
1000
AnnotativeData
1002
{
1070
     1
1070
     0
1002
}
1001
AcDbBlockRepETag
1070
     1
1071
        5
1005
0
  0
LINE
  5
30D4
330
2F90
100
AcDbEntity
  8
0
  6
Continuous
100
AcDbLine
 10
133.679887881739
 20
-58.98476821354688
 30
0.0
 11
141.2708914811983
 21
-59.64889497328409
 31
0.0
1001
ACAD
1010
0.0
1020
0.0
1030
0.0
1001
AcadAnnotative
1000
AnnotativeData
1002
{
1070
     1
1070
     0
1002
}
1001
AcDbBlockRepETag
1070
     1
1071
        5
1005
0
  0
LINE
  5
30D5
330
2F90
100
AcDbEntity
  8
0
  6
Continuous
100
AcDbLine
 10
224.7722220487767
 20
-66.95431478727801
 30
0.0
 11
232.3632256482361
 21
-67.6184415470152
 31
0.0
1001
ACAD
1010
0.0
1020
0.0
1030
0.0
1001
AcadAnnotative
1000
AnnotativeData
1002
{
1070
     1
1070
     0
1002
}
1001
AcDbBlockRepETag
1070
     1
1071
        5
1005
0
  0
LINE
  5
30D6
330
2F90
100
AcDbEntity
  8
0
  6
Continuous
100
AcDbLine
 10
315.8645562158144
 20
-74.92386136100913
 30
0.0
 11
323.4555598152738
 21
-75.58798812074633
 31
0.0
1001
ACAD
1010
0.0
1020
0.0
1030
0.0
1001
AcadAnnotative
1000
AnnotativeData
1002
{
1070
     1
1070
     0
1002
}
1001
AcDbBlockRepETag
1070
     1
1071
        5
1005
0
  0
LINE
  5
30D7
330
2F90
100
AcDbEntity
  8
0
  6
Continuous
100
AcDbLine
 10
406.9568903828521
 20
-82.89340793474025
 30
0.0
 11
414.5478939823115
 21
-83.55753469447746
 31
0.0
1001
ACAD
1010
0.0
1020
0.0
1030
0.0
1001
AcadAnnotative
1000
AnnotativeData
1002
{
1070
     1
1070
     0
1002
}
1001
AcDbBlockRepETag
1070
     1
1071
        5
1005
0
  0
LINE
  5
30D8
330
2F90
100
AcDbEntity
  8
0
  6
Continuous
100
AcDbLine
 10
498.0492245498899
 20
-90.86295450847137
 30
0.0
 11
505.6402281493492
 21
-91.52708126820858
 31
0.0
1001
ACAD
1010
0.0
1020
0.0
1030
0.0
1001
AcadAnnotative
1000
AnnotativeData
1002
{
1070
     1
1070
     0
1002
}
1001
AcDbBlockRepETag
1070
     1
1071
        5
1005
0
  0
LINE
  5
30D9
330
2F90
100
AcDbEntity
  8
0
  6
Continuous
100
AcDbLine
 10
589.1415587169276
 20
-98.8325010822025
 30
0.0
 11
596.7325623163869
 21
-99.4966278419397
 31
0.0
1001
ACAD
1010
0.0
1020
0.0
1030
0.0
1001
AcadAnnotative
1000
AnnotativeData
1002
{
1070
     1
1070
     0
1002
}
1001
AcDbBlockRepETag
1070
     1
1071
        5
1005
0
  0
LINE
  5
30DA
330
2F90
100
AcDbEntity
  8
0
  6
Continuous
100
AcDbLine
 10
50.2138419348048
 20
-51.67282581524978
 30
0.0
 11
48.74539032014263
 21
-43.7121257146673
 31
0.0
1001
ACAD
1010
0.0
1020
0.0
1030
0.0
1001
AcadAnnotative
1000
AnnotativeData
1002
{
1070
     1
1070
     0
1002
}
1001
AcDbBlockRepETag
1070
     1
1071
        5
1005
0
  0
LINE
  5
30DB
330
2F90
100
AcDbEntity
  8
0
  6
Continuous
100
AcDbLine
 10
141.3058982615521
 20
-59.64242374006904
 30
0.0
 11
139.8374466468899
 21
-51.68172363948656
 31
0.0
1001
ACAD
1010
0.0
1020
0.0
1030
0.0
1001
AcadAnnotative
1000
AnnotativeData
1002
{
1070
     1
1070
     0
1002
}
1001
AcDbBlockRepETag
1070
     1
1071
        5
1005
0
  0
LINE
  5
30DC
330
2F90
100
AcDbEntity
  8
0
  6
Continuous
100
AcDbLine
 10
232.3979545882985
 20
-67.61202166488238
 30
0.0
 11
230.9295029736363
 21
-59.65132156429991
 31
0.0
1001
ACAD
1010
0.0
1020
0.0
1030
0.0
1001
AcadAnnotative
1000
AnnotativeData
1002
{
1070
     1
1070
     0
1002
}
1001
AcDbBlockRepETag
1070
     1
1071
        5
1005
0
  0
LINE
  5
30DD
330
2F90
100
AcDbEntity
  8
0
  6
Continuous
100
AcDbLine
 10
323.490010915044
 20
-75.58161958970368
 30
0.0
 11
322.0215593003818
 21
-67.62091948912121
 31
0.0
1001
ACAD
1010
0.0
1020
0.0
1030
0.0
1001
AcadAnnotative
1000
AnnotativeData
1002
{
1070
     1
1070
     0
1002
}
1001
AcDbBlockRepETag
1070
     1
1071
        5
1005
0
  0
LINE
  5
30DE
330
2F90
100
AcDbEntity
  8
0
  6
Continuous
100
AcDbLine
 10
414.5820672417908
 20
-83.5512175145193
 30
0.0
 11
413.1136156271286
 21
-75.59051741393682
 31
0.0
1001
ACAD
1010
0.0
1020
0.0
1030
0.0
1001
AcadAnnotative
1000
AnnotativeData
1002
{
1070
     1
1070
     0
1002
}
1001
AcDbBlockRepETag
1070
     1
1071
        5
1005
0
  0
LINE
  5
30DF
330
2F90
100
AcDbEntity
  8
0
  6
Continuous
100
AcDbLine
 10
505.6741235685381
 20
-91.52081543933809
 30
0.0
 11
504.2056719538759
 21
-83.56011533875562
 31
0.0
1001
ACAD
1010
0.0
1020
0.0
1030
0.0
1001
AcadAnnotative
1000
AnnotativeData
1002
{
1070
     1
1070
     0
1002
}
1001
AcDbBlockRepETag
1070
     1
1071
        5
1005
0
  0
LINE
  5
30E0
330
2F90
100
AcDbEntity
  8
0
  6
Continuous
100
AcDbLine
 10
596.7661798952844
 20
-99.49041336415371
 30
0.0
 11
595.2977282806223
 21
-91.52971326357123
 31
0.0
1001
ACAD
1010
0.0
1020
0.0
1030
0.0
1001
AcadAnnotative
1000
AnnotativeData
1002
{
1070
     1
1070
     0
1002
}
1001
AcDbBlockRepETag
1070
     1
1071
        5
1005
0
  0
LINE
  5
30E1
330
2F90
100
AcDbEntity
  8
0
  6
Continuous
100
AcDbLine
 10
579.1447471137148
 20
-3.961939483238666
 30
0.0
 11
578.413917367875
 21
-0.0000000000943601
 31
0.0
1001
ACAD
1010
0.0
1020
0.0
1030
0.0
1001
AcadAnnotative
1000
AnnotativeData
1002
{
1070
     1
1070
     0
1002
}
1001
AcDbBlockRepETag
1070
     1
1071
        5
1005
0
  0
LINE
  5
30E2
330
2F90
100
AcDbEntity
  8
0
  6
Continuous
100
AcDbLine
 10
686.4821429784374
 20
-100.0
 30
0.0
 11
686.3897846073691
 21
-99.49931118839026
 31
0.0
1001
ACAD
1010
0.0
1020
0.0
1030
0.0
1001
AcadAnnotative
1000
AnnotativeData
1002
{
1070
     1
1070
     0
1002
}
1001
AcDbBlockRepETag
1070
     1
1071
        5
1005
0
  0
LINE
  5
30E3
330
2F90
100
AcDbEntity
  8
0
  6
Continuous
100
AcDbLine
 10
670.2368034404616
 20
-11.93153740805769
 30
0.0
 11
668.7683518257995
 21
-3.970837307475221
 31
0.0
1001
ACAD
1010
0.0
1020
0.0
1030
0.0
1001
AcadAnnotative
1000
AnnotativeData
1002
{
1070
     1
1070
     0
1002
}
1001
AcDbBlockRepETag
1070
     1
1071
        5
1005
0
  0
LINE
  5
30E4
330
2F90
100
AcDbEntity
  8
0
  6
Continuous
100
AcDbLine
 10
761.3288597672071
 20
-19.90113533287695
 30
0.0
 11
759.860408152545
 21
-11.94043523229447
 31
0.0
1001
ACAD
1010
0.0
1020
0.0
1030
0.0
1001
AcadAnnotative
1000
AnnotativeData
1002
{
1070
     1
1070
     0
1002
}
1001
AcDbBlockRepETag
1070
     1
1071
        5
1005
0
  0
LINE
  5
30E5
330
2F90
100
AcDbEntity
  8
0
  6
Continuous
100
AcDbLine
 10
852.4209160939536
 20
-27.87073325769075
 30
0.0
 11
850.9524644792914
 21
-19.91003315710827
 31
0.0
1001
ACAD
1010
0.0
1020
0.0
1030
0.0
1001
AcadAnnotative
1000
AnnotativeData
1002
{
1070
     1
1070
     0
1002
}
1001
AcDbBlockRepETag
1070
     1
1071
        5
1005
0
  0
LINE
  5
30E6
330
2F90
100
AcDbEntity
  8
0
  6
Continuous
100
AcDbLine
 10
943.5129724207008
 20
-35.84033118251
 30
0.0
 11
942.0445208060387
 21
-27.87963108192753
 31
0.0
1001
ACAD
1010
0.0
1020
0.0
1030
0.0
1001
AcadAnnotative
1000
AnnotativeData
1002
{
1070
     1
1070
     0
1002
}
1001
AcDbBlockRepETag
1070
     1
1071
        5
1005
0
  0
LINE
  5
30E8
330
2F90
100
AcDbEntity
  8
0
  6
Continuous
100
AcDbLine
 10
168.7418642063226
 20
-22.1978564238982
 30
0.0
 11
178.6337031260859
 21
-11.88843456641984
 31
0.0
1001
ACAD
1010
0.0
1020
0.0
1030
0.0
1001
AcadAnnotative
1000
AnnotativeData
1002
{
1070
     1
1070
     0
1002
}
1001
AcDbBlockRepETag
1070
     1
1071
        5
1005
0
  0
LINE
  5
30E9
330
2F90
100
AcDbEntity
  8
0
  6
Continuous
100
AcDbLine
 10
304.2813846523891
 20
-43.21902039026281
 30
0.0
 11
314.1732235721524
 21
-32.90959853278446
 31
0.0
1001
ACAD
1010
0.0
1020
0.0
1030
0.0
1001
AcadAnnotative
1000
AnnotativeData
1002
{
1070
     1
1070
     0
1002
}
1001
AcDbBlockRepETag
1070
     1
1071
        5
1005
0
  0
LINE
  5
30EA
330
2F90
100
AcDbEntity
  8
0
  6
Continuous
100
AcDbLine
 10
439.8209050984528
 20
-64.24018435662697
 30
0.0
 11
449.7127440182161
 21
-53.93076249914861
 31
0.0
1001
ACAD
1010
0.0
1020
0.0
1030
0.0
1001
AcadAnnotative
1000
AnnotativeData
1002
{
1070
     1
1070
     0
1002
}
1001
AcDbBlockRepETag
1070
     1
1071
        5
1005
0
  0
LINE
  5
30EB
330
2F90
100
AcDbEntity
  8
0
  6
Continuous
100
AcDbLine
 10
575.3604255445184
 20
-85.26134832299067
 30
0.0
 11
585.2522644642817
 21
-74.95192646551231
 31
0.0
1001
ACAD
1010
0.0
1020
0.0
1030
0.0
1001
AcadAnnotative
1000
AnnotativeData
1002
{
1070
     1
1070
     0
1002
}
1001
AcDbBlockRepETag
1070
     1
1071
        5
1005
0
  0
LINE
  5
30EC
330
2F90
100
AcDbEntity
  8
0
  6
Continuous
100
AcDbLine
 10
716.9279852382569
 20
-100.0000000000009
 30
0.0
 11
720.7917849103465
 21
-95.97309043187511
 31
0.0
1001
ACAD
1010
0.0
1020
0.0
1030
0.0
1001
AcadAnnotative
1000
AnnotativeData
1002
{
1070
     1
1070
     0
1002
}
1001
AcDbBlockRepETag
1070
     1
1071
        5
1005
0
  0
LINE
  5
30ED
330
2F90
100
AcDbEntity
  8
0
  6
Continuous
100
AcDbLine
 10
965.1415334738095
 20
-3.590613965977581
 30
0.0
 11
968.5867096890593
 21
0.0000000001875833
 31
0.0
1001
ACAD
1010
0.0
1020
0.0
1030
0.0
1001
AcadAnnotative
1000
AnnotativeData
1002
{
1070
     1
1070
     0
1002
}
1001
AcDbBlockRepETag
1070
     1
1071
        5
1005
0
  0
LINE
  5
30EE
330
2F90
100
AcDbEntity
  8
0
  6
Continuous
100
AcDbLine
 10
44.50529537162128
 20
-2.927512693868493
 30
0.0
 11
44.16472933462364
 21
0.0000000000040927
 31
0.0
1001
ACAD
1010
0.0
1020
0.0
1030
0.0
1001
AcadAnnotative
1000
AnnotativeData
1002
{
1070
     1
1070
     0
1002
}
1001
AcDbBlockRepETag
1070
     1
1071
        5
1005
0
  0
LINE
  5
30EF
330
2F90
100
AcDbEntity
  8
0
  6
Continuous
100
AcDbLine
 10
180.0447157993976
 20
-23.94868828376002
 30
0.0
 11
178.6416047184816
 21
-11.88751642849684
 31
0.0
1001
ACAD
1010
0.0
1020
0.0
1030
0.0
1001
AcadAnnotative
1000
AnnotativeData
1002
{
1070
     1
1070
     0
1002
}
1001
AcDbBlockRepETag
1070
     1
1071
        5
1005
0
  0
LINE
  5
30F0
330
2F90
100
AcDbEntity
  8
0
  6
Continuous
100
AcDbLine
 10
315.5841362271754
 20
-44.96986387365154
 30
0.0
 11
314.1810251462593
 21
-32.90869201838837
 31
0.0
1001
ACAD
1010
0.0
1020
0.0
1030
0.0
1001
AcadAnnotative
1000
AnnotativeData
1002
{
1070
     1
1070
     0
1002
}
1001
AcDbBlockRepETag
1070
     1
1071
        5
1005
0
  0
LINE
  5
30F1
330
2F90
100
AcDbEntity
  8
0
  6
Continuous
100
AcDbLine
 10
451.1235566549516
 20
-65.99103946354467
 30
0.0
 11
449.7204455740357
 21
-53.92986760828148
 31
0.0
1001
ACAD
1010
0.0
1020
0.0
1030
0.0
1001
AcadAnnotative
1000
AnnotativeData
1002
{
1070
     1
1070
     0
1002
}
1001
AcDbBlockRepETag
1070
     1
1071
        5
1005
0
  0
LINE
  5
30F2
330
2F90
100
AcDbEntity
  8
0
  6
Continuous
100
AcDbLine
 10
586.6629770827298
 20
-87.01221505343438
 30
0.0
 11
585.2598660018138
 21
-74.95104319817119
 31
0.0
1001
ACAD
1010
0.0
1020
0.0
1030
0.0
1001
AcadAnnotative
1000
AnnotativeData
1002
{
1070
     1
1070
     0
1002
}
1001
AcDbBlockRepETag
1070
     1
1071
        5
1005
0
  0
LINE
  5
30F3
330
2F90
100
AcDbEntity
  8
0
  6
Continuous
100
AcDbLine
 10
721.2678498923938
 20
-100.0
 30
0.0
 11
720.7992864295897
 21
-95.97221878806294
 31
0.0
1001
ACAD
1010
0.0
1020
0.0
1030
0.0
1001
AcadAnnotative
1000
AnnotativeData
1002
{
1070
     1
1070
     0
1002
}
1001
AcDbBlockRepETag
1070
     1
1071
        5
1005
0
  0
LINE
  5
30F4
330
2F90
100
AcDbEntity
  8
0
  6
Continuous
100
AcDbLine
 10
976.4438849640351
 20
-5.34150393435857
 30
0.0
 11
975.82249232914
 21
0.0000000000056843
 31
0.0
1001
ACAD
1010
0.0
1020
0.0
1030
0.0
1001
AcadAnnotative
1000
AnnotativeData
1002
{
1070
     1
1070
     0
1002
}
1001
AcDbBlockRepETag
1070
     1
1071
        5
1005
0
  0
LINE
  5
30F5
330
2F90
100
AcDbEntity
  8
0
  6
Continuous
100
AcDbLine
 10
965.1470025109883
 20
-3.602212651978334
 30
0.0
 11
976.4419525128264
 21
-5.35396265307645
 31
0.0
1001
ACAD
1010
0.0
1020
0.0
1030
0.0
1001
AcadAnnotative
1000
AnnotativeData
1002
{
1070
     1
1070
     0
1002
}
1001
AcDbBlockRepETag
1070
     1
1071
        5
1005
0
  0
LINE
  5
30F6
330
2F90
100
AcDbEntity
  8
0
  6
Continuous
100
AcDbLine
 10
33.20825623300789
 20
-1.189231577618556
 30
0.0
 11
44.50320623484595
 21
-2.940981578716673
 31
0.0
1001
ACAD
1010
0.0
1020
0.0
1030
0.0
1001
AcadAnnotative
1000
AnnotativeData
1002
{
1070
     1
1070
     0
1002
}
1001
AcDbBlockRepETag
1070
     1
1071
        5
1005
0
  0
LINE
  5
30F7
330
2F90
100
AcDbEntity
  8
0
  6
Continuous
100
AcDbLine
 10
168.7477027739228
 20
-22.21023880547273
 30
0.0
 11
180.0426527757609
 21
-23.96198880657085
 31
0.0
1001
ACAD
1010
0.0
1020
0.0
1030
0.0
1001
AcadAnnotative
1000
AnnotativeData
1002
{
1070
     1
1070
     0
1002
}
1001
AcDbBlockRepETag
1070
     1
1071
        5
1005
0
  0
LINE
  5
30F8
330
2F90
100
AcDbEntity
  8
0
  6
Continuous
100
AcDbLine
 10
304.2871493148378
 20
-43.23124603332689
 30
0.0
 11
315.5820993166758
 21
-44.98299603442501
 31
0.0
1001
ACAD
1010
0.0
1020
0.0
1030
0.0
1001
AcadAnnotative
1000
AnnotativeData
1002
{
1070
     1
1070
     0
1002
}
1001
AcDbBlockRepETag
1070
     1
1071
        5
1005
0
  0
LINE
  5
30F9
330
2F90
100
AcDbEntity
  8
0
  6
Continuous
100
AcDbLine
 10
439.8265958557527
 20
-64.25225326118106
 30
0.0
 11
451.1215458575907
 21
-66.00400326227918
 31
0.0
1001
ACAD
1010
0.0
1020
0.0
1030
0.0
1001
AcadAnnotative
1000
AnnotativeData
1002
{
1070
     1
1070
     0
1002
}
1001
AcDbBlockRepETag
1070
     1
1071
        5
1005
0
  0
LINE
  5
30FA
330
2F90
100
AcDbEntity
  8
0
  6
Continuous
100
AcDbLine
 10
575.3660423966675
 20
-85.27326048903523
 30
0.0
 11
586.6609923985056
 21
-87.02501049013335
 31
0.0
1001
ACAD
1010
0.0
1020
0.0
1030
0.0
1001
AcadAnnotative
1000
AnnotativeData
1002
{
1070
     1
1070
     0
1002
}
1001
AcDbBlockRepETag
1070
     1
1071
        5
1005
0
  0
LINE
  5
30FB
330
2F90
100
AcDbEntity
  8
0
  6
Continuous
100
AcDbLine
 10
94.05739220458235
 20
-3.180388598402942
 30
0.0
 11
102.3425877635818
 21
-0.0000000000679847
 31
0.0
1001
ACAD
1010
0.0
1020
0.0
1030
0.0
1001
AcadAnnotative
1000
AnnotativeData
1002
{
1070
     1
1070
     0
1002
}
1001
AcDbBlockRepETag
1070
     1
1071
        5
1005
0
  0
LINE
  5
30FC
330
2F90
100
AcDbEntity
  8
0
  6
Continuous
100
AcDbLine
 10
63.15634509051915
 20
-95.27444432497418
 30
0.0
 11
72.04869865290493
 21
-91.86098960555524
 31
0.0
1001
ACAD
1010
0.0
1020
0.0
1030
0.0
1001
AcadAnnotative
1000
AnnotativeData
1002
{
1070
     1
1070
     0
1002
}
1001
AcDbBlockRepETag
1070
     1
1071
        5
1005
0
  0
LINE
  5
30FD
330
2F90
100
AcDbEntity
  8
0
  6
Continuous
100
AcDbLine
 10
169.8645878391494
 20
-54.31298769194632
 30
0.0
 11
178.7569414015352
 21
-50.89953297252737
 31
0.0
1001
ACAD
1010
0.0
1020
0.0
1030
0.0
1001
AcadAnnotative
1000
AnnotativeData
1002
{
1070
     1
1070
     0
1002
}
1001
AcDbBlockRepETag
1070
     1
1071
        5
1005
0
  0
LINE
  5
30FE
330
2F90
100
AcDbEntity
  8
0
  6
Continuous
100
AcDbLine
 10
276.5728305877797
 20
-13.35153105891845
 30
0.0
 11
285.4651841501654
 21
-9.938076339499502
 31
0.0
1001
ACAD
1010
0.0
1020
0.0
1030
0.0
1001
AcadAnnotative
1000
AnnotativeData
1002
{
1070
     1
1070
     0
1002
}
1001
AcDbBlockRepETag
1070
     1
1071
        5
1005
0
  0
LINE
  5
30FF
330
2F90
100
AcDbEntity
  8
0
  6
Continuous
100
AcDbLine
 10
352.3800262223431
 20
-64.48413015246297
 30
0.0
 11
361.2723797847289
 21
-61.07067543304402
 31
0.0
1001
ACAD
1010
0.0
1020
0.0
1030
0.0
1001
AcadAnnotative
1000
AnnotativeData
1002
{
1070
     1
1070
     0
1002
}
1001
AcDbBlockRepETag
1070
     1
1071
        5
1005
0
  0
LINE
  5
3100
330
2F90
100
AcDbEntity
  8
0
  6
Continuous
100
AcDbLine
 10
459.0882689709733
 20
-23.5226735194351
 30
0.0
 11
467.9806225333591
 21
-20.10921880001615
 31
0.0
1001
ACAD
1010
0.0
1020
0.0
1030
0.0
1001
AcadAnnotative
1000
AnnotativeData
1002
{
1070
     1
1070
     0
1002
}
1001
AcDbBlockRepETag
1070
     1
1071
        5
1005
0
  0
LINE
  5
3101
330
2F90
100
AcDbEntity
  8
0
  6
Continuous
100
AcDbLine
 10
534.8954646055408
 20
-74.65527261297848
 30
0.0
 11
543.7878181679265
 21
-71.24181789355953
 31
0.0
1001
ACAD
1010
0.0
1020
0.0
1030
0.0
1001
AcadAnnotative
1000
AnnotativeData
1002
{
1070
     1
1070
     0
1002
}
1001
AcDbBlockRepETag
1070
     1
1071
        5
1005
0
  0
LINE
  5
3102
330
2F90
100
AcDbEntity
  8
0
  6
Continuous
100
AcDbLine
 10
641.603707354171
 20
-33.69381597995062
 30
0.0
 11
650.4960609165569
 21
-30.28036126053166
 31
0.0
1001
ACAD
1010
0.0
1020
0.0
1030
0.0
1001
AcadAnnotative
1000
AnnotativeData
1002
{
1070
     1
1070
     0
1002
}
1001
AcDbBlockRepETag
1070
     1
1071
        5
1005
0
  0
LINE
  5
3103
330
2F90
100
AcDbEntity
  8
0
  6
Continuous
100
AcDbLine
 10
717.4109029887381
 20
-84.82641507349468
 30
0.0
 11
726.3032565511239
 21
-81.41296035407572
 31
0.0
1001
ACAD
1010
0.0
1020
0.0
1030
0.0
1001
AcadAnnotative
1000
AnnotativeData
1002
{
1070
     1
1070
     0
1002
}
1001
AcDbBlockRepETag
1070
     1
1071
        5
1005
0
  0
LINE
  5
3104
330
2F90
100
AcDbEntity
  8
0
  6
Continuous
100
AcDbLine
 10
824.1191457373684
 20
-43.8649584404668
 30
0.0
 11
833.0114992997541
 21
-40.45150372104785
 31
0.0
1001
ACAD
1010
0.0
1020
0.0
1030
0.0
1001
AcadAnnotative
1000
AnnotativeData
1002
{
1070
     1
1070
     0
1002
}
1001
AcDbBlockRepETag
1070
     1
1071
        5
1005
0
  0
LINE
  5
3105
330
2F90
100
AcDbEntity
  8
0
  6
Continuous
100
AcDbLine
 10
930.8273884859985
 20
-2.903501807438942
 30
0.0
 11
938.3912692937069
 21
-0.0000000000650289
 31
0.0
1001
ACAD
1010
0.0
1020
0.0
1030
0.0
1001
AcadAnnotative
1000
AnnotativeData
1002
{
1070
     1
1070
     0
1002
}
1001
AcDbBlockRepETag
1070
     1
1071
        5
1005
0
  0
LINE
  5
3106
330
2F90
100
AcDbEntity
  8
0
  6
Continuous
100
AcDbLine
 10
899.926341371936
 20
-94.99755753401041
 30
0.0
 11
908.8186949343217
 21
-91.58410281459145
 31
0.0
1001
ACAD
1010
0.0
1020
0.0
1030
0.0
1001
AcadAnnotative
1000
AnnotativeData
1002
{
1070
     1
1070
     0
1002
}
1001
AcDbBlockRepETag
1070
     1
1071
        5
1005
0
  0
LINE
  5
3107
330
2F90
100
AcDbEntity
  8
0
  6
Continuous
100
AcDbLine
 10
930.8296284388706
 20
-2.898560581579886
 30
0.0
 11
937.1468947417401
 21
-7.159610506027092
 31
0.0
1001
ACAD
1010
0.0
1020
0.0
1030
0.0
1001
AcadAnnotative
1000
AnnotativeData
1002
{
1070
     1
1070
     0
1002
}
1001
AcDbBlockRepETag
1070
     1
1071
        5
1005
0
  0
LINE
  5
3108
330
2F90
100
AcDbEntity
  8
0
  6
Continuous
100
AcDbLine
 10
824.1214186306134
 20
-43.85994454937395
 30
0.0
 11
830.4386849334829
 21
-48.12099447382116
 31
0.0
1001
ACAD
1010
0.0
1020
0.0
1030
0.0
1001
AcadAnnotative
1000
AnnotativeData
1002
{
1070
     1
1070
     0
1002
}
1001
AcDbBlockRepETag
1070
     1
1071
        5
1005
0
  0
LINE
  5
3109
330
2F90
100
AcDbEntity
  8
0
  6
Continuous
100
AcDbLine
 10
899.9286142650461
 20
-94.99254364273907
 30
0.0
 11
906.2458805679156
 21
-99.25359356718628
 31
0.0
1001
ACAD
1010
0.0
1020
0.0
1030
0.0
1001
AcadAnnotative
1000
AnnotativeData
1002
{
1070
     1
1070
     0
1002
}
1001
AcDbBlockRepETag
1070
     1
1071
        5
1005
0
  0
LINE
  5
310A
330
2F90
100
AcDbEntity
  8
0
  6
Continuous
100
AcDbLine
 10
641.6060131879248
 20
-33.68872942380426
 30
0.0
 11
647.9232794907943
 21
-37.94977934825147
 31
0.0
1001
ACAD
1010
0.0
1020
0.0
1030
0.0
1001
AcadAnnotative
1000
AnnotativeData
1002
{
1070
     1
1070
     0
1002
}
1001
AcDbBlockRepETag
1070
     1
1071
        5
1005
0
  0
LINE
  5
310B
330
2F90
100
AcDbEntity
  8
0
  6
Continuous
100
AcDbLine
 10
717.4132088223577
 20
-84.82132851716938
 30
0.0
 11
723.7304751252272
 21
-89.08237844161659
 31
0.0
1001
ACAD
1010
0.0
1020
0.0
1030
0.0
1001
AcadAnnotative
1000
AnnotativeData
1002
{
1070
     1
1070
     0
1002
}
1001
AcDbBlockRepETag
1070
     1
1071
        5
1005
0
  0
LINE
  5
310C
330
2F90
100
AcDbEntity
  8
0
  6
Continuous
100
AcDbLine
 10
459.090607745235
 20
-23.51751429823298
 30
0.0
 11
465.4078740481045
 21
-27.77856422267996
 31
0.0
1001
ACAD
1010
0.0
1020
0.0
1030
0.0
1001
AcadAnnotative
1000
AnnotativeData
1002
{
1070
     1
1070
     0
1002
}
1001
AcDbBlockRepETag
1070
     1
1071
        5
1005
0
  0
LINE
  5
310D
330
2F90
100
AcDbEntity
  8
0
  6
Continuous
100
AcDbLine
 10
534.8978033796679
 20
-74.65011339159786
 30
0.0
 11
541.2150696825374
 21
-78.91116331604507
 31
0.0
1001
ACAD
1010
0.0
1020
0.0
1030
0.0
1001
AcadAnnotative
1000
AnnotativeData
1002
{
1070
     1
1070
     0
1002
}
1001
AcDbBlockRepETag
1070
     1
1071
        5
1005
0
  0
LINE
  5
310E
330
2F90
100
AcDbEntity
  8
0
  6
Continuous
100
AcDbLine
 10
276.5752023025448
 20
-13.34629917266284
 30
0.0
 11
282.8924686054143
 21
-17.60734909710982
 31
0.0
1001
ACAD
1010
0.0
1020
0.0
1030
0.0
1001
AcadAnnotative
1000
AnnotativeData
1002
{
1070
     1
1070
     0
1002
}
1001
AcDbBlockRepETag
1070
     1
1071
        5
1005
0
  0
LINE
  5
310F
330
2F90
100
AcDbEntity
  8
0
  6
Continuous
100
AcDbLine
 10
352.3823979369776
 20
-64.47889826602772
 30
0.0
 11
358.6996642398471
 21
-68.73994819047493
 31
0.0
1001
ACAD
1010
0.0
1020
0.0
1030
0.0
1001
AcadAnnotative
1000
AnnotativeData
1002
{
1070
     1
1070
     0
1002
}
1001
AcDbBlockRepETag
1070
     1
1071
        5
1005
0
  0
LINE
  5
3110
330
2F90
100
AcDbEntity
  8
0
  6
Continuous
100
AcDbLine
 10
94.0597968598554
 20
-3.175084047092923
 30
0.0
 11
100.3770631627248
 21
-7.43613397154013
 31
0.0
1001
ACAD
1010
0.0
1020
0.0
1030
0.0
1001
AcadAnnotative
1000
AnnotativeData
1002
{
1070
     1
1070
     0
1002
}
1001
AcDbBlockRepETag
1070
     1
1071
        5
1005
0
  0
LINE
  5
3111
330
2F90
100
AcDbEntity
  8
0
  6
Continuous
100
AcDbLine
 10
169.8669924942883
 20
-54.30768314045804
 30
0.0
 11
176.1842587971577
 21
-58.56873306490524
 31
0.0
1001
ACAD
1010
0.0
1020
0.0
1030
0.0
1001
AcadAnnotative
1000
AnnotativeData
1002
{
1070
     1
1070
     0
1002
}
1001
AcDbBlockRepETag
1070
     1
1071
        5
1005
0
  0
LINE
  5
3112
330
2F90
100
AcDbEntity
  8
0
  6
Continuous
100
AcDbLine
 10
63.15878268603364
 20
-95.26906710825347
 30
0.0
 11
69.47604898890313
 21
-99.53011703270068
 31
0.0
1001
ACAD
1010
0.0
1020
0.0
1030
0.0
1001
AcadAnnotative
1000
AnnotativeData
1002
{
1070
     1
1070
     0
1002
}
1001
AcDbBlockRepETag
1070
     1
1071
        5
1005
0
  0
LINE
  5
3113
330
2F90
100
AcDbEntity
  8
0
  6
Continuous
100
AcDbLine
 10
69.47650099845259
 20
-99.53032430198028
 30
0.0
 11
72.05158822976319
 21
-91.85581962824654
 31
0.0
1001
ACAD
1010
0.0
1020
0.0
1030
0.0
1001
AcadAnnotative
1000
AnnotativeData
1002
{
1070
     1
1070
     0
1002
}
1001
AcDbBlockRepETag
1070
     1
1071
        5
1005
0
  0
LINE
  5
3114
330
2F90
100
AcDbEntity
  8
0
  6
Continuous
100
AcDbLine
 10
100.3775224527667
 20
-7.436343682307096
 30
0.0
 11
102.8726976435873
 21
-0.0000000000804903
 31
0.0
1001
ACAD
1010
0.0
1020
0.0
1030
0.0
1001
AcadAnnotative
1000
AnnotativeData
1002
{
1070
     1
1070
     0
1002
}
1001
AcDbBlockRepETag
1070
     1
1071
        5
1005
0
  0
LINE
  5
3115
330
2F90
100
AcDbEntity
  8
0
  6
Continuous
100
AcDbLine
 10
176.1847106378113
 20
-58.56893985902889
 30
0.0
 11
178.7597978691219
 21
-50.89443518529515
 31
0.0
1001
ACAD
1010
0.0
1020
0.0
1030
0.0
1001
AcadAnnotative
1000
AnnotativeData
1002
{
1070
     1
1070
     0
1002
}
1001
AcDbBlockRepETag
1070
     1
1071
        5
1005
0
  0
LINE
  5
3116
330
2F90
100
AcDbEntity
  8
0
  6
Continuous
100
AcDbLine
 10
282.8929202771687
 20
-17.60755541607568
 30
0.0
 11
285.4680075084793
 21
-9.933050742341947
 31
0.0
1001
ACAD
1010
0.0
1020
0.0
1030
0.0
1001
AcadAnnotative
1000
AnnotativeData
1002
{
1070
     1
1070
     0
1002
}
1001
AcDbBlockRepETag
1070
     1
1071
        5
1005
0
  0
LINE
  5
3117
330
2F90
100
AcDbEntity
  8
0
  6
Continuous
100
AcDbLine
 10
358.7001084622125
 20
-68.74015159279611
 30
0.0
 11
361.2751956935231
 21
-61.06564691906237
 31
0.0
1001
ACAD
1010
0.0
1020
0.0
1030
0.0
1001
AcadAnnotative
1000
AnnotativeData
1002
{
1070
     1
1070
     0
1002
}
1001
AcDbBlockRepETag
1070
     1
1071
        5
1005
0
  0
LINE
  5
3118
330
2F90
100
AcDbEntity
  8
0
  6
Continuous
100
AcDbLine
 10
465.4083181015721
 20
-27.77876714984336
 30
0.0
 11
467.9834053328827
 21
-20.10426247610963
 31
0.0
1001
ACAD
1010
0.0
1020
0.0
1030
0.0
1001
AcadAnnotative
1000
AnnotativeData
1002
{
1070
     1
1070
     0
1002
}
1001
AcDbBlockRepETag
1070
     1
1071
        5
1005
0
  0
LINE
  5
3119
330
2F90
100
AcDbEntity
  8
0
  6
Continuous
100
AcDbLine
 10
541.2155062866149
 20
-78.91136332656447
 30
0.0
 11
543.7905935179255
 21
-71.23685865283073
 31
0.0
1001
ACAD
1010
0.0
1020
0.0
1030
0.0
1001
AcadAnnotative
1000
AnnotativeData
1002
{
1070
     1
1070
     0
1002
}
1001
AcDbBlockRepETag
1070
     1
1071
        5
1005
0
  0
LINE
  5
311A
330
2F90
100
AcDbEntity
  8
0
  6
Continuous
100
AcDbLine
 10
647.9237159259732
 20
-37.94997888361081
 30
0.0
 11
650.4988031572838
 21
-30.27547420987708
 31
0.0
1001
ACAD
1010
0.0
1020
0.0
1030
0.0
1001
AcadAnnotative
1000
AnnotativeData
1002
{
1070
     1
1070
     0
1002
}
1001
AcDbBlockRepETag
1070
     1
1071
        5
1005
0
  0
LINE
  5
311B
330
2F90
100
AcDbEntity
  8
0
  6
Continuous
100
AcDbLine
 10
723.7309041110184
 20
-89.08257506033169
 30
0.0
 11
726.305991342329
 21
-81.40807038659795
 31
0.0
1001
ACAD
1010
0.0
1020
0.0
1030
0.0
1001
AcadAnnotative
1000
AnnotativeData
1002
{
1070
     1
1070
     0
1002
}
1001
AcDbBlockRepETag
1070
     1
1071
        5
1005
0
  0
LINE
  5
311C
330
2F90
100
AcDbEntity
  8
0
  6
Continuous
100
AcDbLine
 10
830.4391137503758
 20
-48.1211906173794
 30
0.0
 11
833.0142009816864
 21
-40.44668594364566
 31
0.0
1001
ACAD
1010
0.0
1020
0.0
1030
0.0
1001
AcadAnnotative
1000
AnnotativeData
1002
{
1070
     1
1070
     0
1002
}
1001
AcDbBlockRepETag
1070
     1
1071
        5
1005
0
  0
LINE
  5
311D
330
2F90
100
AcDbEntity
  8
0
  6
Continuous
100
AcDbLine
 10
906.2463019354195
 20
-99.25378679409982
 30
0.0
 11
908.8213891667301
 21
-91.57928212036608
 31
0.0
1001
ACAD
1010
0.0
1020
0.0
1030
0.0
1001
AcadAnnotative
1000
AnnotativeData
1002
{
1070
     1
1070
     0
1002
}
1001
AcDbBlockRepETag
1070
     1
1071
        5
1005
0
  0
LINE
  5
311E
330
2F90
100
AcDbEntity
  8
0
  6
Continuous
100
AcDbLine
 10
937.1473233897336
 20
-7.159806174426648
 30
0.0
 11
939.5497097641046
 21
-0.0000000000775344
 31
0.0
1001
ACAD
1010
0.0
1020
0.0
1030
0.0
1001
AcadAnnotative
1000
AnnotativeData
1002
{
1070
     1
1070
     0
1002
}
1001
AcDbBlockRepETag
1070
     1
1071
        5
1005
0
  0
LINE
  5
3120
330
2F90
100
AcDbEntity
  8
0
  6
Continuous
100
AcDbLine
 10
48.20388706091353
 20
-18.26168000355255
 30
0.0
 11
48.20388706091353
 21
-18.26168000355255
 31
0.0
1001
ACAD
1010
0.0
1020
0.0
1030
0.0
1001
AcadAnnotative
1000
AnnotativeData
1002
{
1070
     1
1070
     0
1002
}
1001
AcDbBlockRepETag
1070
     1
1071
        5
1005
0
  0
LINE
  5
3121
330
2F90
100
AcDbEntity
  8
0
  6
Continuous
100
AcDbLine
 10
46.65958543561737
 20
-60.53919944013092
 30
0.0
 11
46.65958543561737
 21
-60.53919944013092
 31
0.0
1001
ACAD
1010
0.0
1020
0.0
1030
0.0
1001
AcadAnnotative
1000
AnnotativeData
1002
{
1070
     1
1070
     0
1002
}
1001
AcDbBlockRepETag
1070
     1
1071
        5
1005
0
  0
LINE
  5
3122
330
2F90
100
AcDbEntity
  8
0
  6
Continuous
100
AcDbLine
 10
114.1660211609987
 20
-8.739689445778822
 30
0.0
 11
114.1660211609987
 21
-8.739689445778822
 31
0.0
1001
ACAD
1010
0.0
1020
0.0
1030
0.0
1001
AcadAnnotative
1000
AnnotativeData
1002
{
1070
     1
1070
     0
1002
}
1001
AcDbBlockRepETag
1070
     1
1071
        5
1005
0
  0
LINE
  5
3123
330
2F90
100
AcDbEntity
  8
0
  6
Continuous
100
AcDbLine
 10
112.621719535703
 20
-51.0172088823549
 30
0.0
 11
112.621719535703
 21
-51.0172088823549
 31
0.0
1001
ACAD
1010
0.0
1020
0.0
1030
0.0
1001
AcadAnnotative
1000
AnnotativeData
1002
{
1070
     1
1070
     0
1002
}
1001
AcDbBlockRepETag
1070
     1
1071
        5
1005
0
  0
LINE
  5
3124
330
2F90
100
AcDbEntity
  8
0
  6
Continuous
100
AcDbLine
 10
111.0774179104055
 20
-93.29472831893168
 30
0.0
 11
111.0774179104055
 21
-93.29472831893168
 31
0.0
1001
ACAD
1010
0.0
1020
0.0
1030
0.0
1001
AcadAnnotative
1000
AnnotativeData
1002
{
1070
     1
1070
     0
1002
}
1001
AcDbBlockRepETag
1070
     1
1071
        5
1005
0
  0
LINE
  5
3125
330
2F90
100
AcDbEntity
  8
0
  6
Continuous
100
AcDbLine
 10
177.8281845791593
 20
-42.07506358571049
 30
0.0
 11
177.8281845791593
 21
-42.07506358571049
 31
0.0
1001
ACAD
1010
0.0
1020
0.0
1030
0.0
1001
AcadAnnotative
1000
AnnotativeData
1002
{
1070
     1
1070
     0
1002
}
1001
AcDbBlockRepETag
1070
     1
1071
        5
1005
0
  0
LINE
  5
3126
330
2F90
100
AcDbEntity
  8
0
  6
Continuous
100
AcDbLine
 10
176.2838829538659
 20
-84.35258302228476
 30
0.0
 11
176.2838829538659
 21
-84.35258302228476
 31
0.0
1001
ACAD
1010
0.0
1020
0.0
1030
0.0
1001
AcadAnnotative
1000
AnnotativeData
1002
{
1070
     1
1070
     0
1002
}
1001
AcDbBlockRepETag
1070
     1
1071
        5
1005
0
  0
LINE
  5
3127
330
2F90
100
AcDbEntity
  8
0
  6
Continuous
100
AcDbLine
 10
241.9767129433412
 20
-33.94470165464668
 30
0.0
 11
241.9767129433412
 21
-33.94470165464668
 31
0.0
1001
ACAD
1010
0.0
1020
0.0
1030
0.0
1001
AcadAnnotative
1000
AnnotativeData
1002
{
1070
     1
1070
     0
1002
}
1001
AcDbBlockRepETag
1070
     1
1071
        5
1005
0
  0
LINE
  5
3128
330
2F90
100
AcDbEntity
  8
0
  6
Continuous
100
AcDbLine
 10
240.4324113180432
 20
-76.22222109122481
 30
0.0
 11
240.4324113180432
 21
-76.22222109122481
 31
0.0
1001
ACAD
1010
0.0
1020
0.0
1030
0.0
1001
AcadAnnotative
1000
AnnotativeData
1002
{
1070
     1
1070
     0
1002
}
1001
AcDbBlockRepETag
1070
     1
1071
        5
1005
0
  0
LINE
  5
3129
330
2F90
100
AcDbEntity
  8
0
  6
Continuous
100
AcDbLine
 10
307.9388470434246
 20
-24.42271109687272
 30
0.0
 11
307.9388470434246
 21
-24.42271109687272
 31
0.0
1001
ACAD
1010
0.0
1020
0.0
1030
0.0
1001
AcadAnnotative
1000
AnnotativeData
1002
{
1070
     1
1070
     0
1002
}
1001
AcDbBlockRepETag
1070
     1
1071
        5
1005
0
  0
LINE
  5
312A
330
2F90
100
AcDbEntity
  8
0
  6
Continuous
100
AcDbLine
 10
306.3945454181289
 20
-66.70023053344926
 30
0.0
 11
306.3945454181289
 21
-66.70023053344926
 31
0.0
1001
ACAD
1010
0.0
1020
0.0
1030
0.0
1001
AcadAnnotative
1000
AnnotativeData
1002
{
1070
     1
1070
     0
1002
}
1001
AcDbBlockRepETag
1070
     1
1071
        5
1005
0
  0
LINE
  5
312B
330
2F90
100
AcDbEntity
  8
0
  6
Continuous
100
AcDbLine
 10
373.1453120868828
 20
-15.48056580022808
 30
0.0
 11
373.1453120868828
 21
-15.48056580022808
 31
0.0
1001
ACAD
1010
0.0
1020
0.0
1030
0.0
1001
AcadAnnotative
1000
AnnotativeData
1002
{
1070
     1
1070
     0
1002
}
1001
AcDbBlockRepETag
1070
     1
1071
        5
1005
0
  0
LINE
  5
312C
330
2F90
100
AcDbEntity
  8
0
  6
Continuous
100
AcDbLine
 10
371.6010104615889
 20
-57.75808523680371
 30
0.0
 11
371.6010104615889
 21
-57.75808523680371
 31
0.0
1001
ACAD
1010
0.0
1020
0.0
1030
0.0
1001
AcadAnnotative
1000
AnnotativeData
1002
{
1070
     1
1070
     0
1002
}
1001
AcDbBlockRepETag
1070
     1
1071
        5
1005
0
  0
LINE
  5
312D
330
2F90
100
AcDbEntity
  8
0
  6
Continuous
100
AcDbLine
 10
437.2938404510641
 20
-7.350203869165625
 30
0.0
 11
437.2938404510641
 21
-7.350203869165625
 31
0.0
1001
ACAD
1010
0.0
1020
0.0
1030
0.0
1001
AcadAnnotative
1000
AnnotativeData
1002
{
1070
     1
1070
     0
1002
}
1001
AcDbBlockRepETag
1070
     1
1071
        5
1005
0
  0
LINE
  5
312E
330
2F90
100
AcDbEntity
  8
0
  6
Continuous
100
AcDbLine
 10
435.7495388257702
 20
-49.62772330574125
 30
0.0
 11
435.7495388257702
 21
-49.62772330574125
 31
0.0
1001
ACAD
1010
0.0
1020
0.0
1030
0.0
1001
AcadAnnotative
1000
AnnotativeData
1002
{
1070
     1
1070
     0
1002
}
1001
AcDbBlockRepETag
1070
     1
1071
        5
1005
0
  0
LINE
  5
312F
330
2F90
100
AcDbEntity
  8
0
  6
Continuous
100
AcDbLine
 10
434.2052372004696
 20
-91.90524274232007
 30
0.0
 11
434.2052372004696
 21
-91.90524274232007
 31
0.0
1001
ACAD
1010
0.0
1020
0.0
1030
0.0
1001
AcadAnnotative
1000
AnnotativeData
1002
{
1070
     1
1070
     0
1002
}
1001
AcDbBlockRepETag
1070
     1
1071
        5
1005
0
  0
LINE
  5
3130
330
2F90
100
AcDbEntity
  8
0
  6
Continuous
100
AcDbLine
 10
501.711672925851
 20
-40.10573274796797
 30
0.0
 11
501.711672925851
 21
-40.10573274796797
 31
0.0
1001
ACAD
1010
0.0
1020
0.0
1030
0.0
1001
AcadAnnotative
1000
AnnotativeData
1002
{
1070
     1
1070
     0
1002
}
1001
AcDbBlockRepETag
1070
     1
1071
        5
1005
0
  0
LINE
  5
3131
330
2F90
100
AcDbEntity
  8
0
  6
Continuous
100
AcDbLine
 10
500.1673713005565
 20
-82.38325218454269
 30
0.0
 11
500.1673713005565
 21
-82.38325218454269
 31
0.0
1001
ACAD
1010
0.0
1020
0.0
1030
0.0
1001
AcadAnnotative
1000
AnnotativeData
1002
{
1070
     1
1070
     0
1002
}
1001
AcDbBlockRepETag
1070
     1
1071
        5
1005
0
  0
LINE
  5
3132
330
2F90
100
AcDbEntity
  8
0
  6
Continuous
100
AcDbLine
 10
566.9181379693104
 20
-31.16358745132152
 30
0.0
 11
566.9181379693104
 21
-31.16358745132152
 31
0.0
1001
ACAD
1010
0.0
1020
0.0
1030
0.0
1001
AcadAnnotative
1000
AnnotativeData
1002
{
1070
     1
1070
     0
1002
}
1001
AcDbBlockRepETag
1070
     1
1071
        5
1005
0
  0
LINE
  5
3133
330
2F90
100
AcDbEntity
  8
0
  6
Continuous
100
AcDbLine
 10
565.3738363440139
 20
-73.44110688789783
 30
0.0
 11
565.3738363440139
 21
-73.44110688789783
 31
0.0
1001
ACAD
1010
0.0
1020
0.0
1030
0.0
1001
AcadAnnotative
1000
AnnotativeData
1002
{
1070
     1
1070
     0
1002
}
1001
AcDbBlockRepETag
1070
     1
1071
        5
1005
0
  0
LINE
  5
3134
330
2F90
100
AcDbEntity
  8
0
  6
Continuous
100
AcDbLine
 10
631.0666663334891
 20
-23.03322552025975
 30
0.0
 11
631.0666663334891
 21
-23.03322552025975
 31
0.0
1001
ACAD
1010
0.0
1020
0.0
1030
0.0
1001
AcadAnnotative
1000
AnnotativeData
1002
{
1070
     1
1070
     0
1002
}
1001
AcDbBlockRepETag
1070
     1
1071
        5
1005
0
  0
LINE
  5
3135
330
2F90
100
AcDbEntity
  8
0
  6
Continuous
100
AcDbLine
 10
629.522364708193
 20
-65.31074495683697
 30
0.0
 11
629.522364708193
 21
-65.31074495683697
 31
0.0
1001
ACAD
1010
0.0
1020
0.0
1030
0.0
1001
AcadAnnotative
1000
AnnotativeData
1002
{
1070
     1
1070
     0
1002
}
1001
AcDbBlockRepETag
1070
     1
1071
        5
1005
0
  0
LINE
  5
3136
330
2F90
100
AcDbEntity
  8
0
  6
Continuous
100
AcDbLine
 10
697.0288004335743
 20
-13.51123496248488
 30
0.0
 11
697.0288004335743
 21
-13.51123496248488
 31
0.0
1001
ACAD
1010
0.0
1020
0.0
1030
0.0
1001
AcadAnnotative
1000
AnnotativeData
1002
{
1070
     1
1070
     0
1002
}
1001
AcDbBlockRepETag
1070
     1
1071
        5
1005
0
  0
LINE
  5
3137
330
2F90
100
AcDbEntity
  8
0
  6
Continuous
100
AcDbLine
 10
695.4844988082773
 20
-55.78875439906255
 30
0.0
 11
695.4844988082773
 21
-55.78875439906255
 31
0.0
1001
ACAD
1010
0.0
1020
0.0
1030
0.0
1001
AcadAnnotative
1000
AnnotativeData
1002
{
1070
     1
1070
     0
1002
}
1001
AcDbBlockRepETag
1070
     1
1071
        5
1005
0
  0
LINE
  5
3138
330
2F90
100
AcDbEntity
  8
0
  6
Continuous
100
AcDbLine
 10
762.2352654770311
 20
-4.569089665841374
 30
0.0
 11
762.2352654770311
 21
-4.569089665841374
 31
0.0
1001
ACAD
1010
0.0
1020
0.0
1030
0.0
1001
AcadAnnotative
1000
AnnotativeData
1002
{
1070
     1
1070
     0
1002
}
1001
AcDbBlockRepETag
1070
     1
1071
        5
1005
0
  0
LINE
  5
3139
330
2F90
100
AcDbEntity
  8
0
  6
Continuous
100
AcDbLine
 10
693.9401971829838
 20
-98.06627383563796
 30
0.0
 11
693.9401971829838
 21
-98.06627383563796
 31
0.0
1001
ACAD
1010
0.0
1020
0.0
1030
0.0
1001
AcadAnnotative
1000
AnnotativeData
1002
{
1070
     1
1070
     0
1002
}
1001
AcDbBlockRepETag
1070
     1
1071
        5
1005
0
  0
LINE
  5
313A
330
2F90
100
AcDbEntity
  8
0
  6
Continuous
100
AcDbLine
 10
760.6909638517377
 20
-46.84660910241677
 30
0.0
 11
760.6909638517377
 21
-46.84660910241677
 31
0.0
1001
ACAD
1010
0.0
1020
0.0
1030
0.0
1001
AcadAnnotative
1000
AnnotativeData
1002
{
1070
     1
1070
     0
1002
}
1001
AcDbBlockRepETag
1070
     1
1071
        5
1005
0
  0
LINE
  5
313B
330
2F90
100
AcDbEntity
  8
0
  6
Continuous
100
AcDbLine
 10
759.1466622264392
 20
-89.12412853899468
 30
0.0
 11
759.1466622264392
 21
-89.12412853899468
 31
0.0
1001
ACAD
1010
0.0
1020
0.0
1030
0.0
1001
AcadAnnotative
1000
AnnotativeData
1002
{
1070
     1
1070
     0
1002
}
1001
AcDbBlockRepETag
1070
     1
1071
        5
1005
0
  0
LINE
  5
313C
330
2F90
100
AcDbEntity
  8
0
  6
Continuous
100
AcDbLine
 10
824.8394922159146
 20
-38.7162471713566
 30
0.0
 11
824.8394922159146
 21
-38.7162471713566
 31
0.0
1001
ACAD
1010
0.0
1020
0.0
1030
0.0
1001
AcadAnnotative
1000
AnnotativeData
1002
{
1070
     1
1070
     0
1002
}
1001
AcDbBlockRepETag
1070
     1
1071
        5
1005
0
  0
LINE
  5
313D
330
2F90
100
AcDbEntity
  8
0
  6
Continuous
100
AcDbLine
 10
823.2951905906215
 20
-80.99376660793087
 30
0.0
 11
823.2951905906215
 21
-80.99376660793087
 31
0.0
1001
ACAD
1010
0.0
1020
0.0
1030
0.0
1001
AcadAnnotative
1000
AnnotativeData
1002
{
1070
     1
1070
     0
1002
}
1001
AcDbBlockRepETag
1070
     1
1071
        5
1005
0
  0
LINE
  5
313E
330
2F90
100
AcDbEntity
  8
0
  6
Continuous
100
AcDbLine
 10
890.801626316003
 20
-29.19425661357877
 30
0.0
 11
890.801626316003
 21
-29.19425661357877
 31
0.0
1001
ACAD
1010
0.0
1020
0.0
1030
0.0
1001
AcadAnnotative
1000
AnnotativeData
1002
{
1070
     1
1070
     0
1002
}
1001
AcDbBlockRepETag
1070
     1
1071
        5
1005
0
  0
LINE
  5
313F
330
2F90
100
AcDbEntity
  8
0
  6
Continuous
100
AcDbLine
 10
889.2573246907064
 20
-71.47177605015485
 30
0.0
 11
889.2573246907064
 21
-71.47177605015485
 31
0.0
1001
ACAD
1010
0.0
1020
0.0
1030
0.0
1001
AcadAnnotative
1000
AnnotativeData
1002
{
1070
     1
1070
     0
1002
}
1001
AcDbBlockRepETag
1070
     1
1071
        5
1005
0
  0
LINE
  5
3140
330
2F90
100
AcDbEntity
  8
0
  6
Continuous
100
AcDbLine
 10
956.0080913594601
 20
-20.25211131693368
 30
0.0
 11
956.0080913594601
 21
-20.25211131693368
 31
0.0
1001
ACAD
1010
0.0
1020
0.0
1030
0.0
1001
AcadAnnotative
1000
AnnotativeData
1002
{
1070
     1
1070
     0
1002
}
1001
AcDbBlockRepETag
1070
     1
1071
        5
1005
0
  0
LINE
  5
3141
330
2F90
100
AcDbEntity
  8
0
  6
Continuous
100
AcDbLine
 10
954.4637897341635
 20
-62.52963075351181
 30
0.0
 11
954.4637897341635
 21
-62.52963075351181
 31
0.0
1001
ACAD
1010
0.0
1020
0.0
1030
0.0
1001
AcadAnnotative
1000
AnnotativeData
1002
{
1070
     1
1070
     0
1002
}
1001
AcDbBlockRepETag
1070
     1
1071
        5
1005
0
  0
LINE
  5
3142
330
2F90
100
AcDbEntity
  8
0
  6
Continuous
100
AcDbLine
 10
95.33754872265262
 20
-31.90897471257859
 30
0.0
 11
95.33754872265262
 21
-31.90897471257859
 31
0.0
1001
ACAD
1010
0.0
1020
0.0
1030
0.0
1001
AcadAnnotative
1000
AnnotativeData
1002
{
1070
     1
1070
     0
1002
}
1001
AcDbBlockRepETag
1070
     1
1071
        5
1005
0
  0
LINE
  5
3143
330
2F90
100
AcDbEntity
  8
0
  6
Continuous
100
AcDbLine
 10
175.5444465629325
 20
-21.34953628816857
 30
0.0
 11
175.5444465629325
 21
-21.34953628816857
 31
0.0
1001
ACAD
1010
0.0
1020
0.0
1030
0.0
1001
AcadAnnotative
1000
AnnotativeData
1002
{
1070
     1
1070
     0
1002
}
1001
AcDbBlockRepETag
1070
     1
1071
        5
1005
0
  0
LINE
  5
3144
330
2F90
100
AcDbEntity
  8
0
  6
Continuous
100
AcDbLine
 10
207.337604655037
 20
-17.16388761915209
 30
0.0
 11
207.337604655037
 21
-17.16388761915209
 31
0.0
1001
ACAD
1010
0.0
1020
0.0
1030
0.0
1001
AcadAnnotative
1000
AnnotativeData
1002
{
1070
     1
1070
     0
1002
}
1001
AcDbBlockRepETag
1070
     1
1071
        5
1005
0
  0
LINE
  5
3145
330
2F90
100
AcDbEntity
  8
0
  6
Continuous
100
AcDbLine
 10
255.4365606597262
 20
-10.8315399297885
 30
0.0
 11
255.4365606597262
 21
-10.8315399297885
 31
0.0
1001
ACAD
1010
0.0
1020
0.0
1030
0.0
1001
AcadAnnotative
1000
AnnotativeData
1002
{
1070
     1
1070
     0
1002
}
1001
AcDbBlockRepETag
1070
     1
1071
        5
1005
0
  0
LINE
  5
3146
330
2F90
100
AcDbEntity
  8
0
  6
Continuous
100
AcDbLine
 10
335.6434585000061
 20
-0.2721015053784868
 30
0.0
 11
335.6434585000061
 21
-0.2721015053784868
 31
0.0
1001
ACAD
1010
0.0
1020
0.0
1030
0.0
1001
AcadAnnotative
1000
AnnotativeData
1002
{
1070
     1
1070
     0
1002
}
1001
AcDbBlockRepETag
1070
     1
1071
        5
1005
0
  0
LINE
  5
3148
330
2F90
100
AcDbEntity
  8
0
  6
Continuous
100
AcDbLine
 10
61.92771746750214
 20
-81.99926212163815
 30
0.0
 11
61.92771746750214
 21
-81.99926212163815
 31
0.0
1001
ACAD
1010
0.0
1020
0.0
1030
0.0
1001
AcadAnnotative
1000
AnnotativeData
1002
{
1070
     1
1070
     0
1002
}
1001
AcDbBlockRepETag
1070
     1
1071
        5
1005
0
  0
LINE
  5
3149
330
2F90
100
AcDbEntity
  8
0
  6
Continuous
100
AcDbLine
 10
142.134615307782
 20
-71.43982369722812
 30
0.0
 11
142.134615307782
 21
-71.43982369722812
 31
0.0
1001
ACAD
1010
0.0
1020
0.0
1030
0.0
1001
AcadAnnotative
1000
AnnotativeData
1002
{
1070
     1
1070
     0
1002
}
1001
AcDbBlockRepETag
1070
     1
1071
        5
1005
0
  0
LINE
  5
314A
330
2F90
100
AcDbEntity
  8
0
  6
Continuous
100
AcDbLine
 10
173.9277733998865
 20
-67.25417502821165
 30
0.0
 11
173.9277733998865
 21
-67.25417502821165
 31
0.0
1001
ACAD
1010
0.0
1020
0.0
1030
0.0
1001
AcadAnnotative
1000
AnnotativeData
1002
{
1070
     1
1070
     0
1002
}
1001
AcDbBlockRepETag
1070
     1
1071
        5
1005
0
  0
LINE
  5
314B
330
2F90
100
AcDbEntity
  8
0
  6
Continuous
100
AcDbLine
 10
222.0267294045757
 20
-60.92182733884806
 30
0.0
 11
222.0267294045757
 21
-60.92182733884806
 31
0.0
1001
ACAD
1010
0.0
1020
0.0
1030
0.0
1001
AcadAnnotative
1000
AnnotativeData
1002
{
1070
     1
1070
     0
1002
}
1001
AcDbBlockRepETag
1070
     1
1071
        5
1005
0
  0
LINE
  5
314C
330
2F90
100
AcDbEntity
  8
0
  6
Continuous
100
AcDbLine
 10
302.2336272448556
 20
-50.36238891443804
 30
0.0
 11
302.2336272448556
 21
-50.36238891443804
 31
0.0
1001
ACAD
1010
0.0
1020
0.0
1030
0.0
1001
AcadAnnotative
1000
AnnotativeData
1002
{
1070
     1
1070
     0
1002
}
1001
AcDbBlockRepETag
1070
     1
1071
        5
1005
0
  0
LINE
  5
314D
330
2F90
100
AcDbEntity
  8
0
  6
Continuous
100
AcDbLine
 10
334.0267853369601
 20
-46.17674024542156
 30
0.0
 11
334.0267853369601
 21
-46.17674024542156
 31
0.0
1001
ACAD
1010
0.0
1020
0.0
1030
0.0
1001
AcadAnnotative
1000
AnnotativeData
1002
{
1070
     1
1070
     0
1002
}
1001
AcDbBlockRepETag
1070
     1
1071
        5
1005
0
  0
LINE
  5
314E
330
2F90
100
AcDbEntity
  8
0
  6
Continuous
100
AcDbLine
 10
382.1257413416493
 20
-39.84439255605798
 30
0.0
 11
382.1257413416493
 21
-39.84439255605798
 31
0.0
1001
ACAD
1010
0.0
1020
0.0
1030
0.0
1001
AcadAnnotative
1000
AnnotativeData
1002
{
1070
     1
1070
     0
1002
}
1001
AcDbBlockRepETag
1070
     1
1071
        5
1005
0
  0
LINE
  5
314F
330
2F90
100
AcDbEntity
  8
0
  6
Continuous
100
AcDbLine
 10
462.3326391819291
 20
-29.28495413164796
 30
0.0
 11
462.3326391819291
 21
-29.28495413164796
 31
0.0
1001
ACAD
1010
0.0
1020
0.0
1030
0.0
1001
AcadAnnotative
1000
AnnotativeData
1002
{
1070
     1
1070
     0
1002
}
1001
AcDbBlockRepETag
1070
     1
1071
        5
1005
0
  0
LINE
  5
3150
330
2F90
100
AcDbEntity
  8
0
  6
Continuous
100
AcDbLine
 10
494.1257972740336
 20
-25.09930546263149
 30
0.0
 11
494.1257972740336
 21
-25.09930546263149
 31
0.0
1001
ACAD
1010
0.0
1020
0.0
1030
0.0
1001
AcadAnnotative
1000
AnnotativeData
1002
{
1070
     1
1070
     0
1002
}
1001
AcDbBlockRepETag
1070
     1
1071
        5
1005
0
  0
LINE
  5
3151
330
2F90
100
AcDbEntity
  8
0
  6
Continuous
100
AcDbLine
 10
542.2247532787228
 20
-18.7669577732679
 30
0.0
 11
542.2247532787228
 21
-18.7669577732679
 31
0.0
1001
ACAD
1010
0.0
1020
0.0
1030
0.0
1001
AcadAnnotative
1000
AnnotativeData
1002
{
1070
     1
1070
     0
1002
}
1001
AcDbBlockRepETag
1070
     1
1071
        5
1005
0
  0
LINE
  5
3152
330
2F90
100
AcDbEntity
  8
0
  6
Continuous
100
AcDbLine
 10
622.4316511190027
 20
-8.207519348857886
 30
0.0
 11
622.4316511190027
 21
-8.207519348857886
 31
0.0
1001
ACAD
1010
0.0
1020
0.0
1030
0.0
1001
AcadAnnotative
1000
AnnotativeData
1002
{
1070
     1
1070
     0
1002
}
1001
AcDbBlockRepETag
1070
     1
1071
        5
1005
0
  0
LINE
  5
3153
330
2F90
100
AcDbEntity
  8
0
  6
Continuous
100
AcDbLine
 10
654.2248092111072
 20
-4.021870679841413
 30
0.0
 11
654.2248092111072
 21
-4.021870679841413
 31
0.0
1001
ACAD
1010
0.0
1020
0.0
1030
0.0
1001
AcadAnnotative
1000
AnnotativeData
1002
{
1070
     1
1070
     0
1002
}
1001
AcDbBlockRepETag
1070
     1
1071
        5
1005
0
  0
LINE
  5
3154
330
2F90
100
AcDbEntity
  8
0
  6
Continuous
100
AcDbLine
 10
300.6169540818064
 20
-96.26702765448158
 30
0.0
 11
300.6169540818064
 21
-96.26702765448158
 31
0.0
1001
ACAD
1010
0.0
1020
0.0
1030
0.0
1001
AcadAnnotative
1000
AnnotativeData
1002
{
1070
     1
1070
     0
1002
}
1001
AcDbBlockRepETag
1070
     1
1071
        5
1005
0
  0
LINE
  5
3155
330
2F90
100
AcDbEntity
  8
0
  6
Continuous
100
AcDbLine
 10
348.7159100864956
 20
-89.934679965118
 30
0.0
 11
348.7159100864956
 21
-89.934679965118
 31
0.0
1001
ACAD
1010
0.0
1020
0.0
1030
0.0
1001
AcadAnnotative
1000
AnnotativeData
1002
{
1070
     1
1070
     0
1002
}
1001
AcDbBlockRepETag
1070
     1
1071
        5
1005
0
  0
LINE
  5
3156
330
2F90
100
AcDbEntity
  8
0
  6
Continuous
100
AcDbLine
 10
428.9228079267754
 20
-79.37524154070797
 30
0.0
 11
428.9228079267754
 21
-79.37524154070797
 31
0.0
1001
ACAD
1010
0.0
1020
0.0
1030
0.0
1001
AcadAnnotative
1000
AnnotativeData
1002
{
1070
     1
1070
     0
1002
}
1001
AcDbBlockRepETag
1070
     1
1071
        5
1005
0
  0
LINE
  5
3157
330
2F90
100
AcDbEntity
  8
0
  6
Continuous
100
AcDbLine
 10
460.7159660188799
 20
-75.1895928716915
 30
0.0
 11
460.7159660188799
 21
-75.1895928716915
 31
0.0
1001
ACAD
1010
0.0
1020
0.0
1030
0.0
1001
AcadAnnotative
1000
AnnotativeData
1002
{
1070
     1
1070
     0
1002
}
1001
AcDbBlockRepETag
1070
     1
1071
        5
1005
0
  0
LINE
  5
3158
330
2F90
100
AcDbEntity
  8
0
  6
Continuous
100
AcDbLine
 10
508.8149220235691
 20
-68.85724518232791
 30
0.0
 11
508.8149220235691
 21
-68.85724518232791
 31
0.0
1001
ACAD
1010
0.0
1020
0.0
1030
0.0
1001
AcadAnnotative
1000
AnnotativeData
1002
{
1070
     1
1070
     0
1002
}
1001
AcDbBlockRepETag
1070
     1
1071
        5
1005
0
  0
LINE
  5
3159
330
2F90
100
AcDbEntity
  8
0
  6
Continuous
100
AcDbLine
 10
589.021819863849
 20
-58.2978067579179
 30
0.0
 11
589.021819863849
 21
-58.2978067579179
 31
0.0
1001
ACAD
1010
0.0
1020
0.0
1030
0.0
1001
AcadAnnotative
1000
AnnotativeData
1002
{
1070
     1
1070
     0
1002
}
1001
AcDbBlockRepETag
1070
     1
1071
        5
1005
0
  0
LINE
  5
315A
330
2F90
100
AcDbEntity
  8
0
  6
Continuous
100
AcDbLine
 10
620.8149779559534
 20
-54.11215808890142
 30
0.0
 11
620.8149779559534
 21
-54.11215808890142
 31
0.0
1001
ACAD
1010
0.0
1020
0.0
1030
0.0
1001
AcadAnnotative
1000
AnnotativeData
1002
{
1070
     1
1070
     0
1002
}
1001
AcDbBlockRepETag
1070
     1
1071
        5
1005
0
  0
LINE
  5
315B
330
2F90
100
AcDbEntity
  8
0
  6
Continuous
100
AcDbLine
 10
668.9139339606427
 20
-47.77981039953783
 30
0.0
 11
668.9139339606427
 21
-47.77981039953783
 31
0.0
1001
ACAD
1010
0.0
1020
0.0
1030
0.0
1001
AcadAnnotative
1000
AnnotativeData
1002
{
1070
     1
1070
     0
1002
}
1001
AcDbBlockRepETag
1070
     1
1071
        5
1005
0
  0
LINE
  5
315C
330
2F90
100
AcDbEntity
  8
0
  6
Continuous
100
AcDbLine
 10
749.1208318009226
 20
-37.22037197512782
 30
0.0
 11
749.1208318009226
 21
-37.22037197512782
 31
0.0
1001
ACAD
1010
0.0
1020
0.0
1030
0.0
1001
AcadAnnotative
1000
AnnotativeData
1002
{
1070
     1
1070
     0
1002
}
1001
AcDbBlockRepETag
1070
     1
1071
        5
1005
0
  0
LINE
  5
315D
330
2F90
100
AcDbEntity
  8
0
  6
Continuous
100
AcDbLine
 10
780.913989893027
 20
-33.03472330611135
 30
0.0
 11
780.913989893027
 21
-33.03472330611135
 31
0.0
1001
ACAD
1010
0.0
1020
0.0
1030
0.0
1001
AcadAnnotative
1000
AnnotativeData
1002
{
1070
     1
1070
     0
1002
}
1001
AcDbBlockRepETag
1070
     1
1071
        5
1005
0
  0
LINE
  5
315E
330
2F90
100
AcDbEntity
  8
0
  6
Continuous
100
AcDbLine
 10
829.0129458977162
 20
-26.70237561674776
 30
0.0
 11
829.0129458977162
 21
-26.70237561674776
 31
0.0
1001
ACAD
1010
0.0
1020
0.0
1030
0.0
1001
AcadAnnotative
1000
AnnotativeData
1002
{
1070
     1
1070
     0
1002
}
1001
AcDbBlockRepETag
1070
     1
1071
        5
1005
0
  0
LINE
  5
315F
330
2F90
100
AcDbEntity
  8
0
  6
Continuous
100
AcDbLine
 10
909.2198437379961
 20
-16.14293719233774
 30
0.0
 11
909.2198437379961
 21
-16.14293719233774
 31
0.0
1001
ACAD
1010
0.0
1020
0.0
1030
0.0
1001
AcadAnnotative
1000
AnnotativeData
1002
{
1070
     1
1070
     0
1002
}
1001
AcDbBlockRepETag
1070
     1
1071
        5
1005
0
  0
LINE
  5
3160
330
2F90
100
AcDbEntity
  8
0
  6
Continuous
100
AcDbLine
 10
941.0130018301005
 20
-11.95728852332127
 30
0.0
 11
941.0130018301005
 21
-11.95728852332127
 31
0.0
1001
ACAD
1010
0.0
1020
0.0
1030
0.0
1001
AcadAnnotative
1000
AnnotativeData
1002
{
1070
     1
1070
     0
1002
}
1001
AcDbBlockRepETag
1070
     1
1071
        5
1005
0
  0
LINE
  5
3161
330
2F90
100
AcDbEntity
  8
0
  6
Continuous
100
AcDbLine
 10
989.1119578347897
 20
-5.62494083395768
 30
0.0
 11
989.1119578347897
 21
-5.62494083395768
 31
0.0
1001
ACAD
1010
0.0
1020
0.0
1030
0.0
1001
AcadAnnotative
1000
AnnotativeData
1002
{
1070
     1
1070
     0
1002
}
1001
AcDbBlockRepETag
1070
     1
1071
        5
1005
0
  0
LINE
  5
3162
330
2F90
100
AcDbEntity
  8
0
  6
Continuous
100
AcDbLine
 10
635.5041027054885
 20
-97.87009780859785
 30
0.0
 11
635.5041027054885
 21
-97.87009780859785
 31
0.0
1001
ACAD
1010
0.0
1020
0.0
1030
0.0
1001
AcadAnnotative
1000
AnnotativeData
1002
{
1070
     1
1070
     0
1002
}
1001
AcDbBlockRepETag
1070
     1
1071
        5
1005
0
  0
LINE
  5
3163
330
2F90
100
AcDbEntity
  8
0
  6
Continuous
100
AcDbLine
 10
715.7110005457684
 20
-87.31065938418783
 30
0.0
 11
715.7110005457684
 21
-87.31065938418783
 31
0.0
1001
ACAD
1010
0.0
1020
0.0
1030
0.0
1001
AcadAnnotative
1000
AnnotativeData
1002
{
1070
     1
1070
     0
1002
}
1001
AcDbBlockRepETag
1070
     1
1071
        5
1005
0
  0
LINE
  5
3164
330
2F90
100
AcDbEntity
  8
0
  6
Continuous
100
AcDbLine
 10
747.5041586378729
 20
-83.12501071517136
 30
0.0
 11
747.5041586378729
 21
-83.12501071517136
 31
0.0
1001
ACAD
1010
0.0
1020
0.0
1030
0.0
1001
AcadAnnotative
1000
AnnotativeData
1002
{
1070
     1
1070
     0
1002
}
1001
AcDbBlockRepETag
1070
     1
1071
        5
1005
0
  0
LINE
  5
3165
330
2F90
100
AcDbEntity
  8
0
  6
Continuous
100
AcDbLine
 10
795.6031146425621
 20
-76.79266302580777
 30
0.0
 11
795.6031146425621
 21
-76.79266302580777
 31
0.0
1001
ACAD
1010
0.0
1020
0.0
1030
0.0
1001
AcadAnnotative
1000
AnnotativeData
1002
{
1070
     1
1070
     0
1002
}
1001
AcDbBlockRepETag
1070
     1
1071
        5
1005
0
  0
LINE
  5
3166
330
2F90
100
AcDbEntity
  8
0
  6
Continuous
100
AcDbLine
 10
875.810012482842
 20
-66.23322460139775
 30
0.0
 11
875.810012482842
 21
-66.23322460139775
 31
0.0
1001
ACAD
1010
0.0
1020
0.0
1030
0.0
1001
AcadAnnotative
1000
AnnotativeData
1002
{
1070
     1
1070
     0
1002
}
1001
AcDbBlockRepETag
1070
     1
1071
        5
1005
0
  0
LINE
  5
3167
330
2F90
100
AcDbEntity
  8
0
  6
Continuous
100
AcDbLine
 10
907.6031705749464
 20
-62.04757593238127
 30
0.0
 11
907.6031705749464
 21
-62.04757593238127
 31
0.0
1001
ACAD
1010
0.0
1020
0.0
1030
0.0
1001
AcadAnnotative
1000
AnnotativeData
1002
{
1070
     1
1070
     0
1002
}
1001
AcDbBlockRepETag
1070
     1
1071
        5
1005
0
  0
LINE
  5
3168
330
2F90
100
AcDbEntity
  8
0
  6
Continuous
100
AcDbLine
 10
955.7021265796356
 20
-55.71522824301769
 30
0.0
 11
955.7021265796356
 21
-55.71522824301769
 31
0.0
1001
ACAD
1010
0.0
1020
0.0
1030
0.0
1001
AcadAnnotative
1000
AnnotativeData
1002
{
1070
     1
1070
     0
1002
}
1001
AcDbBlockRepETag
1070
     1
1071
        5
1005
0
  0
LINE
  5
3169
330
2F90
100
AcDbEntity
  8
0
  6
Continuous
100
AcDbLine
 10
987.1577519419789
 20
-12.87031101305319
 30
0.0
 11
987.1577519419789
 21
-12.87031101305319
 31
0.0
1001
ACAD
1010
0.0
1020
0.0
1030
0.0
1001
AcadAnnotative
1000
AnnotativeData
1002
{
1070
     1
1070
     0
1002
}
1001
AcDbBlockRepETag
1070
     1
1071
        5
1005
0
  0
LINE
  5
316A
330
2F90
100
AcDbEntity
  8
0
  6
Continuous
100
AcDbLine
 10
919.3624543585446
 20
-10.00593901671686
 30
0.0
 11
919.3624543585446
 21
-10.00593901671686
 31
0.0
1001
ACAD
1010
0.0
1020
0.0
1030
0.0
1001
AcadAnnotative
1000
AnnotativeData
1002
{
1070
     1
1070
     0
1002
}
1001
AcDbBlockRepETag
1070
     1
1071
        5
1005
0
  0
LINE
  5
316B
330
2F90
100
AcDbEntity
  8
0
  6
Continuous
100
AcDbLine
 10
946.1401327631037
 20
-27.06520158172862
 30
0.0
 11
946.1401327631037
 21
-27.06520158172862
 31
0.0
1001
ACAD
1010
0.0
1020
0.0
1030
0.0
1001
AcadAnnotative
1000
AnnotativeData
1002
{
1070
     1
1070
     0
1002
}
1001
AcDbBlockRepETag
1070
     1
1071
        5
1005
0
  0
LINE
  5
316C
330
2F90
100
AcDbEntity
  8
0
  6
Continuous
100
AcDbLine
 10
851.5671567751088
 20
-7.141567020380989
 30
0.0
 11
851.5671567751088
 21
-7.141567020380989
 31
0.0
1001
ACAD
1010
0.0
1020
0.0
1030
0.0
1001
AcadAnnotative
1000
AnnotativeData
1002
{
1070
     1
1070
     0
1002
}
1001
AcDbBlockRepETag
1070
     1
1071
        5
1005
0
  0
LINE
  5
316D
330
2F90
100
AcDbEntity
  8
0
  6
Continuous
100
AcDbLine
 10
878.3448351796678
 20
-24.20082958539274
 30
0.0
 11
878.3448351796678
 21
-24.20082958539274
 31
0.0
1001
ACAD
1010
0.0
1020
0.0
1030
0.0
1001
AcadAnnotative
1000
AnnotativeData
1002
{
1070
     1
1070
     0
1002
}
1001
AcDbBlockRepETag
1070
     1
1071
        5
1005
0
  0
LINE
  5
316E
330
2F90
100
AcDbEntity
  8
0
  6
Continuous
100
AcDbLine
 10
961.8911918018921
 20
-77.42572878822921
 30
0.0
 11
961.8911918018921
 21
-77.42572878822921
 31
0.0
1001
ACAD
1010
0.0
1020
0.0
1030
0.0
1001
AcadAnnotative
1000
AnnotativeData
1002
{
1070
     1
1070
     0
1002
}
1001
AcDbBlockRepETag
1070
     1
1071
        5
1005
0
  0
LINE
  5
316F
330
2F90
100
AcDbEntity
  8
0
  6
Continuous
100
AcDbLine
 10
783.7718591916727
 20
-4.277195024042839
 30
0.0
 11
783.7718591916727
 21
-4.277195024042839
 31
0.0
1001
ACAD
1010
0.0
1020
0.0
1030
0.0
1001
AcadAnnotative
1000
AnnotativeData
1002
{
1070
     1
1070
     0
1002
}
1001
AcDbBlockRepETag
1070
     1
1071
        5
1005
0
  0
LINE
  5
3170
330
2F90
100
AcDbEntity
  8
0
  6
Continuous
100
AcDbLine
 10
810.5495375962318
 20
-21.33645758905459
 30
0.0
 11
810.5495375962318
 21
-21.33645758905459
 31
0.0
1001
ACAD
1010
0.0
1020
0.0
1030
0.0
1001
AcadAnnotative
1000
AnnotativeData
1002
{
1070
     1
1070
     0
1002
}
1001
AcDbBlockRepETag
1070
     1
1071
        5
1005
0
  0
LINE
  5
3171
330
2F90
100
AcDbEntity
  8
0
  6
Continuous
100
AcDbLine
 10
894.0958942184561
 20
-74.56135679189106
 30
0.0
 11
894.0958942184561
 21
-74.56135679189106
 31
0.0
1001
ACAD
1010
0.0
1020
0.0
1030
0.0
1001
AcadAnnotative
1000
AnnotativeData
1002
{
1070
     1
1070
     0
1002
}
1001
AcDbBlockRepETag
1070
     1
1071
        5
1005
0
  0
LINE
  5
3172
330
2F90
100
AcDbEntity
  8
0
  6
Continuous
100
AcDbLine
 10
715.9765616082368
 20
-1.412823027706963
 30
0.0
 11
715.9765616082368
 21
-1.412823027706963
 31
0.0
1001
ACAD
1010
0.0
1020
0.0
1030
0.0
1001
AcadAnnotative
1000
AnnotativeData
1002
{
1070
     1
1070
     0
1002
}
1001
AcDbBlockRepETag
1070
     1
1071
        5
1005
0
  0
LINE
  5
3173
330
2F90
100
AcDbEntity
  8
0
  6
Continuous
100
AcDbLine
 10
742.7542400127959
 20
-18.47208559271871
 30
0.0
 11
742.7542400127959
 21
-18.47208559271871
 31
0.0
1001
ACAD
1010
0.0
1020
0.0
1030
0.0
1001
AcadAnnotative
1000
AnnotativeData
1002
{
1070
     1
1070
     0
1002
}
1001
AcDbBlockRepETag
1070
     1
1071
        5
1005
0
  0
LINE
  5
3174
330
2F90
100
AcDbEntity
  8
0
  6
Continuous
100
AcDbLine
 10
826.3005966350201
 20
-71.69698479555518
 30
0.0
 11
826.3005966350201
 21
-71.69698479555518
 31
0.0
1001
ACAD
1010
0.0
1020
0.0
1030
0.0
1001
AcadAnnotative
1000
AnnotativeData
1002
{
1070
     1
1070
     0
1002
}
1001
AcDbBlockRepETag
1070
     1
1071
        5
1005
0
  0
LINE
  5
3175
330
2F90
100
AcDbEntity
  8
0
  6
Continuous
100
AcDbLine
 10
674.9589424293599
 20
-15.60771359638124
 30
0.0
 11
674.9589424293599
 21
-15.60771359638124
 31
0.0
1001
ACAD
1010
0.0
1020
0.0
1030
0.0
1001
AcadAnnotative
1000
AnnotativeData
1002
{
1070
     1
1070
     0
1002
}
1001
AcDbBlockRepETag
1070
     1
1071
        5
1005
0
  0
LINE
  5
3176
330
2F90
100
AcDbEntity
  8
0
  6
Continuous
100
AcDbLine
 10
758.5052990515841
 20
-68.83261279921772
 30
0.0
 11
758.5052990515841
 21
-68.83261279921772
 31
0.0
1001
ACAD
1010
0.0
1020
0.0
1030
0.0
1001
AcadAnnotative
1000
AnnotativeData
1002
{
1070
     1
1070
     0
1002
}
1001
AcDbBlockRepETag
1070
     1
1071
        5
1005
0
  0
LINE
  5
3177
330
2F90
100
AcDbEntity
  8
0
  6
Continuous
100
AcDbLine
 10
607.1636448459244
 20
-12.74334160004446
 30
0.0
 11
607.1636448459244
 21
-12.74334160004446
 31
0.0
1001
ACAD
1010
0.0
1020
0.0
1030
0.0
1001
AcadAnnotative
1000
AnnotativeData
1002
{
1070
     1
1070
     0
1002
}
1001
AcDbBlockRepETag
1070
     1
1071
        5
1005
0
  0
LINE
  5
3178
330
2F90
100
AcDbEntity
  8
0
  6
Continuous
100
AcDbLine
 10
690.7100014681486
 20
-65.96824080288093
 30
0.0
 11
690.7100014681486
 21
-65.96824080288093
 31
0.0
1001
ACAD
1010
0.0
1020
0.0
1030
0.0
1001
AcadAnnotative
1000
AnnotativeData
1002
{
1070
     1
1070
     0
1002
}
1001
AcDbBlockRepETag
1070
     1
1071
        5
1005
0
  0
LINE
  5
3179
330
2F90
100
AcDbEntity
  8
0
  6
Continuous
100
AcDbLine
 10
539.3683472624879
 20
-9.878969603708128
 30
0.0
 11
539.3683472624879
 21
-9.878969603708128
 31
0.0
1001
ACAD
1010
0.0
1020
0.0
1030
0.0
1001
AcadAnnotative
1000
AnnotativeData
1002
{
1070
     1
1070
     0
1002
}
1001
AcDbBlockRepETag
1070
     1
1071
        5
1005
0
  0
LINE
  5
317A
330
2F90
100
AcDbEntity
  8
0
  6
Continuous
100
AcDbLine
 10
622.9147038847123
 20
-63.10386880654459
 30
0.0
 11
622.9147038847123
 21
-63.10386880654459
 31
0.0
1001
ACAD
1010
0.0
1020
0.0
1030
0.0
1001
AcadAnnotative
1000
AnnotativeData
1002
{
1070
     1
1070
     0
1002
}
1001
AcDbBlockRepETag
1070
     1
1071
        5
1005
0
  0
LINE
  5
317B
330
2F90
100
AcDbEntity
  8
0
  6
Continuous
100
AcDbLine
 10
471.5730496790538
 20
-7.014597607371342
 30
0.0
 11
471.5730496790538
 21
-7.014597607371342
 31
0.0
1001
ACAD
1010
0.0
1020
0.0
1030
0.0
1001
AcadAnnotative
1000
AnnotativeData
1002
{
1070
     1
1070
     0
1002
}
1001
AcDbBlockRepETag
1070
     1
1071
        5
1005
0
  0
LINE
  5
317C
330
2F90
100
AcDbEntity
  8
0
  6
Continuous
100
AcDbLine
 10
555.1194063012781
 20
-60.23949681020781
 30
0.0
 11
555.1194063012781
 21
-60.23949681020781
 31
0.0
1001
ACAD
1010
0.0
1020
0.0
1030
0.0
1001
AcadAnnotative
1000
AnnotativeData
1002
{
1070
     1
1070
     0
1002
}
1001
AcDbBlockRepETag
1070
     1
1071
        5
1005
0
  0
LINE
  5
317D
330
2F90
100
AcDbEntity
  8
0
  6
Continuous
100
AcDbLine
 10
403.7777520956178
 20
-4.150225611035011
 30
0.0
 11
403.7777520956178
 21
-4.150225611035011
 31
0.0
1001
ACAD
1010
0.0
1020
0.0
1030
0.0
1001
AcadAnnotative
1000
AnnotativeData
1002
{
1070
     1
1070
     0
1002
}
1001
AcDbBlockRepETag
1070
     1
1071
        5
1005
0
  0
LINE
  5
317E
330
2F90
100
AcDbEntity
  8
0
  6
Continuous
100
AcDbLine
 10
487.3241087178421
 20
-57.37512481387148
 30
0.0
 11
487.3241087178421
 21
-57.37512481387148
 31
0.0
1001
ACAD
1010
0.0
1020
0.0
1030
0.0
1001
AcadAnnotative
1000
AnnotativeData
1002
{
1070
     1
1070
     0
1002
}
1001
AcDbBlockRepETag
1070
     1
1071
        5
1005
0
  0
LINE
  5
317F
330
2F90
100
AcDbEntity
  8
0
  6
Continuous
100
AcDbLine
 10
335.9824545121819
 20
-1.285853614698226
 30
0.0
 11
335.9824545121819
 21
-1.285853614698226
 31
0.0
1001
ACAD
1010
0.0
1020
0.0
1030
0.0
1001
AcadAnnotative
1000
AnnotativeData
1002
{
1070
     1
1070
     0
1002
}
1001
AcDbBlockRepETag
1070
     1
1071
        5
1005
0
  0
LINE
  5
3180
330
2F90
100
AcDbEntity
  8
0
  6
Continuous
100
AcDbLine
 10
419.5288111344061
 20
-54.51075281753469
 30
0.0
 11
419.5288111344061
 21
-54.51075281753469
 31
0.0
1001
ACAD
1010
0.0
1020
0.0
1030
0.0
1001
AcadAnnotative
1000
AnnotativeData
1002
{
1070
     1
1070
     0
1002
}
1001
AcDbBlockRepETag
1070
     1
1071
        5
1005
0
  0
LINE
  5
3181
330
2F90
100
AcDbEntity
  8
0
  6
Continuous
100
AcDbLine
 10
351.7335135509707
 20
-51.64638082119768
 30
0.0
 11
351.7335135509707
 21
-51.64638082119768
 31
0.0
1001
ACAD
1010
0.0
1020
0.0
1030
0.0
1001
AcadAnnotative
1000
AnnotativeData
1002
{
1070
     1
1070
     0
1002
}
1001
AcDbBlockRepETag
1070
     1
1071
        5
1005
0
  0
LINE
  5
3182
330
2F90
100
AcDbEntity
  8
0
  6
Continuous
100
AcDbLine
 10
283.9382159675347
 20
-48.7820088248609
 30
0.0
 11
283.9382159675347
 21
-48.7820088248609
 31
0.0
1001
ACAD
1010
0.0
1020
0.0
1030
0.0
1001
AcadAnnotative
1000
AnnotativeData
1002
{
1070
     1
1070
     0
1002
}
1001
AcDbBlockRepETag
1070
     1
1071
        5
1005
0
  0
LINE
  5
3183
330
2F90
100
AcDbEntity
  8
0
  6
Continuous
100
AcDbLine
 10
216.1429183840992
 20
-45.91763682852366
 30
0.0
 11
216.1429183840992
 21
-45.91763682852366
 31
0.0
1001
ACAD
1010
0.0
1020
0.0
1030
0.0
1001
AcadAnnotative
1000
AnnotativeData
1002
{
1070
     1
1070
     0
1002
}
1001
AcDbBlockRepETag
1070
     1
1071
        5
1005
0
  0
LINE
  5
3184
330
2F90
100
AcDbEntity
  8
0
  6
Continuous
100
AcDbLine
 10
148.3476208006623
 20
-43.05326483218732
 30
0.0
 11
148.3476208006623
 21
-43.05326483218732
 31
0.0
1001
ACAD
1010
0.0
1020
0.0
1030
0.0
1001
AcadAnnotative
1000
AnnotativeData
1002
{
1070
     1
1070
     0
1002
}
1001
AcDbBlockRepETag
1070
     1
1071
        5
1005
0
  0
LINE
  5
3185
330
2F90
100
AcDbEntity
  8
0
  6
Continuous
100
AcDbLine
 10
80.55232321722815
 20
-40.18889283585145
 30
0.0
 11
80.55232321722815
 21
-40.18889283585145
 31
0.0
1001
ACAD
1010
0.0
1020
0.0
1030
0.0
1001
AcadAnnotative
1000
AnnotativeData
1002
{
1070
     1
1070
     0
1002
}
1001
AcDbBlockRepETag
1070
     1
1071
        5
1005
0
  0
LINE
  5
3186
330
2F90
100
AcDbEntity
  8
0
  6
Continuous
100
AcDbLine
 10
933.7563481172265
 20
-7.793352552804435
 30
0.0
 11
933.7563481172265
 21
-7.793352552804435
 31
0.0
1001
ACAD
1010
0.0
1020
0.0
1030
0.0
1001
AcadAnnotative
1000
AnnotativeData
1002
{
1070
     1
1070
     0
1002
}
1001
AcDbBlockRepETag
1070
     1
1071
        5
1005
0
  0
LINE
  5
3187
330
2F90
100
AcDbEntity
  8
0
  6
Continuous
100
AcDbLine
 10
982.258874996617
 20
-52.2377299510083
 30
0.0
 11
982.258874996617
 21
-52.2377299510083
 31
0.0
1001
ACAD
1010
0.0
1020
0.0
1030
0.0
1001
AcadAnnotative
1000
AnnotativeData
1002
{
1070
     1
1070
     0
1002
}
1001
AcDbBlockRepETag
1070
     1
1071
        5
1005
0
  0
LINE
  5
3188
330
2F90
100
AcDbEntity
  8
0
  6
Continuous
100
AcDbLine
 10
859.6917574242169
 20
-20.5065980694701
 30
0.0
 11
859.6917574242169
 21
-20.5065980694701
 31
0.0
1001
ACAD
1010
0.0
1020
0.0
1030
0.0
1001
AcadAnnotative
1000
AnnotativeData
1002
{
1070
     1
1070
     0
1002
}
1001
AcDbBlockRepETag
1070
     1
1071
        5
1005
0
  0
LINE
  5
3189
330
2F90
100
AcDbEntity
  8
0
  6
Continuous
100
AcDbLine
 10
908.1942843036076
 20
-64.95097546767397
 30
0.0
 11
908.1942843036076
 21
-64.95097546767397
 31
0.0
1001
ACAD
1010
0.0
1020
0.0
1030
0.0
1001
AcadAnnotative
1000
AnnotativeData
1002
{
1070
     1
1070
     0
1002
}
1001
AcDbBlockRepETag
1070
     1
1071
        5
1005
0
  0
LINE
  5
318A
330
2F90
100
AcDbEntity
  8
0
  6
Continuous
100
AcDbLine
 10
755.1960446543708
 20
-5.334857766801178
 30
0.0
 11
755.1960446543708
 21
-5.334857766801178
 31
0.0
1001
ACAD
1010
0.0
1020
0.0
1030
0.0
1001
AcadAnnotative
1000
AnnotativeData
1002
{
1070
     1
1070
     0
1002
}
1001
AcDbBlockRepETag
1070
     1
1071
        5
1005
0
  0
LINE
  5
318B
330
2F90
100
AcDbEntity
  8
0
  6
Continuous
100
AcDbLine
 10
785.6271667312085
 20
-33.21984358613759
 30
0.0
 11
785.6271667312085
 21
-33.21984358613759
 31
0.0
1001
ACAD
1010
0.0
1020
0.0
1030
0.0
1001
AcadAnnotative
1000
AnnotativeData
1002
{
1070
     1
1070
     0
1002
}
1001
AcDbBlockRepETag
1070
     1
1071
        5
1005
0
  0
LINE
  5
318C
330
2F90
100
AcDbEntity
  8
0
  6
Continuous
100
AcDbLine
 10
834.129693610599
 20
-77.66422098434145
 30
0.0
 11
834.129693610599
 21
-77.66422098434145
 31
0.0
1001
ACAD
1010
0.0
1020
0.0
1030
0.0
1001
AcadAnnotative
1000
AnnotativeData
1002
{
1070
     1
1070
     0
1002
}
1001
AcDbBlockRepETag
1070
     1
1071
        5
1005
0
  0
LINE
  5
318D
330
2F90
100
AcDbEntity
  8
0
  6
Continuous
100
AcDbLine
 10
681.1314539613618
 20
-18.04810328346752
 30
0.0
 11
681.1314539613618
 21
-18.04810328346752
 31
0.0
1001
ACAD
1010
0.0
1020
0.0
1030
0.0
1001
AcadAnnotative
1000
AnnotativeData
1002
{
1070
     1
1070
     0
1002
}
1001
AcDbBlockRepETag
1070
     1
1071
        5
1005
0
  0
LINE
  5
318E
330
2F90
100
AcDbEntity
  8
0
  6
Continuous
100
AcDbLine
 10
711.5625760381995
 20
-45.93308910280393
 30
0.0
 11
711.5625760381995
 21
-45.93308910280393
 31
0.0
1001
ACAD
1010
0.0
1020
0.0
1030
0.0
1001
AcadAnnotative
1000
AnnotativeData
1002
{
1070
     1
1070
     0
1002
}
1001
AcDbBlockRepETag
1070
     1
1071
        5
1005
0
  0
LINE
  5
318F
330
2F90
100
AcDbEntity
  8
0
  6
Continuous
100
AcDbLine
 10
760.0651029175901
 20
-90.3774665010078
 30
0.0
 11
760.0651029175901
 21
-90.3774665010078
 31
0.0
1001
ACAD
1010
0.0
1020
0.0
1030
0.0
1001
AcadAnnotative
1000
AnnotativeData
1002
{
1070
     1
1070
     0
1002
}
1001
AcDbBlockRepETag
1070
     1
1071
        5
1005
0
  0
LINE
  5
3190
330
2F90
100
AcDbEntity
  8
0
  6
Continuous
100
AcDbLine
 10
607.0668632683528
 20
-30.7613488001341
 30
0.0
 11
607.0668632683528
 21
-30.7613488001341
 31
0.0
1001
ACAD
1010
0.0
1020
0.0
1030
0.0
1001
AcadAnnotative
1000
AnnotativeData
1002
{
1070
     1
1070
     0
1002
}
1001
AcDbBlockRepETag
1070
     1
1071
        5
1005
0
  0
LINE
  5
3191
330
2F90
100
AcDbEntity
  8
0
  6
Continuous
100
AcDbLine
 10
637.4979853451905
 20
-58.6463346194705
 30
0.0
 11
637.4979853451905
 21
-58.6463346194705
 31
0.0
1001
ACAD
1010
0.0
1020
0.0
1030
0.0
1001
AcadAnnotative
1000
AnnotativeData
1002
{
1070
     1
1070
     0
1002
}
1001
AcDbBlockRepETag
1070
     1
1071
        5
1005
0
  0
LINE
  5
3192
330
2F90
100
AcDbEntity
  8
0
  6
Continuous
100
AcDbLine
 10
533.0022725753429
 20
-43.47459431680067
 30
0.0
 11
533.0022725753429
 21
-43.47459431680067
 31
0.0
1001
ACAD
1010
0.0
1020
0.0
1030
0.0
1001
AcadAnnotative
1000
AnnotativeData
1002
{
1070
     1
1070
     0
1002
}
1001
AcDbBlockRepETag
1070
     1
1071
        5
1005
0
  0
LINE
  5
3193
330
2F90
100
AcDbEntity
  8
0
  6
Continuous
100
AcDbLine
 10
563.4333946521805
 20
-71.35958013613708
 30
0.0
 11
563.4333946521805
 21
-71.35958013613708
 31
0.0
1001
ACAD
1010
0.0
1020
0.0
1030
0.0
1001
AcadAnnotative
1000
AnnotativeData
1002
{
1070
     1
1070
     0
1002
}
1001
AcDbBlockRepETag
1070
     1
1071
        5
1005
0
  0
LINE
  5
3194
330
2F90
100
AcDbEntity
  8
0
  6
Continuous
100
AcDbLine
 10
458.9376818823343
 20
-56.18783983346839
 30
0.0
 11
458.9376818823343
 21
-56.18783983346839
 31
0.0
1001
ACAD
1010
0.0
1020
0.0
1030
0.0
1001
AcadAnnotative
1000
AnnotativeData
1002
{
1070
     1
1070
     0
1002
}
1001
AcDbBlockRepETag
1070
     1
1071
        5
1005
0
  0
LINE
  5
3195
330
2F90
100
AcDbEntity
  8
0
  6
Continuous
100
AcDbLine
 10
489.3688039591721
 20
-84.0728256528048
 30
0.0
 11
489.3688039591721
 21
-84.0728256528048
 31
0.0
1001
ACAD
1010
0.0
1020
0.0
1030
0.0
1001
AcadAnnotative
1000
AnnotativeData
1002
{
1070
     1
1070
     0
1002
}
1001
AcDbBlockRepETag
1070
     1
1071
        5
1005
0
  0
LINE
  5
3196
330
2F90
100
AcDbEntity
  8
0
  6
Continuous
100
AcDbLine
 10
316.0519381847839
 20
-5.838117420250227
 30
0.0
 11
316.0519381847839
 21
-5.838117420250227
 31
0.0
1001
ACAD
1010
0.0
1020
0.0
1030
0.0
1001
AcadAnnotative
1000
AnnotativeData
1002
{
1070
     1
1070
     0
1002
}
1001
AcDbBlockRepETag
1070
     1
1071
        5
1005
0
  0
LINE
  5
3197
330
2F90
100
AcDbEntity
  8
0
  6
Continuous
100
AcDbLine
 10
384.8730911893249
 20
-68.90108535013405
 30
0.0
 11
384.8730911893249
 21
-68.90108535013405
 31
0.0
1001
ACAD
1010
0.0
1020
0.0
1030
0.0
1001
AcadAnnotative
1000
AnnotativeData
1002
{
1070
     1
1070
     0
1002
}
1001
AcDbBlockRepETag
1070
     1
1071
        5
1005
0
  0
LINE
  5
3198
330
2F90
100
AcDbEntity
  8
0
  6
Continuous
100
AcDbLine
 10
415.3042132661625
 20
-96.78607116947047
 30
0.0
 11
415.3042132661625
 21
-96.78607116947047
 31
0.0
1001
ACAD
1010
0.0
1020
0.0
1030
0.0
1001
AcadAnnotative
1000
AnnotativeData
1002
{
1070
     1
1070
     0
1002
}
1001
AcDbBlockRepETag
1070
     1
1071
        5
1005
0
  0
LINE
  5
3199
330
2F90
100
AcDbEntity
  8
0
  6
Continuous
100
AcDbLine
 10
241.9873474917749
 20
-18.55136293691635
 30
0.0
 11
241.9873474917749
 21
-18.55136293691635
 31
0.0
1001
ACAD
1010
0.0
1020
0.0
1030
0.0
1001
AcadAnnotative
1000
AnnotativeData
1002
{
1070
     1
1070
     0
1002
}
1001
AcDbBlockRepETag
1070
     1
1071
        5
1005
0
  0
LINE
  5
319A
330
2F90
100
AcDbEntity
  8
0
  6
Continuous
100
AcDbLine
 10
310.8085004963159
 20
-81.61433086680018
 30
0.0
 11
310.8085004963159
 21
-81.61433086680018
 31
0.0
1001
ACAD
1010
0.0
1020
0.0
1030
0.0
1001
AcadAnnotative
1000
AnnotativeData
1002
{
1070
     1
1070
     0
1002
}
1001
AcDbBlockRepETag
1070
     1
1071
        5
1005
0
  0
LINE
  5
319B
330
2F90
100
AcDbEntity
  8
0
  6
Continuous
100
AcDbLine
 10
167.9227567987664
 20
-31.26460845358201
 30
0.0
 11
167.9227567987664
 21
-31.26460845358201
 31
0.0
1001
ACAD
1010
0.0
1020
0.0
1030
0.0
1001
AcadAnnotative
1000
AnnotativeData
1002
{
1070
     1
1070
     0
1002
}
1001
AcDbBlockRepETag
1070
     1
1071
        5
1005
0
  0
LINE
  5
319C
330
2F90
100
AcDbEntity
  8
0
  6
Continuous
100
AcDbLine
 10
236.7439098033074
 20
-94.32757638346584
 30
0.0
 11
236.7439098033074
 21
-94.32757638346584
 31
0.0
1001
ACAD
1010
0.0
1020
0.0
1030
0.0
1001
AcadAnnotative
1000
AnnotativeData
1002
{
1070
     1
1070
     0
1002
}
1001
AcDbBlockRepETag
1070
     1
1071
        5
1005
0
  0
LINE
  5
319D
330
2F90
100
AcDbEntity
  8
0
  6
Continuous
100
AcDbLine
 10
93.8581661057583
 20
-43.97785397024949
 30
0.0
 11
93.8581661057583
 21
-43.97785397024949
 31
0.0
1001
ACAD
1010
0.0
1020
0.0
1030
0.0
1001
AcadAnnotative
1000
AnnotativeData
1002
{
1070
     1
1070
     0
1002
}
1001
AcDbBlockRepETag
1070
     1
1071
        5
1005
0
  0
LINE
  5
31AB
330
2F90
100
AcDbEntity
  8
0
100
AcDbLine
 10
1000.000000000001
 20
-100.0
 30
0.0
 11
0.0
 21
-100.0
 31
0.0
1001
AcDbBlockRepETag
1070
     1
1071
        4
1005
319F
  0
LINE
  5
31AC
330
2F90
100
AcDbEntity
  8
0
100
AcDbLine
 10
0.0
 20
-100.0
 30
0.0
 11
0.0
 21
0.0
 31
0.0
1001
AcDbBlockRepETag
1070
     1
1071
        4
1005
319F
  0
LINE
  5
31B1
330
2F90
100
AcDbEntity
  8
0
100
AcDbLine
 10
0.0
 20
0.0
 30
0.0
 11
999.9999999999968
 21
0.0
 31
0.0
1001
AcDbBlockRepETag
1070
     1
1071
        4
1005
319F
  0
ENDBLK
  5
2F92
330
2F90
100
AcDbEntity
  8
0
100
AcDbBlockEnd
  0
BLOCK
  5
30BB
330
30BA
100
AcDbEntity
  8
0
100
AcDbBlockBegin
  2
*U5
 70
     1
 10
0.0
 20
0.0
 30
0.0
  3
*U5
  1

  0
LINE
  5
31B7
330
30BA
100
AcDbEntity
  8
0
100
AcDbLine
 10
1000.000000000001
 20
0.0
 30
0.0
 11
1000.000000000001
 21
-100.0
 31
0.0
1001
AcDbBlockRepETag
1070
     1
1071
        0
1005
31B7
  0
LINE
  5
31B8
330
30BA
100
AcDbEntity
  8
0
  6
Continuous
100
AcDbLine
 10
42.58750802342274
 20
-51.01574661314498
 30
0.0
 11
48.71006000568695
 21
-43.71917329243683
 31
0.0
1001
ACAD
1010
0.0
1020
0.0
1030
0.0
1001
AcadAnnotative
1000
AnnotativeData
1002
{
1070
     1
1070
     0
1002
}
1001
AcDbBlockRepETag
1070
     1
1071
        5
1005
0
  0
LINE
  5
31B9
330
30BA
100
AcDbEntity
  8
0
  6
Continuous
100
AcDbLine
 10
133.679842521426
 20
-58.98528938259687
 30
0.0
 11
139.8023945036902
 21
-51.68871606188872
 31
0.0
1001
ACAD
1010
0.0
1020
0.0
1030
0.0
1001
AcadAnnotative
1000
AnnotativeData
1002
{
1070
     1
1070
     0
1002
}
1001
AcDbBlockRepETag
1070
     1
1071
        5
1005
0
  0
LINE
  5
31BA
330
30BA
100
AcDbEntity
  8
0
  6
Continuous
100
AcDbLine
 10
224.7721770194271
 20
-66.95483215204922
 30
0.0
 11
230.8947290016913
 21
-59.65825883134107
 31
0.0
1001
ACAD
1010
0.0
1020
0.0
1030
0.0
1001
AcadAnnotative
1000
AnnotativeData
1002
{
1070
     1
1070
     0
1002
}
1001
AcDbBlockRepETag
1070
     1
1071
        5
1005
0
  0
LINE
  5
31BB
330
30BA
100
AcDbEntity
  8
0
  6
Continuous
100
AcDbLine
 10
315.864511517429
 20
-74.92437492149997
 30
0.0
 11
321.9870634996933
 21
-67.62780160079183
 31
0.0
1001
ACAD
1010
0.0
1020
0.0
1030
0.0
1001
AcadAnnotative
1000
AnnotativeData
1002
{
1070
     1
1070
     0
1002
}
1001
AcDbBlockRepETag
1070
     1
1071
        5
1005
0
  0
LINE
  5
31BC
330
30BA
100
AcDbEntity
  8
0
  6
Continuous
100
AcDbLine
 10
406.9568460154305
 20
-82.89391769095209
 30
0.0
 11
413.0793979976947
 21
-75.59734437024395
 31
0.0
1001
ACAD
1010
0.0
1020
0.0
1030
0.0
1001
AcadAnnotative
1000
AnnotativeData
1002
{
1070
     1
1070
     0
1002
}
1001
AcDbBlockRepETag
1070
     1
1071
        5
1005
0
  0
LINE
  5
31BD
330
30BA
100
AcDbEntity
  8
0
  6
Continuous
100
AcDbLine
 10
498.0491805134334
 20
-90.86346046040331
 30
0.0
 11
504.1717324956976
 21
-83.56688713969516
 31
0.0
1001
ACAD
1010
0.0
1020
0.0
1030
0.0
1001
AcadAnnotative
1000
AnnotativeData
1002
{
1070
     1
1070
     0
1002
}
1001
AcDbBlockRepETag
1070
     1
1071
        5
1005
0
  0
LINE
  5
31BE
330
30BA
100
AcDbEntity
  8
0
  6
Continuous
100
AcDbLine
 10
571.5198043006048
 20
-3.304580611904384
 30
0.0
 11
574.2926766731033
 21
-0.0000000001741682
 31
0.0
1001
ACAD
1010
0.0
1020
0.0
1030
0.0
1001
AcadAnnotative
1000
AnnotativeData
1002
{
1070
     1
1070
     0
1002
}
1001
AcDbBlockRepETag
1070
     1
1071
        5
1005
0
  0
LINE
  5
31BF
330
30BA
100
AcDbEntity
  8
0
  6
Continuous
100
AcDbLine
 10
589.1415150114348
 20
-98.83300322985475
 30
0.0
 11
595.264066993699
 21
-91.5364299091466
 31
0.0
1001
ACAD
1010
0.0
1020
0.0
1030
0.0
1001
AcadAnnotative
1000
AnnotativeData
1002
{
1070
     1
1070
     0
1002
}
1001
AcDbBlockRepETag
1070
     1
1071
        5
1005
0
  0
LINE
  5
31C0
330
30BA
100
AcDbEntity
  8
0
  6
Continuous
100
AcDbLine
 10
662.6121387986063
 20
-11.27412338135582
 30
0.0
 11
668.7346907808705
 21
-3.977550060647672
 31
0.0
1001
ACAD
1010
0.0
1020
0.0
1030
0.0
1001
AcadAnnotative
1000
AnnotativeData
1002
{
1070
     1
1070
     0
1002
}
1001
AcDbBlockRepETag
1070
     1
1071
        5
1005
0
  0
LINE
  5
31C1
330
30BA
100
AcDbEntity
  8
0
  6
Continuous
100
AcDbLine
 10
685.9418633485211
 20
-100.0000000000009
 30
0.0
 11
686.3564014917015
 21
-99.50597267859848
 31
0.0
1001
ACAD
1010
0.0
1020
0.0
1030
0.0
1001
AcadAnnotative
1000
AnnotativeData
1002
{
1070
     1
1070
     0
1002
}
1001
AcDbBlockRepETag
1070
     1
1071
        5
1005
0
  0
LINE
  5
31C2
330
30BA
100
AcDbEntity
  8
0
  6
Continuous
100
AcDbLine
 10
753.7044732966087
 20
-19.24366615080771
 30
0.0
 11
759.8270252788729
 21
-11.94709283009956
 31
0.0
1001
ACAD
1010
0.0
1020
0.0
1030
0.0
1001
AcadAnnotative
1000
AnnotativeData
1002
{
1070
     1
1070
     0
1002
}
1001
AcDbBlockRepETag
1070
     1
1071
        5
1005
0
  0
LINE
  5
31C3
330
30BA
100
AcDbEntity
  8
0
  6
Continuous
100
AcDbLine
 10
844.7968077946111
 20
-27.21320892025938
 30
0.0
 11
850.9193597768753
 21
-19.91663559955123
 31
0.0
1001
ACAD
1010
0.0
1020
0.0
1030
0.0
1001
AcadAnnotative
1000
AnnotativeData
1002
{
1070
     1
1070
     0
1002
}
1001
AcDbBlockRepETag
1070
     1
1071
        5
1005
0
  0
LINE
  5
31C4
330
30BA
100
AcDbEntity
  8
0
  6
Continuous
100
AcDbLine
 10
935.8891422926131
 20
-35.18275168971036
 30
0.0
 11
942.0116942748773
 21
-27.88617836900221
 31
0.0
1001
ACAD
1010
0.0
1020
0.0
1030
0.0
1001
AcadAnnotative
1000
AnnotativeData
1002
{
1070
     1
1070
     0
1002
}
1001
AcDbBlockRepETag
1070
     1
1071
        5
1005
0
  0
LINE
  5
31C5
330
30BA
100
AcDbEntity
  8
0
  6
Continuous
100
AcDbLine
 10
571.5198480044432
 20
-3.304078462683946
 30
0.0
 11
579.1108516039026
 21
-3.968205222421147
 31
0.0
1001
ACAD
1010
0.0
1020
0.0
1030
0.0
1001
AcadAnnotative
1000
AnnotativeData
1002
{
1070
     1
1070
     0
1002
}
1001
AcDbBlockRepETag
1070
     1
1071
        5
1005
0
  0
LINE
  5
31C6
330
30BA
100
AcDbEntity
  8
0
  6
Continuous
100
AcDbLine
 10
662.612182171481
 20
-11.27362503641507
 30
0.0
 11
670.2031857709402
 21
-11.93775179615227
 31
0.0
1001
ACAD
1010
0.0
1020
0.0
1030
0.0
1001
AcadAnnotative
1000
AnnotativeData
1002
{
1070
     1
1070
     0
1002
}
1001
AcDbBlockRepETag
1070
     1
1071
        5
1005
0
  0
LINE
  5
31C7
330
30BA
100
AcDbEntity
  8
0
  6
Continuous
100
AcDbLine
 10
753.7045163385187
 20
-19.24317161014619
 30
0.0
 11
761.295519937978
 21
-19.90729836988339
 31
0.0
1001
ACAD
1010
0.0
1020
0.0
1030
0.0
1001
AcadAnnotative
1000
AnnotativeData
1002
{
1070
     1
1070
     0
1002
}
1001
AcDbBlockRepETag
1070
     1
1071
        5
1005
0
  0
LINE
  5
31C8
330
30BA
100
AcDbEntity
  8
0
  6
Continuous
100
AcDbLine
 10
844.7968505055564
 20
-27.21271818387732
 30
0.0
 11
852.3878541050157
 21
-27.87684494361452
 31
0.0
1001
ACAD
1010
0.0
1020
0.0
1030
0.0
1001
AcadAnnotative
1000
AnnotativeData
1002
{
1070
     1
1070
     0
1002
}
1001
AcDbBlockRepETag
1070
     1
1071
        5
1005
0
  0
LINE
  5
31C9
330
30BA
100
AcDbEntity
  8
0
  6
Continuous
100
AcDbLine
 10
935.8891846725942
 20
-35.18226475760844
 30
0.0
 11
943.4801882720535
 21
-35.84639151734564
 31
0.0
1001
ACAD
1010
0.0
1020
0.0
1030
0.0
1001
AcadAnnotative
1000
AnnotativeData
1002
{
1070
     1
1070
     0
1002
}
1001
AcDbBlockRepETag
1070
     1
1071
        5
1005
0
  0
LINE
  5
31CA
330
30BA
100
AcDbEntity
  8
0
  6
Continuous
100
AcDbLine
 10
42.58755371470124
 20
-51.01522163981576
 30
0.0
 11
50.17855731416057
 21
-51.67934839955297
 31
0.0
1001
ACAD
1010
0.0
1020
0.0
1030
0.0
1001
AcadAnnotative
1000
AnnotativeData
1002
{
1070
     1
1070
     0
1002
}
1001
AcDbBlockRepETag
1070
     1
1071
        5
1005
0
  0
LINE
  5
31CB
330
30BA
100
AcDbEntity
  8
0
  6
Continuous
100
AcDbLine
 10
133.679887881739
 20
-58.98476821354688
 30
0.0
 11
141.2708914811983
 21
-59.64889497328409
 31
0.0
1001
ACAD
1010
0.0
1020
0.0
1030
0.0
1001
AcadAnnotative
1000
AnnotativeData
1002
{
1070
     1
1070
     0
1002
}
1001
AcDbBlockRepETag
1070
     1
1071
        5
1005
0
  0
LINE
  5
31CC
330
30BA
100
AcDbEntity
  8
0
  6
Continuous
100
AcDbLine
 10
224.7722220487767
 20
-66.95431478727801
 30
0.0
 11
232.3632256482361
 21
-67.6184415470152
 31
0.0
1001
ACAD
1010
0.0
1020
0.0
1030
0.0
1001
AcadAnnotative
1000
AnnotativeData
1002
{
1070
     1
1070
     0
1002
}
1001
AcDbBlockRepETag
1070
     1
1071
        5
1005
0
  0
LINE
  5
31CD
330
30BA
100
AcDbEntity
  8
0
  6
Continuous
100
AcDbLine
 10
315.8645562158144
 20
-74.92386136100913
 30
0.0
 11
323.4555598152738
 21
-75.58798812074633
 31
0.0
1001
ACAD
1010
0.0
1020
0.0
1030
0.0
1001
AcadAnnotative
1000
AnnotativeData
1002
{
1070
     1
1070
     0
1002
}
1001
AcDbBlockRepETag
1070
     1
1071
        5
1005
0
  0
LINE
  5
31CE
330
30BA
100
AcDbEntity
  8
0
  6
Continuous
100
AcDbLine
 10
406.9568903828521
 20
-82.89340793474025
 30
0.0
 11
414.5478939823115
 21
-83.55753469447746
 31
0.0
1001
ACAD
1010
0.0
1020
0.0
1030
0.0
1001
AcadAnnotative
1000
AnnotativeData
1002
{
1070
     1
1070
     0
1002
}
1001
AcDbBlockRepETag
1070
     1
1071
        5
1005
0
  0
LINE
  5
31CF
330
30BA
100
AcDbEntity
  8
0
  6
Continuous
100
AcDbLine
 10
498.0492245498899
 20
-90.86295450847137
 30
0.0
 11
505.6402281493492
 21
-91.52708126820858
 31
0.0
1001
ACAD
1010
0.0
1020
0.0
1030
0.0
1001
AcadAnnotative
1000
AnnotativeData
1002
{
1070
     1
1070
     0
1002
}
1001
AcDbBlockRepETag
1070
     1
1071
        5
1005
0
  0
LINE
  5
31D0
330
30BA
100
AcDbEntity
  8
0
  6
Continuous
100
AcDbLine
 10
589.1415587169276
 20
-98.8325010822025
 30
0.0
 11
596.7325623163869
 21
-99.4966278419397
 31
0.0
1001
ACAD
1010
0.0
1020
0.0
1030
0.0
1001
AcadAnnotative
1000
AnnotativeData
1002
{
1070
     1
1070
     0
1002
}
1001
AcDbBlockRepETag
1070
     1
1071
        5
1005
0
  0
LINE
  5
31D1
330
30BA
100
AcDbEntity
  8
0
  6
Continuous
100
AcDbLine
 10
50.2138419348048
 20
-51.67282581524978
 30
0.0
 11
48.74539032014263
 21
-43.7121257146673
 31
0.0
1001
ACAD
1010
0.0
1020
0.0
1030
0.0
1001
AcadAnnotative
1000
AnnotativeData
1002
{
1070
     1
1070
     0
1002
}
1001
AcDbBlockRepETag
1070
     1
1071
        5
1005
0
  0
LINE
  5
31D2
330
30BA
100
AcDbEntity
  8
0
  6
Continuous
100
AcDbLine
 10
141.3058982615521
 20
-59.64242374006904
 30
0.0
 11
139.8374466468899
 21
-51.68172363948656
 31
0.0
1001
ACAD
1010
0.0
1020
0.0
1030
0.0
1001
AcadAnnotative
1000
AnnotativeData
1002
{
1070
     1
1070
     0
1002
}
1001
AcDbBlockRepETag
1070
     1
1071
        5
1005
0
  0
LINE
  5
31D3
330
30BA
100
AcDbEntity
  8
0
  6
Continuous
100
AcDbLine
 10
232.3979545882985
 20
-67.61202166488238
 30
0.0
 11
230.9295029736363
 21
-59.65132156429991
 31
0.0
1001
ACAD
1010
0.0
1020
0.0
1030
0.0
1001
AcadAnnotative
1000
AnnotativeData
1002
{
1070
     1
1070
     0
1002
}
1001
AcDbBlockRepETag
1070
     1
1071
        5
1005
0
  0
LINE
  5
31D4
330
30BA
100
AcDbEntity
  8
0
  6
Continuous
100
AcDbLine
 10
323.490010915044
 20
-75.58161958970368
 30
0.0
 11
322.0215593003818
 21
-67.62091948912121
 31
0.0
1001
ACAD
1010
0.0
1020
0.0
1030
0.0
1001
AcadAnnotative
1000
AnnotativeData
1002
{
1070
     1
1070
     0
1002
}
1001
AcDbBlockRepETag
1070
     1
1071
        5
1005
0
  0
LINE
  5
31D5
330
30BA
100
AcDbEntity
  8
0
  6
Continuous
100
AcDbLine
 10
414.5820672417908
 20
-83.5512175145193
 30
0.0
 11
413.1136156271286
 21
-75.59051741393682
 31
0.0
1001
ACAD
1010
0.0
1020
0.0
1030
0.0
1001
AcadAnnotative
1000
AnnotativeData
1002
{
1070
     1
1070
     0
1002
}
1001
AcDbBlockRepETag
1070
     1
1071
        5
1005
0
  0
LINE
  5
31D6
330
30BA
100
AcDbEntity
  8
0
  6
Continuous
100
AcDbLine
 10
505.6741235685381
 20
-91.52081543933809
 30
0.0
 11
504.2056719538759
 21
-83.56011533875562
 31
0.0
1001
ACAD
1010
0.0
1020
0.0
1030
0.0
1001
AcadAnnotative
1000
AnnotativeData
1002
{
1070
     1
1070
     0
1002
}
1001
AcDbBlockRepETag
1070
     1
1071
        5
1005
0
  0
LINE
  5
31D7
330
30BA
100
AcDbEntity
  8
0
  6
Continuous
100
AcDbLine
 10
596.7661798952844
 20
-99.49041336415371
 30
0.0
 11
595.2977282806223
 21
-91.52971326357123
 31
0.0
1001
ACAD
1010
0.0
1020
0.0
1030
0.0
1001
AcadAnnotative
1000
AnnotativeData
1002
{
1070
     1
1070
     0
1002
}
1001
AcDbBlockRepETag
1070
     1
1071
        5
1005
0
  0
LINE
  5
31D8
330
30BA
100
AcDbEntity
  8
0
  6
Continuous
100
AcDbLine
 10
579.1447471137148
 20
-3.961939483238666
 30
0.0
 11
578.413917367875
 21
-0.0000000000943601
 31
0.0
1001
ACAD
1010
0.0
1020
0.0
1030
0.0
1001
AcadAnnotative
1000
AnnotativeData
1002
{
1070
     1
1070
     0
1002
}
1001
AcDbBlockRepETag
1070
     1
1071
        5
1005
0
  0
LINE
  5
31D9
330
30BA
100
AcDbEntity
  8
0
  6
Continuous
100
AcDbLine
 10
686.4821429784374
 20
-100.0
 30
0.0
 11
686.3897846073691
 21
-99.49931118839026
 31
0.0
1001
ACAD
1010
0.0
1020
0.0
1030
0.0
1001
AcadAnnotative
1000
AnnotativeData
1002
{
1070
     1
1070
     0
1002
}
1001
AcDbBlockRepETag
1070
     1
1071
        5
1005
0
  0
LINE
  5
31DA
330
30BA
100
AcDbEntity
  8
0
  6
Continuous
100
AcDbLine
 10
670.2368034404616
 20
-11.93153740805769
 30
0.0
 11
668.7683518257995
 21
-3.970837307475221
 31
0.0
1001
ACAD
1010
0.0
1020
0.0
1030
0.0
1001
AcadAnnotative
1000
AnnotativeData
1002
{
1070
     1
1070
     0
1002
}
1001
AcDbBlockRepETag
1070
     1
1071
        5
1005
0
  0
LINE
  5
31DB
330
30BA
100
AcDbEntity
  8
0
  6
Continuous
100
AcDbLine
 10
761.3288597672071
 20
-19.90113533287695
 30
0.0
 11
759.860408152545
 21
-11.94043523229447
 31
0.0
1001
ACAD
1010
0.0
1020
0.0
1030
0.0
1001
AcadAnnotative
1000
AnnotativeData
1002
{
1070
     1
1070
     0
1002
}
1001
AcDbBlockRepETag
1070
     1
1071
        5
1005
0
  0
LINE
  5
31DC
330
30BA
100
AcDbEntity
  8
0
  6
Continuous
100
AcDbLine
 10
852.4209160939536
 20
-27.87073325769075
 30
0.0
 11
850.9524644792914
 21
-19.91003315710827
 31
0.0
1001
ACAD
1010
0.0
1020
0.0
1030
0.0
1001
AcadAnnotative
1000
AnnotativeData
1002
{
1070
     1
1070
     0
1002
}
1001
AcDbBlockRepETag
1070
     1
1071
        5
1005
0
  0
LINE
  5
31DD
330
30BA
100
AcDbEntity
  8
0
  6
Continuous
100
AcDbLine
 10
943.5129724207008
 20
-35.84033118251
 30
0.0
 11
942.0445208060387
 21
-27.87963108192753
 31
0.0
1001
ACAD
1010
0.0
1020
0.0
1030
0.0
1001
AcadAnnotative
1000
AnnotativeData
1002
{
1070
     1
1070
     0
1002
}
1001
AcDbBlockRepETag
1070
     1
1071
        5
1005
0
  0
LINE
  5
31DE
330
30BA
100
AcDbEntity
  8
0
  6
Continuous
100
AcDbLine
 10
168.7418642063226
 20
-22.1978564238982
 30
0.0
 11
178.6337031260859
 21
-11.88843456641984
 31
0.0
1001
ACAD
1010
0.0
1020
0.0
1030
0.0
1001
AcadAnnotative
1000
AnnotativeData
1002
{
1070
     1
1070
     0
1002
}
1001
AcDbBlockRepETag
1070
     1
1071
        5
1005
0
  0
LINE
  5
31DF
330
30BA
100
AcDbEntity
  8
0
  6
Continuous
100
AcDbLine
 10
304.2813846523891
 20
-43.21902039026281
 30
0.0
 11
314.1732235721524
 21
-32.90959853278446
 31
0.0
1001
ACAD
1010
0.0
1020
0.0
1030
0.0
1001
AcadAnnotative
1000
AnnotativeData
1002
{
1070
     1
1070
     0
1002
}
1001
AcDbBlockRepETag
1070
     1
1071
        5
1005
0
  0
LINE
  5
31E0
330
30BA
100
AcDbEntity
  8
0
  6
Continuous
100
AcDbLine
 10
439.8209050984528
 20
-64.24018435662697
 30
0.0
 11
449.7127440182161
 21
-53.93076249914861
 31
0.0
1001
ACAD
1010
0.0
1020
0.0
1030
0.0
1001
AcadAnnotative
1000
AnnotativeData
1002
{
1070
     1
1070
     0
1002
}
1001
AcDbBlockRepETag
1070
     1
1071
        5
1005
0
  0
LINE
  5
31E1
330
30BA
100
AcDbEntity
  8
0
  6
Continuous
100
AcDbLine
 10
575.3604255445184
 20
-85.26134832299067
 30
0.0
 11
585.2522644642817
 21
-74.95192646551231
 31
0.0
1001
ACAD
1010
0.0
1020
0.0
1030
0.0
1001
AcadAnnotative
1000
AnnotativeData
1002
{
1070
     1
1070
     0
1002
}
1001
AcDbBlockRepETag
1070
     1
1071
        5
1005
0
  0
LINE
  5
31E2
330
30BA
100
AcDbEntity
  8
0
  6
Continuous
100
AcDbLine
 10
716.9279852382569
 20
-100.0000000000009
 30
0.0
 11
720.7917849103465
 21
-95.97309043187511
 31
0.0
1001
ACAD
1010
0.0
1020
0.0
1030
0.0
1001
AcadAnnotative
1000
AnnotativeData
1002
{
1070
     1
1070
     0
1002
}
1001
AcDbBlockRepETag
1070
     1
1071
        5
1005
0
  0
LINE
  5
31E3
330
30BA
100
AcDbEntity
  8
0
  6
Continuous
100
AcDbLine
 10
965.1415334738095
 20
-3.590613965977581
 30
0.0
 11
968.5867096890593
 21
0.0000000001875833
 31
0.0
1001
ACAD
1010
0.0
1020
0.0
1030
0.0
1001
AcadAnnotative
1000
AnnotativeData
1002
{
1070
     1
1070
     0
1002
}
1001
AcDbBlockRepETag
1070
     1
1071
        5
1005
0
  0
LINE
  5
31E4
330
30BA
100
AcDbEntity
  8
0
  6
Continuous
100
AcDbLine
 10
44.50529537162128
 20
-2.927512693868493
 30
0.0
 11
44.16472933462364
 21
0.0000000000040927
 31
0.0
1001
ACAD
1010
0.0
1020
0.0
1030
0.0
1001
AcadAnnotative
1000
AnnotativeData
1002
{
1070
     1
1070
     0
1002
}
1001
AcDbBlockRepETag
1070
     1
1071
        5
1005
0
  0
LINE
  5
31E5
330
30BA
100
AcDbEntity
  8
0
  6
Continuous
100
AcDbLine
 10
180.0447157993976
 20
-23.94868828376002
 30
0.0
 11
178.6416047184816
 21
-11.88751642849684
 31
0.0
1001
ACAD
1010
0.0
1020
0.0
1030
0.0
1001
AcadAnnotative
1000
AnnotativeData
1002
{
1070
     1
1070
     0
1002
}
1001
AcDbBlockRepETag
1070
     1
1071
        5
1005
0
  0
LINE
  5
31E6
330
30BA
100
AcDbEntity
  8
0
  6
Continuous
100
AcDbLine
 10
315.5841362271754
 20
-44.96986387365154
 30
0.0
 11
314.1810251462593
 21
-32.90869201838837
 31
0.0
1001
ACAD
1010
0.0
1020
0.0
1030
0.0
1001
AcadAnnotative
1000
AnnotativeData
1002
{
1070
     1
1070
     0
1002
}
1001
AcDbBlockRepETag
1070
     1
1071
        5
1005
0
  0
LINE
  5
31E7
330
30BA
100
AcDbEntity
  8
0
  6
Continuous
100
AcDbLine
 10
451.1235566549516
 20
-65.99103946354467
 30
0.0
 11
449.7204455740357
 21
-53.92986760828148
 31
0.0
1001
ACAD
1010
0.0
1020
0.0
1030
0.0
1001
AcadAnnotative
1000
AnnotativeData
1002
{
1070
     1
1070
     0
1002
}
1001
AcDbBlockRepETag
1070
     1
1071
        5
1005
0
  0
LINE
  5
31E8
330
30BA
100
AcDbEntity
  8
0
  6
Continuous
100
AcDbLine
 10
586.6629770827298
 20
-87.01221505343438
 30
0.0
 11
585.2598660018138
 21
-74.95104319817119
 31
0.0
1001
ACAD
1010
0.0
1020
0.0
1030
0.0
1001
AcadAnnotative
1000
AnnotativeData
1002
{
1070
     1
1070
     0
1002
}
1001
AcDbBlockRepETag
1070
     1
1071
        5
1005
0
  0
LINE
  5
31E9
330
30BA
100
AcDbEntity
  8
0
  6
Continuous
100
AcDbLine
 10
721.2678498923938
 20
-100.0
 30
0.0
 11
720.7992864295897
 21
-95.97221878806294
 31
0.0
1001
ACAD
1010
0.0
1020
0.0
1030
0.0
1001
AcadAnnotative
1000
AnnotativeData
1002
{
1070
     1
1070
     0
1002
}
1001
AcDbBlockRepETag
1070
     1
1071
        5
1005
0
  0
LINE
  5
31EA
330
30BA
100
AcDbEntity
  8
0
  6
Continuous
100
AcDbLine
 10
976.4438849640351
 20
-5.34150393435857
 30
0.0
 11
975.82249232914
 21
0.0000000000056843
 31
0.0
1001
ACAD
1010
0.0
1020
0.0
1030
0.0
1001
AcadAnnotative
1000
AnnotativeData
1002
{
1070
     1
1070
     0
1002
}
1001
AcDbBlockRepETag
1070
     1
1071
        5
1005
0
  0
LINE
  5
31EB
330
30BA
100
AcDbEntity
  8
0
  6
Continuous
100
AcDbLine
 10
965.1470025109883
 20
-3.602212651978334
 30
0.0
 11
976.4419525128264
 21
-5.35396265307645
 31
0.0
1001
ACAD
1010
0.0
1020
0.0
1030
0.0
1001
AcadAnnotative
1000
AnnotativeData
1002
{
1070
     1
1070
     0
1002
}
1001
AcDbBlockRepETag
1070
     1
1071
        5
1005
0
  0
LINE
  5
31EC
330
30BA
100
AcDbEntity
  8
0
  6
Continuous
100
AcDbLine
 10
33.20825623300789
 20
-1.189231577618556
 30
0.0
 11
44.50320623484595
 21
-2.940981578716673
 31
0.0
1001
ACAD
1010
0.0
1020
0.0
1030
0.0
1001
AcadAnnotative
1000
AnnotativeData
1002
{
1070
     1
1070
     0
1002
}
1001
AcDbBlockRepETag
1070
     1
1071
        5
1005
0
  0
LINE
  5
31ED
330
30BA
100
AcDbEntity
  8
0
  6
Continuous
100
AcDbLine
 10
168.7477027739228
 20
-22.21023880547273
 30
0.0
 11
180.0426527757609
 21
-23.96198880657085
 31
0.0
1001
ACAD
1010
0.0
1020
0.0
1030
0.0
1001
AcadAnnotative
1000
AnnotativeData
1002
{
1070
     1
1070
     0
1002
}
1001
AcDbBlockRepETag
1070
     1
1071
        5
1005
0
  0
LINE
  5
31EE
330
30BA
100
AcDbEntity
  8
0
  6
Continuous
100
AcDbLine
 10
304.2871493148378
 20
-43.23124603332689
 30
0.0
 11
315.5820993166758
 21
-44.98299603442501
 31
0.0
1001
ACAD
1010
0.0
1020
0.0
1030
0.0
1001
AcadAnnotative
1000
AnnotativeData
1002
{
1070
     1
1070
     0
1002
}
1001
AcDbBlockRepETag
1070
     1
1071
        5
1005
0
  0
LINE
  5
31EF
330
30BA
100
AcDbEntity
  8
0
  6
Continuous
100
AcDbLine
 10
439.8265958557527
 20
-64.25225326118106
 30
0.0
 11
451.1215458575907
 21
-66.00400326227918
 31
0.0
1001
ACAD
1010
0.0
1020
0.0
1030
0.0
1001
AcadAnnotative
1000
AnnotativeData
1002
{
1070
     1
1070
     0
1002
}
1001
AcDbBlockRepETag
1070
     1
1071
        5
1005
0
  0
LINE
  5
31F0
330
30BA
100
AcDbEntity
  8
0
  6
Continuous
100
AcDbLine
 10
575.3660423966675
 20
-85.27326048903523
 30
0.0
 11
586.6609923985056
 21
-87.02501049013335
 31
0.0
1001
ACAD
1010
0.0
1020
0.0
1030
0.0
1001
AcadAnnotative
1000
AnnotativeData
1002
{
1070
     1
1070
     0
1002
}
1001
AcDbBlockRepETag
1070
     1
1071
        5
1005
0
  0
LINE
  5
31F1
330
30BA
100
AcDbEntity
  8
0
  6
Continuous
100
AcDbLine
 10
94.05739220458235
 20
-3.180388598402942
 30
0.0
 11
102.3425877635818
 21
-0.0000000000679847
 31
0.0
1001
ACAD
1010
0.0
1020
0.0
1030
0.0
1001
AcadAnnotative
1000
AnnotativeData
1002
{
1070
     1
1070
     0
1002
}
1001
AcDbBlockRepETag
1070
     1
1071
        5
1005
0
  0
LINE
  5
31F2
330
30BA
100
AcDbEntity
  8
0
  6
Continuous
100
AcDbLine
 10
63.15634509051915
 20
-95.27444432497418
 30
0.0
 11
72.04869865290493
 21
-91.86098960555524
 31
0.0
1001
ACAD
1010
0.0
1020
0.0
1030
0.0
1001
AcadAnnotative
1000
AnnotativeData
1002
{
1070
     1
1070
     0
1002
}
1001
AcDbBlockRepETag
1070
     1
1071
        5
1005
0
  0
LINE
  5
31F3
330
30BA
100
AcDbEntity
  8
0
  6
Continuous
100
AcDbLine
 10
169.8645878391494
 20
-54.31298769194632
 30
0.0
 11
178.7569414015352
 21
-50.89953297252737
 31
0.0
1001
ACAD
1010
0.0
1020
0.0
1030
0.0
1001
AcadAnnotative
1000
AnnotativeData
1002
{
1070
     1
1070
     0
1002
}
1001
AcDbBlockRepETag
1070
     1
1071
        5
1005
0
  0
LINE
  5
31F4
330
30BA
100
AcDbEntity
  8
0
  6
Continuous
100
AcDbLine
 10
276.5728305877797
 20
-13.35153105891845
 30
0.0
 11
285.4651841501654
 21
-9.938076339499502
 31
0.0
1001
ACAD
1010
0.0
1020
0.0
1030
0.0
1001
AcadAnnotative
1000
AnnotativeData
1002
{
1070
     1
1070
     0
1002
}
1001
AcDbBlockRepETag
1070
     1
1071
        5
1005
0
  0
LINE
  5
31F5
330
30BA
100
AcDbEntity
  8
0
  6
Continuous
100
AcDbLine
 10
352.3800262223431
 20
-64.48413015246297
 30
0.0
 11
361.2723797847289
 21
-61.07067543304402
 31
0.0
1001
ACAD
1010
0.0
1020
0.0
1030
0.0
1001
AcadAnnotative
1000
AnnotativeData
1002
{
1070
     1
1070
     0
1002
}
1001
AcDbBlockRepETag
1070
     1
1071
        5
1005
0
  0
LINE
  5
31F6
330
30BA
100
AcDbEntity
  8
0
  6
Continuous
100
AcDbLine
 10
459.0882689709733
 20
-23.5226735194351
 30
0.0
 11
467.9806225333591
 21
-20.10921880001615
 31
0.0
1001
ACAD
1010
0.0
1020
0.0
1030
0.0
1001
AcadAnnotative
1000
AnnotativeData
1002
{
1070
     1
1070
     0
1002
}
1001
AcDbBlockRepETag
1070
     1
1071
        5
1005
0
  0
LINE
  5
31F7
330
30BA
100
AcDbEntity
  8
0
  6
Continuous
100
AcDbLine
 10
534.8954646055408
 20
-74.65527261297848
 30
0.0
 11
543.7878181679265
 21
-71.24181789355953
 31
0.0
1001
ACAD
1010
0.0
1020
0.0
1030
0.0
1001
AcadAnnotative
1000
AnnotativeData
1002
{
1070
     1
1070
     0
1002
}
1001
AcDbBlockRepETag
1070
     1
1071
        5
1005
0
  0
LINE
  5
31F8
330
30BA
100
AcDbEntity
  8
0
  6
Continuous
100
AcDbLine
 10
641.603707354171
 20
-33.69381597995062
 30
0.0
 11
650.4960609165569
 21
-30.28036126053166
 31
0.0
1001
ACAD
1010
0.0
1020
0.0
1030
0.0
1001
AcadAnnotative
1000
AnnotativeData
1002
{
1070
     1
1070
     0
1002
}
1001
AcDbBlockRepETag
1070
     1
1071
        5
1005
0
  0
LINE
  5
31F9
330
30BA
100
AcDbEntity
  8
0
  6
Continuous
100
AcDbLine
 10
717.4109029887381
 20
-84.82641507349468
 30
0.0
 11
726.3032565511239
 21
-81.41296035407572
 31
0.0
1001
ACAD
1010
0.0
1020
0.0
1030
0.0
1001
AcadAnnotative
1000
AnnotativeData
1002
{
1070
     1
1070
     0
1002
}
1001
AcDbBlockRepETag
1070
     1
1071
        5
1005
0
  0
LINE
  5
31FA
330
30BA
100
AcDbEntity
  8
0
  6
Continuous
100
AcDbLine
 10
824.1191457373684
 20
-43.8649584404668
 30
0.0
 11
833.0114992997541
 21
-40.45150372104785
 31
0.0
1001
ACAD
1010
0.0
1020
0.0
1030
0.0
1001
AcadAnnotative
1000
AnnotativeData
1002
{
1070
     1
1070
     0
1002
}
1001
AcDbBlockRepETag
1070
     1
1071
        5
1005
0
  0
LINE
  5
31FB
330
30BA
100
AcDbEntity
  8
0
  6
Continuous
100
AcDbLine
 10
930.8273884859985
 20
-2.903501807438942
 30
0.0
 11
938.3912692937069
 21
-0.0000000000650289
 31
0.0
1001
ACAD
1010
0.0
1020
0.0
1030
0.0
1001
AcadAnnotative
1000
AnnotativeData
1002
{
1070
     1
1070
     0
1002
}
1001
AcDbBlockRepETag
1070
     1
1071
        5
1005
0
  0
LINE
  5
31FC
330
30BA
100
AcDbEntity
  8
0
  6
Continuous
100
AcDbLine
 10
899.926341371936
 20
-94.99755753401041
 30
0.0
 11
908.8186949343217
 21
-91.58410281459145
 31
0.0
1001
ACAD
1010
0.0
1020
0.0
1030
0.0
1001
AcadAnnotative
1000
AnnotativeData
1002
{
1070
     1
1070
     0
1002
}
1001
AcDbBlockRepETag
1070
     1
1071
        5
1005
0
  0
LINE
  5
31FD
330
30BA
100
AcDbEntity
  8
0
  6
Continuous
100
AcDbLine
 10
930.8296284388706
 20
-2.898560581579886
 30
0.0
 11
937.1468947417401
 21
-7.159610506027092
 31
0.0
1001
ACAD
1010
0.0
1020
0.0
1030
0.0
1001
AcadAnnotative
1000
AnnotativeData
1002
{
1070
     1
1070
     0
1002
}
1001
AcDbBlockRepETag
1070
     1
1071
        5
1005
0
  0
LINE
  5
31FE
330
30BA
100
AcDbEntity
  8
0
  6
Continuous
100
AcDbLine
 10
824.1214186306134
 20
-43.85994454937395
 30
0.0
 11
830.4386849334829
 21
-48.12099447382116
 31
0.0
1001
ACAD
1010
0.0
1020
0.0
1030
0.0
1001
AcadAnnotative
1000
AnnotativeData
1002
{
1070
     1
1070
     0
1002
}
1001
AcDbBlockRepETag
1070
     1
1071
        5
1005
0
  0
LINE
  5
31FF
330
30BA
100
AcDbEntity
  8
0
  6
Continuous
100
AcDbLine
 10
899.9286142650461
 20
-94.99254364273907
 30
0.0
 11
906.2458805679156
 21
-99.25359356718628
 31
0.0
1001
ACAD
1010
0.0
1020
0.0
1030
0.0
1001
AcadAnnotative
1000
AnnotativeData
1002
{
1070
     1
1070
     0
1002
}
1001
AcDbBlockRepETag
1070
     1
1071
        5
1005
0
  0
LINE
  5
3200
330
30BA
100
AcDbEntity
  8
0
  6
Continuous
100
AcDbLine
 10
641.6060131879248
 20
-33.68872942380426
 30
0.0
 11
647.9232794907943
 21
-37.94977934825147
 31
0.0
1001
ACAD
1010
0.0
1020
0.0
1030
0.0
1001
AcadAnnotative
1000
AnnotativeData
1002
{
1070
     1
1070
     0
1002
}
1001
AcDbBlockRepETag
1070
     1
1071
        5
1005
0
  0
LINE
  5
3201
330
30BA
100
AcDbEntity
  8
0
  6
Continuous
100
AcDbLine
 10
717.4132088223577
 20
-84.82132851716938
 30
0.0
 11
723.7304751252272
 21
-89.08237844161659
 31
0.0
1001
ACAD
1010
0.0
1020
0.0
1030
0.0
1001
AcadAnnotative
1000
AnnotativeData
1002
{
1070
     1
1070
     0
1002
}
1001
AcDbBlockRepETag
1070
     1
1071
        5
1005
0
  0
LINE
  5
3202
330
30BA
100
AcDbEntity
  8
0
  6
Continuous
100
AcDbLine
 10
459.090607745235
 20
-23.51751429823298
 30
0.0
 11
465.4078740481045
 21
-27.77856422267996
 31
0.0
1001
ACAD
1010
0.0
1020
0.0
1030
0.0
1001
AcadAnnotative
1000
AnnotativeData
1002
{
1070
     1
1070
     0
1002
}
1001
AcDbBlockRepETag
1070
     1
1071
        5
1005
0
  0
LINE
  5
3203
330
30BA
100
AcDbEntity
  8
0
  6
Continuous
100
AcDbLine
 10
534.8978033796679
 20
-74.65011339159786
 30
0.0
 11
541.2150696825374
 21
-78.91116331604507
 31
0.0
1001
ACAD
1010
0.0
1020
0.0
1030
0.0
1001
AcadAnnotative
1000
AnnotativeData
1002
{
1070
     1
1070
     0
1002
}
1001
AcDbBlockRepETag
1070
     1
1071
        5
1005
0
  0
LINE
  5
3204
330
30BA
100
AcDbEntity
  8
0
  6
Continuous
100
AcDbLine
 10
276.5752023025448
 20
-13.34629917266284
 30
0.0
 11
282.8924686054143
 21
-17.60734909710982
 31
0.0
1001
ACAD
1010
0.0
1020
0.0
1030
0.0
1001
AcadAnnotative
1000
AnnotativeData
1002
{
1070
     1
1070
     0
1002
}
1001
AcDbBlockRepETag
1070
     1
1071
        5
1005
0
  0
LINE
  5
3205
330
30BA
100
AcDbEntity
  8
0
  6
Continuous
100
AcDbLine
 10
352.3823979369776
 20
-64.47889826602772
 30
0.0
 11
358.6996642398471
 21
-68.73994819047493
 31
0.0
1001
ACAD
1010
0.0
1020
0.0
1030
0.0
1001
AcadAnnotative
1000
AnnotativeData
1002
{
1070
     1
1070
     0
1002
}
1001
AcDbBlockRepETag
1070
     1
1071
        5
1005
0
  0
LINE
  5
3206
330
30BA
100
AcDbEntity
  8
0
  6
Continuous
100
AcDbLine
 10
94.0597968598554
 20
-3.175084047092923
 30
0.0
 11
100.3770631627248
 21
-7.43613397154013
 31
0.0
1001
ACAD
1010
0.0
1020
0.0
1030
0.0
1001
AcadAnnotative
1000
AnnotativeData
1002
{
1070
     1
1070
     0
1002
}
1001
AcDbBlockRepETag
1070
     1
1071
        5
1005
0
  0
LINE
  5
3207
330
30BA
100
AcDbEntity
  8
0
  6
Continuous
100
AcDbLine
 10
169.8669924942883
 20
-54.30768314045804
 30
0.0
 11
176.1842587971577
 21
-58.56873306490524
 31
0.0
1001
ACAD
1010
0.0
1020
0.0
1030
0.0
1001
AcadAnnotative
1000
AnnotativeData
1002
{
1070
     1
1070
     0
1002
}
1001
AcDbBlockRepETag
1070
     1
1071
        5
1005
0
  0
LINE
  5
3208
330
30BA
100
AcDbEntity
  8
0
  6
Continuous
100
AcDbLine
 10
63.15878268603364
 20
-95.26906710825347
 30
0.0
 11
69.47604898890313
 21
-99.53011703270068
 31
0.0
1001
ACAD
1010
0.0
1020
0.0
1030
0.0
1001
AcadAnnotative
1000
AnnotativeData
1002
{
1070
     1
1070
     0
1002
}
1001
AcDbBlockRepETag
1070
     1
1071
        5
1005
0
  0
LINE
  5
3209
330
30BA
100
AcDbEntity
  8
0
  6
Continuous
100
AcDbLine
 10
69.47650099845259
 20
-99.53032430198028
 30
0.0
 11
72.05158822976319
 21
-91.85581962824654
 31
0.0
1001
ACAD
1010
0.0
1020
0.0
1030
0.0
1001
AcadAnnotative
1000
AnnotativeData
1002
{
1070
     1
1070
     0
1002
}
1001
AcDbBlockRepETag
1070
     1
1071
        5
1005
0
  0
LINE
  5
320A
330
30BA
100
AcDbEntity
  8
0
  6
Continuous
100
AcDbLine
 10
100.3775224527667
 20
-7.436343682307096
 30
0.0
 11
102.8726976435873
 21
-0.0000000000804903
 31
0.0
1001
ACAD
1010
0.0
1020
0.0
1030
0.0
1001
AcadAnnotative
1000
AnnotativeData
1002
{
1070
     1
1070
     0
1002
}
1001
AcDbBlockRepETag
1070
     1
1071
        5
1005
0
  0
LINE
  5
320B
330
30BA
100
AcDbEntity
  8
0
  6
Continuous
100
AcDbLine
 10
176.1847106378113
 20
-58.56893985902889
 30
0.0
 11
178.7597978691219
 21
-50.89443518529515
 31
0.0
1001
ACAD
1010
0.0
1020
0.0
1030
0.0
1001
AcadAnnotative
1000
AnnotativeData
1002
{
1070
     1
1070
     0
1002
}
1001
AcDbBlockRepETag
1070
     1
1071
        5
1005
0
  0
LINE
  5
320C
330
30BA
100
AcDbEntity
  8
0
  6
Continuous
100
AcDbLine
 10
282.8929202771687
 20
-17.60755541607568
 30
0.0
 11
285.4680075084793
 21
-9.933050742341947
 31
0.0
1001
ACAD
1010
0.0
1020
0.0
1030
0.0
1001
AcadAnnotative
1000
AnnotativeData
1002
{
1070
     1
1070
     0
1002
}
1001
AcDbBlockRepETag
1070
     1
1071
        5
1005
0
  0
LINE
  5
320D
330
30BA
100
AcDbEntity
  8
0
  6
Continuous
100
AcDbLine
 10
358.7001084622125
 20
-68.74015159279611
 30
0.0
 11
361.2751956935231
 21
-61.06564691906237
 31
0.0
1001
ACAD
1010
0.0
1020
0.0
1030
0.0
1001
AcadAnnotative
1000
AnnotativeData
1002
{
1070
     1
1070
     0
1002
}
1001
AcDbBlockRepETag
1070
     1
1071
        5
1005
0
  0
LINE
  5
320E
330
30BA
100
AcDbEntity
  8
0
  6
Continuous
100
AcDbLine
 10
465.4083181015721
 20
-27.77876714984336
 30
0.0
 11
467.9834053328827
 21
-20.10426247610963
 31
0.0
1001
ACAD
1010
0.0
1020
0.0
1030
0.0
1001
AcadAnnotative
1000
AnnotativeData
1002
{
1070
     1
1070
     0
1002
}
1001
AcDbBlockRepETag
1070
     1
1071
        5
1005
0
  0
LINE
  5
320F
330
30BA
100
AcDbEntity
  8
0
  6
Continuous
100
AcDbLine
 10
541.2155062866149
 20
-78.91136332656447
 30
0.0
 11
543.7905935179255
 21
-71.23685865283073
 31
0.0
1001
ACAD
1010
0.0
1020
0.0
1030
0.0
1001
AcadAnnotative
1000
AnnotativeData
1002
{
1070
     1
1070
     0
1002
}
1001
AcDbBlockRepETag
1070
     1
1071
        5
1005
0
  0
LINE
  5
3210
330
30BA
100
AcDbEntity
  8
0
  6
Continuous
100
AcDbLine
 10
647.9237159259732
 20
-37.94997888361081
 30
0.0
 11
650.4988031572838
 21
-30.27547420987708
 31
0.0
1001
ACAD
1010
0.0
1020
0.0
1030
0.0
1001
AcadAnnotative
1000
AnnotativeData
1002
{
1070
     1
1070
     0
1002
}
1001
AcDbBlockRepETag
1070
     1
1071
        5
1005
0
  0
LINE
  5
3211
330
30BA
100
AcDbEntity
  8
0
  6
Continuous
100
AcDbLine
 10
723.7309041110184
 20
-89.08257506033169
 30
0.0
 11
726.305991342329
 21
-81.40807038659795
 31
0.0
1001
ACAD
1010
0.0
1020
0.0
1030
0.0
1001
AcadAnnotative
1000
AnnotativeData
1002
{
1070
     1
1070
     0
1002
}
1001
AcDbBlockRepETag
1070
     1
1071
        5
1005
0
  0
LINE
  5
3212
330
30BA
100
AcDbEntity
  8
0
  6
Continuous
100
AcDbLine
 10
830.4391137503758
 20
-48.1211906173794
 30
0.0
 11
833.0142009816864
 21
-40.44668594364566
 31
0.0
1001
ACAD
1010
0.0
1020
0.0
1030
0.0
1001
AcadAnnotative
1000
AnnotativeData
1002
{
1070
     1
1070
     0
1002
}
1001
AcDbBlockRepETag
1070
     1
1071
        5
1005
0
  0
LINE
  5
3213
330
30BA
100
AcDbEntity
  8
0
  6
Continuous
100
AcDbLine
 10
906.2463019354195
 20
-99.25378679409982
 30
0.0
 11
908.8213891667301
 21
-91.57928212036608
 31
0.0
1001
ACAD
1010
0.0
1020
0.0
1030
0.0
1001
AcadAnnotative
1000
AnnotativeData
1002
{
1070
     1
1070
     0
1002
}
1001
AcDbBlockRepETag
1070
     1
1071
        5
1005
0
  0
LINE
  5
3214
330
30BA
100
AcDbEntity
  8
0
  6
Continuous
100
AcDbLine
 10
937.1473233897336
 20
-7.159806174426648
 30
0.0
 11
939.5497097641046
 21
-0.0000000000775344
 31
0.0
1001
ACAD
1010
0.0
1020
0.0
1030
0.0
1001
AcadAnnotative
1000
AnnotativeData
1002
{
1070
     1
1070
     0
1002
}
1001
AcDbBlockRepETag
1070
     1
1071
        5
1005
0
  0
LINE
  5
3215
330
30BA
100
AcDbEntity
  8
0
  6
Continuous
100
AcDbLine
 10
48.20388706091353
 20
-18.26168000355255
 30
0.0
 11
48.20388706091353
 21
-18.26168000355255
 31
0.0
1001
ACAD
1010
0.0
1020
0.0
1030
0.0
1001
AcadAnnotative
1000
AnnotativeData
1002
{
1070
     1
1070
     0
1002
}
1001
AcDbBlockRepETag
1070
     1
1071
        5
1005
0
  0
LINE
  5
3216
330
30BA
100
AcDbEntity
  8
0
  6
Continuous
100
AcDbLine
 10
46.65958543561737
 20
-60.53919944013092
 30
0.0
 11
46.65958543561737
 21
-60.53919944013092
 31
0.0
1001
ACAD
1010
0.0
1020
0.0
1030
0.0
1001
AcadAnnotative
1000
AnnotativeData
1002
{
1070
     1
1070
     0
1002
}
1001
AcDbBlockRepETag
1070
     1
1071
        5
1005
0
  0
LINE
  5
3217
330
30BA
100
AcDbEntity
  8
0
  6
Continuous
100
AcDbLine
 10
114.1660211609987
 20
-8.739689445778822
 30
0.0
 11
114.1660211609987
 21
-8.739689445778822
 31
0.0
1001
ACAD
1010
0.0
1020
0.0
1030
0.0
1001
AcadAnnotative
1000
AnnotativeData
1002
{
1070
     1
1070
     0
1002
}
1001
AcDbBlockRepETag
1070
     1
1071
        5
1005
0
  0
LINE
  5
3218
330
30BA
100
AcDbEntity
  8
0
  6
Continuous
100
AcDbLine
 10
112.621719535703
 20
-51.0172088823549
 30
0.0
 11
112.621719535703
 21
-51.0172088823549
 31
0.0
1001
ACAD
1010
0.0
1020
0.0
1030
0.0
1001
AcadAnnotative
1000
AnnotativeData
1002
{
1070
     1
1070
     0
1002
}
1001
AcDbBlockRepETag
1070
     1
1071
        5
1005
0
  0
LINE
  5
3219
330
30BA
100
AcDbEntity
  8
0
  6
Continuous
100
AcDbLine
 10
111.0774179104055
 20
-93.29472831893168
 30
0.0
 11
111.0774179104055
 21
-93.29472831893168
 31
0.0
1001
ACAD
1010
0.0
1020
0.0
1030
0.0
1001
AcadAnnotative
1000
AnnotativeData
1002
{
1070
     1
1070
     0
1002
}
1001
AcDbBlockRepETag
1070
     1
1071
        5
1005
0
  0
LINE
  5
321A
330
30BA
100
AcDbEntity
  8
0
  6
Continuous
100
AcDbLine
 10
177.8281845791593
 20
-42.07506358571049
 30
0.0
 11
177.8281845791593
 21
-42.07506358571049
 31
0.0
1001
ACAD
1010
0.0
1020
0.0
1030
0.0
1001
AcadAnnotative
1000
AnnotativeData
1002
{
1070
     1
1070
     0
1002
}
1001
AcDbBlockRepETag
1070
     1
1071
        5
1005
0
  0
LINE
  5
321B
330
30BA
100
AcDbEntity
  8
0
  6
Continuous
100
AcDbLine
 10
176.2838829538659
 20
-84.35258302228476
 30
0.0
 11
176.2838829538659
 21
-84.35258302228476
 31
0.0
1001
ACAD
1010
0.0
1020
0.0
1030
0.0
1001
AcadAnnotative
1000
AnnotativeData
1002
{
1070
     1
1070
     0
1002
}
1001
AcDbBlockRepETag
1070
     1
1071
        5
1005
0
  0
LINE
  5
321C
330
30BA
100
AcDbEntity
  8
0
  6
Continuous
100
AcDbLine
 10
241.9767129433412
 20
-33.94470165464668
 30
0.0
 11
241.9767129433412
 21
-33.94470165464668
 31
0.0
1001
ACAD
1010
0.0
1020
0.0
1030
0.0
1001
AcadAnnotative
1000
AnnotativeData
1002
{
1070
     1
1070
     0
1002
}
1001
AcDbBlockRepETag
1070
     1
1071
        5
1005
0
  0
LINE
  5
321D
330
30BA
100
AcDbEntity
  8
0
  6
Continuous
100
AcDbLine
 10
240.4324113180432
 20
-76.22222109122481
 30
0.0
 11
240.4324113180432
 21
-76.22222109122481
 31
0.0
1001
ACAD
1010
0.0
1020
0.0
1030
0.0
1001
AcadAnnotative
1000
AnnotativeData
1002
{
1070
     1
1070
     0
1002
}
1001
AcDbBlockRepETag
1070
     1
1071
        5
1005
0
  0
LINE
  5
321E
330
30BA
100
AcDbEntity
  8
0
  6
Continuous
100
AcDbLine
 10
307.9388470434246
 20
-24.42271109687272
 30
0.0
 11
307.9388470434246
 21
-24.42271109687272
 31
0.0
1001
ACAD
1010
0.0
1020
0.0
1030
0.0
1001
AcadAnnotative
1000
AnnotativeData
1002
{
1070
     1
1070
     0
1002
}
1001
AcDbBlockRepETag
1070
     1
1071
        5
1005
0
  0
LINE
  5
321F
330
30BA
100
AcDbEntity
  8
0
  6
Continuous
100
AcDbLine
 10
306.3945454181289
 20
-66.70023053344926
 30
0.0
 11
306.3945454181289
 21
-66.70023053344926
 31
0.0
1001
ACAD
1010
0.0
1020
0.0
1030
0.0
1001
AcadAnnotative
1000
AnnotativeData
1002
{
1070
     1
1070
     0
1002
}
1001
AcDbBlockRepETag
1070
     1
1071
        5
1005
0
  0
LINE
  5
3220
330
30BA
100
AcDbEntity
  8
0
  6
Continuous
100
AcDbLine
 10
373.1453120868828
 20
-15.48056580022808
 30
0.0
 11
373.1453120868828
 21
-15.48056580022808
 31
0.0
1001
ACAD
1010
0.0
1020
0.0
1030
0.0
1001
AcadAnnotative
1000
AnnotativeData
1002
{
1070
     1
1070
     0
1002
}
1001
AcDbBlockRepETag
1070
     1
1071
        5
1005
0
  0
LINE
  5
3221
330
30BA
100
AcDbEntity
  8
0
  6
Continuous
100
AcDbLine
 10
371.6010104615889
 20
-57.75808523680371
 30
0.0
 11
371.6010104615889
 21
-57.75808523680371
 31
0.0
1001
ACAD
1010
0.0
1020
0.0
1030
0.0
1001
AcadAnnotative
1000
AnnotativeData
1002
{
1070
     1
1070
     0
1002
}
1001
AcDbBlockRepETag
1070
     1
1071
        5
1005
0
  0
LINE
  5
3222
330
30BA
100
AcDbEntity
  8
0
  6
Continuous
100
AcDbLine
 10
437.2938404510641
 20
-7.350203869165625
 30
0.0
 11
437.2938404510641
 21
-7.350203869165625
 31
0.0
1001
ACAD
1010
0.0
1020
0.0
1030
0.0
1001
AcadAnnotative
1000
AnnotativeData
1002
{
1070
     1
1070
     0
1002
}
1001
AcDbBlockRepETag
1070
     1
1071
        5
1005
0
  0
LINE
  5
3223
330
30BA
100
AcDbEntity
  8
0
  6
Continuous
100
AcDbLine
 10
435.7495388257702
 20
-49.62772330574125
 30
0.0
 11
435.7495388257702
 21
-49.62772330574125
 31
0.0
1001
ACAD
1010
0.0
1020
0.0
1030
0.0
1001
AcadAnnotative
1000
AnnotativeData
1002
{
1070
     1
1070
     0
1002
}
1001
AcDbBlockRepETag
1070
     1
1071
        5
1005
0
  0
LINE
  5
3224
330
30BA
100
AcDbEntity
  8
0
  6
Continuous
100
AcDbLine
 10
434.2052372004696
 20
-91.90524274232007
 30
0.0
 11
434.2052372004696
 21
-91.90524274232007
 31
0.0
1001
ACAD
1010
0.0
1020
0.0
1030
0.0
1001
AcadAnnotative
1000
AnnotativeData
1002
{
1070
     1
1070
     0
1002
}
1001
AcDbBlockRepETag
1070
     1
1071
        5
1005
0
  0
LINE
  5
3225
330
30BA
100
AcDbEntity
  8
0
  6
Continuous
100
AcDbLine
 10
501.711672925851
 20
-40.10573274796797
 30
0.0
 11
501.711672925851
 21
-40.10573274796797
 31
0.0
1001
ACAD
1010
0.0
1020
0.0
1030
0.0
1001
AcadAnnotative
1000
AnnotativeData
1002
{
1070
     1
1070
     0
1002
}
1001
AcDbBlockRepETag
1070
     1
1071
        5
1005
0
  0
LINE
  5
3226
330
30BA
100
AcDbEntity
  8
0
  6
Continuous
100
AcDbLine
 10
500.1673713005565
 20
-82.38325218454269
 30
0.0
 11
500.1673713005565
 21
-82.38325218454269
 31
0.0
1001
ACAD
1010
0.0
1020
0.0
1030
0.0
1001
AcadAnnotative
1000
AnnotativeData
1002
{
1070
     1
1070
     0
1002
}
1001
AcDbBlockRepETag
1070
     1
1071
        5
1005
0
  0
LINE
  5
3227
330
30BA
100
AcDbEntity
  8
0
  6
Continuous
100
AcDbLine
 10
566.9181379693104
 20
-31.16358745132152
 30
0.0
 11
566.9181379693104
 21
-31.16358745132152
 31
0.0
1001
ACAD
1010
0.0
1020
0.0
1030
0.0
1001
AcadAnnotative
1000
AnnotativeData
1002
{
1070
     1
1070
     0
1002
}
1001
AcDbBlockRepETag
1070
     1
1071
        5
1005
0
  0
LINE
  5
3228
330
30BA
100
AcDbEntity
  8
0
  6
Continuous
100
AcDbLine
 10
565.3738363440139
 20
-73.44110688789783
 30
0.0
 11
565.3738363440139
 21
-73.44110688789783
 31
0.0
1001
ACAD
1010
0.0
1020
0.0
1030
0.0
1001
AcadAnnotative
1000
AnnotativeData
1002
{
1070
     1
1070
     0
1002
}
1001
AcDbBlockRepETag
1070
     1
1071
        5
1005
0
  0
LINE
  5
3229
330
30BA
100
AcDbEntity
  8
0
  6
Continuous
100
AcDbLine
 10
631.0666663334891
 20
-23.03322552025975
 30
0.0
 11
631.0666663334891
 21
-23.03322552025975
 31
0.0
1001
ACAD
1010
0.0
1020
0.0
1030
0.0
1001
AcadAnnotative
1000
AnnotativeData
1002
{
1070
     1
1070
     0
1002
}
1001
AcDbBlockRepETag
1070
     1
1071
        5
1005
0
  0
LINE
  5
322A
330
30BA
100
AcDbEntity
  8
0
  6
Continuous
100
AcDbLine
 10
629.522364708193
 20
-65.31074495683697
 30
0.0
 11
629.522364708193
 21
-65.31074495683697
 31
0.0
1001
ACAD
1010
0.0
1020
0.0
1030
0.0
1001
AcadAnnotative
1000
AnnotativeData
1002
{
1070
     1
1070
     0
1002
}
1001
AcDbBlockRepETag
1070
     1
1071
        5
1005
0
  0
LINE
  5
322B
330
30BA
100
AcDbEntity
  8
0
  6
Continuous
100
AcDbLine
 10
697.0288004335743
 20
-13.51123496248488
 30
0.0
 11
697.0288004335743
 21
-13.51123496248488
 31
0.0
1001
ACAD
1010
0.0
1020
0.0
1030
0.0
1001
AcadAnnotative
1000
AnnotativeData
1002
{
1070
     1
1070
     0
1002
}
1001
AcDbBlockRepETag
1070
     1
1071
        5
1005
0
  0
LINE
  5
322C
330
30BA
100
AcDbEntity
  8
0
  6
Continuous
100
AcDbLine
 10
695.4844988082773
 20
-55.78875439906255
 30
0.0
 11
695.4844988082773
 21
-55.78875439906255
 31
0.0
1001
ACAD
1010
0.0
1020
0.0
1030
0.0
1001
AcadAnnotative
1000
AnnotativeData
1002
{
1070
     1
1070
     0
1002
}
1001
AcDbBlockRepETag
1070
     1
1071
        5
1005
0
  0
LINE
  5
322D
330
30BA
100
AcDbEntity
  8
0
  6
Continuous
100
AcDbLine
 10
762.2352654770311
 20
-4.569089665841374
 30
0.0
 11
762.2352654770311
 21
-4.569089665841374
 31
0.0
1001
ACAD
1010
0.0
1020
0.0
1030
0.0
1001
AcadAnnotative
1000
AnnotativeData
1002
{
1070
     1
1070
     0
1002
}
1001
AcDbBlockRepETag
1070
     1
1071
        5
1005
0
  0
LINE
  5
322E
330
30BA
100
AcDbEntity
  8
0
  6
Continuous
100
AcDbLine
 10
693.9401971829838
 20
-98.06627383563796
 30
0.0
 11
693.9401971829838
 21
-98.06627383563796
 31
0.0
1001
ACAD
1010
0.0
1020
0.0
1030
0.0
1001
AcadAnnotative
1000
AnnotativeData
1002
{
1070
     1
1070
     0
1002
}
1001
AcDbBlockRepETag
1070
     1
1071
        5
1005
0
  0
LINE
  5
322F
330
30BA
100
AcDbEntity
  8
0
  6
Continuous
100
AcDbLine
 10
760.6909638517377
 20
-46.84660910241677
 30
0.0
 11
760.6909638517377
 21
-46.84660910241677
 31
0.0
1001
ACAD
1010
0.0
1020
0.0
1030
0.0
1001
AcadAnnotative
1000
AnnotativeData
1002
{
1070
     1
1070
     0
1002
}
1001
AcDbBlockRepETag
1070
     1
1071
        5
1005
0
  0
LINE
  5
3230
330
30BA
100
AcDbEntity
  8
0
  6
Continuous
100
AcDbLine
 10
759.1466622264392
 20
-89.12412853899468
 30
0.0
 11
759.1466622264392
 21
-89.12412853899468
 31
0.0
1001
ACAD
1010
0.0
1020
0.0
1030
0.0
1001
AcadAnnotative
1000
AnnotativeData
1002
{
1070
     1
1070
     0
1002
}
1001
AcDbBlockRepETag
1070
     1
1071
        5
1005
0
  0
LINE
  5
3231
330
30BA
100
AcDbEntity
  8
0
  6
Continuous
100
AcDbLine
 10
824.8394922159146
 20
-38.7162471713566
 30
0.0
 11
824.8394922159146
 21
-38.7162471713566
 31
0.0
1001
ACAD
1010
0.0
1020
0.0
1030
0.0
1001
AcadAnnotative
1000
AnnotativeData
1002
{
1070
     1
1070
     0
1002
}
1001
AcDbBlockRepETag
1070
     1
1071
        5
1005
0
  0
LINE
  5
3232
330
30BA
100
AcDbEntity
  8
0
  6
Continuous
100
AcDbLine
 10
823.2951905906215
 20
-80.99376660793087
 30
0.0
 11
823.2951905906215
 21
-80.99376660793087
 31
0.0
1001
ACAD
1010
0.0
1020
0.0
1030
0.0
1001
AcadAnnotative
1000
AnnotativeData
1002
{
1070
     1
1070
     0
1002
}
1001
AcDbBlockRepETag
1070
     1
1071
        5
1005
0
  0
LINE
  5
3233
330
30BA
100
AcDbEntity
  8
0
  6
Continuous
100
AcDbLine
 10
890.801626316003
 20
-29.19425661357877
 30
0.0
 11
890.801626316003
 21
-29.19425661357877
 31
0.0
1001
ACAD
1010
0.0
1020
0.0
1030
0.0
1001
AcadAnnotative
1000
AnnotativeData
1002
{
1070
     1
1070
     0
1002
}
1001
AcDbBlockRepETag
1070
     1
1071
        5
1005
0
  0
LINE
  5
3234
330
30BA
100
AcDbEntity
  8
0
  6
Continuous
100
AcDbLine
 10
889.2573246907064
 20
-71.47177605015485
 30
0.0
 11
889.2573246907064
 21
-71.47177605015485
 31
0.0
1001
ACAD
1010
0.0
1020
0.0
1030
0.0
1001
AcadAnnotative
1000
AnnotativeData
1002
{
1070
     1
1070
     0
1002
}
1001
AcDbBlockRepETag
1070
     1
1071
        5
1005
0
  0
LINE
  5
3235
330
30BA
100
AcDbEntity
  8
0
  6
Continuous
100
AcDbLine
 10
956.0080913594601
 20
-20.25211131693368
 30
0.0
 11
956.0080913594601
 21
-20.25211131693368
 31
0.0
1001
ACAD
1010
0.0
1020
0.0
1030
0.0
1001
AcadAnnotative
1000
AnnotativeData
1002
{
1070
     1
1070
     0
1002
}
1001
AcDbBlockRepETag
1070
     1
1071
        5
1005
0
  0
LINE
  5
3236
330
30BA
100
AcDbEntity
  8
0
  6
Continuous
100
AcDbLine
 10
954.4637897341635
 20
-62.52963075351181
 30
0.0
 11
954.4637897341635
 21
-62.52963075351181
 31
0.0
1001
ACAD
1010
0.0
1020
0.0
1030
0.0
1001
AcadAnnotative
1000
AnnotativeData
1002
{
1070
     1
1070
     0
1002
}
1001
AcDbBlockRepETag
1070
     1
1071
        5
1005
0
  0
LINE
  5
3237
330
30BA
100
AcDbEntity
  8
0
  6
Continuous
100
AcDbLine
 10
95.33754872265262
 20
-31.90897471257859
 30
0.0
 11
95.33754872265262
 21
-31.90897471257859
 31
0.0
1001
ACAD
1010
0.0
1020
0.0
1030
0.0
1001
AcadAnnotative
1000
AnnotativeData
1002
{
1070
     1
1070
     0
1002
}
1001
AcDbBlockRepETag
1070
     1
1071
        5
1005
0
  0
LINE
  5
3238
330
30BA
100
AcDbEntity
  8
0
  6
Continuous
100
AcDbLine
 10
175.5444465629325
 20
-21.34953628816857
 30
0.0
 11
175.5444465629325
 21
-21.34953628816857
 31
0.0
1001
ACAD
1010
0.0
1020
0.0
1030
0.0
1001
AcadAnnotative
1000
AnnotativeData
1002
{
1070
     1
1070
     0
1002
}
1001
AcDbBlockRepETag
1070
     1
1071
        5
1005
0
  0
LINE
  5
3239
330
30BA
100
AcDbEntity
  8
0
  6
Continuous
100
AcDbLine
 10
207.337604655037
 20
-17.16388761915209
 30
0.0
 11
207.337604655037
 21
-17.16388761915209
 31
0.0
1001
ACAD
1010
0.0
1020
0.0
1030
0.0
1001
AcadAnnotative
1000
AnnotativeData
1002
{
1070
     1
1070
     0
1002
}
1001
AcDbBlockRepETag
1070
     1
1071
        5
1005
0
  0
LINE
  5
323A
330
30BA
100
AcDbEntity
  8
0
  6
Continuous
100
AcDbLine
 10
255.4365606597262
 20
-10.8315399297885
 30
0.0
 11
255.4365606597262
 21
-10.8315399297885
 31
0.0
1001
ACAD
1010
0.0
1020
0.0
1030
0.0
1001
AcadAnnotative
1000
AnnotativeData
1002
{
1070
     1
1070
     0
1002
}
1001
AcDbBlockRepETag
1070
     1
1071
        5
1005
0
  0
LINE
  5
323B
330
30BA
100
AcDbEntity
  8
0
  6
Continuous
100
AcDbLine
 10
335.6434585000061
 20
-0.2721015053784868
 30
0.0
 11
335.6434585000061
 21
-0.2721015053784868
 31
0.0
1001
ACAD
1010
0.0
1020
0.0
1030
0.0
1001
AcadAnnotative
1000
AnnotativeData
1002
{
1070
     1
1070
     0
1002
}
1001
AcDbBlockRepETag
1070
     1
1071
        5
1005
0
  0
LINE
  5
323C
330
30BA
100
AcDbEntity
  8
0
  6
Continuous
100
AcDbLine
 10
61.92771746750214
 20
-81.99926212163815
 30
0.0
 11
61.92771746750214
 21
-81.99926212163815
 31
0.0
1001
ACAD
1010
0.0
1020
0.0
1030
0.0
1001
AcadAnnotative
1000
AnnotativeData
1002
{
1070
     1
1070
     0
1002
}
1001
AcDbBlockRepETag
1070
     1
1071
        5
1005
0
  0
LINE
  5
323D
330
30BA
100
AcDbEntity
  8
0
  6
Continuous
100
AcDbLine
 10
142.134615307782
 20
-71.43982369722812
 30
0.0
 11
142.134615307782
 21
-71.43982369722812
 31
0.0
1001
ACAD
1010
0.0
1020
0.0
1030
0.0
1001
AcadAnnotative
1000
AnnotativeData
1002
{
1070
     1
1070
     0
1002
}
1001
AcDbBlockRepETag
1070
     1
1071
        5
1005
0
  0
LINE
  5
323E
330
30BA
100
AcDbEntity
  8
0
  6
Continuous
100
AcDbLine
 10
173.9277733998865
 20
-67.25417502821165
 30
0.0
 11
173.9277733998865
 21
-67.25417502821165
 31
0.0
1001
ACAD
1010
0.0
1020
0.0
1030
0.0
1001
AcadAnnotative
1000
AnnotativeData
1002
{
1070
     1
1070
     0
1002
}
1001
AcDbBlockRepETag
1070
     1
1071
        5
1005
0
  0
LINE
  5
323F
330
30BA
100
AcDbEntity
  8
0
  6
Continuous
100
AcDbLine
 10
222.0267294045757
 20
-60.92182733884806
 30
0.0
 11
222.0267294045757
 21
-60.92182733884806
 31
0.0
1001
ACAD
1010
0.0
1020
0.0
1030
0.0
1001
AcadAnnotative
1000
AnnotativeData
1002
{
1070
     1
1070
     0
1002
}
1001
AcDbBlockRepETag
1070
     1
1071
        5
1005
0
  0
LINE
  5
3240
330
30BA
100
AcDbEntity
  8
0
  6
Continuous
100
AcDbLine
 10
302.2336272448556
 20
-50.36238891443804
 30
0.0
 11
302.2336272448556
 21
-50.36238891443804
 31
0.0
1001
ACAD
1010
0.0
1020
0.0
1030
0.0
1001
AcadAnnotative
1000
AnnotativeData
1002
{
1070
     1
1070
     0
1002
}
1001
AcDbBlockRepETag
1070
     1
1071
        5
1005
0
  0
LINE
  5
3241
330
30BA
100
AcDbEntity
  8
0
  6
Continuous
100
AcDbLine
 10
334.0267853369601
 20
-46.17674024542156
 30
0.0
 11
334.0267853369601
 21
-46.17674024542156
 31
0.0
1001
ACAD
1010
0.0
1020
0.0
1030
0.0
1001
AcadAnnotative
1000
AnnotativeData
1002
{
1070
     1
1070
     0
1002
}
1001
AcDbBlockRepETag
1070
     1
1071
        5
1005
0
  0
LINE
  5
3242
330
30BA
100
AcDbEntity
  8
0
  6
Continuous
100
AcDbLine
 10
382.1257413416493
 20
-39.84439255605798
 30
0.0
 11
382.1257413416493
 21
-39.84439255605798
 31
0.0
1001
ACAD
1010
0.0
1020
0.0
1030
0.0
1001
AcadAnnotative
1000
AnnotativeData
1002
{
1070
     1
1070
     0
1002
}
1001
AcDbBlockRepETag
1070
     1
1071
        5
1005
0
  0
LINE
  5
3243
330
30BA
100
AcDbEntity
  8
0
  6
Continuous
100
AcDbLine
 10
462.3326391819291
 20
-29.28495413164796
 30
0.0
 11
462.3326391819291
 21
-29.28495413164796
 31
0.0
1001
ACAD
1010
0.0
1020
0.0
1030
0.0
1001
AcadAnnotative
1000
AnnotativeData
1002
{
1070
     1
1070
     0
1002
}
1001
AcDbBlockRepETag
1070
     1
1071
        5
1005
0
  0
LINE
  5
3244
330
30BA
100
AcDbEntity
  8
0
  6
Continuous
100
AcDbLine
 10
494.1257972740336
 20
-25.09930546263149
 30
0.0
 11
494.1257972740336
 21
-25.09930546263149
 31
0.0
1001
ACAD
1010
0.0
1020
0.0
1030
0.0
1001
AcadAnnotative
1000
AnnotativeData
1002
{
1070
     1
1070
     0
1002
}
1001
AcDbBlockRepETag
1070
     1
1071
        5
1005
0
  0
LINE
  5
3245
330
30BA
100
AcDbEntity
  8
0
  6
Continuous
100
AcDbLine
 10
542.2247532787228
 20
-18.7669577732679
 30
0.0
 11
542.2247532787228
 21
-18.7669577732679
 31
0.0
1001
ACAD
1010
0.0
1020
0.0
1030
0.0
1001
AcadAnnotative
1000
AnnotativeData
1002
{
1070
     1
1070
     0
1002
}
1001
AcDbBlockRepETag
1070
     1
1071
        5
1005
0
  0
LINE
  5
3246
330
30BA
100
AcDbEntity
  8
0
  6
Continuous
100
AcDbLine
 10
622.4316511190027
 20
-8.207519348857886
 30
0.0
 11
622.4316511190027
 21
-8.207519348857886
 31
0.0
1001
ACAD
1010
0.0
1020
0.0
1030
0.0
1001
AcadAnnotative
1000
AnnotativeData
1002
{
1070
     1
1070
     0
1002
}
1001
AcDbBlockRepETag
1070
     1
1071
        5
1005
0
  0
LINE
  5
3247
330
30BA
100
AcDbEntity
  8
0
  6
Continuous
100
AcDbLine
 10
654.2248092111072
 20
-4.021870679841413
 30
0.0
 11
654.2248092111072
 21
-4.021870679841413
 31
0.0
1001
ACAD
1010
0.0
1020
0.0
1030
0.0
1001
AcadAnnotative
1000
AnnotativeData
1002
{
1070
     1
1070
     0
1002
}
1001
AcDbBlockRepETag
1070
     1
1071
        5
1005
0
  0
LINE
  5
3248
330
30BA
100
AcDbEntity
  8
0
  6
Continuous
100
AcDbLine
 10
300.6169540818064
 20
-96.26702765448158
 30
0.0
 11
300.6169540818064
 21
-96.26702765448158
 31
0.0
1001
ACAD
1010
0.0
1020
0.0
1030
0.0
1001
AcadAnnotative
1000
AnnotativeData
1002
{
1070
     1
1070
     0
1002
}
1001
AcDbBlockRepETag
1070
     1
1071
        5
1005
0
  0
LINE
  5
3249
330
30BA
100
AcDbEntity
  8
0
  6
Continuous
100
AcDbLine
 10
348.7159100864956
 20
-89.934679965118
 30
0.0
 11
348.7159100864956
 21
-89.934679965118
 31
0.0
1001
ACAD
1010
0.0
1020
0.0
1030
0.0
1001
AcadAnnotative
1000
AnnotativeData
1002
{
1070
     1
1070
     0
1002
}
1001
AcDbBlockRepETag
1070
     1
1071
        5
1005
0
  0
LINE
  5
324A
330
30BA
100
AcDbEntity
  8
0
  6
Continuous
100
AcDbLine
 10
428.9228079267754
 20
-79.37524154070797
 30
0.0
 11
428.9228079267754
 21
-79.37524154070797
 31
0.0
1001
ACAD
1010
0.0
1020
0.0
1030
0.0
1001
AcadAnnotative
1000
AnnotativeData
1002
{
1070
     1
1070
     0
1002
}
1001
AcDbBlockRepETag
1070
     1
1071
        5
1005
0
  0
LINE
  5
324B
330
30BA
100
AcDbEntity
  8
0
  6
Continuous
100
AcDbLine
 10
460.7159660188799
 20
-75.1895928716915
 30
0.0
 11
460.7159660188799
 21
-75.1895928716915
 31
0.0
1001
ACAD
1010
0.0
1020
0.0
1030
0.0
1001
AcadAnnotative
1000
AnnotativeData
1002
{
1070
     1
1070
     0
1002
}
1001
AcDbBlockRepETag
1070
     1
1071
        5
1005
0
  0
LINE
  5
324C
330
30BA
100
AcDbEntity
  8
0
  6
Continuous
100
AcDbLine
 10
508.8149220235691
 20
-68.85724518232791
 30
0.0
 11
508.8149220235691
 21
-68.85724518232791
 31
0.0
1001
ACAD
1010
0.0
1020
0.0
1030
0.0
1001
AcadAnnotative
1000
AnnotativeData
1002
{
1070
     1
1070
     0
1002
}
1001
AcDbBlockRepETag
1070
     1
1071
        5
1005
0
  0
LINE
  5
324D
330
30BA
100
AcDbEntity
  8
0
  6
Continuous
100
AcDbLine
 10
589.021819863849
 20
-58.2978067579179
 30
0.0
 11
589.021819863849
 21
-58.2978067579179
 31
0.0
1001
ACAD
1010
0.0
1020
0.0
1030
0.0
1001
AcadAnnotative
1000
AnnotativeData
1002
{
1070
     1
1070
     0
1002
}
1001
AcDbBlockRepETag
1070
     1
1071
        5
1005
0
  0
LINE
  5
324E
330
30BA
100
AcDbEntity
  8
0
  6
Continuous
100
AcDbLine
 10
620.8149779559534
 20
-54.11215808890142
 30
0.0
 11
620.8149779559534
 21
-54.11215808890142
 31
0.0
1001
ACAD
1010
0.0
1020
0.0
1030
0.0
1001
AcadAnnotative
1000
AnnotativeData
1002
{
1070
     1
1070
     0
1002
}
1001
AcDbBlockRepETag
1070
     1
1071
        5
1005
0
  0
LINE
  5
324F
330
30BA
100
AcDbEntity
  8
0
  6
Continuous
100
AcDbLine
 10
668.9139339606427
 20
-47.77981039953783
 30
0.0
 11
668.9139339606427
 21
-47.77981039953783
 31
0.0
1001
ACAD
1010
0.0
1020
0.0
1030
0.0
1001
AcadAnnotative
1000
AnnotativeData
1002
{
1070
     1
1070
     0
1002
}
1001
AcDbBlockRepETag
1070
     1
1071
        5
1005
0
  0
LINE
  5
3250
330
30BA
100
AcDbEntity
  8
0
  6
Continuous
100
AcDbLine
 10
749.1208318009226
 20
-37.22037197512782
 30
0.0
 11
749.1208318009226
 21
-37.22037197512782
 31
0.0
1001
ACAD
1010
0.0
1020
0.0
1030
0.0
1001
AcadAnnotative
1000
AnnotativeData
1002
{
1070
     1
1070
     0
1002
}
1001
AcDbBlockRepETag
1070
     1
1071
        5
1005
0
  0
LINE
  5
3251
330
30BA
100
AcDbEntity
  8
0
  6
Continuous
100
AcDbLine
 10
780.913989893027
 20
-33.03472330611135
 30
0.0
 11
780.913989893027
 21
-33.03472330611135
 31
0.0
1001
ACAD
1010
0.0
1020
0.0
1030
0.0
1001
AcadAnnotative
1000
AnnotativeData
1002
{
1070
     1
1070
     0
1002
}
1001
AcDbBlockRepETag
1070
     1
1071
        5
1005
0
  0
LINE
  5
3252
330
30BA
100
AcDbEntity
  8
0
  6
Continuous
100
AcDbLine
 10
829.0129458977162
 20
-26.70237561674776
 30
0.0
 11
829.0129458977162
 21
-26.70237561674776
 31
0.0
1001
ACAD
1010
0.0
1020
0.0
1030
0.0
1001
AcadAnnotative
1000
AnnotativeData
1002
{
1070
     1
1070
     0
1002
}
1001
AcDbBlockRepETag
1070
     1
1071
        5
1005
0
  0
LINE
  5
3253
330
30BA
100
AcDbEntity
  8
0
  6
Continuous
100
AcDbLine
 10
909.2198437379961
 20
-16.14293719233774
 30
0.0
 11
909.2198437379961
 21
-16.14293719233774
 31
0.0
1001
ACAD
1010
0.0
1020
0.0
1030
0.0
1001
AcadAnnotative
1000
AnnotativeData
1002
{
1070
     1
1070
     0
1002
}
1001
AcDbBlockRepETag
1070
     1
1071
        5
1005
0
  0
LINE
  5
3254
330
30BA
100
AcDbEntity
  8
0
  6
Continuous
100
AcDbLine
 10
941.0130018301005
 20
-11.95728852332127
 30
0.0
 11
941.0130018301005
 21
-11.95728852332127
 31
0.0
1001
ACAD
1010
0.0
1020
0.0
1030
0.0
1001
AcadAnnotative
1000
AnnotativeData
1002
{
1070
     1
1070
     0
1002
}
1001
AcDbBlockRepETag
1070
     1
1071
        5
1005
0
  0
LINE
  5
3255
330
30BA
100
AcDbEntity
  8
0
  6
Continuous
100
AcDbLine
 10
989.1119578347897
 20
-5.62494083395768
 30
0.0
 11
989.1119578347897
 21
-5.62494083395768
 31
0.0
1001
ACAD
1010
0.0
1020
0.0
1030
0.0
1001
AcadAnnotative
1000
AnnotativeData
1002
{
1070
     1
1070
     0
1002
}
1001
AcDbBlockRepETag
1070
     1
1071
        5
1005
0
  0
LINE
  5
3256
330
30BA
100
AcDbEntity
  8
0
  6
Continuous
100
AcDbLine
 10
635.5041027054885
 20
-97.87009780859785
 30
0.0
 11
635.5041027054885
 21
-97.87009780859785
 31
0.0
1001
ACAD
1010
0.0
1020
0.0
1030
0.0
1001
AcadAnnotative
1000
AnnotativeData
1002
{
1070
     1
1070
     0
1002
}
1001
AcDbBlockRepETag
1070
     1
1071
        5
1005
0
  0
LINE
  5
3257
330
30BA
100
AcDbEntity
  8
0
  6
Continuous
100
AcDbLine
 10
715.7110005457684
 20
-87.31065938418783
 30
0.0
 11
715.7110005457684
 21
-87.31065938418783
 31
0.0
1001
ACAD
1010
0.0
1020
0.0
1030
0.0
1001
AcadAnnotative
1000
AnnotativeData
1002
{
1070
     1
1070
     0
1002
}
1001
AcDbBlockRepETag
1070
     1
1071
        5
1005
0
  0
LINE
  5
3258
330
30BA
100
AcDbEntity
  8
0
  6
Continuous
100
AcDbLine
 10
747.5041586378729
 20
-83.12501071517136
 30
0.0
 11
747.5041586378729
 21
-83.12501071517136
 31
0.0
1001
ACAD
1010
0.0
1020
0.0
1030
0.0
1001
AcadAnnotative
1000
AnnotativeData
1002
{
1070
     1
1070
     0
1002
}
1001
AcDbBlockRepETag
1070
     1
1071
        5
1005
0
  0
LINE
  5
3259
330
30BA
100
AcDbEntity
  8
0
  6
Continuous
100
AcDbLine
 10
795.6031146425621
 20
-76.79266302580777
 30
0.0
 11
795.6031146425621
 21
-76.79266302580777
 31
0.0
1001
ACAD
1010
0.0
1020
0.0
1030
0.0
1001
AcadAnnotative
1000
AnnotativeData
1002
{
1070
     1
1070
     0
1002
}
1001
AcDbBlockRepETag
1070
     1
1071
        5
1005
0
  0
LINE
  5
325A
330
30BA
100
AcDbEntity
  8
0
  6
Continuous
100
AcDbLine
 10
875.810012482842
 20
-66.23322460139775
 30
0.0
 11
875.810012482842
 21
-66.23322460139775
 31
0.0
1001
ACAD
1010
0.0
1020
0.0
1030
0.0
1001
AcadAnnotative
1000
AnnotativeData
1002
{
1070
     1
1070
     0
1002
}
1001
AcDbBlockRepETag
1070
     1
1071
        5
1005
0
  0
LINE
  5
325B
330
30BA
100
AcDbEntity
  8
0
  6
Continuous
100
AcDbLine
 10
907.6031705749464
 20
-62.04757593238127
 30
0.0
 11
907.6031705749464
 21
-62.04757593238127
 31
0.0
1001
ACAD
1010
0.0
1020
0.0
1030
0.0
1001
AcadAnnotative
1000
AnnotativeData
1002
{
1070
     1
1070
     0
1002
}
1001
AcDbBlockRepETag
1070
     1
1071
        5
1005
0
  0
LINE
  5
325C
330
30BA
100
AcDbEntity
  8
0
  6
Continuous
100
AcDbLine
 10
955.7021265796356
 20
-55.71522824301769
 30
0.0
 11
955.7021265796356
 21
-55.71522824301769
 31
0.0
1001
ACAD
1010
0.0
1020
0.0
1030
0.0
1001
AcadAnnotative
1000
AnnotativeData
1002
{
1070
     1
1070
     0
1002
}
1001
AcDbBlockRepETag
1070
     1
1071
        5
1005
0
  0
LINE
  5
325D
330
30BA
100
AcDbEntity
  8
0
  6
Continuous
100
AcDbLine
 10
987.1577519419789
 20
-12.87031101305319
 30
0.0
 11
987.1577519419789
 21
-12.87031101305319
 31
0.0
1001
ACAD
1010
0.0
1020
0.0
1030
0.0
1001
AcadAnnotative
1000
AnnotativeData
1002
{
1070
     1
1070
     0
1002
}
1001
AcDbBlockRepETag
1070
     1
1071
        5
1005
0
  0
LINE
  5
325E
330
30BA
100
AcDbEntity
  8
0
  6
Continuous
100
AcDbLine
 10
919.3624543585446
 20
-10.00593901671686
 30
0.0
 11
919.3624543585446
 21
-10.00593901671686
 31
0.0
1001
ACAD
1010
0.0
1020
0.0
1030
0.0
1001
AcadAnnotative
1000
AnnotativeData
1002
{
1070
     1
1070
     0
1002
}
1001
AcDbBlockRepETag
1070
     1
1071
        5
1005
0
  0
LINE
  5
325F
330
30BA
100
AcDbEntity
  8
0
  6
Continuous
100
AcDbLine
 10
946.1401327631037
 20
-27.06520158172862
 30
0.0
 11
946.1401327631037
 21
-27.06520158172862
 31
0.0
1001
ACAD
1010
0.0
1020
0.0
1030
0.0
1001
AcadAnnotative
1000
AnnotativeData
1002
{
1070
     1
1070
     0
1002
}
1001
AcDbBlockRepETag
1070
     1
1071
        5
1005
0
  0
LINE
  5
3260
330
30BA
100
AcDbEntity
  8
0
  6
Continuous
100
AcDbLine
 10
851.5671567751088
 20
-7.141567020380989
 30
0.0
 11
851.5671567751088
 21
-7.141567020380989
 31
0.0
1001
ACAD
1010
0.0
1020
0.0
1030
0.0
1001
AcadAnnotative
1000
AnnotativeData
1002
{
1070
     1
1070
     0
1002
}
1001
AcDbBlockRepETag
1070
     1
1071
        5
1005
0
  0
LINE
  5
3261
330
30BA
100
AcDbEntity
  8
0
  6
Continuous
100
AcDbLine
 10
878.3448351796678
 20
-24.20082958539274
 30
0.0
 11
878.3448351796678
 21
-24.20082958539274
 31
0.0
1001
ACAD
1010
0.0
1020
0.0
1030
0.0
1001
AcadAnnotative
1000
AnnotativeData
1002
{
1070
     1
1070
     0
1002
}
1001
AcDbBlockRepETag
1070
     1
1071
        5
1005
0
  0
LINE
  5
3262
330
30BA
100
AcDbEntity
  8
0
  6
Continuous
100
AcDbLine
 10
961.8911918018921
 20
-77.42572878822921
 30
0.0
 11
961.8911918018921
 21
-77.42572878822921
 31
0.0
1001
ACAD
1010
0.0
1020
0.0
1030
0.0
1001
AcadAnnotative
1000
AnnotativeData
1002
{
1070
     1
1070
     0
1002
}
1001
AcDbBlockRepETag
1070
     1
1071
        5
1005
0
  0
LINE
  5
3263
330
30BA
100
AcDbEntity
  8
0
  6
Continuous
100
AcDbLine
 10
783.7718591916727
 20
-4.277195024042839
 30
0.0
 11
783.7718591916727
 21
-4.277195024042839
 31
0.0
1001
ACAD
1010
0.0
1020
0.0
1030
0.0
1001
AcadAnnotative
1000
AnnotativeData
1002
{
1070
     1
1070
     0
1002
}
1001
AcDbBlockRepETag
1070
     1
1071
        5
1005
0
  0
LINE
  5
3264
330
30BA
100
AcDbEntity
  8
0
  6
Continuous
100
AcDbLine
 10
810.5495375962318
 20
-21.33645758905459
 30
0.0
 11
810.5495375962318
 21
-21.33645758905459
 31
0.0
1001
ACAD
1010
0.0
1020
0.0
1030
0.0
1001
AcadAnnotative
1000
AnnotativeData
1002
{
1070
     1
1070
     0
1002
}
1001
AcDbBlockRepETag
1070
     1
1071
        5
1005
0
  0
LINE
  5
3265
330
30BA
100
AcDbEntity
  8
0
  6
Continuous
100
AcDbLine
 10
894.0958942184561
 20
-74.56135679189106
 30
0.0
 11
894.0958942184561
 21
-74.56135679189106
 31
0.0
1001
ACAD
1010
0.0
1020
0.0
1030
0.0
1001
AcadAnnotative
1000
AnnotativeData
1002
{
1070
     1
1070
     0
1002
}
1001
AcDbBlockRepETag
1070
     1
1071
        5
1005
0
  0
LINE
  5
3266
330
30BA
100
AcDbEntity
  8
0
  6
Continuous
100
AcDbLine
 10
715.9765616082368
 20
-1.412823027706963
 30
0.0
 11
715.9765616082368
 21
-1.412823027706963
 31
0.0
1001
ACAD
1010
0.0
1020
0.0
1030
0.0
1001
AcadAnnotative
1000
AnnotativeData
1002
{
1070
     1
1070
     0
1002
}
1001
AcDbBlockRepETag
1070
     1
1071
        5
1005
0
  0
LINE
  5
3267
330
30BA
100
AcDbEntity
  8
0
  6
Continuous
100
AcDbLine
 10
742.7542400127959
 20
-18.47208559271871
 30
0.0
 11
742.7542400127959
 21
-18.47208559271871
 31
0.0
1001
ACAD
1010
0.0
1020
0.0
1030
0.0
1001
AcadAnnotative
1000
AnnotativeData
1002
{
1070
     1
1070
     0
1002
}
1001
AcDbBlockRepETag
1070
     1
1071
        5
1005
0
  0
LINE
  5
3268
330
30BA
100
AcDbEntity
  8
0
  6
Continuous
100
AcDbLine
 10
826.3005966350201
 20
-71.69698479555518
 30
0.0
 11
826.3005966350201
 21
-71.69698479555518
 31
0.0
1001
ACAD
1010
0.0
1020
0.0
1030
0.0
1001
AcadAnnotative
1000
AnnotativeData
1002
{
1070
     1
1070
     0
1002
}
1001
AcDbBlockRepETag
1070
     1
1071
        5
1005
0
  0
LINE
  5
3269
330
30BA
100
AcDbEntity
  8
0
  6
Continuous
100
AcDbLine
 10
674.9589424293599
 20
-15.60771359638124
 30
0.0
 11
674.9589424293599
 21
-15.60771359638124
 31
0.0
1001
ACAD
1010
0.0
1020
0.0
1030
0.0
1001
AcadAnnotative
1000
AnnotativeData
1002
{
1070
     1
1070
     0
1002
}
1001
AcDbBlockRepETag
1070
     1
1071
        5
1005
0
  0
LINE
  5
326A
330
30BA
100
AcDbEntity
  8
0
  6
Continuous
100
AcDbLine
 10
758.5052990515841
 20
-68.83261279921772
 30
0.0
 11
758.5052990515841
 21
-68.83261279921772
 31
0.0
1001
ACAD
1010
0.0
1020
0.0
1030
0.0
1001
AcadAnnotative
1000
AnnotativeData
1002
{
1070
     1
1070
     0
1002
}
1001
AcDbBlockRepETag
1070
     1
1071
        5
1005
0
  0
LINE
  5
326B
330
30BA
100
AcDbEntity
  8
0
  6
Continuous
100
AcDbLine
 10
607.1636448459244
 20
-12.74334160004446
 30
0.0
 11
607.1636448459244
 21
-12.74334160004446
 31
0.0
1001
ACAD
1010
0.0
1020
0.0
1030
0.0
1001
AcadAnnotative
1000
AnnotativeData
1002
{
1070
     1
1070
     0
1002
}
1001
AcDbBlockRepETag
1070
     1
1071
        5
1005
0
  0
LINE
  5
326C
330
30BA
100
AcDbEntity
  8
0
  6
Continuous
100
AcDbLine
 10
690.7100014681486
 20
-65.96824080288093
 30
0.0
 11
690.7100014681486
 21
-65.96824080288093
 31
0.0
1001
ACAD
1010
0.0
1020
0.0
1030
0.0
1001
AcadAnnotative
1000
AnnotativeData
1002
{
1070
     1
1070
     0
1002
}
1001
AcDbBlockRepETag
1070
     1
1071
        5
1005
0
  0
LINE
  5
326D
330
30BA
100
AcDbEntity
  8
0
  6
Continuous
100
AcDbLine
 10
539.3683472624879
 20
-9.878969603708128
 30
0.0
 11
539.3683472624879
 21
-9.878969603708128
 31
0.0
1001
ACAD
1010
0.0
1020
0.0
1030
0.0
1001
AcadAnnotative
1000
AnnotativeData
1002
{
1070
     1
1070
     0
1002
}
1001
AcDbBlockRepETag
1070
     1
1071
        5
1005
0
  0
LINE
  5
326E
330
30BA
100
AcDbEntity
  8
0
  6
Continuous
100
AcDbLine
 10
622.9147038847123
 20
-63.10386880654459
 30
0.0
 11
622.9147038847123
 21
-63.10386880654459
 31
0.0
1001
ACAD
1010
0.0
1020
0.0
1030
0.0
1001
AcadAnnotative
1000
AnnotativeData
1002
{
1070
     1
1070
     0
1002
}
1001
AcDbBlockRepETag
1070
     1
1071
        5
1005
0
  0
LINE
  5
326F
330
30BA
100
AcDbEntity
  8
0
  6
Continuous
100
AcDbLine
 10
471.5730496790538
 20
-7.014597607371342
 30
0.0
 11
471.5730496790538
 21
-7.014597607371342
 31
0.0
1001
ACAD
1010
0.0
1020
0.0
1030
0.0
1001
AcadAnnotative
1000
AnnotativeData
1002
{
1070
     1
1070
     0
1002
}
1001
AcDbBlockRepETag
1070
     1
1071
        5
1005
0
  0
LINE
  5
3270
330
30BA
100
AcDbEntity
  8
0
  6
Continuous
100
AcDbLine
 10
555.1194063012781
 20
-60.23949681020781
 30
0.0
 11
555.1194063012781
 21
-60.23949681020781
 31
0.0
1001
ACAD
1010
0.0
1020
0.0
1030
0.0
1001
AcadAnnotative
1000
AnnotativeData
1002
{
1070
     1
1070
     0
1002
}
1001
AcDbBlockRepETag
1070
     1
1071
        5
1005
0
  0
LINE
  5
3271
330
30BA
100
AcDbEntity
  8
0
  6
Continuous
100
AcDbLine
 10
403.7777520956178
 20
-4.150225611035011
 30
0.0
 11
403.7777520956178
 21
-4.150225611035011
 31
0.0
1001
ACAD
1010
0.0
1020
0.0
1030
0.0
1001
AcadAnnotative
1000
AnnotativeData
1002
{
1070
     1
1070
     0
1002
}
1001
AcDbBlockRepETag
1070
     1
1071
        5
1005
0
  0
LINE
  5
3272
330
30BA
100
AcDbEntity
  8
0
  6
Continuous
100
AcDbLine
 10
487.3241087178421
 20
-57.37512481387148
 30
0.0
 11
487.3241087178421
 21
-57.37512481387148
 31
0.0
1001
ACAD
1010
0.0
1020
0.0
1030
0.0
1001
AcadAnnotative
1000
AnnotativeData
1002
{
1070
     1
1070
     0
1002
}
1001
AcDbBlockRepETag
1070
     1
1071
        5
1005
0
  0
LINE
  5
3273
330
30BA
100
AcDbEntity
  8
0
  6
Continuous
100
AcDbLine
 10
335.9824545121819
 20
-1.285853614698226
 30
0.0
 11
335.9824545121819
 21
-1.285853614698226
 31
0.0
1001
ACAD
1010
0.0
1020
0.0
1030
0.0
1001
AcadAnnotative
1000
AnnotativeData
1002
{
1070
     1
1070
     0
1002
}
1001
AcDbBlockRepETag
1070
     1
1071
        5
1005
0
  0
LINE
  5
3274
330
30BA
100
AcDbEntity
  8
0
  6
Continuous
100
AcDbLine
 10
419.5288111344061
 20
-54.51075281753469
 30
0.0
 11
419.5288111344061
 21
-54.51075281753469
 31
0.0
1001
ACAD
1010
0.0
1020
0.0
1030
0.0
1001
AcadAnnotative
1000
AnnotativeData
1002
{
1070
     1
1070
     0
1002
}
1001
AcDbBlockRepETag
1070
     1
1071
        5
1005
0
  0
LINE
  5
3275
330
30BA
100
AcDbEntity
  8
0
  6
Continuous
100
AcDbLine
 10
351.7335135509707
 20
-51.64638082119768
 30
0.0
 11
351.7335135509707
 21
-51.64638082119768
 31
0.0
1001
ACAD
1010
0.0
1020
0.0
1030
0.0
1001
AcadAnnotative
1000
AnnotativeData
1002
{
1070
     1
1070
     0
1002
}
1001
AcDbBlockRepETag
1070
     1
1071
        5
1005
0
  0
LINE
  5
3276
330
30BA
100
AcDbEntity
  8
0
  6
Continuous
100
AcDbLine
 10
283.9382159675347
 20
-48.7820088248609
 30
0.0
 11
283.9382159675347
 21
-48.7820088248609
 31
0.0
1001
ACAD
1010
0.0
1020
0.0
1030
0.0
1001
AcadAnnotative
1000
AnnotativeData
1002
{
1070
     1
1070
     0
1002
}
1001
AcDbBlockRepETag
1070
     1
1071
        5
1005
0
  0
LINE
  5
3277
330
30BA
100
AcDbEntity
  8
0
  6
Continuous
100
AcDbLine
 10
216.1429183840992
 20
-45.91763682852366
 30
0.0
 11
216.1429183840992
 21
-45.91763682852366
 31
0.0
1001
ACAD
1010
0.0
1020
0.0
1030
0.0
1001
AcadAnnotative
1000
AnnotativeData
1002
{
1070
     1
1070
     0
1002
}
1001
AcDbBlockRepETag
1070
     1
1071
        5
1005
0
  0
LINE
  5
3278
330
30BA
100
AcDbEntity
  8
0
  6
Continuous
100
AcDbLine
 10
148.3476208006623
 20
-43.05326483218732
 30
0.0
 11
148.3476208006623
 21
-43.05326483218732
 31
0.0
1001
ACAD
1010
0.0
1020
0.0
1030
0.0
1001
AcadAnnotative
1000
AnnotativeData
1002
{
1070
     1
1070
     0
1002
}
1001
AcDbBlockRepETag
1070
     1
1071
        5
1005
0
  0
LINE
  5
3279
330
30BA
100
AcDbEntity
  8
0
  6
Continuous
100
AcDbLine
 10
80.55232321722815
 20
-40.18889283585145
 30
0.0
 11
80.55232321722815
 21
-40.18889283585145
 31
0.0
1001
ACAD
1010
0.0
1020
0.0
1030
0.0
1001
AcadAnnotative
1000
AnnotativeData
1002
{
1070
     1
1070
     0
1002
}
1001
AcDbBlockRepETag
1070
     1
1071
        5
1005
0
  0
LINE
  5
327A
330
30BA
100
AcDbEntity
  8
0
  6
Continuous
100
AcDbLine
 10
933.7563481172265
 20
-7.793352552804435
 30
0.0
 11
933.7563481172265
 21
-7.793352552804435
 31
0.0
1001
ACAD
1010
0.0
1020
0.0
1030
0.0
1001
AcadAnnotative
1000
AnnotativeData
1002
{
1070
     1
1070
     0
1002
}
1001
AcDbBlockRepETag
1070
     1
1071
        5
1005
0
  0
LINE
  5
327B
330
30BA
100
AcDbEntity
  8
0
  6
Continuous
100
AcDbLine
 10
982.258874996617
 20
-52.2377299510083
 30
0.0
 11
982.258874996617
 21
-52.2377299510083
 31
0.0
1001
ACAD
1010
0.0
1020
0.0
1030
0.0
1001
AcadAnnotative
1000
AnnotativeData
1002
{
1070
     1
1070
     0
1002
}
1001
AcDbBlockRepETag
1070
     1
1071
        5
1005
0
  0
LINE
  5
327C
330
30BA
100
AcDbEntity
  8
0
  6
Continuous
100
AcDbLine
 10
859.6917574242169
 20
-20.5065980694701
 30
0.0
 11
859.6917574242169
 21
-20.5065980694701
 31
0.0
1001
ACAD
1010
0.0
1020
0.0
1030
0.0
1001
AcadAnnotative
1000
AnnotativeData
1002
{
1070
     1
1070
     0
1002
}
1001
AcDbBlockRepETag
1070
     1
1071
        5
1005
0
  0
LINE
  5
327D
330
30BA
100
AcDbEntity
  8
0
  6
Continuous
100
AcDbLine
 10
908.1942843036076
 20
-64.95097546767397
 30
0.0
 11
908.1942843036076
 21
-64.95097546767397
 31
0.0
1001
ACAD
1010
0.0
1020
0.0
1030
0.0
1001
AcadAnnotative
1000
AnnotativeData
1002
{
1070
     1
1070
     0
1002
}
1001
AcDbBlockRepETag
1070
     1
1071
        5
1005
0
  0
LINE
  5
327E
330
30BA
100
AcDbEntity
  8
0
  6
Continuous
100
AcDbLine
 10
755.1960446543708
 20
-5.334857766801178
 30
0.0
 11
755.1960446543708
 21
-5.334857766801178
 31
0.0
1001
ACAD
1010
0.0
1020
0.0
1030
0.0
1001
AcadAnnotative
1000
AnnotativeData
1002
{
1070
     1
1070
     0
1002
}
1001
AcDbBlockRepETag
1070
     1
1071
        5
1005
0
  0
LINE
  5
327F
330
30BA
100
AcDbEntity
  8
0
  6
Continuous
100
AcDbLine
 10
785.6271667312085
 20
-33.21984358613759
 30
0.0
 11
785.6271667312085
 21
-33.21984358613759
 31
0.0
1001
ACAD
1010
0.0
1020
0.0
1030
0.0
1001
AcadAnnotative
1000
AnnotativeData
1002
{
1070
     1
1070
     0
1002
}
1001
AcDbBlockRepETag
1070
     1
1071
        5
1005
0
  0
LINE
  5
3280
330
30BA
100
AcDbEntity
  8
0
  6
Continuous
100
AcDbLine
 10
834.129693610599
 20
-77.66422098434145
 30
0.0
 11
834.129693610599
 21
-77.66422098434145
 31
0.0
1001
ACAD
1010
0.0
1020
0.0
1030
0.0
1001
AcadAnnotative
1000
AnnotativeData
1002
{
1070
     1
1070
     0
1002
}
1001
AcDbBlockRepETag
1070
     1
1071
        5
1005
0
  0
LINE
  5
3281
330
30BA
100
AcDbEntity
  8
0
  6
Continuous
100
AcDbLine
 10
681.1314539613618
 20
-18.04810328346752
 30
0.0
 11
681.1314539613618
 21
-18.04810328346752
 31
0.0
1001
ACAD
1010
0.0
1020
0.0
1030
0.0
1001
AcadAnnotative
1000
AnnotativeData
1002
{
1070
     1
1070
     0
1002
}
1001
AcDbBlockRepETag
1070
     1
1071
        5
1005
0
  0
LINE
  5
3282
330
30BA
100
AcDbEntity
  8
0
  6
Continuous
100
AcDbLine
 10
711.5625760381995
 20
-45.93308910280393
 30
0.0
 11
711.5625760381995
 21
-45.93308910280393
 31
0.0
1001
ACAD
1010
0.0
1020
0.0
1030
0.0
1001
AcadAnnotative
1000
AnnotativeData
1002
{
1070
     1
1070
     0
1002
}
1001
AcDbBlockRepETag
1070
     1
1071
        5
1005
0
  0
LINE
  5
3283
330
30BA
100
AcDbEntity
  8
0
  6
Continuous
100
AcDbLine
 10
760.0651029175901
 20
-90.3774665010078
 30
0.0
 11
760.0651029175901
 21
-90.3774665010078
 31
0.0
1001
ACAD
1010
0.0
1020
0.0
1030
0.0
1001
AcadAnnotative
1000
AnnotativeData
1002
{
1070
     1
1070
     0
1002
}
1001
AcDbBlockRepETag
1070
     1
1071
        5
1005
0
  0
LINE
  5
3284
330
30BA
100
AcDbEntity
  8
0
  6
Continuous
100
AcDbLine
 10
607.0668632683528
 20
-30.7613488001341
 30
0.0
 11
607.0668632683528
 21
-30.7613488001341
 31
0.0
1001
ACAD
1010
0.0
1020
0.0
1030
0.0
1001
AcadAnnotative
1000
AnnotativeData
1002
{
1070
     1
1070
     0
1002
}
1001
AcDbBlockRepETag
1070
     1
1071
        5
1005
0
  0
LINE
  5
3285
330
30BA
100
AcDbEntity
  8
0
  6
Continuous
100
AcDbLine
 10
637.4979853451905
 20
-58.6463346194705
 30
0.0
 11
637.4979853451905
 21
-58.6463346194705
 31
0.0
1001
ACAD
1010
0.0
1020
0.0
1030
0.0
1001
AcadAnnotative
1000
AnnotativeData
1002
{
1070
     1
1070
     0
1002
}
1001
AcDbBlockRepETag
1070
     1
1071
        5
1005
0
  0
LINE
  5
3286
330
30BA
100
AcDbEntity
  8
0
  6
Continuous
100
AcDbLine
 10
533.0022725753429
 20
-43.47459431680067
 30
0.0
 11
533.0022725753429
 21
-43.47459431680067
 31
0.0
1001
ACAD
1010
0.0
1020
0.0
1030
0.0
1001
AcadAnnotative
1000
AnnotativeData
1002
{
1070
     1
1070
     0
1002
}
1001
AcDbBlockRepETag
1070
     1
1071
        5
1005
0
  0
LINE
  5
3287
330
30BA
100
AcDbEntity
  8
0
  6
Continuous
100
AcDbLine
 10
563.4333946521805
 20
-71.35958013613708
 30
0.0
 11
563.4333946521805
 21
-71.35958013613708
 31
0.0
1001
ACAD
1010
0.0
1020
0.0
1030
0.0
1001
AcadAnnotative
1000
AnnotativeData
1002
{
1070
     1
1070
     0
1002
}
1001
AcDbBlockRepETag
1070
     1
1071
        5
1005
0
  0
LINE
  5
3288
330
30BA
100
AcDbEntity
  8
0
  6
Continuous
100
AcDbLine
 10
458.9376818823343
 20
-56.18783983346839
 30
0.0
 11
458.9376818823343
 21
-56.18783983346839
 31
0.0
1001
ACAD
1010
0.0
1020
0.0
1030
0.0
1001
AcadAnnotative
1000
AnnotativeData
1002
{
1070
     1
1070
     0
1002
}
1001
AcDbBlockRepETag
1070
     1
1071
        5
1005
0
  0
LINE
  5
3289
330
30BA
100
AcDbEntity
  8
0
  6
Continuous
100
AcDbLine
 10
489.3688039591721
 20
-84.0728256528048
 30
0.0
 11
489.3688039591721
 21
-84.0728256528048
 31
0.0
1001
ACAD
1010
0.0
1020
0.0
1030
0.0
1001
AcadAnnotative
1000
AnnotativeData
1002
{
1070
     1
1070
     0
1002
}
1001
AcDbBlockRepETag
1070
     1
1071
        5
1005
0
  0
LINE
  5
328A
330
30BA
100
AcDbEntity
  8
0
  6
Continuous
100
AcDbLine
 10
316.0519381847839
 20
-5.838117420250227
 30
0.0
 11
316.0519381847839
 21
-5.838117420250227
 31
0.0
1001
ACAD
1010
0.0
1020
0.0
1030
0.0
1001
AcadAnnotative
1000
AnnotativeData
1002
{
1070
     1
1070
     0
1002
}
1001
AcDbBlockRepETag
1070
     1
1071
        5
1005
0
  0
LINE
  5
328B
330
30BA
100
AcDbEntity
  8
0
  6
Continuous
100
AcDbLine
 10
384.8730911893249
 20
-68.90108535013405
 30
0.0
 11
384.8730911893249
 21
-68.90108535013405
 31
0.0
1001
ACAD
1010
0.0
1020
0.0
1030
0.0
1001
AcadAnnotative
1000
AnnotativeData
1002
{
1070
     1
1070
     0
1002
}
1001
AcDbBlockRepETag
1070
     1
1071
        5
1005
0
  0
LINE
  5
328C
330
30BA
100
AcDbEntity
  8
0
  6
Continuous
100
AcDbLine
 10
415.3042132661625
 20
-96.78607116947047
 30
0.0
 11
415.3042132661625
 21
-96.78607116947047
 31
0.0
1001
ACAD
1010
0.0
1020
0.0
1030
0.0
1001
AcadAnnotative
1000
AnnotativeData
1002
{
1070
     1
1070
     0
1002
}
1001
AcDbBlockRepETag
1070
     1
1071
        5
1005
0
  0
LINE
  5
328D
330
30BA
100
AcDbEntity
  8
0
  6
Continuous
100
AcDbLine
 10
241.9873474917749
 20
-18.55136293691635
 30
0.0
 11
241.9873474917749
 21
-18.55136293691635
 31
0.0
1001
ACAD
1010
0.0
1020
0.0
1030
0.0
1001
AcadAnnotative
1000
AnnotativeData
1002
{
1070
     1
1070
     0
1002
}
1001
AcDbBlockRepETag
1070
     1
1071
        5
1005
0
  0
LINE
  5
328E
330
30BA
100
AcDbEntity
  8
0
  6
Continuous
100
AcDbLine
 10
310.8085004963159
 20
-81.61433086680018
 30
0.0
 11
310.8085004963159
 21
-81.61433086680018
 31
0.0
1001
ACAD
1010
0.0
1020
0.0
1030
0.0
1001
AcadAnnotative
1000
AnnotativeData
1002
{
1070
     1
1070
     0
1002
}
1001
AcDbBlockRepETag
1070
     1
1071
        5
1005
0
  0
LINE
  5
328F
330
30BA
100
AcDbEntity
  8
0
  6
Continuous
100
AcDbLine
 10
167.9227567987664
 20
-31.26460845358201
 30
0.0
 11
167.9227567987664
 21
-31.26460845358201
 31
0.0
1001
ACAD
1010
0.0
1020
0.0
1030
0.0
1001
AcadAnnotative
1000
AnnotativeData
1002
{
1070
     1
1070
     0
1002
}
1001
AcDbBlockRepETag
1070
     1
1071
        5
1005
0
  0
LINE
  5
3290
330
30BA
100
AcDbEntity
  8
0
  6
Continuous
100
AcDbLine
 10
236.7439098033074
 20
-94.32757638346584
 30
0.0
 11
236.7439098033074
 21
-94.32757638346584
 31
0.0
1001
ACAD
1010
0.0
1020
0.0
1030
0.0
1001
AcadAnnotative
1000
AnnotativeData
1002
{
1070
     1
1070
     0
1002
}
1001
AcDbBlockRepETag
1070
     1
1071
        5
1005
0
  0
LINE
  5
3291
330
30BA
100
AcDbEntity
  8
0
  6
Continuous
100
AcDbLine
 10
93.8581661057583
 20
-43.97785397024949
 30
0.0
 11
93.8581661057583
 21
-43.97785397024949
 31
0.0
1001
ACAD
1010
0.0
1020
0.0
1030
0.0
1001
AcadAnnotative
1000
AnnotativeData
1002
{
1070
     1
1070
     0
1002
}
1001
AcDbBlockRepETag
1070
     1
1071
        5
1005
0
  0
LINE
  5
3292
330
30BA
100
AcDbEntity
  8
0
100
AcDbLine
 10
1000.000000000001
 20
-100.0
 30
0.0
 11
0.0
 21
-100.0
 31
0.0
1001
AcDbBlockRepETag
1070
     1
1071
        4
1005
319F
  0
LINE
  5
3293
330
30BA
100
AcDbEntity
  8
0
100
AcDbLine
 10
0.0
 20
-100.0
 30
0.0
 11
0.0
 21
0.0
 31
0.0
1001
AcDbBlockRepETag
1070
     1
1071
        4
1005
319F
  0
LINE
  5
3294
330
30BA
100
AcDbEntity
  8
0
100
AcDbLine
 10
0.0
 20
0.0
 30
0.0
 11
999.9999999999968
 21
0.0
 31
0.0
1001
AcDbBlockRepETag
1070
     1
1071
        4
1005
319F
  0
ENDBLK
  5
30BC
330
30BA
100
AcDbEntity
  8
0
100
AcDbBlockEnd
  0
ENDSEC
  0
SECTION
  2
ENTITIES
  0
INSERT
  5
3077
330
1F
100
AcDbEntity
  8
0
100
AcDbBlockReference
  2
DI_PISO
 10
2258.952418723731
 20
1349.699160537469
 30
0.0
  0
ENDSEC
  0
SECTION
  2
OBJECTS
  0
DICTIONARY
  5
C
330
0
100
AcDbDictionary
281
     1
  3
ACAD_CIP_PREVIOUS_PRODUCT_INFO
350
216
  3
ACAD_COLOR
350
6B
  3
ACAD_DETAILVIEWSTYLE
350
21B
  3
ACAD_GROUP
350
D
  3
ACAD_LAYOUT
350
1A
  3
ACAD_MATERIAL
350
6A
  3
ACAD_MLEADERSTYLE
350
12D
  3
ACAD_MLINESTYLE
350
17
  3
ACAD_PLOTSETTINGS
350
19
  3
ACAD_PLOTSTYLENAME
350
E
  3
ACAD_SCALELIST
350
10C
  3
ACAD_SECTIONVIEWSTYLE
350
219
  3
ACAD_TABLESTYLE
350
7E
  3
ACAD_VISUALSTYLE
350
EF
  3
ACDB_RECOMPOSE_DATA
350
3299
  3
AcDbVariableDictionary
350
5E
  3
AcDsDecomposeData
350
329F
  0
DICTIONARY
  5
1FF
330
2
100
AcDbDictionary
280
     1
281
     1
  3
ACAD_LAYERSTATES
360
200
  0
DICTIONARY
  5
13C
330
10
100
AcDbDictionary
280
     1
281
     1
  0
DICTIONARY
  5
1CE
330
1F
100
AcDbDictionary
280
     1
281
     1
  3
ACAD_SORTENTS
360
2DD
  0
DICTIONARY
  5
2A2
330
2A1
100
AcDbDictionary
280
     1
281
     1
  3
ACAD_ENHANCEDBLOCK
360
2A3
  3
ACAD_SORTENTS
360
2A9
  3
AcDbDynamicBlockRoundTripPurgePreventer
360
2AA
  0
DICTIONARY
  5
2B4
330
2B3
100
AcDbDictionary
280
     1
281
     1
  3
ACAD_SORTENTS
360
2B5
  0
DICTIONARY
  5
31A2
330
2F90
100
AcDbDictionary
280
     1
281
     1
  3
ACAD_ENHANCEDBLOCK
360
31A3
  3
ACAD_SORTENTS
360
31B2
  3
AcDbDynamicBlockRoundTripPurgePreventer
360
31B3
  0
DICTIONARY
  5
3295
330
30BA
100
AcDbDictionary
280
     1
281
     1
  3
ACAD_ENHANCEDBLOCK
360
3296
  3
ACAD_SORTENTS
360
3297
  0
DICTIONARY
  5
2C1
330
2C0
100
AcDbDictionary
280
     1
281
     1
  3
AcDbBlockRepresentation
360
2C2
  0
XRECORD
  5
216
102
{ACAD_REACTORS
330
C
102
}
330
C
100
AcDbXrecord
280
     1
300
ACD
300
2022
300

  0
DICTIONARY
  5
6B
102
{ACAD_REACTORS
330
C
102
}
330
C
100
AcDbDictionary
281
     1
  0
DICTIONARY
  5
21B
102
{ACAD_REACTORS
330
C
102
}
330
C
100
AcDbDictionary
281
     1
  3
Metric50
350
21C
  0
DICTIONARY
  5
D
102
{ACAD_REACTORS
330
C
102
}
330
C
100
AcDbDictionary
281
     1
  0
DICTIONARY
  5
1A
102
{ACAD_REACTORS
330
C
102
}
330
C
100
AcDbDictionary
281
     1
  3
Layout1
350
D3
  3
Layout2
350
D7
  3
Model
350
22
  0
DICTIONARY
  5
6A
102
{ACAD_REACTORS
330
C
102
}
330
C
100
AcDbDictionary
281
     1
  3
ByBlock
350
ED
  3
ByLayer
350
EC
  3
Global
350
EE
  0
DICTIONARY
  5
12D
102
{ACAD_REACTORS
330
C
102
}
330
C
100
AcDbDictionary
281
     1
  3
Annotative
350
13B
  3
Standard
350
12E
  0
DICTIONARY
  5
17
102
{ACAD_REACTORS
330
C
102
}
330
C
100
AcDbDictionary
281
     1
  3
Standard
350
18
  0
DICTIONARY
  5
19
102
{ACAD_REACTORS
330
C
102
}
330
C
100
AcDbDictionary
281
     1
  0
ACDBDICTIONARYWDFLT
  5
E
102
{ACAD_REACTORS
330
C
102
}
330
C
100
AcDbDictionary
281
     1
  3
Normal
350
F
100
AcDbDictionaryWithDefault
340
F
  0
DICTIONARY
  5
10C
102
{ACAD_REACTORS
330
C
102
}
330
C
100
AcDbDictionary
281
     1
  3
A0
350
10D
  3
A1
350
1BE
  3
A2
350
1BF
  3
A3
350
1C0
  3
A4
350
1C1
  3
A5
350
1C2
  3
A6
350
1C3
  3
A7
350
1C4
  3
A8
350
1C5
  3
A9
350
1C6
  3
B0
350
1C7
  3
B1
350
1C8
  3
B2
350
1C9
  3
B3
350
1CA
  3
B4
350
1CB
  3
B5
350
1CC
  3
B6
350
1CD
  0
DICTIONARY
  5
219
102
{ACAD_REACTORS
330
C
102
}
330
C
100
AcDbDictionary
281
     1
  3
Metric50
350
21A
  0
DICTIONARY
  5
7E
102
{ACAD_REACTORS
330
C
102
}
330
C
100
AcDbDictionary
281
     1
  3
Standard
350
7F
  0
DICTIONARY
  5
EF
102
{ACAD_REACTORS
330
C
102
}
330
C
100
AcDbDictionary
281
     1
  3
2dWireframe
350
F5
  3
Basic
350
F4
  3
Brighten
350
FB
  3
ColorChange
350
FF
  3
Conceptual
350
F8
  3
Dim
350
FA
  3
EdgeColorOff
350
1E6
  3
Facepattern
350
FE
  3
Flat
350
F0
  3
FlatWithEdges
350
F1
  3
Gouraud
350
F2
  3
GouraudWithEdges
350
F3
  3
Hidden
350
F7
  3
JitterOff
350
1E4
  3
Linepattern
350
FD
  3
OverhangOff
350
1E5
  3
Realistic
350
F9
  3
Shaded
350
1F3
  3
Shaded with edges
350
1F2
  3
Shades of Gray
350
1EF
  3
Sketchy
350
1F0
  3
Thicken
350
FC
  3
Wireframe
350
F6
  3
X-Ray
350
1F1
  0
XRECORD
  5
3299
102
{ACAD_REACTORS
330
C
102
}
330
C
100
AcDbXrecord
280
     1
 90
        1
330
7F
  0
DICTIONARY
  5
5E
102
{ACAD_REACTORS
330
C
102
}
330
C
100
AcDbDictionary
281
     1
  3
CANNOSCALE
350
146
  3
CENTEREXE
350
259
  3
CENTERLTYPEFILE
350
25A
  3
CMLEADERSTYLE
350
145
  3
CTABLESTYLE
350
84
  3
CVIEWDETAILSTYLE
350
227
  3
CVIEWSECTIONSTYLE
350
228
  3
DIMASSOC
350
5F
  3
HIDETEXT
350
63
  3
LAYEREVAL
350
1AE
  3
LAYERNOTIFY
350
1AF
  0
DICTIONARY
  5
329F
102
{ACAD_REACTORS
330
C
102
}
330
C
100
AcDbDictionary
281
     1
  3
AcDsRecords
350
32A1
  3
AcDsSchemas
350
32A0
1001
ACAD
1070
     2
  0
DICTIONARY
  5
200
102
{ACAD_REACTORS
330
1FF
102
}
330
1FF
100
AcDbDictionary
281
     1
  0
SORTENTSTABLE
  5
2DD
102
{ACAD_REACTORS
330
1CE
102
}
330
1CE
100
AcDbSortentsTable
330
1F
  0
ACAD_EVALUATION_GRAPH
  5
2A3
102
{ACAD_REACTORS
330
2A2
102
}
330
2A2
100
AcDbEvalGraph
 96
        5
 97
        5
 91
        0
 93
       32
 95
        1
360
2A4
 92
        2
 92
        2
 92
        0
 92
        3
 91
        1
 93
       32
 95
        2
360
2A5
 92
       -1
 92
       -1
 92
        2
 92
        2
 91
        2
 93
       32
 95
        3
360
2A6
 92
        0
 92
        0
 92
       -1
 92
       -1
 91
        3
 93
       32
 95
        4
360
2A7
 92
        1
 92
        1
 92
       -1
 92
       -1
 91
        4
 93
       32
 95
        5
360
2A8
 92
        3
 92
        3
 92
       -1
 92
       -1
 92
        0
 93
        0
 94
        1
 91
        0
 91
        2
 92
       -1
 92
       -1
 92
       -1
 92
        1
 92
       -1
 92
        1
 93
        0
 94
        1
 91
        0
 91
        3
 92
       -1
 92
       -1
 92
        0
 92
        3
 92
       -1
 92
        2
 93
        0
 94
        1
 91
        1
 91
        0
 92
       -1
 92
       -1
 92
       -1
 92
       -1
 92
       -1
 92
        3
 93
        0
 94
        1
 91
        0
 91
        4
 92
       -1
 92
       -1
 92
        1
 92
       -1
 92
       -1
  0
SORTENTSTABLE
  5
2A9
102
{ACAD_REACTORS
330
2A2
102
}
330
2A2
100
AcDbSortentsTable
330
2A1
331
2B0
  5
2B1
331
2B1
  5
2B0
  0
ACDB_DYNAMICBLOCKPURGEPREVENTER_VERSION
  5
2AA
102
{ACAD_REACTORS
330
2A2
102
}
330
2A2
100
AcDbDynamicBlockPurgePreventer
 70
     1
  0
SORTENTSTABLE
  5
2B5
102
{ACAD_REACTORS
330
2B4
102
}
330
2B4
100
AcDbSortentsTable
330
2B3
331
2BB
  5
2BC
331
2BC
  5
2BB
  0
ACAD_EVALUATION_GRAPH
  5
31A3
102
{ACAD_REACTORS
330
31A2
102
}
330
31A2
100
AcDbEvalGraph
 96
        0
 97
        0
  0
SORTENTSTABLE
  5
31B2
102
{ACAD_REACTORS
330
31A2
102
}
330
31A2
100
AcDbSortentsTable
330
2F90
  0
ACDB_DYNAMICBLOCKPURGEPREVENTER_VERSION
  5
31B3
102
{ACAD_REACTORS
330
31A2
102
}
330
31A2
100
AcDbDynamicBlockPurgePreventer
 70
     1
  0
ACAD_EVALUATION_GRAPH
  5
3296
102
{ACAD_REACTORS
330
3295
102
}
330
3295
100
AcDbEvalGraph
 96
        0
 97
        0
  0
SORTENTSTABLE
  5
3297
102
{ACAD_REACTORS
330
3295
102
}
330
3295
100
AcDbSortentsTable
330
30BA
  0
DICTIONARY
  5
2C2
102
{ACAD_REACTORS
330
2C1
102
}
330
2C1
100
AcDbDictionary
280
     1
281
     1
  3
AcDbRepData
360
2C3
  3
AppDataCache
360
2C4
  0
ACDBDETAILVIEWSTYLE
  5
21C
102
{ACAD_XDICTIONARY
360
32D4
102
}
102
{ACAD_REACTORS
330
21B
102
}
330
21B
100
AcDbModelDocViewStyle
 70
     0
  3
Metric50
290
     0
100
AcDbDetailViewStyle
 70
     0
 71
     0
 90
        3
 71
     1
340
11
 62
   256
 40
5.0
340
0
 62
   256
 40
5.0
300

 40
0.0
280
     1
 71
     2
340
16
 90
       25
 62
   256
 71
     3
340
11
 62
   256
 40
5.0
 90
        0
 40
15.0
 90
        1
300
%<\AcVar ViewDetailId>% (%<\AcVar ViewScale \f "%sn">%)
 71
     4
340
16
 90
       25
 62
   256
340
16
 90
       25
 62
   256
280
     0
  0
LAYOUT
  5
D3
102
{ACAD_REACTORS
330
1A
102
}
330
1A
100
AcDbPlotSettings
  1

  2
C:\Documents and Settings\basas\Application Data\Autodesk\AutoCAD 2005\R16.1\enu\plotters\Default Windows System Printer.pc3
  4

  6

 40
0.0
 41
0.0
 42
0.0
 43
0.0
 44
0.0
 45
0.0
 46
0.0
 47
0.0
 48
0.0
 49
0.0
140
0.0
141
0.0
142
1.0
143
1.0
 70
   688
 72
     0
 73
     0
 74
     5
  7

 75
    16
147
1.0
 76
     0
 77
     2
 78
   300
148
0.0
149
0.0
100
AcDbLayout
  1
Layout1
 70
     1
 71
     1
 10
0.0
 20
0.0
 11
12.0
 21
9.0
 12
0.0
 22
0.0
 32
0.0
 14
0.0
 24
0.0
 34
0.0
 15
0.0
 25
0.0
 35
0.0
146
0.0
 13
0.0
 23
0.0
 33
0.0
 16
1.0
 26
0.0
 36
0.0
 17
0.0
 27
1.0
 37
0.0
 76
     0
330
D2
  0
LAYOUT
  5
D7
102
{ACAD_REACTORS
330
1A
102
}
330
1A
100
AcDbPlotSettings
  1

  2
C:\Documents and Settings\basas\Application Data\Autodesk\AutoCAD 2005\R16.1\enu\plotters\Default Windows System Printer.pc3
  4

  6

 40
0.0
 41
0.0
 42
0.0
 43
0.0
 44
0.0
 45
0.0
 46
0.0
 47
0.0
 48
0.0
 49
0.0
140
0.0
141
0.0
142
1.0
143
1.0
 70
   688
 72
     0
 73
     0
 74
     5
  7

 75
    16
147
1.0
 76
     0
 77
     2
 78
   300
148
0.0
149
0.0
100
AcDbLayout
  1
Layout2
 70
     1
 71
     2
 10
0.0
 20
0.0
 11
12.0
 21
9.0
 12
0.0
 22
0.0
 32
0.0
 14
0.0
 24
0.0
 34
0.0
 15
0.0
 25
0.0
 35
0.0
146
0.0
 13
0.0
 23
0.0
 33
0.0
 16
1.0
 26
0.0
 36
0.0
 17
0.0
 27
1.0
 37
0.0
 76
     0
330
D6
  0
LAYOUT
  5
22
102
{ACAD_XDICTIONARY
360
205
102
}
102
{ACAD_REACTORS
330
1A
102
}
330
1A
100
AcDbPlotSettings
  1

  2
none_device
  4
ISO_A4_(210.00_x_297.00_MM)
  6

 40
7.5
 41
20.0
 42
7.5
 43
20.0
 44
210.0
 45
297.0
 46
11.54999923706054
 47
-13.65000009536743
 48
0.0
 49
0.0
140
0.0
141
0.0
142
1.0
143
8.704084754739808
 70
 11952
 72
     1
 73
     0
 74
     0
  7

 75
     0
147
0.1148885871608098
 76
     0
 77
     2
 78
   300
148
0.0
149
0.0
100
AcDbLayout
  1
Model
 70
     1
 71
     0
 10
0.0
 20
0.0
 11
12.0
 21
9.0
 12
0.0
 22
0.0
 32
0.0
 14
0.0
 24
0.0
 34
0.0
 15
0.0
 25
0.0
 35
0.0
146
0.0
 13
0.0
 23
0.0
 33
0.0
 16
1.0
 26
0.0
 36
0.0
 17
0.0
 27
1.0
 37
0.0
 76
     0
330
1F
331
EA
1001
ACAD_PSEXT
1000
None
1000
None
1000
Not applicable
1000
The layout will not be plotted unless a new plotter configuration name is selected.
1070
     0
  0
MATERIAL
  5
ED
102
{ACAD_XDICTIONARY
360
1F9
102
}
102
{ACAD_REACTORS
330
6A
102
}
330
6A
100
AcDbMaterial
  1
ByBlock
 94
       63
  0
MATERIAL
  5
EC
102
{ACAD_XDICTIONARY
360
1F7
102
}
102
{ACAD_REACTORS
330
6A
102
}
330
6A
100
AcDbMaterial
  1
ByLayer
 94
       63
  0
MATERIAL
  5
EE
102
{ACAD_XDICTIONARY
360
173
102
}
102
{ACAD_REACTORS
330
6A
102
}
330
6A
100
AcDbMaterial
  1
Global
 43
0.0007999999797903
 43
0.0
 43
0.0
 43
0.0
 43
0.0
 43
0.0007999999797903
 43
0.0
 43
0.0
 43
0.0
 43
0.0
 43
1.0
 43
0.0
 43
0.0
 43
0.0
 43
0.0
 43
1.0
 49
0.0007999999797903
 49
0.0
 49
0.0
 49
0.0
 49
0.0
 49
0.0007999999797903
 49
0.0
 49
0.0
 49
0.0
 49
0.0
 49
1.0
 49
0.0
 49
0.0
 49
0.0
 49
0.0
 49
1.0
142
0.0007999999797903
142
0.0
142
0.0
142
0.0
142
0.0
142
0.0007999999797903
142
0.0
142
0.0
142
0.0
142
0.0
142
1.0
142
0.0
142
0.0
142
0.0
142
0.0
142
1.0
144
0.0007999999797903
144
0.0
144
0.0
144
0.0
144
0.0
144
0.0007999999797903
144
0.0
144
0.0
144
0.0
144
0.0
144
1.0
144
0.0
144
0.0
144
0.0
144
0.0
144
1.0
 94
       63
1001
ACAD
1070
    -1
1070
     3
1070
     0
1000

1071
        0
1070
     0
  0
MLEADERSTYLE
  5
13B
102
{ACAD_REACTORS
330
12D
102
}
330
12D
100
AcDbMLeaderStyle
179
     2
170
     2
171
     1
172
     0
 90
        2
 40
0.0
 41
0.0
173
     1
 91
-1056964608
340
14
 92
       -2
290
     1
 42
2.0
291
     1
 43
8.0
  3
Standard
 44
4.0
300

342
11
174
     1
178
     1
175
     1
176
     0
 93
-1056964608
 45
4.0
292
     0
297
     0
 46
4.0
 94
-1056964608
 47
1.0
 49
1.0
140
1.0
293
     1
141
0.0
294
     1
177
     0
142
1.0
295
     0
296
     1
143
3.75
271
     0
272
     9
273
     9
  0
MLEADERSTYLE
  5
12E
102
{ACAD_REACTORS
330
12D
102
}
330
12D
100
AcDbMLeaderStyle
179
     2
170
     2
171
     1
172
     0
 90
        2
 40
0.0
 41
0.0
173
     1
 91
-1056964608
340
14
 92
       -2
290
     1
 42
2.0
291
     1
 43
8.0
  3
Standard
 44
4.0
300

342
11
174
     1
178
     1
175
     1
176
     0
 93
-1056964608
 45
4.0
292
     0
297
     0
 46
4.0
 94
-1056964608
 47
1.0
 49
1.0
140
1.0
293
     1
141
0.0
294
     1
177
     0
142
1.0
295
     0
296
     0
143
3.75
271
     0
272
     9
273
     9
  0
MLINESTYLE
  5
18
102
{ACAD_REACTORS
330
17
102
}
330
17
100
AcDbMlineStyle
  2
STANDARD
 70
     0
  3

 62
   256
 51
90.0
 52
90.0
 71
     2
 49
0.5
 62
   256
  6
BYLAYER
 49
-0.5
 62
   256
  6
BYLAYER
  0
ACDBPLACEHOLDER
  5
F
102
{ACAD_REACTORS
330
E
102
}
330
E
  0
SCALE
  5
10D
102
{ACAD_REACTORS
330
10C
102
}
330
10C
100
AcDbScale
 70
     0
300
1:1
140
1.0
141
1.0
290
     1
  0
SCALE
  5
1BE
102
{ACAD_REACTORS
330
10C
102
}
330
10C
100
AcDbScale
 70
     0
300
1:2
140
1.0
141
2.0
290
     0
  0
SCALE
  5
1BF
102
{ACAD_REACTORS
330
10C
102
}
330
10C
100
AcDbScale
 70
     0
300
1:4
140
1.0
141
4.0
290
     0
  0
SCALE
  5
1C0
102
{ACAD_REACTORS
330
10C
102
}
330
10C
100
AcDbScale
 70
     0
300
1:5
140
1.0
141
5.0
290
     0
  0
SCALE
  5
1C1
102
{ACAD_REACTORS
330
10C
102
}
330
10C
100
AcDbScale
 70
     0
300
1:8
140
1.0
141
8.0
290
     0
  0
SCALE
  5
1C2
102
{ACAD_REACTORS
330
10C
102
}
330
10C
100
AcDbScale
 70
     0
300
1:10
140
1.0
141
10.0
290
     0
  0
SCALE
  5
1C3
102
{ACAD_REACTORS
330
10C
102
}
330
10C
100
AcDbScale
 70
     0
300
1:16
140
1.0
141
16.0
290
     0
  0
SCALE
  5
1C4
102
{ACAD_REACTORS
330
10C
102
}
330
10C
100
AcDbScale
 70
     0
300
1:20
140
1.0
141
20.0
290
     0
  0
SCALE
  5
1C5
102
{ACAD_REACTORS
330
10C
102
}
330
10C
100
AcDbScale
 70
     0
300
1:30
140
1.0
141
30.0
290
     0
  0
SCALE
  5
1C6
102
{ACAD_REACTORS
330
10C
102
}
330
10C
100
AcDbScale
 70
     0
300
1:40
140
1.0
141
40.0
290
     0
  0
SCALE
  5
1C7
102
{ACAD_REACTORS
330
10C
102
}
330
10C
100
AcDbScale
 70
     0
300
1:50
140
1.0
141
50.0
290
     0
  0
SCALE
  5
1C8
102
{ACAD_REACTORS
330
10C
102
}
330
10C
100
AcDbScale
 70
     0
300
1:100
140
1.0
141
100.0
290
     0
  0
SCALE
  5
1C9
102
{ACAD_REACTORS
330
10C
102
}
330
10C
100
AcDbScale
 70
     0
300
2:1
140
2.0
141
1.0
290
     0
  0
SCALE
  5
1CA
102
{ACAD_REACTORS
330
10C
102
}
330
10C
100
AcDbScale
 70
     0
300
4:1
140
4.0
141
1.0
290
     0
  0
SCALE
  5
1CB
102
{ACAD_REACTORS
330
10C
102
}
330
10C
100
AcDbScale
 70
     0
300
8:1
140
8.0
141
1.0
290
     0
  0
SCALE
  5
1CC
102
{ACAD_REACTORS
330
10C
102
}
330
10C
100
AcDbScale
 70
     0
300
10:1
140
10.0
141
1.0
290
     0
  0
SCALE
  5
1CD
102
{ACAD_REACTORS
330
10C
102
}
330
10C
100
AcDbScale
 70
     0
300
100:1
140
100.0
141
1.0
290
     0
  0
ACDBSECTIONVIEWSTYLE
  5
21A
102
{ACAD_XDICTIONARY
360
32D2
102
}
102
{ACAD_REACTORS
330
219
102
}
330
219
100
AcDbModelDocViewStyle
 70
     0
  3
Metric50
290
     0
100
AcDbSectionViewStyle
 70
     0
 71
     0
 90
      102
 71
     1
340
11
 62
   256
 40
5.0
340
0
340
0
 62
   256
 40
5.0
300
I, O, Q, S, X, Z
 40
10.0
 90
        0
 40
2.5
 90
        0
 71
     2
340
16
 90
       25
 62
   256
340
16
 90
       50
 62
   256
 40
5.0
 40
2.5
 40
5.0
 71
     3
340
11
 62
   256
 40
5.0
 90
        0
 40
15.0
 90
        1
300
%<\AcVar ViewSectionStartId>%-%<\AcVar ViewSectionEndId>% (%<\AcVar ViewScale \f "%sn">%)
 71
     4
 62
   256
 62
   257
300
ANSI31
 40
1.0
 90
        0
290
     0
290
     0
 90
        6
 40
0.0
 40
1.570796326794896
 40
0.2617993877991494
 40
1.308996938995747
 40
-0.2617993877991494
 40
1.832595714594046
  0
TABLESTYLE
  5
7F
102
{ACAD_XDICTIONARY
360
162
102
}
102
{ACAD_REACTORS
330
7E
102
}
330
7E
100
AcDbTableStyle
280
     0
  3
Standard
 70
     0
 71
     0
 40
1.5
 41
1.5
280
     0
281
     0
  7
Standard
140
4.5
170
     2
 62
     0
 63
     7
283
     0
 90
      512
 91
        0
  1

274
    -2
284
     1
 64
     0
275
    -2
285
     1
 65
     0
276
    -2
286
     1
 66
     0
277
    -2
287
     1
 67
     0
278
    -2
288
     1
 68
     0
279
    -2
289
     1
 69
     0
  7
Standard
140
6.0
170
     5
 62
     0
 63
     7
283
     0
 90
      512
 91
        0
  1

274
    -2
284
     1
 64
     0
275
    -2
285
     1
 65
     0
276
    -2
286
     1
 66
     0
277
    -2
287
     1
 67
     0
278
    -2
288
     1
 68
     0
279
    -2
289
     1
 69
     0
  7
Standard
140
4.5
170
     5
 62
     0
 63
     7
283
     0
 90
      512
 91
        0
  1

274
    -2
284
     1
 64
     0
275
    -2
285
     1
 65
     0
276
    -2
286
     1
 66
     0
277
    -2
287
     1
 67
     0
278
    -2
288
     1
 68
     0
279
    -2
289
     1
 69
     0
  0
VISUALSTYLE
  5
F5
102
{ACAD_XDICTIONARY
360
32AC
102
}
102
{ACAD_REACTORS
330
EF
102
}
330
EF
100
AcDbVisualStyle
  2
2dWireframe
 70
     4
177
     2
291
     0
 71
     0
176
     1
 72
     2
176
     1
 73
     1
176
     1
 90
        0
176
     1
 40
0.6
176
     1
 41
30.0
176
     1
 63
     7
421
 16777215
176
     1
 74
     1
176
     1
 91
        4
176
     1
 64
     7
176
     1
 65
   257
176
     1
 75
     1
176
     1
175
     1
176
     1
 42
1.0
176
     1
 92
        0
176
     1
 66
   257
176
     1
 43
1.0
176
     1
 76
     1
176
     1
 77
     6
176
     1
 78
     2
176
     1
 67
     7
176
     1
 79
     5
176
     1
170
     0
176
     1
171
     0
176
     1
290
     0
176
     1
 93
        1
176
     1
 44
0.0
176
     1
173
     0
176
     1
1001
ACAD
1000
AcDbSavedByObjectVersion
1070
     0
  0
VISUALSTYLE
  5
F4
102
{ACAD_XDICTIONARY
360
32AA
102
}
102
{ACAD_REACTORS
330
EF
102
}
330
EF
100
AcDbVisualStyle
  2
Basic
 70
     7
177
     2
291
     1
 71
     1
176
     1
 72
     0
176
     1
 73
     1
176
     1
 90
        0
176
     1
 40
0.6
176
     1
 41
30.0
176
     1
 63
     7
421
 16777215
176
     1
 74
     0
176
     1
 91
        4
176
     1
 64
     7
176
     1
 65
   257
176
     1
 75
     1
176
     1
175
     1
176
     1
 42
1.0
176
     1
 92
        8
176
     1
 66
     7
176
     1
 43
1.0
176
     1
 76
     1
176
     1
 77
     6
176
     1
 78
     2
176
     1
 67
     7
176
     1
 79
     5
176
     1
170
     0
176
     1
171
     0
176
     1
290
     0
176
     1
 93
        1
176
     1
 44
0.0
176
     1
173
     0
176
     1
1001
ACAD
1000
AcDbSavedByObjectVersion
1070
     0
  0
VISUALSTYLE
  5
FB
102
{ACAD_XDICTIONARY
360
32B8
102
}
102
{ACAD_REACTORS
330
EF
102
}
330
EF
100
AcDbVisualStyle
  2
Brighten
 70
    12
177
     2
291
     1
 71
     2
176
     1
 72
     2
176
     1
 73
     1
176
     1
 90
        0
176
     1
 40
0.6
176
     1
 41
30.0
176
     1
 63
     7
421
 16777215
176
     1
 74
     1
176
     1
 91
        4
176
     1
 64
     7
176
     1
 65
   257
176
     1
 75
     1
176
     1
175
     1
176
     1
 42
1.0
176
     1
 92
        8
176
     1
 66
     7
176
     1
 43
1.0
176
     1
 76
     1
176
     1
 77
     6
176
     1
 78
     2
176
     1
 67
     7
176
     1
 79
     5
176
     1
170
     0
176
     1
171
     0
176
     1
290
     0
176
     1
 93
        1
176
     1
 44
50.0
176
     1
173
     0
176
     1
1001
ACAD
1000
AcDbSavedByObjectVersion
1070
     0
  0
VISUALSTYLE
  5
FF
102
{ACAD_XDICTIONARY
360
32C0
102
}
102
{ACAD_REACTORS
330
EF
102
}
330
EF
100
AcDbVisualStyle
  2
ColorChange
 70
    16
177
     2
291
     1
 71
     2
176
     1
 72
     2
176
     1
 73
     3
176
     1
 90
        0
176
     1
 40
0.6
176
     1
 41
30.0
176
     1
 63
     8
421
  8421504
176
     1
 74
     1
176
     1
 91
        4
176
     1
 64
     7
176
     1
 65
   257
176
     1
 75
     1
176
     1
175
     1
176
     1
 42
1.0
176
     1
 92
        8
176
     1
 66
     8
424
  8421504
176
     1
 43
1.0
176
     1
 76
     1
176
     1
 77
     6
176
     1
 78
     2
176
     1
 67
     7
176
     1
 79
     5
176
     1
170
     0
176
     1
171
     0
176
     1
290
     0
176
     1
 93
        1
176
     1
 44
0.0
176
     1
173
     0
176
     1
1001
ACAD
1000
AcDbSavedByObjectVersion
1070
     0
  0
VISUALSTYLE
  5
F8
102
{ACAD_XDICTIONARY
360
32B2
102
}
102
{ACAD_REACTORS
330
EF
102
}
330
EF
100
AcDbVisualStyle
  2
Conceptual
 70
     9
177
     2
291
     0
 71
     3
176
     1
 72
     2
176
     1
 73
     1
176
     1
 90
        0
176
     1
 40
0.6
176
     1
 41
30.0
176
     1
 63
     7
421
 16777215
176
     1
 74
     2
176
     1
 91
        2
176
     1
 64
     7
176
     1
 65
   257
176
     1
 75
     1
176
     1
175
     1
176
     1
 42
40.0
176
     1
 92
        8
176
     1
 66
     7
176
     1
 43
1.0
176
     1
 76
     1
176
     1
 77
     6
176
     1
 78
     2
176
     1
 67
     7
176
     1
 79
     3
176
     1
170
     0
176
     1
171
     0
176
     1
290
     0
176
     1
 93
        1
176
     1
 44
0.0
176
     1
173
     0
176
     1
1001
ACAD
1000
AcDbSavedByObjectVersion
1070
     0
  0
VISUALSTYLE
  5
FA
102
{ACAD_XDICTIONARY
360
32B6
102
}
102
{ACAD_REACTORS
330
EF
102
}
330
EF
100
AcDbVisualStyle
  2
Dim
 70
    11
177
     2
291
     1
 71
     2
176
     1
 72
     2
176
     1
 73
     1
176
     1
 90
        0
176
     1
 40
0.6
176
     1
 41
30.0
176
     1
 63
     7
421
 16777215
176
     1
 74
     1
176
     1
 91
        4
176
     1
 64
     7
176
     1
 65
   257
176
     1
 75
     1
176
     1
175
     1
176
     1
 42
1.0
176
     1
 92
        8
176
     1
 66
     7
176
     1
 43
1.0
176
     1
 76
     1
176
     1
 77
     6
176
     1
 78
     2
176
     1
 67
     7
176
     1
 79
     5
176
     1
170
     0
176
     1
171
     0
176
     1
290
     0
176
     1
 93
        1
176
     1
 44
-50.0
176
     1
173
     0
176
     1
1001
ACAD
1000
AcDbSavedByObjectVersion
1070
     0
  0
VISUALSTYLE
  5
1E6
102
{ACAD_XDICTIONARY
360
32C6
102
}
102
{ACAD_REACTORS
330
EF
102
}
330
EF
100
AcDbVisualStyle
  2
EdgeColorOff
 70
    22
177
     2
291
     1
 71
     2
176
     0
 72
     2
176
     0
 73
     0
176
     0
 90
        0
176
     0
 40
0.6
176
     0
 41
30.0
176
     0
 63
     7
421
 16777215
176
     0
 74
     1
176
     0
 91
        4
176
     0
 64
     7
176
     0
 65
   257
176
     0
 75
     1
176
     0
175
     1
176
     0
 42
1.0
176
     0
 92
        8
176
     2
 66
     7
176
     0
 43
1.0
176
     0
 76
     1
176
     0
 77
     6
176
     0
 78
     2
176
     0
 67
     7
176
     0
 79
     5
176
     0
170
     0
176
     0
171
     0
176
     0
290
     0
176
     0
 93
        1
176
     0
 44
0.0
176
     0
173
     0
176
     0
1001
ACAD
1000
AcDbSavedByObjectVersion
1070
     0
  0
VISUALSTYLE
  5
FE
102
{ACAD_XDICTIONARY
360
32BE
102
}
102
{ACAD_REACTORS
330
EF
102
}
330
EF
100
AcDbVisualStyle
  2
Facepattern
 70
    15
177
     2
291
     1
 71
     2
176
     1
 72
     2
176
     1
 73
     1
176
     1
 90
        0
176
     1
 40
0.6
176
     1
 41
30.0
176
     1
 63
     7
421
 16777215
176
     1
 74
     1
176
     1
 91
        4
176
     1
 64
     7
176
     1
 65
   257
176
     1
 75
     1
176
     1
175
     1
176
     1
 42
1.0
176
     1
 92
        8
176
     1
 66
     7
176
     1
 43
1.0
176
     1
 76
     1
176
     1
 77
     6
176
     1
 78
     2
176
     1
 67
     7
176
     1
 79
     5
176
     1
170
     0
176
     1
171
     0
176
     1
290
     0
176
     1
 93
        1
176
     1
 44
0.0
176
     1
173
     0
176
     1
1001
ACAD
1000
AcDbSavedByObjectVersion
1070
     0
  0
VISUALSTYLE
  5
F0
102
{ACAD_XDICTIONARY
360
32A2
102
}
102
{ACAD_REACTORS
330
EF
102
}
330
EF
100
AcDbVisualStyle
  2
Flat
 70
     0
177
     2
291
     1
 71
     2
176
     1
 72
     1
176
     1
 73
     1
176
     1
 90
        2
176
     1
 40
0.6
176
     1
 41
30.0
176
     1
 63
     7
421
 16777215
176
     1
 74
     0
176
     1
 91
        0
176
     1
 64
     7
176
     1
 65
   257
176
     1
 75
     1
176
     1
175
     1
176
     1
 42
1.0
176
     1
 92
        8
176
     1
 66
     7
176
     1
 43
1.0
176
     1
 76
     1
176
     1
 77
     6
176
     1
 78
     2
176
     1
 67
     7
176
     1
 79
     5
176
     1
170
     0
176
     1
171
     0
176
     1
290
     0
176
     1
 93
       13
176
     1
 44
0.0
176
     1
173
     0
176
     1
1001
ACAD
1000
AcDbSavedByObjectVersion
1070
     0
  0
VISUALSTYLE
  5
F1
102
{ACAD_XDICTIONARY
360
32A4
102
}
102
{ACAD_REACTORS
330
EF
102
}
330
EF
100
AcDbVisualStyle
  2
FlatWithEdges
 70
     1
177
     2
291
     1
 71
     2
176
     1
 72
     1
176
     1
 73
     1
176
     1
 90
        2
176
     1
 40
0.6
176
     1
 41
30.0
176
     1
 63
     7
421
 16777215
176
     1
 74
     1
176
     1
 91
        0
176
     1
 64
     7
176
     1
 65
   257
176
     1
 75
     1
176
     1
175
     1
176
     1
 42
1.0
176
     1
 92
        0
176
     1
 66
   257
176
     1
 43
1.0
176
     1
 76
     1
176
     1
 77
     6
176
     1
 78
     2
176
     1
 67
     7
176
     1
 79
     5
176
     1
170
     0
176
     1
171
     0
176
     1
290
     0
176
     1
 93
       13
176
     1
 44
0.0
176
     1
173
     0
176
     1
1001
ACAD
1000
AcDbSavedByObjectVersion
1070
     0
  0
VISUALSTYLE
  5
F2
102
{ACAD_XDICTIONARY
360
32A6
102
}
102
{ACAD_REACTORS
330
EF
102
}
330
EF
100
AcDbVisualStyle
  2
Gouraud
 70
     2
177
     2
291
     1
 71
     2
176
     1
 72
     2
176
     1
 73
     1
176
     1
 90
        2
176
     1
 40
0.6
176
     1
 41
30.0
176
     1
 63
     7
421
 16777215
176
     1
 74
     0
176
     1
 91
        0
176
     1
 64
     7
176
     1
 65
   257
176
     1
 75
     1
176
     1
175
     1
176
     1
 42
1.0
176
     1
 92
        0
176
     1
 66
     7
176
     1
 43
1.0
176
     1
 76
     1
176
     1
 77
     6
176
     1
 78
     2
176
     1
 67
     7
176
     1
 79
     5
176
     1
170
     0
176
     1
171
     0
176
     1
290
     0
176
     1
 93
       13
176
     1
 44
0.0
176
     1
173
     0
176
     1
1001
ACAD
1000
AcDbSavedByObjectVersion
1070
     0
  0
VISUALSTYLE
  5
F3
102
{ACAD_XDICTIONARY
360
32A8
102
}
102
{ACAD_REACTORS
330
EF
102
}
330
EF
100
AcDbVisualStyle
  2
GouraudWithEdges
 70
     3
177
     2
291
     1
 71
     2
176
     1
 72
     2
176
     1
 73
     1
176
     1
 90
        2
176
     1
 40
0.6
176
     1
 41
30.0
176
     1
 63
     7
421
 16777215
176
     1
 74
     1
176
     1
 91
        0
176
     1
 64
     7
176
     1
 65
   257
176
     1
 75
     1
176
     1
175
     1
176
     1
 42
1.0
176
     1
 92
        0
176
     1
 66
   257
176
     1
 43
1.0
176
     1
 76
     1
176
     1
 77
     6
176
     1
 78
     2
176
     1
 67
     7
176
     1
 79
     5
176
     1
170
     0
176
     1
171
     0
176
     1
290
     0
176
     1
 93
       13
176
     1
 44
0.0
176
     1
173
     0
176
     1
1001
ACAD
1000
AcDbSavedByObjectVersion
1070
     0
  0
VISUALSTYLE
  5
F7
102
{ACAD_XDICTIONARY
360
32B0
102
}
102
{ACAD_REACTORS
330
EF
102
}
330
EF
100
AcDbVisualStyle
  2
Hidden
 70
     6
177
     2
291
     0
 71
     1
176
     1
 72
     2
176
     1
 73
     2
176
     1
 90
        0
176
     1
 40
0.6
176
     1
 41
30.0
176
     1
 63
     7
421
 16777215
176
     1
 74
     2
176
     1
 91
        2
176
     1
 64
     7
176
     1
 65
   257
176
     1
 75
     2
176
     1
175
     1
176
     1
 42
40.0
176
     1
 92
        0
176
     1
 66
   257
176
     1
 43
1.0
176
     1
 76
     1
176
     1
 77
     6
176
     1
 78
     2
176
     1
 67
     7
176
     1
 79
     3
176
     1
170
     0
176
     1
171
     0
176
     1
290
     0
176
     1
 93
        1
176
     1
 44
0.0
176
     1
173
     0
176
     1
1001
ACAD
1000
AcDbSavedByObjectVersion
1070
     0
  0
VISUALSTYLE
  5
1E4
102
{ACAD_XDICTIONARY
360
32C2
102
}
102
{ACAD_REACTORS
330
EF
102
}
330
EF
100
AcDbVisualStyle
  2
JitterOff
 70
    20
177
     2
291
     1
 71
     2
176
     0
 72
     2
176
     0
 73
     0
176
     0
 90
        0
176
     0
 40
0.6
176
     0
 41
30.0
176
     0
 63
     7
421
 16777215
176
     0
 74
     1
176
     0
 91
        4
176
     0
 64
     7
176
     0
 65
   257
176
     0
 75
     1
176
     0
175
     1
176
     0
 42
1.0
176
     0
 92
       10
176
     2
 66
     7
176
     0
 43
1.0
176
     0
 76
     1
176
     0
 77
     6
176
     0
 78
     2
176
     0
 67
     7
176
     0
 79
     5
176
     0
170
     0
176
     0
171
     0
176
     0
290
     0
176
     0
 93
        1
176
     0
 44
0.0
176
     0
173
     0
176
     0
1001
ACAD
1000
AcDbSavedByObjectVersion
1070
     0
  0
VISUALSTYLE
  5
FD
102
{ACAD_XDICTIONARY
360
32BC
102
}
102
{ACAD_REACTORS
330
EF
102
}
330
EF
100
AcDbVisualStyle
  2
Linepattern
 70
    14
177
     2
291
     1
 71
     2
176
     1
 72
     2
176
     1
 73
     1
176
     1
 90
        0
176
     1
 40
0.6
176
     1
 41
30.0
176
     1
 63
     7
421
 16777215
176
     1
 74
     1
176
     1
 91
        4
176
     1
 64
     7
176
     1
 65
   257
176
     1
 75
     7
176
     1
175
     7
176
     1
 42
1.0
176
     1
 92
        8
176
     1
 66
     7
176
     1
 43
1.0
176
     1
 76
     1
176
     1
 77
     6
176
     1
 78
     2
176
     1
 67
     7
176
     1
 79
     5
176
     1
170
     0
176
     1
171
     0
176
     1
290
     0
176
     1
 93
        1
176
     1
 44
0.0
176
     1
173
     0
176
     1
1001
ACAD
1000
AcDbSavedByObjectVersion
1070
     0
  0
VISUALSTYLE
  5
1E5
102
{ACAD_XDICTIONARY
360
32C4
102
}
102
{ACAD_REACTORS
330
EF
102
}
330
EF
100
AcDbVisualStyle
  2
OverhangOff
 70
    21
177
     2
291
     1
 71
     2
176
     0
 72
     2
176
     0
 73
     0
176
     0
 90
        0
176
     0
 40
0.6
176
     0
 41
30.0
176
     0
 63
     7
421
 16777215
176
     0
 74
     1
176
     0
 91
        4
176
     0
 64
     7
176
     0
 65
   257
176
     0
 75
     1
176
     0
175
     1
176
     0
 42
1.0
176
     0
 92
        9
176
     2
 66
     7
176
     0
 43
1.0
176
     0
 76
     1
176
     0
 77
     6
176
     0
 78
     2
176
     0
 67
     7
176
     0
 79
     5
176
     0
170
     0
176
     0
171
     0
176
     0
290
     0
176
     0
 93
        1
176
     0
 44
0.0
176
     0
173
     0
176
     0
1001
ACAD
1000
AcDbSavedByObjectVersion
1070
     0
  0
VISUALSTYLE
  5
F9
102
{ACAD_XDICTIONARY
360
32B4
102
}
102
{ACAD_REACTORS
330
EF
102
}
330
EF
100
AcDbVisualStyle
  2
Realistic
 70
     8
177
     2
291
     0
 71
     2
176
     1
 72
     3
176
     1
 73
     0
176
     1
 90
        2
176
     1
 40
0.6
176
     1
 41
30.0
176
     1
 63
     7
421
 16777215
176
     1
 74
     0
176
     1
 91
        0
176
     1
 64
     7
176
     1
 65
   257
176
     1
 75
     1
176
     1
175
     1
176
     1
 42
1.0
176
     1
 92
        8
176
     1
 66
   257
176
     1
 43
1.0
176
     1
 76
     1
176
     1
 77
     6
176
     1
 78
     2
176
     1
 67
     7
176
     1
 79
     3
176
     1
170
     0
176
     1
171
     0
176
     1
290
     0
176
     1
 93
       13
176
     1
 44
0.0
176
     1
173
     0
176
     1
1001
ACAD
1000
AcDbSavedByObjectVersion
1070
     0
  0
VISUALSTYLE
  5
1F3
102
{ACAD_XDICTIONARY
360
32D0
102
}
102
{ACAD_REACTORS
330
EF
102
}
330
EF
100
AcDbVisualStyle
  2
Shaded
 70
    27
177
     2
291
     0
 71
     2
176
     1
 72
     2
176
     1
 73
     1
176
     1
 90
        2
176
     1
 40
0.6
176
     1
 41
30.0
176
     1
 63
     7
421
 16777215
176
     1
 74
     0
176
     1
 91
        4
176
     1
 64
     7
176
     1
 65
   257
176
     1
 75
     1
176
     1
175
     1
176
     1
 42
1.0
176
     1
 92
        8
176
     1
 66
   257
176
     1
 43
1.0
176
     1
 76
     1
176
     1
 77
     6
176
     1
 78
     2
176
     1
 67
     8
425
  7895160
176
     1
 79
     3
176
     1
170
     0
176
     1
171
     0
176
     1
290
     0
176
     1
 93
        5
176
     1
 44
0.0
176
     1
173
     0
176
     1
1001
ACAD
1000
AcDbSavedByObjectVersion
1070
     0
  0
VISUALSTYLE
  5
1F2
102
{ACAD_XDICTIONARY
360
32CE
102
}
102
{ACAD_REACTORS
330
EF
102
}
330
EF
100
AcDbVisualStyle
  2
Shaded with edges
 70
    26
177
     2
291
     0
 71
     2
176
     1
 72
     2
176
     1
 73
     1
176
     1
 90
        2
176
     1
 40
0.6
176
     1
 41
30.0
176
     1
 63
     7
421
 16777215
176
     1
 74
     1
176
     1
 91
        2
176
     1
 64
     7
176
     1
 65
   257
176
     1
 75
     2
176
     1
175
     1
176
     1
 42
1.0
176
     1
 92
        8
176
     1
 66
   257
176
     1
 43
1.0
176
     1
 76
     1
176
     1
 77
     6
176
     1
 78
     2
176
     1
 67
     7
176
     1
 79
     3
176
     1
170
     0
176
     1
171
     0
176
     1
290
     0
176
     1
 93
        5
176
     1
 44
0.0
176
     1
173
     0
176
     1
1001
ACAD
1000
AcDbSavedByObjectVersion
1070
     0
  0
VISUALSTYLE
  5
1EF
102
{ACAD_XDICTIONARY
360
32C8
102
}
102
{ACAD_REACTORS
330
EF
102
}
330
EF
100
AcDbVisualStyle
  2
Shades of Gray
 70
    23
177
     2
291
     0
 71
     2
176
     1
 72
     2
176
     1
 73
     3
176
     1
 90
        0
176
     1
 40
0.6
176
     1
 41
30.0
176
     1
 63
     7
421
 16777215
176
     1
 74
     2
176
     1
 91
        2
176
     1
 64
     7
176
     1
 65
     7
176
     1
 75
     1
176
     1
175
     1
176
     1
 42
40.0
176
     1
 92
        8
176
     1
 66
     7
176
     1
 43
1.0
176
     1
 76
     1
176
     1
 77
     6
176
     1
 78
     2
176
     1
 67
     7
176
     1
 79
     3
176
     1
170
     0
176
     1
171
     0
176
     1
290
     0
176
     1
 93
        1
176
     1
 44
0.0
176
     1
173
     0
176
     1
1001
ACAD
1000
AcDbSavedByObjectVersion
1070
     0
  0
VISUALSTYLE
  5
1F0
102
{ACAD_XDICTIONARY
360
32CA
102
}
102
{ACAD_REACTORS
330
EF
102
}
330
EF
100
AcDbVisualStyle
  2
Sketchy
 70
    24
177
     2
291
     0
 71
     1
176
     1
 72
     2
176
     1
 73
     2
176
     1
 90
        0
176
     1
 40
0.6
176
     1
 41
30.0
176
     1
 63
     7
421
 16777215
176
     1
 74
     2
176
     1
 91
        2
176
     1
 64
     7
176
     1
 65
     7
176
     1
 75
     1
176
     1
175
     1
176
     1
 42
40.0
176
     1
 92
       11
176
     1
 66
     7
176
     1
 43
1.0
176
     1
 76
     1
176
     1
 77
     6
176
     1
 78
     2
176
     1
 67
     7
176
     1
 79
     6
176
     1
170
     0
176
     1
171
     0
176
     1
290
     0
176
     1
 93
        1
176
     1
 44
0.0
176
     1
173
     0
176
     1
1001
ACAD
1000
AcDbSavedByObjectVersion
1070
     0
  0
VISUALSTYLE
  5
FC
102
{ACAD_XDICTIONARY
360
32BA
102
}
102
{ACAD_REACTORS
330
EF
102
}
330
EF
100
AcDbVisualStyle
  2
Thicken
 70
    13
177
     2
291
     1
 71
     2
176
     1
 72
     2
176
     1
 73
     1
176
     1
 90
        0
176
     1
 40
0.6
176
     1
 41
30.0
176
     1
 63
     7
421
 16777215
176
     1
 74
     1
176
     1
 91
        4
176
     1
 64
     7
176
     1
 65
   257
176
     1
 75
     1
176
     1
175
     1
176
     1
 42
1.0
176
     1
 92
       12
176
     1
 66
     7
176
     1
 43
1.0
176
     1
 76
     1
176
     1
 77
     6
176
     1
 78
     2
176
     1
 67
     7
176
     1
 79
     5
176
     1
170
     0
176
     1
171
     0
176
     1
290
     0
176
     1
 93
        1
176
     1
 44
0.0
176
     1
173
     0
176
     1
1001
ACAD
1000
AcDbSavedByObjectVersion
1070
     0
  0
VISUALSTYLE
  5
F6
102
{ACAD_XDICTIONARY
360
32AE
102
}
102
{ACAD_REACTORS
330
EF
102
}
330
EF
100
AcDbVisualStyle
  2
Wireframe
 70
     5
177
     2
291
     0
 71
     0
176
     1
 72
     2
176
     1
 73
     0
176
     1
 90
        0
176
     1
 40
0.6
176
     1
 41
30.0
176
     1
 63
     7
421
 16777215
176
     1
 74
     1
176
     1
 91
        4
176
     1
 64
     7
176
     1
 65
   257
176
     1
 75
     1
176
     1
175
     1
176
     1
 42
1.0
176
     1
 92
        0
176
     1
 66
   257
176
     1
 43
1.0
176
     1
 76
     1
176
     1
 77
     6
176
     1
 78
     2
176
     1
 67
     7
176
     1
 79
     3
176
     1
170
     0
176
     1
171
     0
176
     1
290
     0
176
     1
 93
        1
176
     1
 44
0.0
176
     1
173
     0
176
     1
1001
ACAD
1000
AcDbSavedByObjectVersion
1070
     0
  0
VISUALSTYLE
  5
1F1
102
{ACAD_XDICTIONARY
360
32CC
102
}
102
{ACAD_REACTORS
330
EF
102
}
330
EF
100
AcDbVisualStyle
  2
X-Ray
 70
    25
177
     2
291
     0
 71
     2
176
     1
 72
     2
176
     1
 73
     1
176
     1
 90
        1
176
     1
 40
0.5
176
     1
 41
30.0
176
     1
 63
     7
421
 16777215
176
     1
 74
     1
176
     1
 91
        0
176
     1
 64
     7
176
     1
 65
   257
176
     1
 75
     1
176
     1
175
     1
176
     1
 42
1.0
176
     1
 92
        8
176
     1
 66
     7
176
     1
 43
1.0
176
     1
 76
     1
176
     1
 77
     6
176
     1
 78
     2
176
     1
 67
     7
176
     1
 79
     3
176
     1
170
     0
176
     1
171
     0
176
     1
290
     0
176
     1
 93
       13
176
     1
 44
0.0
176
     1
173
     0
176
     1
1001
ACAD
1000
AcDbSavedByObjectVersion
1070
     0
  0
DICTIONARYVAR
  5
146
102
{ACAD_REACTORS
330
5E
102
}
330
5E
100
DictionaryVariables
280
     0
  1
1:1
  0
DICTIONARYVAR
  5
259
102
{ACAD_REACTORS
330
5E
102
}
330
5E
100
DictionaryVariables
280
     0
  1
3.500000
  0
DICTIONARYVAR
  5
25A
102
{ACAD_REACTORS
330
5E
102
}
330
5E
100
DictionaryVariables
280
     0
  1
acadiso.lin
  0
DICTIONARYVAR
  5
145
102
{ACAD_REACTORS
330
5E
102
}
330
5E
100
DictionaryVariables
280
     0
  1
STANDARD
  0
DICTIONARYVAR
  5
84
102
{ACAD_REACTORS
330
5E
102
}
330
5E
100
DictionaryVariables
280
     0
  1
STANDARD
  0
DICTIONARYVAR
  5
227
102
{ACAD_REACTORS
330
5E
102
}
330
5E
100
DictionaryVariables
280
     0
  1
Metric50
  0
DICTIONARYVAR
  5
228
102
{ACAD_REACTORS
330
5E
102
}
330
5E
100
DictionaryVariables
280
     0
  1
Metric50
  0
DICTIONARYVAR
  5
5F
102
{ACAD_REACTORS
330
5E
102
}
330
5E
100
DictionaryVariables
280
     0
  1
2
  0
DICTIONARYVAR
  5
63
102
{ACAD_REACTORS
330
5E
102
}
330
5E
100
DictionaryVariables
280
     0
  1
1
  0
DICTIONARYVAR
  5
1AE
102
{ACAD_REACTORS
330
5E
102
}
330
5E
100
DictionaryVariables
280
     0
  1
0
  0
DICTIONARYVAR
  5
1AF
102
{ACAD_REACTORS
330
5E
102
}
330
5E
100
DictionaryVariables
280
     0
  1
0
  0
DICTIONARY
  5
32A1
102
{ACAD_REACTORS
330
329F
102
}
330
329F
100
AcDbDictionary
281
     1
  0
DICTIONARY
  5
32A0
102
{ACAD_REACTORS
330
329F
102
}
330
329F
100
AcDbDictionary
281
     1
  3
3174192490784
350
329A
  3
3174192490800
350
329B
  3
3174192490816
350
329C
  3
3174192490832
350
329D
  3
3174192490848
350
329E
  0
BLOCKLINEARPARAMETER
  5
2A4
330
2A3
100
AcDbEvalExpr
 90
        1
 98
       33
 99
      197
100
AcDbBlockElement
300
Linear
 98
       33
 99
      197
1071
        0
100
AcDbBlockParameter
280
     1
281
     0
100
AcDbBlock2PtParameter
1010
0.0
1020
0.0
1030
0.0
1011
1000.0
1021
0.0
1031
0.0
170
     4
 91
        0
 91
        2
 91
        0
 91
        0
171
     0
172
     0
173
     1
 94
        2
303
DisplacementX
174
     1
 95
        2
304
DisplacementY
177
     0
100
AcDbBlockLinearParameter
305
DISTANCE1
306

140
-131.7269216182701
307

 96
        1
141
0.0
142
0.0
143
0.0
175
     0
  0
BLOCKLINEARGRIP
  5
2A5
330
2A3
100
AcDbEvalExpr
 90
        2
 98
       33
 99
      197
100
AcDbBlockElement
300
Endpoint Grips
 98
       33
 99
      197
1071
        0
100
AcDbBlockGrip
 91
        3
 92
        4
1010
1000.0
1020
0.0
1030
0.0
280
     1
 93
       -1
100
AcDbBlockLinearGrip
140
1000.0
141
0.0
142
0.0
  0
BLOCKGRIPLOCATIONCOMPONENT
  5
2A6
330
2A3
100
AcDbEvalExpr
 90
        3
 98
       33
 99
      197
100
AcDbBlockGripExpr
 91
        1
300
UpdatedEndX
  0
BLOCKGRIPLOCATIONCOMPONENT
  5
2A7
330
2A3
100
AcDbEvalExpr
 90
        4
 98
       33
 99
      197
100
AcDbBlockGripExpr
 91
        1
300
UpdatedEndY
  0
BLOCKSTRETCHACTION
  5
2A8
330
2A3
100
AcDbEvalExpr
 90
        5
 98
       33
 99
      197
100
AcDbBlockElement
300
Stretch
 98
       33
 99
      197
1071
        0
100
AcDbBlockAction
 70
     0
 71
     5
330
2A5
330
2B0
330
2B1
330
2AD
330
2AC
1010
1084.557177390959
1020
-128.1727723100501
1030
0.0
100
AcDbBlockStretchAction
 92
        1
301
EndXDelta
 93
        1
302
EndYDelta
 72
     2
1011
1122.826881824456
1021
254.5242720249252
1011
906.3638661224858
1021
-184.3814006967496
 73
     3
331
2AC
 74
     2
 94
        0
 94
        1
331
2AD
 74
     2
 94
        0
 94
        1
331
2B0
 74
     6
 94
        5
 94
        6
 94
        7
 94
        8
 94
        9
 94
       10
 75
     0
140
1.0
141
0.0
280
     0
  0
ACDB_BLOCKREPRESENTATION_DATA
  5
2C3
102
{ACAD_REACTORS
330
2C2
102
}
330
2C2
100
AcDbBlockRepresentationData
 70
     1
340
2A1
  0
DICTIONARY
  5
2C4
102
{ACAD_REACTORS
330
2C2
102
}
330
2C2
100
AcDbDictionary
280
     1
281
     1
  3
ACAD_ENHANCEDBLOCKDATA
360
2C5
  0
DICTIONARY
  5
32D4
330
21C
100
AcDbDictionary
280
     1
281
     1
  3
ACAD_XREC_ROUNDTRIP
360
32D5
  0
DICTIONARY
  5
205
330
22
100
AcDbDictionary
280
     1
281
     1
  0
DICTIONARY
  5
1F9
330
ED
100
AcDbDictionary
280
     1
281
     1
  3
FBXASSET
360
1FA
  0
DICTIONARY
  5
1F7
330
EC
100
AcDbDictionary
280
     1
281
     1
  3
FBXASSET
360
1F8
  0
DICTIONARY
  5
173
330
EE
100
AcDbDictionary
280
     1
281
     1
  3
BUMPTILE
360
175
  3
DIFFUSETILE
360
174
  3
FBXASSET
360
1FB
  3
OPACITYTILE
360
176
  3
REFLECTIONTILE
360
177
  0
DICTIONARY
  5
32D2
330
21A
100
AcDbDictionary
280
     1
281
     1
  3
ACAD_XREC_ROUNDTRIP
360
32D3
  0
DICTIONARY
  5
162
330
7F
100
AcDbDictionary
280
     1
281
     1
  3
ACAD_ROUNDTRIP_2008_TABLESTYLE_CELLSTYLEMAP
360
3298
  0
DICTIONARY
  5
32AC
330
F5
100
AcDbDictionary
280
     1
281
     1
  3
ACAD_XREC_ROUNDTRIP
360
32AD
  0
DICTIONARY
  5
32AA
330
F4
100
AcDbDictionary
280
     1
281
     1
  3
ACAD_XREC_ROUNDTRIP
360
32AB
  0
DICTIONARY
  5
32B8
330
FB
100
AcDbDictionary
280
     1
281
     1
  3
ACAD_XREC_ROUNDTRIP
360
32B9
  0
DICTIONARY
  5
32C0
330
FF
100
AcDbDictionary
280
     1
281
     1
  3
ACAD_XREC_ROUNDTRIP
360
32C1
  0
DICTIONARY
  5
32B2
330
F8
100
AcDbDictionary
280
     1
281
     1
  3
ACAD_XREC_ROUNDTRIP
360
32B3
  0
DICTIONARY
  5
32B6
330
FA
100
AcDbDictionary
280
     1
281
     1
  3
ACAD_XREC_ROUNDTRIP
360
32B7
  0
DICTIONARY
  5
32C6
330
1E6
100
AcDbDictionary
280
     1
281
     1
  3
ACAD_XREC_ROUNDTRIP
360
32C7
  0
DICTIONARY
  5
32BE
330
FE
100
AcDbDictionary
280
     1
281
     1
  3
ACAD_XREC_ROUNDTRIP
360
32BF
  0
DICTIONARY
  5
32A2
330
F0
100
AcDbDictionary
280
     1
281
     1
  3
ACAD_XREC_ROUNDTRIP
360
32A3
  0
DICTIONARY
  5
32A4
330
F1
100
AcDbDictionary
280
     1
281
     1
  3
ACAD_XREC_ROUNDTRIP
360
32A5
  0
DICTIONARY
  5
32A6
330
F2
100
AcDbDictionary
280
     1
281
     1
  3
ACAD_XREC_ROUNDTRIP
360
32A7
  0
DICTIONARY
  5
32A8
330
F3
100
AcDbDictionary
280
     1
281
     1
  3
ACAD_XREC_ROUNDTRIP
360
32A9
  0
DICTIONARY
  5
32B0
330
F7
100
AcDbDictionary
280
     1
281
     1
  3
ACAD_XREC_ROUNDTRIP
360
32B1
  0
DICTIONARY
  5
32C2
330
1E4
100
AcDbDictionary
280
     1
281
     1
  3
ACAD_XREC_ROUNDTRIP
360
32C3
  0
DICTIONARY
  5
32BC
330
FD
100
AcDbDictionary
280
     1
281
     1
  3
ACAD_XREC_ROUNDTRIP
360
32BD
  0
DICTIONARY
  5
32C4
330
1E5
100
AcDbDictionary
280
     1
281
     1
  3
ACAD_XREC_ROUNDTRIP
360
32C5
  0
DICTIONARY
  5
32B4
330
F9
100
AcDbDictionary
280
     1
281
     1
  3
ACAD_XREC_ROUNDTRIP
360
32B5
  0
DICTIONARY
  5
32D0
330
1F3
100
AcDbDictionary
280
     1
281
     1
  3
ACAD_XREC_ROUNDTRIP
360
32D1
  0
DICTIONARY
  5
32CE
330
1F2
100
AcDbDictionary
280
     1
281
     1
  3
ACAD_XREC_ROUNDTRIP
360
32CF
  0
DICTIONARY
  5
32C8
330
1EF
100
AcDbDictionary
280
     1
281
     1
  3
ACAD_XREC_ROUNDTRIP
360
32C9
  0
DICTIONARY
  5
32CA
330
1F0
100
AcDbDictionary
280
     1
281
     1
  3
ACAD_XREC_ROUNDTRIP
360
32CB
  0
DICTIONARY
  5
32BA
330
FC
100
AcDbDictionary
280
     1
281
     1
  3
ACAD_XREC_ROUNDTRIP
360
32BB
  0
DICTIONARY
  5
32AE
330
F6
100
AcDbDictionary
280
     1
281
     1
  3
ACAD_XREC_ROUNDTRIP
360
32AF
  0
DICTIONARY
  5
32CC
330
1F1
100
AcDbDictionary
280
     1
281
     1
  3
ACAD_XREC_ROUNDTRIP
360
32CD
  0
XRECORD
  5
329A
102
{ACAD_REACTORS
330
32A0
102
}
330
32A0
100
AcDbXrecord
280
     1
  1
AcDb_Thumbnail_Schema
102
{ATTRRECORD
341
329B
  2
AcDbDs::TreatedAsObjectData
280
     1
291
     1
102
ATTRRECORD}
102
{ATTRRECORD
341
329C
  2
AcDbDs::Legacy
280
     1
291
     1
102
ATTRRECORD}
  2
AcDbDs::ID
280
    10
 91
        8
102
{ATTRRECORD
341
329D
  2
AcDs:Indexable
280
     1
291
     1
102
ATTRRECORD}
102
{ATTRRECORD
341
329E
  2
AcDbDs::HandleAttribute
280
     7
282
     1
102
ATTRRECORD}
  2
Thumbnail_Data
280
    15
 91
        0
  0
XRECORD
  5
329B
102
{ACAD_REACTORS
330
32A0
102
}
330
32A0
100
AcDbXrecord
280
     1
  1
AcDbDs::TreatedAsObjectDataSchema
  2
AcDbDs::TreatedAsObjectData
280
     1
 91
        0
  0
XRECORD
  5
329C
102
{ACAD_REACTORS
330
32A0
102
}
330
32A0
100
AcDbXrecord
280
     1
  1
AcDbDs::LegacySchema
  2
AcDbDs::Legacy
280
     1
 91
        0
  0
XRECORD
  5
329D
102
{ACAD_REACTORS
330
32A0
102
}
330
32A0
100
AcDbXrecord
280
     1
  1
AcDbDs::IndexedPropertySchema
  2
AcDs:Indexable
280
     1
 91
        0
  0
XRECORD
  5
329E
102
{ACAD_REACTORS
330
32A0
102
}
330
32A0
100
AcDbXrecord
280
     1
  1
AcDbDs::HandleAttributeSchema
  2
AcDbDs::HandleAttribute
280
     7
 91
        1
284
     1
  0
DICTIONARY
  5
2C5
102
{ACAD_REACTORS
330
2C4
102
}
330
2C4
100
AcDbDictionary
280
     1
281
     1
  3
1
360
2C6
  3
5
360
2C7
  0
XRECORD
  5
32D5
102
{ACAD_REACTORS
330
32D4
102
}
330
32D4
100
AcDbXrecord
280
     1
102
DISPLAYNAME
  1
Metric50
102
FLAGS
 90
        0
  0
XRECORD
  5
1FA
102
{ACAD_REACTORS
330
1F9
102
}
330
1F9
100
AcDbXrecord
280
     1
 70
     1
 90
429727718
  1
D62C5603-E3A1-4AEA-B7FB-FE5D8D0755AF
310
504B03040A0000080000CC70623B3DEE336E79000000790000001B0000006175746F6465736B2D64657369676E2D7061636B6167652E786D6C3C3F786D6C2076657273696F6E3D22312E302220656E636F64696E673D227574662D3822203F3E3C666F726D6174733E3C666F726D61743E687474703A2F2F736368656D612E
310
6175746F6465736B2E636F6D2F64657369676E2D7061636B6167652F323030393C2F666F726D61743E3C2F666F726D6174733E504B0304140006080800CC70623BD486FD9CA0000000F4000000130000005B436F6E74656E745F54797065735D2E786D6C7D8EC10E82300C865F65E91D8A1E8C310C0EEA1BF002731658846E
310
D98AC1B77784ABF1D8FE5FBFBF75BBCE937A534CCEB38643598122B6FEE978D0B0485F9C41B54DDD7D022595594E1A469170414C76A4D9A4D207E29CF43ECE46F218070CC6BECC4078ACAA135ACF422C856C0E68EA1BF5669944DDD7BCDE7B1F8E415D77AECB980613C2E4AC91FC167A2B244592486606FC29C8FD7F045B9A
310
EF7053A7E60B504B0304140006080800CC70623B853B8169EB0000007C01000008000000636F72652E786D6C8D90416EC3201045AF62CDB6C206821CC7C244919D9CA01740401C94182C03558F5F9C3852BBEB6A467FFE9B197D7EFC9E1EC5975982F5AE035262288C535E5B377690E21535501C055FBC8FBF6C503839990E
310
5619041F179FE64D52DE45E362569DD7661365082642A11EB9E920A89B99642953CC8E702F67A9EE7234257977194EC9EAE275C4EABCCF5EAD5940D4AC6F0E35A568B8F43562CD7046CD199FD07E60174276A7BE677B5EADB0E0D14EEFFB6A31321A0D82627C4084204C3F096B71DD52F6819B16635EADF63F509AF53FA164
310
5DDCD1EDDD17164090FCC8732078B56691CB33A85CD7DCC40F504B0304140006080800CC70623B55019EA25F0000007C00000007000000636E782E786D6C4DCB3B0E80201045D1AD90E915ED2CF8AC45050C11660C8261F98AB1B07AC9C97D42D718D865D3E909258CFD00CCE24AC6E326A164D74DC0B4128928FF32603847
310
2BA13128B1252AC747C6BAB984FC68F0B87FE8960A5C09FE86CFB69FBA01504B0304140006080800CC70623BDBABAAF470010000D40300000C0000006662782F636F72652E786D6CC553D16E823014FD95A6AF4B694182CC941A83FA05FB810A9511A125A5257EFE2E82712ECEB8A7F100CD39F7F69E734AF9FADC366850B6
310
AF8DCE7018308C942E4C59EB2AC3DE1D498AD15A706B8CFB56869196ADCAF00863C12B6B7C374385D14E6907A836A59A41D9F7CA615434B0C8705F7CAA5606D23BA8E84F41278B93AC54100640439DE0BDB320004D43C63716C7C399D30917DCFBBA9CD9BA8469F5B156168B24CED3F7248AC8769F27244EB73B92EED8862C
310
B7F13E0C179B3C8F979C8ECD82BBBABDAA2BAC924E9558448CBD9330242CFA08E3154B5651FCC6D215639C8EE5774DBE2B5F6CF2B5768B68963BB5F5588420E442FC700B1139D4CB01F450C1E918227C2E09DF070D8140C84E1E9AAB8F1340832A9CB13130A5F1376A908D57309505ECF2A0DF179C4E9D30F5B239B87E3823
310
7A79C6F31DE1A8A5AEC08474B03C7837EAE4938639B44E5932B833D2C6B6B279CDC613877FA26EE21F4A2A4C63EC7F29A2F301D1F9F7A0E37D145F504B0304140006080800CC70623B9C113CC27E0000009D0000000B0000006662782F636E782E786D6C4DCCDF0A83201C86E15B91DFB94BFB330DD428C8FB886521330DA7
310
6397BF1A1DECE883878F57749FCDA1B7892F1BBC047A23808C7F84D9FA55424E0BE6803A256208E9EF06C84F9B91703228B1C690F78B66B34CD9A5439DF5CF0BFBF65E35BCA1B8D6A5C6F540381E886698B5741C695F9503EBA150A2F8958E3DC3EA0B504B0304140006080800CC70623B7DF2F77C2A010000120200003100
310
00006662782F41393633353835312D344632462D344230382D423046372D3739314545314133324237412F636F72652E786D6C8D51DB8EC22014FC15C2939B0D2DB4B45643319AE817EC0F6041255A68B86CFCFC856D4D76DF7CE190393373060EDB3DC707F856CE6B6B7A480A0C81328395DA5C7B18C3057510EC3873D686
310
3F34088C18550F330C39BB3A1BA7051AAC09CA84841A2BD5020AEF55806078A44B0FFD7053A328440C89E1EFC52486BBB8AA8214A99D789CF9E05200300FC927E4FB4D5B375D43103D5527440FB843077C5AA3F5861C8F645F5787F59E95B390B318B55CE45AA638FAA2957BD7248B390B7A7CC51F9C124149C82B8C378810
310
84AB2F42B7B8DD56F413775B8C5999E9FF4471926F8AA236A1AE96B8B3CC434E5839373893369E1FAF30EA395917409EB7F26AF8801C171837A4A6AC9C89E9F9C9B1A58BA30FD6A5EF5DDDCF894B9AD9B6A59C957943A9FCAE2FD5BC4DFE03504B0304140006080800CC70623BAD7543B64E01000033030000300000006662
310
782F41393633353835312D344632462D344230382D423046372D3739314545314133324237412F636E782E786D6CD593CD6EC32010845F0571AD6CE3D48AD20813A9873E410FBD12D82434182C7EAAE6EDBB2424CD25871E7B41D6EC30B3FA84F9E67BB2E40B4234DE8DB46F1925E094D7C6ED479AD3AE5951B2113C789FEE
310
6C943839C1488B4C05DF079FE72A69D8C96C13AAD6B8631503449F83828872B949AC57D26200B826A308D316B4064D6E46FCDA41C05550DC9E483A00797BFD207EFB092A45DE9514C1BBD22178396BD39D891265658C238DEA00936C654E5E433CB65A26D9F6EDB5EBC14EBF49A45CB856E66048291F6939A9A81BB5C89177
310
38143CA680F4AA299D66A042CEB3354A2684DC9D8D178FE0D9B8B41CAAD720F880EE7EF93C0C18769E099ECC04D5A102C8049A8A05632F4DDF376CF1DE0F6BB65C2F8627B65A33C6BB62177CEBBDAD973006829F89F22E814B54F4BC2BE347F8AA8F681390B50FA73F804400B5F542E796F19FF974E7F78DB802FE05E20750
310
4B0304140006080800CC70623BE75B7789680500003C100000340000006662782F41393633353835312D344632462D344230382D423046372D3739314545314133324237412F6F626A656374732E786D6CAD575B8F9B3818FD2B887D06C22499CB8AA1CA655245D5B455A356FB305264C061D8018C6C3393D95FBFC7600890
310
A4CD5EF210B0B1BFEBF98E3F7B1FF6596ABC522E1296DF9BAE3D320D9A872C4AF2F8DE2CE5CEBA358D0FBEC719939D65A691938CDE9B6ADAF4BD98B3B2D05311DD91329583D9D5FC0F438434A7A611A644887B5384CF34233629258BA878B12322891DEFF6B66BD70BFB62634E8AE781D082709A4B588AF91C528CDA28B73F
310
1C998EEF39EABBEFA97FBD6A7C7E9553F9D3D79FE442923C3C523610337627CB87ABE99D359D4CC6D6E4FACAB5E6ABF9D2726FC6A3C5F56271377BB88362213924694B38DD99FE47C48627A1E7D49F5A8BB5E1A74C0A599ED3B0F21F1E56366B89112D681E218F0915D0D6F17AD41FBA2A369DCF6335D62ABBD39779D5DDD1
310
11D4D8DE3CBB96B2E04FB8202E41051754A1AA8E8F76B4C6DFE810B580B1547F4B84911149794252234D024EF8BBE963A95AE27B3D310A9D5C215C7960FAEE415ED75694C6AFB17BCACA5D99A60A9AA65F217B0BFC53292ACB92BF283FAD0D3621576592CB5BED907C2FA8E9DF794E35E97BEA31BED21FEB401ABB94C44839
310
DCACBF0E1C5DA8DA5B2F4DFFD32AD86F543D9E565E7056502E157C00AD2671CD534549AB752FCA9CDA00677A313F04E51B22FF19E57B300579E3C97EB29F682D92935CEC18CF901B7B54FD8C51F362B56FC72FE0B3C1EAE335EDCCBF5AEC39ADB17DC238973F804BA5E6F6BFE7AF1FB32E523BE9F3BD571418E3631DCA4D48
310
5250CF639223210A9446CA30052EDF057BD35F8329C1ECD84552BF0DC8D18BE7BCE23BFE6BD960AB4A7DE79923A103BEBD80F911CBAA2C60DB19B01CF164A5583B772EE6D3FFA56666CBCDA74DC97724A48F9A58967497E489C4D979006FD7A05E227A1EBDD0F737C623387A9C844D3709995625106D157315F8B8392CD4E0
310
A0B9A720C4BE9829CEF37EA1E13111214D53925356365ADA634861B52519DD27A00AEB808EAF0628E6F435519D446F45CF2C9CF5214F0A15B2F6D06B79DA3EE3CBF7F56780D2F4E7EF73A0F5E5B02A38D07DC852C6B7C1FBB6664213E0C39E3EBA7FF4E1AD23EA2829407C85E586727488B751B2DB9502BC7B228A3FD68B6E
310
A65A22397E690AA8D158D7E404EC8CDA235CC3B7D1898680131CEC2CDF2638C65196279577750F15884AEE19F94199155B92B13297978469D4F8D358DF0AEF7631E28DC8F0D9F437D5D39A83B2231A1D52D543813A824EF8D44BCFF2FA6A31BD1E8DAD87F1CCB526B3879935BF59CDADD5C37479BB1CDD4CA7B3556B516589
310
EF352754B706114D9C885EC9131DE6EFEB43D99AFE2391C2F958179413D7CFEF6B1B6DB1E7600F00DE6E5C67454A339A4BA2E0FBA85ED26F045D454F463DBFCE484C2F90F2E5E3666003662ED8F755951A7D1BECD5B30B550B2785C8E7320B7292A4838DDA71BBC863ED7613CAF659337A3354231D4FF4A182A54904C2898C
310
98B28C4AD0CE056CCF332A80986E571EE9DBC305BB5FEB7E509220A58D25CF042D712A806AC0AD0C657FDEF80D2D9CEAA2EE4D1C76F60BFE74219A06527D6F82DF6412526107381E55E353090704D085B52408A8913C4ED159D79BDA71BB4BC506F4831350EB6F975CD22D69BF7AC49B91A2C0A9DDA3D5CA36AD20FC478E37
310
E61844E2352865EBCB61A275A65283CAAA9DD27703B4102F5AF51EF5F573B75CBB5AD38BC845F7A49F82A0966A49C2E3EA5EA0ECD326CD965F1DB402C6FA8B51A4658C5C5E2EC9E214602E55810345408596591009A82E7E7FFACA19EEA299B14A0081A705CB3296EBC14CDF658DCD336EA6D1136881AAEB87B81AB9EE53D5
310
F5EB8BC8362082DA24122F98680A4E7930C01A0079749CEA14382A0783E5EBA5A10F8C098456A03D6A4AEB6BB881E2513747552A5DB22C7EDAF83BD5528081A365F7FF06504B0304140006080000CC70623B000000000000000000000000350000006662782F41393633353835312D344632462D344230382D423046372D37
310
39314545314133324237412F76657274696365732E62696E504B0304140006080800CC70623BF270F1330600000004000000360000006662782F41393633353835312D344632462D344230382D423046372D3739314545314133324237412F747269616E676C65732E62696E636660600000504B0304140006080000CC7062
310
3B000000000000000000000000370000006662782F41393633353835312D344632462D344230382D423046372D3739314545314133324237412F617474726962757465732E62696E504B0304140006080800CC70623B08DA0BD19000000041010000360000006662782F41393633353835312D344632462D344230382D4230
310
46372D3739314545314133324237412F6469726563746F72792E786D6C858F410AC3201045AF22B36F53E9A60B35CBEEBAE80D244E44489C6234F4F835464A48035D0DF398FF9F8AF63D0E6CC63039F212F8F9020C7D47C6792B21C5FE7403D62A1188E2E60C98D7234A5830286103A55745067B9D86B8A3CF9C7F90C11DE6
310
07FB144396D7B6A82D282E9A152AD114D5EF2CB866EEE831B8EEA07A7BB5A8D7D61A2BAAEB7FD5F70921FF497D00504B0304140006080800CC70623BEDD1DC58FD000000A00100003B0000006662782F41393633353835312D344632462D344230382D423046372D3739314545314133324237412F7265736F75726365732F
310
636F72652E786D6C8D504B6E833010BD0A9A6D65B00922041947112427E8052C33A156828DFCA97AFC9A40A576D7CDCCE87D344F8F9FBFE667F689CE6B6B3A6039850C8DB2A336530731DC4903D95970676DF82583CCC8193B5861107C72362E3BA4AC096842428D1D7107A5F7182053CF7474E0D507CE32973124857FE48B
310
540F3961CEF244279DE03EB81420DB9EAC1384436FA353E879B1B182C7A8C75DA3C7F453DF353A1075D537A7BA6464B8F535A99AE14A9A2BBD90E350DD183B5CFABE3AF262350B1EF4FC9351399401471025A527C218A1E53BAB5A5AB765F5469B96525EACF23FA6B88CFF34456DC2A1DCE36E360F82A5202F42F062ED2BAD
310
579969AFDD8A6F504B010214000A0000080000CC70623B3DEE336E79000000790000001B00000000000000000000000000000000006175746F6465736B2D64657369676E2D7061636B6167652E786D6C504B01021400140006080800CC70623BD486FD9CA0000000F40000001300000000000000000000000000B20000005B
310
436F6E74656E745F54797065735D2E786D6C504B01021400140006080800CC70623B853B8169EB0000007C010000080000000000000000000000000083010000636F72652E786D6C504B01021400140006080800CC70623B55019EA25F0000007C000000070000000000000000000000000094020000636E782E786D6C504B
310
01021400140006080800CC70623BDBABAAF470010000D40300000C00000000000000000000000000180300006662782F636F72652E786D6C504B01021400140006080800CC70623B9C113CC27E0000009D0000000B00000000000000000000000000B20400006662782F636E782E786D6C504B01021400140006080800CC70
310
623B7DF2F77C2A010000120200003100000000000000000000000000590500006662782F41393633353835312D344632462D344230382D423046372D3739314545314133324237412F636F72652E786D6C504B01021400140006080800CC70623BAD7543B64E010000330300003000000000000000000000000000D2060000
310
6662782F41393633353835312D344632462D344230382D423046372D3739314545314133324237412F636E782E786D6C504B01021400140006080800CC70623BE75B7789680500003C10000034000000000000000000000000006E0800006662782F41393633353835312D344632462D344230382D423046372D3739314545
310
314133324237412F6F626A656374732E786D6C504B01021400140006080000CC70623B0000000000000000000000003500000000000000000000000000280E00006662782F41393633353835312D344632462D344230382D423046372D3739314545314133324237412F76657274696365732E62696E504B01021400140006
310
080800CC70623BF270F133060000000400000036000000000000000000000000007B0E00006662782F41393633353835312D344632462D344230382D423046372D3739314545314133324237412F747269616E676C65732E62696E504B01021400140006080000CC70623B0000000000000000000000003700000000000000
310
000000000000D50E00006662782F41393633353835312D344632462D344230382D423046372D3739314545314133324237412F617474726962757465732E62696E504B01021400140006080800CC70623B08DA0BD1900000004101000036000000000000000000000000002A0F00006662782F41393633353835312D344632
310
462D344230382D423046372D3739314545314133324237412F6469726563746F72792E786D6C504B01021400140006080800CC70623BEDD1DC58FD000000A00100003B000000000000000000000000000E1000006662782F41393633353835312D344632462D344230382D423046372D3739314545314133324237412F7265
310
736F75726365732F636F72652E786D6C504B0506000000000E000E0080040000641100000000
  0
XRECORD
  5
1F8
102
{ACAD_REACTORS
330
1F7
102
}
330
1F7
100
AcDbXrecord
280
     1
 70
     1
 90
429727718
  1
30362254-06B7-45E0-A893-8CFA70E3D6BC
310
504B03040A0000080000CC70623B3DEE336E79000000790000001B0000006175746F6465736B2D64657369676E2D7061636B6167652E786D6C3C3F786D6C2076657273696F6E3D22312E302220656E636F64696E673D227574662D3822203F3E3C666F726D6174733E3C666F726D61743E687474703A2F2F736368656D612E
310
6175746F6465736B2E636F6D2F64657369676E2D7061636B6167652F323030393C2F666F726D61743E3C2F666F726D6174733E504B0304140006080800CC70623BD486FD9CA0000000F4000000130000005B436F6E74656E745F54797065735D2E786D6C7D8EC10E82300C865F65E91D8A1E8C310C0EEA1BF002731658846E
310
D98AC1B77784ABF1D8FE5FBFBF75BBCE937A534CCEB38643598122B6FEE978D0B0485F9C41B54DDD7D022595594E1A469170414C76A4D9A4D207E29CF43ECE46F218070CC6BECC4078ACAA135ACF422C856C0E68EA1BF5669944DDD7BCDE7B1F8E415D77AECB980613C2E4AC91FC167A2B244592486606FC29C8FD7F045B9A
310
EF7053A7E60B504B0304140006080800CC70623B1EC5D7A3EB0000007C01000008000000636F72652E786D6C8D90416EC3201045AF82665B6103C6756C6122AB4D4ED00B204C5C94182C03558F5F9C3852BBEB6A467FFE9B197D71FC9E6FE8CBACC17AD7032D0820E3B41FAD9B7A48F1820F808E52ACDEC75F36404ECDA687
310
4D0629A6D5A76597B477D1B89855E747B38B2A041301E95B6E7A08FAD3CCAA50296647B8168BD2573599823EBB0CA76447F43862C7BCCF5EAC59410E4DDD9C7973C2755553CCCFA4C603E3040F1565ED3B1FDE4E432BCA0D9622DAF9795FAF464533826484B498524CD807E51D79ED187F21878E10516EF63F505AC67F42C9
310
BA58B1FDDD071640D2FCC87D2045B96591CB3DA85CB7DCE40F504B0304140006080800CC70623B55019EA25F0000007C00000007000000636E782E786D6C4DCB3B0E80201045D1AD90E915ED2CF8AC45050C11660C8261F98AB1B07AC9C97D42D718D865D3E909258CFD00CCE24AC6E326A164D74DC0B4128928FF32603847
310
2BA13128B1252AC747C6BAB984FC68F0B87FE8960A5C09FE86CFB69FBA01504B0304140006080800CC70623B8C9102E971010000D40300000C0000006662782F636F72652E786D6CC5535B6E833010BC8AE5DF0A6C08340F1947A84D4ED00B38C6A128602363A31CBFCB234A53A551FA553EC09AD9F5CE8C31DB9E9B1AF5CA
310
7695D1198E428A91D2D214952E33ECDD315861B4E5CC1AE3BE9561A445A3323CC098B3D21ADFCE9034DA29ED00D5A6503328BA4E398C640D8B0C77F253352214DE4145770A5B214FA2546114020D759C75CE8200340D19DE981F0F6746269C33EFAB6266AB02A655C74A59CCF365BADC27CB5D902ED22848F6340DF238A141
310
BE88E2F57B92BFEDF23523433367AE6A2EEAA455C2A902F398D2751045018D3FA264435F3771F242571B4A1919CA6F9A7C5B3CD9E42BED16F12C776AEB308F40C848FC700B1139D4891EF410CEC810227CC6846F8386402064270EF5C5C709A05E49676C024C61FC95EA45ED154CA5211D1FF4FB8291A913A68E9B83EBBB33
310
E2A7673CDE118E5AE8124C0807CB8377834E366998436B950D7A7746DAD846D4CFD978E0F04FD455FC5D49D2D4C6FE9722321F10997F0F32DC47FE05504B0304140006080800CC70623BFFEA85907E0000009D0000000B0000006662782F636E782E786D6C4DCCD10A83201886E15B91FFDC95D95A811AB6F23E625948A6C3
310
E9D8E5AF46073BFAE0E1E365ED67B3E8ADC3CB78C7815C7240DA3DFC64DCC221C519D7805AC182F7F1EF06C88D9BE6703008B6049F9E274D7A1E938DBB5AE3D6131B2589BA0D3D965551E0B2EA732C9B9A624AAEB41E3A557677029960D9AFB4EF11165F504B0304140006080800CC70623B4FEEA4082C0100001202000031
310
0000006662782F39464131463745442D413632322D343644302D413938332D3331353338454246344243312F636F72652E786D6C8D515B6EC32010BC0AE2AB55850DD871ED0813254D72825EC00192A2C460F1A872FC42ED48ED5F7E00CDCECCCEB26C731F6FE05B39AFADE921293004CA082BB5B9F43086336A21D870E6AC
310
0D7F68109861543DCC30E4ECE26C9C164858139409093556AA051CBC570102714B8F1E7AF1A5C6A11862480C7F2DA6415C878B2A4891CA89C7990F2E050073937C42DE1DB7E4F87ED8A36D4329AA9B3D46DBAEAD504556557BD81DEBDD0761E52CE42C462D17B996298E3E6BE59E35C962CE821E1FF18553435012728A7187
310
0841987E927A8D9B35ADDF70BBC6989599FE4F1427F9A4286A132ABAC49D651EF234CD5CE04CDA78BA3DC2A8FB645D00B9DF8B57E215725C60BCA2A463E54C4CE327C7A65E1C7DB02E7DEFCBF594B864C5CA6CDBD49C957943E9FA5D5FBAF336F90F504B0304140006080800CC70623BAD7543B64E01000033030000300000
310
006662782F39464131463745442D413632322D343644302D413938332D3331353338454246344243312F636E782E786D6CD593CD6EC32010845F0571AD6CE3D48AD20813A9873E410FBD12D82434182C7EAAE6EDBB2424CD25871E7B41D6EC30B3FA84F9E67BB2E40B4234DE8DB46F1925E094D7C6ED479AD3AE5951B2113C
310
789FEE6C943839C1488B4C05DF079FE72A69D8C96C13AAD6B8631503449F83828872B949AC57D26200B826A308D316B4064D6E46FCDA41C05550DC9E483A00797BFD207EFB092A45DE9514C1BBD22178396BD39D891265658C238DEA00936C654E5E433CB65A26D9F6EDB5EBC14EBF49A45CB856E66048291F6939A9A81BB5
310
C8917738143CA680F4AA299D66A042CEB3354A2684DC9D8D178FE0D9B8B41CAAD720F880EE7EF93C0C18769E099ECC04D5A102C8049A8A05632F4DDF376CF1DE0F6BB65C2F8627B65A33C6BB62177CEBBDAD973006829F89F22E814B54F4BC2BE347F8AA8F681390B50FA73F804400B5F542E796F19FF974E7F78DB802FE05
310
E207504B0304140006080800CC70623B16AB87BA640500003C100000340000006662782F39464131463745442D413632322D343644302D413938332D3331353338454246344243312F6F626A656374732E786D6CAD575B6FA33818FD2B887DE6924B3BED8A326A92B68A663B534DD4D13E548A0C38942D60649B369D5FBFC7
310
600890A493BDE42160637FD7F31D7FF63E6FB3D478A55C242CBF3247B66B1A340F5994E4F19559CA8D75611A9F7D8F33263BCB4C232719BD32D5B4E97B316765A1A722BA21652A07B3B7B33F0D11D29C9A46981221AE4C113ED38CD8A4942CA2E2C58E882476BCD9DA23BB5ED8171B73523C0F841684D35CC252CCE79062D4
310
468DFA43D7747CCF51DF7D4FFDEB5593E3AB9CCA9FBEFE241792E4E19EB28198C968BAB8199F5D5A67D3E9C49A9E8F47D6EC76B6B0469F26EEFC7C3EBFBCBEB98462213924694B38DD98FE1D62C393D073EA4FADC5DAF04326852CCF6958F90F0F2B9BB5C48816348F90C7840A68EB78EDF68723159BCEE7891A6B95DDE9D3
310
BCEAEEE8086A6C6F9E5D4B59F0175C10A7A0820BAA5055C7473B5AE3CFDD452D602CD5DF12616444529E90D448938013FE6EFA58AA96F85E4F8C42275708571E98FE6827AF6B2B4AE3D7D83D64E5A64C53054DD3AF90BD06FEA9149565C94FCA0F6B834DC85599E4F2423B24DF0B6AFA979E534DFA9E7A4CC6FA631D486393
310
921829879BF5D781A373557BCB85E97FB90DB62B558F8795179C15944B051F40AB495CF35451D26A4727654E6D8033BD98EF82F21D91FF8AF2DD9982BCF1643BDD4EB516C9492E368C67C88DED563FC36D5EACF66DFF057C3658BDBFA69DF9578B3DA735B64F18C7F20770A9D45CFCF7FCF563D6456A277DBEF78A02637CA2
310
43B90A490AEAB94F72244481D24819A6C0E59B606BFA4B3025981DBB48EAB701D97BF19C577CC77F2D1B6C55A9EF3C732474C0B727303F625995056C3B02963D9EAC146BE78EC5FCEC7FA999EBC5EACBAAE41B12D27B4D2C0BBA49F244E2ECDC81B76B502F113D8F5EE8FB1BE3111CDD4FC2AA9B844CAB1288B68AB90A7CDC
310
1C166AB0D3DC5310625FCC14E779BFD0709F8890A629C9292B1B2DED31A4B0DA928CEE135085754027E3018A397D4D5427D15BD1330B677DC8934285AC3DF45A9EB68FF8F2B8FC0A509AFEECFD0FF2DE25CC6047F7214B195F07EFEB9A094D800F7BFAE8FED187B78EA8A3A400F115961BCAD1215E47C966530AF0EE8128FE
310
58CEBB996A8964FFA529A046635D9353B0336A8F700DDF46271A024E70B0B37C9DE01847591E54DED53D54202AB947E4076556AC49C6CA5C9E1226B7F1A7B1BE15DEED62C41B91E1B3E9AFAAA735036547343A925075041DF0A9979E893B391F8FCFA6967B3EFB644DCF6E5CEBFAE272625DCC6FAF3FB93793C5F90CE1EF57
310
407342756B10D1C489E8953CD1617E5CEECAD6F4EF8914CE5D5D504E5C3F1F9736DA62CFC11E00BCDDB8CC8A9466349744C1F75EBDA4DF09BA8A9E8C7A7E9991989E20E5DBDD6A6003664ED8F7A04A8DBE0DF6EAD9B9AA858342E47399053949D2C146EDB85DE4B176BB0965FBAC19BD19AA918E27FA50C1D22402E144464C
310
59462568E704B6E71915404CB72B8FF4EDE184DDAF753F284990D2C6926782963815403548A70C657FDEF80D2D9CEAA2AE4C1C76F60BFE74219A06527D6582DF6412526107381E55E353090704D085B52408D0933C4ED159D79BDA71BB4BC506F4831350EB6F979CD22D69BF7AC49B91A2C0A9DDA3D5CA36AD20FC478E37E6
310
1844E2352865EBCB6EA275A652E3836BE04EFB400BF1A2556F515F1FBB35B2AB35BD889C744FFA1004B5544B121E57F70215746DD2F5E2C1412B602CBF19455AC6C8E5E9922C4E01E65215385004546899059180EAFCF7A707CE7017CD8CDB0410789AB32C63B91E5CEBBBACB17AC6CD347A022D5075FD106377347AAABA7E
310
7D11590744509B44E205134DC1290F06580320F78E537D3D73540E06CB970B431F185308AD40BBD794D6D77003C5A36E8EAA54BA64597CD8F83BD552A080A365F7FF06504B0304140006080000CC70623B000000000000000000000000350000006662782F39464131463745442D413632322D343644302D413938332D3331
310
353338454246344243312F76657274696365732E62696E504B0304140006080800CC70623BF270F1330600000004000000360000006662782F39464131463745442D413632322D343644302D413938332D3331353338454246344243312F747269616E676C65732E62696E636660600000504B0304140006080000CC70623B
310
000000000000000000000000370000006662782F39464131463745442D413632322D343644302D413938332D3331353338454246344243312F617474726962757465732E62696E504B0304140006080800CC70623B08DA0BD19000000041010000360000006662782F39464131463745442D413632322D343644302D413938
310
332D3331353338454246344243312F6469726563746F72792E786D6C858F410AC3201045AF22B36F53E9A60B35CBEEBAE80D244E44489C6234F4F835464A48035D0DF398FF9F8AF63D0E6CC63039F212F8F9020C7D47C6792B21C5FE7403D62A1188E2E60C98D7234A5830286103A55745067B9D86B8A3CF9C7F90C11DE607
310
FB144396D7B6A82D282E9A152AD114D5EF2CB866EEE831B8EEA07A7BB5A8D7D61A2BAAEB7FD5F70921FF497D00504B0304140006080800CC70623B0D6EF93BFE000000A00100003B0000006662782F39464131463745442D413632322D343644302D413938332D3331353338454246344243312F7265736F75726365732F63
310
6F72652E786D6C8D50596E833010BD0A9ADFCA60B334011947A8694ED00B586642AC041B79A97AFC9A40A5F6AF3F33A3B7689E1E3F7DCD8FEC139DD7D6F4C0720A191A65476DA61E62B892236427C19DB5E1970C322367EC618541F0C9D9B8EC90B226A009093576C41D94DE63804C3DD2D18357379C652E63480A7FCF17A9
310
EE72C29CE5894E3AC17D702940B63D59270887DE46A7D0F36263058F518FBB468FE9A7BE6A7420864373B8D4873369AA8691FA421B3294352543C5CAF65C0F6FEF43CB8BD52C78D0F34F46E550061C419494B6843142CB0F5677F4B52BEB177AEC28E5C52AFF638ACBF84F53D42654E51E77B379102C05791282176B5F693D
310
CB4C7BED567C03504B010214000A0000080000CC70623B3DEE336E79000000790000001B00000000000000000000000000000000006175746F6465736B2D64657369676E2D7061636B6167652E786D6C504B01021400140006080800CC70623BD486FD9CA0000000F40000001300000000000000000000000000B20000005B
310
436F6E74656E745F54797065735D2E786D6C504B01021400140006080800CC70623B1EC5D7A3EB0000007C010000080000000000000000000000000083010000636F72652E786D6C504B01021400140006080800CC70623B55019EA25F0000007C000000070000000000000000000000000094020000636E782E786D6C504B
310
01021400140006080800CC70623B8C9102E971010000D40300000C00000000000000000000000000180300006662782F636F72652E786D6C504B01021400140006080800CC70623BFFEA85907E0000009D0000000B00000000000000000000000000B30400006662782F636E782E786D6C504B01021400140006080800CC70
310
623B4FEEA4082C0100001202000031000000000000000000000000005A0500006662782F39464131463745442D413632322D343644302D413938332D3331353338454246344243312F636F72652E786D6C504B01021400140006080800CC70623BAD7543B64E010000330300003000000000000000000000000000D5060000
310
6662782F39464131463745442D413632322D343644302D413938332D3331353338454246344243312F636E782E786D6C504B01021400140006080800CC70623B16AB87BA640500003C1000003400000000000000000000000000710800006662782F39464131463745442D413632322D343644302D413938332D3331353338
310
454246344243312F6F626A656374732E786D6C504B01021400140006080000CC70623B0000000000000000000000003500000000000000000000000000270E00006662782F39464131463745442D413632322D343644302D413938332D3331353338454246344243312F76657274696365732E62696E504B01021400140006
310
080800CC70623BF270F133060000000400000036000000000000000000000000007A0E00006662782F39464131463745442D413632322D343644302D413938332D3331353338454246344243312F747269616E676C65732E62696E504B01021400140006080000CC70623B0000000000000000000000003700000000000000
310
000000000000D40E00006662782F39464131463745442D413632322D343644302D413938332D3331353338454246344243312F617474726962757465732E62696E504B01021400140006080800CC70623B08DA0BD190000000410100003600000000000000000000000000290F00006662782F39464131463745442D413632
310
322D343644302D413938332D3331353338454246344243312F6469726563746F72792E786D6C504B01021400140006080800CC70623B0D6EF93BFE000000A00100003B000000000000000000000000000D1000006662782F39464131463745442D413632322D343644302D413938332D3331353338454246344243312F7265
310
736F75726365732F636F72652E786D6C504B0506000000000E000E0080040000641100000000
  0
XRECORD
  5
175
102
{ACAD_REACTORS
330
173
102
}
330
173
100
AcDbXrecord
280
     1
270
     1
271
     1
  0
XRECORD
  5
174
102
{ACAD_REACTORS
330
173
102
}
330
173
100
AcDbXrecord
280
     1
270
     1
271
     1
  0
XRECORD
  5
1FB
102
{ACAD_REACTORS
330
173
102
}
330
173
100
AcDbXrecord
280
     1
 70
     0
 90
1673772943
  1
ECE7A1D2-D628-4531-984C-D00F80459256
310
504B03040A0000080000CC70623B3DEE336E79000000790000001B0000006175746F6465736B2D64657369676E2D7061636B6167652E786D6C3C3F786D6C2076657273696F6E3D22312E302220656E636F64696E673D227574662D3822203F3E3C666F726D6174733E3C666F726D61743E687474703A2F2F736368656D612E
310
6175746F6465736B2E636F6D2F64657369676E2D7061636B6167652F323030393C2F666F726D61743E3C2F666F726D6174733E504B0304140006080800CC70623BD486FD9CA0000000F4000000130000005B436F6E74656E745F54797065735D2E786D6C7D8EC10E82300C865F65E91D8A1E8C310C0EEA1BF002731658846E
310
D98AC1B77784ABF1D8FE5FBFBF75BBCE937A534CCEB38643598122B6FEE978D0B0485F9C41B54DDD7D022595594E1A469170414C76A4D9A4D207E29CF43ECE46F218070CC6BECC4078ACAA135ACF422C856C0E68EA1BF5669944DDD7BCDE7B1F8E415D77AECB980613C2E4AC91FC167A2B244592486606FC29C8FD7F045B9A
310
EF7053A7E60B504B0304140006080800CC70623BD9DDAED0EC0000007C01000008000000636F72652E786D6C8D90416EC3201045AF82665B61836D9CD8C2444DD39CA01740405C94182C03558F5F9C3852BBEB6A467FFE9B197D7EF89E6EE8CB2CC17A37002D0820E394D7D68D03A478C17B4007C117EFE32F1B20272733C0
310
2A83E0E3E2D3BC49CABB685CCCAAF3DA6CA20CC14440EA969B0182FA34932C648AD911AEC52CD5558EA6A0CF2EC329598D1E47ACCEFBECC59A050463A7EA5833865FEBDD0E37353BE3EE8DBDE3F6786A48D375FBF6CC78B9C282473B3DEFABC5C86834888A900E538A49F5419B9EB47DD5BC907D4F082F57FB1F28CDFA9F50
310
B22ED6D5F6EE030B20687EE43E10BC5CB3C8E51E54AE6B6EE207504B0304140006080800CC70623B55019EA25F0000007C00000007000000636E782E786D6C4DCB3B0E80201045D1AD90E915ED2CF8AC45050C11660C8261F98AB1B07AC9C97D42D718D865D3E909258CFD00CCE24AC6E326A164D74DC0B4128928FF326038
310
472BA13128B1252AC747C6BAB984FC68F0B87FE8960A5C09FE86CFB69FBA01504B0304140006080800CC70623BA24EB22D72010000D40300000C0000006662782F636F72652E786D6CC5535B6E833010BC8AE5DF0A6C5E49888CA3A6694ED00B38E05014B091B1518EDFE511A5A9D228FD2A1F60CDEC7A67C6986DCE4D8D7A
310
69BA4AAB0C073EC548AA5C17952A33ECECD15B61B4E1CC686DBF9561A44423333CC098B3D268D7CE50AE9595CA02AA74216750749DB418E5352C32DCE59FB211BE70162ABA93DF8AFC244AE9073ED050C759670D0840D390E18DF9F1706664C23973AE2A66B62A605A75ACA4C13C4976E1364A12EF355A2EBD384AF65EFA96
310
BC7B8BED2EA6719AAE16FB8491A199335B351775B991C2CA02F390D2D40B028F861F41BCA68B7518BFD0D59A524686F29B26D7164F36B94AD9289CE54E6D1DE6010819891F6E21228B3AD1831EC219194284CF98F06DD01008846CC5A1BEF83801D4CBDC6A1303536877A57A513B0953A94FC707FDBE6064EA84A9E3E6E0FA
310
EE8CF0E9198F7784A316AA0413C2C2F2E0ECA0934D1AE6D05A69BCDE9E91D2A611F573361E38FC1375157F5752AE6B6DFE4B11990F88CCBF0719EE23FF02504B0304140006080800CC70623B408A7D3B7C0000009D0000000B0000006662782F636E782E786D6C4DCCD10A83201886E15B91FFDC552A92A0064DBC8F581632
310
D3703A76F9ABD1C18E3E78F878E5F0D9027ABBFCF2292AE86E2D20171F69F6715550CB827B40839639A5F2770314A7CD293819B45C73AAFB45B35BA61ACAA1C1C7E7855C58C15BC331339661262CC762340413D68D77DA5B42298546CBE6573AF60CEB2F504B0304140006080800CC70623B449FB9BD290100001202000031
310
0000006662782F36394639363044362D344446342D343946362D394244322D3234314243333846323333332F636F72652E786D6C8D515B6EC32010BC0AE22B55850D98B871848994463E412FE002495162B07854397EA176A4F62F3F2C9A9D991D587EB84F37F0AD7D30CEF6905418026DA553C65E7A98E219ED203808EE9D
310
8B7F6810D871D23D2C3014FCE25D9A57483A1BB58D19B54EE9151C43D0110279CB971E06F9A5A7B11A53CC8C70ADE6515EC78BAE4895DB992778883E0700CB907242D17643D7E2538BD869608875438BBAE38922CAC8F1BDD90DB4691A5E2F42C153326A951B95E398B3D1FE599322163C9AE9115F7A3D46ADA0A018778810
310
84E907617BDCEE297BC5BB3DC6BC2EF47FA234AB2745C9D8D8D035EE220B50105E2F0DC1954B9FB747187D9F9D8FA0CCDB042D5FA0C015C65B42DF78BD10F3F3B363CB56C7109DCFDFBBB97E662ED92EB62D13BC2E1BCAE5777DB9966D8A1F504B0304140006080800CC70623BAD7543B64E01000033030000300000006662
310
782F36394639363044362D344446342D343946362D394244322D3234314243333846323333332F636E782E786D6CD593CD6EC32010845F0571AD6CE3D48AD20813A9873E410FBD12D82434182C7EAAE6EDBB2424CD25871E7B41D6EC30B3FA84F9E67BB2E40B4234DE8DB46F1925E094D7C6ED479AD3AE5951B2113C789FEE
310
6C943839C1488B4C05DF079FE72A69D8C96C13AAD6B8631503449F83828872B949AC57D26200B826A308D316B4064D6E46FCDA41C05550DC9E483A00797BFD207EFB092A45DE9514C1BBD22178396BD39D891265658C238DEA00936C654E5E433CB65A26D9F6EDB5EBC14EBF49A45CB856E66048291F6939A9A81BB5C89177
310
38143CA680F4AA299D66A042CEB3354A2684DC9D8D178FE0D9B8B41CAAD720F880EE7EF93C0C18769E099ECC04D5A102C8049A8A05632F4DDF376CF1DE0F6BB65C2F8627B65A33C6BB62177CEBBDAD973006829F89F22E814B54F4BC2BE347F8AA8F681390B50FA73F804400B5F542E796F19FF974E7F78DB802FE05E20750
310
4B0304140006080800CC70623B8D05915C650500003B100000340000006662782F36394639363044362D344446342D343946362D394244322D3234314243333846323333332F6F626A656374732E786D6CAD575B6FA33814FE2B887D06429276DA1565D4266D158D3A339A6846FB502932E050B66023DB74D2FDF5FB190C01
310
9276B2973C046C8ECFF53B17071F77456EBD502133CEAE6CDF9DD81665314F32965ED995DA3A17B6F5310C04E7AA47665B8C14F4CAD6DB7618A48257A5D94AE89654B91AEDDEDDFC61C998326A5B714EA4BCB265FC440BE2924AF184CA6737218AB8E976E7FA6E4338649B0A523E8D98964450A6A029F619B8588D52FE7039
310
B1BD30F0F4F730D0FF866AF6369557DB33949F31A9088B0F848DD8CCFCF9F2767A76E99CCDE733677E3EF59D9BBB9BA5E37F984D16E78BC5E5F5ED25044B25C0C96822E8D60EEFE11B91C581D77CEA34368A1F5329E68CD1B8B61F16D63A1B8E092D294B10C78C4A48EB593D192E7DED9BDEE7995E1B91FDEDD3ACEA9FE831
310
6A756F9F7D4D79F4274C90A7A04248AA51D5F8C718DAE06FB2F75AC4796EBE65D22A88A22223B995679120E2D50E41AA49C260C046A35368846B0BECD0DFF3EBEB8AD4F835768F69B9ADF25C43D30E6B646F807FAA64AD59F61715C7A54127C4AACA98BA3006A9D792DAE165E0D59B61A01FB3A9F9D838D2DAE62445C86166
310
F37564E842E7DE6A69879FEEA2DD5AE7E371E1A5E025154AC307D06A03D73EB5978C58FFA4C8E9033066E0F3BD53BEC1F39F91BE7B55103791EDE6BBB991A2046172CB4581D8B893FA674DDA17A77B3B7C413D1B511FD2743BFF8A38F03A658705E3ADF8015C3A3417FF3D7E439FF591DA0B5F18BC20C1B8981957AE6392A3
310
F43C640C01D1A0B4728E2DD4F26DB4B3C3152A252A3B4E913CEC1C72F012782FF88EFF8637AA552DBEF76408E8A8DE9E50F9E1CB3A2DA0DB1B6039A893B56063DC5B3E3FFB5F72E67AB9FEB4AEC496C4F4C1149625DD662C53E89D7BF0F6151A046260D1337DFDC94502430F83B0EE07A130A224BCAD7DAE1D9FB6CD422FF6
310
920702629C4BB9AE79C12F243C6432A6794E18E5552BA56B431AAB5D91317302B2B071E86C3A42B1A02F999E24061403B5D0EB639195DA655DD3EBEAB4FB862DDF579F014AD0E73C22F99E28DA57FB98E75C6CA2D74D53086D600F4786E0FE3144B771A8A7B900F03594DB8A633CBC49B2EDB69228BB479CF863B5E807AAAB
310
23872F6DFEB4129B949CA33823F58830E86D65621E10047D9DB34D862E8EAC3C2ABC2F7B2C40D67CDFE01F5545B92105AF983AC54D93D69E56FB8E797F88913F898A9FEC705D3F9D1B54EC8426FB500D40A03BD0119B06E1B95DDC7EB8F6975367793EBD70E66733DFB9BC982F9CE564727731999F5D4ECFCE3B8D6A4DC2A0
310
6D50FD148437D110834A64C6CDDF57FBACB5C307A2A477DFE4939736CFEF2B175371E0E10CF0DD1D5C15654E0BCA14D1E87DD02FF93782A162C0A3D95F1524A52770F972BF1EE9809D13CE7DD599467F8ECE9ADD85CE85A34CD45355448C64F9E8A031DC2D596ACC6E5DD93D9B82DE2EF5CAF81363A8E47996A0DE24564A79
310
4115AACE09C55E14540231FDA13C319787134EBF34E3A022514E5B4D9E0826E25C02D5805B15ABE1BEF51B26383D445DD9E875EE33FE4C22DA16427D65A3BCA92CA6D28DD01DF5DC53330704308475351050232CCD31583787BA75774AFB06E5070DD0C8EF484E19968C5D83BA5B90B244D31E54D55A372320FE4786B7EA58
310
44E135AA5467CB7EA333A61683CC6A8C3257034C10CF46F40EF9F5BE59BE5BD30C3C72D235E95D10345C1D45445A5F0BB47E46A5EBE5570F9380B5FA629579952296A773720405982B9DE04011506178964401AA8BDF1FBF0A8EAB6861DD6580C0E38217056766716DAEB2D6FA0917D3E4116581EADB879C4E7CFFB11EFACD
310
3D641311495D92C8676CB409A72D18610D803CE8A626049E8EC1887CB5B44CC39883690DDA8399B4B9855B481E7D71D4A9D22F96E5BB73BF5793020C02137BF837504B0304140006080000CC70623B000000000000000000000000350000006662782F36394639363044362D344446342D343946362D394244322D32343142
310
43333846323333332F76657274696365732E62696E504B0304140006080800CC70623BF270F1330600000004000000360000006662782F36394639363044362D344446342D343946362D394244322D3234314243333846323333332F747269616E676C65732E62696E636660600000504B0304140006080000CC70623B0000
310
00000000000000000000370000006662782F36394639363044362D344446342D343946362D394244322D3234314243333846323333332F617474726962757465732E62696E504B0304140006080800CC70623B08DA0BD19000000041010000360000006662782F36394639363044362D344446342D343946362D394244322D
310
3234314243333846323333332F6469726563746F72792E786D6C858F410AC3201045AF22B36F53E9A60B35CBEEBAE80D244E44489C6234F4F835464A48035D0DF398FF9F8AF63D0E6CC63039F212F8F9020C7D47C6792B21C5FE7403D62A1188E2E60C98D7234A5830286103A55745067B9D86B8A3CF9C7F90C11DE607FB14
310
4396D7B6A82D282E9A152AD114D5EF2CB866EEE831B8EEA07A7BB5A8D7D61A2BAAEB7FD5F70921FF497D00504B0304140006080800CC70623BCA768048FE000000A00100003B0000006662782F36394639363044362D344446342D343946362D394244322D3234314243333846323333332F7265736F75726365732F636F72
310
652E786D6C8D50596E833010BD0A9ADFCA60D600328E9AA639412F609909B1126CE4A5EAF16B0295DABFFECC8CDEA2797AECF8353F924FB44E193D409E5248504B332A3D0D10FC95B4901C39B3C6F85F3248B49871801506CE266BC2B243D2688FDA47549B11775038871E12F988C7004EDE7016A9083E2ADC3D5D84BC8B09
310
D33C8D74D471E6BC8D0192EDC93A815B742658898E651BCB59086ADC356A8C3FD555A1055ED7E7E254D615792D0F075295F585746FF53B694EE78A565DD736979A65AB9933AFE69F8CD2A2F038022F28ED489E135A7CE4554F9BBEA85E68DB53CAB255FEC71496F19FA6A0B42F8B3DEE6673C0F318E4497096AD7DC5F52C33
310
EEB55BFE0D504B010214000A0000080000CC70623B3DEE336E79000000790000001B00000000000000000000000000000000006175746F6465736B2D64657369676E2D7061636B6167652E786D6C504B01021400140006080800CC70623BD486FD9CA0000000F40000001300000000000000000000000000B20000005B436F
310
6E74656E745F54797065735D2E786D6C504B01021400140006080800CC70623BD9DDAED0EC0000007C010000080000000000000000000000000083010000636F72652E786D6C504B01021400140006080800CC70623B55019EA25F0000007C000000070000000000000000000000000095020000636E782E786D6C504B0102
310
1400140006080800CC70623BA24EB22D72010000D40300000C00000000000000000000000000190300006662782F636F72652E786D6C504B01021400140006080800CC70623B408A7D3B7C0000009D0000000B00000000000000000000000000B50400006662782F636E782E786D6C504B01021400140006080800CC70623B
310
449FB9BD290100001202000031000000000000000000000000005A0500006662782F36394639363044362D344446342D343946362D394244322D3234314243333846323333332F636F72652E786D6C504B01021400140006080800CC70623BAD7543B64E010000330300003000000000000000000000000000D20600006662
310
782F36394639363044362D344446342D343946362D394244322D3234314243333846323333332F636E782E786D6C504B01021400140006080800CC70623B8D05915C650500003B10000034000000000000000000000000006E0800006662782F36394639363044362D344446342D343946362D394244322D32343142433338
310
46323333332F6F626A656374732E786D6C504B01021400140006080000CC70623B0000000000000000000000003500000000000000000000000000250E00006662782F36394639363044362D344446342D343946362D394244322D3234314243333846323333332F76657274696365732E62696E504B010214001400060808
310
00CC70623BF270F13306000000040000003600000000000000000000000000780E00006662782F36394639363044362D344446342D343946362D394244322D3234314243333846323333332F747269616E676C65732E62696E504B01021400140006080000CC70623B00000000000000000000000037000000000000000000
310
00000000D20E00006662782F36394639363044362D344446342D343946362D394244322D3234314243333846323333332F617474726962757465732E62696E504B01021400140006080800CC70623B08DA0BD190000000410100003600000000000000000000000000270F00006662782F36394639363044362D344446342D
310
343946362D394244322D3234314243333846323333332F6469726563746F72792E786D6C504B01021400140006080800CC70623BCA768048FE000000A00100003B000000000000000000000000000B1000006662782F36394639363044362D344446342D343946362D394244322D3234314243333846323333332F7265736F
310
75726365732F636F72652E786D6C504B0506000000000E000E0080040000621100000000
  0
XRECORD
  5
176
102
{ACAD_REACTORS
330
173
102
}
330
173
100
AcDbXrecord
280
     1
270
     1
271
     1
  0
XRECORD
  5
177
102
{ACAD_REACTORS
330
173
102
}
330
173
100
AcDbXrecord
280
     1
270
     1
271
     1
  0
XRECORD
  5
32D3
102
{ACAD_REACTORS
330
32D2
102
}
330
32D2
100
AcDbXrecord
280
     1
102
DISPLAYNAME
  1
Metric50
102
FLAGS
 90
        0
  0
CELLSTYLEMAP
  5
3298
102
{ACAD_REACTORS
330
162
102
}
330
162
100
AcDbCellStyleMap
 90
        3
300
CELLSTYLE
  1
TABLEFORMAT_BEGIN
 90
        5
170
     1
 91
        0
 92
    32768
 62
   257
 93
        1
300
CONTENTFORMAT
  1
CONTENTFORMAT_BEGIN
 90
        0
 91
        0
 92
      512
 93
        0
300

 40
0.0
140
1.0
 94
        5
 62
     0
340
11
144
6.0
309
CONTENTFORMAT_END
171
     1
301
MARGIN
  1
CELLMARGIN_BEGIN
 40
1.5
 40
1.5
 40
1.5
 40
1.5
 40
4.5
 40
4.5
309
CELLMARGIN_END
 94
        6
 95
        1
302
GRIDFORMAT
  1
GRIDFORMAT_BEGIN
 90
        0
 91
        1
 62
     0
 92
       -2
340
14
 93
        0
 40
1.125
309
GRIDFORMAT_END
 95
        2
302
GRIDFORMAT
  1
GRIDFORMAT_BEGIN
 90
        0
 91
        1
 62
     0
 92
       -2
340
14
 93
        0
 40
1.125
309
GRIDFORMAT_END
 95
        4
302
GRIDFORMAT
  1
GRIDFORMAT_BEGIN
 90
        0
 91
        1
 62
     0
 92
       -2
340
14
 93
        0
 40
1.125
309
GRIDFORMAT_END
 95
        8
302
GRIDFORMAT
  1
GRIDFORMAT_BEGIN
 90
        0
 91
        1
 62
     0
 92
       -2
340
14
 93
        0
 40
1.125
309
GRIDFORMAT_END
 95
       16
302
GRIDFORMAT
  1
GRIDFORMAT_BEGIN
 90
        0
 91
        1
 62
     0
 92
       -2
340
14
 93
        0
 40
1.125
309
GRIDFORMAT_END
 95
       32
302
GRIDFORMAT
  1
GRIDFORMAT_BEGIN
 90
        0
 91
        1
 62
     0
 92
       -2
340
14
 93
        0
 40
1.125
309
GRIDFORMAT_END
309
TABLEFORMAT_END
  1
CELLSTYLE_BEGIN
 90
        1
 91
        1
300
_TITLE
309
CELLSTYLE_END
300
CELLSTYLE
  1
TABLEFORMAT_BEGIN
 90
        5
170
     1
 91
        0
 92
        0
 62
   257
 93
        1
300
CONTENTFORMAT
  1
CONTENTFORMAT_BEGIN
 90
        0
 91
        0
 92
      512
 93
        0
300

 40
0.0
140
1.0
 94
        5
 62
     0
340
11
144
4.5
309
CONTENTFORMAT_END
171
     1
301
MARGIN
  1
CELLMARGIN_BEGIN
 40
1.5
 40
1.5
 40
1.5
 40
1.5
 40
4.5
 40
4.5
309
CELLMARGIN_END
 94
        6
 95
        1
302
GRIDFORMAT
  1
GRIDFORMAT_BEGIN
 90
        0
 91
        1
 62
     0
 92
       -2
340
14
 93
        0
 40
1.125
309
GRIDFORMAT_END
 95
        2
302
GRIDFORMAT
  1
GRIDFORMAT_BEGIN
 90
        0
 91
        1
 62
     0
 92
       -2
340
14
 93
        0
 40
1.125
309
GRIDFORMAT_END
 95
        4
302
GRIDFORMAT
  1
GRIDFORMAT_BEGIN
 90
        0
 91
        1
 62
     0
 92
       -2
340
14
 93
        0
 40
1.125
309
GRIDFORMAT_END
 95
        8
302
GRIDFORMAT
  1
GRIDFORMAT_BEGIN
 90
        0
 91
        1
 62
     0
 92
       -2
340
14
 93
        0
 40
1.125
309
GRIDFORMAT_END
 95
       16
302
GRIDFORMAT
  1
GRIDFORMAT_BEGIN
 90
        0
 91
        1
 62
     0
 92
       -2
340
14
 93
        0
 40
1.125
309
GRIDFORMAT_END
 95
       32
302
GRIDFORMAT
  1
GRIDFORMAT_BEGIN
 90
        0
 91
        1
 62
     0
 92
       -2
340
14
 93
        0
 40
1.125
309
GRIDFORMAT_END
309
TABLEFORMAT_END
  1
CELLSTYLE_BEGIN
 90
        2
 91
        1
300
_HEADER
309
CELLSTYLE_END
300
CELLSTYLE
  1
TABLEFORMAT_BEGIN
 90
        5
170
     1
 91
        0
 92
        0
 62
   257
 93
        1
300
CONTENTFORMAT
  1
CONTENTFORMAT_BEGIN
 90
        0
 91
        0
 92
      512
 93
        0
300

 40
0.0
140
1.0
 94
        2
 62
     0
340
11
144
4.5
309
CONTENTFORMAT_END
171
     1
301
MARGIN
  1
CELLMARGIN_BEGIN
 40
1.5
 40
1.5
 40
1.5
 40
1.5
 40
4.5
 40
4.5
309
CELLMARGIN_END
 94
        6
 95
        1
302
GRIDFORMAT
  1
GRIDFORMAT_BEGIN
 90
        0
 91
        1
 62
     0
 92
       -2
340
14
 93
        0
 40
1.125
309
GRIDFORMAT_END
 95
        2
302
GRIDFORMAT
  1
GRIDFORMAT_BEGIN
 90
        0
 91
        1
 62
     0
 92
       -2
340
14
 93
        0
 40
1.125
309
GRIDFORMAT_END
 95
        4
302
GRIDFORMAT
  1
GRIDFORMAT_BEGIN
 90
        0
 91
        1
 62
     0
 92
       -2
340
14
 93
        0
 40
1.125
309
GRIDFORMAT_END
 95
        8
302
GRIDFORMAT
  1
GRIDFORMAT_BEGIN
 90
        0
 91
        1
 62
     0
 92
       -2
340
14
 93
        0
 40
1.125
309
GRIDFORMAT_END
 95
       16
302
GRIDFORMAT
  1
GRIDFORMAT_BEGIN
 90
        0
 91
        1
 62
     0
 92
       -2
340
14
 93
        0
 40
1.125
309
GRIDFORMAT_END
 95
       32
302
GRIDFORMAT
  1
GRIDFORMAT_BEGIN
 90
        0
 91
        1
 62
     0
 92
       -2
340
14
 93
        0
 40
1.125
309
GRIDFORMAT_END
309
TABLEFORMAT_END
  1
CELLSTYLE_BEGIN
 90
        3
 91
        2
300
_DATA
309
CELLSTYLE_END
  0
XRECORD
  5
32AD
102
{ACAD_REACTORS
330
32AC
102
}
330
32AC
100
AcDbXrecord
280
     1
102
RTVSPost2010Prop28
280
     1
102
RTVSPost2010PropOp28
 70
     1
102
RTVSPost2010Prop29
280
     1
102
RTVSPost2010PropOp29
 70
     1
102
RTVSPost2010Prop30
280
     0
102
RTVSPost2010PropOp30
 70
     1
102
RTVSPost2010Prop31
280
     0
102
RTVSPost2010PropOp31
 70
     1
102
RTVSPost2010Prop32
280
     0
102
RTVSPost2010PropOp32
 70
     1
102
RTVSPost2010Prop33
280
     0
102
RTVSPost2010PropOp33
 70
     1
102
RTVSPost2010Prop34
280
     0
102
RTVSPost2010PropOp34
 70
     1
102
RTVSPost2010Prop35
280
     0
102
RTVSPost2010PropOp35
 70
     1
102
RTVSPost2010Prop36
280
     0
102
RTVSPost2010PropOp36
 70
     1
102
RTVSPost2010Prop37
 90
       50
102
RTVSPost2010PropOp37
 70
     1
102
RTVSPost2010Prop38
140
0.0
102
RTVSPost2010PropOp38
 70
     1
102
RTVSPost2010Prop39
140
1.0
102
RTVSPost2010PropOp39
 70
     1
102
RTVSPost2010Prop40
 90
        0
102
RTVSPost2010PropOp40
 70
     1
102
RTVSPost2010Prop41ColorIndex
 90
       18
102
RTVSPost2010Prop41ColorRGB
 90
        0
102
RTVSPost2010PropOp41
 70
     1
102
RTVSPost2010Prop42
 90
       50
102
RTVSPost2010PropOp42
 70
     1
102
RTVSPost2010Prop43
 90
        3
102
RTVSPost2010PropOp43
 70
     1
102
RTVSPost2010Prop44ColorIndex
 90
        5
102
RTVSPost2010Prop44ColorRGB
 90
      255
102
RTVSPost2010PropOp44
 70
     1
102
RTVSPost2010Prop45
280
     0
102
RTVSPost2010PropOp45
 70
     1
102
RTVSPost2010Prop46
 90
       50
102
RTVSPost2010PropOp46
 70
     1
102
RTVSPost2010Prop47
 90
       50
102
RTVSPost2010PropOp47
 70
     1
102
RTVSPost2010Prop48
 90
       50
102
RTVSPost2010PropOp48
 70
     1
102
RTVSPost2010Prop49
280
     0
102
RTVSPost2010PropOp49
 70
     1
102
RTVSPost2010Prop50
 90
       50
102
RTVSPost2010PropOp50
 70
     1
102
RTVSPost2010Prop51ColorIndex
 90
      256
102
RTVSPost2010Prop51ColorRGB
 90
-16777216
102
RTVSPost2010PropOp51
 70
     0
102
RTVSPost2010Prop52
140
1.0
102
RTVSPost2010PropOp52
 70
     0
102
RTVSPost2010Prop53
 90
        2
102
RTVSPost2010PropOp53
 70
     1
102
RTVSPost2010Prop54
  1
strokes_ogs.tif
102
RTVSPost2010PropOp54
 70
     1
102
RTVSPost2010Prop55
280
     0
102
RTVSPost2010PropOp55
 70
     1
102
RTVSPost2010Prop56
140
1.0
102
RTVSPost2010PropOp56
 70
     1
102
RTVSPost2010Prop57
140
1.0
102
RTVSPost2010PropOp57
 70
     1
  0
XRECORD
  5
32AB
102
{ACAD_REACTORS
330
32AA
102
}
330
32AA
100
AcDbXrecord
280
     1
102
RTVSPost2010Prop28
280
     0
102
RTVSPost2010PropOp28
 70
     1
102
RTVSPost2010Prop29
280
     1
102
RTVSPost2010PropOp29
 70
     1
102
RTVSPost2010Prop30
280
     1
102
RTVSPost2010PropOp30
 70
     1
102
RTVSPost2010Prop31
280
     0
102
RTVSPost2010PropOp31
 70
     1
102
RTVSPost2010Prop32
280
     0
102
RTVSPost2010PropOp32
 70
     1
102
RTVSPost2010Prop33
280
     0
102
RTVSPost2010PropOp33
 70
     1
102
RTVSPost2010Prop34
280
     0
102
RTVSPost2010PropOp34
 70
     1
102
RTVSPost2010Prop35
280
     0
102
RTVSPost2010PropOp35
 70
     1
102
RTVSPost2010Prop36
280
     0
102
RTVSPost2010PropOp36
 70
     1
102
RTVSPost2010Prop37
 90
       50
102
RTVSPost2010PropOp37
 70
     1
102
RTVSPost2010Prop38
140
0.0
102
RTVSPost2010PropOp38
 70
     1
102
RTVSPost2010Prop39
140
1.0
102
RTVSPost2010PropOp39
 70
     1
102
RTVSPost2010Prop40
 90
        0
102
RTVSPost2010PropOp40
 70
     1
102
RTVSPost2010Prop41ColorIndex
 90
       18
102
RTVSPost2010Prop41ColorRGB
 90
        0
102
RTVSPost2010PropOp41
 70
     1
102
RTVSPost2010Prop42
 90
       50
102
RTVSPost2010PropOp42
 70
     1
102
RTVSPost2010Prop43
 90
        3
102
RTVSPost2010PropOp43
 70
     1
102
RTVSPost2010Prop44ColorIndex
 90
        5
102
RTVSPost2010Prop44ColorRGB
 90
      255
102
RTVSPost2010PropOp44
 70
     1
102
RTVSPost2010Prop45
280
     0
102
RTVSPost2010PropOp45
 70
     1
102
RTVSPost2010Prop46
 90
       50
102
RTVSPost2010PropOp46
 70
     1
102
RTVSPost2010Prop47
 90
       50
102
RTVSPost2010PropOp47
 70
     1
102
RTVSPost2010Prop48
 90
       50
102
RTVSPost2010PropOp48
 70
     1
102
RTVSPost2010Prop49
280
     0
102
RTVSPost2010PropOp49
 70
     1
102
RTVSPost2010Prop50
 90
       50
102
RTVSPost2010PropOp50
 70
     1
102
RTVSPost2010Prop51ColorIndex
 90
      256
102
RTVSPost2010Prop51ColorRGB
 90
-16777216
102
RTVSPost2010PropOp51
 70
     0
102
RTVSPost2010Prop52
140
1.0
102
RTVSPost2010PropOp52
 70
     0
102
RTVSPost2010Prop53
 90
        2
102
RTVSPost2010PropOp53
 70
     1
102
RTVSPost2010Prop54
  1
strokes_ogs.tif
102
RTVSPost2010PropOp54
 70
     1
102
RTVSPost2010Prop55
280
     0
102
RTVSPost2010PropOp55
 70
     1
102
RTVSPost2010Prop56
140
1.0
102
RTVSPost2010PropOp56
 70
     1
102
RTVSPost2010Prop57
140
1.0
102
RTVSPost2010PropOp57
 70
     1
  0
XRECORD
  5
32B9
102
{ACAD_REACTORS
330
32B8
102
}
330
32B8
100
AcDbXrecord
280
     1
102
RTVSPost2010Prop28
280
     0
102
RTVSPost2010PropOp28
 70
     1
102
RTVSPost2010Prop29
280
     1
102
RTVSPost2010PropOp29
 70
     1
102
RTVSPost2010Prop30
280
     1
102
RTVSPost2010PropOp30
 70
     1
102
RTVSPost2010Prop31
280
     0
102
RTVSPost2010PropOp31
 70
     1
102
RTVSPost2010Prop32
280
     0
102
RTVSPost2010PropOp32
 70
     1
102
RTVSPost2010Prop33
280
     0
102
RTVSPost2010PropOp33
 70
     1
102
RTVSPost2010Prop34
280
     0
102
RTVSPost2010PropOp34
 70
     1
102
RTVSPost2010Prop35
280
     0
102
RTVSPost2010PropOp35
 70
     1
102
RTVSPost2010Prop36
280
     0
102
RTVSPost2010PropOp36
 70
     1
102
RTVSPost2010Prop37
 90
       50
102
RTVSPost2010PropOp37
 70
     1
102
RTVSPost2010Prop38
140
0.0
102
RTVSPost2010PropOp38
 70
     1
102
RTVSPost2010Prop39
140
1.0
102
RTVSPost2010PropOp39
 70
     1
102
RTVSPost2010Prop40
 90
        0
102
RTVSPost2010PropOp40
 70
     1
102
RTVSPost2010Prop41ColorIndex
 90
       18
102
RTVSPost2010Prop41ColorRGB
 90
        0
102
RTVSPost2010PropOp41
 70
     1
102
RTVSPost2010Prop42
 90
       50
102
RTVSPost2010PropOp42
 70
     1
102
RTVSPost2010Prop43
 90
        3
102
RTVSPost2010PropOp43
 70
     1
102
RTVSPost2010Prop44ColorIndex
 90
        5
102
RTVSPost2010Prop44ColorRGB
 90
      255
102
RTVSPost2010PropOp44
 70
     1
102
RTVSPost2010Prop45
280
     0
102
RTVSPost2010PropOp45
 70
     1
102
RTVSPost2010Prop46
 90
       50
102
RTVSPost2010PropOp46
 70
     1
102
RTVSPost2010Prop47
 90
       50
102
RTVSPost2010PropOp47
 70
     1
102
RTVSPost2010Prop48
 90
       50
102
RTVSPost2010PropOp48
 70
     1
102
RTVSPost2010Prop49
280
     0
102
RTVSPost2010PropOp49
 70
     1
102
RTVSPost2010Prop50
 90
       50
102
RTVSPost2010PropOp50
 70
     1
102
RTVSPost2010Prop51ColorIndex
 90
      256
102
RTVSPost2010Prop51ColorRGB
 90
-16777216
102
RTVSPost2010PropOp51
 70
     0
102
RTVSPost2010Prop52
140
1.0
102
RTVSPost2010PropOp52
 70
     0
102
RTVSPost2010Prop53
 90
        2
102
RTVSPost2010PropOp53
 70
     1
102
RTVSPost2010Prop54
  1
strokes_ogs.tif
102
RTVSPost2010PropOp54
 70
     1
102
RTVSPost2010Prop55
280
     0
102
RTVSPost2010PropOp55
 70
     1
102
RTVSPost2010Prop56
140
1.0
102
RTVSPost2010PropOp56
 70
     1
102
RTVSPost2010Prop57
140
1.0
102
RTVSPost2010PropOp57
 70
     1
  0
XRECORD
  5
32C1
102
{ACAD_REACTORS
330
32C0
102
}
330
32C0
100
AcDbXrecord
280
     1
102
RTVSPost2010Prop28
280
     0
102
RTVSPost2010PropOp28
 70
     1
102
RTVSPost2010Prop29
280
     1
102
RTVSPost2010PropOp29
 70
     1
102
RTVSPost2010Prop30
280
     1
102
RTVSPost2010PropOp30
 70
     1
102
RTVSPost2010Prop31
280
     0
102
RTVSPost2010PropOp31
 70
     1
102
RTVSPost2010Prop32
280
     0
102
RTVSPost2010PropOp32
 70
     1
102
RTVSPost2010Prop33
280
     0
102
RTVSPost2010PropOp33
 70
     1
102
RTVSPost2010Prop34
280
     0
102
RTVSPost2010PropOp34
 70
     1
102
RTVSPost2010Prop35
280
     0
102
RTVSPost2010PropOp35
 70
     1
102
RTVSPost2010Prop36
280
     0
102
RTVSPost2010PropOp36
 70
     1
102
RTVSPost2010Prop37
 90
       50
102
RTVSPost2010PropOp37
 70
     1
102
RTVSPost2010Prop38
140
0.0
102
RTVSPost2010PropOp38
 70
     1
102
RTVSPost2010Prop39
140
1.0
102
RTVSPost2010PropOp39
 70
     1
102
RTVSPost2010Prop40
 90
        0
102
RTVSPost2010PropOp40
 70
     1
102
RTVSPost2010Prop41ColorIndex
 90
       18
102
RTVSPost2010Prop41ColorRGB
 90
        0
102
RTVSPost2010PropOp41
 70
     1
102
RTVSPost2010Prop42
 90
       50
102
RTVSPost2010PropOp42
 70
     1
102
RTVSPost2010Prop43
 90
        3
102
RTVSPost2010PropOp43
 70
     1
102
RTVSPost2010Prop44ColorIndex
 90
        5
102
RTVSPost2010Prop44ColorRGB
 90
      255
102
RTVSPost2010PropOp44
 70
     1
102
RTVSPost2010Prop45
280
     0
102
RTVSPost2010PropOp45
 70
     1
102
RTVSPost2010Prop46
 90
       50
102
RTVSPost2010PropOp46
 70
     1
102
RTVSPost2010Prop47
 90
       50
102
RTVSPost2010PropOp47
 70
     1
102
RTVSPost2010Prop48
 90
       50
102
RTVSPost2010PropOp48
 70
     1
102
RTVSPost2010Prop49
280
     0
102
RTVSPost2010PropOp49
 70
     1
102
RTVSPost2010Prop50
 90
       50
102
RTVSPost2010PropOp50
 70
     1
102
RTVSPost2010Prop51ColorIndex
 90
      256
102
RTVSPost2010Prop51ColorRGB
 90
-16777216
102
RTVSPost2010PropOp51
 70
     0
102
RTVSPost2010Prop52
140
1.0
102
RTVSPost2010PropOp52
 70
     0
102
RTVSPost2010Prop53
 90
        2
102
RTVSPost2010PropOp53
 70
     1
102
RTVSPost2010Prop54
  1
strokes_ogs.tif
102
RTVSPost2010PropOp54
 70
     1
102
RTVSPost2010Prop55
280
     0
102
RTVSPost2010PropOp55
 70
     1
102
RTVSPost2010Prop56
140
1.0
102
RTVSPost2010PropOp56
 70
     1
102
RTVSPost2010Prop57
140
1.0
102
RTVSPost2010PropOp57
 70
     1
  0
XRECORD
  5
32B3
102
{ACAD_REACTORS
330
32B2
102
}
330
32B2
100
AcDbXrecord
280
     1
102
RTVSPost2010Prop28
280
     0
102
RTVSPost2010PropOp28
 70
     1
102
RTVSPost2010Prop29
280
     1
102
RTVSPost2010PropOp29
 70
     1
102
RTVSPost2010Prop30
280
     1
102
RTVSPost2010PropOp30
 70
     1
102
RTVSPost2010Prop31
280
     0
102
RTVSPost2010PropOp31
 70
     1
102
RTVSPost2010Prop32
280
     0
102
RTVSPost2010PropOp32
 70
     1
102
RTVSPost2010Prop33
280
     0
102
RTVSPost2010PropOp33
 70
     1
102
RTVSPost2010Prop34
280
     0
102
RTVSPost2010PropOp34
 70
     1
102
RTVSPost2010Prop35
280
     0
102
RTVSPost2010PropOp35
 70
     1
102
RTVSPost2010Prop36
280
     0
102
RTVSPost2010PropOp36
 70
     1
102
RTVSPost2010Prop37
 90
       50
102
RTVSPost2010PropOp37
 70
     1
102
RTVSPost2010Prop38
140
0.0
102
RTVSPost2010PropOp38
 70
     1
102
RTVSPost2010Prop39
140
1.0
102
RTVSPost2010PropOp39
 70
     1
102
RTVSPost2010Prop40
 90
        0
102
RTVSPost2010PropOp40
 70
     1
102
RTVSPost2010Prop41ColorIndex
 90
       18
102
RTVSPost2010Prop41ColorRGB
 90
        0
102
RTVSPost2010PropOp41
 70
     1
102
RTVSPost2010Prop42
 90
       50
102
RTVSPost2010PropOp42
 70
     1
102
RTVSPost2010Prop43
 90
        3
102
RTVSPost2010PropOp43
 70
     1
102
RTVSPost2010Prop44ColorIndex
 90
        5
102
RTVSPost2010Prop44ColorRGB
 90
      255
102
RTVSPost2010PropOp44
 70
     1
102
RTVSPost2010Prop45
280
     0
102
RTVSPost2010PropOp45
 70
     1
102
RTVSPost2010Prop46
 90
       50
102
RTVSPost2010PropOp46
 70
     1
102
RTVSPost2010Prop47
 90
       50
102
RTVSPost2010PropOp47
 70
     1
102
RTVSPost2010Prop48
 90
       50
102
RTVSPost2010PropOp48
 70
     1
102
RTVSPost2010Prop49
280
     0
102
RTVSPost2010PropOp49
 70
     1
102
RTVSPost2010Prop50
 90
       50
102
RTVSPost2010PropOp50
 70
     1
102
RTVSPost2010Prop51ColorIndex
 90
      256
102
RTVSPost2010Prop51ColorRGB
 90
-16777216
102
RTVSPost2010PropOp51
 70
     0
102
RTVSPost2010Prop52
140
1.0
102
RTVSPost2010PropOp52
 70
     0
102
RTVSPost2010Prop53
 90
        2
102
RTVSPost2010PropOp53
 70
     1
102
RTVSPost2010Prop54
  1
strokes_ogs.tif
102
RTVSPost2010PropOp54
 70
     1
102
RTVSPost2010Prop55
280
     0
102
RTVSPost2010PropOp55
 70
     1
102
RTVSPost2010Prop56
140
1.0
102
RTVSPost2010PropOp56
 70
     1
102
RTVSPost2010Prop57
140
1.0
102
RTVSPost2010PropOp57
 70
     1
  0
XRECORD
  5
32B7
102
{ACAD_REACTORS
330
32B6
102
}
330
32B6
100
AcDbXrecord
280
     1
102
RTVSPost2010Prop28
280
     0
102
RTVSPost2010PropOp28
 70
     1
102
RTVSPost2010Prop29
280
     1
102
RTVSPost2010PropOp29
 70
     1
102
RTVSPost2010Prop30
280
     1
102
RTVSPost2010PropOp30
 70
     1
102
RTVSPost2010Prop31
280
     0
102
RTVSPost2010PropOp31
 70
     1
102
RTVSPost2010Prop32
280
     0
102
RTVSPost2010PropOp32
 70
     1
102
RTVSPost2010Prop33
280
     0
102
RTVSPost2010PropOp33
 70
     1
102
RTVSPost2010Prop34
280
     0
102
RTVSPost2010PropOp34
 70
     1
102
RTVSPost2010Prop35
280
     0
102
RTVSPost2010PropOp35
 70
     1
102
RTVSPost2010Prop36
280
     0
102
RTVSPost2010PropOp36
 70
     1
102
RTVSPost2010Prop37
 90
       50
102
RTVSPost2010PropOp37
 70
     1
102
RTVSPost2010Prop38
140
0.0
102
RTVSPost2010PropOp38
 70
     1
102
RTVSPost2010Prop39
140
1.0
102
RTVSPost2010PropOp39
 70
     1
102
RTVSPost2010Prop40
 90
        0
102
RTVSPost2010PropOp40
 70
     1
102
RTVSPost2010Prop41ColorIndex
 90
       18
102
RTVSPost2010Prop41ColorRGB
 90
        0
102
RTVSPost2010PropOp41
 70
     1
102
RTVSPost2010Prop42
 90
       50
102
RTVSPost2010PropOp42
 70
     1
102
RTVSPost2010Prop43
 90
        3
102
RTVSPost2010PropOp43
 70
     1
102
RTVSPost2010Prop44ColorIndex
 90
        5
102
RTVSPost2010Prop44ColorRGB
 90
      255
102
RTVSPost2010PropOp44
 70
     1
102
RTVSPost2010Prop45
280
     0
102
RTVSPost2010PropOp45
 70
     1
102
RTVSPost2010Prop46
 90
       50
102
RTVSPost2010PropOp46
 70
     1
102
RTVSPost2010Prop47
 90
       50
102
RTVSPost2010PropOp47
 70
     1
102
RTVSPost2010Prop48
 90
       50
102
RTVSPost2010PropOp48
 70
     1
102
RTVSPost2010Prop49
280
     0
102
RTVSPost2010PropOp49
 70
     1
102
RTVSPost2010Prop50
 90
       50
102
RTVSPost2010PropOp50
 70
     1
102
RTVSPost2010Prop51ColorIndex
 90
      256
102
RTVSPost2010Prop51ColorRGB
 90
-16777216
102
RTVSPost2010PropOp51
 70
     0
102
RTVSPost2010Prop52
140
1.0
102
RTVSPost2010PropOp52
 70
     0
102
RTVSPost2010Prop53
 90
        2
102
RTVSPost2010PropOp53
 70
     1
102
RTVSPost2010Prop54
  1
strokes_ogs.tif
102
RTVSPost2010PropOp54
 70
     1
102
RTVSPost2010Prop55
280
     0
102
RTVSPost2010PropOp55
 70
     1
102
RTVSPost2010Prop56
140
1.0
102
RTVSPost2010PropOp56
 70
     1
102
RTVSPost2010Prop57
140
1.0
102
RTVSPost2010PropOp57
 70
     1
  0
XRECORD
  5
32C7
102
{ACAD_REACTORS
330
32C6
102
}
330
32C6
100
AcDbXrecord
280
     1
102
RTVSPost2010Prop28
280
     0
102
RTVSPost2010PropOp28
 70
     1
102
RTVSPost2010Prop29
280
     1
102
RTVSPost2010PropOp29
 70
     1
102
RTVSPost2010Prop30
280
     1
102
RTVSPost2010PropOp30
 70
     1
102
RTVSPost2010Prop31
280
     0
102
RTVSPost2010PropOp31
 70
     1
102
RTVSPost2010Prop32
280
     0
102
RTVSPost2010PropOp32
 70
     1
102
RTVSPost2010Prop33
280
     0
102
RTVSPost2010PropOp33
 70
     1
102
RTVSPost2010Prop34
280
     0
102
RTVSPost2010PropOp34
 70
     1
102
RTVSPost2010Prop35
280
     0
102
RTVSPost2010PropOp35
 70
     1
102
RTVSPost2010Prop36
280
     0
102
RTVSPost2010PropOp36
 70
     1
102
RTVSPost2010Prop37
 90
       50
102
RTVSPost2010PropOp37
 70
     1
102
RTVSPost2010Prop38
140
0.0
102
RTVSPost2010PropOp38
 70
     1
102
RTVSPost2010Prop39
140
1.0
102
RTVSPost2010PropOp39
 70
     1
102
RTVSPost2010Prop40
 90
        0
102
RTVSPost2010PropOp40
 70
     1
102
RTVSPost2010Prop41ColorIndex
 90
       18
102
RTVSPost2010Prop41ColorRGB
 90
        0
102
RTVSPost2010PropOp41
 70
     1
102
RTVSPost2010Prop42
 90
       50
102
RTVSPost2010PropOp42
 70
     1
102
RTVSPost2010Prop43
 90
        3
102
RTVSPost2010PropOp43
 70
     1
102
RTVSPost2010Prop44ColorIndex
 90
        5
102
RTVSPost2010Prop44ColorRGB
 90
      255
102
RTVSPost2010PropOp44
 70
     1
102
RTVSPost2010Prop45
280
     0
102
RTVSPost2010PropOp45
 70
     1
102
RTVSPost2010Prop46
 90
       50
102
RTVSPost2010PropOp46
 70
     1
102
RTVSPost2010Prop47
 90
       50
102
RTVSPost2010PropOp47
 70
     1
102
RTVSPost2010Prop48
 90
       50
102
RTVSPost2010PropOp48
 70
     1
102
RTVSPost2010Prop49
280
     0
102
RTVSPost2010PropOp49
 70
     1
102
RTVSPost2010Prop50
 90
       50
102
RTVSPost2010PropOp50
 70
     1
102
RTVSPost2010Prop51ColorIndex
 90
      256
102
RTVSPost2010Prop51ColorRGB
 90
-16777216
102
RTVSPost2010PropOp51
 70
     0
102
RTVSPost2010Prop52
140
1.0
102
RTVSPost2010PropOp52
 70
     0
102
RTVSPost2010Prop53
 90
        2
102
RTVSPost2010PropOp53
 70
     1
102
RTVSPost2010Prop54
  1
strokes_ogs.tif
102
RTVSPost2010PropOp54
 70
     1
102
RTVSPost2010Prop55
280
     0
102
RTVSPost2010PropOp55
 70
     1
102
RTVSPost2010Prop56
140
1.0
102
RTVSPost2010PropOp56
 70
     1
102
RTVSPost2010Prop57
140
1.0
102
RTVSPost2010PropOp57
 70
     1
  0
XRECORD
  5
32BF
102
{ACAD_REACTORS
330
32BE
102
}
330
32BE
100
AcDbXrecord
280
     1
102
RTVSPost2010Prop28
280
     0
102
RTVSPost2010PropOp28
 70
     1
102
RTVSPost2010Prop29
280
     1
102
RTVSPost2010PropOp29
 70
     1
102
RTVSPost2010Prop30
280
     1
102
RTVSPost2010PropOp30
 70
     1
102
RTVSPost2010Prop31
280
     0
102
RTVSPost2010PropOp31
 70
     1
102
RTVSPost2010Prop32
280
     0
102
RTVSPost2010PropOp32
 70
     1
102
RTVSPost2010Prop33
280
     0
102
RTVSPost2010PropOp33
 70
     1
102
RTVSPost2010Prop34
280
     0
102
RTVSPost2010PropOp34
 70
     1
102
RTVSPost2010Prop35
280
     0
102
RTVSPost2010PropOp35
 70
     1
102
RTVSPost2010Prop36
280
     0
102
RTVSPost2010PropOp36
 70
     1
102
RTVSPost2010Prop37
 90
       50
102
RTVSPost2010PropOp37
 70
     1
102
RTVSPost2010Prop38
140
0.0
102
RTVSPost2010PropOp38
 70
     1
102
RTVSPost2010Prop39
140
1.0
102
RTVSPost2010PropOp39
 70
     1
102
RTVSPost2010Prop40
 90
        0
102
RTVSPost2010PropOp40
 70
     1
102
RTVSPost2010Prop41ColorIndex
 90
       18
102
RTVSPost2010Prop41ColorRGB
 90
        0
102
RTVSPost2010PropOp41
 70
     1
102
RTVSPost2010Prop42
 90
       50
102
RTVSPost2010PropOp42
 70
     1
102
RTVSPost2010Prop43
 90
        3
102
RTVSPost2010PropOp43
 70
     1
102
RTVSPost2010Prop44ColorIndex
 90
        5
102
RTVSPost2010Prop44ColorRGB
 90
      255
102
RTVSPost2010PropOp44
 70
     1
102
RTVSPost2010Prop45
280
     0
102
RTVSPost2010PropOp45
 70
     1
102
RTVSPost2010Prop46
 90
       50
102
RTVSPost2010PropOp46
 70
     1
102
RTVSPost2010Prop47
 90
       50
102
RTVSPost2010PropOp47
 70
     1
102
RTVSPost2010Prop48
 90
       50
102
RTVSPost2010PropOp48
 70
     1
102
RTVSPost2010Prop49
280
     0
102
RTVSPost2010PropOp49
 70
     1
102
RTVSPost2010Prop50
 90
       50
102
RTVSPost2010PropOp50
 70
     1
102
RTVSPost2010Prop51ColorIndex
 90
      256
102
RTVSPost2010Prop51ColorRGB
 90
-16777216
102
RTVSPost2010PropOp51
 70
     0
102
RTVSPost2010Prop52
140
1.0
102
RTVSPost2010PropOp52
 70
     0
102
RTVSPost2010Prop53
 90
        2
102
RTVSPost2010PropOp53
 70
     1
102
RTVSPost2010Prop54
  1
strokes_ogs.tif
102
RTVSPost2010PropOp54
 70
     1
102
RTVSPost2010Prop55
280
     0
102
RTVSPost2010PropOp55
 70
     1
102
RTVSPost2010Prop56
140
1.0
102
RTVSPost2010PropOp56
 70
     1
102
RTVSPost2010Prop57
140
1.0
102
RTVSPost2010PropOp57
 70
     1
  0
XRECORD
  5
32A3
102
{ACAD_REACTORS
330
32A2
102
}
330
32A2
100
AcDbXrecord
280
     1
102
RTVSPost2010Prop28
280
     0
102
RTVSPost2010PropOp28
 70
     1
102
RTVSPost2010Prop29
280
     1
102
RTVSPost2010PropOp29
 70
     1
102
RTVSPost2010Prop30
280
     1
102
RTVSPost2010PropOp30
 70
     1
102
RTVSPost2010Prop31
280
     0
102
RTVSPost2010PropOp31
 70
     1
102
RTVSPost2010Prop32
280
     0
102
RTVSPost2010PropOp32
 70
     1
102
RTVSPost2010Prop33
280
     0
102
RTVSPost2010PropOp33
 70
     1
102
RTVSPost2010Prop34
280
     0
102
RTVSPost2010PropOp34
 70
     1
102
RTVSPost2010Prop35
280
     0
102
RTVSPost2010PropOp35
 70
     1
102
RTVSPost2010Prop36
280
     0
102
RTVSPost2010PropOp36
 70
     1
102
RTVSPost2010Prop37
 90
       50
102
RTVSPost2010PropOp37
 70
     1
102
RTVSPost2010Prop38
140
0.0
102
RTVSPost2010PropOp38
 70
     1
102
RTVSPost2010Prop39
140
1.0
102
RTVSPost2010PropOp39
 70
     1
102
RTVSPost2010Prop40
 90
        0
102
RTVSPost2010PropOp40
 70
     1
102
RTVSPost2010Prop41ColorIndex
 90
       18
102
RTVSPost2010Prop41ColorRGB
 90
        0
102
RTVSPost2010PropOp41
 70
     1
102
RTVSPost2010Prop42
 90
       50
102
RTVSPost2010PropOp42
 70
     1
102
RTVSPost2010Prop43
 90
        3
102
RTVSPost2010PropOp43
 70
     1
102
RTVSPost2010Prop44ColorIndex
 90
        5
102
RTVSPost2010Prop44ColorRGB
 90
      255
102
RTVSPost2010PropOp44
 70
     1
102
RTVSPost2010Prop45
280
     0
102
RTVSPost2010PropOp45
 70
     1
102
RTVSPost2010Prop46
 90
       50
102
RTVSPost2010PropOp46
 70
     1
102
RTVSPost2010Prop47
 90
       50
102
RTVSPost2010PropOp47
 70
     1
102
RTVSPost2010Prop48
 90
       50
102
RTVSPost2010PropOp48
 70
     1
102
RTVSPost2010Prop49
280
     0
102
RTVSPost2010PropOp49
 70
     1
102
RTVSPost2010Prop50
 90
       50
102
RTVSPost2010PropOp50
 70
     1
102
RTVSPost2010Prop51ColorIndex
 90
      256
102
RTVSPost2010Prop51ColorRGB
 90
-16777216
102
RTVSPost2010PropOp51
 70
     0
102
RTVSPost2010Prop52
140
1.0
102
RTVSPost2010PropOp52
 70
     0
102
RTVSPost2010Prop53
 90
        2
102
RTVSPost2010PropOp53
 70
     1
102
RTVSPost2010Prop54
  1
strokes_ogs.tif
102
RTVSPost2010PropOp54
 70
     1
102
RTVSPost2010Prop55
280
     0
102
RTVSPost2010PropOp55
 70
     1
102
RTVSPost2010Prop56
140
1.0
102
RTVSPost2010PropOp56
 70
     1
102
RTVSPost2010Prop57
140
1.0
102
RTVSPost2010PropOp57
 70
     1
  0
XRECORD
  5
32A5
102
{ACAD_REACTORS
330
32A4
102
}
330
32A4
100
AcDbXrecord
280
     1
102
RTVSPost2010Prop28
280
     0
102
RTVSPost2010PropOp28
 70
     1
102
RTVSPost2010Prop29
280
     1
102
RTVSPost2010PropOp29
 70
     1
102
RTVSPost2010Prop30
280
     1
102
RTVSPost2010PropOp30
 70
     1
102
RTVSPost2010Prop31
280
     0
102
RTVSPost2010PropOp31
 70
     1
102
RTVSPost2010Prop32
280
     0
102
RTVSPost2010PropOp32
 70
     1
102
RTVSPost2010Prop33
280
     0
102
RTVSPost2010PropOp33
 70
     1
102
RTVSPost2010Prop34
280
     0
102
RTVSPost2010PropOp34
 70
     1
102
RTVSPost2010Prop35
280
     0
102
RTVSPost2010PropOp35
 70
     1
102
RTVSPost2010Prop36
280
     0
102
RTVSPost2010PropOp36
 70
     1
102
RTVSPost2010Prop37
 90
       50
102
RTVSPost2010PropOp37
 70
     1
102
RTVSPost2010Prop38
140
0.0
102
RTVSPost2010PropOp38
 70
     1
102
RTVSPost2010Prop39
140
1.0
102
RTVSPost2010PropOp39
 70
     1
102
RTVSPost2010Prop40
 90
        0
102
RTVSPost2010PropOp40
 70
     1
102
RTVSPost2010Prop41ColorIndex
 90
       18
102
RTVSPost2010Prop41ColorRGB
 90
        0
102
RTVSPost2010PropOp41
 70
     1
102
RTVSPost2010Prop42
 90
       50
102
RTVSPost2010PropOp42
 70
     1
102
RTVSPost2010Prop43
 90
        3
102
RTVSPost2010PropOp43
 70
     1
102
RTVSPost2010Prop44ColorIndex
 90
        5
102
RTVSPost2010Prop44ColorRGB
 90
      255
102
RTVSPost2010PropOp44
 70
     1
102
RTVSPost2010Prop45
280
     0
102
RTVSPost2010PropOp45
 70
     1
102
RTVSPost2010Prop46
 90
       50
102
RTVSPost2010PropOp46
 70
     1
102
RTVSPost2010Prop47
 90
       50
102
RTVSPost2010PropOp47
 70
     1
102
RTVSPost2010Prop48
 90
       50
102
RTVSPost2010PropOp48
 70
     1
102
RTVSPost2010Prop49
280
     0
102
RTVSPost2010PropOp49
 70
     1
102
RTVSPost2010Prop50
 90
       50
102
RTVSPost2010PropOp50
 70
     1
102
RTVSPost2010Prop51ColorIndex
 90
      256
102
RTVSPost2010Prop51ColorRGB
 90
-16777216
102
RTVSPost2010PropOp51
 70
     0
102
RTVSPost2010Prop52
140
1.0
102
RTVSPost2010PropOp52
 70
     0
102
RTVSPost2010Prop53
 90
        2
102
RTVSPost2010PropOp53
 70
     1
102
RTVSPost2010Prop54
  1
strokes_ogs.tif
102
RTVSPost2010PropOp54
 70
     1
102
RTVSPost2010Prop55
280
     0
102
RTVSPost2010PropOp55
 70
     1
102
RTVSPost2010Prop56
140
1.0
102
RTVSPost2010PropOp56
 70
     1
102
RTVSPost2010Prop57
140
1.0
102
RTVSPost2010PropOp57
 70
     1
  0
XRECORD
  5
32A7
102
{ACAD_REACTORS
330
32A6
102
}
330
32A6
100
AcDbXrecord
280
     1
102
RTVSPost2010Prop28
280
     0
102
RTVSPost2010PropOp28
 70
     1
102
RTVSPost2010Prop29
280
     1
102
RTVSPost2010PropOp29
 70
     1
102
RTVSPost2010Prop30
280
     1
102
RTVSPost2010PropOp30
 70
     1
102
RTVSPost2010Prop31
280
     0
102
RTVSPost2010PropOp31
 70
     1
102
RTVSPost2010Prop32
280
     0
102
RTVSPost2010PropOp32
 70
     1
102
RTVSPost2010Prop33
280
     0
102
RTVSPost2010PropOp33
 70
     1
102
RTVSPost2010Prop34
280
     0
102
RTVSPost2010PropOp34
 70
     1
102
RTVSPost2010Prop35
280
     0
102
RTVSPost2010PropOp35
 70
     1
102
RTVSPost2010Prop36
280
     0
102
RTVSPost2010PropOp36
 70
     1
102
RTVSPost2010Prop37
 90
       50
102
RTVSPost2010PropOp37
 70
     1
102
RTVSPost2010Prop38
140
0.0
102
RTVSPost2010PropOp38
 70
     1
102
RTVSPost2010Prop39
140
1.0
102
RTVSPost2010PropOp39
 70
     1
102
RTVSPost2010Prop40
 90
        0
102
RTVSPost2010PropOp40
 70
     1
102
RTVSPost2010Prop41ColorIndex
 90
       18
102
RTVSPost2010Prop41ColorRGB
 90
        0
102
RTVSPost2010PropOp41
 70
     1
102
RTVSPost2010Prop42
 90
       50
102
RTVSPost2010PropOp42
 70
     1
102
RTVSPost2010Prop43
 90
        3
102
RTVSPost2010PropOp43
 70
     1
102
RTVSPost2010Prop44ColorIndex
 90
        5
102
RTVSPost2010Prop44ColorRGB
 90
      255
102
RTVSPost2010PropOp44
 70
     1
102
RTVSPost2010Prop45
280
     0
102
RTVSPost2010PropOp45
 70
     1
102
RTVSPost2010Prop46
 90
       50
102
RTVSPost2010PropOp46
 70
     1
102
RTVSPost2010Prop47
 90
       50
102
RTVSPost2010PropOp47
 70
     1
102
RTVSPost2010Prop48
 90
       50
102
RTVSPost2010PropOp48
 70
     1
102
RTVSPost2010Prop49
280
     0
102
RTVSPost2010PropOp49
 70
     1
102
RTVSPost2010Prop50
 90
       50
102
RTVSPost2010PropOp50
 70
     1
102
RTVSPost2010Prop51ColorIndex
 90
      256
102
RTVSPost2010Prop51ColorRGB
 90
-16777216
102
RTVSPost2010PropOp51
 70
     0
102
RTVSPost2010Prop52
140
1.0
102
RTVSPost2010PropOp52
 70
     0
102
RTVSPost2010Prop53
 90
        2
102
RTVSPost2010PropOp53
 70
     1
102
RTVSPost2010Prop54
  1
strokes_ogs.tif
102
RTVSPost2010PropOp54
 70
     1
102
RTVSPost2010Prop55
280
     0
102
RTVSPost2010PropOp55
 70
     1
102
RTVSPost2010Prop56
140
1.0
102
RTVSPost2010PropOp56
 70
     1
102
RTVSPost2010Prop57
140
1.0
102
RTVSPost2010PropOp57
 70
     1
  0
XRECORD
  5
32A9
102
{ACAD_REACTORS
330
32A8
102
}
330
32A8
100
AcDbXrecord
280
     1
102
RTVSPost2010Prop28
280
     0
102
RTVSPost2010PropOp28
 70
     1
102
RTVSPost2010Prop29
280
     1
102
RTVSPost2010PropOp29
 70
     1
102
RTVSPost2010Prop30
280
     1
102
RTVSPost2010PropOp30
 70
     1
102
RTVSPost2010Prop31
280
     0
102
RTVSPost2010PropOp31
 70
     1
102
RTVSPost2010Prop32
280
     0
102
RTVSPost2010PropOp32
 70
     1
102
RTVSPost2010Prop33
280
     0
102
RTVSPost2010PropOp33
 70
     1
102
RTVSPost2010Prop34
280
     0
102
RTVSPost2010PropOp34
 70
     1
102
RTVSPost2010Prop35
280
     0
102
RTVSPost2010PropOp35
 70
     1
102
RTVSPost2010Prop36
280
     0
102
RTVSPost2010PropOp36
 70
     1
102
RTVSPost2010Prop37
 90
       50
102
RTVSPost2010PropOp37
 70
     1
102
RTVSPost2010Prop38
140
0.0
102
RTVSPost2010PropOp38
 70
     1
102
RTVSPost2010Prop39
140
1.0
102
RTVSPost2010PropOp39
 70
     1
102
RTVSPost2010Prop40
 90
        0
102
RTVSPost2010PropOp40
 70
     1
102
RTVSPost2010Prop41ColorIndex
 90
       18
102
RTVSPost2010Prop41ColorRGB
 90
        0
102
RTVSPost2010PropOp41
 70
     1
102
RTVSPost2010Prop42
 90
       50
102
RTVSPost2010PropOp42
 70
     1
102
RTVSPost2010Prop43
 90
        3
102
RTVSPost2010PropOp43
 70
     1
102
RTVSPost2010Prop44ColorIndex
 90
        5
102
RTVSPost2010Prop44ColorRGB
 90
      255
102
RTVSPost2010PropOp44
 70
     1
102
RTVSPost2010Prop45
280
     0
102
RTVSPost2010PropOp45
 70
     1
102
RTVSPost2010Prop46
 90
       50
102
RTVSPost2010PropOp46
 70
     1
102
RTVSPost2010Prop47
 90
       50
102
RTVSPost2010PropOp47
 70
     1
102
RTVSPost2010Prop48
 90
       50
102
RTVSPost2010PropOp48
 70
     1
102
RTVSPost2010Prop49
280
     0
102
RTVSPost2010PropOp49
 70
     1
102
RTVSPost2010Prop50
 90
       50
102
RTVSPost2010PropOp50
 70
     1
102
RTVSPost2010Prop51ColorIndex
 90
      256
102
RTVSPost2010Prop51ColorRGB
 90
-16777216
102
RTVSPost2010PropOp51
 70
     0
102
RTVSPost2010Prop52
140
1.0
102
RTVSPost2010PropOp52
 70
     0
102
RTVSPost2010Prop53
 90
        2
102
RTVSPost2010PropOp53
 70
     1
102
RTVSPost2010Prop54
  1
strokes_ogs.tif
102
RTVSPost2010PropOp54
 70
     1
102
RTVSPost2010Prop55
280
     0
102
RTVSPost2010PropOp55
 70
     1
102
RTVSPost2010Prop56
140
1.0
102
RTVSPost2010PropOp56
 70
     1
102
RTVSPost2010Prop57
140
1.0
102
RTVSPost2010PropOp57
 70
     1
  0
XRECORD
  5
32B1
102
{ACAD_REACTORS
330
32B0
102
}
330
32B0
100
AcDbXrecord
280
     1
102
RTVSPost2010Prop28
280
     0
102
RTVSPost2010PropOp28
 70
     1
102
RTVSPost2010Prop29
280
     1
102
RTVSPost2010PropOp29
 70
     1
102
RTVSPost2010Prop30
280
     1
102
RTVSPost2010PropOp30
 70
     1
102
RTVSPost2010Prop31
280
     0
102
RTVSPost2010PropOp31
 70
     1
102
RTVSPost2010Prop32
280
     0
102
RTVSPost2010PropOp32
 70
     1
102
RTVSPost2010Prop33
280
     0
102
RTVSPost2010PropOp33
 70
     1
102
RTVSPost2010Prop34
280
     0
102
RTVSPost2010PropOp34
 70
     1
102
RTVSPost2010Prop35
280
     0
102
RTVSPost2010PropOp35
 70
     1
102
RTVSPost2010Prop36
280
     0
102
RTVSPost2010PropOp36
 70
     1
102
RTVSPost2010Prop37
 90
       50
102
RTVSPost2010PropOp37
 70
     1
102
RTVSPost2010Prop38
140
0.0
102
RTVSPost2010PropOp38
 70
     1
102
RTVSPost2010Prop39
140
1.0
102
RTVSPost2010PropOp39
 70
     1
102
RTVSPost2010Prop40
 90
        0
102
RTVSPost2010PropOp40
 70
     1
102
RTVSPost2010Prop41ColorIndex
 90
       18
102
RTVSPost2010Prop41ColorRGB
 90
        0
102
RTVSPost2010PropOp41
 70
     1
102
RTVSPost2010Prop42
 90
       50
102
RTVSPost2010PropOp42
 70
     1
102
RTVSPost2010Prop43
 90
        3
102
RTVSPost2010PropOp43
 70
     1
102
RTVSPost2010Prop44ColorIndex
 90
        5
102
RTVSPost2010Prop44ColorRGB
 90
      255
102
RTVSPost2010PropOp44
 70
     1
102
RTVSPost2010Prop45
280
     0
102
RTVSPost2010PropOp45
 70
     1
102
RTVSPost2010Prop46
 90
       50
102
RTVSPost2010PropOp46
 70
     1
102
RTVSPost2010Prop47
 90
       50
102
RTVSPost2010PropOp47
 70
     1
102
RTVSPost2010Prop48
 90
       50
102
RTVSPost2010PropOp48
 70
     1
102
RTVSPost2010Prop49
280
     0
102
RTVSPost2010PropOp49
 70
     1
102
RTVSPost2010Prop50
 90
       50
102
RTVSPost2010PropOp50
 70
     1
102
RTVSPost2010Prop51ColorIndex
 90
      256
102
RTVSPost2010Prop51ColorRGB
 90
-16777216
102
RTVSPost2010PropOp51
 70
     0
102
RTVSPost2010Prop52
140
1.0
102
RTVSPost2010PropOp52
 70
     0
102
RTVSPost2010Prop53
 90
        2
102
RTVSPost2010PropOp53
 70
     1
102
RTVSPost2010Prop54
  1
strokes_ogs.tif
102
RTVSPost2010PropOp54
 70
     1
102
RTVSPost2010Prop55
280
     0
102
RTVSPost2010PropOp55
 70
     1
102
RTVSPost2010Prop56
140
1.0
102
RTVSPost2010PropOp56
 70
     1
102
RTVSPost2010Prop57
140
1.0
102
RTVSPost2010PropOp57
 70
     1
  0
XRECORD
  5
32C3
102
{ACAD_REACTORS
330
32C2
102
}
330
32C2
100
AcDbXrecord
280
     1
102
RTVSPost2010Prop28
280
     0
102
RTVSPost2010PropOp28
 70
     1
102
RTVSPost2010Prop29
280
     1
102
RTVSPost2010PropOp29
 70
     1
102
RTVSPost2010Prop30
280
     1
102
RTVSPost2010PropOp30
 70
     1
102
RTVSPost2010Prop31
280
     0
102
RTVSPost2010PropOp31
 70
     1
102
RTVSPost2010Prop32
280
     0
102
RTVSPost2010PropOp32
 70
     1
102
RTVSPost2010Prop33
280
     0
102
RTVSPost2010PropOp33
 70
     1
102
RTVSPost2010Prop34
280
     0
102
RTVSPost2010PropOp34
 70
     1
102
RTVSPost2010Prop35
280
     0
102
RTVSPost2010PropOp35
 70
     1
102
RTVSPost2010Prop36
280
     0
102
RTVSPost2010PropOp36
 70
     1
102
RTVSPost2010Prop37
 90
       50
102
RTVSPost2010PropOp37
 70
     1
102
RTVSPost2010Prop38
140
0.0
102
RTVSPost2010PropOp38
 70
     1
102
RTVSPost2010Prop39
140
1.0
102
RTVSPost2010PropOp39
 70
     1
102
RTVSPost2010Prop40
 90
        0
102
RTVSPost2010PropOp40
 70
     1
102
RTVSPost2010Prop41ColorIndex
 90
       18
102
RTVSPost2010Prop41ColorRGB
 90
        0
102
RTVSPost2010PropOp41
 70
     1
102
RTVSPost2010Prop42
 90
       50
102
RTVSPost2010PropOp42
 70
     1
102
RTVSPost2010Prop43
 90
        3
102
RTVSPost2010PropOp43
 70
     1
102
RTVSPost2010Prop44ColorIndex
 90
        5
102
RTVSPost2010Prop44ColorRGB
 90
      255
102
RTVSPost2010PropOp44
 70
     1
102
RTVSPost2010Prop45
280
     0
102
RTVSPost2010PropOp45
 70
     1
102
RTVSPost2010Prop46
 90
       50
102
RTVSPost2010PropOp46
 70
     1
102
RTVSPost2010Prop47
 90
       50
102
RTVSPost2010PropOp47
 70
     1
102
RTVSPost2010Prop48
 90
       50
102
RTVSPost2010PropOp48
 70
     1
102
RTVSPost2010Prop49
280
     0
102
RTVSPost2010PropOp49
 70
     1
102
RTVSPost2010Prop50
 90
       50
102
RTVSPost2010PropOp50
 70
     1
102
RTVSPost2010Prop51ColorIndex
 90
      256
102
RTVSPost2010Prop51ColorRGB
 90
-16777216
102
RTVSPost2010PropOp51
 70
     0
102
RTVSPost2010Prop52
140
1.0
102
RTVSPost2010PropOp52
 70
     0
102
RTVSPost2010Prop53
 90
        2
102
RTVSPost2010PropOp53
 70
     1
102
RTVSPost2010Prop54
  1
strokes_ogs.tif
102
RTVSPost2010PropOp54
 70
     1
102
RTVSPost2010Prop55
280
     0
102
RTVSPost2010PropOp55
 70
     1
102
RTVSPost2010Prop56
140
1.0
102
RTVSPost2010PropOp56
 70
     1
102
RTVSPost2010Prop57
140
1.0
102
RTVSPost2010PropOp57
 70
     1
  0
XRECORD
  5
32BD
102
{ACAD_REACTORS
330
32BC
102
}
330
32BC
100
AcDbXrecord
280
     1
102
RTVSPost2010Prop28
280
     0
102
RTVSPost2010PropOp28
 70
     1
102
RTVSPost2010Prop29
280
     1
102
RTVSPost2010PropOp29
 70
     1
102
RTVSPost2010Prop30
280
     1
102
RTVSPost2010PropOp30
 70
     1
102
RTVSPost2010Prop31
280
     0
102
RTVSPost2010PropOp31
 70
     1
102
RTVSPost2010Prop32
280
     0
102
RTVSPost2010PropOp32
 70
     1
102
RTVSPost2010Prop33
280
     0
102
RTVSPost2010PropOp33
 70
     1
102
RTVSPost2010Prop34
280
     0
102
RTVSPost2010PropOp34
 70
     1
102
RTVSPost2010Prop35
280
     0
102
RTVSPost2010PropOp35
 70
     1
102
RTVSPost2010Prop36
280
     0
102
RTVSPost2010PropOp36
 70
     1
102
RTVSPost2010Prop37
 90
       50
102
RTVSPost2010PropOp37
 70
     1
102
RTVSPost2010Prop38
140
0.0
102
RTVSPost2010PropOp38
 70
     1
102
RTVSPost2010Prop39
140
1.0
102
RTVSPost2010PropOp39
 70
     1
102
RTVSPost2010Prop40
 90
        0
102
RTVSPost2010PropOp40
 70
     1
102
RTVSPost2010Prop41ColorIndex
 90
       18
102
RTVSPost2010Prop41ColorRGB
 90
        0
102
RTVSPost2010PropOp41
 70
     1
102
RTVSPost2010Prop42
 90
       50
102
RTVSPost2010PropOp42
 70
     1
102
RTVSPost2010Prop43
 90
        3
102
RTVSPost2010PropOp43
 70
     1
102
RTVSPost2010Prop44ColorIndex
 90
        5
102
RTVSPost2010Prop44ColorRGB
 90
      255
102
RTVSPost2010PropOp44
 70
     1
102
RTVSPost2010Prop45
280
     0
102
RTVSPost2010PropOp45
 70
     1
102
RTVSPost2010Prop46
 90
       50
102
RTVSPost2010PropOp46
 70
     1
102
RTVSPost2010Prop47
 90
       50
102
RTVSPost2010PropOp47
 70
     1
102
RTVSPost2010Prop48
 90
       50
102
RTVSPost2010PropOp48
 70
     1
102
RTVSPost2010Prop49
280
     0
102
RTVSPost2010PropOp49
 70
     1
102
RTVSPost2010Prop50
 90
       50
102
RTVSPost2010PropOp50
 70
     1
102
RTVSPost2010Prop51ColorIndex
 90
      256
102
RTVSPost2010Prop51ColorRGB
 90
-16777216
102
RTVSPost2010PropOp51
 70
     0
102
RTVSPost2010Prop52
140
1.0
102
RTVSPost2010PropOp52
 70
     0
102
RTVSPost2010Prop53
 90
        2
102
RTVSPost2010PropOp53
 70
     1
102
RTVSPost2010Prop54
  1
strokes_ogs.tif
102
RTVSPost2010PropOp54
 70
     1
102
RTVSPost2010Prop55
280
     0
102
RTVSPost2010PropOp55
 70
     1
102
RTVSPost2010Prop56
140
1.0
102
RTVSPost2010PropOp56
 70
     1
102
RTVSPost2010Prop57
140
1.0
102
RTVSPost2010PropOp57
 70
     1
  0
XRECORD
  5
32C5
102
{ACAD_REACTORS
330
32C4
102
}
330
32C4
100
AcDbXrecord
280
     1
102
RTVSPost2010Prop28
280
     0
102
RTVSPost2010PropOp28
 70
     1
102
RTVSPost2010Prop29
280
     1
102
RTVSPost2010PropOp29
 70
     1
102
RTVSPost2010Prop30
280
     1
102
RTVSPost2010PropOp30
 70
     1
102
RTVSPost2010Prop31
280
     0
102
RTVSPost2010PropOp31
 70
     1
102
RTVSPost2010Prop32
280
     0
102
RTVSPost2010PropOp32
 70
     1
102
RTVSPost2010Prop33
280
     0
102
RTVSPost2010PropOp33
 70
     1
102
RTVSPost2010Prop34
280
     0
102
RTVSPost2010PropOp34
 70
     1
102
RTVSPost2010Prop35
280
     0
102
RTVSPost2010PropOp35
 70
     1
102
RTVSPost2010Prop36
280
     0
102
RTVSPost2010PropOp36
 70
     1
102
RTVSPost2010Prop37
 90
       50
102
RTVSPost2010PropOp37
 70
     1
102
RTVSPost2010Prop38
140
0.0
102
RTVSPost2010PropOp38
 70
     1
102
RTVSPost2010Prop39
140
1.0
102
RTVSPost2010PropOp39
 70
     1
102
RTVSPost2010Prop40
 90
        0
102
RTVSPost2010PropOp40
 70
     1
102
RTVSPost2010Prop41ColorIndex
 90
       18
102
RTVSPost2010Prop41ColorRGB
 90
        0
102
RTVSPost2010PropOp41
 70
     1
102
RTVSPost2010Prop42
 90
       50
102
RTVSPost2010PropOp42
 70
     1
102
RTVSPost2010Prop43
 90
        3
102
RTVSPost2010PropOp43
 70
     1
102
RTVSPost2010Prop44ColorIndex
 90
        5
102
RTVSPost2010Prop44ColorRGB
 90
      255
102
RTVSPost2010PropOp44
 70
     1
102
RTVSPost2010Prop45
280
     0
102
RTVSPost2010PropOp45
 70
     1
102
RTVSPost2010Prop46
 90
       50
102
RTVSPost2010PropOp46
 70
     1
102
RTVSPost2010Prop47
 90
       50
102
RTVSPost2010PropOp47
 70
     1
102
RTVSPost2010Prop48
 90
       50
102
RTVSPost2010PropOp48
 70
     1
102
RTVSPost2010Prop49
280
     0
102
RTVSPost2010PropOp49
 70
     1
102
RTVSPost2010Prop50
 90
       50
102
RTVSPost2010PropOp50
 70
     1
102
RTVSPost2010Prop51ColorIndex
 90
      256
102
RTVSPost2010Prop51ColorRGB
 90
-16777216
102
RTVSPost2010PropOp51
 70
     0
102
RTVSPost2010Prop52
140
1.0
102
RTVSPost2010PropOp52
 70
     0
102
RTVSPost2010Prop53
 90
        2
102
RTVSPost2010PropOp53
 70
     1
102
RTVSPost2010Prop54
  1
strokes_ogs.tif
102
RTVSPost2010PropOp54
 70
     1
102
RTVSPost2010Prop55
280
     0
102
RTVSPost2010PropOp55
 70
     1
102
RTVSPost2010Prop56
140
1.0
102
RTVSPost2010PropOp56
 70
     1
102
RTVSPost2010Prop57
140
1.0
102
RTVSPost2010PropOp57
 70
     1
  0
XRECORD
  5
32B5
102
{ACAD_REACTORS
330
32B4
102
}
330
32B4
100
AcDbXrecord
280
     1
102
RTVSPost2010Prop28
280
     0
102
RTVSPost2010PropOp28
 70
     1
102
RTVSPost2010Prop29
280
     1
102
RTVSPost2010PropOp29
 70
     1
102
RTVSPost2010Prop30
280
     1
102
RTVSPost2010PropOp30
 70
     1
102
RTVSPost2010Prop31
280
     0
102
RTVSPost2010PropOp31
 70
     1
102
RTVSPost2010Prop32
280
     0
102
RTVSPost2010PropOp32
 70
     1
102
RTVSPost2010Prop33
280
     0
102
RTVSPost2010PropOp33
 70
     1
102
RTVSPost2010Prop34
280
     0
102
RTVSPost2010PropOp34
 70
     1
102
RTVSPost2010Prop35
280
     0
102
RTVSPost2010PropOp35
 70
     1
102
RTVSPost2010Prop36
280
     0
102
RTVSPost2010PropOp36
 70
     1
102
RTVSPost2010Prop37
 90
       50
102
RTVSPost2010PropOp37
 70
     1
102
RTVSPost2010Prop38
140
0.0
102
RTVSPost2010PropOp38
 70
     1
102
RTVSPost2010Prop39
140
1.0
102
RTVSPost2010PropOp39
 70
     1
102
RTVSPost2010Prop40
 90
        0
102
RTVSPost2010PropOp40
 70
     1
102
RTVSPost2010Prop41ColorIndex
 90
       18
102
RTVSPost2010Prop41ColorRGB
 90
        0
102
RTVSPost2010PropOp41
 70
     1
102
RTVSPost2010Prop42
 90
       50
102
RTVSPost2010PropOp42
 70
     1
102
RTVSPost2010Prop43
 90
        3
102
RTVSPost2010PropOp43
 70
     1
102
RTVSPost2010Prop44ColorIndex
 90
        5
102
RTVSPost2010Prop44ColorRGB
 90
      255
102
RTVSPost2010PropOp44
 70
     1
102
RTVSPost2010Prop45
280
     0
102
RTVSPost2010PropOp45
 70
     1
102
RTVSPost2010Prop46
 90
       50
102
RTVSPost2010PropOp46
 70
     1
102
RTVSPost2010Prop47
 90
       50
102
RTVSPost2010PropOp47
 70
     1
102
RTVSPost2010Prop48
 90
       50
102
RTVSPost2010PropOp48
 70
     1
102
RTVSPost2010Prop49
280
     0
102
RTVSPost2010PropOp49
 70
     1
102
RTVSPost2010Prop50
 90
       50
102
RTVSPost2010PropOp50
 70
     1
102
RTVSPost2010Prop51ColorIndex
 90
      256
102
RTVSPost2010Prop51ColorRGB
 90
-16777216
102
RTVSPost2010PropOp51
 70
     0
102
RTVSPost2010Prop52
140
1.0
102
RTVSPost2010PropOp52
 70
     0
102
RTVSPost2010Prop53
 90
        2
102
RTVSPost2010PropOp53
 70
     1
102
RTVSPost2010Prop54
  1
strokes_ogs.tif
102
RTVSPost2010PropOp54
 70
     1
102
RTVSPost2010Prop55
280
     0
102
RTVSPost2010PropOp55
 70
     1
102
RTVSPost2010Prop56
140
1.0
102
RTVSPost2010PropOp56
 70
     1
102
RTVSPost2010Prop57
140
1.0
102
RTVSPost2010PropOp57
 70
     1
  0
XRECORD
  5
32D1
102
{ACAD_REACTORS
330
32D0
102
}
330
32D0
100
AcDbXrecord
280
     1
102
RTVSPost2010Prop28
280
     0
102
RTVSPost2010PropOp28
 70
     1
102
RTVSPost2010Prop29
280
     1
102
RTVSPost2010PropOp29
 70
     1
102
RTVSPost2010Prop30
280
     1
102
RTVSPost2010PropOp30
 70
     1
102
RTVSPost2010Prop31
280
     0
102
RTVSPost2010PropOp31
 70
     1
102
RTVSPost2010Prop32
280
     0
102
RTVSPost2010PropOp32
 70
     1
102
RTVSPost2010Prop33
280
     0
102
RTVSPost2010PropOp33
 70
     1
102
RTVSPost2010Prop34
280
     0
102
RTVSPost2010PropOp34
 70
     1
102
RTVSPost2010Prop35
280
     0
102
RTVSPost2010PropOp35
 70
     1
102
RTVSPost2010Prop36
280
     0
102
RTVSPost2010PropOp36
 70
     1
102
RTVSPost2010Prop37
 90
       50
102
RTVSPost2010PropOp37
 70
     1
102
RTVSPost2010Prop38
140
0.0
102
RTVSPost2010PropOp38
 70
     1
102
RTVSPost2010Prop39
140
1.0
102
RTVSPost2010PropOp39
 70
     1
102
RTVSPost2010Prop40
 90
        0
102
RTVSPost2010PropOp40
 70
     1
102
RTVSPost2010Prop41ColorIndex
 90
       18
102
RTVSPost2010Prop41ColorRGB
 90
        0
102
RTVSPost2010PropOp41
 70
     1
102
RTVSPost2010Prop42
 90
       50
102
RTVSPost2010PropOp42
 70
     1
102
RTVSPost2010Prop43
 90
        3
102
RTVSPost2010PropOp43
 70
     1
102
RTVSPost2010Prop44ColorIndex
 90
        5
102
RTVSPost2010Prop44ColorRGB
 90
      255
102
RTVSPost2010PropOp44
 70
     1
102
RTVSPost2010Prop45
280
     0
102
RTVSPost2010PropOp45
 70
     1
102
RTVSPost2010Prop46
 90
       50
102
RTVSPost2010PropOp46
 70
     1
102
RTVSPost2010Prop47
 90
       50
102
RTVSPost2010PropOp47
 70
     1
102
RTVSPost2010Prop48
 90
       50
102
RTVSPost2010PropOp48
 70
     1
102
RTVSPost2010Prop49
280
     0
102
RTVSPost2010PropOp49
 70
     1
102
RTVSPost2010Prop50
 90
       50
102
RTVSPost2010PropOp50
 70
     1
102
RTVSPost2010Prop51ColorIndex
 90
      256
102
RTVSPost2010Prop51ColorRGB
 90
-16777216
102
RTVSPost2010PropOp51
 70
     0
102
RTVSPost2010Prop52
140
1.0
102
RTVSPost2010PropOp52
 70
     0
102
RTVSPost2010Prop53
 90
        2
102
RTVSPost2010PropOp53
 70
     1
102
RTVSPost2010Prop54
  1
strokes_ogs.tif
102
RTVSPost2010PropOp54
 70
     1
102
RTVSPost2010Prop55
280
     0
102
RTVSPost2010PropOp55
 70
     1
102
RTVSPost2010Prop56
140
1.0
102
RTVSPost2010PropOp56
 70
     1
102
RTVSPost2010Prop57
140
1.0
102
RTVSPost2010PropOp57
 70
     1
  0
XRECORD
  5
32CF
102
{ACAD_REACTORS
330
32CE
102
}
330
32CE
100
AcDbXrecord
280
     1
102
RTVSPost2010Prop28
280
     0
102
RTVSPost2010PropOp28
 70
     1
102
RTVSPost2010Prop29
280
     1
102
RTVSPost2010PropOp29
 70
     1
102
RTVSPost2010Prop30
280
     1
102
RTVSPost2010PropOp30
 70
     1
102
RTVSPost2010Prop31
280
     0
102
RTVSPost2010PropOp31
 70
     1
102
RTVSPost2010Prop32
280
     0
102
RTVSPost2010PropOp32
 70
     1
102
RTVSPost2010Prop33
280
     0
102
RTVSPost2010PropOp33
 70
     1
102
RTVSPost2010Prop34
280
     0
102
RTVSPost2010PropOp34
 70
     1
102
RTVSPost2010Prop35
280
     0
102
RTVSPost2010PropOp35
 70
     1
102
RTVSPost2010Prop36
280
     0
102
RTVSPost2010PropOp36
 70
     1
102
RTVSPost2010Prop37
 90
       50
102
RTVSPost2010PropOp37
 70
     1
102
RTVSPost2010Prop38
140
0.0
102
RTVSPost2010PropOp38
 70
     1
102
RTVSPost2010Prop39
140
1.0
102
RTVSPost2010PropOp39
 70
     1
102
RTVSPost2010Prop40
 90
        0
102
RTVSPost2010PropOp40
 70
     1
102
RTVSPost2010Prop41ColorIndex
 90
       18
102
RTVSPost2010Prop41ColorRGB
 90
        0
102
RTVSPost2010PropOp41
 70
     1
102
RTVSPost2010Prop42
 90
       50
102
RTVSPost2010PropOp42
 70
     1
102
RTVSPost2010Prop43
 90
        3
102
RTVSPost2010PropOp43
 70
     1
102
RTVSPost2010Prop44ColorIndex
 90
        5
102
RTVSPost2010Prop44ColorRGB
 90
      255
102
RTVSPost2010PropOp44
 70
     1
102
RTVSPost2010Prop45
280
     0
102
RTVSPost2010PropOp45
 70
     1
102
RTVSPost2010Prop46
 90
       50
102
RTVSPost2010PropOp46
 70
     1
102
RTVSPost2010Prop47
 90
       50
102
RTVSPost2010PropOp47
 70
     1
102
RTVSPost2010Prop48
 90
       50
102
RTVSPost2010PropOp48
 70
     1
102
RTVSPost2010Prop49
280
     0
102
RTVSPost2010PropOp49
 70
     1
102
RTVSPost2010Prop50
 90
       50
102
RTVSPost2010PropOp50
 70
     1
102
RTVSPost2010Prop51ColorIndex
 90
      256
102
RTVSPost2010Prop51ColorRGB
 90
-16777216
102
RTVSPost2010PropOp51
 70
     0
102
RTVSPost2010Prop52
140
1.0
102
RTVSPost2010PropOp52
 70
     0
102
RTVSPost2010Prop53
 90
        2
102
RTVSPost2010PropOp53
 70
     1
102
RTVSPost2010Prop54
  1
strokes_ogs.tif
102
RTVSPost2010PropOp54
 70
     1
102
RTVSPost2010Prop55
280
     0
102
RTVSPost2010PropOp55
 70
     1
102
RTVSPost2010Prop56
140
1.0
102
RTVSPost2010PropOp56
 70
     1
102
RTVSPost2010Prop57
140
1.0
102
RTVSPost2010PropOp57
 70
     1
  0
XRECORD
  5
32C9
102
{ACAD_REACTORS
330
32C8
102
}
330
32C8
100
AcDbXrecord
280
     1
102
RTVSPost2010Prop28
280
     0
102
RTVSPost2010PropOp28
 70
     1
102
RTVSPost2010Prop29
280
     1
102
RTVSPost2010PropOp29
 70
     1
102
RTVSPost2010Prop30
280
     1
102
RTVSPost2010PropOp30
 70
     1
102
RTVSPost2010Prop31
280
     0
102
RTVSPost2010PropOp31
 70
     1
102
RTVSPost2010Prop32
280
     0
102
RTVSPost2010PropOp32
 70
     1
102
RTVSPost2010Prop33
280
     0
102
RTVSPost2010PropOp33
 70
     1
102
RTVSPost2010Prop34
280
     0
102
RTVSPost2010PropOp34
 70
     1
102
RTVSPost2010Prop35
280
     0
102
RTVSPost2010PropOp35
 70
     1
102
RTVSPost2010Prop36
280
     0
102
RTVSPost2010PropOp36
 70
     1
102
RTVSPost2010Prop37
 90
       50
102
RTVSPost2010PropOp37
 70
     1
102
RTVSPost2010Prop38
140
0.0
102
RTVSPost2010PropOp38
 70
     1
102
RTVSPost2010Prop39
140
1.0
102
RTVSPost2010PropOp39
 70
     1
102
RTVSPost2010Prop40
 90
        0
102
RTVSPost2010PropOp40
 70
     1
102
RTVSPost2010Prop41ColorIndex
 90
       18
102
RTVSPost2010Prop41ColorRGB
 90
        0
102
RTVSPost2010PropOp41
 70
     1
102
RTVSPost2010Prop42
 90
       50
102
RTVSPost2010PropOp42
 70
     1
102
RTVSPost2010Prop43
 90
        3
102
RTVSPost2010PropOp43
 70
     1
102
RTVSPost2010Prop44ColorIndex
 90
        5
102
RTVSPost2010Prop44ColorRGB
 90
      255
102
RTVSPost2010PropOp44
 70
     1
102
RTVSPost2010Prop45
280
     0
102
RTVSPost2010PropOp45
 70
     1
102
RTVSPost2010Prop46
 90
       50
102
RTVSPost2010PropOp46
 70
     1
102
RTVSPost2010Prop47
 90
       50
102
RTVSPost2010PropOp47
 70
     1
102
RTVSPost2010Prop48
 90
       50
102
RTVSPost2010PropOp48
 70
     1
102
RTVSPost2010Prop49
280
     0
102
RTVSPost2010PropOp49
 70
     1
102
RTVSPost2010Prop50
 90
       50
102
RTVSPost2010PropOp50
 70
     1
102
RTVSPost2010Prop51ColorIndex
 90
      256
102
RTVSPost2010Prop51ColorRGB
 90
-16777216
102
RTVSPost2010PropOp51
 70
     0
102
RTVSPost2010Prop52
140
1.0
102
RTVSPost2010PropOp52
 70
     0
102
RTVSPost2010Prop53
 90
        2
102
RTVSPost2010PropOp53
 70
     1
102
RTVSPost2010Prop54
  1
strokes_ogs.tif
102
RTVSPost2010PropOp54
 70
     1
102
RTVSPost2010Prop55
280
     0
102
RTVSPost2010PropOp55
 70
     1
102
RTVSPost2010Prop56
140
1.0
102
RTVSPost2010PropOp56
 70
     1
102
RTVSPost2010Prop57
140
1.0
102
RTVSPost2010PropOp57
 70
     1
  0
XRECORD
  5
32CB
102
{ACAD_REACTORS
330
32CA
102
}
330
32CA
100
AcDbXrecord
280
     1
102
RTVSPost2010Prop28
280
     0
102
RTVSPost2010PropOp28
 70
     1
102
RTVSPost2010Prop29
280
     1
102
RTVSPost2010PropOp29
 70
     1
102
RTVSPost2010Prop30
280
     1
102
RTVSPost2010PropOp30
 70
     1
102
RTVSPost2010Prop31
280
     0
102
RTVSPost2010PropOp31
 70
     1
102
RTVSPost2010Prop32
280
     0
102
RTVSPost2010PropOp32
 70
     1
102
RTVSPost2010Prop33
280
     0
102
RTVSPost2010PropOp33
 70
     1
102
RTVSPost2010Prop34
280
     0
102
RTVSPost2010PropOp34
 70
     1
102
RTVSPost2010Prop35
280
     0
102
RTVSPost2010PropOp35
 70
     1
102
RTVSPost2010Prop36
280
     0
102
RTVSPost2010PropOp36
 70
     1
102
RTVSPost2010Prop37
 90
       50
102
RTVSPost2010PropOp37
 70
     1
102
RTVSPost2010Prop38
140
0.0
102
RTVSPost2010PropOp38
 70
     1
102
RTVSPost2010Prop39
140
1.0
102
RTVSPost2010PropOp39
 70
     1
102
RTVSPost2010Prop40
 90
        0
102
RTVSPost2010PropOp40
 70
     1
102
RTVSPost2010Prop41ColorIndex
 90
       18
102
RTVSPost2010Prop41ColorRGB
 90
        0
102
RTVSPost2010PropOp41
 70
     1
102
RTVSPost2010Prop42
 90
       50
102
RTVSPost2010PropOp42
 70
     1
102
RTVSPost2010Prop43
 90
        3
102
RTVSPost2010PropOp43
 70
     1
102
RTVSPost2010Prop44ColorIndex
 90
        5
102
RTVSPost2010Prop44ColorRGB
 90
      255
102
RTVSPost2010PropOp44
 70
     1
102
RTVSPost2010Prop45
280
     0
102
RTVSPost2010PropOp45
 70
     1
102
RTVSPost2010Prop46
 90
       50
102
RTVSPost2010PropOp46
 70
     1
102
RTVSPost2010Prop47
 90
       50
102
RTVSPost2010PropOp47
 70
     1
102
RTVSPost2010Prop48
 90
       50
102
RTVSPost2010PropOp48
 70
     1
102
RTVSPost2010Prop49
280
     0
102
RTVSPost2010PropOp49
 70
     1
102
RTVSPost2010Prop50
 90
       50
102
RTVSPost2010PropOp50
 70
     1
102
RTVSPost2010Prop51ColorIndex
 90
      256
102
RTVSPost2010Prop51ColorRGB
 90
-16777216
102
RTVSPost2010PropOp51
 70
     0
102
RTVSPost2010Prop52
140
1.0
102
RTVSPost2010PropOp52
 70
     0
102
RTVSPost2010Prop53
 90
        2
102
RTVSPost2010PropOp53
 70
     1
102
RTVSPost2010Prop54
  1
strokes_ogs.tif
102
RTVSPost2010PropOp54
 70
     1
102
RTVSPost2010Prop55
280
     0
102
RTVSPost2010PropOp55
 70
     1
102
RTVSPost2010Prop56
140
1.0
102
RTVSPost2010PropOp56
 70
     1
102
RTVSPost2010Prop57
140
1.0
102
RTVSPost2010PropOp57
 70
     1
  0
XRECORD
  5
32BB
102
{ACAD_REACTORS
330
32BA
102
}
330
32BA
100
AcDbXrecord
280
     1
102
RTVSPost2010Prop28
280
     0
102
RTVSPost2010PropOp28
 70
     1
102
RTVSPost2010Prop29
280
     1
102
RTVSPost2010PropOp29
 70
     1
102
RTVSPost2010Prop30
280
     1
102
RTVSPost2010PropOp30
 70
     1
102
RTVSPost2010Prop31
280
     0
102
RTVSPost2010PropOp31
 70
     1
102
RTVSPost2010Prop32
280
     0
102
RTVSPost2010PropOp32
 70
     1
102
RTVSPost2010Prop33
280
     0
102
RTVSPost2010PropOp33
 70
     1
102
RTVSPost2010Prop34
280
     0
102
RTVSPost2010PropOp34
 70
     1
102
RTVSPost2010Prop35
280
     0
102
RTVSPost2010PropOp35
 70
     1
102
RTVSPost2010Prop36
280
     0
102
RTVSPost2010PropOp36
 70
     1
102
RTVSPost2010Prop37
 90
       50
102
RTVSPost2010PropOp37
 70
     1
102
RTVSPost2010Prop38
140
0.0
102
RTVSPost2010PropOp38
 70
     1
102
RTVSPost2010Prop39
140
1.0
102
RTVSPost2010PropOp39
 70
     1
102
RTVSPost2010Prop40
 90
        0
102
RTVSPost2010PropOp40
 70
     1
102
RTVSPost2010Prop41ColorIndex
 90
       18
102
RTVSPost2010Prop41ColorRGB
 90
        0
102
RTVSPost2010PropOp41
 70
     1
102
RTVSPost2010Prop42
 90
       50
102
RTVSPost2010PropOp42
 70
     1
102
RTVSPost2010Prop43
 90
        3
102
RTVSPost2010PropOp43
 70
     1
102
RTVSPost2010Prop44ColorIndex
 90
        5
102
RTVSPost2010Prop44ColorRGB
 90
      255
102
RTVSPost2010PropOp44
 70
     1
102
RTVSPost2010Prop45
280
     0
102
RTVSPost2010PropOp45
 70
     1
102
RTVSPost2010Prop46
 90
       50
102
RTVSPost2010PropOp46
 70
     1
102
RTVSPost2010Prop47
 90
       50
102
RTVSPost2010PropOp47
 70
     1
102
RTVSPost2010Prop48
 90
       50
102
RTVSPost2010PropOp48
 70
     1
102
RTVSPost2010Prop49
280
     0
102
RTVSPost2010PropOp49
 70
     1
102
RTVSPost2010Prop50
 90
       50
102
RTVSPost2010PropOp50
 70
     1
102
RTVSPost2010Prop51ColorIndex
 90
      256
102
RTVSPost2010Prop51ColorRGB
 90
-16777216
102
RTVSPost2010PropOp51
 70
     0
102
RTVSPost2010Prop52
140
1.0
102
RTVSPost2010PropOp52
 70
     0
102
RTVSPost2010Prop53
 90
        2
102
RTVSPost2010PropOp53
 70
     1
102
RTVSPost2010Prop54
  1
strokes_ogs.tif
102
RTVSPost2010PropOp54
 70
     1
102
RTVSPost2010Prop55
280
     0
102
RTVSPost2010PropOp55
 70
     1
102
RTVSPost2010Prop56
140
1.0
102
RTVSPost2010PropOp56
 70
     1
102
RTVSPost2010Prop57
140
1.0
102
RTVSPost2010PropOp57
 70
     1
  0
XRECORD
  5
32AF
102
{ACAD_REACTORS
330
32AE
102
}
330
32AE
100
AcDbXrecord
280
     1
102
RTVSPost2010Prop28
280
     0
102
RTVSPost2010PropOp28
 70
     1
102
RTVSPost2010Prop29
280
     1
102
RTVSPost2010PropOp29
 70
     1
102
RTVSPost2010Prop30
280
     1
102
RTVSPost2010PropOp30
 70
     1
102
RTVSPost2010Prop31
280
     0
102
RTVSPost2010PropOp31
 70
     1
102
RTVSPost2010Prop32
280
     0
102
RTVSPost2010PropOp32
 70
     1
102
RTVSPost2010Prop33
280
     0
102
RTVSPost2010PropOp33
 70
     1
102
RTVSPost2010Prop34
280
     0
102
RTVSPost2010PropOp34
 70
     1
102
RTVSPost2010Prop35
280
     0
102
RTVSPost2010PropOp35
 70
     1
102
RTVSPost2010Prop36
280
     0
102
RTVSPost2010PropOp36
 70
     1
102
RTVSPost2010Prop37
 90
       50
102
RTVSPost2010PropOp37
 70
     1
102
RTVSPost2010Prop38
140
0.0
102
RTVSPost2010PropOp38
 70
     1
102
RTVSPost2010Prop39
140
1.0
102
RTVSPost2010PropOp39
 70
     1
102
RTVSPost2010Prop40
 90
        0
102
RTVSPost2010PropOp40
 70
     1
102
RTVSPost2010Prop41ColorIndex
 90
       18
102
RTVSPost2010Prop41ColorRGB
 90
        0
102
RTVSPost2010PropOp41
 70
     1
102
RTVSPost2010Prop42
 90
       50
102
RTVSPost2010PropOp42
 70
     1
102
RTVSPost2010Prop43
 90
        3
102
RTVSPost2010PropOp43
 70
     1
102
RTVSPost2010Prop44ColorIndex
 90
        5
102
RTVSPost2010Prop44ColorRGB
 90
      255
102
RTVSPost2010PropOp44
 70
     1
102
RTVSPost2010Prop45
280
     0
102
RTVSPost2010PropOp45
 70
     1
102
RTVSPost2010Prop46
 90
       50
102
RTVSPost2010PropOp46
 70
     1
102
RTVSPost2010Prop47
 90
       50
102
RTVSPost2010PropOp47
 70
     1
102
RTVSPost2010Prop48
 90
       50
102
RTVSPost2010PropOp48
 70
     1
102
RTVSPost2010Prop49
280
     0
102
RTVSPost2010PropOp49
 70
     1
102
RTVSPost2010Prop50
 90
       50
102
RTVSPost2010PropOp50
 70
     1
102
RTVSPost2010Prop51ColorIndex
 90
      256
102
RTVSPost2010Prop51ColorRGB
 90
-16777216
102
RTVSPost2010PropOp51
 70
     0
102
RTVSPost2010Prop52
140
1.0
102
RTVSPost2010PropOp52
 70
     0
102
RTVSPost2010Prop53
 90
        2
102
RTVSPost2010PropOp53
 70
     1
102
RTVSPost2010Prop54
  1
strokes_ogs.tif
102
RTVSPost2010PropOp54
 70
     1
102
RTVSPost2010Prop55
280
     0
102
RTVSPost2010PropOp55
 70
     1
102
RTVSPost2010Prop56
140
1.0
102
RTVSPost2010PropOp56
 70
     1
102
RTVSPost2010Prop57
140
1.0
102
RTVSPost2010PropOp57
 70
     1
  0
XRECORD
  5
32CD
102
{ACAD_REACTORS
330
32CC
102
}
330
32CC
100
AcDbXrecord
280
     1
102
RTVSPost2010Prop28
280
     0
102
RTVSPost2010PropOp28
 70
     1
102
RTVSPost2010Prop29
280
     1
102
RTVSPost2010PropOp29
 70
     1
102
RTVSPost2010Prop30
280
     1
102
RTVSPost2010PropOp30
 70
     1
102
RTVSPost2010Prop31
280
     0
102
RTVSPost2010PropOp31
 70
     1
102
RTVSPost2010Prop32
280
     0
102
RTVSPost2010PropOp32
 70
     1
102
RTVSPost2010Prop33
280
     0
102
RTVSPost2010PropOp33
 70
     1
102
RTVSPost2010Prop34
280
     0
102
RTVSPost2010PropOp34
 70
     1
102
RTVSPost2010Prop35
280
     0
102
RTVSPost2010PropOp35
 70
     1
102
RTVSPost2010Prop36
280
     0
102
RTVSPost2010PropOp36
 70
     1
102
RTVSPost2010Prop37
 90
       50
102
RTVSPost2010PropOp37
 70
     1
102
RTVSPost2010Prop38
140
0.0
102
RTVSPost2010PropOp38
 70
     1
102
RTVSPost2010Prop39
140
1.0
102
RTVSPost2010PropOp39
 70
     1
102
RTVSPost2010Prop40
 90
        0
102
RTVSPost2010PropOp40
 70
     1
102
RTVSPost2010Prop41ColorIndex
 90
       18
102
RTVSPost2010Prop41ColorRGB
 90
        0
102
RTVSPost2010PropOp41
 70
     1
102
RTVSPost2010Prop42
 90
       50
102
RTVSPost2010PropOp42
 70
     1
102
RTVSPost2010Prop43
 90
        3
102
RTVSPost2010PropOp43
 70
     1
102
RTVSPost2010Prop44ColorIndex
 90
        5
102
RTVSPost2010Prop44ColorRGB
 90
      255
102
RTVSPost2010PropOp44
 70
     1
102
RTVSPost2010Prop45
280
     0
102
RTVSPost2010PropOp45
 70
     1
102
RTVSPost2010Prop46
 90
       50
102
RTVSPost2010PropOp46
 70
     1
102
RTVSPost2010Prop47
 90
       50
102
RTVSPost2010PropOp47
 70
     1
102
RTVSPost2010Prop48
 90
       50
102
RTVSPost2010PropOp48
 70
     1
102
RTVSPost2010Prop49
280
     0
102
RTVSPost2010PropOp49
 70
     1
102
RTVSPost2010Prop50
 90
       50
102
RTVSPost2010PropOp50
 70
     1
102
RTVSPost2010Prop51ColorIndex
 90
      256
102
RTVSPost2010Prop51ColorRGB
 90
-16777216
102
RTVSPost2010PropOp51
 70
     0
102
RTVSPost2010Prop52
140
1.0
102
RTVSPost2010PropOp52
 70
     0
102
RTVSPost2010Prop53
 90
        2
102
RTVSPost2010PropOp53
 70
     1
102
RTVSPost2010Prop54
  1
strokes_ogs.tif
102
RTVSPost2010PropOp54
 70
     1
102
RTVSPost2010Prop55
280
     0
102
RTVSPost2010PropOp55
 70
     1
102
RTVSPost2010Prop56
140
1.0
102
RTVSPost2010PropOp56
 70
     1
102
RTVSPost2010Prop57
140
1.0
102
RTVSPost2010PropOp57
 70
     1
  0
XRECORD
  5
2C6
102
{ACAD_REACTORS
330
2C5
102
}
330
2C5
100
AcDbXrecord
280
     1
1071
 18597260
1071
 25303744
 70
    33
 70
     1
 10
0.0
 20
0.0
 30
0.0
 10
50516.8790808666
 20
0.0
 30
0.0
 10
0.0
 20
0.0
 30
-1.0
  0
XRECORD
  5
2C7
102
{ACAD_REACTORS
330
2C5
102
}
330
2C5
100
AcDbXrecord
280
     1
1071
  6895636
1071
  9291323
 70
    33
 70
     1
 40
0.0
  0
ENDSEC
  0
EOF
