  0
SECTION
  2
HEADER
  9
$ACADVER
  1
AC1024
  9
$ACADMAINTVER
 70
     6
  9
$DWGCODEPAGE
  3
ANSI_1252
  9
$LASTSAVEDBY
  1
Gean.batista
  9
$INSBASE
 10
0.0
 20
0.0
 30
0.0
  9
$EXTMIN
 10
1771.680286172248
 20
1024.724662827281
 30
0.0
  9
$EXTMAX
 10
2959.878862334919
 20
1861.689755932992
 30
0.0
  9
$LIMMIN
 10
0.0
 20
0.0
  9
$LIMMAX
 10
420.0
 20
297.0
  9
$ORTHOMODE
 70
     0
  9
$REGENMODE
 70
     1
  9
$FILLMODE
 70
     1
  9
$QTEXTMODE
 70
     0
  9
$MIRRTEXT
 70
     0
  9
$LTSCALE
 40
1.0
  9
$ATTMODE
 70
     1
  9
$TEXTSIZE
 40
2.5
  9
$TRACEWID
 40
1.0
  9
$TEXTSTYLE
  7
Standard
  9
$CLAYER
  8
0
  9
$CELTYPE
  6
ByLayer
  9
$CECOLOR
 62
   256
  9
$CELTSCALE
 40
1.0
  9
$DISPSILH
 70
     0
  9
$DIMSCALE
 40
1.0
  9
$DIMASZ
 40
2.5
  9
$DIMEXO
 40
0.625
  9
$DIMDLI
 40
3.75
  9
$DIMRND
 40
0.0
  9
$DIMDLE
 40
0.0
  9
$DIMEXE
 40
1.25
  9
$DIMTP
 40
0.0
  9
$DIMTM
 40
0.0
  9
$DIMTXT
 40
2.5
  9
$DIMCEN
 40
2.5
  9
$DIMTSZ
 40
0.0
  9
$DIMTOL
 70
     0
  9
$DIMLIM
 70
     0
  9
$DIMTIH
 70
     0
  9
$DIMTOH
 70
     0
  9
$DIMSE1
 70
     0
  9
$DIMSE2
 70
     0
  9
$DIMTAD
 70
     1
  9
$DIMZIN
 70
     8
  9
$DIMTOFFSET
 70
     1
  9
$DIMBLK
  1

  9
$DIMASO
 70
     1
  9
$DIMSHO
 70
     1
  9
$DIMPOST
  1

  9
$DIMAPOST
  1

  9
$DIMALT
 70
     0
  9
$DIMALTD
 70
     3
  9
$DIMALTF
 40
0.03937007874016
  9
$DIMLFAC
 40
1.0
  9
$DIMTOFL
 70
     1
  9
$DIMTVP
 40
0.0
  9
$DIMTIX
 70
     0
  9
$DIMSOXD
 70
     0
  9
$DIMSAH
 70
     0
  9
$DIMBLK1
  1

  9
$DIMBLK2
  1

  9
$DIMSTYLE
  2
ISO-25
  9
$DIMCLRD
 70
     0
  9
$DIMCLRE
 70
     0
  9
$DIMCLRT
 70
     0
  9
$DIMTFAC
 40
1.0
  9
$DIMGAP
 40
0.625
  9
$DIMJUST
 70
     0
  9
$DIMSD1
 70
     0
  9
$DIMSD2
 70
     0
  9
$DIMTOLJ
 70
     0
  9
$DIMTZIN
 70
     8
  9
$DIMALTZ
 70
     0
  9
$DIMALTTZ
 70
     0
  9
$DIMUPT
 70
     0
  9
$DIMDEC
 70
     2
  9
$DIMTDEC
 70
     2
  9
$DIMALTU
 70
     2
  9
$DIMALTTD
 70
     3
  9
$DIMTXSTY
  7
Standard
  9
$DIMAUNIT
 70
     0
  9
$DIMADEC
 70
     0
  9
$DIMALTRND
 40
0.0
  9
$DIMAZIN
 70
     0
  9
$DIMDSEP
 70
    44
  9
$DIMATFIT
 70
     3
  9
$DIMFRAC
 70
     0
  9
$DIMLDRBLK
  1

  9
$DIMLUNIT
 70
     2
  9
$DIMLWD
 70
    -2
  9
$DIMLWE
 70
    -2
  9
$DIMTMOVE
 70
     0
  9
$DIMFXL
 40
1.0
  9
$DIMFXLON
 70
     0
  9
$DIMJOGANG
 40
0.7853981633974483
  9
$DIMTFILL
 70
     0
  9
$DIMTFILLCLR
 70
     0
  9
$DIMARCSYM
 70
     0
  9
$DIMLTYPE
  6

  9
$DIMLTEX1
  6

  9
$DIMLTEX2
  6

  9
$DIMTXTDIRECTION
 70
     0
  9
$LUNITS
 70
     2
  9
$LUPREC
 70
     4
  9
$SKETCHINC
 40
1.0
  9
$FILLETRAD
 40
0.0
  9
$AUNITS
 70
     0
  9
$AUPREC
 70
     0
  9
$MENU
  1
.
  9
$ELEVATION
 40
0.0
  9
$PELEVATION
 40
0.0
  9
$THICKNESS
 40
0.0
  9
$LIMCHECK
 70
     0
  9
$CHAMFERA
 40
0.0
  9
$CHAMFERB
 40
0.0
  9
$CHAMFERC
 40
0.0
  9
$CHAMFERD
 40
0.0
  9
$SKPOLY
 70
     0
  9
$TDCREATE
 40
2461323.302227905
  9
$TDUCREATE
 40
2461323.427227905
  9
$TDUPDATE
 40
2461323.302886019
  9
$TDUUPDATE
 40
2461323.427886019
  9
$TDINDWG
 40
0.0006582292
  9
$TDUSRTIMER
 40
0.0006582292
  9
$USRTIMER
 70
     1
  9
$ANGBASE
 50
0.0
  9
$ANGDIR
 70
     0
  9
$PDMODE
 70
     0
  9
$PDSIZE
 40
0.0
  9
$PLINEWID
 40
0.0
  9
$SPLFRAME
 70
     0
  9
$SPLINETYPE
 70
     6
  9
$SPLINESEGS
 70
     8
  9
$HANDSEED
  5
863
  9
$SURFTAB1
 70
     6
  9
$SURFTAB2
 70
     6
  9
$SURFTYPE
 70
     6
  9
$SURFU
 70
     6
  9
$SURFV
 70
     6
  9
$UCSBASE
  2

  9
$UCSNAME
  2

  9
$UCSORG
 10
0.0
 20
0.0
 30
0.0
  9
$UCSXDIR
 10
1.0
 20
0.0
 30
0.0
  9
$UCSYDIR
 10
0.0
 20
1.0
 30
0.0
  9
$UCSORTHOREF
  2

  9
$UCSORTHOVIEW
 70
     0
  9
$UCSORGTOP
 10
0.0
 20
0.0
 30
0.0
  9
$UCSORGBOTTOM
 10
0.0
 20
0.0
 30
0.0
  9
$UCSORGLEFT
 10
0.0
 20
0.0
 30
0.0
  9
$UCSORGRIGHT
 10
0.0
 20
0.0
 30
0.0
  9
$UCSORGFRONT
 10
0.0
 20
0.0
 30
0.0
  9
$UCSORGBACK
 10
0.0
 20
0.0
 30
0.0
  9
$PUCSBASE
  2

  9
$PUCSNAME
  2

  9
$PUCSORG
 10
0.0
 20
0.0
 30
0.0
  9
$PUCSXDIR
 10
1.0
 20
0.0
 30
0.0
  9
$PUCSYDIR
 10
0.0
 20
1.0
 30
0.0
  9
$PUCSORTHOREF
  2

  9
$PUCSORTHOVIEW
 70
     0
  9
$PUCSORGTOP
 10
0.0
 20
0.0
 30
0.0
  9
$PUCSORGBOTTOM
 10
0.0
 20
0.0
 30
0.0
  9
$PUCSORGLEFT
 10
0.0
 20
0.0
 30
0.0
  9
$PUCSORGRIGHT
 10
0.0
 20
0.0
 30
0.0
  9
$PUCSORGFRONT
 10
0.0
 20
0.0
 30
0.0
  9
$PUCSORGBACK
 10
0.0
 20
0.0
 30
0.0
  9
$USERI1
 70
     0
  9
$USERI2
 70
     0
  9
$USERI3
 70
     0
  9
$USERI4
 70
     0
  9
$USERI5
 70
     0
  9
$USERR1
 40
0.0
  9
$USERR2
 40
0.0
  9
$USERR3
 40
0.0
  9
$USERR4
 40
0.0
  9
$USERR5
 40
0.0
  9
$WORLDVIEW
 70
     1
  9
$SHADEDGE
 70
     3
  9
$SHADEDIF
 70
    70
  9
$TILEMODE
 70
     1
  9
$MAXACTVP
 70
    64
  9
$PINSBASE
 10
0.0
 20
0.0
 30
0.0
  9
$PLIMCHECK
 70
     0
  9
$PEXTMIN
 10
-18.45105297297232
 20
-10.13119783783623
 30
0.0
  9
$PEXTMAX
 10
1169.747523189699
 20
826.833895267875
 30
0.0
  9
$PLIMMIN
 10
-20.0
 20
-7.5
  9
$PLIMMAX
 10
277.0
 20
202.5
  9
$UNITMODE
 70
     0
  9
$VISRETAIN
 70
     1
  9
$PLINEGEN
 70
     0
  9
$PSLTSCALE
 70
     1
  9
$TREEDEPTH
 70
  3020
  9
$CMLSTYLE
  2
Standard
  9
$CMLJUST
 70
     0
  9
$CMLSCALE
 40
20.0
  9
$PROXYGRAPHICS
 70
     1
  9
$MEASUREMENT
 70
     1
  9
$CELWEIGHT
370
    -1
  9
$ENDCAPS
280
     0
  9
$JOINSTYLE
280
     0
  9
$LWDISPLAY
290
     0
  9
$INSUNITS
 70
     4
  9
$HYPERLINKBASE
  1

  9
$STYLESHEET
  1

  9
$XEDIT
290
     1
  9
$CEPSNTYPE
380
     0
  9
$PSTYLEMODE
290
     1
  9
$FINGERPRINTGUID
  2
{D36A17C0-B4E2-4527-8874-81943F1C34AC}
  9
$VERSIONGUID
  2
{265A5473-D45D-4B1C-ABB7-7FF2E3BD06BB}
  9
$EXTNAMES
290
     1
  9
$PSVPSCALE
 40
0.0
  9
$OLESTARTUP
290
     0
  9
$SORTENTS
280
   127
  9
$INDEXCTL
280
     0
  9
$HIDETEXT
280
     1
  9
$XCLIPFRAME
280
     2
  9
$HALOGAP
280
     0
  9
$OBSCOLOR
 70
   257
  9
$OBSLTYPE
280
     0
  9
$INTERSECTIONDISPLAY
280
     0
  9
$INTERSECTIONCOLOR
 70
   257
  9
$DIMASSOC
280
     2
  9
$PROJECTNAME
  1

  9
$CAMERADISPLAY
290
     0
  9
$LENSLENGTH
 40
50.0
  9
$CAMERAHEIGHT
 40
0.0
  9
$STEPSPERSEC
 40
2.0
  9
$STEPSIZE
 40
6.0
  9
$3DDWFPREC
 40
2.0
  9
$PSOLWIDTH
 40
5.0
  9
$PSOLHEIGHT
 40
80.0
  9
$LOFTANG1
 40
1.570796326794897
  9
$LOFTANG2
 40
1.570796326794897
  9
$LOFTMAG1
 40
0.0
  9
$LOFTMAG2
 40
0.0
  9
$LOFTPARAM
 70
     7
  9
$LOFTNORMALS
280
     1
  9
$LATITUDE
 40
37.795
  9
$LONGITUDE
 40
-122.394
  9
$NORTHDIRECTION
 40
0.0
  9
$TIMEZONE
 70
 -8000
  9
$LIGHTGLYPHDISPLAY
280
     1
  9
$TILEMODELIGHTSYNCH
280
     1
  9
$CMATERIAL
347
EC
  9
$SOLIDHIST
280
     0
  9
$SHOWHIST
280
     1
  9
$DWFFRAME
280
     2
  9
$DGNFRAME
280
     0
  9
$REALWORLDSCALE
290
     1
  9
$INTERFERECOLOR
 62
     1
  9
$INTERFEREOBJVS
345
F9
  9
$INTERFEREVPVS
346
F6
  9
$CSHADOW
280
     0
  9
$SHADOWPLANELOCATION
 40
0.0
  0
ENDSEC
  0
SECTION
  2
CLASSES
  0
CLASS
  1
ACDBDICTIONARYWDFLT
  2
AcDbDictionaryWithDefault
  3
ObjectDBX Classes
 90
        0
 91
        1
280
     0
281
     0
  0
CLASS
  1
ACDBPLACEHOLDER
  2
AcDbPlaceHolder
  3
ObjectDBX Classes
 90
        0
 91
        1
280
     0
281
     0
  0
CLASS
  1
LAYOUT
  2
AcDbLayout
  3
ObjectDBX Classes
 90
        0
 91
        1
280
     0
281
     0
  0
CLASS
  1
DICTIONARYVAR
  2
AcDbDictionaryVar
  3
ObjectDBX Classes
 90
        0
 91
        1
280
     0
281
     0
  0
CLASS
  1
TABLESTYLE
  2
AcDbTableStyle
  3
ObjectDBX Classes
 90
     4095
 91
        1
280
     0
281
     0
  0
CLASS
  1
MATERIAL
  2
AcDbMaterial
  3
ObjectDBX Classes
 90
     1153
 91
        1
280
     0
281
     0
  0
CLASS
  1
VISUALSTYLE
  2
AcDbVisualStyle
  3
ObjectDBX Classes
 90
     4095
 91
        1
280
     0
281
     0
  0
CLASS
  1
SCALE
  2
AcDbScale
  3
ObjectDBX Classes
 90
     1153
 91
        1
280
     0
281
     0
  0
CLASS
  1
MLEADERSTYLE
  2
AcDbMLeaderStyle
  3
ACDB_MLEADERSTYLE_CLASS
 90
     4095
 91
        1
280
     0
281
     0
  0
CLASS
  1
CELLSTYLEMAP
  2
AcDbCellStyleMap
  3
ObjectDBX Classes
 90
     1152
 91
        1
280
     0
281
     0
  0
CLASS
  1
LAYER_INDEX
  2
AcDbLayerIndex
  3
ObjectDBX Classes
 90
        0
 91
        1
280
     0
281
     0
  0
CLASS
  1
SPATIAL_INDEX
  2
AcDbSpatialIndex
  3
AutoCAD 2000
 90
        0
 91
        1
280
     0
281
     0
  0
CLASS
  1
IDBUFFER
  2
AcDbIdBuffer
  3
ObjectDBX Classes
 90
        0
 91
        1
280
     0
281
     0
  0
CLASS
  1
ACDBSECTIONVIEWSTYLE
  2
AcDbSectionViewStyle
  3
ObjectDBX Classes
 90
     1025
 91
        1
280
     0
281
     0
  0
CLASS
  1
ACDBDETAILVIEWSTYLE
  2
AcDbDetailViewStyle
  3
ObjectDBX Classes
 90
     1025
 91
        1
280
     0
281
     0
  0
CLASS
  1
SUN
  2
AcDbSun
  3
SCENEOE
 90
     1153
 91
        1
280
     0
281
     0
  0
CLASS
  1
SORTENTSTABLE
  2
AcDbSortentsTable
  3
ObjectDBX Classes
 90
        0
 91
        1
280
     0
281
     0
  0
CLASS
  1
ACDB_BLOCKREPRESENTATION_DATA
  2
AcDbBlockRepresentationData
  3
ObjectDBX Classes
 90
     1153
 91
        1
280
     0
281
     0
  0
CLASS
  1
ACAD_EVALUATION_GRAPH
  2
AcDbEvalGraph
  3
ObjectDBX Classes
 90
     1153
 91
        1
280
     0
281
     0
  0
CLASS
  1
BLOCKVISIBILITYPARAMETER
  2
AcDbBlockVisibilityParameter
  3
ObjectDBX Classes
 90
     1153
 91
        1
280
     0
281
     0
  0
CLASS
  1
BLOCKVISIBILITYGRIP
  2
AcDbBlockVisibilityGrip
  3
ObjectDBX Classes
 90
     1153
 91
        1
280
     0
281
     0
  0
CLASS
  1
BLOCKGRIPLOCATIONCOMPONENT
  2
AcDbBlockGripExpr
  3
ObjectDBX Classes
 90
     1153
 91
        1
280
     0
281
     0
  0
CLASS
  1
ACDB_DYNAMICBLOCKPURGEPREVENTER_VERSION
  2
AcDbDynamicBlockPurgePreventer
  3
ObjectDBX Classes
 90
     1153
 91
        1
280
     0
281
     0
  0
ENDSEC
  0
SECTION
  2
TABLES
  0
TABLE
  2
VPORT
  5
8
330
0
100
AcDbSymbolTable
 70
     1
  0
VPORT
  5
EA
330
8
100
AcDbSymbolTableRecord
100
AcDbViewportTableRecord
  2
*Active
 70
     0
 10
0.0
 20
0.0
 11
1.0
 21
1.0
 12
2716.815306613324
 22
1870.926307734511
 13
0.0
 23
0.0
 14
10.0
 24
10.0
 15
10.0
 25
10.0
 16
0.0
 26
0.0
 36
1.0
 17
0.0
 27
0.0
 37
0.0
 40
2194.436164774265
 41
2.071621621621622
 42
50.0
 43
0.0
 44
0.0
 50
0.0
 51
0.0
 71
     0
 72
  1000
 73
     1
 74
     3
 75
     0
 76
     1
 77
     0
 78
     0
281
     0
 65
     1
110
0.0
120
0.0
130
0.0
111
1.0
121
0.0
131
0.0
112
0.0
122
1.0
132
0.0
 79
     0
146
0.0
348
F5
 60
     3
 61
     5
292
     1
282
     1
141
0.0
142
0.0
 63
   250
421
  3355443
361
27F
1001
ACAD_NAV_VCDISPLAY
1070
     3
  0
ENDTAB
  0
TABLE
  2
LTYPE
  5
5
330
0
100
AcDbSymbolTable
 70
     2
  0
LTYPE
  5
14
330
5
100
AcDbSymbolTableRecord
100
AcDbLinetypeTableRecord
  2
ByBlock
 70
     0
  3

 72
    65
 73
     0
 40
0.0
  0
LTYPE
  5
15
330
5
100
AcDbSymbolTableRecord
100
AcDbLinetypeTableRecord
  2
ByLayer
 70
     0
  3

 72
    65
 73
     0
 40
0.0
  0
LTYPE
  5
16
330
5
100
AcDbSymbolTableRecord
100
AcDbLinetypeTableRecord
  2
Continuous
 70
     0
  3
Solid line
 72
    65
 73
     0
 40
0.0
  0
LTYPE
  5
29E
330
5
100
AcDbSymbolTableRecord
100
AcDbLinetypeTableRecord
  2
DASHED
 70
     0
  3
__ __ __ __ __ __ __ __ __ __ __ __ __ __ __ __
 72
    65
 73
     2
 40
0.75
 49
0.5
 74
     0
 49
-0.25
 74
     0
  0
ENDTAB
  0
TABLE
  2
LAYER
  5
2
102
{ACAD_XDICTIONARY
360
1FF
102
}
330
0
100
AcDbSymbolTable
 70
     8
  0
LAYER
  5
10
330
2
100
AcDbSymbolTableRecord
100
AcDbLayerTableRecord
  2
0
 70
     0
 62
     7
  6
Continuous
370
    -3
390
F
347
EE
  0
LAYER
  5
284
102
{ACAD_XDICTIONARY
360
285
102
}
330
2
100
AcDbSymbolTableRecord
100
AcDbLayerTableRecord
  2
01 INUTILIZADO
 70
     2
 62
    -3
  6
Continuous
290
     0
370
     0
390
F
347
EE
1001
AcAecLayerStandard
1000

1000

1001
AcCmTransparency
1071
 33554687
  0
LAYER
  5
28C
102
{ACAD_XDICTIONARY
360
28D
102
}
330
2
100
AcDbSymbolTableRecord
100
AcDbLayerTableRecord
  2
9.3 - LEGENDA
 70
     0
 62
     7
  6
Continuous
370
    -3
390
F
347
EE
1001
AcAecLayerStandard
1000

1000

1001
AcCmTransparency
1071
 33554687
  0
LAYER
  5
28F
102
{ACAD_XDICTIONARY
360
290
102
}
330
2
100
AcDbSymbolTableRecord
100
AcDbLayerTableRecord
  2
9 - LEGENDA
 70
     0
 62
     2
  6
Continuous
370
    20
390
F
347
EE
1001
AcAecLayerStandard
1000

1000

1001
AcCmTransparency
1071
 33554687
  0
LAYER
  5
292
102
{ACAD_XDICTIONARY
360
293
102
}
330
2
100
AcDbSymbolTableRecord
100
AcDbLayerTableRecord
  2
9.7 - LEGENDA
 70
     0
 62
     2
  6
Continuous
370
     0
390
F
347
EE
1001
AcAecLayerStandard
1000

1000

1001
AcCmTransparency
1071
 33554687
  0
LAYER
  5
295
102
{ACAD_XDICTIONARY
360
296
102
}
330
2
100
AcDbSymbolTableRecord
100
AcDbLayerTableRecord
  2
9.1 - LEGENDA
 70
     0
 62
    30
420
 15884331
  6
Continuous
370
    -3
390
F
347
EE
1001
AcAecLayerStandard
1000

1000

1001
AcCmTransparency
1071
 33554687
  0
LAYER
  5
298
102
{ACAD_XDICTIONARY
360
299
102
}
330
2
100
AcDbSymbolTableRecord
100
AcDbLayerTableRecord
  2
9.2 - LEGENDA
 70
     0
 62
    30
420
 15884331
  6
Continuous
370
    -3
390
F
347
EE
1001
AcAecLayerStandard
1000

1000

1001
AcCmTransparency
1071
 33554687
  0
LAYER
  5
29B
102
{ACAD_XDICTIONARY
360
29C
102
}
330
2
100
AcDbSymbolTableRecord
100
AcDbLayerTableRecord
  2
02
 70
     0
 62
     2
  6
Continuous
370
    -3
390
F
347
EE
1001
AcAecLayerStandard
1000

1000

1001
AcCmTransparency
1071
 33554687
  0
ENDTAB
  0
TABLE
  2
STYLE
  5
3
330
0
100
AcDbSymbolTable
 70
     8
  0
STYLE
  5
11
330
3
100
AcDbSymbolTableRecord
100
AcDbTextStyleTableRecord
  2
Standard
 70
     0
 40
0.0
 41
1.0
 50
0.0
 71
     0
 42
2.5
  3
arial.ttf
  4

1001
ACAD
1000
Arial
1071
       34
  0
STYLE
  5
132
330
3
100
AcDbSymbolTableRecord
100
AcDbTextStyleTableRecord
  2
Annotative
 70
     0
 40
0.0
 41
1.0
 50
0.0
 71
     0
 42
2.5
  3
arial.ttf
  4

1001
AcadAnnotative
1000
AnnotativeData
1002
{
1070
     1
1070
     1
1002
}
1001
ACAD
1000
Arial
1071
       34
  0
STYLE
  5
2A1
330
3
100
AcDbSymbolTableRecord
100
AcDbTextStyleTableRecord
  2
DIM
 70
     0
 40
0.0
 41
1.0
 50
0.0
 71
     0
 42
2.5
  3
dim.shx
  4

  0
STYLE
  5
2B5
330
3
100
AcDbSymbolTableRecord
100
AcDbTextStyleTableRecord
  2
ROMANS
 70
     0
 40
0.0
 41
1.0
 50
0.0
 71
     0
 42
2.5
  3
romans.shx
  4

  0
STYLE
  5
2B6
330
3
100
AcDbSymbolTableRecord
100
AcDbTextStyleTableRecord
  2
gbenor
 70
     0
 40
0.0
 41
1.0
 50
0.0
 71
     0
 42
2.5
  3
gbenor.shx
  4

  0
STYLE
  5
2B7
330
3
100
AcDbSymbolTableRecord
100
AcDbTextStyleTableRecord
  2
Arial
 70
     0
 40
0.0
 41
1.0
 50
0.0
 71
     0
 42
2.5
  3
arial.ttf
  4

1001
ACAD
1000
Arial
1071
        0
  0
STYLE
  5
2B8
330
3
100
AcDbSymbolTableRecord
100
AcDbTextStyleTableRecord
  2
Legenda
 70
     0
 40
0.0
 41
1.0
 50
0.0
 71
     0
 42
2.5
  3
romans.shx
  4

  0
STYLE
  5
2B9
330
3
100
AcDbSymbolTableRecord
100
AcDbTextStyleTableRecord
  2
-30
 70
     0
 40
0.0
 41
1.0
 50
330.0
 71
     0
 42
2.5
  3
gbenor.shx
  4

  0
ENDTAB
  0
TABLE
  2
VIEW
  5
6
330
0
100
AcDbSymbolTable
 70
     0
  0
ENDTAB
  0
TABLE
  2
UCS
  5
7
330
0
100
AcDbSymbolTable
 70
     0
  0
ENDTAB
  0
TABLE
  2
APPID
  5
9
330
0
100
AcDbSymbolTable
 70
    18
  0
APPID
  5
12
330
9
100
AcDbSymbolTableRecord
100
AcDbRegAppTableRecord
  2
ACAD
 70
     0
  0
APPID
  5
9E
330
9
100
AcDbSymbolTableRecord
100
AcDbRegAppTableRecord
  2
ACAD_PSEXT
 70
     0
  0
APPID
  5
133
330
9
100
AcDbSymbolTableRecord
100
AcDbRegAppTableRecord
  2
AcadAnnoPO
 70
     0
  0
APPID
  5
134
330
9
100
AcDbSymbolTableRecord
100
AcDbRegAppTableRecord
  2
AcadAnnotative
 70
     0
  0
APPID
  5
135
330
9
100
AcDbSymbolTableRecord
100
AcDbRegAppTableRecord
  2
ACAD_DSTYLE_DIMJAG
 70
     0
  0
APPID
  5
136
330
9
100
AcDbSymbolTableRecord
100
AcDbRegAppTableRecord
  2
ACAD_DSTYLE_DIMTALN
 70
     0
  0
APPID
  5
165
330
9
100
AcDbSymbolTableRecord
100
AcDbRegAppTableRecord
  2
ACAD_MLEADERVER
 70
     0
  0
APPID
  5
217
330
9
100
AcDbSymbolTableRecord
100
AcDbRegAppTableRecord
  2
ACAD_NAV_VCDISPLAY
 70
     0
  0
APPID
  5
28A
330
9
100
AcDbSymbolTableRecord
100
AcDbRegAppTableRecord
  2
AcAecLayerStandard
 70
     0
  0
APPID
  5
28B
330
9
100
AcDbSymbolTableRecord
100
AcDbRegAppTableRecord
  2
AcCmTransparency
 70
     0
  0
APPID
  5
2A8
330
9
100
AcDbSymbolTableRecord
100
AcDbRegAppTableRecord
  2
ACAD_DSTYLE_DIMJOGGED_JOGANGLE_SYMBOL
 70
     0
  0
APPID
  5
2AC
330
9
100
AcDbSymbolTableRecord
100
AcDbRegAppTableRecord
  2
ACAD_DSTYLE_DIMBREAK
 70
     0
  0
APPID
  5
2AF
330
9
100
AcDbSymbolTableRecord
100
AcDbRegAppTableRecord
  2
AcDbBlockRepETag
 70
     0
  0
APPID
  5
2B0
330
9
100
AcDbSymbolTableRecord
100
AcDbRegAppTableRecord
  2
AcDbDynamicBlockGUID
 70
     0
  0
APPID
  5
2B1
330
9
100
AcDbSymbolTableRecord
100
AcDbRegAppTableRecord
  2
AcDbDynamicBlockTrueName
 70
     0
  0
APPID
  5
2B2
330
9
100
AcDbSymbolTableRecord
100
AcDbRegAppTableRecord
  2
AcDbBlockRepBTag
 70
     0
  0
APPID
  5
2B3
330
9
100
AcDbSymbolTableRecord
100
AcDbRegAppTableRecord
  2
AcDbBlockArrayActionTag
 70
     0
  0
APPID
  5
2B4
330
9
100
AcDbSymbolTableRecord
100
AcDbRegAppTableRecord
  2
HATCHBACKGROUNDCOLOR
 70
     0
  0
ENDTAB
  0
TABLE
  2
DIMSTYLE
  5
A
330
0
100
AcDbSymbolTable
 70
     4
100
AcDbDimStyleTable
  0
DIMSTYLE
105
1B0
330
A
100
AcDbSymbolTableRecord
100
AcDbDimStyleTableRecord
  2
Standard
 70
     0
178
     0
340
11
  0
DIMSTYLE
105
137
330
A
100
AcDbSymbolTableRecord
100
AcDbDimStyleTableRecord
  2
Annotative
 70
     0
 40
0.0
 41
2.5
 42
0.625
 43
3.75
 44
1.25
 73
     0
 74
     0
 77
     1
 78
     8
140
2.5
141
2.5
143
0.03937007874016
147
0.625
171
     3
172
     1
178
     0
271
     2
272
     2
274
     3
278
    44
283
     0
284
     8
340
11
1001
AcadAnnotative
1000
AnnotativeData
1002
{
1070
     1
1070
     1
1002
}
1001
ACAD_DSTYLE_DIMJAG
1070
   388
1040
1.5
1001
ACAD_DSTYLE_DIMTALN
1070
   392
1070
     0
  0
DIMSTYLE
105
27
330
A
100
AcDbSymbolTableRecord
100
AcDbDimStyleTableRecord
  2
ISO-25
 70
     0
 41
2.5
 42
0.625
 43
3.75
 44
1.25
 73
     0
 74
     0
 77
     1
 78
     8
140
2.5
141
2.5
143
0.03937007874016
147
0.625
171
     3
172
     1
178
     0
271
     2
272
     2
274
     3
278
    44
283
     0
284
     8
340
11
  0
DIMSTYLE
105
2A0
330
A
100
AcDbSymbolTableRecord
100
AcDbDimStyleTableRecord
  2
80 - Corte Frontal
 70
     0
 40
1.2
 41
50.0
 42
40.0
 43
0.0
 44
1.25
 49
0.04
 73
     0
 74
     0
 77
     1
 78
     9
140
80.0
141
2.5
147
20.0
172
     1
175
     1
176
   256
177
   256
271
     0
178
   256
271
     0
272
     0
284
     1
289
     0
340
2A1
341
2A2
342
2A2
1001
ACAD_DSTYLE_DIMJOGGED_JOGANGLE_SYMBOL
1070
   384
1040
0.7853981633974483
1001
ACAD_DSTYLE_DIMJAG
1070
   388
1040
1.5
1001
ACAD_DSTYLE_DIMTALN
1070
   392
1070
     0
1001
AcadAnnotative
1000
AnnotativeData
1002
{
1070
     1
1070
     0
1002
}
1001
ACAD_DSTYLE_DIMBREAK
1070
   391
1040
3.75
  0
ENDTAB
  0
TABLE
  2
BLOCK_RECORD
  5
1
330
0
100
AcDbSymbolTable
 70
    15
  0
BLOCK_RECORD
  5
1F
330
1
100
AcDbSymbolTableRecord
100
AcDbBlockTableRecord
  2
*Model_Space
340
22
 70
     0
280
     1
281
     0
  0
BLOCK_RECORD
  5
D2
330
1
100
AcDbSymbolTableRecord
100
AcDbBlockTableRecord
  2
*Paper_Space
340
D3
 70
     0
280
     1
281
     0
  0
BLOCK_RECORD
  5
D6
330
1
100
AcDbSymbolTableRecord
100
AcDbBlockTableRecord
  2
*Paper_Space0
340
D7
 70
     0
280
     1
281
     0
  0
BLOCK_RECORD
  5
280
102
{ACAD_XDICTIONARY
360
2DB
102
}
330
1
100
AcDbSymbolTableRecord
100
AcDbBlockTableRecord
  2
G$CCA2A0638
340
0
102
{BLKREFS
331
0
331
0
102
}
 70
     0
280
     1
281
     0
  0
BLOCK_RECORD
  5
2A2
102
{ACAD_XDICTIONARY
360
2A3
102
}
330
1
100
AcDbSymbolTableRecord
100
AcDbBlockTableRecord
  2
_Oblique
340
0
 70
     0
280
     1
281
     0
  0
BLOCK_RECORD
  5
2DE
330
1
100
AcDbSymbolTableRecord
100
AcDbBlockTableRecord
  2
FORMATO DE FOLHA A0
340
0
102
{BLKREFS
331
2DD
331
742
331
7BF
102
}
 70
     4
280
     1
281
     0
1001
AcadAnnotative
1000
AnnotativeData
1002
{
1070
     1
1070
     0
1002
}
1001
AcDbDynamicBlockGUID
1000
{940c0db9-a01e-4d22-9661-70efd929d89f}
  0
BLOCK_RECORD
  5
2F4
330
1
100
AcDbSymbolTableRecord
100
AcDbBlockTableRecord
  2
Tabela Observações
340
0
102
{BLKREFS
331
2F3
331
743
331
7C0
102
}
 70
     4
280
     1
281
     0
1001
AcadAnnotative
1000
AnnotativeData
1002
{
1070
     1
1070
     0
1002
}
1001
AcDbDynamicBlockGUID
1000
{398e9856-0493-4329-8c24-82e7ef78904c}
  0
BLOCK_RECORD
  5
301
330
1
100
AcDbSymbolTableRecord
100
AcDbBlockTableRecord
  2
CABEÇALHO
340
0
102
{BLKREFS
331
300
331
744
331
7C1
102
}
 70
     4
280
     1
281
     0
1001
AcadAnnotative
1000
AnnotativeData
1002
{
1070
     1
1070
     0
1002
}
  0
BLOCK_RECORD
  5
304
330
1
100
AcDbSymbolTableRecord
100
AcDbBlockTableRecord
  2
Bloco Legenda Supra 02
340
0
102
{BLKREFS
331
303
331
303
102
}
 70
     4
280
     1
281
     0
1001
AcadAnnotative
1000
AnnotativeData
1002
{
1070
     1
1070
     0
1002
}
  0
BLOCK_RECORD
  5
50C
330
1
100
AcDbSymbolTableRecord
100
AcDbBlockTableRecord
  2
Bloco Revisões de Projeto
340
0
102
{BLKREFS
331
50B
331
75D
331
7DA
102
}
 70
     4
280
     1
281
     0
1001
AcadAnnotative
1000
AnnotativeData
1002
{
1070
     1
1070
     0
1002
}
  0
BLOCK_RECORD
  5
521
330
1
100
AcDbSymbolTableRecord
100
AcDbBlockTableRecord
  2
CAPCIDADE TOTAL
340
0
102
{BLKREFS
331
520
331
767
331
7E4
102
}
 70
     4
280
     1
281
     0
1001
AcadAnnotative
1000
AnnotativeData
1002
{
1070
     1
1070
     0
1002
}
  0
BLOCK_RECORD
  5
629
330
1
100
AcDbSymbolTableRecord
100
AcDbBlockTableRecord
  2
*U9
340
0
102
{BLKREFS
331
52B
331
76B
331
7E8
102
}
 70
     4
280
     1
281
     0
1001
AcadAnnotative
1000
AnnotativeData
1002
{
1070
     1
1070
     0
1002
}
1001
AcDbBlockRepBTag
1070
     1
1005
52F
  0
BLOCK_RECORD
  5
52F
102
{ACAD_XDICTIONARY
360
530
102
}
330
1
100
AcDbSymbolTableRecord
100
AcDbBlockTableRecord
  2
Bloco Isométrico pallet legenda
340
0
 70
     4
280
     1
281
     0
1001
AcadAnnotative
1000
AnnotativeData
1002
{
1070
     1
1070
     0
1002
}
1001
AcDbDynamicBlockTrueName
1000
Bloco Isométrico pallet legenda
1001
AcDbDynamicBlockGUID
1000
{eaf12eea-145b-4d93-b509-27c366aa86e8}
1001
AcDbBlockRepETag
1070
     1
1071
      181
  0
BLOCK_RECORD
  5
57A
102
{ACAD_XDICTIONARY
360
57B
102
}
330
1
100
AcDbSymbolTableRecord
100
AcDbBlockTableRecord
  2
Bloco Seta Din
340
0
102
{BLKREFS
331
578
331
5A8
331
621
331
623
331
66B
331
66D
331
6E0
331
6E2
331
578
331
5A8
331
621
331
623
102
}
 70
     4
280
     1
281
     0
1001
AcDbDynamicBlockTrueName
1000
Bloco Seta Din
1001
AcDbDynamicBlockGUID
1000
{0bb25493-ee47-482f-9747-4e1f5eb383e4}
1001
AcDbBlockRepETag
1070
     1
1071
        1
  0
BLOCK_RECORD
  5
5AE
330
1
100
AcDbSymbolTableRecord
100
AcDbBlockTableRecord
  2
_Open90
340
0
102
{BLKREFS
331
5AD
331
5B4
331
5B8
331
5B9
331
5BD
331
5BE
331
610
331
611
331
615
331
616
331
61A
331
61B
331
672
331
673
331
677
331
678
331
67C
331
67D
331
6CF
331
6D0
331
6D4
331
6D5
331
6D9
331
6DA
331
5AD
331
5B4
331
5B8
331
5B9
331
5BD
331
5BE
331
610
331
611
331
615
331
616
331
61A
331
61B
102
}
 70
     0
280
     1
281
     0
  0
BLOCK_RECORD
  5
6F3
330
1
100
AcDbSymbolTableRecord
100
AcDbBlockTableRecord
  2
Bloco 01 Pallet
340
0
102
{BLKREFS
331
6F2
331
70E
331
77F
331
78E
331
7FC
331
80B
102
}
 70
     4
280
     1
281
     0
1001
AcadAnnotative
1000
AnnotativeData
1002
{
1070
     1
1070
     0
1002
}
  0
BLOCK_RECORD
  5
716
330
1
100
AcDbSymbolTableRecord
100
AcDbBlockTableRecord
  2
Bloco Descrição Drive In
340
0
102
{BLKREFS
331
715
331
795
331
812
102
}
 70
     4
280
     1
281
     0
1001
AcadAnnotative
1000
AnnotativeData
1002
{
1070
     1
1070
     0
1002
}
  0
ENDTAB
  0
ENDSEC
  0
SECTION
  2
BLOCKS
  0
BLOCK
  5
20
330
1F
100
AcDbEntity
  8
0
100
AcDbBlockBegin
  2
*Model_Space
 70
     0
 10
0.0
 20
0.0
 30
0.0
  3
*Model_Space
  1

  0
ENDBLK
  5
21
330
1F
100
AcDbEntity
  8
0
100
AcDbBlockEnd
  0
BLOCK
  5
D4
330
D2
100
AcDbEntity
 67
     1
  8
0
100
AcDbBlockBegin
  2
*Paper_Space
 70
     0
 10
0.0
 20
0.0
 30
0.0
  3
*Paper_Space
  1

  0
ENDBLK
  5
D5
330
D2
100
AcDbEntity
 67
     1
  8
0
100
AcDbBlockEnd
  0
BLOCK
  5
D8
330
D6
100
AcDbEntity
  8
0
100
AcDbBlockBegin
  2
*Paper_Space0
 70
     0
 10
0.0
 20
0.0
 30
0.0
  3
*Paper_Space0
  1

  0
VIEWPORT
  5
7AE
102
{ACAD_XDICTIONARY
360
7AF
102
}
330
D6
100
AcDbEntity
  8
0
100
AcDbViewport
 10
128.5
 20
97.5
 30
0.0
 40
314.226
 41
222.18
 68
     1
 69
     1
 12
128.5
 22
97.5
 13
0.0
 23
0.0
 14
10.0
 24
10.0
 15
10.0
 25
10.0
 16
0.0
 26
0.0
 36
1.0
 17
0.0
 27
0.0
 37
0.0
 42
50.0
 43
0.0
 44
0.0
 45
222.18
 50
0.0
 51
0.0
 72
   100
 90
   557088
  1

281
     0
 71
     1
 74
     0
110
0.0
120
0.0
130
0.0
111
1.0
121
0.0
131
0.0
112
0.0
122
1.0
132
0.0
 79
     0
146
0.0
170
     0
 61
     5
348
F5
292
     1
282
     1
141
0.0
142
0.0
 63
   256
361
7B1
  0
VIEWPORT
  5
7B2
102
{ACAD_XDICTIONARY
360
7B3
102
}
330
D6
100
AcDbEntity
  8
0
100
AcDbViewport
 10
128.5
 20
97.5
 30
0.0
 40
226.8041237113402
 41
160.3665521191294
 68
     2
 69
     2
 12
2365.779574253584
 22
1443.207209380136
 13
0.0
 23
0.0
 14
10.0
 24
10.0
 15
10.0
 25
10.0
 16
0.0
 26
0.0
 36
1.0
 17
0.0
 27
0.0
 37
0.0
 42
50.0
 43
0.0
 44
0.0
 45
856.9432155355024
 50
0.0
 51
0.0
 72
   100
331
284
 90
   819808
  1

281
     0
 71
     1
 74
     0
110
0.0
120
0.0
130
0.0
111
1.0
121
0.0
131
0.0
112
0.0
122
1.0
132
0.0
 79
     0
146
0.0
170
     0
 61
     5
348
F5
292
     1
282
     1
141
0.0
142
0.0
 63
   256
361
7B5
  0
ENDBLK
  5
D9
330
D6
100
AcDbEntity
  8
0
100
AcDbBlockEnd
  0
BLOCK
  5
73F
330
280
100
AcDbEntity
  8
0
100
AcDbBlockBegin
  2
G$CCA2A0638
 70
     0
 10
0.0
 20
0.0
 30
0.0
  3
G$CCA2A0638
  1

  0
INSERT
  5
2DD
330
280
100
AcDbEntity
  8
0
100
AcDbBlockReference
  2
FORMATO DE FOLHA A0
 10
-14955.7149496652
 20
-17900.00529605156
 30
0.0
  0
INSERT
  5
2F3
330
280
100
AcDbEntity
  8
9.7 - LEGENDA
370
     0
100
AcDbBlockReference
  2
Tabela Observações
 10
1178.155004033263
 20
249.6246603213194
 30
0.0
  0
INSERT
  5
300
330
280
100
AcDbEntity
  8
9.7 - LEGENDA
370
     0
100
AcDbBlockReference
 66
     1
  2
CABEÇALHO
 10
-11453.70429006202
 20
-14815.16254114626
 30
0.0
  0
ATTRIB
  5
4F3
330
300
100
AcDbEntity
  8
9 - LEGENDA
100
AcDbText
 10
1112.924469485783
 20
62.38326852322638
 30
0.0
 40
3.0
  1
 
  7
Legenda
 72
     4
 11
1114.424469485783
 21
62.38326852322638
 31
0.0
100
AcDbAttribute
  2
CIDADE
 70
     0
280
     1
1001
AcadAnnotative
1000
AnnotativeData
1002
{
1070
     1
1070
     0
1002
}
  0
ATTRIB
  5
4F4
330
300
100
AcDbEntity
  8
9 - LEGENDA
100
AcDbText
 10
1150.976432604686
 20
22.42857142857137
 30
0.0
 40
6.0
  1
 1/1
  7
Legenda
 72
     4
 11
1165.405004033257
 21
24.99999999999994
 31
0.0
100
AcDbAttribute
  2
FOLHA
 70
     0
280
     1
1001
AcadAnnotative
1000
AnnotativeData
1002
{
1070
     1
1070
     0
1002
}
  0
ATTRIB
  5
4F5
330
300
100
AcDbEntity
  8
9 - LEGENDA
100
AcDbText
 10
1112.918792830044
 20
12.5557540008885
 30
0.0
 40
3.0
  1

  7
Legenda
 72
     4
 11
1112.918792830044
 21
12.5557540008885
 31
0.0
100
AcDbAttribute
  2
CADASTRO
 70
     0
280
     1
1001
AcadAnnotative
1000
AnnotativeData
1002
{
1070
     1
1070
     0
1002
}
  0
ATTRIB
  5
4F6
330
300
100
AcDbEntity
  8
9 - LEGENDA
100
AcDbText
 10
1123.683994979859
 20
21.00000000018184
 30
0.0
 40
3.0
  1
REV-00
  7
Legenda
 72
     4
 11
1132.61256640843
 21
22.50000000018184
 31
0.0
100
AcDbAttribute
  2
REVISÃO
 70
     0
280
     1
1001
AcadAnnotative
1000
AnnotativeData
1002
{
1070
     1
1070
     0
1002
}
  0
ATTRIB
  5
4F7
330
300
100
AcDbEntity
  8
9 - LEGENDA
100
AcDbText
 10
1079.810603289644
 20
21.21428571427838
 30
0.0
 40
3.0
  1
05/05/2026
  7
Legenda
 72
     4
 11
1094.382031861072
 21
22.49999999999267
 31
0.0
100
AcDbAttribute
  2
DATA
 70
     0
280
     1
1001
AcadAnnotative
1000
AnnotativeData
1002
{
1070
     1
1070
     0
1002
}
  0
ATTRIB
  5
4F8
330
300
100
AcDbEntity
  8
9 - LEGENDA
100
AcDbText
 10
1090.096317575125
 20
31.49999999999267
 30
0.0
 40
3.0
  1
mm
  7
Legenda
 72
     4
 11
1094.38203186084
 21
32.49999999999267
 31
0.0
100
AcDbAttribute
  2
UNIDADE
 70
     0
280
     1
1001
AcadAnnotative
1000
AnnotativeData
1002
{
1070
     1
1070
     0
1002
}
  0
ATTRIB
  5
4F9
330
300
100
AcDbEntity
  8
9 - LEGENDA
100
AcDbText
 10
1122.612566408314
 20
30.9758477739378
 30
0.0
 40
3.0
  1
INDICADA
  7
Legenda
 72
     4
 11
1132.612566408314
 21
32.4758477739378
 31
0.0
100
AcDbAttribute
  2
ESCALA
 70
     0
280
     1
  0
ATTRIB
  5
4FA
330
300
100
AcDbEntity
  8
9 - LEGENDA
100
AcDbText
 10
1130.183994979859
 20
40.49999999999267
 30
0.0
 40
3.0
  1
PEDRO GUILHERME
  7
Legenda
 72
     4
 11
1151.61256640843
 21
41.99999999999267
 31
0.0
100
AcDbAttribute
  2
DESENHISTA
 70
     0
280
     1
1001
AcadAnnotative
1000
AnnotativeData
1002
{
1070
     1
1070
     0
1002
}
  0
ATTRIB
  5
4FB
330
300
100
AcDbEntity
  8
9 - LEGENDA
100
AcDbText
 10
1079.917746146728
 20
40.49999999999267
 30
0.0
 40
3.0
  1
RONALDO BRANCO
  7
Legenda
 72
     4
 11
1100.632031861014
 21
41.99999999999267
 31
0.0
100
AcDbAttribute
  2
RT
 70
     0
280
     1
1001
AcadAnnotative
1000
AnnotativeData
1002
{
1070
     1
1070
     0
1002
}
  0
ATTRIB
  5
4FC
330
300
100
AcDbEntity
  8
9 - LEGENDA
100
AcDbText
 10
1125.674469485783
 20
52.36445794880268
 30
0.0
 40
3.0
  1
 
  7
Legenda
 72
     4
 11
1127.174469485783
 21
52.36445794880268
 31
0.0
100
AcDbAttribute
  2
REPRESENTANTE
 70
     0
280
     1
1001
AcadAnnotative
1000
AnnotativeData
1002
{
1070
     1
1070
     0
1002
}
  0
ATTRIB
  5
4FD
330
300
100
AcDbEntity
  8
9 - LEGENDA
100
AcDbText
 10
1125.674469485783
 20
72.5742499886473
 30
0.0
 40
3.0
  1
 
  7
Legenda
 72
     4
 11
1127.174469485783
 21
72.5742499886473
 31
0.0
100
AcDbAttribute
  2
CLIENTE
 70
     0
280
     1
1001
AcadAnnotative
1000
AnnotativeData
1002
{
1070
     1
1070
     0
1002
}
  0
ATTRIB
  5
4FE
330
300
100
AcDbEntity
  8
9 - LEGENDA
100
AcDbText
 10
1163.905004033199
 20
62.38326852322638
 30
0.0
 40
3.0
  1
 
  7
Legenda
 72
     4
 11
1165.405004033199
 21
62.38326852322638
 31
0.0
100
AcDbAttribute
  2
UF
 70
     0
280
     1
1001
AcadAnnotative
1000
AnnotativeData
1002
{
1070
     1
1070
     0
1002
}
  0
SEQEND
  5
4FF
330
300
100
AcDbEntity
  8
9.7 - LEGENDA
  0
LINE
  5
500
330
280
100
AcDbEntity
  8
9 - LEGENDA
100
AcDbLine
 10
993.1550040331696
 20
124.6246418338123
 30
0.0
 11
1178.15500403317
 21
124.6246418338123
 31
0.0
1001
AcDbBlockRepETag
1070
     1
1071
        0
1005
500
  0
LINE
  5
501
330
280
100
AcDbEntity
  8
9 - LEGENDA
100
AcDbLine
 10
993.1550040331696
 20
118.6246418338123
 30
0.0
 11
1178.15500403317
 21
118.6246418338123
 31
0.0
1001
AcDbBlockRepETag
1070
     1
1071
        1
1005
501
  0
MTEXT
  5
502
330
280
100
AcDbEntity
  8
9 - LEGENDA
100
AcDbMText
 10
1001.72832289116
 20
123.4540779648304
 30
0.0
 40
2.0
 41
17.41157192381797
 46
0.0
 71
     1
 72
     5
  1
{\Fromans.shx|c228;REVISÕES}
  7
Legenda
 73
     1
 44
1.0
1001
AcadAnnotative
1000
AnnotativeData
1002
{
1070
     1
1070
     0
1002
}
1001
AcDbBlockRepETag
1070
     1
1071
        2
1005
502
1001
ACAD
1000
ACAD_MTEXT_COLUMN_INFO_BEGIN
1070
    75
1070
     2
1070
    79
1070
     0
1070
    76
1070
     1
1070
    78
1070
     0
1070
    48
1040
17.41157192381797
1070
    49
1040
15.0
1070
    50
1070
     1
1040
0.0
1000
ACAD_MTEXT_COLUMN_INFO_END
  0
MTEXT
  5
503
330
280
100
AcDbEntity
  8
9 - LEGENDA
100
AcDbMText
 10
1029.003776727992
 20
123.4540779648596
 30
0.0
 40
2.0
 41
17.41157192381797
 46
0.0
 71
     1
 72
     5
  1
{\Fromans.shx|c228;RESPONSÁVEL}
  7
Legenda
 73
     1
 44
1.0
1001
AcadAnnotative
1000
AnnotativeData
1002
{
1070
     1
1070
     0
1002
}
1001
AcDbBlockRepETag
1070
     1
1071
        3
1005
503
1001
ACAD
1000
ACAD_MTEXT_COLUMN_INFO_BEGIN
1070
    75
1070
     2
1070
    79
1070
     0
1070
    76
1070
     1
1070
    78
1070
     0
1070
    48
1040
17.41157192381797
1070
    49
1040
15.0
1070
    50
1070
     1
1040
0.0
1000
ACAD_MTEXT_COLUMN_INFO_END
  0
MTEXT
  5
504
330
280
100
AcDbEntity
  8
9 - LEGENDA
100
AcDbMText
 10
1066.650715377638
 20
122.8827711322373
 30
0.0
 40
2.0
 41
17.41157192381797
 46
0.0
 71
     1
 72
     5
  1
{\Fromans.shx|c228;DATA}
  7
Legenda
 73
     1
 44
1.0
1001
AcadAnnotative
1000
AnnotativeData
1002
{
1070
     1
1070
     0
1002
}
1001
AcDbBlockRepETag
1070
     1
1071
        4
1005
504
1001
ACAD
1000
ACAD_MTEXT_COLUMN_INFO_BEGIN
1070
    75
1070
     2
1070
    79
1070
     0
1070
    76
1070
     1
1070
    78
1070
     0
1070
    48
1040
17.41157192381797
1070
    49
1040
15.0
1070
    50
1070
     1
1040
0.0
1000
ACAD_MTEXT_COLUMN_INFO_END
  0
MTEXT
  5
505
330
280
100
AcDbEntity
  8
9 - LEGENDA
100
AcDbMText
 10
1121.313354348813
 20
123.358382462924
 30
0.0
 40
2.0
 41
17.41157192381797
 46
0.0
 71
     1
 72
     5
  1
{\Fromans.shx|c228;ALTERAÇÕES}
  7
Legenda
 73
     1
 44
1.0
1001
AcadAnnotative
1000
AnnotativeData
1002
{
1070
     1
1070
     0
1002
}
1001
AcDbBlockRepETag
1070
     1
1071
        5
1005
505
1001
ACAD
1000
ACAD_MTEXT_COLUMN_INFO_BEGIN
1070
    75
1070
     2
1070
    79
1070
     0
1070
    76
1070
     1
1070
    78
1070
     0
1070
    48
1040
17.41157192381797
1070
    49
1040
15.0
1070
    50
1070
     1
1040
0.0
1000
ACAD_MTEXT_COLUMN_INFO_END
  0
LINE
  5
506
330
280
100
AcDbEntity
  8
9 - LEGENDA
100
AcDbLine
 10
993.1550040331696
 20
118.6246418338123
 30
0.0
 11
993.1550040331696
 21
124.6246418338123
 31
0.0
1001
AcDbBlockRepETag
1070
     1
1071
        6
1005
506
  0
LINE
  5
507
330
280
100
AcDbEntity
  8
9 - LEGENDA
100
AcDbLine
 10
1178.15500403317
 20
118.6246418338123
 30
0.0
 11
1178.15500403317
 21
124.6246418338123
 31
0.0
1001
AcDbBlockRepETag
1070
     1
1071
        7
1005
507
  0
LINE
  5
508
330
280
100
AcDbEntity
  8
9 - LEGENDA
100
AcDbLine
 10
1023.332281623492
 20
118.6246418338123
 30
0.0
 11
1023.332281623492
 21
124.6246418338123
 31
0.0
1001
AcDbBlockRepETag
1070
     1
1071
        8
1005
508
  0
LINE
  5
509
330
280
100
AcDbEntity
  8
9 - LEGENDA
100
AcDbLine
 10
1054.569731133515
 20
118.6246418338123
 30
0.0
 11
1054.569731133515
 21
124.6246418338123
 31
0.0
1001
AcDbBlockRepETag
1070
     1
1071
        9
1005
509
  0
LINE
  5
50A
330
280
100
AcDbEntity
  8
9 - LEGENDA
100
AcDbLine
 10
1085.807180643538
 20
118.6246418338123
 30
0.0
 11
1085.807180643538
 21
124.6246418338123
 31
0.0
1001
AcDbBlockRepETag
1070
     1
1071
       10
1005
50A
  0
INSERT
  5
50B
330
280
100
AcDbEntity
  8
9.7 - LEGENDA
100
AcDbBlockReference
 66
     1
  2
Bloco Revisões de Projeto
 10
-470358.091704015
 20
-51781.87223978917
 30
0.0
1001
AcDbBlockRepETag
1070
     1
1071
       11
1005
50B
  0
ATTRIB
  5
517
330
50B
100
AcDbEntity
  8
9.7 - LEGENDA
100
AcDbText
 10
1129.552520909812
 20
112.9579751671456
 30
0.0
 40
2.0
  1
xxx
  7
Legenda
 72
     4
 11
1131.981092338383
 21
113.6246418338123
 31
0.0
100
AcDbAttribute
  2
XXXXX
 70
     0
280
     1
1001
AcadAnnotative
1000
AnnotativeData
1002
{
1070
     1
1070
     0
1002
}
  0
ATTRIB
  5
518
330
50B
100
AcDbEntity
  8
9.7 - LEGENDA
100
AcDbText
 10
1057.331313031384
 20
112.338927548098
 30
0.0
 40
3.0
  1
xx/xx/xxxx
  7
Legenda
 72
     4
 11
1070.188455888527
 21
113.6246418338123
 31
0.0
100
AcDbAttribute
  2
XX/XX/XX
 70
     0
280
     1
1001
AcadAnnotative
1000
AnnotativeData
1002
{
1070
     1
1070
     0
1002
}
  0
ATTRIB
  5
519
330
50B
100
AcDbEntity
  8
9.7 - LEGENDA
100
AcDbText
 10
1036.522434949932
 20
112.6246418338123
 30
0.0
 40
3.0
  1
xx
  7
Legenda
 72
     4
 11
1038.951006378504
 21
113.6246418338123
 31
0.0
100
AcDbAttribute
  2
XXXX
 70
     0
280
     1
1001
AcadAnnotative
1000
AnnotativeData
1002
{
1070
     1
1070
     0
1002
}
  0
ATTRIB
  5
51A
330
50B
100
AcDbEntity
  8
9.7 - LEGENDA
100
AcDbText
 10
1007.029357114074
 20
112.6246418338123
 30
0.0
 40
3.0
  1
x
  7
Legenda
 72
     4
 11
1008.24364282836
 21
113.6246418338123
 31
0.0
100
AcDbAttribute
  2
XXXX
 70
     0
280
     1
1001
AcadAnnotative
1000
AnnotativeData
1002
{
1070
     1
1070
     0
1002
}
  0
SEQEND
  5
51B
330
50B
100
AcDbEntity
  8
9.7 - LEGENDA
  0
MTEXT
  5
51C
330
280
100
AcDbEntity
  8
02
100
AcDbMText
 10
992.4144030711644
 20
376.5767441307992
 30
0.0
 40
5.0
 41
182.2486592237706
 46
134.010827834225
 71
     1
 72
     5
  3
\pxqj;{\FArialMT|c0;\C1;\c255;Informamos que como as medidas e dimensões do espaço do cliente não foram disponilizadas se faz necessário a confirmação das mesmas antes do início da montagem. As medidas de nossos produtos são as únicas que garantimos 
  1
em projeto.}
  7
DIM
 73
     1
 44
1.0
1001
AcadAnnotative
1000
AnnotativeData
1002
{
1070
     1
1070
     0
1002
}
1001
ACAD
1000
ACAD_MTEXT_DEFINED_HEIGHT_BEGIN
1070
    46
1040
134.010827834225
1000
ACAD_MTEXT_DEFINED_HEIGHT_END
  0
MTEXT
  5
51D
330
280
100
AcDbEntity
  8
02
100
AcDbMText
 10
993.2577646828244
 20
438.1421417819532
 30
0.0
 40
5.0
 41
182.2486592237706
 46
134.010827834225
 71
     1
 72
     5
  3
\pxqj;{\FArialMT|c0;\C1;\c255;Informamos que as medidas e dimensões apresentadas no projeto são baseadas nas informações e dados disponibilizados pelo cliente ou por terceiros autorizados. As medidas de nossos produtos são as únicas que garantimos em
  1
 projeto.}
  7
DIM
 73
     1
 44
1.0
1001
AcadAnnotative
1000
AnnotativeData
1002
{
1070
     1
1070
     0
1002
}
1001
ACAD
1000
ACAD_MTEXT_DEFINED_HEIGHT_BEGIN
1070
    46
1040
134.010827834225
1000
ACAD_MTEXT_DEFINED_HEIGHT_END
  0
TEXT
  5
51E
330
280
100
AcDbEntity
  8
9.7 - LEGENDA
 48
2.0
370
    -2
100
AcDbText
 10
53.87175820658769
 20
779.6569928654644
 30
0.0
 40
8.0
  1
PLANTA BAIXA - ESCALA: 1/30
  7
ROMANS
 72
     4
 11
151.5860439208734
 21
783.0855642940359
 31
0.0
100
AcDbText
1001
AcadAnnotative
1000
AnnotativeData
1002
{
1070
     1
1070
     0
1002
}
  0
TEXT
  5
51F
330
280
100
AcDbEntity
  8
9.7 - LEGENDA
 48
2.0
370
    -2
100
AcDbText
 10
222.3486543453896
 20
32.167205647448
 30
0.0
 40
8.0
  1
CORTES - ESCALA: 1/30
  7
ROMANS
 72
     4
 11
301.0153210120563
 21
35.59577707601943
 31
0.0
100
AcDbText
1001
AcadAnnotative
1000
AnnotativeData
1002
{
1070
     1
1070
     0
1002
}
  0
INSERT
  5
520
330
280
100
AcDbEntity
  8
9.7 - LEGENDA
370
     0
100
AcDbBlockReference
 66
     1
  2
CAPCIDADE TOTAL
 10
-12149.21311251383
 20
-14683.21880125928
 30
0.0
  0
ATTRIB
  5
528
330
520
100
AcDbEntity
  8
9.7 - LEGENDA
100
AcDbText
 10
1148.921985762328
 20
138.5294425751781
 30
0.0
 40
2.5
  1
280 PALLETS
  7
Legenda
 72
     4
 11
1161.362461952804
 21
139.7794425751781
 31
0.0
100
AcDbAttribute
  2
XPALLETS
 70
     0
280
     1
1001
AcDbBlockRepETag
1070
     1
1071
       40
1005
0
1001
AcadAnnotative
1000
AnnotativeData
1002
{
1070
     1
1070
     0
1002
}
  0
SEQEND
  5
529
330
520
100
AcDbEntity
  8
9.7 - LEGENDA
  0
LINE
  5
52A
330
280
100
AcDbEntity
  8
9 - LEGENDA
100
AcDbLine
 10
993.1550040331658
 20
134.6246418338142
 30
0.0
 11
1178.155004033166
 21
134.6246418338142
 31
0.0
1001
AcDbBlockRepETag
1070
     1
1071
        0
1005
52A
  0
INSERT
  5
52B
102
{ACAD_XDICTIONARY
360
52C
102
}
330
280
100
AcDbEntity
  8
0
100
AcDbBlockReference
  2
*U9
 10
1019.013029955004
 20
203.7001313378267
 30
0.0
 41
0.0124369747899238
 42
0.0124369747899238
 43
0.0124369747899238
1001
AcDbBlockRepETag
1070
     1
1071
        0
1005
0
  0
LINE
  5
6E5
330
280
100
AcDbEntity
  8
02
100
AcDbLine
 10
1150.949121680312
 20
235.1708972960394
 30
0.0
 11
1150.949121680312
 21
219.6246788086344
 31
0.0
1001
AcDbBlockRepETag
1070
     1
1071
        1
1005
0
  0
LINE
  5
6E6
330
280
100
AcDbEntity
  8
02
100
AcDbLine
 10
1042.125592268448
 20
235.1708972960394
 30
0.0
 11
1178.155004033263
 21
235.1708972960394
 31
0.0
1001
AcDbBlockRepETag
1070
     1
1071
        2
1005
0
  0
LINE
  5
6E7
330
280
100
AcDbEntity
  8
02
100
AcDbLine
 10
1069.331474621457
 20
235.1708972960394
 30
0.0
 11
1069.331474621457
 21
219.6246788086344
 31
0.0
1001
AcDbBlockRepETag
1070
     1
1071
        3
1005
0
  0
LINE
  5
6E8
330
280
100
AcDbEntity
  8
02
100
AcDbLine
 10
1096.537356974409
 20
227.3977880523369
 30
0.0
 11
1096.537356974409
 21
219.6246788086344
 31
0.0
1001
AcDbBlockRepETag
1070
     1
1071
        4
1005
0
  0
LINE
  5
6E9
330
280
100
AcDbEntity
  8
02
100
AcDbLine
 10
1123.74323932736
 20
227.3977880523369
 30
0.0
 11
1123.74323932736
 21
219.6246788086344
 31
0.0
1001
AcDbBlockRepETag
1070
     1
1071
        5
1005
0
  0
LINE
  5
6EA
330
280
100
AcDbEntity
  8
02
100
AcDbLine
 10
1069.331474621457
 20
227.3977880523369
 30
0.0
 11
1150.949121680312
 21
227.3977880523369
 31
0.0
1001
AcDbBlockRepETag
1070
     1
1071
        6
1005
0
  0
MTEXT
  5
6EB
330
280
100
AcDbEntity
  8
02
 62
     2
100
AcDbMText
 10
1095.326459705681
 20
233.4347726665063
 30
0.0
 40
3.109243697480948
 41
69.81194268779804
 46
0.0
 71
     1
 72
     5
  1
DIMENSÕES (mm)
  7
Legenda
 73
     1
 44
1.0
1001
AcadAnnotative
1000
AnnotativeData
1002
{
1070
     1
1070
     0
1002
}
1001
AcDbBlockRepETag
1070
     1
1071
        7
1005
0
  0
MTEXT
  5
6EC
330
280
100
AcDbEntity
  8
02
 62
     2
100
AcDbMText
 10
1074.922231523579
 20
224.865636209265
 30
0.0
 40
2.331932773110711
 41
69.81194268779804
 46
0.0
 71
     1
 72
     5
  1
LARGURA
  7
Legenda
 73
     1
 44
1.0
1001
AcadAnnotative
1000
AnnotativeData
1002
{
1070
     1
1070
     0
1002
}
1001
AcDbBlockRepETag
1070
     1
1071
        8
1005
0
  0
MTEXT
  5
6ED
330
280
100
AcDbEntity
  8
02
 62
     2
100
AcDbMText
 10
1097.513211404
 20
224.8214342821073
 30
0.0
 40
2.331932773110711
 41
69.81194268779804
 46
0.0
 71
     1
 72
     5
  1
PROFUNDIDADE
  7
Legenda
 73
     1
 44
1.0
1001
AcadAnnotative
1000
AnnotativeData
1002
{
1070
     1
1070
     0
1002
}
1001
AcDbBlockRepETag
1070
     1
1071
        9
1005
0
  0
MTEXT
  5
6EE
330
280
100
AcDbEntity
  8
02
 62
     2
100
AcDbMText
 10
1131.024880330105
 20
224.865636209265
 30
0.0
 40
2.331932773110711
 41
69.81194268779804
 46
0.0
 71
     1
 72
     5
  1
ALTURA
  7
Legenda
 73
     1
 44
1.0
1001
AcadAnnotative
1000
AnnotativeData
1002
{
1070
     1
1070
     0
1002
}
1001
AcDbBlockRepETag
1070
     1
1071
       10
1005
0
  0
MTEXT
  5
6EF
330
280
100
AcDbEntity
  8
02
 62
     2
100
AcDbMText
 10
1046.760876044075
 20
229.3136284414348
 30
0.0
 40
3.109243697480948
 41
69.81194268779804
 46
0.0
 71
     1
 72
     5
  1
MODELO
  7
Legenda
 73
     1
 44
1.0
1001
AcadAnnotative
1000
AnnotativeData
1002
{
1070
     1
1070
     0
1002
}
1001
AcDbBlockRepETag
1070
     1
1071
       11
1005
0
  0
MTEXT
  5
6F0
330
280
100
AcDbEntity
  8
02
100
AcDbMText
 10
1053.268734982729
 20
246.7248729148913
 30
0.0
 40
5.441176470591659
 41
139.1081526549114
 46
15.20831222769222
 71
     1
 72
     5
  1
DETALHAMENTO DO PALLET
  7
Legenda
 73
     1
 44
1.0
1001
AcadAnnotative
1000
AnnotativeData
1002
{
1070
     1
1070
     0
1002
}
1001
AcDbBlockRepETag
1070
     1
1071
       12
1005
0
1001
ACAD
1000
ACAD_MTEXT_DEFINED_HEIGHT_BEGIN
1070
    46
1040
15.20831222769222
1000
ACAD_MTEXT_DEFINED_HEIGHT_END
  0
MTEXT
  5
6F1
330
280
100
AcDbEntity
  8
02
 62
     2
100
AcDbMText
 10
1152.504664034434
 20
229.4435780773627
 30
0.0
 40
3.109243697480948
 41
69.81194268779804
 46
0.0
 71
     1
 72
     5
  1
PESO (Kg)
  7
Legenda
 73
     1
 44
1.0
1001
AcadAnnotative
1000
AnnotativeData
1002
{
1070
     1
1070
     0
1002
}
1001
AcDbBlockRepETag
1070
     1
1071
       13
1005
0
  0
INSERT
  5
6F2
330
280
100
AcDbEntity
  8
02
100
AcDbBlockReference
 66
     1
  2
Bloco 01 Pallet
 10
-470792.7793118928
 20
-51765.62289402201
 30
0.0
1001
AcDbBlockRepETag
1070
     1
1071
       14
1005
0
  0
ATTRIB
  5
700
330
6F2
100
AcDbEntity
  8
02
100
AcDbText
 10
1156.647300952054
 20
209.8515695649319
 30
0.0
 40
4.0
  1
1500
  7
Legenda
 72
     4
 11
1164.552062856816
 21
211.8515695649319
 31
0.0
100
AcDbAttribute
  2
XXXXKG
 70
     0
280
     1
1001
AcadAnnotative
1000
AnnotativeData
1002
{
1070
     1
1070
     0
1002
}
  0
ATTRIB
  5
701
330
6F2
100
AcDbEntity
  8
02
100
AcDbText
 10
1129.727132884817
 20
209.8515695649319
 30
0.0
 40
4.0
  1
2100
  7
Legenda
 72
     4
 11
1137.346180503865
 21
211.8515695649319
 31
0.0
100
AcDbAttribute
  2
XXXX
 70
     0
280
     1
1001
AcadAnnotative
1000
AnnotativeData
1002
{
1070
     1
1070
     0
1002
}
  0
ATTRIB
  5
702
330
6F2
100
AcDbEntity
  8
02
100
AcDbText
 10
1102.235536246152
 20
209.8515695649319
 30
0.0
 40
4.0
  1
1000
  7
Legenda
 72
     4
 11
1110.140298150913
 21
211.8515695649319
 31
0.0
100
AcDbAttribute
  2
XXXX
 70
     0
280
     1
1001
AcadAnnotative
1000
AnnotativeData
1002
{
1070
     1
1070
     0
1002
}
  0
ATTRIB
  5
703
330
6F2
100
AcDbEntity
  8
02
100
AcDbText
 10
1075.0296538932
 20
209.8515695649319
 30
0.0
 40
4.0
  1
1200
  7
Legenda
 72
     4
 11
1082.934415797962
 21
211.8515695649319
 31
0.0
100
AcDbAttribute
  2
XXXX
 70
     0
280
     1
1001
AcadAnnotative
1000
AnnotativeData
1002
{
1070
     1
1070
     0
1002
}
  0
ATTRIB
  5
704
330
6F2
100
AcDbEntity
  8
02
100
AcDbText
 10
1049.061866778286
 20
209.3515695649319
 30
0.0
 40
5.0
  1
P01
  7
Legenda
 72
     4
 11
1055.728533444952
 21
211.8515695649319
 31
0.0
100
AcDbAttribute
  2
A
 70
     0
280
     1
1001
AcadAnnotative
1000
AnnotativeData
1002
{
1070
     1
1070
     0
1002
}
  0
SEQEND
  5
705
330
6F2
100
AcDbEntity
  8
02
  0
LINE
  5
706
330
280
100
AcDbEntity
  8
02
100
AcDbLine
 10
1178.155004033263
 20
249.6246603212265
 30
0.0
 11
1178.155004033263
 21
219.6246788086344
 31
0.0
1001
AcDbBlockRepETag
1070
     1
1071
       15
1005
0
  0
LINE
  5
707
330
280
100
AcDbEntity
  8
02
100
AcDbLine
 10
1178.155004033263
 20
219.6246788086344
 30
0.0
 11
1042.125592268448
 21
219.6246788086344
 31
0.0
1001
AcDbBlockRepETag
1070
     1
1071
       16
1005
0
  0
LINE
  5
708
330
280
100
AcDbEntity
  8
02
100
AcDbLine
 10
1042.125592268448
 20
249.6246603212265
 30
0.0
 11
1178.155004033263
 21
249.6246603212265
 31
0.0
1001
AcDbBlockRepETag
1070
     1
1071
       17
1005
0
  0
LINE
  5
709
330
280
100
AcDbEntity
  8
02
100
AcDbLine
 10
1042.125592268448
 20
189.6246788086344
 30
0.0
 11
993.1550040332629
 21
189.6246788086344
 31
0.0
1001
AcDbBlockRepETag
1070
     1
1071
       18
1005
0
  0
LINE
  5
70A
330
280
100
AcDbEntity
  8
02
100
AcDbLine
 10
993.1550040332629
 20
189.6246788086344
 30
0.0
 11
993.1550040332629
 21
249.6246603212265
 31
0.0
1001
AcDbBlockRepETag
1070
     1
1071
       19
1005
0
  0
LINE
  5
70B
330
280
100
AcDbEntity
  8
02
100
AcDbLine
 10
993.1550040332629
 20
249.6246603212265
 30
0.0
 11
1042.125592268448
 21
249.6246603212265
 31
0.0
1001
AcDbBlockRepETag
1070
     1
1071
       20
1005
0
  0
LINE
  5
70C
330
280
100
AcDbEntity
  8
02
100
AcDbLine
 10
1042.125592268448
 20
219.6246788086344
 30
0.0
 11
1042.125592268448
 21
249.6246603212265
 31
0.0
1001
AcDbBlockRepETag
1070
     1
1071
       21
1005
0
  0
LINE
  5
70D
330
280
100
AcDbEntity
  8
02
100
AcDbLine
 10
1042.125592268448
 20
249.6246603212265
 30
0.0
 11
1042.125592268448
 21
189.6246788086344
 31
0.0
1001
AcDbBlockRepETag
1070
     1
1071
       22
1005
0
  0
INSERT
  5
70E
330
280
100
AcDbEntity
  8
02
100
AcDbBlockReference
 66
     1
  2
Bloco 01 Pallet
 10
-470792.7793118928
 20
-51780.62289402201
 30
0.0
1001
AcDbBlockRepETag
1070
     1
1071
       14
1005
0
1001
AcDbBlockArrayActionTag
1070
     1
  0
ATTRIB
  5
70F
330
70E
100
AcDbEntity
  8
02
100
AcDbText
 10
1156.647300952054
 20
194.8515695649319
 30
0.0
 40
4.0
  1
1500
  7
Legenda
 72
     4
 11
1164.552062856816
 21
196.8515695649319
 31
0.0
100
AcDbAttribute
  2
XXXXKG
 70
     0
280
     1
1001
AcadAnnotative
1000
AnnotativeData
1002
{
1070
     1
1070
     0
1002
}
  0
ATTRIB
  5
710
330
70E
100
AcDbEntity
  8
02
100
AcDbText
 10
1129.441418599103
 20
194.8515695649319
 30
0.0
 40
4.0
  1
1700
  7
Legenda
 72
     4
 11
1137.346180503865
 21
196.8515695649319
 31
0.0
100
AcDbAttribute
  2
XXXX
 70
     0
280
     1
1001
AcadAnnotative
1000
AnnotativeData
1002
{
1070
     1
1070
     0
1002
}
  0
ATTRIB
  5
711
330
70E
100
AcDbEntity
  8
02
100
AcDbText
 10
1102.235536246152
 20
194.8515695649319
 30
0.0
 40
4.0
  1
1000
  7
Legenda
 72
     4
 11
1110.140298150913
 21
196.8515695649319
 31
0.0
100
AcDbAttribute
  2
XXXX
 70
     0
280
     1
1001
AcadAnnotative
1000
AnnotativeData
1002
{
1070
     1
1070
     0
1002
}
  0
ATTRIB
  5
712
330
70E
100
AcDbEntity
  8
02
100
AcDbText
 10
1075.0296538932
 20
194.8515695649319
 30
0.0
 40
4.0
  1
1200
  7
Legenda
 72
     4
 11
1082.934415797962
 21
196.8515695649319
 31
0.0
100
AcDbAttribute
  2
XXXX
 70
     0
280
     1
1001
AcadAnnotative
1000
AnnotativeData
1002
{
1070
     1
1070
     0
1002
}
  0
ATTRIB
  5
713
330
70E
100
AcDbEntity
  8
02
100
AcDbText
 10
1048.347581064
 20
194.3515695649319
 30
0.0
 40
5.0
  1
P02
  7
Legenda
 72
     4
 11
1055.728533444952
 21
196.8515695649319
 31
0.0
100
AcDbAttribute
  2
A
 70
     0
280
     1
1001
AcadAnnotative
1000
AnnotativeData
1002
{
1070
     1
1070
     0
1002
}
  0
SEQEND
  5
714
330
70E
100
AcDbEntity
  8
02
  0
INSERT
  5
715
330
280
100
AcDbEntity
  8
0
100
AcDbBlockReference
 66
     1
  2
Bloco Descrição Drive In
 10
-471057.3633080806
 20
-51745.06554366904
 30
0.0
1001
AcDbBlockRepETag
1070
     1
1071
        1
1005
0
  0
ATTRIB
  5
727
330
715
100
AcDbEntity
  8
02
100
AcDbText
 10
993.4295278424668
 20
148.4746418339331
 30
0.0
 40
2.3
  1
BLOCO A
  7
Legenda
 72
     4
 11
1001.370004032943
 21
149.6246418339331
 31
0.0
100
AcDbAttribute
  2
A
 70
     0
280
     1
1001
AcadAnnotative
1000
AnnotativeData
1002
{
1070
     1
1070
     0
1002
}
  0
ATTRIB
  5
728
330
715
100
AcDbEntity
  8
02
100
AcDbText
 10
1013.323813556687
 20
148.7674989767903
 30
0.0
 40
2.0
  1
22830/5705/8800
  7
Legenda
 72
     4
 11
1027.800004032878
 21
149.6246418339331
 31
0.0
100
AcDbAttribute
  2
LARGXPROFXALT
 70
     0
280
     1
1001
AcadAnnotative
1000
AnnotativeData
1002
{
1070
     1
1070
     0
1002
}
  0
ATTRIB
  5
729
330
715
100
AcDbEntity
  8
02
100
AcDbText
 10
1047.134765937575
 20
148.4341656434569
 30
0.0
 40
2.0
  1
PISO+03 NÍVEIS
  7
Legenda
 72
     4
 11
1059.230004032813
 21
149.6246418339331
 31
0.0
100
AcDbAttribute
  2
BASE+XXPALLETS
 70
     0
280
     1
1001
AcadAnnotative
1000
AnnotativeData
1002
{
1070
     1
1070
     0
1002
}
  0
ATTRIB
  5
72A
330
715
100
AcDbEntity
  8
02
100
AcDbText
 10
1078.707623080366
 20
148.6246418339331
 30
0.0
 40
2.0
  1
1500 KG
  7
Legenda
 72
     4
 11
1085.660004032747
 21
149.6246418339331
 31
0.0
100
AcDbAttribute
  2
XXKG
 70
     0
280
     1
1001
AcadAnnotative
1000
AnnotativeData
1002
{
1070
     1
1070
     0
1002
}
  0
ATTRIB
  5
72B
330
715
100
AcDbEntity
  8
02
100
AcDbText
 10
1103.090004032915
 20
148.6246418339331
 30
0.0
 40
2.0
  1
20 PALLETS
  7
Legenda
 72
     4
 11
1112.090004032915
 21
149.6246418339331
 31
0.0
100
AcDbAttribute
  2
XXPALLETS
 70
     0
280
     1
1001
AcadAnnotative
1000
AnnotativeData
1002
{
1070
     1
1070
     0
1002
}
  0
ATTRIB
  5
72C
330
715
100
AcDbEntity
  8
02
100
AcDbText
 10
1131.615242128088
 20
148.6246418339331
 30
0.0
 40
2.0
  1
14 RUAS
  7
Legenda
 72
     4
 11
1138.52000403285
 21
149.6246418339331
 31
0.0
100
AcDbAttribute
  2
XRUAS
 70
     0
280
     1
1001
AcadAnnotative
1000
AnnotativeData
1002
{
1070
     1
1070
     0
1002
}
  0
ATTRIB
  5
72D
330
715
100
AcDbEntity
  8
02
100
AcDbText
 10
1154.997623080404
 20
148.6246418339331
 30
0.0
 40
2.0
  1
280 PALLETS
  7
Legenda
 72
     4
 11
1164.950004032785
 21
149.6246418339331
 31
0.0
100
AcDbAttribute
  2
XXXPALLETS
 70
     0
280
     1
1001
AcadAnnotative
1000
AnnotativeData
1002
{
1070
     1
1070
     0
1002
}
  0
SEQEND
  5
72E
330
715
100
AcDbEntity
  8
0
  0
LINE
  5
72F
330
280
100
AcDbEntity
  8
02
100
AcDbLine
 10
993.1550040332083
 20
174.6246418338167
 30
0.0
 11
1178.155004033208
 21
174.6246418338167
 31
0.0
1001
AcDbBlockRepETag
1070
     1
1071
        2
1005
0
  0
LINE
  5
730
330
280
100
AcDbEntity
  8
02
100
AcDbLine
 10
1009.585004033201
 20
154.6246418338167
 30
0.0
 11
1009.585004033201
 21
174.6246418338167
 31
0.0
1001
AcDbBlockRepETag
1070
     1
1071
        3
1005
0
  0
LINE
  5
731
330
280
100
AcDbEntity
  8
02
100
AcDbLine
 10
1046.015004033194
 20
154.6246418338167
 30
0.0
 11
1046.015004033194
 21
174.6246418338167
 31
0.0
1001
AcDbBlockRepETag
1070
     1
1071
        4
1005
0
  0
LINE
  5
732
330
280
100
AcDbEntity
  8
02
100
AcDbLine
 10
1072.445004033187
 20
154.6246418338167
 30
0.0
 11
1072.445004033187
 21
174.6246418338167
 31
0.0
1001
AcDbBlockRepETag
1070
     1
1071
        5
1005
0
  0
LINE
  5
733
330
280
100
AcDbEntity
  8
02
100
AcDbLine
 10
1098.87500403318
 20
154.6246418338167
 30
0.0
 11
1098.87500403318
 21
174.6246418338167
 31
0.0
1001
AcDbBlockRepETag
1070
     1
1071
        6
1005
0
  0
LINE
  5
734
330
280
100
AcDbEntity
  8
02
100
AcDbLine
 10
1125.305004033232
 20
154.6246418338167
 30
0.0
 11
1125.305004033232
 21
174.6246418338167
 31
0.0
1001
AcDbBlockRepETag
1070
     1
1071
        7
1005
0
  0
LINE
  5
735
330
280
100
AcDbEntity
  8
02
100
AcDbLine
 10
1151.735004033225
 20
154.6246418338167
 30
0.0
 11
1151.735004033225
 21
174.6246418338167
 31
0.0
1001
AcDbBlockRepETag
1070
     1
1071
        8
1005
0
  0
MTEXT
  5
736
330
280
100
AcDbEntity
  8
02
100
AcDbMText
 10
1024.646201526019
 20
185.4355314304674
 30
0.0
 40
5.0
 41
159.1197780857071
 46
0.0
 71
     1
 72
     5
  1
DESCRIÇÕES TÉCNICAS DRIVE IN
  7
Legenda
 73
     1
 44
1.0
1001
AcadAnnotative
1000
AnnotativeData
1002
{
1070
     1
1070
     0
1002
}
1001
AcDbBlockRepETag
1070
     1
1071
        9
1005
0
  0
MTEXT
  5
737
330
280
100
AcDbEntity
  8
02
100
AcDbMText
 10
994.3598593035429
 20
168.7175992117598
 30
0.0
 40
2.0
 41
13.36848458985332
 46
3.189371173402053
 71
     1
 72
     5
  1
\pxqc;TIPO DRIVE IN
  7
Legenda
 73
     1
 44
1.0
1001
AcadAnnotative
1000
AnnotativeData
1002
{
1070
     1
1070
     0
1002
}
1001
AcDbBlockRepETag
1070
     1
1071
       10
1005
0
1001
ACAD
1000
ACAD_MTEXT_DEFINED_HEIGHT_BEGIN
1070
    46
1040
3.189371173402053
1000
ACAD_MTEXT_DEFINED_HEIGHT_END
  0
MTEXT
  5
738
330
280
100
AcDbEntity
  8
02
100
AcDbMText
 10
1016.703653799516
 20
168.420824996462
 30
0.0
 40
2.0
 41
22.45288026623894
 46
3.189371173402053
 71
     1
 72
     5
  1
\pxqc;DIMENSÃO DA RUA\P{\H0.75x;(LARG./COMP./ALT.)}
  7
Legenda
 73
     1
 44
1.0
1001
AcadAnnotative
1000
AnnotativeData
1002
{
1070
     1
1070
     0
1002
}
1001
AcDbBlockRepETag
1070
     1
1071
       11
1005
0
1001
ACAD
1000
ACAD_MTEXT_DEFINED_HEIGHT_BEGIN
1070
    46
1040
3.189371173402053
1000
ACAD_MTEXT_DEFINED_HEIGHT_END
  0
MTEXT
  5
739
330
280
100
AcDbEntity
  8
02
100
AcDbMText
 10
1052.909657339246
 20
167.0395336293412
 30
0.0
 40
2.0
 41
13.36848458985332
 46
3.189371173402053
 71
     1
 72
     5
  1
\pxqc;EMPILHAMENTO
  7
Legenda
 73
     1
 44
1.0
1001
AcadAnnotative
1000
AnnotativeData
1002
{
1070
     1
1070
     0
1002
}
1001
AcDbBlockRepETag
1070
     1
1071
       12
1005
0
1001
ACAD
1000
ACAD_MTEXT_DEFINED_HEIGHT_BEGIN
1070
    46
1040
3.189371173402053
1000
ACAD_MTEXT_DEFINED_HEIGHT_END
  0
MTEXT
  5
73A
330
280
100
AcDbEntity
  8
02
100
AcDbMText
 10
1071.313333495317
 20
167.5677475951932
 30
0.0
 40
2.0
 41
29.14775011973688
 46
3.189371173402053
 71
     1
 72
     5
  1
\pxqc;CARGA MÁXIMA POR PLANO
  7
Legenda
 73
     1
 44
1.0
1001
AcadAnnotative
1000
AnnotativeData
1002
{
1070
     1
1070
     0
1002
}
1001
AcDbBlockRepETag
1070
     1
1071
       13
1005
0
1001
ACAD
1000
ACAD_MTEXT_DEFINED_HEIGHT_BEGIN
1070
    46
1040
3.189371173402053
1000
ACAD_MTEXT_DEFINED_HEIGHT_END
  0
MTEXT
  5
73B
330
280
100
AcDbEntity
  8
02
100
AcDbMText
 10
1127.194694538805
 20
169.3460870813549
 30
0.0
 40
2.0
 41
22.33207101351582
 46
3.189371173402053
 71
     1
 72
     5
  1
\pxqc;QUANTIDADE DE RUA
  7
Legenda
 73
     1
 44
1.0
1001
AcadAnnotative
1000
AnnotativeData
1002
{
1070
     1
1070
     0
1002
}
1001
AcDbBlockRepETag
1070
     1
1071
       14
1005
0
1001
ACAD
1000
ACAD_MTEXT_DEFINED_HEIGHT_BEGIN
1070
    46
1040
3.189371173402053
1000
ACAD_MTEXT_DEFINED_HEIGHT_END
  0
MTEXT
  5
73C
330
280
100
AcDbEntity
  8
02
100
AcDbMText
 10
1158.460630895774
 20
170.5648735817566
 30
0.0
 40
2.0
 41
13.36848458985332
 46
3.189371173402053
 71
     1
 72
     5
  1
\pxqc;CAPACIDADE ARMAZENAGEM TOTAL
  7
Legenda
 73
     1
 44
1.0
1001
AcadAnnotative
1000
AnnotativeData
1002
{
1070
     1
1070
     0
1002
}
1001
AcDbBlockRepETag
1070
     1
1071
       15
1005
0
1001
ACAD
1000
ACAD_MTEXT_DEFINED_HEIGHT_BEGIN
1070
    46
1040
3.189371173402053
1000
ACAD_MTEXT_DEFINED_HEIGHT_END
  0
MTEXT
  5
73D
330
280
100
AcDbEntity
  8
02
100
AcDbMText
 10
1097.748333495315
 20
170.4165878908723
 30
0.0
 40
2.0
 41
29.14775011973688
 46
3.189371173402053
 71
     1
 72
     5
  1
\pxqc;CAP. DE ARMAZENAMENTO POR RUA
  7
Legenda
 73
     1
 44
1.0
1001
AcadAnnotative
1000
AnnotativeData
1002
{
1070
     1
1070
     0
1002
}
1001
AcDbBlockRepETag
1070
     1
1071
       16
1005
0
1001
ACAD
1000
ACAD_MTEXT_DEFINED_HEIGHT_BEGIN
1070
    46
1040
3.189371173402053
1000
ACAD_MTEXT_DEFINED_HEIGHT_END
  0
LWPOLYLINE
  5
73E
330
280
100
AcDbEntity
  8
02
100
AcDbPolyline
 90
        4
 70
     1
 43
0.0
 10
993.1550040332083
 20
189.6246418338167
 10
1178.155004033208
 20
189.6246418338167
 10
1178.155004033208
 20
154.6246418338167
 10
993.1550040332083
 20
154.6246418338167
1001
AcDbBlockRepETag
1070
     1
1071
       17
1005
0
  0
ENDBLK
  5
740
330
280
100
AcDbEntity
  8
0
100
AcDbBlockEnd
  0
BLOCK
  5
2A5
330
2A2
100
AcDbEntity
  8
0
100
AcDbBlockBegin
  2
_Oblique
 70
     0
 10
0.0
 20
0.0
 30
0.0
  3
_Oblique
  1

  0
LINE
  5
2A6
330
2A2
100
AcDbEntity
  8
0
  6
ByBlock
 62
     0
370
    -2
100
AcDbLine
 10
-0.5
 20
-0.5
 30
0.0
 11
0.5
 21
0.5
 31
0.0
  0
ENDBLK
  5
2A7
330
2A2
100
AcDbEntity
  8
0
100
AcDbBlockEnd
  0
BLOCK
  5
2DF
330
2DE
100
AcDbEntity
  8
0
100
AcDbBlockBegin
  2
FORMATO DE FOLHA A0
 70
     0
 10
0.0
 20
0.0
 30
0.0
  3
FORMATO DE FOLHA A0
  1

  0
LINE
  5
2E0
330
2DE
100
AcDbEntity
  8
9.7 - LEGENDA
 62
     7
100
AcDbLine
 10
16142.8699536984
 20
18197.00529605156
 30
0.0
 11
16134.8699536984
 21
18197.00529605156
 31
0.0
  0
TEXT
  5
2E1
330
2DE
100
AcDbEntity
  8
9.7 - LEGENDA
 62
     7
100
AcDbText
 10
16090.90923941268
 20
17904.25529605156
 30
0.0
 40
1.5
  1
FORMATO A0 - 1189 x 841mm
 41
1.15
 51
8.0
  7
ROMANS
 72
     2
 11
16133.8699536984
 21
17905.00529605156
 31
0.0
100
AcDbText
 73
     2
  0
LINE
  5
2E2
330
2DE
100
AcDbEntity
  8
9.7 - LEGENDA
 62
     7
100
AcDbLine
 10
14980.67137753573
 20
18197.00529605156
 30
0.0
 11
14955.7149496652
 21
18172.04886818104
 31
0.0
  0
LINE
  5
2E3
330
2DE
100
AcDbEntity
  8
9.7 - LEGENDA
 62
     7
100
AcDbLine
 10
14980.67137753573
 20
18197.00529605156
 30
0.0
 11
14955.7149496652
 21
18197.00529605156
 31
0.0
  0
LWPOLYLINE
  5
2E4
330
2DE
100
AcDbEntity
  8
9.7 - LEGENDA
 62
     7
100
AcDbPolyline
 90
        4
 70
     1
 43
0.0
 10
16143.91352582787
 20
17900.00529605156
 10
14955.7149496652
 20
17900.00529605156
 10
14955.7149496652
 20
18736.97038915727
 10
16143.8699536984
 20
18736.97038915727
  0
LWPOLYLINE
  5
2E5
330
2DE
100
AcDbEntity
  8
9.7 - LEGENDA
 62
     7
100
AcDbPolyline
 90
        4
 70
     1
 43
0.0
 10
16133.8699536984
 20
17910.00529605156
 10
14980.67137753573
 20
17910.00529605156
 10
14980.67137753573
 20
18726.97038915727
 10
16133.8699536984
 20
18726.97038915727
  0
LINE
  5
2E6
330
2DE
100
AcDbEntity
  8
9.7 - LEGENDA
 62
     7
100
AcDbLine
 10
16142.8699536984
 20
18464.2843070894
 30
0.0
 11
16134.8699536984
 21
18464.2843070894
 31
0.0
  0
LINE
  5
2E7
330
2DE
100
AcDbEntity
  8
9.7 - LEGENDA
 62
     7
100
AcDbLine
 10
14980.67137753573
 20
18464.2843070894
 30
0.0
 11
14955.7149496652
 21
18464.2843070894
 31
0.0
  0
LINE
  5
2E8
330
2DE
100
AcDbEntity
  8
9.7 - LEGENDA
 62
     7
100
AcDbLine
 10
15933.8699536984
 20
18736.97038915727
 30
0.0
 11
15933.8699536984
 21
18726.97038915727
 31
0.0
  0
LINE
  5
2E9
330
2DE
100
AcDbEntity
  8
9.7 - LEGENDA
 62
     7
100
AcDbLine
 10
15723.8699536984
 20
18736.97038915727
 30
0.0
 11
15723.8699536984
 21
18726.97038915727
 31
0.0
  0
LINE
  5
2EA
330
2DE
100
AcDbEntity
  8
9.7 - LEGENDA
 62
     7
100
AcDbLine
 10
15513.8699536984
 20
18736.97038915727
 30
0.0
 11
15513.8699536984
 21
18726.97038915727
 31
0.0
  0
LINE
  5
2EB
330
2DE
100
AcDbEntity
  8
9.7 - LEGENDA
 62
     7
100
AcDbLine
 10
15303.8699536984
 20
18736.97038915727
 30
0.0
 11
15303.8699536984
 21
18726.97038915727
 31
0.0
  0
LINE
  5
2EC
330
2DE
100
AcDbEntity
  8
9.7 - LEGENDA
 62
     7
100
AcDbLine
 10
15093.8699536984
 20
18736.97038915727
 30
0.0
 11
15093.8699536984
 21
18726.97038915727
 31
0.0
  0
LINE
  5
2ED
330
2DE
100
AcDbEntity
  8
9.7 - LEGENDA
 62
     7
100
AcDbLine
 10
15933.8699536984
 20
17910.00529605156
 30
0.0
 11
15933.8699536984
 21
17900.00529605156
 31
0.0
  0
LINE
  5
2EE
330
2DE
100
AcDbEntity
  8
9.7 - LEGENDA
 62
     7
100
AcDbLine
 10
15723.8699536984
 20
17910.00529605156
 30
0.0
 11
15723.8699536984
 21
17900.00529605156
 31
0.0
  0
LINE
  5
2EF
330
2DE
100
AcDbEntity
  8
9.7 - LEGENDA
 62
     7
100
AcDbLine
 10
15513.8699536984
 20
17910.00529605156
 30
0.0
 11
15513.8699536984
 21
17900.00529605156
 31
0.0
  0
LINE
  5
2F0
330
2DE
100
AcDbEntity
  8
9.7 - LEGENDA
 62
     7
100
AcDbLine
 10
15303.8699536984
 20
17910.00529605156
 30
0.0
 11
15303.8699536984
 21
17900.00529605156
 31
0.0
  0
LINE
  5
2F1
330
2DE
100
AcDbEntity
  8
9.7 - LEGENDA
 62
     7
100
AcDbLine
 10
15093.8699536984
 20
17910.00529605156
 30
0.0
 11
15093.8699536984
 21
17900.00529605156
 31
0.0
  0
ENDBLK
  5
2F2
330
2DE
100
AcDbEntity
  8
0
100
AcDbBlockEnd
  0
BLOCK
  5
2F5
330
2F4
100
AcDbEntity
  8
0
100
AcDbBlockBegin
  2
Tabela Observações
 70
     0
 10
0.0
 20
0.0
 30
0.0
  3
Tabela Observações
  1
Acad:XRef
  0
MTEXT
  5
2F6
102
{ACAD_XDICTIONARY
360
2F7
102
}
330
2F4
100
AcDbEntity
  8
9 - LEGENDA
370
     5
100
AcDbMText
 10
-109.8070267885341
 20
60.0081465709462
 30
0.0
 40
3.0
 41
37.15195202158066
 46
0.0
 71
     1
 72
     5
  1
OBSERVAÇÕES
  7
Legenda
 73
     1
 44
1.0
1001
ACAD
1000
ACAD_MTEXT_COLUMN_INFO_BEGIN
1070
    75
1070
     2
1070
    79
1070
     0
1070
    76
1070
     1
1070
    78
1070
     0
1070
    48
1040
37.15195202158066
1070
    49
1040
15.0
1070
    50
1070
     1
1040
11.5686534162818
1000
ACAD_MTEXT_COLUMN_INFO_END
  0
MTEXT
  5
2F8
102
{ACAD_XDICTIONARY
360
2F9
102
}
330
2F4
100
AcDbEntity
  8
9 - LEGENDA
370
     5
100
AcDbMText
 10
-179.9085662772413
 20
51.71062838984822
 30
0.0
 40
2.0
 41
174.8428394279908
 46
0.0
 71
     1
 72
     5
  3
\A1;\pxi-3,l3,ql,t3;{\fSymbol|b0|i0|c2|p18;\H1.25x;·^I\Fromans.shx|c0;É de responsabilidade do cliente a resistência e a planicidade do piso, conforme \Fromans.shx|c0;normas específicas.\P\fSymbol|b0|i0|c2|p18;·^I\Fromans.shx|c0;As estruturas estarão a
  3
ptas a suportar a carga estipulada no projeto, desde que \Fromans.shx|c0;sejam evitados os choques com a estrutura e respeitada as alturas dos planos planos descritos em projeto.\P\fSymbol|b0|i0|c2|p18;·^I\Fromans.shx|c0;Este projeto é de responsabili
  3
dade da METALURGICA AMAPÁ LTDA, sendo proibido sua \Fromans.shx|c0;reprodução total ou sem comunicação por escrito desta.\P\fSymbol|b0|i0|c2|p18;·^I\Fromans.shx|c0;Todas as medidas devem ser conferidas no local.\P\Fromans.shx|c0;\PNORMAS APLICÁVEIS A 
  1
ESTES PRODUTOS:\P\fSymbol|b0|i0|c2|p18;·^I\Fromans.shx|c0;NBR 6120/2019 - NBR 17150/2024 - NBR 8800/2024 - NBR 14762/2010.\P\fSymbol|b0|i0|c2|p18;·^I\Fromans.shx|c0;FEM-10.3.01 - FEM-10.2.02}
  7
ROMANS
 73
     1
 44
1.0
1001
AcadAnnotative
1000
AnnotativeData
1002
{
1070
     1
1070
     0
1002
}
1001
ACAD
1000
ACAD_MTEXT_COLUMN_INFO_BEGIN
1070
    75
1070
     2
1070
    79
1070
     0
1070
    76
1070
     1
1070
    78
1070
     0
1070
    48
1040
174.8428394279908
1070
    49
1040
15.0
1070
    50
1070
     1
1040
95.64971922277778
1000
ACAD_MTEXT_COLUMN_INFO_END
  0
LINE
  5
2FA
330
2F4
100
AcDbEntity
  8
9 - LEGENDA
370
     5
100
AcDbLine
 10
-185.0
 20
-0.0000000000929035
 30
0.0
 11
-185.0
 21
60.9999999999071
 31
0.0
  0
LINE
  5
2FB
330
2F4
100
AcDbEntity
  8
9 - LEGENDA
370
     5
100
AcDbLine
 10
-185.0
 20
54.9999999999071
 30
0.0
 11
0.0
 21
54.9999999999071
 31
0.0
  0
LINE
  5
2FC
330
2F4
100
AcDbEntity
  8
9 - LEGENDA
370
     5
100
AcDbLine
 10
-185.0
 20
60.9999999999071
 30
0.0
 11
0.0
 21
60.9999999999071
 31
0.0
  0
LINE
  5
2FD
330
2F4
100
AcDbEntity
  8
9 - LEGENDA
370
     5
100
AcDbLine
 10
0.0
 20
60.9999999999071
 30
0.0
 11
0.0
 21
-0.0000000000929035
 31
0.0
  0
LINE
  5
2FE
330
2F4
100
AcDbEntity
  8
9 - LEGENDA
370
     5
100
AcDbLine
 10
0.0
 20
-0.0000000000929035
 30
0.0
 11
-185.0
 21
-0.0000000000929035
 31
0.0
  0
ENDBLK
  5
2FF
330
2F4
100
AcDbEntity
  8
0
100
AcDbBlockEnd
  0
BLOCK
  5
302
330
301
100
AcDbEntity
  8
0
100
AcDbBlockBegin
  2
CABEÇALHO
 70
     2
 10
0.0
 20
0.0
 30
0.0
  3
CABEÇALHO
  1

  0
INSERT
  5
303
330
301
100
AcDbEntity
  8
0
100
AcDbBlockReference
  2
Bloco Legenda Supra 02
 10
12631.85929409521
 20
14895.16254114626
 30
0.0
  0
HATCH
  5
31B
330
301
100
AcDbEntity
  8
9.1 - LEGENDA
 62
    30
420
 15884331
370
     0
100
AcDbHatch
 10
0.0
 20
0.0
 30
0.0
210
0.0
220
0.0
230
1.0
  2
SOLID
 70
     1
 71
     0
 91
        4
 92
        7
 72
     1
 73
     1
 93
        6
 10
12489.13338262467
 20
14862.25211346835
 42
0.0
 10
12488.67033177866
 20
14862.25211346836
 42
0.2771400432979557
 10
12488.53764335481
 20
14862.17244808999
 42
0.0
 10
12487.75931392536
 20
14860.71104037371
 42
0.0
 10
12488.22167238391
 20
14860.7110403737
 42
0.2770407088740773
 10
12488.3543347213
 20
14860.79065679352
 42
0.0
 97
        0
 92
        7
 72
     1
 73
     1
 93
        6
 10
12489.89649357689
 20
14862.25211346835
 42
0.0
 10
12489.43344273112
 20
14862.25211346836
 42
0.2771400444106227
 10
12489.30075430715
 20
14862.17244808999
 42
0.0
 10
12488.52242487782
 20
14860.71104037371
 42
0.0
 10
12488.9853768126
 20
14860.7110403737
 42
0.2771258502528869
 10
12489.11806151034
 20
14860.79069875623
 42
0.0
 97
        0
 92
        7
 72
     1
 73
     1
 93
        6
 10
12490.65960452923
 20
14862.25211346835
 42
0.0
 10
12490.1972460708
 20
14862.25211346836
 42
0.2770407075883227
 10
12490.06458373341
 20
14862.17249704854
 42
0.0
 10
12489.28553583015
 20
14860.71104037371
 42
0.0
 10
12489.74848776493
 20
14860.7110403737
 42
0.2771258499746986
 10
12489.88117246256
 20
14860.79069875623
 42
0.0
 97
        0
 92
        7
 72
     1
 73
     1
 93
       16
 10
12491.16124915712
 20
14861.07217784674
 42
0.2769585658269271
 10
12491.05715077984
 20
14861.00972549998
 42
0.0
 10
12490.89779550159
 20
14860.71100224486
 42
0.0
 10
12492.3457388619
 20
14860.71100224486
 42
0.0
 10
12491.58777810396
 20
14862.1340807912
 42
0.2771334103651715
 10
12491.39124420072
 20
14862.25207533949
 42
0.0
 10
12491.00373244095
 20
14862.25207533949
 42
0.277133409594654
 10
12490.80719853771
 20
14862.13408079123
 42
0.0
 10
12490.04923777977
 20
14860.71100224486
 42
0.0
 10
12490.51088042542
 20
14860.71100224485
 42
0.2771752467207945
 10
12490.64566116916
 20
14860.79193582984
 42
0.0
 10
12491.19744065982
 20
14861.82820648385
 42
0.0
 10
12491.54277828064
 20
14861.18012697053
 42
-0.1283025093501997
 10
12491.54930580543
 20
14861.15278869159
 42
0.0
 10
12491.54876200932
 20
14861.12668647739
 42
-0.4081255792984271
 10
12491.49310595434
 20
14861.07217784674
 42
0.0
 97
        0
 75
     1
 76
     1
 47
0.0
 98
        4
 10
12488.50956512926
 20
14861.35437320787
 10
12489.36958274952
 20
14861.34732388311
 10
12490.13795914788
 20
14861.41781713067
 10
12490.87813824726
 20
14861.43191578018
450
        0
451
        0
460
0.0
461
0.0
452
        1
462
0.0
453
        2
463
0.0
 63
     5
421
      255
463
1.0
 63
    18
421
        0
470
LINEAR
1001
ACAD
1010
0.0
1020
0.0
1030
0.0
1001
AcadAnnotative
1000
AnnotativeData
1002
{
1070
     1
1070
     0
1002
}
  0
HATCH
  5
31C
330
301
100
AcDbEntity
  8
9.1 - LEGENDA
 62
    30
420
 15884331
370
     0
100
AcDbHatch
 10
0.0
 20
0.0
 30
0.0
210
0.0
220
0.0
230
1.0
  2
SOLID
 70
     1
 71
     0
 91
       32
 92
        7
 72
     1
 73
     1
 93
        9
 10
12462.75035804052
 20
14861.14867410053
 42
0.0
 10
12462.75035804052
 20
14862.98442583611
 42
0.0
 10
12462.43350723533
 20
14862.98442583611
 42
0.0
 10
12462.43350723533
 20
14861.16508834005
 42
0.9999999999857802
 10
12464.48026430149
 20
14861.16508834005
 42
0.0
 10
12464.48026430149
 20
14862.98442583611
 42
0.0
 10
12464.16360414071
 20
14862.98442583611
 42
0.0
 10
12464.16360414059
 20
14861.16508834002
 42
-0.9884528809562504
 10
12462.75035804052
 20
14861.1486741003
 42
0.0
 97
        0
 92
        7
 72
     0
 73
     1
 93
       16
 10
12466.18554885274
 20
14860.06859772288
 10
12466.94498037042
 20
14861.90011738889
 10
12467.11551168522
 20
14862.37110410013
 10
12467.11551168522
 20
14860.14170980697
 10
12467.4200659338
 20
14860.14170980697
 10
12467.4200659338
 20
14862.98440677167
 10
12467.07490445204
 20
14862.98440677167
 10
12466.39668740072
 20
14861.28281118731
 10
12466.19365123493
 20
14860.73051468764
 10
12465.99061506925
 20
14861.28281118731
 10
12465.32059572226
 20
14862.98440677167
 10
12464.96723653617
 20
14862.98440677167
 10
12464.96723653617
 20
14860.14170980697
 10
12465.27179078486
 20
14860.14170980697
 10
12465.27179078486
 20
14862.37110410013
 10
12465.43831856952
 20
14861.90011738889
 97
        0
 92
        7
 72
     0
 73
     1
 93
        8
 10
12470.0917740373
 20
14860.14170980697
 10
12469.1049992075
 20
14862.98440677167
 10
12468.75573887346
 20
14862.98440677167
 10
12467.7688687214
 20
14860.14170980697
 10
12468.09372658663
 20
14860.14170980697
 10
12468.34146883766
 20
14860.86453762146
 10
12469.515075069
 20
14860.86453762146
 10
12469.75871846786
 20
14860.14170980697
 97
        0
 92
        7
 72
     0
 73
     1
 93
       16
 10
12472.47503733468
 20
14860.06859772288
 10
12473.23446885225
 20
14861.90011738889
 10
12473.40500016705
 20
14862.37110410013
 10
12473.40500016705
 20
14860.14170980697
 10
12473.70955441574
 20
14860.14170980697
 10
12473.70955441574
 20
14862.98440677167
 10
12473.36439293386
 20
14862.98440677167
 10
12472.68627120469
 20
14861.28281118731
 10
12472.48313971686
 20
14860.73051468764
 10
12472.28010355107
 20
14861.28281118731
 10
12471.6100842042
 20
14862.98440677167
 10
12471.25682034025
 20
14862.98440677167
 10
12471.25682034025
 20
14860.14170980697
 10
12471.56127926668
 20
14860.14170980697
 10
12471.56127926668
 20
14862.37110410013
 10
12471.72780705146
 20
14861.90011738889
 97
        0
 92
        7
 72
     0
 73
     1
 93
        8
 10
12476.38127205144
 20
14860.14170980697
 10
12475.39449722153
 20
14862.98440677167
 10
12475.0452368876
 20
14862.98440677167
 10
12474.05836673554
 20
14860.14170980697
 10
12474.38322460065
 20
14860.14170980697
 10
12474.6309668518
 20
14860.86453762146
 10
12475.80457308314
 20
14860.86453762146
 10
12476.04821648189
 20
14860.14170980697
 97
        0
 92
        7
 72
     1
 73
     1
 93
       10
 10
12478.07028511291
 20
14861.37616969471
 42
0.3404540232622124
 10
12478.65908999353
 20
14862.18030729763
 42
0.4142135625319516
 10
12477.85504771276
 20
14862.98434957839
 42
0.0
 10
12476.7301510969
 20
14862.98434957839
 42
0.0
 10
12476.7301510969
 20
14860.14165261369
 42
0.0
 10
12477.04690657983
 20
14860.14165261369
 42
0.0
 10
12477.04690657983
 20
14861.3518625481
 42
0.0
 10
12477.72102477898
 20
14861.3518625481
 42
0.0
 10
12478.33022859828
 20
14860.14165261369
 42
0.0
 10
12478.69559837455
 20
14860.14165261369
 42
0.0
 97
        0
 92
        5
 93
        4
 72
     3
 10
12480.16335920858
 20
14861.56299156383
 11
0.005868432428452615
 21
1.421269641502464
 40
0.8128322552273043
 50
318.8452133540774
 51
582.7375263185695
 73
     1
 72
     1
 10
12481.02687630845
 20
14860.62065947917
 11
12480.79728134124
 21
14860.82042007218
 72
     3
 10
12480.16335920858
 20
14861.5630392249
 11
-0.001971652131292157
 21
1.132966342487655
 40
0.7401849347672285
 50
-580.3853629617438
 51
-322.0129505366467
 73
     0
 72
     1
 10
12480.7706483261
 20
14862.34349214497
 11
12481.01332767944
 21
14862.52738467537
 97
        0
 92
        7
 72
     0
 73
     1
 93
        8
 10
12483.60471736356
 20
14860.14170980697
 10
12482.61794253377
 20
14862.98440677167
 10
12482.26868219961
 20
14862.98440677167
 10
12481.28181204755
 20
14860.14170980697
 10
12481.60666991289
 20
14860.14170980697
 10
12481.8544121638
 20
14860.86453762146
 10
12483.02801839514
 20
14860.86453762146
 10
12483.27166179412
 20
14860.14170980697
 97
        0
 92
        7
 72
     1
 73
     1
 93
        2
 10
12493.55923741028
 20
14861.48158645324
 42
0.999999999985476
 10
12486.54572005496
 20
14861.48158645324
 42
0.999999999985476
 97
        0
 92
        7
 72
     0
 73
     1
 93
       20
 10
12496.56693700546
 20
14860.35995938684
 10
12496.69819559723
 20
14860.2747413905
 10
12496.82220970591
 20
14859.80613773286
 10
12496.95365894186
 20
14859.72806889729
 10
12498.75620067628
 20
14859.72806889729
 10
12498.85104620895
 20
14859.7920300556
 10
12498.85104620895
 20
14859.80613773286
 10
12498.09218662438
 20
14863.1145786909
 10
12497.95339758329
 20
14863.19979668723
 10
12496.12893175586
 20
14863.19979668723
 10
12496.03399090092
 20
14863.1145786909
 10
12496.0633501211
 20
14862.95834569763
 10
12496.09976317997
 20
14862.80220802652
 10
12496.05601031609
 20
14862.6673271934
 10
12493.92498847501
 20
14859.77067789545
 10
12493.99800523704
 20
14859.72806889729
 10
12494.57451356117
 20
14859.72806889729
 10
12494.74962033886
 20
14859.81319157148
 10
12495.09258941138
 20
14860.2747413905
 10
12495.27513131623
 20
14860.35995938684
 97
        0
 92
        7
 72
     1
 73
     1
 93
       37
 10
12505.36094808342
 20
14861.64547381464
 42
0.0
 10
12505.37553237142
 20
14861.77320548698
 42
0.3394602216589385
 10
12504.88794444835
 20
14862.27717365989
 42
0.0
 10
12499.56631497755
 20
14862.27717365989
 42
0.0
 10
12499.49339353767
 20
14862.24180914462
 42
0.0
 10
12499.61740764646
 20
14862.10683298938
 42
0.0
 10
12499.74885688241
 20
14861.90799099795
 42
0.0
 10
12499.74151707739
 20
14861.87262648269
 42
0.0
 10
12499.20645143099
 20
14859.89303073881
 42
0.4938240996721256
 10
12499.31603328368
 20
14859.74989766816
 42
0.0
 10
12500.70252335731
 20
14859.74989766816
 42
0.3380993248164408
 10
12500.81202547691
 20
14859.83349947254
 42
0.0
 10
12501.35193565973
 20
14861.80998455828
 42
-0.2658196902913944
 10
12501.43171950193
 20
14861.88962715894
 42
0.0
 10
12501.68284785266
 20
14861.95774915688
 42
0.0
 10
12501.70897177812
 20
14861.94015817192
 42
-0.3209207940510416
 10
12501.75515122556
 20
14861.81638195021
 42
0.0
 10
12501.23528793415
 20
14859.89303073882
 42
0.4938240996294458
 10
12501.34486978672
 20
14859.74989766816
 42
0.0
 10
12502.72411618215
 20
14859.74989766816
 42
0.3381236645763904
 10
12502.8336209148
 20
14859.8335090399
 42
0.0
 10
12503.37322433766
 20
14861.80955031808
 42
-0.2674115291100375
 10
12503.45365300631
 20
14861.8893746776
 42
0.0
 10
12503.71168435582
 20
14861.95774915688
 42
0.0
 10
12503.74097017765
 20
14861.93637497323
 42
-0.3105146473708836
 10
12503.78363190273
 20
14861.8150654921
 42
0.0
 10
12503.26412443731
 20
14859.89303073881
 42
0.4938240996723365
 10
12503.37370628999
 20
14859.74989766816
 42
0.0
 10
12504.70928229725
 20
14859.74989766816
 42
0.0732736434652531
 10
12504.74202155015
 20
14859.75472141568
 42
0.0
 10
12504.92254342193
 20
14859.80909743196
 42
0.069468481634049
 10
12504.95106003732
 20
14859.82222015725
 42
0.0
 10
12505.23693397463
 20
14860.005456335
 42
0.0
 10
12505.27344235564
 20
14860.04797001102
 42
0.0
 10
12505.12006902668
 20
14860.09772816995
 42
0.0
 10
12505.03169186107
 20
14860.15503309004
 42
-0.327220959820238
 10
12504.98403029012
 20
14860.28049164628
 42
0.0
 97
        0
 92
        7
 72
     1
 73
     1
 93
       26
 10
12509.41865921866
 20
14859.74987860373
 42
0.0
 10
12509.92215078076
 20
14860.00543727056
 42
0.0
 10
12509.96590364464
 20
14860.04795094659
 42
0.0
 10
12509.81272095997
 20
14860.09770910552
 42
0.0
 10
12509.659347631
 20
14860.19703477909
 42
0.0
 10
12509.659347631
 20
14860.21838693925
 42
0.0
 10
12510.04626021169
 20
14861.64545475022
 42
0.0
 10
12510.06808898245
 20
14861.77318642254
 42
0.0
 10
12509.85647382385
 20
14862.15657208388
 42
0.0
 10
12509.41122409139
 20
14862.27724991761
 42
0.0
 10
12506.28046360899
 20
14862.27724991761
 42
0.0
 10
12506.21478665197
 20
14862.2417900802
 42
0.0
 10
12506.22927561783
 20
14862.21328875929
 42
0.0
 10
12506.41906200567
 20
14862.02169125077
 42
0.0
 10
12506.6016039104
 20
14861.95773009245
 42
0.0
 10
12508.36769613608
 20
14861.95773009243
 42
-0.1492503500684376
 10
12508.42112603989
 20
14861.94141786304
 42
0.0
 10
12508.49174669474
 20
14861.89386425627
 42
0.0
 10
12508.3379686734
 20
14861.68448832954
 42
-0.2387143322668137
 10
12508.26086968028
 20
14861.64545475022
 42
0.0
 10
12506.81923786756
 20
14861.64545475022
 42
0.3106837472731172
 10
12505.81516296902
 20
14860.99297436289
 42
0.0
 10
12505.65286261584
 20
14860.38167377113
 42
0.0
 10
12505.63103384497
 20
14860.24679293802
 42
0.335675556573266
 10
12506.11951113267
 20
14859.74987860373
 42
0.0
 10
12506.3005372105
 20
14859.74987860373
 42
0.0
 97
        0
 92
        7
 72
     1
 73
     1
 93
       19
 10
12514.22070284382
 20
14862.27722132095
 42
0.0
 10
12510.70531848279
 20
14862.27722132095
 42
0.1241168550726111
 10
12510.6599662718
 20
14862.26578723129
 42
0.0
 10
12510.63774516232
 20
14862.2538220185
 42
0.2251021078412098
 10
12510.63153630282
 20
14862.22441686865
 42
0.0
 10
12510.73439250487
 20
14862.11238978302
 42
-0.039705375676845
 10
12510.74373321569
 20
14862.1004379496
 42
0.0
 10
12510.87089207543
 20
14861.90803865902
 42
0.0
 10
12510.8635522703
 20
14861.87257882162
 42
0.0
 10
12510.14738767625
 20
14859.23881452982
 42
0.4942953070947975
 10
12510.23969558704
 20
14859.1180548397
 42
0.0
 10
12511.66284018146
 20
14859.1180548397
 42
0.336979299564506
 10
12511.75501669427
 20
14859.18813607095
 42
0.0
 10
12511.89144162632
 20
14859.67976877586
 42
-0.3369793009336347
 10
12511.98361813913
 20
14859.74985000709
 42
0.0
 10
12513.52742489377
 20
14859.74985000709
 42
0.3172240988219642
 10
12514.51257924732
 20
14860.38164517448
 42
0.0
 10
12514.85554831972
 20
14861.64542615356
 42
0.0
 10
12514.87747241273
 20
14861.77315782591
 42
0.4084020283339557
 97
        0
 92
        7
 72
     1
 73
     1
 93
       25
 10
12518.78916908843
 20
14859.74987860373
 42
0.0
 10
12519.29266065064
 20
14860.00543727056
 42
0.0
 10
12519.33641351453
 20
14860.04795094659
 42
0.0
 10
12519.18323082985
 20
14860.09770910552
 42
0.0
 10
12519.02995282303
 20
14860.19703477909
 42
0.0
 10
12519.02995282303
 20
14860.21838693925
 42
0.0
 10
12519.41677008146
 20
14861.64545475022
 42
0.4044484957805962
 10
12518.91217645277
 20
14862.27724991761
 42
0.0
 10
12515.66766704976
 20
14862.27724991761
 42
0.1244023141298327
 10
12515.63628418088
 20
14862.26931897591
 42
0.0
 10
12515.61079035288
 20
14862.25555452887
 42
0.3380992275342125
 10
12515.59521474406
 20
14862.22240741048
 42
0.0770723360554174
 10
12515.60708932819
 20
14862.20601145038
 42
0.0
 10
12515.83363882867
 20
14861.97730000083
 42
0.2001468218677437
 10
12515.88056928125
 20
14861.95773009245
 42
0.0
 10
12517.74724381064
 20
14861.95773009245
 42
-0.1492503452701808
 10
12517.78413926469
 20
14861.94646585528
 42
0.0
 10
12517.80517859031
 20
14861.93229867114
 42
-0.4262305519352431
 10
12517.82152302909
 20
14861.83840365342
 42
0.0
 10
12517.69960675326
 20
14861.67240897472
 42
-0.2387143283674659
 10
12517.64636686056
 20
14861.64545475022
 42
0.0
 10
12516.17648445613
 20
14861.64545475022
 42
0.306916599729577
 10
12515.19113945841
 20
14861.01356426067
 42
0.0
 10
12515.02337248561
 20
14860.38167377113
 42
0.428953444714711
 10
12515.49026196865
 20
14859.74987860373
 42
0.0
 97
        0
 92
        7
 72
     0
 73
     1
 93
        4
 10
12518.39428757663
 20
14862.59816144605
 10
12518.1965894509
 20
14863.09583835748
 10
12516.6730556306
 20
14862.8091093497
 10
12516.7568437948
 20
14862.59816144605
 97
        0
 92
       22
 72
     0
 73
     1
 93
        5
 10
12469.41765583827
 20
14861.15288710567
 10
12468.43888806839
 20
14861.15288710567
 10
12468.7516400213
 20
14862.07875108589
 10
12468.93036904054
 20
14862.64734767212
 10
12469.1049992075
 20
14862.08685346809
 97
        0
 92
       22
 72
     0
 73
     1
 93
        5
 10
12475.70715385229
 20
14861.15288710567
 10
12474.72838608253
 20
14861.15288710567
 10
12475.04113803544
 20
14862.07875108589
 10
12475.21986705457
 20
14862.64734767212
 10
12475.39449722153
 20
14862.08685346809
 97
        0
 92
       22
 72
     1
 73
     1
 93
        5
 10
12477.84284647853
 20
14862.7488085617
 42
-0.4142135622549509
 10
12478.42354897685
 20
14862.16810606325
 42
-0.4142135624446368
 10
12477.89155609378
 20
14861.63611318015
 42
0.0
 10
12477.04690657983
 20
14861.63611318015
 42
0.0
 10
12477.04690657983
 20
14862.7488085617
 42
0.0
 97
        0
 92
       22
 72
     0
 73
     1
 93
        5
 10
12482.93059916453
 20
14861.15288710567
 10
12481.95183139465
 20
14861.15288710567
 10
12482.26458334756
 20
14862.07875108589
 10
12482.44331236669
 20
14862.64734767212
 10
12482.61794253377
 20
14862.08685346809
 97
        0
 92
       22
 72
     1
 73
     1
 93
        2
 10
12492.89293562698
 20
14861.48158645324
 42
0.9999999999999999
 10
12487.21202183825
 20
14861.48158645324
 42
1.000000000005123
 97
        0
 92
       22
 72
     0
 73
     1
 93
        8
 10
12496.50116472641
 20
14860.67233005122
 10
12495.50133076283
 20
14860.67233005122
 10
12495.43565380593
 20
14860.71493904938
 10
12495.45033341607
 20
14860.75754804754
 10
12496.25294586465
 20
14861.89350203212
 10
12496.30413385582
 20
14861.92896186952
 10
12496.3333024317
 20
14861.89350203212
 10
12496.58876577633
 20
14860.74334504815
 97
        0
 92
       22
 72
     1
 73
     1
 93
        8
 10
12508.20893562418
 20
14861.32583960294
 42
-0.4937865924770615
 10
12508.30128446602
 20
14861.2052309285
 42
0.0
 10
12508.01350436938
 20
14860.14001368069
 42
-0.3388793339461302
 10
12507.92115552766
 20
14860.06930310674
 42
0.0
 10
12507.31495935105
 20
14860.06930310671
 42
-0.4937865926388343
 10
12507.22261050933
 20
14860.18991178114
 42
0.0
 10
12507.51039060586
 20
14861.25512902895
 42
-0.3388793352818794
 10
12507.60273944757
 20
14861.32583960291
 42
0.0
 97
        0
 92
       22
 72
     0
 73
     1
 93
       10
 10
12512.62234114083
 20
14861.95779681795
 10
12513.20618927009
 20
14861.95779681795
 10
12513.30113012503
 20
14861.88678182101
 10
12513.29388564216
 20
14861.87257882162
 10
12512.82671181656
 20
14860.15449250642
 10
12512.68811341988
 20
14860.06222067148
 10
12512.10426529074
 20
14860.06222067148
 10
12512.01666424082
 20
14860.13314034628
 10
12512.01666424082
 20
14860.15449250642
 10
12512.48374274416
 20
14861.87257882162
 97
        0
 92
       22
 72
     1
 73
     1
 93
        8
 10
12517.61810720964
 20
14861.32583960291
 42
-0.4937865905540229
 10
12517.68187772374
 20
14861.24255456098
 42
0.0
 10
12517.37810254081
 20
14860.11813154418
 42
-0.3388793353273213
 10
12517.31433202672
 20
14860.06930310674
 42
0.0
 10
12516.64680750548
 20
14860.06930310674
 42
-0.4937865934129206
 10
12516.58303699138
 20
14860.15258814867
 42
0.0
 10
12516.8868121743
 20
14861.27701116543
 42
-0.3388793334987446
 10
12516.95058268829
 20
14861.32583960291
 42
0.0
 97
        0
 92
        6
 72
     1
 73
     1
 93
        6
 10
12488.3543347213
 20
14860.79065679346
 42
-0.2770407078031105
 10
12488.22167238391
 20
14860.71104037371
 42
0.0
 10
12487.75931392536
 20
14860.71104037371
 42
0.0
 10
12488.53764335493
 20
14862.17244808998
 42
-0.2771400449720207
 10
12488.67033177866
 20
14862.25211346835
 42
0.0
 10
12489.13338262467
 20
14862.25211346835
 42
0.0
 97
        0
 92
        6
 72
     1
 73
     1
 93
        6
 10
12489.11806151034
 20
14860.79069875622
 42
-0.2771258488561622
 10
12488.9853768126
 20
14860.71104037371
 42
0.0
 10
12488.52242487782
 20
14860.71104037371
 42
0.0
 10
12489.30075430726
 20
14862.17244808996
 42
-0.277140043258895
 10
12489.433442731
 20
14862.25211346835
 42
0.0
 10
12489.89649357689
 20
14862.25211346835
 42
0.0
 97
        0
 92
        6
 72
     1
 73
     1
 93
        6
 10
12489.88117246268
 20
14860.79069875622
 42
-0.2771258500749979
 10
12489.74848776493
 20
14860.71104037371
 42
0.0
 10
12489.28553583015
 20
14860.71104037371
 42
0.0
 10
12490.06458373341
 20
14862.17249704863
 42
-0.277040709131754
 10
12490.1972460708
 20
14862.25211346835
 42
0.0
 10
12490.65960452923
 20
14862.25211346835
 42
0.0
 97
        0
 92
        6
 72
     1
 73
     1
 93
       16
 10
12491.49310595434
 20
14861.07217784672
 42
0.4081255769782538
 10
12491.54876200932
 20
14861.12668647747
 42
0.0
 10
12491.54930580543
 20
14861.15278869138
 42
0.1283025041181985
 10
12491.54277828064
 20
14861.18012697057
 42
0.0
 10
12491.19744065982
 20
14861.82829522809
 42
0.0
 10
12490.64566116916
 20
14860.79193582985
 42
-0.2771752448956575
 10
12490.51088042542
 20
14860.71100224486
 42
0.0
 10
12490.04923777977
 20
14860.71100224486
 42
0.0
 10
12490.80719853771
 20
14862.13408079124
 42
-0.2771334100173652
 10
12491.00373244095
 20
14862.25207533949
 42
0.0
 10
12491.39124420072
 20
14862.25207533947
 42
-0.2771334095406929
 10
12491.58777810396
 20
14862.13408079123
 42
0.0
 10
12492.3457388619
 20
14860.71100224486
 42
0.0
 10
12490.89779550159
 20
14860.71100224486
 42
0.0
 10
12491.05715077984
 20
14861.00972549998
 42
-0.2769585656414379
 10
12491.16124915712
 20
14861.07217784674
 42
0.0
 97
        0
 92
        6
 72
     1
 73
     1
 93
       16
 10
12491.16124915712
 20
14861.07217784674
 42
0.2769585658269271
 10
12491.05715077984
 20
14861.00972549998
 42
0.0
 10
12490.89779550159
 20
14860.71100224486
 42
0.0
 10
12492.3457388619
 20
14860.71100224486
 42
0.0
 10
12491.58777810396
 20
14862.1340807912
 42
0.2771334103651715
 10
12491.39124420072
 20
14862.25207533949
 42
0.0
 10
12491.00373244095
 20
14862.25207533949
 42
0.277133409594654
 10
12490.80719853771
 20
14862.13408079123
 42
0.0
 10
12490.04923777977
 20
14860.71100224486
 42
0.0
 10
12490.51088042542
 20
14860.71100224485
 42
0.2771752467207945
 10
12490.64566116916
 20
14860.79193582984
 42
0.0
 10
12491.19744065982
 20
14861.82820648385
 42
0.0
 10
12491.54277828064
 20
14861.18012697053
 42
-0.1283025093501997
 10
12491.54930580543
 20
14861.15278869159
 42
0.0
 10
12491.54876200932
 20
14861.12668647739
 42
-0.4081255792984271
 10
12491.49310595434
 20
14861.07217784674
 42
0.0
 97
        0
 92
        6
 72
     1
 73
     1
 93
        6
 10
12490.65960452923
 20
14862.25211346835
 42
0.0
 10
12490.1972460708
 20
14862.25211346836
 42
0.2770407075883227
 10
12490.06458373341
 20
14862.17249704854
 42
0.0
 10
12489.28553583015
 20
14860.71104037371
 42
0.0
 10
12489.74848776493
 20
14860.7110403737
 42
0.2771258499746986
 10
12489.88117246256
 20
14860.79069875623
 42
0.0
 97
        0
 92
        6
 72
     1
 73
     1
 93
        6
 10
12489.89649357689
 20
14862.25211346835
 42
0.0
 10
12489.43344273112
 20
14862.25211346836
 42
0.2771400444106227
 10
12489.30075430715
 20
14862.17244808999
 42
0.0
 10
12488.52242487782
 20
14860.71104037371
 42
0.0
 10
12488.9853768126
 20
14860.7110403737
 42
0.2771258502528869
 10
12489.11806151034
 20
14860.79069875623
 42
0.0
 97
        0
 92
        6
 72
     1
 73
     1
 93
        6
 10
12489.13338262467
 20
14862.25211346835
 42
0.0
 10
12488.67033177866
 20
14862.25211346836
 42
0.2771400432979557
 10
12488.53764335481
 20
14862.17244808999
 42
0.0
 10
12487.75931392536
 20
14860.71104037371
 42
0.0
 10
12488.22167238391
 20
14860.7110403737
 42
0.2770407088740773
 10
12488.3543347213
 20
14860.79065679352
 42
0.0
 97
        0
 75
     1
 76
     1
 47
0.0
 98
       32
 10
12462.60899160275
 20
14861.41165365225
 10
12465.20765468079
 20
14861.15178734444
 10
12468.41267247715
 20
14861.23840944704
 10
12471.30007589721
 20
14861.26728348124
 10
12474.56284176193
 20
14860.92079507083
 10
12476.84389046378
 20
14861.35390558384
 10
12479.18268723409
 20
14861.12291331023
 10
12481.86797241479
 20
14861.23840944704
 10
12488.23758435956
 20
14858.79277875021
 10
12497.14540437326
 20
14861.80894231657
 10
12500.50922935766
 20
14860.62871616861
 10
12506.5366839971
 20
14860.39411464074
 10
12511.21066828348
 20
14859.9790503991
 10
12515.46958832811
 20
14860.19560565561
 10
12518.12239022037
 20
14862.74012991957
 10
12468.41267247715
 20
14861.23840944704
 10
12474.56284176193
 20
14860.92079507083
 10
12476.84389046378
 20
14861.35390558384
 10
12481.86797241479
 20
14861.23840944704
 10
12488.23758435956
 20
14858.79277875021
 10
12497.14540437326
 20
14861.80894231657
 10
12506.5366839971
 20
14860.39411464074
 10
12511.21066828348
 20
14859.9790503991
 10
12515.46958832811
 20
14860.19560565561
 10
12488.23758435956
 20
14858.79277875021
 10
12488.23758435956
 20
14858.79277875021
 10
12488.23758435956
 20
14858.79277875021
 10
12488.23758435956
 20
14858.79277875021
 10
12491.01643945715
 20
14861.89488768399
 10
12490.26075184341
 20
14862.0189557997
 10
12489.30204367657
 20
14861.99639796048
 10
12488.6027506607
 20
14861.95128228204
450
        0
451
        0
460
0.0
461
0.0
452
        1
462
0.0
453
        2
463
0.0
 63
     5
421
      255
463
1.0
 63
    18
421
        0
470
LINEAR
1001
ACAD
1010
0.0
1020
0.0
1030
0.0
1001
AcadAnnotative
1000
AnnotativeData
1002
{
1070
     1
1070
     0
1002
}
  0
HATCH
  5
31D
330
301
100
AcDbEntity
  8
9.1 - LEGENDA
 62
    30
420
 15884331
370
     0
100
AcDbHatch
 10
0.0
 20
0.0
 30
0.0
210
0.0
220
0.0
230
1.0
  2
SOLID
 70
     1
 71
     1
 91
        3
 92
        7
 72
     1
 73
     1
 93
        7
 10
12468.11677548088
 20
14884.95690437078
 42
0.0
 10
12475.43780207141
 20
14884.95690437078
 42
0.0
 10
12475.43780207141
 20
14887.03921659645
 42
0.0
 10
12470.19908770659
 20
14887.03921659645
 42
0.0
 10
12467.75159634902
 20
14887.03921659645
 42
0.4142135623711697
 10
12467.07490445204
 20
14886.36252469944
 42
0.0
 10
12467.07490445204
 20
14883.91503334187
 42
0.0
 97
        7
330
348
330
355
330
347
330
346
330
343
330
344
330
345
 92
        7
 72
     0
 73
     1
 93
        6
 10
12468.45903916956
 20
14884.21576517252
 10
12467.07486632323
 20
14882.83168764829
 10
12467.07486632323
 20
14882.13192779256
 10
12474.05826188119
 20
14882.13192779256
 10
12475.43776394248
 20
14883.51142985389
 10
12475.43776394248
 20
14884.21576517252
 97
        6
330
34E
330
34B
330
34C
330
34D
330
349
330
34A
 92
        7
 72
     1
 73
     1
 93
        6
 10
12467.07644867067
 20
14881.38783360785
 42
0.0
 10
12467.07644867067
 20
14879.30704653648
 42
0.0
 10
12474.76255907091
 20
14879.30704653648
 42
0.4142135622153152
 10
12475.43925096801
 20
14879.98373843349
 42
0.0
 10
12475.43925096801
 20
14882.43122979106
 42
0.0
 10
12474.39585478472
 20
14881.38783360785
 42
0.0
 97
        6
330
350
330
351
330
34F
330
352
330
359
330
353
 75
     1
 76
     1
 47
0.0
 98
        3
 10
12473.015812588
 20
14885.59075603258
 10
12472.46143113131
 20
14883.2808332965
 10
12472.27663731257
 20
14881.06330746988
450
        0
451
        0
460
0.0
461
0.0
452
        1
462
0.0
453
        2
463
0.0
 63
     5
421
      255
463
1.0
 63
    18
421
        0
470
LINEAR
1001
ACAD
1010
0.0
1020
0.0
1030
0.0
1001
AcadAnnotative
1000
AnnotativeData
1002
{
1070
     1
1070
     0
1002
}
1001
HATCHBACKGROUNDCOLOR
1071
-939524096
1000

1000

  0
HATCH
  5
31E
330
301
100
AcDbEntity
  8
9.1 - LEGENDA
 62
    30
420
 15884331
370
     0
100
AcDbHatch
 10
0.0
 20
0.0
 30
0.0
210
0.0
220
0.0
230
1.0
  2
SOLID
 70
     1
 71
     1
 91
       13
 92
        7
 72
     1
 73
     1
 93
        7
 10
12474.9876259537
 20
14877.65747777807
 42
0.4253787939279709
 10
12477.18400841889
 20
14879.77200888825
 42
0.0
 10
12477.18400841889
 20
14888.69025331587
 42
0.0
 10
12467.44780092473
 20
14888.69025331587
 42
0.4142135623070364
 10
12465.33174841312
 20
14886.57420080423
 42
0.0
 10
12465.33174841312
 20
14877.65747777806
 42
0.0
 10
12474.98762595394
 20
14877.65747777806
 42
0.0
 97
        6
330
357
330
338
330
339
330
33D
330
33A
330
33B
 92
        7
 72
     1
 73
     1
 93
       28
 10
12486.71374439735
 20
14880.76414082266
 42
0.0
 10
12486.71374439735
 20
14882.15910370773
 42
0.3392529492825846
 10
12485.512532182
 20
14883.72572475676
 42
0.0
 10
12482.93523019129
 20
14884.41830577223
 42
-0.3392529490301886
 10
12482.76025849402
 20
14884.64650387125
 42
0.0
 10
12482.76025849402
 20
14885.22464520761
 42
-0.4142135618294218
 10
12482.96234143824
 20
14885.42672815187
 42
0.0
 10
12484.25786469116
 20
14885.42672815183
 42
-0.4142135636339388
 10
12484.4599476355
 20
14885.22464520755
 42
0.0
 10
12484.4599476355
 20
14884.58226928223
 42
0.0
 10
12486.57657583287
 20
14884.58226928223
 42
0.0
 10
12486.57657583275
 20
14885.58372372227
 42
0.4142135623813531
 10
12485.04465366396
 20
14887.11574121328
 42
0.0
 10
12482.17383666694
 20
14887.11564589113
 42
0.4142135621858588
 10
12480.64181917588
 20
14885.58372372227
 42
0.0
 10
12480.64181917599
 20
14884.27037277959
 42
0.3379034206299054
 10
12481.835449303
 20
14882.70580891254
 42
0.0
 10
12484.41495630712
 20
14881.99922329278
 42
-0.3379034202814653
 10
12484.59530507932
 20
14881.76282914866
 42
0.0
 10
12484.59530507932
 20
14881.12503045805
 42
-0.4142135614701106
 10
12484.39322213499
 20
14880.9229475138
 42
0.0
 10
12482.94060798952
 20
14880.92294751383
 42
-0.414213561959748
 10
12482.73852504518
 20
14881.12503045811
 42
0.0
 10
12482.73852504518
 20
14881.84499860829
 42
0.0
 10
12480.64200558719
 20
14881.84499860829
 42
0.0
 10
12480.64191449802
 20
14880.76423614481
 42
0.414213562361943
 10
12482.15210321809
 20
14879.23221865379
 42
0.0
 10
12485.16463710573
 20
14879.23221865379
 42
0.4174846688923885
 97
       28
330
360
330
364
330
35B
330
35F
330
362
330
363
330
366
330
367
330
35C
330
35E
330
361
330
365
330
35D
330
35A
330
398
330
3A2
330
39F
330
3A4
330
39A
330
39B
330
3A1
330
397
330
39C
330
39E
330
3A3
330
399
330
39D
330
3A0
 92
        7
 72
     1
 73
     1
 93
       12
 10
12487.68088286564
 20
14880.6587322262
 42
0.3942084746268151
 10
12489.20918279312
 20
14879.23209473502
 42
0.0
 10
12492.24967320574
 20
14879.23209473502
 42
0.4142135624845594
 10
12493.78159537454
 20
14880.76401690388
 42
0.0
 10
12493.78159537454
 20
14887.11380617377
 42
0.0
 10
12491.66506249931
 20
14887.11380617377
 42
0.0
 10
12491.66506249931
 20
14881.25845286235
 42
-0.4142135631032621
 10
12491.46297955509
 20
14881.05636991812
 42
0.0
 10
12489.99959400723
 20
14881.05636991812
 42
-0.414213561564382
 10
12489.79751106313
 20
14881.25845286242
 42
0.0
 10
12489.79751106313
 20
14887.11380617377
 42
0.0
 10
12487.68088286564
 20
14887.11380617377
 42
0.0
 97
       12
330
395
330
3A7
330
396
330
391
330
394
330
392
330
3A5
330
393
330
3A6
330
390
330
3A8
330
38F
 92
        7
 72
     1
 73
     1
 93
        8
 10
12500.91630530319
 20
14883.20729502271
 42
0.0
 10
12500.91630530319
 20
14885.58377138335
 42
0.4142135625590831
 10
12499.38438313427
 20
14887.1156935522
 42
0.0
 10
12494.77946570197
 20
14887.11388243149
 42
0.0
 10
12494.77946570197
 20
14879.23217099273
 42
0.0
 10
12496.89609389935
 20
14879.23217099273
 42
0.0
 10
12496.89609389935
 20
14881.67537285385
 42
0.0
 10
12499.38438313427
 20
14881.67537285385
 42
0.4142135624022663
 97
        8
330
389
330
38C
330
38D
330
388
330
38A
330
38B
330
3A9
330
3AA
 92
        7
 72
     1
 73
     0
 93
       12
 10
12506.98637046696
 20
14882.03627202151
 42
0.4142135624154749
 10
12508.0563532719
 20
14883.10625482651
 42
0.0
 10
12508.0563532719
 20
14885.58378091556
 42
0.4142135624892966
 10
12506.5244311031
 20
14887.11570308442
 42
0.0
 10
12501.90874226841
 20
14887.11570308442
 42
0.0
 10
12501.90874226841
 20
14879.23399164567
 42
0.0
 10
12504.02527514364
 20
14879.23399164567
 42
0.0
 10
12504.02527514364
 20
14881.86840972673
 42
0.0
 10
12504.89146746202
 20
14881.86840972673
 42
0.0
 10
12506.23207808876
 20
14879.23399164567
 42
0.0
 10
12508.36945051929
 20
14879.23399164567
 42
0.0
 10
12506.98636221067
 20
14882.03627202151
 42
0.0
 97
       11
330
379
330
37A
330
37C
330
37B
330
37F
330
381
330
37D
330
380
330
37E
330
3B1
330
3AB
 92
        7
 72
     0
 73
     1
 93
        8
 10
12513.93520349155
 20
14879.23205660615
 10
12516.18709381072
 20
14879.23205660615
 10
12513.78897932343
 20
14887.11376804491
 10
12510.997565672
 20
14887.11376804491
 10
12508.62118463342
 20
14879.23205660615
 10
12510.78290020473
 20
14879.23205660615
 10
12511.19964861621
 20
14880.85424884495
 10
12513.51835975792
 20
14880.85424884495
 97
        8
330
36C
330
370
330
371
330
372
330
36D
330
36F
330
36E
330
373
 92
       22
 72
     1
 73
     1
 93
        6
 10
12466.34759649677
 20
14878.67332586178
 42
0.0
 10
12466.34759649677
 20
14886.57429237354
 42
-0.4142135625072969
 10
12467.44780467749
 20
14887.67450055429
 42
0.0
 10
12476.16816033524
 20
14887.67450055429
 42
0.0
 10
12476.16816033524
 20
14879.77200888825
 42
-0.4297229248020033
 10
12475.01004146117
 20
14878.67332586178
 42
0.0
 97
        6
330
356
330
358
330
33F
330
340
330
341
330
33E
 92
       22
 72
     1
 73
     0
 93
        7
 10
12498.59578304082
 20
14883.40937796701
 42
0.0
 10
12496.89609389935
 20
14883.40937796701
 42
0.0
 10
12496.89609389935
 20
14885.37987731832
 42
0.0
 10
12498.59578304082
 20
14885.37978199616
 42
-0.4142135630428722
 10
12498.79786598516
 20
14885.17769905186
 42
0.0
 10
12498.79786598516
 20
14883.61336735412
 42
-0.4142135621796293
 10
12498.59578304082
 20
14883.41128440989
 42
0.0
 97
        6
330
385
330
383
330
384
330
386
330
3AE
330
3AF
 92
       22
 72
     1
 73
     1
 93
        6
 10
12505.93982039668
 20
14885.20125315353
 42
0.0
 10
12505.93982039668
 20
14883.7378676058
 42
-0.4142135630377802
 10
12505.73773745246
 20
14883.5338782187
 42
0.0
 10
12504.02708626442
 20
14883.5338782187
 42
0.0
 10
12504.02708626442
 20
14885.40333609784
 42
0.0
 10
12505.73773745246
 20
14885.40333609784
 42
-0.414213562056759
 97
        6
330
375
330
374
330
377
330
376
330
3AD
330
3AC
 92
       22
 72
     0
 73
     1
 93
        3
 10
12512.3580986268
 20
14885.39234545469
 10
12513.08893350135
 20
14882.54316658423
 10
12511.62554795361
 20
14882.54316658423
 97
        3
330
368
330
36A
330
369
 92
        6
 72
     1
 73
     1
 93
        7
 10
12468.11677548088
 20
14884.95690437078
 42
0.0
 10
12475.43780207141
 20
14884.95690437078
 42
0.0
 10
12475.43780207141
 20
14887.03921659645
 42
0.0
 10
12470.19908770659
 20
14887.03921659645
 42
0.0
 10
12467.75159634902
 20
14887.03921659645
 42
0.4142135623711697
 10
12467.07490445204
 20
14886.36252469944
 42
0.0
 10
12467.07490445204
 20
14883.91503334187
 42
0.0
 97
        7
330
348
330
355
330
347
330
346
330
343
330
344
330
345
 92
        6
 72
     0
 73
     1
 93
        6
 10
12468.45903916956
 20
14884.21576517252
 10
12467.07486632323
 20
14882.83168764829
 10
12467.07486632323
 20
14882.13192779256
 10
12474.05826188119
 20
14882.13192779256
 10
12475.43776394248
 20
14883.51142985389
 10
12475.43776394248
 20
14884.21576517252
 97
        6
330
34E
330
34B
330
34C
330
34D
330
349
330
34A
 92
        6
 72
     1
 73
     1
 93
        6
 10
12467.07644867067
 20
14881.38783360785
 42
0.0
 10
12467.07644867067
 20
14879.30704653648
 42
0.0
 10
12474.76255907091
 20
14879.30704653648
 42
0.4142135622153152
 10
12475.43925096801
 20
14879.98373843349
 42
0.0
 10
12475.43925096801
 20
14882.43122979106
 42
0.0
 10
12474.39585478472
 20
14881.38783360785
 42
0.0
 97
        6
330
350
330
351
330
34F
330
352
330
359
330
353
 75
     1
 76
     1
 47
0.0
 98
       13
 10
12476.38829978295
 20
14878.56859091492
 10
12485.53559381779
 20
14880.41652910378
 10
12490.84841611069
 20
14879.30776619046
 10
12496.2074368584
 20
14881.06330746988
 10
12503.41439579493
 20
14881.38669665293
 10
12510.66755318626
 20
14881.9872765643
 10
12476.38829978295
 20
14878.56859091492
 10
12496.2074368584
 20
14881.06330746988
 10
12503.41439579493
 20
14881.38669665293
 10
12510.66755318626
 20
14881.9872765643
 10
12473.2468048619
 20
14885.4059622137
 10
12472.1842404032
 20
14882.72645183985
 10
12472.36903422217
 20
14880.64752137738
450
        0
451
        0
460
0.0
461
0.0
452
        1
462
0.0
453
        2
463
0.0
 63
     5
421
      255
463
1.0
 63
    18
421
        0
470
LINEAR
1001
ACAD
1010
0.0
1020
0.0
1030
0.0
1001
AcadAnnotative
1000
AnnotativeData
1002
{
1070
     1
1070
     0
1002
}
  0
MTEXT
  5
31F
102
{ACAD_XDICTIONARY
360
320
102
}
330
301
100
AcDbEntity
  8
9 - LEGENDA
100
AcDbMText
 10
12529.02525602068
 20
14894.17747446094
 30
0.0
 40
2.5
 41
13.70545953908004
 46
0.0
 71
     1
 72
     5
  1
\pxi-3,l4,ql;{\Fromans.shx|c228;Cliente:}
  7
Legenda
 73
     1
 44
1.0
1001
AcadAnnotative
1000
AnnotativeData
1002
{
1070
     1
1070
     0
1002
}
1001
ACAD
1000
ACAD_MTEXT_COLUMN_INFO_BEGIN
1070
    75
1070
     2
1070
    79
1070
     0
1070
    76
1070
     1
1070
    78
1070
     0
1070
    48
1040
13.70545953908004
1070
    49
1040
12.5
1070
    50
1070
     1
1040
0.0
1000
ACAD_MTEXT_COLUMN_INFO_END
  0
LINE
  5
321
330
301
100
AcDbEntity
  8
9 - LEGENDA
100
AcDbLine
 10
12529.89822500038
 20
14895.16254114626
 30
0.0
 11
12529.89822500038
 21
14825.16254114626
 31
0.0
  0
MTEXT
  5
322
102
{ACAD_XDICTIONARY
360
323
102
}
330
301
100
AcDbEntity
  8
9 - LEGENDA
100
AcDbMText
 10
12529.02525602068
 20
14874.17747446093
 30
0.0
 40
2.5
 41
13.70545953908004
 46
0.0
 71
     1
 72
     5
  1
\pxi-3,l4,ql;Representante:
  7
Legenda
 73
     1
 44
1.0
1001
AcadAnnotative
1000
AnnotativeData
1002
{
1070
     1
1070
     0
1002
}
1001
ACAD
1000
ACAD_MTEXT_COLUMN_INFO_BEGIN
1070
    75
1070
     2
1070
    79
1070
     0
1070
    76
1070
     1
1070
    78
1070
     0
1070
    48
1040
13.70545953908004
1070
    49
1040
12.5
1070
    50
1070
     1
1040
0.0
1000
ACAD_MTEXT_COLUMN_INFO_END
  0
MTEXT
  5
324
102
{ACAD_XDICTIONARY
360
325
102
}
330
301
100
AcDbEntity
  8
9 - LEGENDA
100
AcDbMText
 10
12529.02525602073
 20
14864.17747446093
 30
0.0
 40
2.5
 41
18.10103911617665
 46
0.0
 71
     1
 72
     5
  1
\pxi-3,l4,ql;Responsável 
  7
Legenda
 73
     1
 44
1.0
1001
AcadAnnotative
1000
AnnotativeData
1002
{
1070
     1
1070
     0
1002
}
1001
ACAD
1000
ACAD_MTEXT_COLUMN_INFO_BEGIN
1070
    75
1070
     2
1070
    79
1070
     0
1070
    76
1070
     2
1070
    78
1070
     0
1070
    48
1040
2.5
1070
    49
1040
13.10103911617665
1070
    50
1070
     2
1040
3.811398809129237
1040
0.0
1000
ACAD_MTEXT_COLUMN_INFO_END
1000
ACAD_MTEXT_COLUMNS_BEGIN
1070
    47
1070
     2
1005
82B
1000
ACAD_MTEXT_COLUMNS_END
  0
MTEXT
  5
326
102
{ACAD_XDICTIONARY
360
327
102
}
330
301
100
AcDbEntity
  8
9 - LEGENDA
100
AcDbMText
 10
12529.02525602073
 20
14854.17747446092
 30
0.0
 40
2.5
 41
31.40032468695426
 46
0.0
 71
     1
 72
     5
  1
\pxi-3,l4,ql;Unidade:
  7
Legenda
 73
     1
 44
1.0
1001
AcadAnnotative
1000
AnnotativeData
1002
{
1070
     1
1070
     0
1002
}
1001
ACAD
1000
ACAD_MTEXT_COLUMN_INFO_BEGIN
1070
    75
1070
     2
1070
    79
1070
     0
1070
    76
1070
     1
1070
    78
1070
     0
1070
    48
1040
31.40032468695426
1070
    49
1040
12.5
1070
    50
1070
     1
1040
0.0
1000
ACAD_MTEXT_COLUMN_INFO_END
  0
MTEXT
  5
328
102
{ACAD_XDICTIONARY
360
329
102
}
330
301
100
AcDbEntity
  8
9 - LEGENDA
100
AcDbMText
 10
12567.25579056809
 20
14854.17747446111
 30
0.0
 40
2.5
 41
31.40032468695426
 46
0.0
 71
     1
 72
     5
  1
\pxi-3,l4,ql;Escala:
  7
Legenda
 73
     1
 44
1.0
1001
AcadAnnotative
1000
AnnotativeData
1002
{
1070
     1
1070
     0
1002
}
1001
ACAD
1000
ACAD_MTEXT_COLUMN_INFO_BEGIN
1070
    75
1070
     2
1070
    79
1070
     0
1070
    76
1070
     1
1070
    78
1070
     0
1070
    48
1040
31.40032468695426
1070
    49
1040
12.5
1070
    50
1070
     1
1040
0.0
1000
ACAD_MTEXT_COLUMN_INFO_END
  0
MTEXT
  5
32A
102
{ACAD_XDICTIONARY
360
32B
102
}
330
301
100
AcDbEntity
  8
9 - LEGENDA
100
AcDbMText
 10
12605.48632511557
 20
14854.17747446093
 30
0.0
 40
2.5
 41
31.40032468695426
 46
0.0
 71
     1
 72
     5
  1
\pxi-3,l4,ql;Folha:
  7
Legenda
 73
     1
 44
1.0
1001
AcadAnnotative
1000
AnnotativeData
1002
{
1070
     1
1070
     0
1002
}
1001
ACAD
1000
ACAD_MTEXT_COLUMN_INFO_BEGIN
1070
    75
1070
     2
1070
    79
1070
     0
1070
    76
1070
     1
1070
    78
1070
     0
1070
    48
1040
31.40032468695426
1070
    49
1040
12.5
1070
    50
1070
     1
1040
0.0
1000
ACAD_MTEXT_COLUMN_INFO_END
  0
MTEXT
  5
32C
102
{ACAD_XDICTIONARY
360
32D
102
}
330
301
100
AcDbEntity
  8
9 - LEGENDA
100
AcDbMText
 10
12529.02525602079
 20
14844.67747446093
 30
0.0
 40
2.5
 41
31.40032468695426
 46
0.0
 71
     1
 72
     5
  1
\pxi-3,l4,ql;Data:
  7
Legenda
 73
     1
 44
1.0
1001
AcadAnnotative
1000
AnnotativeData
1002
{
1070
     1
1070
     0
1002
}
1001
ACAD
1000
ACAD_MTEXT_COLUMN_INFO_BEGIN
1070
    75
1070
     2
1070
    79
1070
     0
1070
    76
1070
     1
1070
    78
1070
     0
1070
    48
1040
31.40032468695426
1070
    49
1040
12.5
1070
    50
1070
     1
1040
0.0
1000
ACAD_MTEXT_COLUMN_INFO_END
  0
MTEXT
  5
32E
102
{ACAD_XDICTIONARY
360
32F
102
}
330
301
100
AcDbEntity
  8
9 - LEGENDA
100
AcDbMText
 10
12567.25579056815
 20
14844.67747446093
 30
0.0
 40
2.5
 41
31.40032468695426
 46
0.0
 71
     1
 72
     5
  1
\pxi-3,l4,ql;Revisão:
  7
Legenda
 73
     1
 44
1.0
1001
AcadAnnotative
1000
AnnotativeData
1002
{
1070
     1
1070
     0
1002
}
1001
ACAD
1000
ACAD_MTEXT_COLUMN_INFO_BEGIN
1070
    75
1070
     2
1070
    79
1070
     0
1070
    76
1070
     1
1070
    78
1070
     0
1070
    48
1040
31.40032468695426
1070
    49
1040
12.5
1070
    50
1070
     1
1040
0.0
1000
ACAD_MTEXT_COLUMN_INFO_END
  0
MTEXT
  5
330
102
{ACAD_XDICTIONARY
360
331
102
}
330
301
100
AcDbEntity
  8
9 - LEGENDA
100
AcDbMText
 10
12528.95242637182
 20
14834.65896176994
 30
0.0
 40
2.5
 41
36.7411011564395
 46
0.0
 71
     1
 72
     5
  1
\pxi-3,l4,ql;Nº do Processo:
  7
Legenda
 73
     1
 44
1.0
1001
AcadAnnotative
1000
AnnotativeData
1002
{
1070
     1
1070
     0
1002
}
1001
ACAD
1000
ACAD_MTEXT_COLUMN_INFO_BEGIN
1070
    75
1070
     2
1070
    79
1070
     0
1070
    76
1070
     1
1070
    78
1070
     0
1070
    48
1040
36.7411011564395
1070
    49
1040
12.5
1070
    50
1070
     1
1040
0.0
1000
ACAD_MTEXT_COLUMN_INFO_END
  0
MTEXT
  5
332
102
{ACAD_XDICTIONARY
360
333
102
}
330
301
100
AcDbEntity
  8
9 - LEGENDA
100
AcDbMText
 10
12605.56476011508
 20
14884.17747446093
 30
0.0
 40
2.5
 41
13.70545953908004
 46
0.0
 71
     1
 72
     5
  1
\pxi-3,l4,ql;UF:
  7
Legenda
 73
     1
 44
1.0
1001
AcadAnnotative
1000
AnnotativeData
1002
{
1070
     1
1070
     0
1002
}
1001
ACAD
1000
ACAD_MTEXT_COLUMN_INFO_BEGIN
1070
    75
1070
     2
1070
    79
1070
     0
1070
    76
1070
     1
1070
    78
1070
     0
1070
    48
1040
13.70545953908004
1070
    49
1040
12.5
1070
    50
1070
     1
1040
0.0
1000
ACAD_MTEXT_COLUMN_INFO_END
  0
MTEXT
  5
334
102
{ACAD_XDICTIONARY
360
335
102
}
330
301
100
AcDbEntity
  8
9 - LEGENDA
100
AcDbMText
 10
12580.00579056815
 20
14864.17747446093
 30
0.0
 40
2.5
 41
31.40032468695426
 46
0.0
 71
     1
 72
     5
  1
\pxi-3,l4,ql;Desenhista:
  7
Legenda
 73
     1
 44
1.0
1001
AcadAnnotative
1000
AnnotativeData
1002
{
1070
     1
1070
     0
1002
}
1001
ACAD
1000
ACAD_MTEXT_COLUMN_INFO_BEGIN
1070
    75
1070
     2
1070
    79
1070
     0
1070
    76
1070
     1
1070
    78
1070
     0
1070
    48
1040
31.40032468695426
1070
    49
1040
12.5
1070
    50
1070
     1
1040
0.0
1000
ACAD_MTEXT_COLUMN_INFO_END
  0
MTEXT
  5
336
102
{ACAD_XDICTIONARY
360
337
102
}
330
301
100
AcDbEntity
  8
9 - LEGENDA
100
AcDbMText
 10
12529.00910533774
 20
14884.17747446093
 30
0.0
 40
2.5
 41
13.70545953908004
 46
0.0
 71
     1
 72
     5
  1
\pxi-3,l4,ql;{\Fromans.shx|c228;Cidade:}
  7
Legenda
 73
     1
 44
1.0
1001
AcadAnnotative
1000
AnnotativeData
1002
{
1070
     1
1070
     0
1002
}
1001
ACAD
1000
ACAD_MTEXT_COLUMN_INFO_BEGIN
1070
    75
1070
     2
1070
    79
1070
     0
1070
    76
1070
     1
1070
    78
1070
     0
1070
    48
1040
13.70545953908004
1070
    49
1040
12.5
1070
    50
1070
     1
1040
0.0
1000
ACAD_MTEXT_COLUMN_INFO_END
  0
LINE
  5
338
102
{ACAD_REACTORS
330
31E
102
}
330
301
100
AcDbEntity
  8
9.1 - LEGENDA
370
     0
100
AcDbLine
 10
12475.0679521544
 20
14877.65747777806
 30
0.0
 11
12465.33174841312
 21
14877.65747777806
 31
0.0
  0
LINE
  5
339
102
{ACAD_REACTORS
330
31E
102
}
330
301
100
AcDbEntity
  8
9.1 - LEGENDA
370
     0
100
AcDbLine
 10
12465.33174841312
 20
14877.65747777806
 30
0.0
 11
12465.33174841312
 21
14886.57420080423
 31
0.0
  0
LINE
  5
33A
102
{ACAD_REACTORS
330
31E
102
}
330
301
100
AcDbEntity
  8
9.1 - LEGENDA
370
     0
100
AcDbLine
 10
12467.44780092473
 20
14888.69025331587
 30
0.0
 11
12477.18400841889
 21
14888.69025331587
 31
0.0
  0
LINE
  5
33B
102
{ACAD_REACTORS
330
31E
102
}
330
301
100
AcDbEntity
  8
9.1 - LEGENDA
370
     0
100
AcDbLine
 10
12477.18400841889
 20
14888.69025331587
 30
0.0
 11
12477.18400841889
 21
14879.77200888825
 31
0.0
  0
LINE
  5
33C
330
301
100
AcDbEntity
  8
9.1 - LEGENDA
370
     0
100
AcDbLine
 10
12475.06947730874
 20
14877.65747777806
 30
0.0
 11
12475.0679521544
 21
14877.65747777806
 31
0.0
  0
ARC
  5
33D
102
{ACAD_REACTORS
330
31E
102
}
330
301
100
AcDbEntity
  8
9.1 - LEGENDA
370
     0
100
AcDbCircle
 10
12467.44780092473
 20
14886.57420080423
 30
0.0
 40
2.116052511643259
100
AcDbArc
 50
90.0
 51
180.0
  0
LINE
  5
33E
102
{ACAD_REACTORS
330
31E
102
}
330
301
100
AcDbEntity
  8
9.1 - LEGENDA
370
     0
100
AcDbLine
 10
12466.34607134255
 20
14878.67332586178
 30
0.0
 11
12475.0679521544
 21
14878.67332586178
 31
0.0
  0
LINE
  5
33F
102
{ACAD_REACTORS
330
31E
102
}
330
301
100
AcDbEntity
  8
9.1 - LEGENDA
370
     0
100
AcDbLine
 10
12476.16816033524
 20
14879.77200888825
 30
0.0
 11
12476.16816033524
 21
14887.67450055429
 31
0.0
  0
LINE
  5
340
102
{ACAD_REACTORS
330
31E
102
}
330
301
100
AcDbEntity
  8
9.1 - LEGENDA
370
     0
100
AcDbLine
 10
12476.16816033524
 20
14887.67450055429
 30
0.0
 11
12467.44780467749
 21
14887.67450055429
 31
0.0
  0
LINE
  5
341
102
{ACAD_REACTORS
330
31E
102
}
330
301
100
AcDbEntity
  8
9.1 - LEGENDA
370
     0
100
AcDbLine
 10
12466.34759649677
 20
14886.57429237353
 30
0.0
 11
12466.34759649677
 21
14878.6718007075
 31
0.0
  0
LINE
  5
342
330
301
100
AcDbEntity
  8
9.1 - LEGENDA
370
     0
100
AcDbLine
 10
12466.34759649677
 20
14878.6718007075
 30
0.0
 11
12466.34607134255
 21
14878.67332586178
 31
0.0
  0
LINE
  5
343
102
{ACAD_REACTORS
330
31E
330
31D
102
}
330
301
100
AcDbEntity
  8
9.1 - LEGENDA
370
     0
100
AcDbLine
 10
12470.19908770659
 20
14887.03921659645
 30
0.0
 11
12467.75159634902
 21
14887.03921659645
 31
0.0
  0
LINE
  5
344
102
{ACAD_REACTORS
330
31E
330
31D
102
}
330
301
100
AcDbEntity
  8
9.1 - LEGENDA
370
     0
100
AcDbLine
 10
12467.07490445204
 20
14886.36252469944
 30
0.0
 11
12467.07490445204
 21
14883.91503334187
 31
0.0
  0
LINE
  5
345
102
{ACAD_REACTORS
330
31E
330
31D
102
}
330
301
100
AcDbEntity
  8
9.1 - LEGENDA
370
     0
100
AcDbLine
 10
12467.07490445204
 20
14883.91503334187
 30
0.0
 11
12468.11677548088
 21
14884.95690437078
 31
0.0
  0
LINE
  5
346
102
{ACAD_REACTORS
330
31E
330
31D
102
}
330
301
100
AcDbEntity
  8
9.1 - LEGENDA
370
     0
100
AcDbLine
 10
12468.11677548088
 20
14884.95690437078
 30
0.0
 11
12475.43780207141
 21
14884.95690437078
 31
0.0
  0
LINE
  5
347
102
{ACAD_REACTORS
330
31E
330
31D
102
}
330
301
100
AcDbEntity
  8
9.1 - LEGENDA
370
     0
100
AcDbLine
 10
12475.43780207141
 20
14884.95690437078
 30
0.0
 11
12475.43780207141
 21
14887.03921659645
 31
0.0
  0
LINE
  5
348
102
{ACAD_REACTORS
330
31E
330
31D
102
}
330
301
100
AcDbEntity
  8
9.1 - LEGENDA
370
     0
100
AcDbLine
 10
12475.43780207141
 20
14887.03921659645
 30
0.0
 11
12470.19908770659
 21
14887.03921659645
 31
0.0
  0
LINE
  5
349
102
{ACAD_REACTORS
330
31E
330
31D
102
}
330
301
100
AcDbEntity
  8
9.1 - LEGENDA
370
     0
100
AcDbLine
 10
12475.43776394248
 20
14883.51142985389
 30
0.0
 11
12475.43776394248
 21
14884.21576517252
 31
0.0
  0
LINE
  5
34A
102
{ACAD_REACTORS
330
31E
330
31D
102
}
330
301
100
AcDbEntity
  8
9.1 - LEGENDA
370
     0
100
AcDbLine
 10
12475.43776394248
 20
14884.21576517252
 30
0.0
 11
12468.45903916956
 21
14884.21576517252
 31
0.0
  0
LINE
  5
34B
102
{ACAD_REACTORS
330
31E
330
31D
102
}
330
301
100
AcDbEntity
  8
9.1 - LEGENDA
370
     0
100
AcDbLine
 10
12468.45903916956
 20
14884.21576517252
 30
0.0
 11
12467.07486632323
 21
14882.83168764829
 31
0.0
  0
LINE
  5
34C
102
{ACAD_REACTORS
330
31E
330
31D
102
}
330
301
100
AcDbEntity
  8
9.1 - LEGENDA
370
     0
100
AcDbLine
 10
12467.07486632323
 20
14882.83168764829
 30
0.0
 11
12467.07486632323
 21
14882.13192779256
 31
0.0
  0
LINE
  5
34D
102
{ACAD_REACTORS
330
31E
330
31D
102
}
330
301
100
AcDbEntity
  8
9.1 - LEGENDA
370
     0
100
AcDbLine
 10
12467.07486632323
 20
14882.13192779256
 30
0.0
 11
12474.05826188119
 21
14882.13192779256
 31
0.0
  0
LINE
  5
34E
102
{ACAD_REACTORS
330
31E
330
31D
102
}
330
301
100
AcDbEntity
  8
9.1 - LEGENDA
370
     0
100
AcDbLine
 10
12474.05826188119
 20
14882.13192779256
 30
0.0
 11
12475.43776394248
 21
14883.51142985389
 31
0.0
  0
LINE
  5
34F
102
{ACAD_REACTORS
330
31E
330
31D
102
}
330
301
100
AcDbEntity
  8
9.1 - LEGENDA
370
     0
100
AcDbLine
 10
12467.07644867067
 20
14881.38935876215
 30
0.0
 11
12467.07644867067
 21
14879.30704653648
 31
0.0
  0
LINE
  5
350
102
{ACAD_REACTORS
330
31E
330
31D
102
}
330
301
100
AcDbEntity
  8
9.1 - LEGENDA
370
     0
100
AcDbLine
 10
12467.07644867067
 20
14879.30704653648
 30
0.0
 11
12474.76255907091
 21
14879.30704653648
 31
0.0
  0
LINE
  5
351
102
{ACAD_REACTORS
330
31E
330
31D
102
}
330
301
100
AcDbEntity
  8
9.1 - LEGENDA
370
     0
100
AcDbLine
 10
12475.43925096801
 20
14879.98373843349
 30
0.0
 11
12475.43925096801
 21
14882.43122979106
 31
0.0
  0
LINE
  5
352
102
{ACAD_REACTORS
330
31E
330
31D
102
}
330
301
100
AcDbEntity
  8
9.1 - LEGENDA
370
     0
100
AcDbLine
 10
12475.43925096801
 20
14882.43122979106
 30
0.0
 11
12474.39585478472
 21
14881.38783360785
 31
0.0
  0
LINE
  5
353
102
{ACAD_REACTORS
330
31E
330
31D
102
}
330
301
100
AcDbEntity
  8
9.1 - LEGENDA
370
     0
100
AcDbLine
 10
12474.39585478472
 20
14881.38783360785
 30
0.0
 11
12467.07644867067
 21
14881.38783360785
 31
0.0
  0
LINE
  5
354
330
301
100
AcDbEntity
  8
9.1 - LEGENDA
370
     0
100
AcDbLine
 10
12467.07644867067
 20
14881.38783360785
 30
0.0
 11
12467.07644867067
 21
14881.38935876215
 31
0.0
  0
ARC
  5
355
102
{ACAD_REACTORS
330
31E
330
31D
102
}
330
301
100
AcDbEntity
  8
9.1 - LEGENDA
370
     0
100
AcDbCircle
 10
12467.75159634902
 20
14886.36252469944
 30
0.0
 40
0.6766918970035551
100
AcDbArc
 50
90.0
 51
180.0
  0
ARC
  5
356
102
{ACAD_REACTORS
330
31E
102
}
330
301
100
AcDbEntity
  8
9.1 - LEGENDA
370
     0
100
AcDbCircle
 10
12467.44780467749
 20
14886.57429237353
 30
0.0
 40
1.100208180760778
100
AcDbArc
 50
90.0
 51
180.0
  0
ARC
  5
357
102
{ACAD_REACTORS
330
31E
102
}
330
301
100
AcDbEntity
  8
9.1 - LEGENDA
370
     0
100
AcDbCircle
 10
12475.0679521544
 20
14879.77200888825
 30
0.0
 40
2.116056264484288
100
AcDbArc
 50
267.8245104346448
 51
0.0
  0
ARC
  5
358
102
{ACAD_REACTORS
330
31E
102
}
330
301
100
AcDbEntity
  8
9.1 - LEGENDA
370
     0
100
AcDbCircle
 10
12475.0679521544
 20
14879.77200888825
 30
0.0
 40
1.100208180768642
100
AcDbArc
 50
266.9827779686125
 51
0.0
  0
ARC
  5
359
102
{ACAD_REACTORS
330
31E
330
31D
102
}
330
301
100
AcDbEntity
  8
9.1 - LEGENDA
370
     0
100
AcDbCircle
 10
12474.76255907091
 20
14879.98373843349
 30
0.0
 40
0.6766918970035551
100
AcDbArc
 50
270.0
 51
0.0
  0
LINE
  5
35A
102
{ACAD_REACTORS
330
31E
102
}
330
301
100
AcDbEntity
  8
9.1 - LEGENDA
370
     0
100
AcDbLine
 10
12480.64200558719
 20
14881.84499860829
 30
0.0
 11
12482.73852504518
 21
14881.84499860829
 31
0.0
  0
LINE
  5
35B
102
{ACAD_REACTORS
330
31E
102
}
330
301
100
AcDbEntity
  8
9.1 - LEGENDA
370
     0
100
AcDbLine
 10
12482.73852504518
 20
14881.84499860829
 30
0.0
 11
12482.73852504518
 21
14881.12503045811
 31
0.0
  0
LINE
  5
35C
102
{ACAD_REACTORS
330
31E
102
}
330
301
100
AcDbEntity
  8
9.1 - LEGENDA
370
     0
100
AcDbLine
 10
12482.94070331166
 20
14880.9229475138
 30
0.0
 11
12484.39322213499
 21
14880.9229475138
 31
0.0
  0
LINE
  5
35D
102
{ACAD_REACTORS
330
31E
102
}
330
301
100
AcDbEntity
  8
9.1 - LEGENDA
370
     0
100
AcDbLine
 10
12484.59530507932
 20
14881.12503045811
 30
0.0
 11
12484.59530507932
 21
14881.76282914866
 31
0.0
  0
LINE
  5
35E
102
{ACAD_REACTORS
330
31E
102
}
330
301
100
AcDbEntity
  8
9.1 - LEGENDA
370
     0
100
AcDbLine
 10
12480.64181917588
 20
14884.27037277959
 30
0.0
 11
12480.64181917588
 21
14885.58372372227
 31
0.0
  0
LINE
  5
35F
102
{ACAD_REACTORS
330
31E
102
}
330
301
100
AcDbEntity
  8
9.1 - LEGENDA
370
     0
100
AcDbLine
 10
12482.17383666694
 20
14887.11574121328
 30
0.0
 11
12485.04465366396
 21
14887.11574121328
 31
0.0
  0
LINE
  5
360
102
{ACAD_REACTORS
330
31E
102
}
330
301
100
AcDbEntity
  8
9.1 - LEGENDA
370
     0
100
AcDbLine
 10
12486.57657583287
 20
14885.58372372227
 30
0.0
 11
12486.57657583287
 21
14884.58226928223
 31
0.0
  0
LINE
  5
361
102
{ACAD_REACTORS
330
31E
102
}
330
301
100
AcDbEntity
  8
9.1 - LEGENDA
370
     0
100
AcDbLine
 10
12486.57657583287
 20
14884.58226928223
 30
0.0
 11
12484.4599476355
 21
14884.58226928223
 31
0.0
  0
LINE
  5
362
102
{ACAD_REACTORS
330
31E
102
}
330
301
100
AcDbEntity
  8
9.1 - LEGENDA
370
     0
100
AcDbLine
 10
12484.4599476355
 20
14884.58226928223
 30
0.0
 11
12484.4599476355
 21
14885.22464520755
 31
0.0
  0
LINE
  5
363
102
{ACAD_REACTORS
330
31E
102
}
330
301
100
AcDbEntity
  8
9.1 - LEGENDA
370
     0
100
AcDbLine
 10
12484.25786469105
 20
14885.42672815187
 30
0.0
 11
12482.96234143824
 21
14885.42672815187
 31
0.0
  0
LINE
  5
364
102
{ACAD_REACTORS
330
31E
102
}
330
301
100
AcDbEntity
  8
9.1 - LEGENDA
370
     0
100
AcDbLine
 10
12482.76025849402
 20
14885.22464520755
 30
0.0
 11
12482.76025849402
 21
14884.64650387124
 31
0.0
  0
LINE
  5
365
102
{ACAD_REACTORS
330
31E
102
}
330
301
100
AcDbEntity
  8
9.1 - LEGENDA
370
     0
100
AcDbLine
 10
12482.93523019141
 20
14884.41830577221
 30
0.0
 11
12485.512532182
 21
14883.72572475676
 31
0.0
  0
LINE
  5
366
102
{ACAD_REACTORS
330
31E
102
}
330
301
100
AcDbEntity
  8
9.1 - LEGENDA
370
     0
100
AcDbLine
 10
12486.71374439735
 20
14882.15910370773
 30
0.0
 11
12486.71374439735
 21
14880.76414082266
 31
0.0
  0
LINE
  5
367
102
{ACAD_REACTORS
330
31E
102
}
330
301
100
AcDbEntity
  8
9.1 - LEGENDA
370
     0
100
AcDbLine
 10
12485.18172690629
 20
14879.23221865379
 30
0.0
 11
12482.15210321809
 21
14879.23221865379
 31
0.0
  0
LINE
  5
368
102
{ACAD_REACTORS
330
31E
102
}
330
301
100
AcDbEntity
  8
9.1 - LEGENDA
370
     0
100
AcDbLine
 10
12513.09074462201
 20
14882.54316658423
 30
0.0
 11
12512.3580986268
 21
14885.39234545469
 31
0.0
  0
LINE
  5
369
102
{ACAD_REACTORS
330
31E
102
}
330
301
100
AcDbEntity
  8
9.1 - LEGENDA
370
     0
100
AcDbLine
 10
12512.3580986268
 20
14885.39234545469
 30
0.0
 11
12511.62554795361
 21
14882.54316658423
 31
0.0
  0
LINE
  5
36A
102
{ACAD_REACTORS
330
31E
102
}
330
301
100
AcDbEntity
  8
9.1 - LEGENDA
370
     0
100
AcDbLine
 10
12511.62554795361
 20
14882.54316658423
 30
0.0
 11
12513.08893350135
 21
14882.54316658423
 31
0.0
  0
LINE
  5
36B
330
301
100
AcDbEntity
  8
9.1 - LEGENDA
370
     0
100
AcDbLine
 10
12513.08893350135
 20
14882.54316658423
 30
0.0
 11
12513.09074462201
 21
14882.54316658423
 31
0.0
  0
LINE
  5
36C
102
{ACAD_REACTORS
330
31E
102
}
330
301
100
AcDbEntity
  8
9.1 - LEGENDA
370
     0
100
AcDbLine
 10
12513.51835975792
 20
14880.85424884495
 30
0.0
 11
12511.19964861621
 21
14880.85424884495
 31
0.0
  0
LINE
  5
36D
102
{ACAD_REACTORS
330
31E
102
}
330
301
100
AcDbEntity
  8
9.1 - LEGENDA
370
     0
100
AcDbLine
 10
12511.19964861621
 20
14880.85424884495
 30
0.0
 11
12510.78290020473
 21
14879.23205660615
 31
0.0
  0
LINE
  5
36E
102
{ACAD_REACTORS
330
31E
102
}
330
301
100
AcDbEntity
  8
9.1 - LEGENDA
370
     0
100
AcDbLine
 10
12510.78290020473
 20
14879.23205660615
 30
0.0
 11
12508.62118463342
 21
14879.23205660615
 31
0.0
  0
LINE
  5
36F
102
{ACAD_REACTORS
330
31E
102
}
330
301
100
AcDbEntity
  8
9.1 - LEGENDA
370
     0
100
AcDbLine
 10
12508.62118463342
 20
14879.23205660615
 30
0.0
 11
12510.997565672
 21
14887.11376804491
 31
0.0
  0
LINE
  5
370
102
{ACAD_REACTORS
330
31E
102
}
330
301
100
AcDbEntity
  8
9.1 - LEGENDA
370
     0
100
AcDbLine
 10
12510.997565672
 20
14887.11376804491
 30
0.0
 11
12513.78897932343
 21
14887.11376804491
 31
0.0
  0
LINE
  5
371
102
{ACAD_REACTORS
330
31E
102
}
330
301
100
AcDbEntity
  8
9.1 - LEGENDA
370
     0
100
AcDbLine
 10
12513.78897932343
 20
14887.11376804491
 30
0.0
 11
12516.18709381072
 21
14879.23205660615
 31
0.0
  0
LINE
  5
372
102
{ACAD_REACTORS
330
31E
102
}
330
301
100
AcDbEntity
  8
9.1 - LEGENDA
370
     0
100
AcDbLine
 10
12516.18709381072
 20
14879.23205660615
 30
0.0
 11
12513.93520349155
 21
14879.23205660615
 31
0.0
  0
LINE
  5
373
102
{ACAD_REACTORS
330
31E
102
}
330
301
100
AcDbEntity
  8
9.1 - LEGENDA
370
     0
100
AcDbLine
 10
12513.93520349155
 20
14879.23205660615
 30
0.0
 11
12513.51835975792
 21
14880.85424884495
 31
0.0
  0
LINE
  5
374
102
{ACAD_REACTORS
330
31E
102
}
330
301
100
AcDbEntity
  8
9.1 - LEGENDA
370
     0
100
AcDbLine
 10
12505.93982039668
 20
14883.73786760588
 30
0.0
 11
12505.93982039668
 21
14885.20125315353
 31
0.0
  0
LINE
  5
375
102
{ACAD_REACTORS
330
31E
102
}
330
301
100
AcDbEntity
  8
9.1 - LEGENDA
370
     0
100
AcDbLine
 10
12505.73773745246
 20
14885.40333609784
 30
0.0
 11
12504.02708626442
 21
14885.40333609784
 31
0.0
  0
LINE
  5
376
102
{ACAD_REACTORS
330
31E
102
}
330
301
100
AcDbEntity
  8
9.1 - LEGENDA
370
     0
100
AcDbLine
 10
12504.02708626442
 20
14885.40333609784
 30
0.0
 11
12504.02708626442
 21
14883.5338782187
 31
0.0
  0
LINE
  5
377
102
{ACAD_REACTORS
330
31E
102
}
330
301
100
AcDbEntity
  8
9.1 - LEGENDA
370
     0
100
AcDbLine
 10
12504.02708626442
 20
14883.5338782187
 30
0.0
 11
12505.73773745246
 21
14883.5338782187
 31
0.0
  0
LINE
  5
378
330
301
100
AcDbEntity
  8
9.1 - LEGENDA
370
     0
100
AcDbLine
 10
12505.73773745246
 20
14883.5338782187
 30
0.0
 11
12505.73773745246
 21
14883.53568933942
 31
0.0
  0
LINE
  5
379
102
{ACAD_REACTORS
330
31E
102
}
330
301
100
AcDbEntity
  8
9.1 - LEGENDA
370
     0
100
AcDbLine
 10
12508.37215553348
 20
14879.23399164567
 30
0.0
 11
12506.23207808876
 21
14879.23399164567
 31
0.0
  0
LINE
  5
37A
102
{ACAD_REACTORS
330
31E
102
}
330
301
100
AcDbEntity
  8
9.1 - LEGENDA
370
     0
100
AcDbLine
 10
12506.23207808876
 20
14879.23399164567
 30
0.0
 11
12504.89146746202
 21
14881.86840972673
 31
0.0
  0
LINE
  5
37B
102
{ACAD_REACTORS
330
31E
102
}
330
301
100
AcDbEntity
  8
9.1 - LEGENDA
370
     0
100
AcDbLine
 10
12504.89146746202
 20
14881.86840972673
 30
0.0
 11
12504.02527514364
 21
14881.86840972673
 31
0.0
  0
LINE
  5
37C
102
{ACAD_REACTORS
330
31E
102
}
330
301
100
AcDbEntity
  8
9.1 - LEGENDA
370
     0
100
AcDbLine
 10
12504.02527514364
 20
14881.86840972673
 30
0.0
 11
12504.02527514364
 21
14879.23399164567
 31
0.0
  0
LINE
  5
37D
102
{ACAD_REACTORS
330
31E
102
}
330
301
100
AcDbEntity
  8
9.1 - LEGENDA
370
     0
100
AcDbLine
 10
12504.02527514364
 20
14879.23399164567
 30
0.0
 11
12501.90874226841
 21
14879.23399164567
 31
0.0
  0
LINE
  5
37E
102
{ACAD_REACTORS
330
31E
102
}
330
301
100
AcDbEntity
  8
9.1 - LEGENDA
370
     0
100
AcDbLine
 10
12501.90874226841
 20
14879.23399164567
 30
0.0
 11
12501.90874226841
 21
14887.11570308442
 31
0.0
  0
LINE
  5
37F
102
{ACAD_REACTORS
330
31E
102
}
330
301
100
AcDbEntity
  8
9.1 - LEGENDA
370
     0
100
AcDbLine
 10
12501.90874226841
 20
14887.11570308442
 30
0.0
 11
12506.5244311031
 21
14887.11570308442
 31
0.0
  0
LINE
  5
380
102
{ACAD_REACTORS
330
31E
102
}
330
301
100
AcDbEntity
  8
9.1 - LEGENDA
370
     0
100
AcDbLine
 10
12508.0563532719
 20
14885.58378091556
 30
0.0
 11
12508.0563532719
 21
14883.10625482651
 31
0.0
  0
LINE
  5
381
102
{ACAD_REACTORS
330
31E
102
}
330
301
100
AcDbEntity
  8
9.1 - LEGENDA
370
     0
100
AcDbLine
 10
12506.98636221067
 20
14882.03627202151
 30
0.0
 11
12508.37034441271
 21
14879.23218052495
 31
0.0
  0
LINE
  5
382
330
301
100
AcDbEntity
  8
9.1 - LEGENDA
370
     0
100
AcDbLine
 10
12508.37034441271
 20
14879.23218052495
 30
0.0
 11
12508.37215553348
 21
14879.23399164567
 31
0.0
  0
LINE
  5
383
102
{ACAD_REACTORS
330
31E
102
}
330
301
100
AcDbEntity
  8
9.1 - LEGENDA
370
     0
100
AcDbLine
 10
12498.79786598516
 20
14883.6133673542
 30
0.0
 11
12498.79786598516
 21
14885.17769905186
 31
0.0
  0
LINE
  5
384
102
{ACAD_REACTORS
330
31E
102
}
330
301
100
AcDbEntity
  8
9.1 - LEGENDA
370
     0
100
AcDbLine
 10
12498.59578304082
 20
14885.37987731832
 30
0.0
 11
12496.89609389935
 21
14885.37987731832
 31
0.0
  0
LINE
  5
385
102
{ACAD_REACTORS
330
31E
102
}
330
301
100
AcDbEntity
  8
9.1 - LEGENDA
370
     0
100
AcDbLine
 10
12496.89609389935
 20
14885.37987731832
 30
0.0
 11
12496.89609389935
 21
14883.40937796701
 31
0.0
  0
LINE
  5
386
102
{ACAD_REACTORS
330
31E
102
}
330
301
100
AcDbEntity
  8
9.1 - LEGENDA
370
     0
100
AcDbLine
 10
12496.89609389935
 20
14883.40937796701
 30
0.0
 11
12498.59578304082
 21
14883.40937796701
 31
0.0
  0
LINE
  5
387
330
301
100
AcDbEntity
  8
9.1 - LEGENDA
370
     0
100
AcDbLine
 10
12498.59578304082
 20
14883.40937796701
 30
0.0
 11
12498.59578304082
 21
14883.41118908775
 31
0.0
  0
LINE
  5
388
102
{ACAD_REACTORS
330
31E
102
}
330
301
100
AcDbEntity
  8
9.1 - LEGENDA
370
     0
100
AcDbLine
 10
12494.77946570197
 20
14887.1156935522
 30
0.0
 11
12499.38438313427
 21
14887.1156935522
 31
0.0
  0
LINE
  5
389
102
{ACAD_REACTORS
330
31E
102
}
330
301
100
AcDbEntity
  8
9.1 - LEGENDA
370
     0
100
AcDbLine
 10
12500.91630530319
 20
14885.58377138335
 30
0.0
 11
12500.91630530319
 21
14883.20729502271
 31
0.0
  0
LINE
  5
38A
102
{ACAD_REACTORS
330
31E
102
}
330
301
100
AcDbEntity
  8
9.1 - LEGENDA
370
     0
100
AcDbLine
 10
12499.38438313427
 20
14881.67537285385
 30
0.0
 11
12496.89609389935
 21
14881.67537285385
 31
0.0
  0
LINE
  5
38B
102
{ACAD_REACTORS
330
31E
102
}
330
301
100
AcDbEntity
  8
9.1 - LEGENDA
370
     0
100
AcDbLine
 10
12496.89609389935
 20
14881.67537285385
 30
0.0
 11
12496.89609389935
 21
14879.23217099273
 31
0.0
  0
LINE
  5
38C
102
{ACAD_REACTORS
330
31E
102
}
330
301
100
AcDbEntity
  8
9.1 - LEGENDA
370
     0
100
AcDbLine
 10
12496.89609389935
 20
14879.23217099273
 30
0.0
 11
12494.77946570197
 21
14879.23217099273
 31
0.0
  0
LINE
  5
38D
102
{ACAD_REACTORS
330
31E
102
}
330
301
100
AcDbEntity
  8
9.1 - LEGENDA
370
     0
100
AcDbLine
 10
12494.77946570197
 20
14879.23217099273
 30
0.0
 11
12494.77946570197
 21
14887.11388243149
 31
0.0
  0
LINE
  5
38E
330
301
100
AcDbEntity
  8
9.1 - LEGENDA
370
     0
100
AcDbLine
 10
12494.77946570197
 20
14887.11388243149
 30
0.0
 11
12494.77946570197
 21
14887.1156935522
 31
0.0
  0
LINE
  5
38F
102
{ACAD_REACTORS
330
31E
102
}
330
301
100
AcDbEntity
  8
9.1 - LEGENDA
370
     0
100
AcDbLine
 10
12487.68088286564
 20
14880.6587322262
 30
0.0
 11
12487.68088286564
 21
14887.11380617377
 31
0.0
  0
LINE
  5
390
102
{ACAD_REACTORS
330
31E
102
}
330
301
100
AcDbEntity
  8
9.1 - LEGENDA
370
     0
100
AcDbLine
 10
12487.68088286564
 20
14887.11380617377
 30
0.0
 11
12489.79751106313
 21
14887.11380617377
 31
0.0
  0
LINE
  5
391
102
{ACAD_REACTORS
330
31E
102
}
330
301
100
AcDbEntity
  8
9.1 - LEGENDA
370
     0
100
AcDbLine
 10
12489.79751106313
 20
14887.11380617377
 30
0.0
 11
12489.79751106313
 21
14881.25845286242
 31
0.0
  0
LINE
  5
392
102
{ACAD_REACTORS
330
31E
102
}
330
301
100
AcDbEntity
  8
9.1 - LEGENDA
370
     0
100
AcDbLine
 10
12489.99959400735
 20
14881.05636991812
 30
0.0
 11
12491.46297955509
 21
14881.05636991812
 31
0.0
  0
LINE
  5
393
102
{ACAD_REACTORS
330
31E
102
}
330
301
100
AcDbEntity
  8
9.1 - LEGENDA
370
     0
100
AcDbLine
 10
12491.66506249931
 20
14881.25845286242
 30
0.0
 11
12491.66506249931
 21
14887.11380617377
 31
0.0
  0
LINE
  5
394
102
{ACAD_REACTORS
330
31E
102
}
330
301
100
AcDbEntity
  8
9.1 - LEGENDA
370
     0
100
AcDbLine
 10
12491.66506249931
 20
14887.11380617377
 30
0.0
 11
12493.78159537454
 21
14887.11380617377
 31
0.0
  0
LINE
  5
395
102
{ACAD_REACTORS
330
31E
102
}
330
301
100
AcDbEntity
  8
9.1 - LEGENDA
370
     0
100
AcDbLine
 10
12493.78159537454
 20
14887.11380617377
 30
0.0
 11
12493.78159537454
 21
14880.76401690388
 31
0.0
  0
LINE
  5
396
102
{ACAD_REACTORS
330
31E
102
}
330
301
100
AcDbEntity
  8
9.1 - LEGENDA
370
     0
100
AcDbLine
 10
12492.24967320574
 20
14879.23209473502
 30
0.0
 11
12489.20918279312
 21
14879.23209473502
 31
0.0
  0
ARC
  5
397
102
{ACAD_REACTORS
330
31E
102
}
330
301
100
AcDbEntity
  8
9.1 - LEGENDA
370
     0
100
AcDbCircle
 10
12485.04465366396
 20
14885.58372372227
 30
0.0
 40
1.53192216885789
100
AcDbArc
 50
0.0
 51
90.0
  0
ARC
  5
398
102
{ACAD_REACTORS
330
31E
102
}
330
301
100
AcDbEntity
  8
9.1 - LEGENDA
370
     0
100
AcDbCircle
 10
12482.17383666694
 20
14885.58372372227
 30
0.0
 40
1.53192216885789
100
AcDbArc
 50
90.0
 51
180.0
  0
ARC
  5
399
102
{ACAD_REACTORS
330
31E
102
}
330
301
100
AcDbEntity
  8
9.1 - LEGENDA
370
     0
100
AcDbCircle
 10
12484.25786469105
 20
14885.22464520755
 30
0.0
 40
0.2020829443041578
100
AcDbArc
 50
0.0
 51
90.0
  0
ARC
  5
39A
102
{ACAD_REACTORS
330
31E
102
}
330
301
100
AcDbEntity
  8
9.1 - LEGENDA
370
     0
100
AcDbCircle
 10
12482.96234143824
 20
14885.22464520755
 30
0.0
 40
0.2020829443041578
100
AcDbArc
 50
90.0
 51
180.0
  0
LINE
  5
39B
102
{ACAD_REACTORS
330
31E
102
}
330
301
100
AcDbEntity
  8
9.1 - LEGENDA
370
     0
100
AcDbLine
 10
12481.835449303
 20
14882.70580891254
 30
0.0
 11
12484.41495630712
 21
14881.99922329281
 31
0.0
  0
ARC
  5
39C
102
{ACAD_REACTORS
330
31E
102
}
330
301
100
AcDbEntity
  8
9.1 - LEGENDA
370
     0
100
AcDbCircle
 10
12482.26401892044
 20
14884.27037277959
 30
0.0
 40
1.622199744474285
100
AcDbArc
 50
180.0
 51
254.6811475455433
  0
ARC
  5
39D
102
{ACAD_REACTORS
330
31E
102
}
330
301
100
AcDbEntity
  8
9.1 - LEGENDA
370
     0
100
AcDbCircle
 10
12482.9965523304
 20
14884.64650387124
 30
0.0
 40
0.2362938364552539
100
AcDbArc
 50
180.0
 51
254.9586277066252
  0
ARC
  5
39E
102
{ACAD_REACTORS
330
31E
102
}
330
301
100
AcDbEntity
  8
9.1 - LEGENDA
370
     0
100
AcDbCircle
 10
12485.0915446529
 20
14882.15910370773
 30
0.0
 40
1.622199744474285
100
AcDbArc
 50
0.0
 51
74.95862768481675
  0
ARC
  5
39F
102
{ACAD_REACTORS
330
31E
102
}
330
301
100
AcDbEntity
  8
9.1 - LEGENDA
370
     0
100
AcDbCircle
 10
12484.35020257599
 20
14881.76282914866
 30
0.0
 40
0.2451025032001839
100
AcDbArc
 50
0.0
 51
74.68114753628613
  0
ARC
  5
3A0
102
{ACAD_REACTORS
330
31E
102
}
330
301
100
AcDbEntity
  8
9.1 - LEGENDA
370
     0
100
AcDbCircle
 10
12482.17383666694
 20
14880.76423614481
 30
0.0
 40
1.53192216885789
100
AcDbArc
 50
180.0
 51
270.0
  0
LINE
  5
3A1
102
{ACAD_REACTORS
330
31E
102
}
330
301
100
AcDbEntity
  8
9.1 - LEGENDA
370
     0
100
AcDbLine
 10
12480.64191449802
 20
14880.76423614481
 30
0.0
 11
12480.64200558719
 21
14881.84499860829
 31
0.0
  0
ARC
  5
3A2
102
{ACAD_REACTORS
330
31E
102
}
330
301
100
AcDbEntity
  8
9.1 - LEGENDA
370
     0
100
AcDbCircle
 10
12485.18172690629
 20
14880.76414082266
 30
0.0
 40
1.53201749100028
100
AcDbArc
 50
269.3608468838502
 51
0.0
  0
ARC
  5
3A3
102
{ACAD_REACTORS
330
31E
102
}
330
301
100
AcDbEntity
  8
9.1 - LEGENDA
370
     0
100
AcDbCircle
 10
12484.39322213499
 20
14881.12503045811
 30
0.0
 40
0.2020829443041578
100
AcDbArc
 50
270.0
 51
0.0
  0
ARC
  5
3A4
102
{ACAD_REACTORS
330
31E
102
}
330
301
100
AcDbEntity
  8
9.1 - LEGENDA
370
     0
100
AcDbCircle
 10
12482.94060798952
 20
14881.12503045811
 30
0.0
 40
0.2020829443041578
100
AcDbArc
 50
180.0
 51
270.0
  0
ARC
  5
3A5
102
{ACAD_REACTORS
330
31E
102
}
330
301
100
AcDbEntity
  8
9.1 - LEGENDA
370
     0
100
AcDbCircle
 10
12489.20918279312
 20
14880.76401690388
 30
0.0
 40
1.531922168859856
100
AcDbArc
 50
183.9408834393042
 51
270.0
  0
ARC
  5
3A6
102
{ACAD_REACTORS
330
31E
102
}
330
301
100
AcDbEntity
  8
9.1 - LEGENDA
370
     0
100
AcDbCircle
 10
12492.24967320574
 20
14880.76401690388
 30
0.0
 40
1.531922168859856
100
AcDbArc
 50
270.0
 51
0.0
  0
ARC
  5
3A7
102
{ACAD_REACTORS
330
31E
102
}
330
301
100
AcDbEntity
  8
9.1 - LEGENDA
370
     0
100
AcDbCircle
 10
12489.99959400735
 20
14881.25845286242
 30
0.0
 40
0.2020829443100557
100
AcDbArc
 50
180.0
 51
270.0
  0
ARC
  5
3A8
102
{ACAD_REACTORS
330
31E
102
}
330
301
100
AcDbEntity
  8
9.1 - LEGENDA
370
     0
100
AcDbCircle
 10
12491.46297955509
 20
14881.25845286242
 30
0.0
 40
0.2020829443100557
100
AcDbArc
 50
270.0
 51
0.0
  0
ARC
  5
3A9
102
{ACAD_REACTORS
330
31E
102
}
330
301
100
AcDbEntity
  8
9.1 - LEGENDA
370
     0
100
AcDbCircle
 10
12499.38438313427
 20
14885.58377138335
 30
0.0
 40
1.53192216885789
100
AcDbArc
 50
0.0
 51
90.0
  0
ARC
  5
3AA
102
{ACAD_REACTORS
330
31E
102
}
330
301
100
AcDbEntity
  8
9.1 - LEGENDA
370
     0
100
AcDbCircle
 10
12499.38438313427
 20
14883.20729502271
 30
0.0
 40
1.53192216885789
100
AcDbArc
 50
270.0
 51
0.0
  0
ARC
  5
3AB
102
{ACAD_REACTORS
330
31E
102
}
330
301
100
AcDbEntity
  8
9.1 - LEGENDA
370
     0
100
AcDbCircle
 10
12506.5244311031
 20
14885.58378091556
 30
0.0
 40
1.53192216885789
100
AcDbArc
 50
0.0
 51
90.0
  0
ARC
  5
3AC
102
{ACAD_REACTORS
330
31E
102
}
330
301
100
AcDbEntity
  8
9.1 - LEGENDA
370
     0
100
AcDbCircle
 10
12505.73773745246
 20
14885.20125315353
 30
0.0
 40
0.2020829443198857
100
AcDbArc
 50
0.0
 51
90.0
  0
ARC
  5
3AD
102
{ACAD_REACTORS
330
31E
102
}
330
301
100
AcDbEntity
  8
9.1 - LEGENDA
370
     0
100
AcDbCircle
 10
12505.73773745246
 20
14883.73786760588
 30
0.0
 40
0.2020829443198857
100
AcDbArc
 50
270.0
 51
0.0
  0
ARC
  5
3AE
102
{ACAD_REACTORS
330
31E
102
}
330
301
100
AcDbEntity
  8
9.1 - LEGENDA
370
     0
100
AcDbCircle
 10
12498.59578304082
 20
14885.17769905186
 30
0.0
 40
0.2020829443198857
100
AcDbArc
 50
0.0
 51
90.0
  0
ARC
  5
3AF
102
{ACAD_REACTORS
330
31E
102
}
330
301
100
AcDbEntity
  8
9.1 - LEGENDA
370
     0
100
AcDbCircle
 10
12498.59578304082
 20
14883.6133673542
 30
0.0
 40
0.2020829443198857
100
AcDbArc
 50
270.0
 51
0.0
  0
LINE
  5
3B0
330
301
100
AcDbEntity
  8
9.1 - LEGENDA
370
     0
100
AcDbLine
 10
12506.98637046696
 20
14882.03627202151
 30
0.0
 11
12506.98636221067
 21
14882.03627202151
 31
0.0
  0
ARC
  5
3B1
102
{ACAD_REACTORS
330
31E
102
}
330
301
100
AcDbEntity
  8
9.1 - LEGENDA
370
     0
100
AcDbCircle
 10
12506.98637046696
 20
14883.10625482651
 30
0.0
 40
1.069982805007616
100
AcDbArc
 50
270.0
 51
0.0
  0
LINE
  5
3B2
330
301
100
AcDbEntity
  8
9.1 - LEGENDA
370
     0
100
AcDbLine
 10
12462.43350723533
 20
14861.16508834005
 30
0.0
 11
12462.43350723533
 21
14862.98442583611
 31
0.0
  0
LINE
  5
3B3
330
301
100
AcDbEntity
  8
9.1 - LEGENDA
370
     0
100
AcDbLine
 10
12462.43350723533
 20
14862.98442583611
 30
0.0
 11
12462.75035804052
 21
14862.98442583611
 31
0.0
  0
LINE
  5
3B4
330
301
100
AcDbEntity
  8
9.1 - LEGENDA
370
     0
100
AcDbLine
 10
12462.75035804052
 20
14862.98442583611
 30
0.0
 11
12462.75035804052
 21
14861.14867410053
 31
0.0
  0
LINE
  5
3B5
330
301
100
AcDbEntity
  8
9.1 - LEGENDA
370
     0
100
AcDbLine
 10
12464.16360414071
 20
14861.16508834005
 30
0.0
 11
12464.16360414071
 21
14862.98442583611
 31
0.0
  0
LINE
  5
3B6
330
301
100
AcDbEntity
  8
9.1 - LEGENDA
370
     0
100
AcDbLine
 10
12464.16360414071
 20
14862.98442583611
 30
0.0
 11
12464.48026430149
 21
14862.98442583611
 31
0.0
  0
LINE
  5
3B7
330
301
100
AcDbEntity
  8
9.1 - LEGENDA
370
     0
100
AcDbLine
 10
12464.48026430149
 20
14862.98442583611
 30
0.0
 11
12464.48026430149
 21
14861.16508834005
 31
0.0
  0
LINE
  5
3B8
330
301
100
AcDbEntity
  8
9.1 - LEGENDA
370
     0
100
AcDbLine
 10
12482.93059916453
 20
14861.15288710567
 30
0.0
 11
12482.61794253377
 21
14862.08685346809
 31
0.0
  0
LINE
  5
3B9
330
301
100
AcDbEntity
  8
9.1 - LEGENDA
370
     0
100
AcDbLine
 10
12482.61794253377
 20
14862.08685346809
 30
0.0
 11
12482.44331236669
 21
14862.64734767212
 31
0.0
  0
LINE
  5
3BA
330
301
100
AcDbEntity
  8
9.1 - LEGENDA
370
     0
100
AcDbLine
 10
12482.44331236669
 20
14862.64734767212
 30
0.0
 11
12482.26458334756
 21
14862.07875108589
 31
0.0
  0
LINE
  5
3BB
330
301
100
AcDbEntity
  8
9.1 - LEGENDA
370
     0
100
AcDbLine
 10
12482.26458334756
 20
14862.07875108589
 30
0.0
 11
12481.95183139465
 21
14861.15288710567
 31
0.0
  0
LINE
  5
3BC
330
301
100
AcDbEntity
  8
9.1 - LEGENDA
370
     0
100
AcDbLine
 10
12481.95183139465
 20
14861.15288710567
 30
0.0
 11
12482.93059916453
 21
14861.15288710567
 31
0.0
  0
LINE
  5
3BD
330
301
100
AcDbEntity
  8
9.1 - LEGENDA
370
     0
100
AcDbLine
 10
12483.60471736356
 20
14860.14170980697
 30
0.0
 11
12483.27166179412
 21
14860.14170980697
 31
0.0
  0
LINE
  5
3BE
330
301
100
AcDbEntity
  8
9.1 - LEGENDA
370
     0
100
AcDbLine
 10
12483.27166179412
 20
14860.14170980697
 30
0.0
 11
12483.02801839514
 21
14860.86453762146
 31
0.0
  0
LINE
  5
3BF
330
301
100
AcDbEntity
  8
9.1 - LEGENDA
370
     0
100
AcDbLine
 10
12483.02801839514
 20
14860.86453762146
 30
0.0
 11
12481.8544121638
 21
14860.86453762146
 31
0.0
  0
LINE
  5
3C0
330
301
100
AcDbEntity
  8
9.1 - LEGENDA
370
     0
100
AcDbLine
 10
12481.8544121638
 20
14860.86453762146
 30
0.0
 11
12481.60666991289
 21
14860.14170980697
 31
0.0
  0
LINE
  5
3C1
330
301
100
AcDbEntity
  8
9.1 - LEGENDA
370
     0
100
AcDbLine
 10
12481.60666991289
 20
14860.14170980697
 30
0.0
 11
12481.28181204755
 21
14860.14170980697
 31
0.0
  0
LINE
  5
3C2
330
301
100
AcDbEntity
  8
9.1 - LEGENDA
370
     0
100
AcDbLine
 10
12481.28181204755
 20
14860.14170980697
 30
0.0
 11
12482.26868219961
 21
14862.98440677167
 31
0.0
  0
LINE
  5
3C3
330
301
100
AcDbEntity
  8
9.1 - LEGENDA
370
     0
100
AcDbLine
 10
12482.26868219961
 20
14862.98440677167
 30
0.0
 11
12482.61794253377
 21
14862.98440677167
 31
0.0
  0
LINE
  5
3C4
330
301
100
AcDbEntity
  8
9.1 - LEGENDA
370
     0
100
AcDbLine
 10
12482.61794253377
 20
14862.98440677167
 30
0.0
 11
12483.60471736356
 21
14860.14170980697
 31
0.0
  0
LINE
  5
3C5
330
301
100
AcDbEntity
  8
9.1 - LEGENDA
370
     0
100
AcDbLine
 10
12481.01332767944
 20
14862.52738467537
 30
0.0
 11
12480.77064832599
 21
14862.34349214492
 31
0.0
  0
LINE
  5
3C6
330
301
100
AcDbEntity
  8
9.1 - LEGENDA
370
     0
100
AcDbLine
 10
12480.79728134124
 20
14860.82042007218
 30
0.0
 11
12481.02687630845
 21
14860.62065947917
 31
0.0
  0
LINE
  5
3C7
330
301
100
AcDbEntity
  8
9.1 - LEGENDA
370
     0
100
AcDbLine
 10
12477.84284647841
 20
14862.7488085617
 30
0.0
 11
12477.04690657983
 21
14862.7488085617
 31
0.0
  0
LINE
  5
3C8
330
301
100
AcDbEntity
  8
9.1 - LEGENDA
370
     0
100
AcDbLine
 10
12477.04690657983
 20
14862.7488085617
 30
0.0
 11
12477.04690657983
 21
14861.63611318015
 31
0.0
  0
LINE
  5
3C9
330
301
100
AcDbEntity
  8
9.1 - LEGENDA
370
     0
100
AcDbLine
 10
12477.04690657983
 20
14861.63611318015
 30
0.0
 11
12477.89155609378
 21
14861.63611318015
 31
0.0
  0
LINE
  5
3CA
330
301
100
AcDbEntity
  8
9.1 - LEGENDA
370
     0
100
AcDbLine
 10
12478.07028511291
 20
14861.37616969471
 30
0.0
 11
12478.69559837455
 21
14860.14165261369
 31
0.0
  0
LINE
  5
3CB
330
301
100
AcDbEntity
  8
9.1 - LEGENDA
370
     0
100
AcDbLine
 10
12478.69559837455
 20
14860.14165261369
 30
0.0
 11
12478.33022859828
 21
14860.14165261369
 31
0.0
  0
LINE
  5
3CC
330
301
100
AcDbEntity
  8
9.1 - LEGENDA
370
     0
100
AcDbLine
 10
12478.33022859828
 20
14860.14165261369
 30
0.0
 11
12477.72102477898
 21
14861.3518625481
 31
0.0
  0
LINE
  5
3CD
330
301
100
AcDbEntity
  8
9.1 - LEGENDA
370
     0
100
AcDbLine
 10
12477.72102477898
 20
14861.3518625481
 30
0.0
 11
12477.04690657983
 21
14861.3518625481
 31
0.0
  0
LINE
  5
3CE
330
301
100
AcDbEntity
  8
9.1 - LEGENDA
370
     0
100
AcDbLine
 10
12477.04690657983
 20
14861.3518625481
 30
0.0
 11
12477.04690657983
 21
14860.14165261369
 31
0.0
  0
LINE
  5
3CF
330
301
100
AcDbEntity
  8
9.1 - LEGENDA
370
     0
100
AcDbLine
 10
12477.04690657983
 20
14860.14165261369
 30
0.0
 11
12476.7301510969
 21
14860.14165261369
 31
0.0
  0
LINE
  5
3D0
330
301
100
AcDbEntity
  8
9.1 - LEGENDA
370
     0
100
AcDbLine
 10
12476.7301510969
 20
14860.14165261369
 30
0.0
 11
12476.7301510969
 21
14862.98434957839
 31
0.0
  0
LINE
  5
3D1
330
301
100
AcDbEntity
  8
9.1 - LEGENDA
370
     0
100
AcDbLine
 10
12476.7301510969
 20
14862.98434957839
 30
0.0
 11
12477.85504771276
 21
14862.98434957839
 31
0.0
  0
LINE
  5
3D2
330
301
100
AcDbEntity
  8
9.1 - LEGENDA
370
     0
100
AcDbLine
 10
12475.70715385229
 20
14861.15288710567
 30
0.0
 11
12475.39449722153
 21
14862.08685346809
 31
0.0
  0
LINE
  5
3D3
330
301
100
AcDbEntity
  8
9.1 - LEGENDA
370
     0
100
AcDbLine
 10
12475.39449722153
 20
14862.08685346809
 30
0.0
 11
12475.21986705457
 21
14862.64734767212
 31
0.0
  0
LINE
  5
3D4
330
301
100
AcDbEntity
  8
9.1 - LEGENDA
370
     0
100
AcDbLine
 10
12475.21986705457
 20
14862.64734767212
 30
0.0
 11
12475.04113803544
 21
14862.07875108589
 31
0.0
  0
LINE
  5
3D5
330
301
100
AcDbEntity
  8
9.1 - LEGENDA
370
     0
100
AcDbLine
 10
12475.04113803544
 20
14862.07875108589
 30
0.0
 11
12474.72838608253
 21
14861.15288710567
 31
0.0
  0
LINE
  5
3D6
330
301
100
AcDbEntity
  8
9.1 - LEGENDA
370
     0
100
AcDbLine
 10
12474.72838608253
 20
14861.15288710567
 30
0.0
 11
12475.70715385229
 21
14861.15288710567
 31
0.0
  0
LINE
  5
3D7
330
301
100
AcDbEntity
  8
9.1 - LEGENDA
370
     0
100
AcDbLine
 10
12476.38127205144
 20
14860.14170980697
 30
0.0
 11
12476.04821648189
 21
14860.14170980697
 31
0.0
  0
LINE
  5
3D8
330
301
100
AcDbEntity
  8
9.1 - LEGENDA
370
     0
100
AcDbLine
 10
12476.04821648189
 20
14860.14170980697
 30
0.0
 11
12475.80457308314
 21
14860.86453762146
 31
0.0
  0
LINE
  5
3D9
330
301
100
AcDbEntity
  8
9.1 - LEGENDA
370
     0
100
AcDbLine
 10
12475.80457308314
 20
14860.86453762146
 30
0.0
 11
12474.6309668518
 21
14860.86453762146
 31
0.0
  0
LINE
  5
3DA
330
301
100
AcDbEntity
  8
9.1 - LEGENDA
370
     0
100
AcDbLine
 10
12474.6309668518
 20
14860.86453762146
 30
0.0
 11
12474.38322460065
 21
14860.14170980697
 31
0.0
  0
LINE
  5
3DB
330
301
100
AcDbEntity
  8
9.1 - LEGENDA
370
     0
100
AcDbLine
 10
12474.38322460065
 20
14860.14170980697
 30
0.0
 11
12474.05836673554
 21
14860.14170980697
 31
0.0
  0
LINE
  5
3DC
330
301
100
AcDbEntity
  8
9.1 - LEGENDA
370
     0
100
AcDbLine
 10
12474.05836673554
 20
14860.14170980697
 30
0.0
 11
12475.0452368876
 21
14862.98440677167
 31
0.0
  0
LINE
  5
3DD
330
301
100
AcDbEntity
  8
9.1 - LEGENDA
370
     0
100
AcDbLine
 10
12475.0452368876
 20
14862.98440677167
 30
0.0
 11
12475.39449722153
 21
14862.98440677167
 31
0.0
  0
LINE
  5
3DE
330
301
100
AcDbEntity
  8
9.1 - LEGENDA
370
     0
100
AcDbLine
 10
12475.39449722153
 20
14862.98440677167
 30
0.0
 11
12476.38127205144
 21
14860.14170980697
 31
0.0
  0
LINE
  5
3DF
330
301
100
AcDbEntity
  8
9.1 - LEGENDA
370
     0
100
AcDbLine
 10
12472.47503733468
 20
14860.06859772288
 30
0.0
 11
12471.72780705146
 21
14861.90011738889
 31
0.0
  0
LINE
  5
3E0
330
301
100
AcDbEntity
  8
9.1 - LEGENDA
370
     0
100
AcDbLine
 10
12471.72780705146
 20
14861.90011738889
 30
0.0
 11
12471.56127926668
 21
14862.37110410013
 31
0.0
  0
LINE
  5
3E1
330
301
100
AcDbEntity
  8
9.1 - LEGENDA
370
     0
100
AcDbLine
 10
12471.56127926668
 20
14862.37110410013
 30
0.0
 11
12471.56127926668
 21
14860.14170980697
 31
0.0
  0
LINE
  5
3E2
330
301
100
AcDbEntity
  8
9.1 - LEGENDA
370
     0
100
AcDbLine
 10
12471.56127926668
 20
14860.14170980697
 30
0.0
 11
12471.25682034025
 21
14860.14170980697
 31
0.0
  0
LINE
  5
3E3
330
301
100
AcDbEntity
  8
9.1 - LEGENDA
370
     0
100
AcDbLine
 10
12471.25682034025
 20
14860.14170980697
 30
0.0
 11
12471.25682034025
 21
14862.98440677167
 31
0.0
  0
LINE
  5
3E4
330
301
100
AcDbEntity
  8
9.1 - LEGENDA
370
     0
100
AcDbLine
 10
12471.25682034025
 20
14862.98440677167
 30
0.0
 11
12471.6100842042
 21
14862.98440677167
 31
0.0
  0
LINE
  5
3E5
330
301
100
AcDbEntity
  8
9.1 - LEGENDA
370
     0
100
AcDbLine
 10
12471.6100842042
 20
14862.98440677167
 30
0.0
 11
12472.28010355107
 21
14861.28281118731
 31
0.0
  0
LINE
  5
3E6
330
301
100
AcDbEntity
  8
9.1 - LEGENDA
370
     0
100
AcDbLine
 10
12472.28010355107
 20
14861.28281118731
 30
0.0
 11
12472.48313971686
 21
14860.73051468764
 31
0.0
  0
LINE
  5
3E7
330
301
100
AcDbEntity
  8
9.1 - LEGENDA
370
     0
100
AcDbLine
 10
12472.48313971686
 20
14860.73051468764
 30
0.0
 11
12472.68627120469
 21
14861.28281118731
 31
0.0
  0
LINE
  5
3E8
330
301
100
AcDbEntity
  8
9.1 - LEGENDA
370
     0
100
AcDbLine
 10
12472.68627120469
 20
14861.28281118731
 30
0.0
 11
12473.36439293386
 21
14862.98440677167
 31
0.0
  0
LINE
  5
3E9
330
301
100
AcDbEntity
  8
9.1 - LEGENDA
370
     0
100
AcDbLine
 10
12473.36439293386
 20
14862.98440677167
 30
0.0
 11
12473.70955441574
 21
14862.98440677167
 31
0.0
  0
LINE
  5
3EA
330
301
100
AcDbEntity
  8
9.1 - LEGENDA
370
     0
100
AcDbLine
 10
12473.70955441574
 20
14862.98440677167
 30
0.0
 11
12473.70955441574
 21
14860.14170980697
 31
0.0
  0
LINE
  5
3EB
330
301
100
AcDbEntity
  8
9.1 - LEGENDA
370
     0
100
AcDbLine
 10
12473.70955441574
 20
14860.14170980697
 30
0.0
 11
12473.40500016705
 21
14860.14170980697
 31
0.0
  0
LINE
  5
3EC
330
301
100
AcDbEntity
  8
9.1 - LEGENDA
370
     0
100
AcDbLine
 10
12473.40500016705
 20
14860.14170980697
 30
0.0
 11
12473.40500016705
 21
14862.37110410013
 31
0.0
  0
LINE
  5
3ED
330
301
100
AcDbEntity
  8
9.1 - LEGENDA
370
     0
100
AcDbLine
 10
12473.40500016705
 20
14862.37110410013
 30
0.0
 11
12473.23446885225
 21
14861.90011738889
 31
0.0
  0
LINE
  5
3EE
330
301
100
AcDbEntity
  8
9.1 - LEGENDA
370
     0
100
AcDbLine
 10
12473.23446885225
 20
14861.90011738889
 30
0.0
 11
12472.47503733468
 21
14860.06859772288
 31
0.0
  0
LINE
  5
3EF
330
301
100
AcDbEntity
  8
9.1 - LEGENDA
370
     0
100
AcDbLine
 10
12469.41765583827
 20
14861.15288710567
 30
0.0
 11
12469.1049992075
 21
14862.08685346809
 31
0.0
  0
LINE
  5
3F0
330
301
100
AcDbEntity
  8
9.1 - LEGENDA
370
     0
100
AcDbLine
 10
12469.1049992075
 20
14862.08685346809
 30
0.0
 11
12468.93036904054
 21
14862.64734767212
 31
0.0
  0
LINE
  5
3F1
330
301
100
AcDbEntity
  8
9.1 - LEGENDA
370
     0
100
AcDbLine
 10
12468.93036904054
 20
14862.64734767212
 30
0.0
 11
12468.7516400213
 21
14862.07875108589
 31
0.0
  0
LINE
  5
3F2
330
301
100
AcDbEntity
  8
9.1 - LEGENDA
370
     0
100
AcDbLine
 10
12468.7516400213
 20
14862.07875108589
 30
0.0
 11
12468.43888806839
 21
14861.15288710567
 31
0.0
  0
LINE
  5
3F3
330
301
100
AcDbEntity
  8
9.1 - LEGENDA
370
     0
100
AcDbLine
 10
12468.43888806839
 20
14861.15288710567
 30
0.0
 11
12469.41765583827
 21
14861.15288710567
 31
0.0
  0
LINE
  5
3F4
330
301
100
AcDbEntity
  8
9.1 - LEGENDA
370
     0
100
AcDbLine
 10
12470.0917740373
 20
14860.14170980697
 30
0.0
 11
12469.75871846786
 21
14860.14170980697
 31
0.0
  0
LINE
  5
3F5
330
301
100
AcDbEntity
  8
9.1 - LEGENDA
370
     0
100
AcDbLine
 10
12469.75871846786
 20
14860.14170980697
 30
0.0
 11
12469.515075069
 21
14860.86453762146
 31
0.0
  0
LINE
  5
3F6
330
301
100
AcDbEntity
  8
9.1 - LEGENDA
370
     0
100
AcDbLine
 10
12469.515075069
 20
14860.86453762146
 30
0.0
 11
12468.34146883766
 21
14860.86453762146
 31
0.0
  0
LINE
  5
3F7
330
301
100
AcDbEntity
  8
9.1 - LEGENDA
370
     0
100
AcDbLine
 10
12468.34146883766
 20
14860.86453762146
 30
0.0
 11
12468.09372658663
 21
14860.14170980697
 31
0.0
  0
LINE
  5
3F8
330
301
100
AcDbEntity
  8
9.1 - LEGENDA
370
     0
100
AcDbLine
 10
12468.09372658663
 20
14860.14170980697
 30
0.0
 11
12467.7688687214
 21
14860.14170980697
 31
0.0
  0
LINE
  5
3F9
330
301
100
AcDbEntity
  8
9.1 - LEGENDA
370
     0
100
AcDbLine
 10
12467.7688687214
 20
14860.14170980697
 30
0.0
 11
12468.75573887346
 21
14862.98440677167
 31
0.0
  0
LINE
  5
3FA
330
301
100
AcDbEntity
  8
9.1 - LEGENDA
370
     0
100
AcDbLine
 10
12468.75573887346
 20
14862.98440677167
 30
0.0
 11
12469.1049992075
 21
14862.98440677167
 31
0.0
  0
LINE
  5
3FB
330
301
100
AcDbEntity
  8
9.1 - LEGENDA
370
     0
100
AcDbLine
 10
12469.1049992075
 20
14862.98440677167
 30
0.0
 11
12470.0917740373
 21
14860.14170980697
 31
0.0
  0
LINE
  5
3FC
330
301
100
AcDbEntity
  8
9.1 - LEGENDA
370
     0
100
AcDbLine
 10
12466.18554885274
 20
14860.06859772288
 30
0.0
 11
12465.43831856952
 21
14861.90011738889
 31
0.0
  0
LINE
  5
3FD
330
301
100
AcDbEntity
  8
9.1 - LEGENDA
370
     0
100
AcDbLine
 10
12465.43831856952
 20
14861.90011738889
 30
0.0
 11
12465.27179078486
 21
14862.37110410013
 31
0.0
  0
LINE
  5
3FE
330
301
100
AcDbEntity
  8
9.1 - LEGENDA
370
     0
100
AcDbLine
 10
12465.27179078486
 20
14862.37110410013
 30
0.0
 11
12465.27179078486
 21
14860.14170980697
 31
0.0
  0
LINE
  5
3FF
330
301
100
AcDbEntity
  8
9.1 - LEGENDA
370
     0
100
AcDbLine
 10
12465.27179078486
 20
14860.14170980697
 30
0.0
 11
12464.96723653617
 21
14860.14170980697
 31
0.0
  0
LINE
  5
400
330
301
100
AcDbEntity
  8
9.1 - LEGENDA
370
     0
100
AcDbLine
 10
12464.96723653617
 20
14860.14170980697
 30
0.0
 11
12464.96723653617
 21
14862.98440677167
 31
0.0
  0
LINE
  5
401
330
301
100
AcDbEntity
  8
9.1 - LEGENDA
370
     0
100
AcDbLine
 10
12464.96723653617
 20
14862.98440677167
 30
0.0
 11
12465.32059572226
 21
14862.98440677167
 31
0.0
  0
LINE
  5
402
330
301
100
AcDbEntity
  8
9.1 - LEGENDA
370
     0
100
AcDbLine
 10
12465.32059572226
 20
14862.98440677167
 30
0.0
 11
12465.99061506925
 21
14861.28281118731
 31
0.0
  0
LINE
  5
403
330
301
100
AcDbEntity
  8
9.1 - LEGENDA
370
     0
100
AcDbLine
 10
12465.99061506925
 20
14861.28281118731
 30
0.0
 11
12466.19365123493
 21
14860.73051468764
 31
0.0
  0
LINE
  5
404
330
301
100
AcDbEntity
  8
9.1 - LEGENDA
370
     0
100
AcDbLine
 10
12466.19365123493
 20
14860.73051468764
 30
0.0
 11
12466.39668740072
 21
14861.28281118731
 31
0.0
  0
LINE
  5
405
330
301
100
AcDbEntity
  8
9.1 - LEGENDA
370
     0
100
AcDbLine
 10
12466.39668740072
 20
14861.28281118731
 30
0.0
 11
12467.07490445204
 21
14862.98440677167
 31
0.0
  0
LINE
  5
406
330
301
100
AcDbEntity
  8
9.1 - LEGENDA
370
     0
100
AcDbLine
 10
12467.07490445204
 20
14862.98440677167
 30
0.0
 11
12467.4200659338
 21
14862.98440677167
 31
0.0
  0
LINE
  5
407
330
301
100
AcDbEntity
  8
9.1 - LEGENDA
370
     0
100
AcDbLine
 10
12467.4200659338
 20
14862.98440677167
 30
0.0
 11
12467.4200659338
 21
14860.14170980697
 31
0.0
  0
LINE
  5
408
330
301
100
AcDbEntity
  8
9.1 - LEGENDA
370
     0
100
AcDbLine
 10
12467.4200659338
 20
14860.14170980697
 30
0.0
 11
12467.11551168522
 21
14860.14170980697
 31
0.0
  0
LINE
  5
409
330
301
100
AcDbEntity
  8
9.1 - LEGENDA
370
     0
100
AcDbLine
 10
12467.11551168522
 20
14860.14170980697
 30
0.0
 11
12467.11551168522
 21
14862.37110410013
 31
0.0
  0
LINE
  5
40A
330
301
100
AcDbEntity
  8
9.1 - LEGENDA
370
     0
100
AcDbLine
 10
12467.11551168522
 20
14862.37110410013
 30
0.0
 11
12466.94498037042
 21
14861.90011738889
 31
0.0
  0
LINE
  5
40B
330
301
100
AcDbEntity
  8
9.1 - LEGENDA
370
     0
100
AcDbLine
 10
12466.94498037042
 20
14861.90011738889
 30
0.0
 11
12466.18554885274
 21
14860.06859772288
 31
0.0
  0
ARC
  5
40C
330
301
100
AcDbEntity
  8
9.1 - LEGENDA
370
     0
100
AcDbCircle
 10
12463.45688576841
 20
14861.16508834005
 30
0.0
 40
1.02337853306667
100
AcDbArc
 50
180.0
 51
0.0
  0
ARC
  5
40D
330
301
100
AcDbEntity
  8
9.1 - LEGENDA
370
     0
100
AcDbCircle
 10
12463.45688576841
 20
14861.16508834005
 30
0.0
 40
0.7067183722102135
100
AcDbArc
 50
180.0
 51
0.0
  0
ARC
  5
40E
330
301
100
AcDbEntity
  8
9.1 - LEGENDA
370
     0
100
AcDbCircle
 10
12477.85504771276
 20
14862.18030729762
 30
0.0
 40
0.8040422807737032
100
AcDbArc
 50
0.0
 51
90.0
  0
ARC
  5
40F
330
301
100
AcDbEntity
  8
9.1 - LEGENDA
370
     0
100
AcDbCircle
 10
12477.84264139152
 20
14862.1604906466
 30
0.0
 40
0.816689059235505
100
AcDbArc
 50
286.1850047050727
 51
1.390396871730016
  0
ARC
  5
410
330
301
100
AcDbEntity
  8
9.1 - LEGENDA
370
     0
100
AcDbCircle
 10
12477.89155609378
 20
14862.16810606325
 30
0.0
 40
0.5319928831061405
100
AcDbArc
 50
270.0
 51
0.0
  0
ARC
  5
411
330
301
100
AcDbEntity
  8
9.1 - LEGENDA
370
     0
100
AcDbCircle
 10
12477.84284647841
 20
14862.16810606325
 30
0.0
 40
0.5807024984531822
100
AcDbArc
 50
0.0
 51
90.0
  0
ELLIPSE
  5
412
330
301
100
AcDbEntity
  8
9.1 - LEGENDA
370
     0
100
AcDbEllipse
 10
12480.16335920858
 20
14861.5630392249
 30
0.0
 11
-0.001971652131292159
 21
1.132966342487655
 31
0.0
210
0.0
220
0.0
230
1.0
 40
0.7401849347672285
 41
5.471012543732289
 42
10.2794894678193
  0
ELLIPSE
  5
413
330
301
100
AcDbEntity
  8
9.1 - LEGENDA
370
     0
100
AcDbEllipse
 10
12480.16335920858
 20
14861.56299156383
 30
0.0
 11
0.005868432428452626
 21
1.421269641502464
 31
0.0
210
0.0
220
0.0
230
1.0
 40
0.8128322552273043
 41
5.461517792092501
 42
10.2740879013054
  0
CIRCLE
  5
414
330
301
100
AcDbEntity
  8
9.1 - LEGENDA
370
     0
100
AcDbCircle
 10
12490.05247873262
 20
14861.48158645324
 30
0.0
 40
2.840456894329962
  0
CIRCLE
  5
415
330
301
100
AcDbEntity
  8
9.1 - LEGENDA
370
     0
100
AcDbCircle
 10
12490.05247873262
 20
14861.48158645324
 30
0.0
 40
3.506758677685242
  0
LINE
  5
416
330
301
100
AcDbEntity
  8
9.1 - LEGENDA
370
     0
100
AcDbLine
 10
12491.49310595434
 20
14861.07217784674
 30
0.0
 11
12491.16124915712
 21
14861.07217784674
 31
0.0
  0
LINE
  5
417
330
301
100
AcDbEntity
  8
9.1 - LEGENDA
370
     0
100
AcDbLine
 10
12491.05715077984
 20
14861.00972549998
 30
0.0
 11
12490.89779550159
 21
14860.71100224486
 31
0.0
  0
LINE
  5
418
330
301
100
AcDbEntity
  8
9.1 - LEGENDA
370
     0
100
AcDbLine
 10
12490.89779550159
 20
14860.71100224486
 30
0.0
 11
12492.3457388619
 21
14860.71100224486
 31
0.0
  0
LINE
  5
419
330
301
100
AcDbEntity
  8
9.1 - LEGENDA
370
     0
100
AcDbLine
 10
12492.3457388619
 20
14860.71100224486
 30
0.0
 11
12491.58777810396
 21
14862.13408079123
 31
0.0
  0
LINE
  5
41A
330
301
100
AcDbEntity
  8
9.1 - LEGENDA
370
     0
100
AcDbLine
 10
12491.39124420072
 20
14862.25207533949
 30
0.0
 11
12491.00373244095
 21
14862.25207533949
 31
0.0
  0
LINE
  5
41B
330
301
100
AcDbEntity
  8
9.1 - LEGENDA
370
     0
100
AcDbLine
 10
12490.80719853771
 20
14862.13408079123
 30
0.0
 11
12490.04923777977
 21
14860.71100224486
 31
0.0
  0
LINE
  5
41C
330
301
100
AcDbEntity
  8
9.1 - LEGENDA
370
     0
100
AcDbLine
 10
12490.04923777977
 20
14860.71100224486
 30
0.0
 11
12490.51088042542
 21
14860.71100224486
 31
0.0
  0
LINE
  5
41D
330
301
100
AcDbEntity
  8
9.1 - LEGENDA
370
     0
100
AcDbLine
 10
12490.64566116916
 20
14860.79193582984
 30
0.0
 11
12491.19744065982
 21
14861.82829522809
 31
0.0
  0
LINE
  5
41E
330
301
100
AcDbEntity
  8
9.1 - LEGENDA
370
     0
100
AcDbLine
 10
12491.19744065982
 20
14861.82820648385
 30
0.0
 11
12491.54277828064
 21
14861.18012697057
 31
0.0
  0
LINE
  5
41F
330
301
100
AcDbEntity
  8
9.1 - LEGENDA
370
     0
100
AcDbLine
 10
12491.54930580543
 20
14861.15278869138
 30
0.0
 11
12491.54876200932
 21
14861.12668647739
 31
0.0
  0
LINE
  5
420
330
301
100
AcDbEntity
  8
9.1 - LEGENDA
370
     0
100
AcDbLine
 10
12490.65960452923
 20
14862.25211346835
 30
0.0
 11
12489.88117246256
 21
14860.79069875623
 31
0.0
  0
LINE
  5
421
330
301
100
AcDbEntity
  8
9.1 - LEGENDA
370
     0
100
AcDbLine
 10
12489.74848776493
 20
14860.71104037371
 30
0.0
 11
12489.28553583015
 21
14860.71104037371
 31
0.0
  0
LINE
  5
422
330
301
100
AcDbEntity
  8
9.1 - LEGENDA
370
     0
100
AcDbLine
 10
12489.28553583015
 20
14860.71104037371
 30
0.0
 11
12490.06458373341
 21
14862.17249704854
 31
0.0
  0
LINE
  5
423
330
301
100
AcDbEntity
  8
9.1 - LEGENDA
370
     0
100
AcDbLine
 10
12490.1972460708
 20
14862.25211346835
 30
0.0
 11
12490.65960452923
 21
14862.25211346835
 31
0.0
  0
LINE
  5
424
330
301
100
AcDbEntity
  8
9.1 - LEGENDA
370
     0
100
AcDbLine
 10
12489.89649357689
 20
14862.25211346835
 30
0.0
 11
12489.11806151034
 21
14860.79069875623
 31
0.0
  0
LINE
  5
425
330
301
100
AcDbEntity
  8
9.1 - LEGENDA
370
     0
100
AcDbLine
 10
12488.9853768126
 20
14860.71104037371
 30
0.0
 11
12488.52242487782
 21
14860.71104037371
 31
0.0
  0
LINE
  5
426
330
301
100
AcDbEntity
  8
9.1 - LEGENDA
370
     0
100
AcDbLine
 10
12488.52242487782
 20
14860.71104037371
 30
0.0
 11
12489.30075430715
 21
14862.17244808999
 31
0.0
  0
LINE
  5
427
330
301
100
AcDbEntity
  8
9.1 - LEGENDA
370
     0
100
AcDbLine
 10
12489.433442731
 20
14862.25211346835
 30
0.0
 11
12489.89649357689
 21
14862.25211346835
 31
0.0
  0
LINE
  5
428
330
301
100
AcDbEntity
  8
9.1 - LEGENDA
370
     0
100
AcDbLine
 10
12489.13338262467
 20
14862.25211346835
 30
0.0
 11
12488.3543347213
 21
14860.79065679352
 31
0.0
  0
LINE
  5
429
330
301
100
AcDbEntity
  8
9.1 - LEGENDA
370
     0
100
AcDbLine
 10
12488.22167238391
 20
14860.71104037371
 30
0.0
 11
12487.75931392536
 21
14860.71104037371
 31
0.0
  0
LINE
  5
42A
330
301
100
AcDbEntity
  8
9.1 - LEGENDA
370
     0
100
AcDbLine
 10
12487.75931392536
 20
14860.71104037371
 30
0.0
 11
12488.53764335481
 21
14862.17244808999
 31
0.0
  0
LINE
  5
42B
330
301
100
AcDbEntity
  8
9.1 - LEGENDA
370
     0
100
AcDbLine
 10
12488.67033177866
 20
14862.25211346835
 30
0.0
 11
12489.13338262467
 21
14862.25211346835
 31
0.0
  0
ARC
  5
42C
330
301
100
AcDbEntity
  8
9.1 - LEGENDA
370
     0
100
AcDbCircle
 10
12488.67033177866
 20
14862.10177971726
 30
0.0
 40
0.1503337510899536
100
AcDbArc
 50
90.0
 51
151.9607335982508
  0
ARC
  5
42D
330
301
100
AcDbEntity
  8
9.1 - LEGENDA
370
     0
100
AcDbCircle
 10
12489.433442731
 20
14862.10177971726
 30
0.0
 40
0.1503337510899536
100
AcDbArc
 50
90.0
 51
151.9607335982508
  0
ARC
  5
42E
330
301
100
AcDbEntity
  8
9.1 - LEGENDA
370
     0
100
AcDbCircle
 10
12490.1972460708
 20
14862.10177971726
 30
0.0
 40
0.1503337510899536
100
AcDbArc
 50
90.0
 51
151.9395908539308
  0
ARC
  5
42F
330
301
100
AcDbEntity
  8
9.1 - LEGENDA
370
     0
100
AcDbCircle
 10
12488.22167238391
 20
14860.8613741248
 30
0.0
 40
0.1503337510899536
100
AcDbArc
 50
270.0
 51
331.9395908539308
  0
ARC
  5
430
330
301
100
AcDbEntity
  8
9.1 - LEGENDA
370
     0
100
AcDbCircle
 10
12488.9853768126
 20
14860.8613741248
 30
0.0
 40
0.1503337510899536
100
AcDbArc
 50
270.0
 51
331.9577127323006
  0
ARC
  5
431
330
301
100
AcDbEntity
  8
9.1 - LEGENDA
370
     0
100
AcDbCircle
 10
12489.74848776493
 20
14860.8613741248
 30
0.0
 40
0.1503337510899536
100
AcDbArc
 50
270.0
 51
331.9577127323006
  0
ARC
  5
432
330
301
100
AcDbEntity
  8
9.1 - LEGENDA
370
     0
100
AcDbCircle
 10
12491.00373244095
 20
14862.02940281218
 30
0.0
 40
0.2226725273119966
100
AcDbArc
 50
90.0
 51
151.9593216841926
  0
ARC
  5
433
330
301
100
AcDbEntity
  8
9.1 - LEGENDA
370
     0
100
AcDbCircle
 10
12491.39124420072
 20
14862.02940281218
 30
0.0
 40
0.2226725273119966
100
AcDbArc
 50
28.04067831580745
 51
90.0
  0
ARC
  5
434
330
301
100
AcDbEntity
  8
9.1 - LEGENDA
370
     0
100
AcDbCircle
 10
12491.49310595434
 20
14861.12784597854
 30
0.0
 40
0.0556681318162032
100
AcDbArc
 50
270.0
 51
358.806510576057
  0
ARC
  5
435
330
301
100
AcDbEntity
  8
9.1 - LEGENDA
370
     0
100
AcDbCircle
 10
12491.49364975044
 20
14861.15394819253
 30
0.0
 40
0.0556681318162032
100
AcDbArc
 50
358.8065105685309
 51
28.05150433715449
  0
ARC
  5
436
330
301
100
AcDbEntity
  8
9.1 - LEGENDA
370
     0
100
AcDbCircle
 10
12491.16124915712
 20
14860.95419374747
 30
0.0
 40
0.1179840992621629
100
AcDbArc
 50
90.0
 51
151.922106373616
  0
ARC
  5
437
330
301
100
AcDbEntity
  8
9.1 - LEGENDA
370
     0
100
AcDbCircle
 10
12490.51088042542
 20
14860.86369592601
 30
0.0
 40
0.1526936811559712
100
AcDbArc
 50
270.0
 51
331.9682260672843
  0
LWPOLYLINE
  5
438
330
301
100
AcDbEntity
  8
9.1 - LEGENDA
370
     0
100
AcDbPolyline
 90
       10
 70
     1
 43
0.0
 10
12512.62234114083
 20
14861.95779681795
 10
12513.20618927009
 20
14861.95779681795
 10
12513.30113012503
 20
14861.88678182101
 10
12513.29388564216
 20
14861.87257882162
 10
12512.82671181656
 20
14860.15449250642
 10
12512.68811341988
 20
14860.06222067148
 10
12512.10426529074
 20
14860.06222067148
 10
12512.01666424082
 20
14860.13314034628
 10
12512.01666424082
 20
14860.15449250642
 10
12512.48374274416
 20
14861.87257882162
  0
ARC
  5
439
330
301
100
AcDbEntity
  8
9.1 - LEGENDA
370
     0
100
AcDbCircle
 10
12514.29199437328
 20
14861.69020989735
 30
0.0
 40
0.5913246938836266
100
AcDbArc
 50
8.063745637692387
 51
96.92456188749755
  0
ARC
  5
43A
330
301
100
AcDbEntity
  8
9.1 - LEGENDA
370
     0
100
AcDbCircle
 10
12513.57219805076
 20
14860.76400566931
 30
0.0
 40
1.015143508470687
100
AcDbArc
 50
267.4721353739676
 51
337.873262570213
  0
LINE
  5
43B
330
301
100
AcDbEntity
  8
9.1 - LEGENDA
370
     0
100
AcDbLine
 10
12514.22070284382
 20
14862.27722132095
 30
0.0
 11
12510.70531848279
 21
14862.27722132095
 31
0.0
  0
LINE
  5
43C
330
301
100
AcDbEntity
  8
9.1 - LEGENDA
370
     0
100
AcDbLine
 10
12510.6599662718
 20
14862.26578723129
 30
0.0
 11
12510.63774516232
 21
14862.2538220185
 31
0.0
  0
LINE
  5
43D
330
301
100
AcDbEntity
  8
9.1 - LEGENDA
370
     0
100
AcDbLine
 10
12510.63153630282
 20
14862.22441686865
 30
0.0
 11
12510.73439250487
 21
14862.11238978302
 31
0.0
  0
LINE
  5
43E
330
301
100
AcDbEntity
  8
9.1 - LEGENDA
370
     0
100
AcDbLine
 10
12510.74373321569
 20
14862.1004379496
 30
0.0
 11
12510.87089207543
 21
14861.90803865902
 31
0.0
  0
LINE
  5
43F
330
301
100
AcDbEntity
  8
9.1 - LEGENDA
370
     0
100
AcDbLine
 10
12510.87089207543
 20
14861.90803865902
 30
0.0
 11
12510.8635522703
 21
14861.87257882162
 31
0.0
  0
LINE
  5
440
330
301
100
AcDbEntity
  8
9.1 - LEGENDA
370
     0
100
AcDbLine
 10
12510.8635522703
 20
14861.87257882162
 30
0.0
 11
12510.14738767625
 21
14859.23881452982
 31
0.0
  0
LINE
  5
441
330
301
100
AcDbEntity
  8
9.1 - LEGENDA
370
     0
100
AcDbLine
 10
12510.23969558704
 20
14859.1180548397
 30
0.0
 11
12511.66284018146
 21
14859.1180548397
 31
0.0
  0
LINE
  5
442
330
301
100
AcDbEntity
  8
9.1 - LEGENDA
370
     0
100
AcDbLine
 10
12511.75501669427
 20
14859.18813607095
 30
0.0
 11
12511.89144162632
 21
14859.67976877585
 31
0.0
  0
LINE
  5
443
330
301
100
AcDbEntity
  8
9.1 - LEGENDA
370
     0
100
AcDbLine
 10
12511.98361813913
 20
14859.74985000709
 30
0.0
 11
12513.52742489377
 21
14859.74985000709
 31
0.0
  0
LINE
  5
444
330
301
100
AcDbEntity
  8
9.1 - LEGENDA
370
     0
100
AcDbLine
 10
12514.51257924732
 20
14860.38164517448
 30
0.0
 11
12514.85554831972
 21
14861.64542615356
 31
0.0
  0
LINE
  5
445
330
301
100
AcDbEntity
  8
9.1 - LEGENDA
370
     0
100
AcDbLine
 10
12514.85554831972
 20
14861.64542615356
 30
0.0
 11
12514.87747241273
 21
14861.77315782591
 31
0.0
  0
LINE
  5
446
330
301
100
AcDbEntity
  8
9.1 - LEGENDA
370
     0
100
AcDbLine
 10
12507.60273944757
 20
14861.32583960291
 30
0.0
 11
12508.20893562418
 21
14861.32583960291
 31
0.0
  0
LINE
  5
447
330
301
100
AcDbEntity
  8
9.1 - LEGENDA
370
     0
100
AcDbLine
 10
12508.30128446602
 20
14861.2052309285
 30
0.0
 11
12508.01350436949
 21
14860.14001368069
 31
0.0
  0
LINE
  5
448
330
301
100
AcDbEntity
  8
9.1 - LEGENDA
370
     0
100
AcDbLine
 10
12507.92115552766
 20
14860.06930310674
 30
0.0
 11
12507.31495935105
 21
14860.06930310674
 31
0.0
  0
LINE
  5
449
330
301
100
AcDbEntity
  8
9.1 - LEGENDA
370
     0
100
AcDbLine
 10
12507.22261050933
 20
14860.18991178114
 30
0.0
 11
12507.51039060586
 21
14861.25512902895
 31
0.0
  0
LINE
  5
44A
330
301
100
AcDbEntity
  8
9.1 - LEGENDA
370
     0
100
AcDbLine
 10
12506.3005372105
 20
14859.74987860373
 30
0.0
 11
12509.41865921866
 21
14859.74987860373
 31
0.0
  0
LINE
  5
44B
330
301
100
AcDbEntity
  8
9.1 - LEGENDA
370
     0
100
AcDbLine
 10
12509.41865921866
 20
14859.74987860373
 30
0.0
 11
12509.92215078076
 21
14860.00543727056
 31
0.0
  0
LINE
  5
44C
330
301
100
AcDbEntity
  8
9.1 - LEGENDA
370
     0
100
AcDbLine
 10
12509.92215078076
 20
14860.00543727056
 30
0.0
 11
12509.96590364464
 21
14860.04795094659
 31
0.0
  0
LINE
  5
44D
330
301
100
AcDbEntity
  8
9.1 - LEGENDA
370
     0
100
AcDbLine
 10
12509.96590364464
 20
14860.04795094659
 30
0.0
 11
12509.81272095997
 21
14860.09770910552
 31
0.0
  0
LINE
  5
44E
330
301
100
AcDbEntity
  8
9.1 - LEGENDA
370
     0
100
AcDbLine
 10
12509.81272095997
 20
14860.09770910552
 30
0.0
 11
12509.659347631
 21
14860.19703477909
 31
0.0
  0
LINE
  5
44F
330
301
100
AcDbEntity
  8
9.1 - LEGENDA
370
     0
100
AcDbLine
 10
12509.659347631
 20
14860.19703477909
 30
0.0
 11
12509.659347631
 21
14860.21838693925
 31
0.0
  0
LINE
  5
450
330
301
100
AcDbEntity
  8
9.1 - LEGENDA
370
     0
100
AcDbLine
 10
12509.659347631
 20
14860.21838693925
 30
0.0
 11
12510.04626021169
 21
14861.64545475022
 31
0.0
  0
LINE
  5
451
330
301
100
AcDbEntity
  8
9.1 - LEGENDA
370
     0
100
AcDbLine
 10
12510.04626021169
 20
14861.64545475022
 30
0.0
 11
12510.06808898245
 21
14861.77318642254
 31
0.0
  0
LINE
  5
452
330
301
100
AcDbEntity
  8
9.1 - LEGENDA
370
     0
100
AcDbLine
 10
12510.06808898245
 20
14861.77318642254
 30
0.0
 11
12509.85647382385
 21
14862.15657208388
 31
0.0
  0
LINE
  5
453
330
301
100
AcDbEntity
  8
9.1 - LEGENDA
370
     0
100
AcDbLine
 10
12509.85647382385
 20
14862.15657208388
 30
0.0
 11
12509.41122409139
 21
14862.27724991761
 31
0.0
  0
LINE
  5
454
330
301
100
AcDbEntity
  8
9.1 - LEGENDA
370
     0
100
AcDbLine
 10
12509.41122409139
 20
14862.27724991761
 30
0.0
 11
12506.28046360899
 21
14862.27724991761
 31
0.0
  0
LINE
  5
455
330
301
100
AcDbEntity
  8
9.1 - LEGENDA
370
     0
100
AcDbLine
 10
12506.28046360899
 20
14862.27724991761
 30
0.0
 11
12506.21478665197
 21
14862.2417900802
 31
0.0
  0
LINE
  5
456
330
301
100
AcDbEntity
  8
9.1 - LEGENDA
370
     0
100
AcDbLine
 10
12506.21478665197
 20
14862.2417900802
 30
0.0
 11
12506.22927561783
 21
14862.21328875929
 31
0.0
  0
LINE
  5
457
330
301
100
AcDbEntity
  8
9.1 - LEGENDA
370
     0
100
AcDbLine
 10
12506.22927561783
 20
14862.21328875929
 30
0.0
 11
12506.41906200567
 21
14862.02169125077
 31
0.0
  0
LINE
  5
458
330
301
100
AcDbEntity
  8
9.1 - LEGENDA
370
     0
100
AcDbLine
 10
12506.41906200567
 20
14862.02169125077
 30
0.0
 11
12506.6016039104
 21
14861.95773009245
 31
0.0
  0
LINE
  5
459
330
301
100
AcDbEntity
  8
9.1 - LEGENDA
370
     0
100
AcDbLine
 10
12506.6016039104
 20
14861.95773009245
 30
0.0
 11
12508.36769613596
 21
14861.95773009245
 31
0.0
  0
LINE
  5
45A
330
301
100
AcDbEntity
  8
9.1 - LEGENDA
370
     0
100
AcDbLine
 10
12508.42112603989
 20
14861.94141786303
 30
0.0
 11
12508.49174669474
 21
14861.89386425627
 31
0.0
  0
LINE
  5
45B
330
301
100
AcDbEntity
  8
9.1 - LEGENDA
370
     0
100
AcDbLine
 10
12508.49174669474
 20
14861.89386425627
 30
0.0
 11
12508.3379686734
 21
14861.68448832954
 31
0.0
  0
LINE
  5
45C
330
301
100
AcDbEntity
  8
9.1 - LEGENDA
370
     0
100
AcDbLine
 10
12508.26086968028
 20
14861.64545475022
 30
0.0
 11
12506.81923786756
 21
14861.64545475022
 31
0.0
  0
LINE
  5
45D
330
301
100
AcDbEntity
  8
9.1 - LEGENDA
370
     0
100
AcDbLine
 10
12505.81516296902
 20
14860.99297436289
 30
0.0
 11
12505.65286261584
 21
14860.38167377113
 31
0.0
  0
LINE
  5
45E
330
301
100
AcDbEntity
  8
9.1 - LEGENDA
370
     0
100
AcDbLine
 10
12505.65286261584
 20
14860.38167377113
 30
0.0
 11
12505.63103384497
 21
14860.24679293802
 31
0.0
  0
LINE
  5
45F
330
301
100
AcDbEntity
  8
9.1 - LEGENDA
370
     0
100
AcDbLine
 10
12504.98403029012
 20
14860.28049164628
 30
0.0
 11
12505.36094808342
 21
14861.64547381464
 31
0.0
  0
LINE
  5
460
330
301
100
AcDbEntity
  8
9.1 - LEGENDA
370
     0
100
AcDbLine
 10
12505.36094808342
 20
14861.64547381464
 30
0.0
 11
12505.37553237142
 21
14861.77320548698
 31
0.0
  0
LINE
  5
461
330
301
100
AcDbEntity
  8
9.1 - LEGENDA
370
     0
100
AcDbLine
 10
12504.88794444835
 20
14862.27717365989
 30
0.0
 11
12499.56631497755
 21
14862.27717365989
 31
0.0
  0
LINE
  5
462
330
301
100
AcDbEntity
  8
9.1 - LEGENDA
370
     0
100
AcDbLine
 10
12499.56631497755
 20
14862.27717365989
 30
0.0
 11
12499.49339353767
 21
14862.24180914462
 31
0.0
  0
LINE
  5
463
330
301
100
AcDbEntity
  8
9.1 - LEGENDA
370
     0
100
AcDbLine
 10
12499.49339353767
 20
14862.24180914462
 30
0.0
 11
12499.61740764646
 21
14862.10683298938
 31
0.0
  0
LINE
  5
464
330
301
100
AcDbEntity
  8
9.1 - LEGENDA
370
     0
100
AcDbLine
 10
12499.61740764646
 20
14862.10683298938
 30
0.0
 11
12499.74885688241
 21
14861.90799099795
 31
0.0
  0
LINE
  5
465
330
301
100
AcDbEntity
  8
9.1 - LEGENDA
370
     0
100
AcDbLine
 10
12499.74885688241
 20
14861.90799099795
 30
0.0
 11
12499.74151707739
 21
14861.87262648269
 31
0.0
  0
LINE
  5
466
330
301
100
AcDbEntity
  8
9.1 - LEGENDA
370
     0
100
AcDbLine
 10
12499.74151707739
 20
14861.87262648269
 30
0.0
 11
12499.20645143099
 21
14859.8930307388
 31
0.0
  0
LINE
  5
467
330
301
100
AcDbEntity
  8
9.1 - LEGENDA
370
     0
100
AcDbLine
 10
12499.31603328368
 20
14859.74989766816
 30
0.0
 11
12500.70252335731
 21
14859.74989766816
 31
0.0
  0
LINE
  5
468
330
301
100
AcDbEntity
  8
9.1 - LEGENDA
370
     0
100
AcDbLine
 10
12500.81202547691
 20
14859.83349947254
 30
0.0
 11
12501.35193565973
 21
14861.80998455826
 31
0.0
  0
LINE
  5
469
330
301
100
AcDbEntity
  8
9.1 - LEGENDA
370
     0
100
AcDbLine
 10
12501.43171950193
 20
14861.88962715894
 30
0.0
 11
12501.68284785266
 21
14861.95774915688
 31
0.0
  0
LINE
  5
46A
330
301
100
AcDbEntity
  8
9.1 - LEGENDA
370
     0
100
AcDbLine
 10
12501.68284785266
 20
14861.95774915688
 30
0.0
 11
12501.70897177812
 21
14861.94015817194
 31
0.0
  0
LINE
  5
46B
330
301
100
AcDbEntity
  8
9.1 - LEGENDA
370
     0
100
AcDbLine
 10
12501.75515122556
 20
14861.81638195021
 30
0.0
 11
12501.23528793415
 21
14859.89303073879
 31
0.0
  0
LINE
  5
46C
330
301
100
AcDbEntity
  8
9.1 - LEGENDA
370
     0
100
AcDbLine
 10
12501.34486978672
 20
14859.74989766816
 30
0.0
 11
12502.72411618215
 21
14859.74989766816
 31
0.0
  0
LINE
  5
46D
330
301
100
AcDbEntity
  8
9.1 - LEGENDA
370
     0
100
AcDbLine
 10
12502.8336209148
 20
14859.8335090399
 30
0.0
 11
12503.37322433766
 21
14861.80955031808
 31
0.0
  0
LINE
  5
46E
330
301
100
AcDbEntity
  8
9.1 - LEGENDA
370
     0
100
AcDbLine
 10
12503.45365300631
 20
14861.8893746776
 30
0.0
 11
12503.71168435582
 21
14861.95774915688
 31
0.0
  0
LINE
  5
46F
330
301
100
AcDbEntity
  8
9.1 - LEGENDA
370
     0
100
AcDbLine
 10
12503.71168435582
 20
14861.95774915688
 30
0.0
 11
12503.74097017765
 21
14861.93637497325
 31
0.0
  0
LINE
  5
470
330
301
100
AcDbEntity
  8
9.1 - LEGENDA
370
     0
100
AcDbLine
 10
12503.78363190273
 20
14861.8150654921
 30
0.0
 11
12503.26412443731
 21
14859.8930307388
 31
0.0
  0
LINE
  5
471
330
301
100
AcDbEntity
  8
9.1 - LEGENDA
370
     0
100
AcDbLine
 10
12503.37370628999
 20
14859.74989766816
 30
0.0
 11
12504.70928229725
 21
14859.74989766816
 31
0.0
  0
LINE
  5
472
330
301
100
AcDbEntity
  8
9.1 - LEGENDA
370
     0
100
AcDbLine
 10
12504.74202155015
 20
14859.75472141569
 30
0.0
 11
12504.92254342193
 21
14859.80909743196
 31
0.0
  0
LINE
  5
473
330
301
100
AcDbEntity
  8
9.1 - LEGENDA
370
     0
100
AcDbLine
 10
12504.95106003744
 20
14859.82222015729
 30
0.0
 11
12505.23693397463
 21
14860.005456335
 31
0.0
  0
LINE
  5
474
330
301
100
AcDbEntity
  8
9.1 - LEGENDA
370
     0
100
AcDbLine
 10
12505.23693397463
 20
14860.005456335
 30
0.0
 11
12505.27344235564
 21
14860.04797001102
 31
0.0
  0
LINE
  5
475
330
301
100
AcDbEntity
  8
9.1 - LEGENDA
370
     0
100
AcDbLine
 10
12505.27344235564
 20
14860.04797001102
 30
0.0
 11
12505.12006902668
 21
14860.09772816995
 31
0.0
  0
LINE
  5
476
330
301
100
AcDbEntity
  8
9.1 - LEGENDA
370
     0
100
AcDbLine
 10
12505.12006902668
 20
14860.09772816995
 30
0.0
 11
12505.03169186118
 21
14860.15503308996
 31
0.0
  0
LINE
  5
477
330
301
100
AcDbEntity
  8
9.1 - LEGENDA
370
     0
100
AcDbLine
 10
12496.58876577633
 20
14860.74334504815
 30
0.0
 11
12496.50116472641
 21
14860.67233005122
 31
0.0
  0
LINE
  5
478
330
301
100
AcDbEntity
  8
9.1 - LEGENDA
370
     0
100
AcDbLine
 10
12496.50116472641
 20
14860.67233005122
 30
0.0
 11
12495.50133076283
 21
14860.67233005122
 31
0.0
  0
LINE
  5
479
330
301
100
AcDbEntity
  8
9.1 - LEGENDA
370
     0
100
AcDbLine
 10
12495.50133076283
 20
14860.67233005122
 30
0.0
 11
12495.43565380593
 21
14860.71493904938
 31
0.0
  0
LINE
  5
47A
330
301
100
AcDbEntity
  8
9.1 - LEGENDA
370
     0
100
AcDbLine
 10
12495.43565380593
 20
14860.71493904938
 30
0.0
 11
12495.45033341607
 21
14860.75754804754
 31
0.0
  0
LINE
  5
47B
330
301
100
AcDbEntity
  8
9.1 - LEGENDA
370
     0
100
AcDbLine
 10
12495.45033341607
 20
14860.75754804754
 30
0.0
 11
12496.25294586465
 21
14861.89350203212
 31
0.0
  0
LINE
  5
47C
330
301
100
AcDbEntity
  8
9.1 - LEGENDA
370
     0
100
AcDbLine
 10
12496.25294586465
 20
14861.89350203212
 30
0.0
 11
12496.30413385582
 21
14861.92896186952
 31
0.0
  0
LINE
  5
47D
330
301
100
AcDbEntity
  8
9.1 - LEGENDA
370
     0
100
AcDbLine
 10
12496.30413385582
 20
14861.92896186952
 30
0.0
 11
12496.3333024317
 21
14861.89350203212
 31
0.0
  0
LINE
  5
47E
330
301
100
AcDbEntity
  8
9.1 - LEGENDA
370
     0
100
AcDbLine
 10
12496.3333024317
 20
14861.89350203212
 30
0.0
 11
12496.58876577633
 21
14860.74334504815
 31
0.0
  0
LINE
  5
47F
330
301
100
AcDbEntity
  8
9.1 - LEGENDA
370
     0
100
AcDbLine
 10
12495.27513131623
 20
14860.35995938684
 30
0.0
 11
12496.56693700546
 21
14860.35995938684
 31
0.0
  0
LINE
  5
480
330
301
100
AcDbEntity
  8
9.1 - LEGENDA
370
     0
100
AcDbLine
 10
12496.56693700546
 20
14860.35995938684
 30
0.0
 11
12496.69819559723
 21
14860.2747413905
 31
0.0
  0
LINE
  5
481
330
301
100
AcDbEntity
  8
9.1 - LEGENDA
370
     0
100
AcDbLine
 10
12496.69819559723
 20
14860.2747413905
 30
0.0
 11
12496.82220970591
 21
14859.80613773286
 31
0.0
  0
LINE
  5
482
330
301
100
AcDbEntity
  8
9.1 - LEGENDA
370
     0
100
AcDbLine
 10
12496.82220970591
 20
14859.80613773286
 30
0.0
 11
12496.95365894186
 21
14859.72806889729
 31
0.0
  0
LINE
  5
483
330
301
100
AcDbEntity
  8
9.1 - LEGENDA
370
     0
100
AcDbLine
 10
12496.95365894186
 20
14859.72806889729
 30
0.0
 11
12498.75620067628
 21
14859.72806889729
 31
0.0
  0
LINE
  5
484
330
301
100
AcDbEntity
  8
9.1 - LEGENDA
370
     0
100
AcDbLine
 10
12498.75620067628
 20
14859.72806889729
 30
0.0
 11
12498.85104620895
 21
14859.7920300556
 31
0.0
  0
LINE
  5
485
330
301
100
AcDbEntity
  8
9.1 - LEGENDA
370
     0
100
AcDbLine
 10
12498.85104620895
 20
14859.7920300556
 30
0.0
 11
12498.85104620895
 21
14859.80613773286
 31
0.0
  0
LINE
  5
486
330
301
100
AcDbEntity
  8
9.1 - LEGENDA
370
     0
100
AcDbLine
 10
12498.85104620895
 20
14859.80613773286
 30
0.0
 11
12498.09218662438
 21
14863.1145786909
 31
0.0
  0
LINE
  5
487
330
301
100
AcDbEntity
  8
9.1 - LEGENDA
370
     0
100
AcDbLine
 10
12498.09218662438
 20
14863.1145786909
 30
0.0
 11
12497.95339758329
 21
14863.19979668723
 31
0.0
  0
LINE
  5
488
330
301
100
AcDbEntity
  8
9.1 - LEGENDA
370
     0
100
AcDbLine
 10
12497.95339758329
 20
14863.19979668723
 30
0.0
 11
12496.12893175586
 21
14863.19979668723
 31
0.0
  0
LINE
  5
489
330
301
100
AcDbEntity
  8
9.1 - LEGENDA
370
     0
100
AcDbLine
 10
12496.12893175586
 20
14863.19979668723
 30
0.0
 11
12496.03399090092
 21
14863.1145786909
 31
0.0
  0
LINE
  5
48A
330
301
100
AcDbEntity
  8
9.1 - LEGENDA
370
     0
100
AcDbLine
 10
12496.03399090092
 20
14863.1145786909
 30
0.0
 11
12496.0633501211
 21
14862.95834569763
 31
0.0
  0
LINE
  5
48B
330
301
100
AcDbEntity
  8
9.1 - LEGENDA
370
     0
100
AcDbLine
 10
12496.0633501211
 20
14862.95834569763
 30
0.0
 11
12496.09976317997
 21
14862.80220802652
 31
0.0
  0
LINE
  5
48C
330
301
100
AcDbEntity
  8
9.1 - LEGENDA
370
     0
100
AcDbLine
 10
12496.09976317997
 20
14862.80220802652
 30
0.0
 11
12496.05601031609
 21
14862.6673271934
 31
0.0
  0
LINE
  5
48D
330
301
100
AcDbEntity
  8
9.1 - LEGENDA
370
     0
100
AcDbLine
 10
12496.05601031609
 20
14862.6673271934
 30
0.0
 11
12493.92498847501
 21
14859.77067789545
 31
0.0
  0
LINE
  5
48E
330
301
100
AcDbEntity
  8
9.1 - LEGENDA
370
     0
100
AcDbLine
 10
12493.92498847501
 20
14859.77067789545
 30
0.0
 11
12493.99800523704
 21
14859.72806889729
 31
0.0
  0
LINE
  5
48F
330
301
100
AcDbEntity
  8
9.1 - LEGENDA
370
     0
100
AcDbLine
 10
12493.99800523704
 20
14859.72806889729
 30
0.0
 11
12494.57451356117
 21
14859.72806889729
 31
0.0
  0
LINE
  5
490
330
301
100
AcDbEntity
  8
9.1 - LEGENDA
370
     0
100
AcDbLine
 10
12494.57451356117
 20
14859.72806889729
 30
0.0
 11
12494.74962033886
 21
14859.81319157148
 31
0.0
  0
LINE
  5
491
330
301
100
AcDbEntity
  8
9.1 - LEGENDA
370
     0
100
AcDbLine
 10
12494.74962033886
 20
14859.81319157148
 30
0.0
 11
12495.09258941138
 21
14860.2747413905
 31
0.0
  0
LINE
  5
492
330
301
100
AcDbEntity
  8
9.1 - LEGENDA
370
     0
100
AcDbLine
 10
12495.09258941138
 20
14860.2747413905
 30
0.0
 11
12495.27513131623
 21
14860.35995938684
 31
0.0
  0
LINE
  5
493
330
301
100
AcDbEntity
  8
9.1 - LEGENDA
370
     0
100
AcDbLine
 10
12518.39428757663
 20
14862.59816144605
 30
0.0
 11
12516.7568437948
 21
14862.59816144605
 31
0.0
  0
LINE
  5
494
330
301
100
AcDbEntity
  8
9.1 - LEGENDA
370
     0
100
AcDbLine
 10
12516.7568437948
 20
14862.59816144605
 30
0.0
 11
12516.6730556306
 21
14862.8091093497
 31
0.0
  0
LINE
  5
495
330
301
100
AcDbEntity
  8
9.1 - LEGENDA
370
     0
100
AcDbLine
 10
12516.6730556306
 20
14862.8091093497
 30
0.0
 11
12518.1965894509
 21
14863.09583835748
 31
0.0
  0
LINE
  5
496
330
301
100
AcDbEntity
  8
9.1 - LEGENDA
370
     0
100
AcDbLine
 10
12518.1965894509
 20
14863.09583835748
 30
0.0
 11
12518.39428757663
 21
14862.59816144605
 31
0.0
  0
LINE
  5
497
330
301
100
AcDbEntity
  8
9.1 - LEGENDA
370
     0
100
AcDbLine
 10
12516.95058268829
 20
14861.32583960291
 30
0.0
 11
12517.61810720964
 21
14861.32583960291
 31
0.0
  0
LINE
  5
498
330
301
100
AcDbEntity
  8
9.1 - LEGENDA
370
     0
100
AcDbLine
 10
12517.68187772374
 20
14861.24255456098
 30
0.0
 11
12517.3781025407
 21
14860.1181315442
 31
0.0
  0
LINE
  5
499
330
301
100
AcDbEntity
  8
9.1 - LEGENDA
370
     0
100
AcDbLine
 10
12517.31433202672
 20
14860.06930310674
 30
0.0
 11
12516.64680750548
 21
14860.06930310674
 31
0.0
  0
LINE
  5
49A
330
301
100
AcDbEntity
  8
9.1 - LEGENDA
370
     0
100
AcDbLine
 10
12516.58303699138
 20
14860.15258814867
 30
0.0
 11
12516.8868121743
 21
14861.27701116543
 31
0.0
  0
LINE
  5
49B
330
301
100
AcDbEntity
  8
9.1 - LEGENDA
370
     0
100
AcDbLine
 10
12515.49026196865
 20
14859.74987860373
 30
0.0
 11
12518.78916908843
 21
14859.74987860373
 31
0.0
  0
LINE
  5
49C
330
301
100
AcDbEntity
  8
9.1 - LEGENDA
370
     0
100
AcDbLine
 10
12518.78916908843
 20
14859.74987860373
 30
0.0
 11
12519.29266065064
 21
14860.00543727056
 31
0.0
  0
LINE
  5
49D
330
301
100
AcDbEntity
  8
9.1 - LEGENDA
370
     0
100
AcDbLine
 10
12519.29266065064
 20
14860.00543727056
 30
0.0
 11
12519.33641351453
 21
14860.04795094659
 31
0.0
  0
LINE
  5
49E
330
301
100
AcDbEntity
  8
9.1 - LEGENDA
370
     0
100
AcDbLine
 10
12519.33641351453
 20
14860.04795094659
 30
0.0
 11
12519.18323082985
 21
14860.09770910552
 31
0.0
  0
LINE
  5
49F
330
301
100
AcDbEntity
  8
9.1 - LEGENDA
370
     0
100
AcDbLine
 10
12519.18323082985
 20
14860.09770910552
 30
0.0
 11
12519.02995282303
 21
14860.19703477909
 31
0.0
  0
LINE
  5
4A0
330
301
100
AcDbEntity
  8
9.1 - LEGENDA
370
     0
100
AcDbLine
 10
12519.02995282303
 20
14860.19703477909
 30
0.0
 11
12519.02995282303
 21
14860.21838693925
 31
0.0
  0
LINE
  5
4A1
330
301
100
AcDbEntity
  8
9.1 - LEGENDA
370
     0
100
AcDbLine
 10
12519.02995282303
 20
14860.21838693925
 30
0.0
 11
12519.41677008146
 21
14861.64545475022
 31
0.0
  0
LINE
  5
4A2
330
301
100
AcDbEntity
  8
9.1 - LEGENDA
370
     0
100
AcDbLine
 10
12518.91217645277
 20
14862.27724991761
 30
0.0
 11
12515.66766704976
 21
14862.27724991761
 31
0.0
  0
LINE
  5
4A3
330
301
100
AcDbEntity
  8
9.1 - LEGENDA
370
     0
100
AcDbLine
 10
12515.63628418076
 20
14862.26931897584
 30
0.0
 11
12515.61079035125
 21
14862.25555452802
 31
0.0
  0
LINE
  5
4A4
330
301
100
AcDbEntity
  8
9.1 - LEGENDA
370
     0
100
AcDbLine
 10
12515.60708932819
 20
14862.20601145038
 30
0.0
 11
12515.83363882867
 21
14861.97730000082
 31
0.0
  0
LINE
  5
4A5
330
301
100
AcDbEntity
  8
9.1 - LEGENDA
370
     0
100
AcDbLine
 10
12515.88056928125
 20
14861.95773009245
 30
0.0
 11
12517.74724381064
 21
14861.95773009245
 31
0.0
  0
LINE
  5
4A6
330
301
100
AcDbEntity
  8
9.1 - LEGENDA
370
     0
100
AcDbLine
 10
12517.78413926469
 20
14861.94646585528
 30
0.0
 11
12517.80517859031
 21
14861.93229867113
 31
0.0
  0
LINE
  5
4A7
330
301
100
AcDbEntity
  8
9.1 - LEGENDA
370
     0
100
AcDbLine
 10
12517.82152302909
 20
14861.83840365342
 30
0.0
 11
12517.69960675315
 21
14861.67240897475
 31
0.0
  0
LINE
  5
4A8
330
301
100
AcDbEntity
  8
9.1 - LEGENDA
370
     0
100
AcDbLine
 10
12517.64636686056
 20
14861.64545475022
 30
0.0
 11
12516.17648445613
 21
14861.64545475022
 31
0.0
  0
LINE
  5
4A9
330
301
100
AcDbEntity
  8
9.1 - LEGENDA
370
     0
100
AcDbLine
 10
12515.19113945841
 20
14861.01356426067
 30
0.0
 11
12515.02337248561
 21
14860.38167377113
 31
0.0
  0
ARC
  5
4AA
330
301
100
AcDbEntity
  8
9.1 - LEGENDA
370
     0
100
AcDbCircle
 10
12511.98361813913
 20
14859.65419038291
 30
0.0
 40
0.0956596241754276
100
AcDbArc
 50
90.0
 51
164.4910056322614
  0
ARC
  5
4AB
330
301
100
AcDbEntity
  8
9.1 - LEGENDA
370
     0
100
AcDbCircle
 10
12511.66284018146
 20
14859.21371446387
 30
0.0
 40
0.0956596241754276
100
AcDbArc
 50
270.0
 51
344.4910056357022
  0
ARC
  5
4AC
330
301
100
AcDbEntity
  8
9.1 - LEGENDA
370
     0
100
AcDbCircle
 10
12510.23969558704
 20
14859.21371446387
 30
0.0
 40
0.0956596241754276
100
AcDbArc
 50
164.7881153195143
 51
270.0
  0
ARC
  5
4AD
330
301
100
AcDbEntity
  8
9.1 - LEGENDA
370
     0
100
AcDbCircle
 10
12510.70531848279
 20
14862.18156169678
 30
0.0
 40
0.0956596241754276
100
AcDbArc
 50
90.0
 51
118.3007558301296
  0
ARC
  5
4AE
330
301
100
AcDbEntity
  8
9.1 - LEGENDA
370
     0
100
AcDbCircle
 10
12510.66392824364
 20
14862.04769394402
 30
0.0
 40
0.0956596241754276
100
AcDbArc
 50
33.46116547360694
 51
42.5561885607964
  0
ARC
  5
4AF
330
301
100
AcDbEntity
  8
9.1 - LEGENDA
370
     0
100
AcDbCircle
 10
12508.20893562418
 20
14861.23017997873
 30
0.0
 40
0.0956596241754276
100
AcDbArc
 50
344.8818303812179
 51
90.0
  0
ARC
  5
4B0
330
301
100
AcDbEntity
  8
9.1 - LEGENDA
370
     0
100
AcDbCircle
 10
12507.31495935105
 20
14860.16496273092
 30
0.0
 40
0.0956596241754276
100
AcDbArc
 50
164.8818303643046
 51
270.0
  0
ARC
  5
4B1
330
301
100
AcDbEntity
  8
9.1 - LEGENDA
370
     0
100
AcDbCircle
 10
12507.92115552766
 20
14860.16496273092
 30
0.0
 40
0.0956596241754276
100
AcDbArc
 50
270.0
 51
344.8818303846574
  0
ARC
  5
4B2
330
301
100
AcDbEntity
  8
9.1 - LEGENDA
370
     0
100
AcDbCircle
 10
12507.60273944757
 20
14861.23017997873
 30
0.0
 40
0.0956596241754276
100
AcDbArc
 50
90.0
 51
164.881830367744
  0
ARC
  5
4B3
330
301
100
AcDbEntity
  8
9.1 - LEGENDA
370
     0
100
AcDbCircle
 10
12508.36769613596
 20
14861.86207046828
 30
0.0
 40
0.0956596241754276
100
AcDbArc
 50
56.04498283942094
 51
90.0
  0
ARC
  5
4B4
330
301
100
AcDbEntity
  8
9.1 - LEGENDA
370
     0
100
AcDbCircle
 10
12508.26086968028
 20
14861.74111437439
 30
0.0
 40
0.0956596241754276
100
AcDbArc
 50
270.0
 51
323.7042459499411
  0
ARC
  5
4B5
330
301
100
AcDbEntity
  8
9.1 - LEGENDA
370
     0
100
AcDbCircle
 10
12517.61810720964
 20
14861.25978286321
 30
0.0
 40
0.0660567396991284
100
AcDbArc
 50
344.8818304293519
 51
90.0
  0
ARC
  5
4B6
330
301
100
AcDbEntity
  8
9.1 - LEGENDA
370
     0
100
AcDbCircle
 10
12516.64680750548
 20
14860.13535984644
 30
0.0
 40
0.0660567396991284
100
AcDbArc
 50
164.8818304228479
 51
270.0
  0
ARC
  5
4B7
330
301
100
AcDbEntity
  8
9.1 - LEGENDA
370
     0
100
AcDbCircle
 10
12516.95058268829
 20
14861.25978286321
 30
0.0
 40
0.0660567396991284
100
AcDbArc
 50
90.0
 51
164.8818304048589
  0
ARC
  5
4B8
330
301
100
AcDbEntity
  8
9.1 - LEGENDA
370
     0
100
AcDbCircle
 10
12517.31433202672
 20
14860.13535984644
 30
0.0
 40
0.0660567396991284
100
AcDbArc
 50
270.0
 51
344.8818304178669
  0
ARC
  5
4B9
330
301
100
AcDbEntity
  8
9.1 - LEGENDA
370
     0
100
AcDbCircle
 10
12516.15003616627
 20
14860.60249794275
 30
0.0
 40
1.04329210399828
100
AcDbArc
 50
88.54735050872439
 51
156.7958273424132
  0
ARC
  5
4BA
330
301
100
AcDbEntity
  8
9.1 - LEGENDA
370
     0
100
AcDbCircle
 10
12518.83782660387
 20
14861.70047058989
 30
0.0
 40
0.5815516253263106
100
AcDbArc
 50
354.5715976823106
 51
82.65478198237726
  0
ARC
  5
4BB
330
301
100
AcDbEntity
  8
9.1 - LEGENDA
370
     0
100
AcDbCircle
 10
12515.55728351007
 20
14860.28781737218
 30
0.0
 40
0.5420977823251968
100
AcDbArc
 50
170.02982300132
 51
262.8981408763055
  0
ARC
  5
4BC
330
301
100
AcDbEntity
  8
9.1 - LEGENDA
370
     0
100
AcDbCircle
 10
12517.64636686056
 20
14861.71151148991
 30
0.0
 40
0.0660567396991284
100
AcDbArc
 50
270.0
 51
323.7042459710623
  0
ARC
  5
4BD
330
301
100
AcDbEntity
  8
9.1 - LEGENDA
370
     0
100
AcDbCircle
 10
12517.76828313638
 20
14861.87750616859
 30
0.0
 40
0.0660567396991284
100
AcDbArc
 50
323.7042459824278
 51
56.04498282838514
  0
ARC
  5
4BE
330
301
100
AcDbEntity
  8
9.1 - LEGENDA
370
     0
100
AcDbCircle
 10
12517.74724381064
 20
14861.89167335275
 30
0.0
 40
0.0660567396991284
100
AcDbArc
 50
56.04498270892528
 51
90.0
  0
ARC
  5
4BF
330
301
100
AcDbEntity
  8
9.1 - LEGENDA
370
     0
100
AcDbCircle
 10
12515.88056928125
 20
14862.02378683215
 30
0.0
 40
0.0660567396991284
100
AcDbArc
 50
224.727915040663
 51
270.0
  0
ARC
  5
4C0
330
301
100
AcDbEntity
  8
9.1 - LEGENDA
370
     0
100
AcDbCircle
 10
12515.66766704976
 20
14862.21119317791
 30
0.0
 40
0.0660567396991284
100
AcDbArc
 50
90.0
 51
118.3651830060176
  0
ARC
  5
4C1
330
301
100
AcDbEntity
  8
9.1 - LEGENDA
370
     0
100
AcDbCircle
 10
12515.65401978065
 20
14862.25249828171
 30
0.0
 40
0.0660567396991284
100
AcDbArc
 50
207.0990842222601
 51
224.7279151120626
  0
ARC
  5
4C2
330
301
100
AcDbEntity
  8
9.1 - LEGENDA
370
     0
100
AcDbCircle
 10
12515.62471069869
 20
14862.22878045544
 30
0.0
 40
0.0301765974730361
100
AcDbArc
 50
117.4707721755549
 51
192.1921946737365
  0
ARC
  5
4C3
330
301
100
AcDbEntity
  8
9.1 - LEGENDA
370
     0
100
AcDbCircle
 10
12510.66564351235
 20
14862.2325732465
 30
0.0
 40
0.0350689070850994
100
AcDbArc
 50
142.7052966490792
 51
193.4491012167007
  0
ARC
  5
4C4
330
301
100
AcDbEntity
  8
9.1 - LEGENDA
370
     0
100
AcDbCircle
 10
12506.79155747786
 20
14860.58924623
 30
0.0
 40
1.056571172304864
100
AcDbArc
 50
88.49877507080353
 51
157.5354566430007
  0
LINE
  5
4C5
330
301
100
AcDbEntity
  8
9.1 - LEGENDA
370
     0
100
AcDbLine
 10
12506.3005372105
 20
14859.74987860373
 30
0.0
 11
12506.11951113267
 21
14859.74987860373
 31
0.0
  0
ARC
  5
4C6
330
301
100
AcDbEntity
  8
9.1 - LEGENDA
370
     0
100
AcDbCircle
 10
12506.20365727316
 20
14860.32114495092
 30
0.0
 40
0.5774303528537742
100
AcDbArc
 50
187.3981515321614
 51
261.6207251580093
  0
ARC
  5
4C7
330
301
100
AcDbEntity
  8
9.1 - LEGENDA
370
     0
100
AcDbCircle
 10
12500.70252335731
 20
14859.86341182039
 30
0.0
 40
0.1135141522298471
100
AcDbArc
 50
270.0
 51
344.7214421955716
  0
ARC
  5
4C8
330
301
100
AcDbEntity
  8
9.1 - LEGENDA
370
     0
100
AcDbCircle
 10
12499.31603328368
 20
14859.86341182039
 30
0.0
 40
0.1135141522298471
100
AcDbArc
 50
164.8749199798779
 51
270.0
  0
ARC
  5
4C9
330
301
100
AcDbEntity
  8
9.1 - LEGENDA
370
     0
100
AcDbCircle
 10
12501.34486978672
 20
14859.86341182039
 30
0.0
 40
0.1135141522298471
100
AcDbArc
 50
164.874919976093
 51
270.0
  0
ARC
  5
4CA
330
301
100
AcDbEntity
  8
9.1 - LEGENDA
370
     0
100
AcDbCircle
 10
12502.72411618215
 20
14859.86341182039
 30
0.0
 40
0.1135141522298471
100
AcDbArc
 50
270.0
 51
344.7264481937967
  0
ARC
  5
4CB
330
301
100
AcDbEntity
  8
9.1 - LEGENDA
370
     0
100
AcDbCircle
 10
12503.37370628999
 20
14859.86341182039
 30
0.0
 40
0.1135141522298471
100
AcDbArc
 50
164.8749199798779
 51
270.0
  0
ARC
  5
4CC
330
301
100
AcDbEntity
  8
9.1 - LEGENDA
370
     0
100
AcDbCircle
 10
12503.67405005017
 20
14861.84468441051
 30
0.0
 40
0.1135141522298471
100
AcDbArc
 50
344.874919976093
 51
53.87625652222028
  0
ARC
  5
4CD
330
301
100
AcDbEntity
  8
9.1 - LEGENDA
370
     0
100
AcDbCircle
 10
12503.48272907043
 20
14861.7796475376
 30
0.0
 40
0.1135141522298471
100
AcDbArc
 50
104.8414327601538
 51
164.7264481937967
  0
ARC
  5
4CE
330
301
100
AcDbEntity
  8
9.1 - LEGENDA
370
     0
100
AcDbCircle
 10
12501.46143777932
 20
14861.78007221042
 30
0.0
 40
0.1135141522298471
100
AcDbArc
 50
105.1770370502856
 51
164.7214421955715
  0
ARC
  5
4CF
330
301
100
AcDbEntity
  8
9.1 - LEGENDA
370
     0
100
AcDbCircle
 10
12501.64556937288
 20
14861.84600086862
 30
0.0
 40
0.1135141522298471
100
AcDbArc
 50
344.8749199798778
 51
56.04498278114777
  0
ARC
  5
4D0
330
301
100
AcDbEntity
  8
9.1 - LEGENDA
370
     0
100
AcDbCircle
 10
12505.09344946764
 20
14860.25027730654
 30
0.0
 40
0.1135141522298471
100
AcDbArc
 50
164.5633685460977
 51
237.0400926385025
  0
ARC
  5
4D1
330
301
100
AcDbEntity
  8
9.1 - LEGENDA
370
     0
100
AcDbCircle
 10
12504.80335362531
 20
14861.7074781312
 30
0.0
 40
0.5759414924715321
100
AcDbArc
 50
6.552962000317956
 51
81.55418729960265
  0
ARC
  5
4D2
330
301
100
AcDbEntity
  8
9.1 - LEGENDA
370
     0
100
AcDbCircle
 10
12504.70928229725
 20
14859.86341182039
 30
0.0
 40
0.1135141522298471
100
AcDbArc
 50
270.0
 51
286.7631243631423
  0
ARC
  5
4D3
330
301
100
AcDbEntity
  8
9.1 - LEGENDA
370
     0
100
AcDbCircle
 10
12504.88980416903
 20
14859.91778783665
 30
0.0
 40
0.1135141522298471
100
AcDbArc
 50
286.7631243631423
 51
302.6585906523749
  0
MTEXT
  5
4D4
330
301
100
AcDbEntity
  8
9.2 - LEGENDA
370
     0
284
     3
100
AcDbMText
 10
12470.07015065461
 20
14849.19563466172
 30
0.0
 40
2.642320529419777
 41
46.83414545849078
 46
0.0
 71
     1
 72
     5
  1
{\fArial|b1|i0|c1|p0;suprainstalacoes.com.br}
  7
Arial
 73
     1
 44
1.0
1001
AcadAnnotative
1000
AnnotativeData
1002
{
1070
     1
1070
     0
1002
}
  0
MTEXT
  5
4D5
330
301
100
AcDbEntity
  8
9.1 - LEGENDA
370
     0
100
AcDbMText
 10
12451.57995832801
 20
14839.71499567685
 30
0.0
 40
1.843479439130077
 41
78.97939984122158
 46
0.0
 71
     1
 72
     5
  1
\pxqc;Rodovia MG 260 - Km 33 - Anel Rodoviário\PCaixa Postal 54 - Cep: 35.530-000 - Cláudio/MG
  7
Arial
 73
     1
 44
1.0
1001
AcadAnnotative
1000
AnnotativeData
1002
{
1070
     1
1070
     0
1002
}
  0
LINE
  5
4D6
330
301
100
AcDbEntity
  8
9.3 - LEGENDA
 62
    30
420
 15884331
370
     0
100
AcDbLine
 10
12446.85929409521
 20
14864.04820982929
 30
0.0
 11
12454.60093436153
 21
14872.59064830253
 31
0.0
  0
LINE
  5
4D7
330
301
100
AcDbEntity
  8
9.3 - LEGENDA
 62
    30
420
 15884331
370
     0
100
AcDbLine
 10
12454.60093436153
 20
14872.59064830253
 30
0.0
 11
12529.89822500038
 21
14872.69326158674
 31
0.0
  0
LINE
  5
4D8
330
301
100
AcDbEntity
  8
9 - LEGENDA
100
AcDbLine
 10
12446.85929409521
 20
14895.16254114626
 30
0.0
 11
12631.85929409521
 21
14895.16254114626
 31
0.0
  0
LINE
  5
4D9
330
301
100
AcDbEntity
  8
9 - LEGENDA
100
AcDbLine
 10
12529.89822500038
 20
14885.16254114626
 30
0.0
 11
12631.85929409521
 21
14885.16254114626
 31
0.0
  0
LINE
  5
4DA
330
301
100
AcDbEntity
  8
9 - LEGENDA
100
AcDbLine
 10
12529.89822500038
 20
14875.16254114626
 30
0.0
 11
12631.85929409521
 21
14875.16254114626
 31
0.0
  0
LINE
  5
4DB
330
301
100
AcDbEntity
  8
9 - LEGENDA
100
AcDbLine
 10
12529.89822500038
 20
14865.16254114626
 30
0.0
 11
12631.85929409521
 21
14865.16254114626
 31
0.0
  0
LINE
  5
4DC
330
301
100
AcDbEntity
  8
9 - LEGENDA
100
AcDbLine
 10
12529.89822500038
 20
14855.16254114626
 30
0.0
 11
12631.85929409521
 21
14855.16254114626
 31
0.0
  0
LINE
  5
4DD
330
301
100
AcDbEntity
  8
9 - LEGENDA
100
AcDbLine
 10
12529.89822500038
 20
14845.16254114626
 30
0.0
 11
12606.35929409533
 21
14845.16254114626
 31
0.0
  0
LINE
  5
4DE
330
301
100
AcDbEntity
  8
9 - LEGENDA
100
AcDbLine
 10
12529.89822500038
 20
14835.16254114626
 30
0.0
 11
12606.35929409533
 21
14835.16254114626
 31
0.0
  0
LINE
  5
4DF
330
301
100
AcDbEntity
  8
9 - LEGENDA
100
AcDbLine
 10
12446.85929409521
 20
14825.16254114626
 30
0.0
 11
12631.85929409521
 21
14825.16254114626
 31
0.0
  0
LINE
  5
4E0
330
301
100
AcDbEntity
  8
9 - LEGENDA
100
AcDbLine
 10
12606.35929409533
 20
14825.16254114626
 30
0.0
 11
12606.35929409533
 21
14855.16254114626
 31
0.0
  0
LINE
  5
4E1
330
301
100
AcDbEntity
  8
9 - LEGENDA
100
AcDbLine
 10
12580.8787595478
 20
14865.16254114626
 30
0.0
 11
12580.8787595478
 21
14855.16254114626
 31
0.0
  0
LINE
  5
4E2
330
301
100
AcDbEntity
  8
9 - LEGENDA
100
AcDbLine
 10
12568.12875954745
 20
14845.16254114626
 30
0.0
 11
12568.1287595478
 21
14855.16254114626
 31
0.0
  0
LINE
  5
4E3
330
301
100
AcDbEntity
  8
9 - LEGENDA
100
AcDbLine
 10
12568.1287595478
 20
14835.16254114626
 30
0.0
 11
12568.1287595478
 21
14845.16254114626
 31
0.0
  0
LINE
  5
4E4
330
301
100
AcDbEntity
  8
9 - LEGENDA
100
AcDbLine
 10
12446.85929409521
 20
14825.16254114626
 30
0.0
 11
12446.85929409521
 21
14895.16254114626
 31
0.0
  0
LINE
  5
4E5
330
301
100
AcDbEntity
  8
9 - LEGENDA
100
AcDbLine
 10
12631.85929409521
 20
14825.16254114626
 30
0.0
 11
12631.85929409521
 21
14895.16254114626
 31
0.0
  0
LINE
  5
4E6
330
301
100
AcDbEntity
  8
9 - LEGENDA
100
AcDbLine
 10
12606.35929409504
 20
14875.16254114626
 30
0.0
 11
12606.35929409533
 21
14885.16254114626
 31
0.0
  0
ATTDEF
  5
4E7
330
301
100
AcDbEntity
  8
9 - LEGENDA
100
AcDbText
 10
12580.8787595478
 20
14887.73679113491
 30
0.0
 40
3.0
  1

  7
Legenda
 72
     4
 11
12580.8787595478
 21
14887.73679113491
 31
0.0
100
AcDbAttributeDefinition
  3
INDENTIFICAÇÃO CLIENTE
  2
CLIENTE
 70
     0
280
     1
1001
AcadAnnotative
1000
AnnotativeData
1002
{
1070
     1
1070
     0
1002
}
  0
ATTDEF
  5
4E8
330
301
100
AcDbEntity
  8
9 - LEGENDA
100
AcDbText
 10
12568.1287595478
 20
14877.54580966949
 30
0.0
 40
3.0
  1

  7
Legenda
 72
     4
 11
12568.1287595478
 21
14877.54580966949
 31
0.0
100
AcDbAttributeDefinition
  3
CIDADE DO CLIENTE
  2
CIDADE
 70
     0
280
     1
1001
AcadAnnotative
1000
AnnotativeData
1002
{
1070
     1
1070
     0
1002
}
  0
ATTDEF
  5
4E9
330
301
100
AcDbEntity
  8
9 - LEGENDA
100
AcDbText
 10
12619.10929409521
 20
14877.54580966949
 30
0.0
 40
3.0
  1

  7
Legenda
 72
     4
 11
12619.10929409521
 21
14877.54580966949
 31
0.0
100
AcDbAttributeDefinition
  3
UF ESTADO DO CLIENTE
  2
UF
 70
     0
280
     1
1001
AcadAnnotative
1000
AnnotativeData
1002
{
1070
     1
1070
     0
1002
}
  0
ATTDEF
  5
4EA
330
301
100
AcDbEntity
  8
9 - LEGENDA
100
AcDbText
 10
12580.8787595478
 20
14867.52699909506
 30
0.0
 40
3.0
  1

  7
Legenda
 72
     4
 11
12580.8787595478
 21
14867.52699909506
 31
0.0
100
AcDbAttributeDefinition
  3
REPRESENTANTE VENDEDOR
  2
REPRESENTANTE
 70
     0
280
     1
1001
AcadAnnotative
1000
AnnotativeData
1002
{
1070
     1
1070
     0
1002
}
  0
ATTDEF
  5
4EB
330
301
100
AcDbEntity
  8
9 - LEGENDA
100
AcDbText
 10
12554.33632192303
 20
14857.16254114625
 30
0.0
 40
3.0
  1

  7
Legenda
 72
     4
 11
12554.33632192303
 21
14857.16254114625
 31
0.0
100
AcDbAttributeDefinition
  3
RESPONSÁVEL TÉCNICO
  2
RT
 70
     0
280
     1
1001
AcadAnnotative
1000
AnnotativeData
1002
{
1070
     1
1070
     0
1002
}
  0
ATTDEF
  5
4EC
330
301
100
AcDbEntity
  8
9 - LEGENDA
100
AcDbText
 10
12605.31685647044
 20
14857.16254114625
 30
0.0
 40
3.0
  1

  7
Legenda
 72
     4
 11
12605.31685647044
 21
14857.16254114625
 31
0.0
100
AcDbAttributeDefinition
  3
PROJETISTA DESENHISTA
  2
DESENHISTA
 70
     0
280
     1
1001
AcadAnnotative
1000
AnnotativeData
1002
{
1070
     1
1070
     0
1002
}
  0
ATTDEF
  5
4ED
330
301
100
AcDbEntity
  8
9 - LEGENDA
100
AcDbText
 10
12548.08632192285
 20
14847.66254114625
 30
0.0
 40
3.0
  1

  7
Legenda
 72
     4
 11
12548.08632192285
 21
14847.66254114625
 31
0.0
100
AcDbAttributeDefinition
  3
UNIDADE DE MEDIDA DO PROJETO
  2
UNIDADE
 70
     0
280
     1
1001
AcadAnnotative
1000
AnnotativeData
1002
{
1070
     1
1070
     0
1002
}
  0
ATTDEF
  5
4EE
330
301
100
AcDbEntity
  8
9 - LEGENDA
100
AcDbText
 10
12586.31685647033
 20
14847.6383889202
 30
0.0
 40
3.0
  1

  7
Legenda
 72
     4
 11
12586.31685647033
 21
14847.6383889202
 31
0.0
100
AcDbAttributeDefinition
  3
ESCALA UTILIZADA
  2
ESCALA
 70
     0
280
     1
1001
AcadAnnotative
1000
AnnotativeData
1002
{
1070
     1
1070
     0
1002
}
  0
ATTDEF
  5
4EF
330
301
100
AcDbEntity
  8
9 - LEGENDA
100
AcDbText
 10
12586.31685647044
 20
14837.66254114644
 30
0.0
 40
3.0
  1

  7
Legenda
 72
     4
 11
12586.31685647044
 21
14837.66254114644
 31
0.0
100
AcDbAttributeDefinition
  3
CONTROLE DE REVISÃO
  2
REVISÃO
 70
     0
280
     1
1001
AcadAnnotative
1000
AnnotativeData
1002
{
1070
     1
1070
     0
1002
}
  0
ATTDEF
  5
4F0
330
301
100
AcDbEntity
  8
9 - LEGENDA
100
AcDbText
 10
12619.10929409527
 20
14840.16254114626
 30
0.0
 40
6.0
  1

  7
Legenda
 72
     4
 11
12619.10929409527
 21
14840.16254114626
 31
0.0
100
AcDbAttributeDefinition
  3
NUMERO DE FOLHAS
  2
FOLHA
 70
     0
280
     1
1001
AcadAnnotative
1000
AnnotativeData
1002
{
1070
     1
1070
     0
1002
}
  0
ATTDEF
  5
4F1
330
301
100
AcDbEntity
  8
9 - LEGENDA
100
AcDbText
 10
12566.62308289206
 20
14827.71829514715
 30
0.0
 40
3.0
  1

  7
Legenda
 72
     4
 11
12566.62308289206
 21
14827.71829514715
 31
0.0
100
AcDbAttributeDefinition
  3
NUMERO AM DE CADASTRO
  2
CADASTRO
 70
     0
280
     1
1001
AcadAnnotative
1000
AnnotativeData
1002
{
1070
     1
1070
     0
1002
}
  0
MTEXT
  5
82B
330
301
100
AcDbEntity
  8
9 - LEGENDA
100
AcDbMText
 10
12544.62629513691
 20
14864.17747446093
 30
0.0
 40
2.5
 41
18.10103911617665
 46
0.0
 71
     1
 72
     5
  1
\pxi-3,l4,ql;\pxi-3,l4,ql;\pxi-3,l4,ql;\pxi-3,l4,ql;\pxi-3,l4,ql;\pxi-3,l4,ql;\pxi-3,l4,ql;\pxi-3,l4,ql;\pxi-3,l4,ql;Técnico:
  7
Legenda
 73
     1
 44
1.0
1001
AcadAnnotative
1000
AnnotativeData
1002
{
1070
     1
1070
     0
1002
}
  0
ENDBLK
  5
4F2
330
301
100
AcDbEntity
  8
0
100
AcDbBlockEnd
  0
BLOCK
  5
305
330
304
100
AcDbEntity
  8
0
100
AcDbBlockBegin
  2
Bloco Legenda Supra 02
 70
     0
 10
0.0
 20
0.0
 30
0.0
  3
Bloco Legenda Supra 02
  1
Acad:XRef
  0
LINE
  5
306
330
304
100
AcDbEntity
  8
9 - LEGENDA
100
AcDbLine
 10
-185.0
 20
28.62464183381962
 30
0.0
 11
0.0
 21
28.62464183381962
 31
0.0
  0
LINE
  5
307
330
304
100
AcDbEntity
  8
9 - LEGENDA
100
AcDbLine
 10
-185.0
 20
0.0
 30
0.0
 11
-185.0
 21
28.62464183381962
 31
0.0
  0
LINE
  5
308
330
304
100
AcDbEntity
  8
9 - LEGENDA
100
AcDbLine
 10
0.0
 20
28.62464183381962
 30
0.0
 11
0.0
 21
0.0
 31
0.0
  0
LINE
  5
309
330
304
100
AcDbEntity
  8
9 - LEGENDA
100
AcDbLine
 10
-2.120343839516863
 20
0.000000000007276
 30
0.0
 11
-68.65172195242485
 21
0.0000000000145519
 31
0.0
  0
LINE
  5
30A
330
304
100
AcDbEntity
  8
9 - LEGENDA
100
AcDbLine
 10
-75.01275347103365
 20
0.0000000000145519
 30
0.0
 11
-141.5441315839998
 21
0.0000000000145519
 31
0.0
  0
LINE
  5
30B
330
304
100
AcDbEntity
  8
9 - LEGENDA
100
AcDbLine
 10
-147.9051631026668
 20
0.0000000000145519
 30
0.0
 11
-182.8796561604831
 21
0.0000000000145519
 31
0.0
  0
LINE
  5
30C
330
304
100
AcDbEntity
  8
9 - LEGENDA
100
AcDbLine
 10
-181.8306645352859
 20
9.270388227145304
 30
0.0
 11
-150.0255069421837
 21
9.270388227145304
 31
0.0
  0
LINE
  5
30D
330
304
100
AcDbEntity
  8
9 - LEGENDA
100
AcDbLine
 10
-171.2289453375852
 20
9.800474187031796
 30
0.0
 11
-168.0525941749802
 21
15.34105008292681
 31
0.0
  0
LINE
  5
30E
330
304
100
AcDbEntity
  8
9 - LEGENDA
100
AcDbLine
 10
-160.6272261398844
 20
9.800474187031796
 30
0.0
 11
-157.4508749772795
 21
15.34105008292681
 31
0.0
  0
MTEXT
  5
30F
102
{ACAD_XDICTIONARY
360
310
102
}
330
304
100
AcDbEntity
  8
9 - LEGENDA
100
AcDbMText
 10
-177.2471073207562
 20
8.184340054765926
 30
0.0
 40
2.12034383954084
 41
27.46187348681269
 46
0.0
 71
     1
 72
     5
  1
\pxql;APROVADO EM:
  7
Legenda
 73
     1
 44
1.0
1001
AcadAnnotative
1000
AnnotativeData
1002
{
1070
     1
1070
     0
1002
}
1001
ACAD
1000
ACAD_MTEXT_COLUMN_INFO_BEGIN
1070
    75
1070
     2
1070
    79
1070
     0
1070
    76
1070
     1
1070
    78
1070
     0
1070
    48
1040
27.46187348681269
1070
    49
1040
15.0
1070
    50
1070
     1
1040
0.730245475897739
1000
ACAD_MTEXT_COLUMN_INFO_END
  0
LINE
  5
311
330
304
100
AcDbEntity
  8
9 - LEGENDA
100
AcDbLine
 10
-134.7827405223507
 20
9.270388227145304
 30
0.0
 11
-81.77414453378879
 21
9.270388227145304
 31
0.0
  0
MTEXT
  5
312
102
{ACAD_XDICTIONARY
360
313
102
}
330
304
100
AcDbEntity
  8
9 - LEGENDA
100
AcDbMText
 10
-137.6940265982994
 20
8.184340054765926
 30
0.0
 40
2.12034383954084
 41
57.07910000940319
 46
0.0
 71
     1
 72
     5
  1
\pxqc;APROVAÇÃO DO CLIENTE\PCARIMBO/CNPJ
  7
Legenda
 73
     1
 44
1.0
1001
AcadAnnotative
1000
AnnotativeData
1002
{
1070
     1
1070
     0
1002
}
1001
ACAD
1000
ACAD_MTEXT_COLUMN_INFO_BEGIN
1070
    75
1070
     2
1070
    79
1070
     0
1070
    76
1070
     1
1070
    78
1070
     0
1070
    48
1040
57.07910000940319
1070
    49
1040
15.0
1070
    50
1070
     1
1040
13.5452840726797
1000
ACAD_MTEXT_COLUMN_INFO_END
  0
LINE
  5
314
330
304
100
AcDbEntity
  8
9 - LEGENDA
100
AcDbLine
 10
-61.89033089065924
 20
9.270388227145304
 30
0.0
 11
-8.881734902155586
 21
9.270388227145304
 31
0.0
  0
MTEXT
  5
315
102
{ACAD_XDICTIONARY
360
316
102
}
330
304
100
AcDbEntity
  8
9 - LEGENDA
100
AcDbMText
 10
-66.77501863829093
 20
8.184340054765926
 30
0.0
 40
2.12034383954084
 41
60.55336808490972
 46
0.0
 71
     1
 72
     5
  1
\pxqc;APROVAÇÃO\PREPRESENTANTE / AMAPÁ
  7
Legenda
 73
     1
 44
1.0
1001
AcadAnnotative
1000
AnnotativeData
1002
{
1070
     1
1070
     0
1002
}
1001
ACAD
1000
ACAD_MTEXT_COLUMN_INFO_BEGIN
1070
    75
1070
     2
1070
    79
1070
     0
1070
    76
1070
     1
1070
    78
1070
     0
1070
    48
1040
60.55336808490972
1070
    49
1040
15.0
1070
    50
1070
     1
1040
13.5452840726797
1000
ACAD_MTEXT_COLUMN_INFO_END
  0
LINE
  5
317
330
304
100
AcDbEntity
  8
9 - LEGENDA
100
AcDbLine
 10
0.0
 20
0.0
 30
0.0
 11
-185.0
 21
0.0
 31
0.0
  0
LINE
  5
318
330
304
100
AcDbEntity
  8
9 - LEGENDA
100
AcDbLine
 10
-141.5441315839998
 20
0.0000000000145519
 30
0.0
 11
-141.5441315839998
 21
28.62464183381962
 31
0.0
  0
LINE
  5
319
330
304
100
AcDbEntity
  8
9 - LEGENDA
100
AcDbLine
 10
-71.36867551301839
 20
0.0
 30
0.0
 11
-71.36867551301839
 21
28.62464183381962
 31
0.0
  0
ENDBLK
  5
31A
330
304
100
AcDbEntity
  8
0
100
AcDbBlockEnd
  0
BLOCK
  5
50D
330
50C
100
AcDbEntity
  8
9.7 - LEGENDA
100
AcDbBlockBegin
  2
Bloco Revisões de Projeto
 70
     2
 10
0.0
 20
0.0
 30
0.0
  3
Bloco Revisões de Projeto
  1
Acad:XRef
  0
LWPOLYLINE
  5
50E
330
50C
100
AcDbEntity
  8
9.7 - LEGENDA
100
AcDbPolyline
 90
        4
 70
     1
 43
0.0
 10
471536.2467080482
 20
51900.49688162298
 10
471536.2467080482
 20
51890.49688162298
 10
471351.2467080482
 20
51890.49688162298
 10
471351.2467080482
 20
51900.49688162298
  0
LINE
  5
50F
330
50C
100
AcDbEntity
  8
9.7 - LEGENDA
100
AcDbLine
 10
471443.8988846585
 20
51900.49688162298
 30
0.0
 11
471443.8988846585
 21
51890.49688162298
 31
0.0
  0
LINE
  5
510
330
50C
100
AcDbEntity
  8
9.7 - LEGENDA
100
AcDbLine
 10
471412.6614351485
 20
51900.49688162298
 30
0.0
 11
471412.6614351485
 21
51890.49688162298
 31
0.0
  0
LINE
  5
511
330
50C
100
AcDbEntity
  8
9.7 - LEGENDA
100
AcDbLine
 10
471381.4239856385
 20
51900.49688162298
 30
0.0
 11
471381.4239856385
 21
51890.49688162298
 31
0.0
  0
ATTDEF
  5
512
330
50C
100
AcDbEntity
  8
9.7 - LEGENDA
100
AcDbText
 10
471490.0727963534
 20
51895.49688162298
 30
0.0
 40
2.0
  1

  7
Legenda
 72
     4
 11
471490.0727963534
 21
51895.49688162298
 31
0.0
100
AcDbAttributeDefinition
  3
Alterações feitas no Projeto
  2
XXXXX
 70
     0
280
     1
  0
ATTDEF
  5
513
330
50C
100
AcDbEntity
  8
9.7 - LEGENDA
100
AcDbText
 10
471428.2801599035
 20
51895.49688162298
 30
0.0
 40
3.0
  1

  7
Legenda
 72
     4
 11
471428.2801599035
 21
51895.49688162298
 31
0.0
100
AcDbAttributeDefinition
  3
Data 
  2
XX/XX/XX
 70
     0
280
     1
  0
ATTDEF
  5
514
330
50C
100
AcDbEntity
  8
9.7 - LEGENDA
100
AcDbText
 10
471397.0427103935
 20
51895.49688162298
 30
0.0
 40
3.0
  1

  7
Legenda
 72
     4
 11
471397.0427103935
 21
51895.49688162298
 31
0.0
100
AcDbAttributeDefinition
  3
Responsável
  2
XXXX
 70
     0
280
     1
  0
ATTDEF
  5
515
330
50C
100
AcDbEntity
  8
9.7 - LEGENDA
100
AcDbText
 10
471366.3353468433
 20
51895.49688162298
 30
0.0
 40
3.0
  1

  7
Legenda
 72
     4
 11
471366.3353468433
 21
51895.49688162298
 31
0.0
100
AcDbAttributeDefinition
  3
Revisões
  2
XXXX
 70
     0
280
     1
  0
ENDBLK
  5
516
330
50C
100
AcDbEntity
  8
9.7 - LEGENDA
100
AcDbBlockEnd
  0
BLOCK
  5
522
330
521
100
AcDbEntity
  8
0
100
AcDbBlockBegin
  2
CAPCIDADE TOTAL
 70
     2
 10
0.0
 20
0.0
 30
0.0
  3
CAPCIDADE TOTAL
  1

  0
LINE
  5
523
330
521
100
AcDbEntity
  8
9.7 - LEGENDA
100
AcDbLine
 10
13294.36811654699
 20
14817.84344309309
 30
0.0
 11
13294.36811654699
 21
14827.84344309309
 31
0.0
1001
AcDbBlockRepETag
1070
     1
1071
        7
1005
523
  0
MTEXT
  5
524
330
521
100
AcDbEntity
  8
9.7 - LEGENDA
100
AcDbMText
 10
13218.36811654699
 20
14822.84344309309
 30
0.0
 40
3.5
 41
151.9999999999935
 46
9.99999999999922
 71
     5
 72
     5
  1
\pxqc;CAP. DE ARMAZENAGEM TOTAL DO PROJETO
  7
Legenda
 73
     1
 44
1.0
1001
AcadAnnotative
1000
AnnotativeData
1002
{
1070
     1
1070
     0
1002
}
1001
AcDbBlockRepETag
1070
     1
1071
       15
1005
524
1001
ACAD
1000
ACAD_MTEXT_DEFINED_HEIGHT_BEGIN
1070
    46
1040
9.99999999999922
1000
ACAD_MTEXT_DEFINED_HEIGHT_END
  0
LWPOLYLINE
  5
525
330
521
100
AcDbEntity
  8
9.7 - LEGENDA
100
AcDbPolyline
 90
        4
 70
     1
 43
0.0
 10
13142.368116547
 20
14827.84344309309
 10
13327.368116547
 20
14827.84344309309
 10
13327.368116547
 20
14817.84344309309
 10
13142.368116547
 20
14817.84344309309
1001
AcDbBlockRepETag
1070
     1
1071
       57
1005
525
  0
ATTDEF
  5
526
330
521
100
AcDbEntity
  8
9.7 - LEGENDA
100
AcDbText
 10
13310.57557446662
 20
14822.99824383446
 30
0.0
 40
2.0
  1

  7
Legenda
 72
     4
 11
13310.57557446662
 21
14822.99824383446
 31
0.0
100
AcDbAttributeDefinition
  3
Cap. de Armazenagem Total do Projeto
  2
XPALLETS
 70
     0
280
     1
1001
AcDbBlockRepETag
1070
     1
1071
       40
1005
526
  0
ENDBLK
  5
527
330
521
100
AcDbEntity
  8
0
100
AcDbBlockEnd
  0
BLOCK
  5
62A
330
629
100
AcDbEntity
  8
0
100
AcDbBlockBegin
  2
*U9
 70
     1
 10
0.0
 20
0.0
 30
0.0
  3
*U9
  1
Acad:XRef
  0
LINE
  5
62B
330
629
100
AcDbEntity
  8
0
 62
    42
 60
     1
100
AcDbLine
 10
0.0
 20
155.0
 30
0.0
 11
1039.230484541324
 21
755.0000000000009
 31
0.0
1001
AcDbBlockRepETag
1070
     1
1071
        0
1005
62B
  0
LINE
  5
62C
330
629
100
AcDbEntity
  8
0
  6
DASHED
 62
    42
 60
     1
 48
150.0
100
AcDbLine
 10
1039.230484541324
 20
755.0000000000009
 30
0.0
 11
1039.230484541324
 21
2255.000000000001
 31
0.0
1001
AcDbBlockRepETag
1070
     1
1071
        1
1005
62C
  0
LINE
  5
62D
330
629
100
AcDbEntity
  8
0
  6
DASHED
 62
    42
 60
     1
 48
150.0
100
AcDbLine
 10
0.0
 20
155.0
 30
0.0
 11
0.0
 21
1655.0
 31
0.0
1001
AcDbBlockRepETag
1070
     1
1071
        2
1005
62D
  0
LINE
  5
62E
330
629
100
AcDbEntity
  8
0
  6
DASHED
 62
    42
 60
     1
 48
150.0
100
AcDbLine
 10
0.0
 20
1655.0
 30
0.0
 11
1039.230484541324
 21
2255.000000000001
 31
0.0
1001
AcDbBlockRepETag
1070
     1
1071
        3
1005
62E
  0
LINE
  5
62F
330
629
100
AcDbEntity
  8
0
 62
    42
 60
     1
100
AcDbLine
 10
0.0
 20
155.0
 30
0.0
 11
-866.0254037844352
 21
655.0
 31
0.0
1001
AcDbBlockRepETag
1070
     1
1071
        4
1005
62F
  0
LINE
  5
630
330
629
100
AcDbEntity
  8
0
  6
DASHED
 62
    42
 60
     1
 48
150.0
100
AcDbLine
 10
-866.0254037844352
 20
655.0
 30
0.0
 11
-866.0254037844352
 21
2155.0
 31
0.0
1001
AcDbBlockRepETag
1070
     1
1071
        5
1005
630
  0
LINE
  5
631
330
629
100
AcDbEntity
  8
0
  6
DASHED
 62
    42
 60
     1
 48
150.0
100
AcDbLine
 10
-866.0254037844352
 20
2155.0
 30
0.0
 11
173.2050807568885
 21
2754.999999999998
 31
0.0
1001
AcDbBlockRepETag
1070
     1
1071
        6
1005
631
  0
LINE
  5
632
330
629
100
AcDbEntity
  8
0
  6
DASHED
 62
    42
 60
     1
 48
150.0
100
AcDbLine
 10
173.2050807568885
 20
2754.999999999998
 30
0.0
 11
1039.230484541324
 21
2255.000000000001
 31
0.0
1001
AcDbBlockRepETag
1070
     1
1071
        7
1005
632
  0
LINE
  5
633
330
629
100
AcDbEntity
  8
0
  6
DASHED
 62
    42
 60
     1
 48
150.0
100
AcDbLine
 10
-866.0254037844352
 20
2155.0
 30
0.0
 11
0.0
 21
1655.0
 31
0.0
1001
AcDbBlockRepETag
1070
     1
1071
        8
1005
633
  0
LINE
  5
634
330
629
100
AcDbEntity
  8
0
 62
    42
 60
     1
100
AcDbLine
 10
-866.0254037844352
 20
655.0
 30
0.0
 11
-866.0254037844352
 21
640.0
 31
0.0
1001
AcDbBlockRepETag
1070
     1
1071
        9
1005
634
  0
LINE
  5
635
330
629
100
AcDbEntity
  8
0
 62
    42
 60
     1
100
AcDbLine
 10
-866.0254037844352
 20
640.0
 30
0.0
 11
-866.0254037844352
 21
625.0
 31
0.0
1001
AcDbBlockRepETag
1070
     1
1071
       10
1005
635
  0
LINE
  5
636
330
629
100
AcDbEntity
  8
0
 62
    42
 60
     1
100
AcDbLine
 10
-866.0254037844352
 20
625.0
 30
0.0
 11
-866.0254037844352
 21
515.0
 31
0.0
1001
AcDbBlockRepETag
1070
     1
1071
       11
1005
636
  0
LINE
  5
637
330
629
100
AcDbEntity
  8
0
 62
    42
 60
     1
100
AcDbLine
 10
-866.0254037844352
 20
515.0
 30
0.0
 11
-866.0254037844352
 21
500.0
 31
0.0
1001
AcDbBlockRepETag
1070
     1
1071
       12
1005
637
  0
LINE
  5
638
330
629
100
AcDbEntity
  8
0
 62
    42
 60
     1
100
AcDbLine
 10
-866.0254037844352
 20
500.0
 30
0.0
 11
-757.7722283113835
 21
437.4999999999991
 31
0.0
1001
AcDbBlockRepETag
1070
     1
1071
       13
1005
638
  0
LINE
  5
639
330
629
100
AcDbEntity
  8
0
 62
    42
 60
     1
100
AcDbLine
 10
-866.0254037844352
 20
625.0
 30
0.0
 11
0.0
 21
125.0000000000055
 31
0.0
1001
AcDbBlockRepETag
1070
     1
1071
       14
1005
639
  0
LINE
  5
63A
330
629
100
AcDbEntity
  8
0
 62
    42
 60
     1
100
AcDbLine
 10
-866.0254037844352
 20
640.0
 30
0.0
 11
0.0
 21
140.0000000000055
 31
0.0
1001
AcDbBlockRepETag
1070
     1
1071
       15
1005
63A
  0
LINE
  5
63B
330
629
100
AcDbEntity
  8
0
 62
    42
 60
     1
100
AcDbLine
 10
-866.0254037844352
 20
515.0
 30
0.0
 11
-757.7722283113835
 21
452.5
 31
0.0
1001
AcDbBlockRepETag
1070
     1
1071
       16
1005
63B
  0
LINE
  5
63C
330
629
100
AcDbEntity
  8
0
 62
    42
 60
     1
100
AcDbLine
 10
-757.7722283113835
 20
437.4999999999991
 30
0.0
 11
-757.7722283113835
 21
452.5
 31
0.0
1001
AcDbBlockRepETag
1070
     1
1071
       17
1005
63C
  0
LINE
  5
63D
330
629
100
AcDbEntity
  8
0
 62
    42
 60
     1
100
AcDbLine
 10
-757.7722283113835
 20
452.5
 30
0.0
 11
-757.7722283113835
 21
562.5000000000018
 31
0.0
1001
AcDbBlockRepETag
1070
     1
1071
       18
1005
63D
  0
LINE
  5
63E
330
629
100
AcDbEntity
  8
0
 62
    42
 60
     1
100
AcDbLine
 10
0.0
 20
155.0
 30
0.0
 11
0.0
 21
0.0
 31
0.0
1001
AcDbBlockRepETag
1070
     1
1071
       19
1005
63E
  0
LINE
  5
63F
330
629
100
AcDbEntity
  8
0
 62
    42
 60
     1
100
AcDbLine
 10
-487.1392896287507
 20
281.2500000000018
 30
0.0
 11
-378.8861141556918
 21
218.75
 31
0.0
1001
AcDbBlockRepETag
1070
     1
1071
       20
1005
63F
  0
LINE
  5
640
330
629
100
AcDbEntity
  8
0
 62
    42
 60
     1
100
AcDbLine
 10
-487.1392896287507
 20
296.2500000000027
 30
0.0
 11
-378.886114155699
 21
233.7500000000045
 31
0.0
1001
AcDbBlockRepETag
1070
     1
1071
       21
1005
640
  0
LINE
  5
641
330
629
100
AcDbEntity
  8
0
 62
    42
 60
     1
100
AcDbLine
 10
-108.2531754730517
 20
62.50000000000091
 30
0.0
 11
-108.2531754730517
 21
187.5000000000027
 31
0.0
1001
AcDbBlockRepETag
1070
     1
1071
       22
1005
641
  0
LINE
  5
642
330
629
100
AcDbEntity
  8
0
 62
    42
 60
     1
100
AcDbLine
 10
-487.1392896287507
 20
436.2499999999991
 30
0.0
 11
-487.1392896287507
 21
421.2499999999991
 31
0.0
1001
AcDbBlockRepETag
1070
     1
1071
       23
1005
642
  0
LINE
  5
643
330
629
100
AcDbEntity
  8
0
 62
    42
 60
     1
100
AcDbLine
 10
-487.1392896287507
 20
406.2499999999991
 30
0.0
 11
-487.1392896287507
 21
296.2499999999991
 31
0.0
1001
AcDbBlockRepETag
1070
     1
1071
       24
1005
643
  0
LINE
  5
644
330
629
100
AcDbEntity
  8
0
 62
    42
 60
     1
100
AcDbLine
 10
-487.1392896287507
 20
296.2499999999991
 30
0.0
 11
-487.1392896287507
 21
281.2499999999991
 31
0.0
1001
AcDbBlockRepETag
1070
     1
1071
       25
1005
644
  0
LINE
  5
645
330
629
100
AcDbEntity
  8
0
 62
    42
 60
     1
100
AcDbLine
 10
-378.886114155699
 20
233.7499999999991
 30
0.0
 11
-378.886114155699
 21
343.7500000000082
 31
0.0
1001
AcDbBlockRepETag
1070
     1
1071
       26
1005
645
  0
LINE
  5
646
330
629
100
AcDbEntity
  8
0
 62
    42
 60
     1
100
AcDbLine
 10
-378.8861141556918
 20
233.7500000000009
 30
0.0
 11
-378.8861141556918
 21
218.7499999999991
 31
0.0
1001
AcDbBlockRepETag
1070
     1
1071
       27
1005
646
  0
LINE
  5
647
330
629
100
AcDbEntity
  8
0
 62
    42
 60
     1
100
AcDbLine
 10
-108.2531754730517
 20
77.5
 30
0.0
 11
0.0
 21
15.00000000000182
 31
0.0
1001
AcDbBlockRepETag
1070
     1
1071
       28
1005
647
  0
LINE
  5
648
330
629
100
AcDbEntity
  8
0
 62
    42
 60
     1
100
AcDbLine
 10
-108.2531754730517
 20
62.49999999999818
 30
0.0
 11
0.0
 21
0.0
 31
0.0
1001
AcDbBlockRepETag
1070
     1
1071
       29
1005
648
  0
LINE
  5
649
330
629
100
AcDbEntity
  8
0
 62
    42
 60
     1
100
AcDbLine
 10
-757.7722283113835
 20
452.5
 30
0.0
 11
-662.5094338950948
 21
507.5000000000009
 31
0.0
1001
AcDbBlockRepETag
1070
     1
1071
       30
1005
649
  0
LINE
  5
64A
330
629
100
AcDbEntity
  8
0
 62
    42
 60
     1
100
AcDbLine
 10
-757.7722283113835
 20
437.4999999999991
 30
0.0
 11
-649.5190528383246
 21
500.0000000000009
 31
0.0
1001
AcDbBlockRepETag
1070
     1
1071
       31
1005
64A
  0
LINE
  5
64B
330
629
100
AcDbEntity
  8
0
 62
    42
 60
     1
100
AcDbLine
 10
-378.8861141556918
 20
233.7500000000009
 30
0.0
 11
-283.6233197394031
 21
288.7500000000018
 31
0.0
1001
AcDbBlockRepETag
1070
     1
1071
       32
1005
64B
  0
LINE
  5
64C
330
629
100
AcDbEntity
  8
0
 62
    42
 60
     1
100
AcDbLine
 10
-378.8861141556918
 20
218.7499999999991
 30
0.0
 11
-270.6329386826328
 21
281.2500000000018
 31
0.0
1001
AcDbBlockRepETag
1070
     1
1071
       33
1005
64C
  0
LINE
  5
64D
330
629
100
AcDbEntity
  8
0
 62
    42
 60
     1
100
AcDbLine
 10
0.0
 20
0.0
 30
0.0
 11
1039.230484541324
 21
600.0
 31
0.0
1001
AcDbBlockRepETag
1070
     1
1071
       34
1005
64D
  0
LINE
  5
64E
330
629
100
AcDbEntity
  8
0
 62
    42
 60
     1
100
AcDbLine
 10
0.0
 20
15.00000000000182
 30
0.0
 11
1039.230484541324
 21
615.0000000000009
 31
0.0
1001
AcDbBlockRepETag
1070
     1
1071
       35
1005
64E
  0
LINE
  5
64F
330
629
100
AcDbEntity
  8
0
 62
    42
 60
     1
100
AcDbLine
 10
0.0
 20
125.0000000000055
 30
0.0
 11
108.2531754730589
 21
187.5000000000082
 31
0.0
1001
AcDbBlockRepETag
1070
     1
1071
       36
1005
64F
  0
LINE
  5
650
330
629
100
AcDbEntity
  8
0
 62
    42
 60
     1
100
AcDbLine
 10
0.0
 20
140.0000000000055
 30
0.0
 11
1039.230484541324
 21
740.0000000000036
 31
0.0
1001
AcDbBlockRepETag
1070
     1
1071
       37
1005
650
  0
LINE
  5
651
330
629
100
AcDbEntity
  8
0
 62
    42
 60
     1
100
AcDbLine
 10
1039.230484541324
 20
755.0000000000009
 30
0.0
 11
1039.230484541324
 21
600.0
 31
0.0
1001
AcDbBlockRepETag
1070
     1
1071
       38
1005
651
  0
LINE
  5
652
330
629
100
AcDbEntity
  8
0
 62
    42
 60
     1
100
AcDbLine
 10
108.2531754730589
 20
77.50000000000091
 30
0.0
 11
108.2531754730589
 21
202.5000000000073
 31
0.0
1001
AcDbBlockRepETag
1070
     1
1071
       39
1005
652
  0
LINE
  5
653
330
629
100
AcDbEntity
  8
0
 62
    42
 60
     1
100
AcDbLine
 10
930.977309068272
 20
552.5
 30
0.0
 11
930.977309068272
 21
677.5000000000055
 31
0.0
1001
AcDbBlockRepETag
1070
     1
1071
       40
1005
653
  0
LINE
  5
654
330
629
100
AcDbEntity
  8
0
 62
    42
 60
     1
100
AcDbLine
 10
-108.2531754730517
 20
202.5000000000027
 30
0.0
 11
-108.2531754730517
 21
217.4999999999982
 31
0.0
1001
AcDbBlockRepETag
1070
     1
1071
       41
1005
654
  0
LINE
  5
655
330
629
100
AcDbEntity
  8
0
 62
    42
 60
     1
100
AcDbLine
 10
465.488654534136
 20
408.7500000000055
 30
0.0
 11
465.488654534136
 21
283.7500000000018
 31
0.0
1001
AcDbBlockRepETag
1070
     1
1071
       42
1005
655
  0
LINE
  5
656
330
629
100
AcDbEntity
  8
0
 62
    42
 60
     1
100
AcDbLine
 10
573.741830007195
 20
346.2500000000009
 30
0.0
 11
573.741830007195
 21
471.2500000000073
 31
0.0
1001
AcDbBlockRepETag
1070
     1
1071
       43
1005
656
  0
LINE
  5
657
330
629
100
AcDbEntity
  8
0
 62
    42
 60
     1
100
AcDbLine
 10
930.977309068272
 20
552.5
 30
0.0
 11
822.7241335952131
 21
615.0000000000009
 31
0.0
1001
AcDbBlockRepETag
1070
     1
1071
       44
1005
657
  0
LINE
  5
658
330
629
100
AcDbEntity
  8
0
 62
    42
 60
     1
100
AcDbLine
 10
465.488654534136
 20
283.7500000000018
 30
0.0
 11
357.2354790610771
 21
346.2500000000036
 31
0.0
1001
AcDbBlockRepETag
1070
     1
1071
       45
1005
658
  0
LINE
  5
659
330
629
100
AcDbEntity
  8
0
 62
    42
 60
     1
100
AcDbLine
 10
-757.7722283113835
 20
577.5000000000018
 30
0.0
 11
-757.7722283113835
 21
592.5000000000018
 31
0.0
1001
AcDbBlockRepETag
1070
     1
1071
       46
1005
659
  0
LINE
  5
65A
330
629
100
AcDbEntity
  8
0
 62
    42
 60
     1
100
AcDbLine
 10
-378.886114155699
 20
358.7500000000082
 30
0.0
 11
-378.886114155699
 21
373.7500000000009
 31
0.0
1001
AcDbBlockRepETag
1070
     1
1071
       47
1005
65A
  0
LINE
  5
65B
330
629
100
AcDbEntity
  8
0
 62
    42
 60
     1
100
AcDbLine
 10
-378.886114155699
 20
358.7500000000082
 30
0.0
 11
-365.895733098936
 21
366.2500000000064
 31
0.0
1001
AcDbBlockRepETag
1070
     1
1071
       48
1005
65B
  0
LINE
  5
65C
330
629
100
AcDbEntity
  8
0
 62
    42
 60
     1
100
AcDbLine
 10
-757.7722283113835
 20
577.5000000000018
 30
0.0
 11
-744.7818472546205
 21
585.0
 31
0.0
1001
AcDbBlockRepETag
1070
     1
1071
       49
1005
65C
  0
LINE
  5
65D
330
629
100
AcDbEntity
  8
0
 62
    42
 60
     1
100
AcDbLine
 10
-676.5823467066002
 20
545.6249999999955
 30
0.0
 11
-676.5823467066002
 21
530.6249999999955
 31
0.0
1001
AcDbBlockRepETag
1070
     1
1071
       50
1005
65D
  0
LINE
  5
65E
330
629
100
AcDbEntity
  8
0
 62
    42
 60
     1
100
AcDbLine
 10
-568.3291712335485
 20
468.1250000000045
 30
0.0
 11
-568.3291712335485
 21
483.1249999999973
 31
0.0
1001
AcDbBlockRepETag
1070
     1
1071
       51
1005
65E
  0
LINE
  5
65F
330
629
100
AcDbEntity
  8
0
 62
    42
 60
     1
100
AcDbLine
 10
-568.3291712335485
 20
468.1250000000045
 30
0.0
 11
-555.3387901767856
 21
475.6250000000027
 31
0.0
1001
AcDbBlockRepETag
1070
     1
1071
       52
1005
65F
  0
LINE
  5
660
330
629
100
AcDbEntity
  8
0
 62
    42
 60
     1
100
AcDbLine
 10
-297.6962325509012
 20
326.8750000000009
 30
0.0
 11
-297.6962325509012
 21
311.8750000000009
 31
0.0
1001
AcDbBlockRepETag
1070
     1
1071
       53
1005
660
  0
LINE
  5
661
330
629
100
AcDbEntity
  8
0
 62
    42
 60
     1
100
AcDbLine
 10
-189.4430570778495
 20
249.37500000001
 30
0.0
 11
-189.4430570778495
 21
264.3750000000027
 31
0.0
1001
AcDbBlockRepETag
1070
     1
1071
       54
1005
661
  0
LINE
  5
662
330
629
100
AcDbEntity
  8
0
 62
    42
 60
     1
100
AcDbLine
 10
-189.4430570778495
 20
249.37500000001
 30
0.0
 11
-176.4526760210865
 21
256.8750000000082
 31
0.0
1001
AcDbBlockRepETag
1070
     1
1071
       55
1005
662
  0
LINE
  5
663
330
629
100
AcDbEntity
  8
0
 62
    42
 60
     1
100
AcDbLine
 10
465.488654534136
 20
393.7500000000055
 30
0.0
 11
452.498273477373
 21
401.2500000000036
 31
0.0
1001
AcDbBlockRepETag
1070
     1
1071
       56
1005
663
  0
LINE
  5
664
330
629
100
AcDbEntity
  8
0
 62
    42
 60
     1
100
AcDbLine
 10
930.977309068272
 20
662.5000000000064
 30
0.0
 11
917.986928011509
 21
670.0000000000055
 31
0.0
1001
AcDbBlockRepETag
1070
     1
1071
       57
1005
664
  0
LINE
  5
665
330
629
100
AcDbEntity
  8
0
 62
    42
 60
     1
100
AcDbLine
 10
465.488654534136
 20
393.7500000000055
 30
0.0
 11
573.741830007195
 21
456.2500000000082
 31
0.0
1001
AcDbBlockRepETag
1070
     1
1071
       58
1005
665
  0
LINE
  5
666
330
629
100
AcDbEntity
  8
0
 62
    42
 60
     1
100
AcDbLine
 10
930.977309068272
 20
662.5000000000064
 30
0.0
 11
1039.230484541324
 21
725.0000000000045
 31
0.0
1001
AcDbBlockRepETag
1070
     1
1071
       59
1005
666
  0
LINE
  5
667
330
629
100
AcDbEntity
  8
0
  6
DASHED
 62
    42
 60
     1
 48
150.0
100
AcDbLine
 10
-866.0254037844352
 20
655.0
 30
0.0
 11
0.0
 21
1655.0
 31
0.0
1001
AcDbBlockRepETag
1070
     1
1071
       60
1005
667
  0
LINE
  5
668
330
629
100
AcDbEntity
  8
0
  6
DASHED
 62
    42
 60
     1
 48
150.0
100
AcDbLine
 10
0.0
 20
155.0
 30
0.0
 11
-866.0254037844352
 21
2155.0
 31
0.0
1001
AcDbBlockRepETag
1070
     1
1071
       61
1005
668
  0
LINE
  5
669
330
629
100
AcDbEntity
  8
0
  6
DASHED
 62
    42
 60
     1
 48
150.0
100
AcDbLine
 10
0.0
 20
1655.0
 30
0.0
 11
1039.230484541324
 21
755.0000000000009
 31
0.0
1001
AcDbBlockRepETag
1070
     1
1071
       62
1005
669
  0
LINE
  5
66A
330
629
100
AcDbEntity
  8
0
  6
DASHED
 62
    42
 60
     1
 48
150.0
100
AcDbLine
 10
0.0
 20
155.0
 30
0.0
 11
1039.230484541324
 21
2255.000000000001
 31
0.0
1001
AcDbBlockRepETag
1070
     1
1071
       63
1005
66A
  0
INSERT
  5
66B
102
{ACAD_XDICTIONARY
360
66C
102
}
330
629
100
AcDbEntity
  8
0
 60
     1
100
AcDbBlockReference
  2
Bloco Seta Din
 10
-1414.220158839395
 20
-140.2653278316484
 30
0.0
1001
AcDbBlockRepETag
1070
     1
1071
       64
1005
66B
  0
INSERT
  5
66D
102
{ACAD_XDICTIONARY
360
66E
102
}
330
629
100
AcDbEntity
  8
0
 60
     1
100
AcDbBlockReference
  2
Bloco Seta Din
 10
-1039.477229713528
 20
-356.6232588393746
 30
0.0
1001
AcDbBlockRepETag
1070
     1
1071
       65
1005
66D
  0
LINE
  5
66F
330
629
100
AcDbEntity
  8
0
 60
     1
100
AcDbLine
 10
-916.0254037844352
 20
528.8675134594814
 30
0.0
 11
-1172.593259637659
 21
676.9970341017452
 31
0.0
1001
AcDbBlockRepETag
1070
     1
1071
       66
1005
66F
  0
LINE
  5
670
330
629
100
AcDbEntity
  8
0
 60
     1
100
AcDbLine
 10
-916.0254037844352
 20
2183.867513459482
 30
0.0
 11
-1172.593259637659
 21
2331.997034101745
 31
0.0
1001
AcDbBlockRepETag
1070
     1
1071
       67
1005
670
  0
LINE
  5
671
330
629
100
AcDbEntity
  8
0
 60
     1
100
AcDbLine
 10
-1072.593259637659
 20
719.2620071827823
 30
0.0
 11
-1072.593259637659
 21
2174.262007182782
 31
0.0
1001
AcDbBlockRepETag
1070
     1
1071
       68
1005
671
  0
INSERT
  5
672
330
629
100
AcDbEntity
  8
0
 60
     1
100
AcDbBlockReference
  2
_Open90
 10
-1072.593259637659
 20
619.2620071827823
 30
0.0
 41
100.0
 42
100.0
 43
100.0
 50
270.0
1001
AcDbBlockRepETag
1070
     1
1071
       69
1005
672
  0
INSERT
  5
673
330
629
100
AcDbEntity
  8
0
 60
     1
100
AcDbBlockReference
  2
_Open90
 10
-1072.593259637659
 20
2274.262007182783
 30
0.0
 41
100.0
 42
100.0
 43
100.0
 50
90.0
1001
AcDbBlockRepETag
1070
     1
1071
       70
1005
673
  0
LINE
  5
674
330
629
100
AcDbEntity
  8
0
 60
     1
100
AcDbLine
 10
-916.0254037844352
 20
471.1324865405186
 30
0.0
 11
-1307.805650241921
 21
244.9380557851109
 31
0.0
1001
AcDbBlockRepETag
1070
     1
1071
       71
1005
674
  0
LINE
  5
675
330
629
100
AcDbEntity
  8
0
 60
     1
100
AcDbLine
 10
-50.0
 20
-28.86751345948142
 30
0.0
 11
-441.7802464574852
 21
-255.0619442148882
 31
0.0
1001
AcDbBlockRepETag
1070
     1
1071
       72
1005
675
  0
LINE
  5
676
330
629
100
AcDbEntity
  8
0
 60
     1
100
AcDbLine
 10
-1121.203109863476
 20
252.6730827040737
 30
0.0
 11
-428.3827868359294
 21
-147.3269172959253
 31
0.0
1001
AcDbBlockRepETag
1070
     1
1071
       73
1005
676
  0
INSERT
  5
677
330
629
100
AcDbEntity
  8
0
 60
     1
100
AcDbBlockReference
  2
_Open90
 10
-1207.805650241921
 20
302.6730827040737
 30
0.0
 41
100.0
 42
100.0
 43
100.0
 50
149.9999999999999
1001
AcDbBlockRepETag
1070
     1
1071
       74
1005
677
  0
INSERT
  5
678
330
629
100
AcDbEntity
  8
0
 60
     1
100
AcDbBlockReference
  2
_Open90
 10
-341.7802464574852
 20
-197.3269172959258
 30
0.0
 41
100.0
 42
100.0
 43
100.0
 50
329.9999999999999
1001
AcDbBlockRepETag
1070
     1
1071
       75
1005
678
  0
LINE
  5
679
330
629
100
AcDbEntity
  8
0
 60
     1
100
AcDbLine
 10
50.0
 20
-28.86751345948142
 30
0.0
 11
402.1453988375433
 21
-232.1787542722245
 31
0.0
1001
AcDbBlockRepETag
1070
     1
1071
       76
1005
679
  0
LINE
  5
67A
330
629
100
AcDbEntity
  8
0
 60
     1
100
AcDbLine
 10
1089.230484541324
 20
571.1324865405186
 30
0.0
 11
1441.375883378867
 21
367.821245727775
 31
0.0
1001
AcDbBlockRepETag
1070
     1
1071
       77
1005
67A
  0
LINE
  5
67B
330
629
100
AcDbEntity
  8
0
 60
     1
100
AcDbLine
 10
388.7479392159876
 20
-124.4437273532621
 30
0.0
 11
1254.773343000423
 21
375.5562726467379
 31
0.0
1001
AcDbBlockRepETag
1070
     1
1071
       78
1005
67B
  0
INSERT
  5
67C
330
629
100
AcDbEntity
  8
0
 60
     1
100
AcDbBlockReference
  2
_Open90
 10
302.1453988375433
 20
-174.4437273532621
 30
0.0
 41
100.0
 42
100.0
 43
100.0
 50
210.0000000000001
1001
AcDbBlockRepETag
1070
     1
1071
       79
1005
67C
  0
INSERT
  5
67D
330
629
100
AcDbEntity
  8
0
 60
     1
100
AcDbBlockReference
  2
_Open90
 10
1341.375883378867
 20
425.5562726467379
 30
0.0
 41
100.0
 42
100.0
 43
100.0
 50
30.00000000000005
1001
AcDbBlockRepETag
1070
     1
1071
       80
1005
67D
  0
TEXT
  5
67E
330
629
100
AcDbEntity
  8
0
 62
     1
 60
     1
100
AcDbText
 10
-1028.499152999147
 20
232.3114276641015
 30
0.0
 40
100.0
  1
LARGURA X
 50
330.0
 51
30.0
  7
gbenor
100
AcDbText
1001
AcDbBlockRepETag
1070
     1
1071
       81
1005
67E
  0
TEXT
  5
67F
330
629
100
AcDbEntity
  8
0
 62
     1
 60
     1
100
AcDbText
 10
449.4870407655628
 20
-64.49546682513196
 30
0.0
 40
100.0
  1
PROFUNDIDADE Y
 50
29.99999999999998
 51
-30.00000000000002
  7
-30
100
AcDbText
1001
AcDbBlockRepETag
1070
     1
1071
       82
1005
67F
  0
TEXT
  5
680
330
629
100
AcDbEntity
  8
0
 62
     1
 60
     1
100
AcDbText
 10
-1123.618025941927
 20
1218.556882330474
 30
0.0
 40
100.0
  1
ALTURA
 50
90.0
 51
30.0
  7
gbenor
100
AcDbText
1001
AcDbBlockRepETag
1070
     1
1071
       83
1005
680
  0
LINE
  5
681
330
629
100
AcDbEntity
  8
0
  6
DASHED
 62
    42
 60
     1
 48
150.0
100
AcDbLine
 10
-866.0254037844352
 20
2155.0
 30
0.0
 11
1039.230484541324
 21
2255.000000000001
 31
0.0
1001
AcDbBlockRepETag
1070
     1
1071
       84
1005
681
  0
LINE
  5
682
330
629
100
AcDbEntity
  8
0
  6
DASHED
 62
    42
 60
     1
 48
150.0
100
AcDbLine
 10
0.0
 20
1655.0
 30
0.0
 11
173.2050807568885
 21
2754.999999999998
 31
0.0
1001
AcDbBlockRepETag
1070
     1
1071
       85
1005
682
  0
LINE
  5
683
330
629
100
AcDbEntity
  8
0
 62
    42
100
AcDbLine
 10
0.0
 20
155.0
 30
0.0
 11
866.0254037844425
 21
655.0
 31
0.0
1001
AcDbBlockRepETag
1070
     1
1071
       86
1005
683
  0
LINE
  5
684
330
629
100
AcDbEntity
  8
0
 62
    42
100
AcDbLine
 10
0.0
 20
155.0
 30
0.0
 11
-1039.230484541331
 21
755.0
 31
0.0
1001
AcDbBlockRepETag
1070
     1
1071
       87
1005
684
  0
LINE
  5
685
330
629
100
AcDbEntity
  8
0
  6
DASHED
 62
    42
 48
150.0
100
AcDbLine
 10
0.0
 20
155.0
 30
0.0
 11
0.0
 21
1654.999999999999
 31
0.0
1001
AcDbBlockRepETag
1070
     1
1071
       88
1005
685
  0
LINE
  5
686
330
629
100
AcDbEntity
  8
0
  6
DASHED
 62
    42
 48
150.0
100
AcDbLine
 10
866.0254037844425
 20
655.0
 30
0.0
 11
866.0254037844425
 21
2154.999999999999
 31
0.0
1001
AcDbBlockRepETag
1070
     1
1071
       89
1005
686
  0
LINE
  5
687
330
629
100
AcDbEntity
  8
0
  6
DASHED
 62
    42
 48
150.0
100
AcDbLine
 10
-1039.230484541331
 20
755.0
 30
0.0
 11
-1039.230484541331
 21
2254.999999999999
 31
0.0
1001
AcDbBlockRepETag
1070
     1
1071
       90
1005
687
  0
LINE
  5
688
330
629
100
AcDbEntity
  8
0
  6
DASHED
 62
    42
 48
150.0
100
AcDbLine
 10
-1039.230484541331
 20
2254.999999999999
 30
0.0
 11
0.0
 21
1654.999999999999
 31
0.0
1001
AcDbBlockRepETag
1070
     1
1071
       91
1005
688
  0
LINE
  5
689
330
629
100
AcDbEntity
  8
0
  6
DASHED
 62
    42
 48
150.0
100
AcDbLine
 10
0.0
 20
1654.999999999999
 30
0.0
 11
866.0254037844425
 21
2154.999999999999
 31
0.0
1001
AcDbBlockRepETag
1070
     1
1071
       92
1005
689
  0
LINE
  5
68A
330
629
100
AcDbEntity
  8
0
  6
DASHED
 62
    42
 48
150.0
100
AcDbLine
 10
-173.2050807568885
 20
2754.999999999999
 30
0.0
 11
866.0254037844425
 21
2154.999999999999
 31
0.0
1001
AcDbBlockRepETag
1070
     1
1071
       93
1005
68A
  0
LINE
  5
68B
330
629
100
AcDbEntity
  8
0
  6
DASHED
 62
    42
 48
150.0
100
AcDbLine
 10
-173.2050807568885
 20
2754.999999999999
 30
0.0
 11
-1039.230484541331
 21
2254.999999999999
 31
0.0
1001
AcDbBlockRepETag
1070
     1
1071
       94
1005
68B
  0
LINE
  5
68C
330
629
100
AcDbEntity
  8
0
 62
    42
100
AcDbLine
 10
0.0
 20
155.0
 30
0.0
 11
0.0
 21
125.0
 31
0.0
1001
AcDbBlockRepETag
1070
     1
1071
       95
1005
68C
  0
LINE
  5
68D
330
629
100
AcDbEntity
  8
0
 62
    42
100
AcDbLine
 10
866.0254037844425
 20
655.0
 30
0.0
 11
866.0254037844425
 21
625.0
 31
0.0
1001
AcDbBlockRepETag
1070
     1
1071
       96
1005
68D
  0
LINE
  5
68E
330
629
100
AcDbEntity
  8
0
 62
    42
100
AcDbLine
 10
-1039.230484541331
 20
755.0
 30
0.0
 11
-1039.230484541331
 21
725.0
 31
0.0
1001
AcDbBlockRepETag
1070
     1
1071
       97
1005
68E
  0
LINE
  5
68F
330
629
100
AcDbEntity
  8
0
 62
    42
100
AcDbLine
 10
-1039.230484541331
 20
725.0
 30
0.0
 11
-930.977309068272
 21
662.4999999999982
 31
0.0
1001
AcDbBlockRepETag
1070
     1
1071
       98
1005
68F
  0
LINE
  5
690
330
629
100
AcDbEntity
  8
0
 62
    42
100
AcDbLine
 10
-573.7418300071877
 20
456.2499999999964
 30
0.0
 11
-465.401479483975
 21
393.6996694613217
 31
0.0
1001
AcDbBlockRepETag
1070
     1
1071
       99
1005
690
  0
LINE
  5
691
330
629
100
AcDbEntity
  8
0
 62
    42
100
AcDbLine
 10
-108.2531754730589
 20
187.5000000000018
 30
0.0
 11
0.0
 21
125.0
 31
0.0
1001
AcDbBlockRepETag
1070
     1
1071
      100
1005
691
  0
LINE
  5
692
330
629
100
AcDbEntity
  8
0
 62
    42
100
AcDbLine
 10
0.0
 20
125.0
 30
0.0
 11
866.0254037844425
 21
625.0
 31
0.0
1001
AcDbBlockRepETag
1070
     1
1071
      101
1005
692
  0
LINE
  5
693
330
629
100
AcDbEntity
  8
0
 62
    42
100
AcDbLine
 10
-1039.230484541331
 20
740.0
 30
0.0
 11
0.0
 21
140.0
 31
0.0
1001
AcDbBlockRepETag
1070
     1
1071
      102
1005
693
  0
LINE
  5
694
330
629
100
AcDbEntity
  8
0
 62
    42
100
AcDbLine
 10
0.0
 20
140.0
 30
0.0
 11
866.0254037844425
 21
640.0
 31
0.0
1001
AcDbBlockRepETag
1070
     1
1071
      103
1005
694
  0
LINE
  5
695
330
629
100
AcDbEntity
  8
0
 62
    42
100
AcDbLine
 10
-1039.230484541331
 20
725.0
 30
0.0
 11
-1039.230484541331
 21
600.0
 31
0.0
1001
AcDbBlockRepETag
1070
     1
1071
      104
1005
695
  0
LINE
  5
696
330
629
100
AcDbEntity
  8
0
 62
    42
100
AcDbLine
 10
0.0
 20
125.0
 30
0.0
 11
0.0
 21
15.0
 31
0.0
1001
AcDbBlockRepETag
1070
     1
1071
      105
1005
696
  0
LINE
  5
697
330
629
100
AcDbEntity
  8
0
 62
    42
100
AcDbLine
 10
-108.2531754730589
 20
77.5
 30
0.0
 11
-108.2531754730589
 21
187.5000000000018
 31
0.0
1001
AcDbBlockRepETag
1070
     1
1071
      106
1005
697
  0
LINE
  5
698
330
629
100
AcDbEntity
  8
0
 62
    42
100
AcDbLine
 10
-930.977309068272
 20
552.5
 30
0.0
 11
-930.977309068272
 21
662.4999999999982
 31
0.0
1001
AcDbBlockRepETag
1070
     1
1071
      107
1005
698
  0
LINE
  5
699
330
629
100
AcDbEntity
  8
0
 62
    42
100
AcDbLine
 10
-465.4886545341287
 20
393.6493389226525
 30
0.0
 11
-465.4886545341287
 21
283.6493389226525
 31
0.0
1001
AcDbBlockRepETag
1070
     1
1071
      108
1005
699
  0
LINE
  5
69A
330
629
100
AcDbEntity
  8
0
 62
    42
100
AcDbLine
 10
-573.7418300071877
 20
346.1493389226525
 30
0.0
 11
-573.7418300071877
 21
456.1493389226544
 31
0.0
1001
AcDbBlockRepETag
1070
     1
1071
      109
1005
69A
  0
LINE
  5
69B
330
629
100
AcDbEntity
  8
0
 62
    42
100
AcDbLine
 10
866.0254037844425
 20
625.0
 30
0.0
 11
866.0254037844425
 21
515.0
 31
0.0
1001
AcDbBlockRepETag
1070
     1
1071
      110
1005
69B
  0
LINE
  5
69C
330
629
100
AcDbEntity
  8
0
 62
    42
100
AcDbLine
 10
0.0
 20
125.0
 30
0.0
 11
0.0
 21
0.0
 31
0.0
1001
AcDbBlockRepETag
1070
     1
1071
      111
1005
69C
  0
LINE
  5
69D
330
629
100
AcDbEntity
  8
0
 62
    42
100
AcDbLine
 10
0.0
 20
15.0
 30
0.0
 11
108.2531754730589
 21
77.5
 31
0.0
1001
AcDbBlockRepETag
1070
     1
1071
      112
1005
69D
  0
LINE
  5
69E
330
629
100
AcDbEntity
  8
0
 62
    42
100
AcDbLine
 10
108.2531754730589
 20
77.5
 30
0.0
 11
108.2531754730589
 21
187.5000000000018
 31
0.0
1001
AcDbBlockRepETag
1070
     1
1071
      113
1005
69E
  0
LINE
  5
69F
330
629
100
AcDbEntity
  8
0
 62
    42
100
AcDbLine
 10
866.0254037844425
 20
515.0
 30
0.0
 11
757.7722283113835
 21
452.5
 31
0.0
1001
AcDbBlockRepETag
1070
     1
1071
      114
1005
69F
  0
LINE
  5
6A0
330
629
100
AcDbEntity
  8
0
 62
    42
100
AcDbLine
 10
757.7722283113835
 20
452.5
 30
0.0
 11
757.7722283113835
 21
562.4999999999982
 31
0.0
1001
AcDbBlockRepETag
1070
     1
1071
      115
1005
6A0
  0
LINE
  5
6A1
330
629
100
AcDbEntity
  8
0
 62
    42
100
AcDbLine
 10
378.8861141556845
 20
343.7499999999991
 30
0.0
 11
378.8861141556845
 21
233.7499999999991
 31
0.0
1001
AcDbBlockRepETag
1070
     1
1071
      116
1005
6A1
  0
LINE
  5
6A2
330
629
100
AcDbEntity
  8
0
 62
    42
100
AcDbLine
 10
378.8861141556845
 20
233.7499999999991
 30
0.0
 11
487.1392896287434
 21
296.2499999999991
 31
0.0
1001
AcDbBlockRepETag
1070
     1
1071
      117
1005
6A2
  0
LINE
  5
6A3
330
629
100
AcDbEntity
  8
0
 62
    42
100
AcDbLine
 10
487.1392896287434
 20
296.2499999999991
 30
0.0
 11
487.1392896287434
 21
406.2500000000009
 31
0.0
1001
AcDbBlockRepETag
1070
     1
1071
      118
1005
6A3
  0
LINE
  5
6A4
330
629
100
AcDbEntity
  8
0
 62
    42
100
AcDbLine
 10
-1039.230484541331
 20
600.0
 30
0.0
 11
0.0
 21
0.0
 31
0.0
1001
AcDbBlockRepETag
1070
     1
1071
      119
1005
6A4
  0
LINE
  5
6A5
330
629
100
AcDbEntity
  8
0
 62
    42
100
AcDbLine
 10
-1039.230484541331
 20
615.0
 30
0.0
 11
0.0
 21
15.0
 31
0.0
1001
AcDbBlockRepETag
1070
     1
1071
      120
1005
6A5
  0
LINE
  5
6A6
330
629
100
AcDbEntity
  8
0
 62
    42
100
AcDbLine
 10
-465.4886545341287
 20
283.7499999999945
 30
0.0
 11
-357.2354790610843
 21
346.2499999999955
 31
0.0
1001
AcDbBlockRepETag
1070
     1
1071
      121
1005
6A6
  0
LINE
  5
6A7
330
629
100
AcDbEntity
  8
0
 62
    42
100
AcDbLine
 10
-930.977309068272
 20
552.5
 30
0.0
 11
-822.7241335952131
 21
614.9999999999991
 31
0.0
1001
AcDbBlockRepETag
1070
     1
1071
      122
1005
6A7
  0
LINE
  5
6A8
330
629
100
AcDbEntity
  8
0
 62
    42
100
AcDbLine
 10
0.0
 20
0.0
 30
0.0
 11
108.2531754730589
 21
62.50000000000273
 31
0.0
1001
AcDbBlockRepETag
1070
     1
1071
      123
1005
6A8
  0
LINE
  5
6A9
330
629
100
AcDbEntity
  8
0
 62
    42
100
AcDbLine
 10
108.2531754730589
 20
77.5
 30
0.0
 11
108.2531754730589
 21
62.50000000000273
 31
0.0
1001
AcDbBlockRepETag
1070
     1
1071
      124
1005
6A9
  0
LINE
  5
6AA
330
629
100
AcDbEntity
  8
0
 62
    42
100
AcDbLine
 10
378.8861141556845
 20
233.7499999999991
 30
0.0
 11
283.6233197394031
 21
288.7499999999955
 31
0.0
1001
AcDbBlockRepETag
1070
     1
1071
      125
1005
6AA
  0
LINE
  5
6AB
330
629
100
AcDbEntity
  8
0
 62
    42
100
AcDbLine
 10
757.7722283113835
 20
452.5
 30
0.0
 11
662.5094338951021
 21
507.4999999999973
 31
0.0
1001
AcDbBlockRepETag
1070
     1
1071
      126
1005
6AB
  0
LINE
  5
6AC
330
629
100
AcDbEntity
  8
0
 62
    42
100
AcDbLine
 10
378.8861141556845
 20
233.7499999999991
 30
0.0
 11
378.8861141556845
 21
218.7499999999991
 31
0.0
1001
AcDbBlockRepETag
1070
     1
1071
      127
1005
6AC
  0
LINE
  5
6AD
330
629
100
AcDbEntity
  8
0
 62
    42
100
AcDbLine
 10
487.1392896287434
 20
296.2499999999991
 30
0.0
 11
487.1392896287434
 21
281.2499999999991
 31
0.0
1001
AcDbBlockRepETag
1070
     1
1071
      128
1005
6AD
  0
LINE
  5
6AE
330
629
100
AcDbEntity
  8
0
 62
    42
100
AcDbLine
 10
378.8861141556845
 20
218.7499999999991
 30
0.0
 11
487.1392896287434
 21
281.2499999999991
 31
0.0
1001
AcDbBlockRepETag
1070
     1
1071
      129
1005
6AE
  0
LINE
  5
6AF
330
629
100
AcDbEntity
  8
0
 62
    42
100
AcDbLine
 10
378.8861141556845
 20
218.7499999999991
 30
0.0
 11
270.6329386826255
 21
281.2499999999982
 31
0.0
1001
AcDbBlockRepETag
1070
     1
1071
      130
1005
6AF
  0
LINE
  5
6B0
330
629
100
AcDbEntity
  8
0
 62
    42
100
AcDbLine
 10
757.7722283113835
 20
452.5
 30
0.0
 11
757.7722283113835
 21
437.5
 31
0.0
1001
AcDbBlockRepETag
1070
     1
1071
      131
1005
6B0
  0
LINE
  5
6B1
330
629
100
AcDbEntity
  8
0
 62
    42
100
AcDbLine
 10
866.0254037844425
 20
515.0
 30
0.0
 11
866.0254037844425
 21
500.0
 31
0.0
1001
AcDbBlockRepETag
1070
     1
1071
      132
1005
6B1
  0
LINE
  5
6B2
330
629
100
AcDbEntity
  8
0
 62
    42
100
AcDbLine
 10
757.7722283113835
 20
437.5
 30
0.0
 11
866.0254037844425
 21
500.0
 31
0.0
1001
AcDbBlockRepETag
1070
     1
1071
      133
1005
6B2
  0
LINE
  5
6B3
330
629
100
AcDbEntity
  8
0
 62
    42
100
AcDbLine
 10
757.7722283113835
 20
437.5
 30
0.0
 11
649.5190528383246
 21
499.9999999999991
 31
0.0
1001
AcDbBlockRepETag
1070
     1
1071
      134
1005
6B3
  0
LINE
  5
6B4
330
629
100
AcDbEntity
  8
0
 62
    42
100
AcDbLine
 10
108.2531754730589
 20
202.5000000000018
 30
0.0
 11
108.2531754730589
 21
217.5000000000018
 31
0.0
1001
AcDbBlockRepETag
1070
     1
1071
      135
1005
6B4
  0
LINE
  5
6B5
330
629
100
AcDbEntity
  8
0
 62
    42
100
AcDbLine
 10
757.7722283113835
 20
577.4999999999982
 30
0.0
 11
757.7722283113835
 21
592.4999999999982
 31
0.0
1001
AcDbBlockRepETag
1070
     1
1071
      136
1005
6B5
  0
LINE
  5
6B6
330
629
100
AcDbEntity
  8
0
 62
    42
100
AcDbLine
 10
378.8861141556845
 20
358.7499999999991
 30
0.0
 11
378.8861141556845
 21
373.7499999999991
 31
0.0
1001
AcDbBlockRepETag
1070
     1
1071
      137
1005
6B6
  0
LINE
  5
6B7
330
629
100
AcDbEntity
  8
0
 62
    42
100
AcDbLine
 10
487.1392896287434
 20
421.2500000000009
 30
0.0
 11
487.1392896287434
 21
436.2500000000009
 31
0.0
1001
AcDbBlockRepETag
1070
     1
1071
      138
1005
6B7
  0
LINE
  5
6B8
330
629
100
AcDbEntity
  8
0
 62
    42
100
AcDbLine
 10
-573.7418300071877
 20
456.1493389226544
 30
0.0
 11
-573.7418300071877
 21
471.2499999999964
 31
0.0
1001
AcDbBlockRepETag
1070
     1
1071
      139
1005
6B8
  0
LINE
  5
6B9
330
629
100
AcDbEntity
  8
0
 62
    42
100
AcDbLine
 10
-465.4886545341287
 20
393.6493389226525
 30
0.0
 11
-465.4886545341287
 21
408.7499999999945
 31
0.0
1001
AcDbBlockRepETag
1070
     1
1071
      140
1005
6B9
  0
LINE
  5
6BA
330
629
100
AcDbEntity
  8
0
 62
    42
100
AcDbLine
 10
-930.977309068272
 20
662.4999999999982
 30
0.0
 11
-930.977309068272
 21
677.4999999999982
 31
0.0
1001
AcDbBlockRepETag
1070
     1
1071
      141
1005
6BA
  0
LINE
  5
6BB
330
629
100
AcDbEntity
  8
0
 62
    42
100
AcDbLine
 10
-108.2531754730589
 20
187.5000000000018
 30
0.0
 11
-108.2531754730589
 21
202.5000000000018
 31
0.0
1001
AcDbBlockRepETag
1070
     1
1071
      142
1005
6BB
  0
LINE
  5
6BC
330
629
100
AcDbEntity
  8
0
 62
    42
100
AcDbLine
 10
243.5696448143717
 20
280.6250000000009
 30
0.0
 11
286.8709150036011
 21
305.6249999999991
 31
0.0
1001
AcDbBlockRepETag
1070
     1
1071
      143
1005
6BC
  0
LINE
  5
6BD
330
629
100
AcDbEntity
  8
0
 62
    42
100
AcDbLine
 10
286.8709150036011
 20
305.6249999999991
 30
0.0
 11
286.8709150036011
 21
320.6250000000027
 31
0.0
1001
AcDbBlockRepETag
1070
     1
1071
      144
1005
6BD
  0
LINE
  5
6BE
330
629
100
AcDbEntity
  8
0
 62
    42
100
AcDbLine
 10
243.5696448143717
 20
280.6250000000009
 30
0.0
 11
200.2683746251569
 21
255.6249999999955
 31
0.0
1001
AcDbBlockRepETag
1070
     1
1071
      145
1005
6BE
  0
LINE
  5
6BF
330
629
100
AcDbEntity
  8
0
 62
    42
100
AcDbLine
 10
200.2683746251569
 20
255.6249999999955
 30
0.0
 11
200.2683746251569
 21
270.6250000000027
 31
0.0
1001
AcDbBlockRepETag
1070
     1
1071
      146
1005
6BF
  0
LINE
  5
6C0
330
629
100
AcDbEntity
  8
0
 62
    42
100
AcDbLine
 10
665.757029159271
 20
524.3750000000009
 30
0.0
 11
665.757029159271
 21
539.3750000000045
 31
0.0
1001
AcDbBlockRepETag
1070
     1
1071
      147
1005
6C0
  0
LINE
  5
6C1
330
629
100
AcDbEntity
  8
0
 62
    42
100
AcDbLine
 10
579.1544887808268
 20
474.3749999999973
 30
0.0
 11
579.1544887808268
 21
489.3750000000045
 31
0.0
1001
AcDbBlockRepETag
1070
     1
1071
      148
1005
6C1
  0
LINE
  5
6C2
330
629
100
AcDbEntity
  8
0
 62
    42
100
AcDbLine
 10
200.2683746251569
 20
255.6249999999955
 30
0.0
 11
187.2779935683793
 21
263.1250000000009
 31
0.0
1001
AcDbBlockRepETag
1070
     1
1071
      149
1005
6C2
  0
LINE
  5
6C3
330
629
100
AcDbEntity
  8
0
 62
    42
100
AcDbLine
 10
378.8861141556845
 20
358.7499999999991
 30
0.0
 11
365.8957330989215
 21
366.2499999999973
 31
0.0
1001
AcDbBlockRepETag
1070
     1
1071
      150
1005
6C3
  0
LINE
  5
6C4
330
629
100
AcDbEntity
  8
0
 62
    42
100
AcDbLine
 10
579.1544887808268
 20
474.3749999999973
 30
0.0
 11
566.1641077240638
 21
481.8749999999945
 31
0.0
1001
AcDbBlockRepETag
1070
     1
1071
      151
1005
6C4
  0
LINE
  5
6C5
330
629
100
AcDbEntity
  8
0
 62
    42
100
AcDbLine
 10
757.7722283113835
 20
577.4999999999982
 30
0.0
 11
744.7818472546205
 21
584.9999999999964
 31
0.0
1001
AcDbBlockRepETag
1070
     1
1071
      152
1005
6C5
  0
LINE
  5
6C6
330
629
100
AcDbEntity
  8
0
 62
    42
100
AcDbLine
 10
-465.4886545341287
 20
393.6493389226525
 30
0.0
 11
-452.411098427212
 21
401.1996694613208
 31
0.0
1001
AcDbBlockRepETag
1070
     1
1071
      153
1005
6C6
  0
LINE
  5
6C7
330
629
100
AcDbEntity
  8
0
 62
    42
100
AcDbLine
 10
-931.0644841184258
 20
662.4496694613272
 30
0.0
 11
-917.986928011509
 21
669.9999999999955
 31
0.0
1001
AcDbBlockRepETag
1070
     1
1071
      154
1005
6C7
  0
LINE
  5
6C8
330
629
100
AcDbEntity
  8
0
  6
DASHED
 62
    42
 48
150.0
100
AcDbLine
 10
-1039.230484541331
 20
2254.999999999999
 30
0.0
 11
0.0
 21
155.0
 31
0.0
1001
AcDbBlockRepETag
1070
     1
1071
      155
1005
6C8
  0
LINE
  5
6C9
330
629
100
AcDbEntity
  8
0
  6
DASHED
 62
    42
 48
150.0
100
AcDbLine
 10
0.0
 20
1654.999999999999
 30
0.0
 11
-1039.230484541331
 21
755.0
 31
0.0
1001
AcDbBlockRepETag
1070
     1
1071
      156
1005
6C9
  0
LINE
  5
6CA
330
629
100
AcDbEntity
  8
0
  6
DASHED
 62
    42
 48
150.0
100
AcDbLine
 10
0.0
 20
1654.999999999999
 30
0.0
 11
866.0254037844425
 21
655.0
 31
0.0
1001
AcDbBlockRepETag
1070
     1
1071
      157
1005
6CA
  0
LINE
  5
6CB
330
629
100
AcDbEntity
  8
0
  6
DASHED
 62
    42
 48
150.0
100
AcDbLine
 10
866.0254037844425
 20
2154.999999999999
 30
0.0
 11
0.0
 21
155.0
 31
0.0
1001
AcDbBlockRepETag
1070
     1
1071
      158
1005
6CB
  0
LINE
  5
6CC
330
629
100
AcDbEntity
  8
0
100
AcDbLine
 10
-1089.230484541331
 20
571.1324865405187
 30
0.0
 11
-1501.593795596492
 21
333.0544178988962
 31
0.0
1001
AcDbBlockRepETag
1070
     1
1071
      159
1005
6CC
  0
LINE
  5
6CD
330
629
100
AcDbEntity
  8
0
100
AcDbLine
 10
-50.0
 20
-28.86751345948132
 30
0.0
 11
-462.3633110551609
 21
-266.9455821011039
 31
0.0
1001
AcDbBlockRepETag
1070
     1
1071
      160
1005
6CD
  0
LINE
  5
6CE
330
629
100
AcDbEntity
  8
0
100
AcDbLine
 10
-1314.991255218049
 20
340.789444817859
 30
0.0
 11
-448.9658514336043
 21
-159.2105551821414
 31
0.0
1001
AcDbBlockRepETag
1070
     1
1071
      161
1005
6CE
  0
INSERT
  5
6CF
330
629
100
AcDbEntity
  8
0
100
AcDbBlockReference
  2
_Open90
 10
-1401.593795596492
 20
390.7894448178588
 30
0.0
 41
100.0
 42
100.0
 43
100.0
 50
150.0000000000001
1001
AcDbBlockRepETag
1070
     1
1071
      162
1005
6CF
  0
INSERT
  5
6D0
330
629
100
AcDbEntity
  8
0
100
AcDbBlockReference
  2
_Open90
 10
-362.3633110551609
 20
-209.2105551821412
 30
0.0
 41
100.0
 42
100.0
 43
100.0
 50
330.0000000000002
1001
AcDbBlockRepETag
1070
     1
1071
      163
1005
6D0
  0
LINE
  5
6D1
330
629
100
AcDbEntity
  8
0
100
AcDbLine
 10
50.0
 20
-28.8675134594813
 30
0.0
 11
403.6078831330597
 21
-233.0231199739269
 31
0.0
1001
AcDbBlockRepETag
1070
     1
1071
      164
1005
6D1
  0
LINE
  5
6D2
330
629
100
AcDbEntity
  8
0
100
AcDbLine
 10
916.0254037844425
 20
471.1324865405187
 30
0.0
 11
1269.633286917502
 21
266.976880026073
 31
0.0
1001
AcDbBlockRepETag
1070
     1
1071
      165
1005
6D2
  0
LINE
  5
6D3
330
629
100
AcDbEntity
  8
0
100
AcDbLine
 10
390.2104235115039
 20
-125.2880930549645
 30
0.0
 11
1083.030746539058
 21
274.7119069450358
 31
0.0
1001
AcDbBlockRepETag
1070
     1
1071
      166
1005
6D3
  0
INSERT
  5
6D4
330
629
100
AcDbEntity
  8
0
100
AcDbBlockReference
  2
_Open90
 10
303.6078831330597
 20
-175.2880930549643
 30
0.0
 41
100.0
 42
100.0
 43
100.0
 50
209.9999999999999
1001
AcDbBlockRepETag
1070
     1
1071
      167
1005
6D4
  0
INSERT
  5
6D5
330
629
100
AcDbEntity
  8
0
100
AcDbBlockReference
  2
_Open90
 10
1169.633286917502
 20
324.7119069450357
 30
0.0
 41
100.0
 42
100.0
 43
100.0
 50
29.99999999999989
1001
AcDbBlockRepETag
1070
     1
1071
      168
1005
6D5
  0
LINE
  5
6D6
330
629
100
AcDbEntity
  8
0
100
AcDbLine
 10
-1089.230484541331
 20
628.8675134594813
 30
0.0
 11
-1406.266785119151
 21
811.908506940969
 31
0.0
1001
AcDbBlockRepETag
1070
     1
1071
      169
1005
6D6
  0
LINE
  5
6D7
330
629
100
AcDbEntity
  8
0
100
AcDbLine
 10
-1089.230484541331
 20
2283.867513459481
 30
0.0
 11
-1406.266785119151
 21
2466.908506940967
 31
0.0
1001
AcDbBlockRepETag
1070
     1
1071
      170
1005
6D7
  0
LINE
  5
6D8
330
629
100
AcDbEntity
  8
0
100
AcDbLine
 10
-1306.266785119151
 20
854.1734800220063
 30
0.0
 11
-1306.266785119151
 21
2309.173480022005
 31
0.0
1001
AcDbBlockRepETag
1070
     1
1071
      171
1005
6D8
  0
INSERT
  5
6D9
330
629
100
AcDbEntity
  8
0
100
AcDbBlockReference
  2
_Open90
 10
-1306.266785119151
 20
754.1734800220063
 30
0.0
 41
100.0
 42
100.0
 43
100.0
 50
270.0
1001
AcDbBlockRepETag
1070
     1
1071
      172
1005
6D9
  0
INSERT
  5
6DA
330
629
100
AcDbEntity
  8
0
100
AcDbBlockReference
  2
_Open90
 10
-1306.266785119151
 20
2409.173480022005
 30
0.0
 41
100.0
 42
100.0
 43
100.0
 50
90.0
1001
AcDbBlockRepETag
1070
     1
1071
      173
1005
6DA
  0
TEXT
  5
6DB
330
629
100
AcDbEntity
  8
0
 62
     1
100
AcDbText
 10
355.9799850997006
 20
-123.5933046733428
 30
0.0
 40
100.0
  1
PROFUNDIDADE Y
 50
29.99999999999999
 51
-30.00000000000002
  7
gbenor
100
AcDbText
1001
AcDbBlockRepETag
1070
     1
1071
      174
1005
6DB
  0
TEXT
  5
6DC
330
629
100
AcDbEntity
  8
0
 62
     1
100
AcDbText
 10
-1136.514059714526
 20
259.13747148104
 30
0.0
 40
100.0
  1
LARGURA X
 50
330.0
 51
30.0
  7
-30
100
AcDbText
1001
AcDbBlockRepETag
1070
     1
1071
      175
1005
6DC
  0
TEXT
  5
6DD
330
629
100
AcDbEntity
  8
0
 62
     1
100
AcDbText
 10
-1357.291551423419
 20
1340.644762471067
 30
0.0
 40
100.0
  1
ALTURA
 50
90.0
 51
30.0
  7
gbenor
100
AcDbText
1001
AcDbBlockRepETag
1070
     1
1071
      176
1005
6DD
  0
LINE
  5
6DE
330
629
100
AcDbEntity
  8
0
  6
DASHED
 62
    42
 48
150.0
100
AcDbLine
 10
-173.2050807568885
 20
2754.999999999999
 30
0.0
 11
0.0
 21
1654.999999999999
 31
0.0
1001
AcDbBlockRepETag
1070
     1
1071
      177
1005
6DE
  0
LINE
  5
6DF
330
629
100
AcDbEntity
  8
0
  6
DASHED
 62
    42
 48
150.0
100
AcDbLine
 10
-1039.230484541331
 20
2254.999999999999
 30
0.0
 11
866.0254037844425
 21
2154.999999999999
 31
0.0
1001
AcDbBlockRepETag
1070
     1
1071
      178
1005
6DF
  0
INSERT
  5
6E0
102
{ACAD_XDICTIONARY
360
6E1
102
}
330
629
100
AcDbEntity
  8
0
100
AcDbBlockReference
  2
Bloco Seta Din
 10
-1593.971278888981
 20
-36.48597028388322
 30
0.0
1001
AcDbBlockRepETag
1070
     1
1071
      179
1005
6E0
  0
INSERT
  5
6E2
102
{ACAD_XDICTIONARY
360
6E3
102
}
330
629
100
AcDbEntity
  8
0
100
AcDbBlockReference
  2
Bloco Seta Din
 10
-1039.477229713528
 20
-356.6232588393746
 30
0.0
1001
AcDbBlockRepETag
1070
     1
1071
      180
1005
6E2
  0
ENDBLK
  5
6E4
330
629
100
AcDbEntity
  8
0
100
AcDbBlockEnd
  0
BLOCK
  5
537
330
52F
100
AcDbEntity
  8
0
100
AcDbBlockBegin
  2
Bloco Isométrico pallet legenda
 70
     0
 10
0.0
 20
0.0
 30
0.0
  3
Bloco Isométrico pallet legenda
  1
Acad:XRef
  0
LINE
  5
538
330
52F
100
AcDbEntity
  8
0
 62
    42
100
AcDbLine
 10
0.0
 20
25.82625907407441
 30
0.0
 11
1128.724677456301
 21
677.4957554444456
 31
0.0
1001
AcDbBlockRepETag
1070
     1
1071
        0
1005
538
  0
LINE
  5
539
330
52F
100
AcDbEntity
  8
0
  6
DASHED
 62
    42
 48
150.0
100
AcDbLine
 10
1128.724677456301
 20
677.4957554444456
 30
0.0
 11
1128.724677456301
 21
2306.669496370372
 31
0.0
1001
AcDbBlockRepETag
1070
     1
1071
        1
1005
539
  0
LINE
  5
53A
330
52F
100
AcDbEntity
  8
0
  6
DASHED
 62
    42
 48
150.0
100
AcDbLine
 10
0.0
 20
25.82625907407441
 30
0.0
 11
0.0
 21
1655.0
 31
0.0
1001
AcDbBlockRepETag
1070
     1
1071
        2
1005
53A
  0
LINE
  5
53B
330
52F
100
AcDbEntity
  8
0
  6
DASHED
 62
    42
 48
150.0
100
AcDbLine
 10
0.0
 20
1655.0
 30
0.0
 11
1128.724677456301
 21
2306.669496370372
 31
0.0
1001
AcDbBlockRepETag
1070
     1
1071
        3
1005
53B
  0
LINE
  5
53C
330
52F
100
AcDbEntity
  8
0
 62
    42
100
AcDbLine
 10
0.0
 20
25.82625907407441
 30
0.0
 11
-940.603897880249
 21
568.8841727160498
 31
0.0
1001
AcDbBlockRepETag
1070
     1
1071
        4
1005
53C
  0
LINE
  5
53D
330
52F
100
AcDbEntity
  8
0
  6
DASHED
 62
    42
 48
150.0
100
AcDbLine
 10
-940.603897880249
 20
568.8841727160498
 30
0.0
 11
-940.603897880249
 21
2198.057913641976
 31
0.0
1001
AcDbBlockRepETag
1070
     1
1071
        5
1005
53D
  0
LINE
  5
53E
330
52F
100
AcDbEntity
  8
0
  6
DASHED
 62
    42
 48
150.0
100
AcDbLine
 10
-940.603897880249
 20
2198.057913641976
 30
0.0
 11
188.1207795760514
 21
2849.727410012344
 31
0.0
1001
AcDbBlockRepETag
1070
     1
1071
        6
1005
53E
  0
LINE
  5
53F
330
52F
100
AcDbEntity
  8
0
  6
DASHED
 62
    42
 48
150.0
100
AcDbLine
 10
188.1207795760514
 20
2849.727410012344
 30
0.0
 11
1128.724677456301
 21
2306.669496370372
 31
0.0
1001
AcDbBlockRepETag
1070
     1
1071
        7
1005
53F
  0
LINE
  5
540
330
52F
100
AcDbEntity
  8
0
  6
DASHED
 62
    42
 48
150.0
100
AcDbLine
 10
-940.603897880249
 20
2198.057913641976
 30
0.0
 11
0.0
 21
1655.0
 31
0.0
1001
AcDbBlockRepETag
1070
     1
1071
        8
1005
540
  0
LINE
  5
541
330
52F
100
AcDbEntity
  8
0
 62
    42
100
AcDbLine
 10
-940.603897880249
 20
568.8841727160498
 30
0.0
 11
-940.603897880249
 21
552.5924353067903
 31
0.0
1001
AcDbBlockRepETag
1070
     1
1071
        9
1005
541
  0
LINE
  5
542
330
52F
100
AcDbEntity
  8
0
 62
    42
100
AcDbLine
 10
-940.603897880249
 20
552.5924353067903
 30
0.0
 11
-940.603897880249
 21
536.3006978975311
 31
0.0
1001
AcDbBlockRepETag
1070
     1
1071
       10
1005
542
  0
LINE
  5
543
330
52F
100
AcDbEntity
  8
0
 62
    42
100
AcDbLine
 10
-940.603897880249
 20
536.3006978975311
 30
0.0
 11
-940.603897880249
 21
416.8279568962965
 31
0.0
1001
AcDbBlockRepETag
1070
     1
1071
       11
1005
543
  0
LINE
  5
544
330
52F
100
AcDbEntity
  8
0
 62
    42
100
AcDbLine
 10
-940.603897880249
 20
416.8279568962965
 30
0.0
 11
-940.603897880249
 21
400.5362194870373
 31
0.0
1001
AcDbBlockRepETag
1070
     1
1071
       12
1005
544
  0
LINE
  5
545
330
52F
100
AcDbEntity
  8
0
 62
    42
100
AcDbLine
 10
-940.603897880249
 20
400.5362194870373
 30
0.0
 11
-823.0284106452209
 21
332.6539802817894
 31
0.0
1001
AcDbBlockRepETag
1070
     1
1071
       13
1005
545
  0
LINE
  5
546
330
52F
100
AcDbEntity
  8
0
 62
    42
100
AcDbLine
 10
-940.603897880249
 20
536.3006978975311
 30
0.0
 11
0.0
 21
-6.757215744438156
 31
0.0
1001
AcDbBlockRepETag
1070
     1
1071
       14
1005
546
  0
LINE
  5
547
330
52F
100
AcDbEntity
  8
0
 62
    42
100
AcDbLine
 10
-940.603897880249
 20
552.5924353067903
 30
0.0
 11
0.0
 21
9.534521664821085
 31
0.0
1001
AcDbBlockRepETag
1070
     1
1071
       15
1005
547
  0
LINE
  5
548
330
52F
100
AcDbEntity
  8
0
 62
    42
100
AcDbLine
 10
-940.603897880249
 20
416.8279568962965
 30
0.0
 11
-823.0284106452209
 21
348.9457176910497
 31
0.0
1001
AcDbBlockRepETag
1070
     1
1071
       16
1005
548
  0
LINE
  5
549
330
52F
100
AcDbEntity
  8
0
 62
    42
100
AcDbLine
 10
-823.0284106452209
 20
332.6539802817894
 30
0.0
 11
-823.0284106452209
 21
348.9457176910497
 31
0.0
1001
AcDbBlockRepETag
1070
     1
1071
       17
1005
549
  0
LINE
  5
54A
330
52F
100
AcDbEntity
  8
0
 62
    42
100
AcDbLine
 10
-823.0284106452209
 20
348.9457176910497
 30
0.0
 11
-823.0284106452209
 21
468.4184586922862
 31
0.0
1001
AcDbBlockRepETag
1070
     1
1071
       18
1005
54A
  0
LINE
  5
54B
330
52F
100
AcDbEntity
  8
0
 62
    42
100
AcDbLine
 10
0.0
 20
25.82625907407441
 30
0.0
 11
0.0
 21
-142.5216941549379
 31
0.0
1001
AcDbBlockRepETag
1070
     1
1071
       19
1005
54B
  0
LINE
  5
54C
330
52F
100
AcDbEntity
  8
0
 62
    42
100
AcDbLine
 10
-529.0896925576465
 20
162.9483822686751
 30
0.0
 11
-411.5142053226105
 21
95.06614306342628
 31
0.0
1001
AcDbBlockRepETag
1070
     1
1071
       20
1005
54C
  0
LINE
  5
54D
330
52F
100
AcDbEntity
  8
0
 62
    42
100
AcDbLine
 10
-529.0896925576465
 20
179.2401196779354
 30
0.0
 11
-411.5142053226183
 21
111.3578804726905
 31
0.0
1001
AcDbBlockRepETag
1070
     1
1071
       21
1005
54D
  0
LINE
  5
54E
330
52F
100
AcDbEntity
  8
0
 62
    42
100
AcDbLine
 10
-117.5754872350282
 20
-74.63945494969002
 30
0.0
 11
-117.5754872350282
 21
61.12502346080576
 31
0.0
1001
AcDbBlockRepETag
1070
     1
1071
       22
1005
54E
  0
LINE
  5
54F
330
52F
100
AcDbEntity
  8
0
 62
    42
100
AcDbLine
 10
-529.0896925576465
 20
331.2963354976845
 30
0.0
 11
-529.0896925576465
 21
315.0045980884253
 31
0.0
1001
AcDbBlockRepETag
1070
     1
1071
       23
1005
54F
  0
LINE
  5
550
330
52F
100
AcDbEntity
  8
0
 62
    42
100
AcDbLine
 10
-529.0896925576465
 20
298.712860679166
 30
0.0
 11
-529.0896925576465
 21
179.2401196779315
 31
0.0
1001
AcDbBlockRepETag
1070
     1
1071
       24
1005
550
  0
LINE
  5
551
330
52F
100
AcDbEntity
  8
0
 62
    42
100
AcDbLine
 10
-529.0896925576465
 20
179.2401196779315
 30
0.0
 11
-529.0896925576465
 21
162.9483822686722
 31
0.0
1001
AcDbBlockRepETag
1070
     1
1071
       25
1005
551
  0
LINE
  5
552
330
52F
100
AcDbEntity
  8
0
 62
    42
100
AcDbLine
 10
-411.5142053226183
 20
111.3578804726845
 30
0.0
 11
-411.5142053226183
 21
230.830621473929
 31
0.0
1001
AcDbBlockRepETag
1070
     1
1071
       26
1005
552
  0
LINE
  5
553
330
52F
100
AcDbEntity
  8
0
 62
    42
100
AcDbLine
 10
-411.5142053226105
 20
111.3578804726865
 30
0.0
 11
-411.5142053226105
 21
95.06614306342526
 31
0.0
1001
AcDbBlockRepETag
1070
     1
1071
       27
1005
553
  0
LINE
  5
554
330
52F
100
AcDbEntity
  8
0
 62
    42
100
AcDbLine
 10
-117.5754872350282
 20
-58.34771754043174
 30
0.0
 11
0.0
 21
-126.2299567456766
 31
0.0
1001
AcDbBlockRepETag
1070
     1
1071
       28
1005
554
  0
LINE
  5
555
330
52F
100
AcDbEntity
  8
0
 62
    42
100
AcDbLine
 10
-117.5754872350282
 20
-74.63945494969298
 30
0.0
 11
0.0
 21
-142.5216941549379
 31
0.0
1001
AcDbBlockRepETag
1070
     1
1071
       29
1005
555
  0
LINE
  5
556
330
52F
100
AcDbEntity
  8
0
 62
    42
100
AcDbLine
 10
-823.0284106452209
 20
348.9457176910497
 30
0.0
 11
-719.5619818783925
 21
408.682088191668
 31
0.0
1001
AcDbBlockRepETag
1070
     1
1071
       30
1005
556
  0
LINE
  5
557
330
52F
100
AcDbEntity
  8
0
 62
    42
100
AcDbLine
 10
-823.0284106452209
 20
332.6539802817894
 30
0.0
 11
-705.4529234101848
 21
400.5362194870384
 31
0.0
1001
AcDbBlockRepETag
1070
     1
1071
       31
1005
557
  0
LINE
  5
558
330
52F
100
AcDbEntity
  8
0
 62
    42
100
AcDbLine
 10
-411.5142053226105
 20
111.3578804726865
 30
0.0
 11
-308.0477765557822
 21
171.0942509733048
 31
0.0
1001
AcDbBlockRepETag
1070
     1
1071
       32
1005
558
  0
LINE
  5
559
330
52F
100
AcDbEntity
  8
0
 62
    42
100
AcDbLine
 10
-411.5142053226105
 20
95.06614306342526
 30
0.0
 11
-293.9387180875744
 21
162.9483822686751
 31
0.0
1001
AcDbBlockRepETag
1070
     1
1071
       33
1005
559
  0
LINE
  5
55A
330
52F
100
AcDbEntity
  8
0
 62
    42
100
AcDbLine
 10
0.0
 20
-142.5216941549379
 30
0.0
 11
1128.724677456301
 21
509.1478022154324
 31
0.0
1001
AcDbBlockRepETag
1070
     1
1071
       34
1005
55A
  0
LINE
  5
55B
330
52F
100
AcDbEntity
  8
0
 62
    42
100
AcDbLine
 10
0.0
 20
-126.2299567456766
 30
0.0
 11
1128.724677456301
 21
525.4395396246925
 31
0.0
1001
AcDbBlockRepETag
1070
     1
1071
       35
1005
55B
  0
LINE
  5
55C
330
52F
100
AcDbEntity
  8
0
 62
    42
100
AcDbLine
 10
0.0
 20
-6.757215744438156
 30
0.0
 11
117.5754872350361
 21
61.1250234608117
 31
0.0
1001
AcDbBlockRepETag
1070
     1
1071
       36
1005
55C
  0
LINE
  5
55D
330
52F
100
AcDbEntity
  8
0
 62
    42
100
AcDbLine
 10
0.0
 20
9.534521664821085
 30
0.0
 11
1128.724677456301
 21
661.2040180351894
 31
0.0
1001
AcDbBlockRepETag
1070
     1
1071
       37
1005
55D
  0
LINE
  5
55E
330
52F
100
AcDbEntity
  8
0
 62
    42
100
AcDbLine
 10
1128.724677456301
 20
677.4957554444456
 30
0.0
 11
1128.724677456301
 21
509.1478022154324
 31
0.0
1001
AcDbBlockRepETag
1070
     1
1071
       38
1005
55E
  0
LINE
  5
55F
330
52F
100
AcDbEntity
  8
0
 62
    42
100
AcDbLine
 10
117.5754872350361
 20
-58.34771754043075
 30
0.0
 11
117.5754872350361
 21
77.41676087006998
 31
0.0
1001
AcDbBlockRepETag
1070
     1
1071
       39
1005
55F
  0
LINE
  5
560
330
52F
100
AcDbEntity
  8
0
 62
    42
100
AcDbLine
 10
1011.149190221272
 20
457.5573004194447
 30
0.0
 11
1011.149190221272
 21
593.3217788299444
 31
0.0
1001
AcDbBlockRepETag
1070
     1
1071
       40
1005
560
  0
LINE
  5
561
330
52F
100
AcDbEntity
  8
0
 62
    42
100
AcDbLine
 10
-117.5754872350282
 20
77.41676087006505
 30
0.0
 11
-117.5754872350282
 21
93.70849827931936
 31
0.0
1001
AcDbBlockRepETag
1070
     1
1071
       41
1005
561
  0
LINE
  5
562
330
52F
100
AcDbEntity
  8
0
 62
    42
100
AcDbLine
 10
505.5745951106361
 20
301.4281502473827
 30
0.0
 11
505.5745951106361
 21
165.663671836885
 31
0.0
1001
AcDbBlockRepETag
1070
     1
1071
       42
1005
562
  0
LINE
  5
563
330
52F
100
AcDbEntity
  8
0
 62
    42
100
AcDbLine
 10
623.1500823456722
 20
233.545911042131
 30
0.0
 11
623.1500823456722
 21
369.3103894526316
 31
0.0
1001
AcDbBlockRepETag
1070
     1
1071
       43
1005
563
  0
LINE
  5
564
330
52F
100
AcDbEntity
  8
0
 62
    42
100
AcDbLine
 10
1011.149190221272
 20
457.5573004194447
 30
0.0
 11
893.5737029862362
 21
525.4395396246925
 31
0.0
1001
AcDbBlockRepETag
1070
     1
1071
       44
1005
564
  0
LINE
  5
565
330
52F
100
AcDbEntity
  8
0
 62
    42
100
AcDbLine
 10
505.5745951106361
 20
165.663671836885
 30
0.0
 11
387.9991078756
 21
233.5459110421339
 31
0.0
1001
AcDbBlockRepETag
1070
     1
1071
       45
1005
565
  0
LINE
  5
566
330
52F
100
AcDbEntity
  8
0
 62
    42
100
AcDbLine
 10
-823.0284106452209
 20
484.7101961015454
 30
0.0
 11
-823.0284106452209
 21
501.0019335108047
 31
0.0
1001
AcDbBlockRepETag
1070
     1
1071
       46
1005
566
  0
LINE
  5
567
330
52F
100
AcDbEntity
  8
0
 62
    42
100
AcDbLine
 10
-411.5142053226183
 20
247.1223588831882
 30
0.0
 11
-411.5142053226183
 21
263.4140962924396
 31
0.0
1001
AcDbBlockRepETag
1070
     1
1071
       47
1005
567
  0
LINE
  5
568
330
52F
100
AcDbEntity
  8
0
 62
    42
100
AcDbLine
 10
-411.5142053226183
 20
247.1223588831882
 30
0.0
 11
-397.4051468544184
 21
255.2682275878158
 31
0.0
1001
AcDbBlockRepETag
1070
     1
1071
       48
1005
568
  0
LINE
  5
569
330
52F
100
AcDbEntity
  8
0
 62
    42
100
AcDbLine
 10
-823.0284106452209
 20
484.7101961015454
 30
0.0
 11
-808.9193521770209
 21
492.8560648061732
 31
0.0
1001
AcDbBlockRepETag
1070
     1
1071
       49
1005
569
  0
LINE
  5
56A
330
52F
100
AcDbEntity
  8
0
 62
    42
100
AcDbLine
 10
-734.8467952189557
 20
450.0902541068627
 30
0.0
 11
-734.8467952189557
 21
433.7985166976034
 31
0.0
1001
AcDbBlockRepETag
1070
     1
1071
       50
1005
56A
  0
LINE
  5
56B
330
52F
100
AcDbEntity
  8
0
 62
    42
100
AcDbLine
 10
-617.2713079839275
 20
365.9162774923664
 30
0.0
 11
-617.2713079839275
 21
382.2080149016176
 31
0.0
1001
AcDbBlockRepETag
1070
     1
1071
       51
1005
56B
  0
LINE
  5
56C
330
52F
100
AcDbEntity
  8
0
 62
    42
100
AcDbLine
 10
-617.2713079839275
 20
365.9162774923664
 30
0.0
 11
-603.1622495157276
 21
374.062146196994
 31
0.0
1001
AcDbBlockRepETag
1070
     1
1071
       52
1005
56C
  0
LINE
  5
56D
330
52F
100
AcDbEntity
  8
0
 62
    42
100
AcDbLine
 10
-323.3325898963373
 20
212.5024168885044
 30
0.0
 11
-323.3325898963373
 21
196.2106794792451
 31
0.0
1001
AcDbBlockRepETag
1070
     1
1071
       53
1005
56D
  0
LINE
  5
56E
330
52F
100
AcDbEntity
  8
0
 62
    42
100
AcDbLine
 10
-205.7571026613091
 20
128.3284402740081
 30
0.0
 11
-205.7571026613091
 21
144.6201776832595
 31
0.0
1001
AcDbBlockRepETag
1070
     1
1071
       54
1005
56E
  0
LINE
  5
56F
330
52F
100
AcDbEntity
  8
0
 62
    42
100
AcDbLine
 10
-205.7571026613091
 20
128.3284402740081
 30
0.0
 11
-191.6480441931093
 21
136.4743089786358
 31
0.0
1001
AcDbBlockRepETag
1070
     1
1071
       55
1005
56F
  0
LINE
  5
570
330
52F
100
AcDbEntity
  8
0
 62
    42
100
AcDbLine
 10
505.5745951106361
 20
285.1364128381235
 30
0.0
 11
491.4655366424362
 21
293.2822815427512
 31
0.0
1001
AcDbBlockRepETag
1070
     1
1071
       56
1005
570
  0
LINE
  5
571
330
52F
100
AcDbEntity
  8
0
 62
    42
100
AcDbLine
 10
1011.149190221272
 20
577.0300414206862
 30
0.0
 11
997.0401317530723
 21
585.1759101253149
 31
0.0
1001
AcDbBlockRepETag
1070
     1
1071
       57
1005
571
  0
LINE
  5
572
330
52F
100
AcDbEntity
  8
0
 62
    42
100
AcDbLine
 10
505.5745951106361
 20
285.1364128381235
 30
0.0
 11
623.1500823456722
 21
353.0186520433734
 31
0.0
1001
AcDbBlockRepETag
1070
     1
1071
       58
1005
572
  0
LINE
  5
573
330
52F
100
AcDbEntity
  8
0
 62
    42
100
AcDbLine
 10
1011.149190221272
 20
577.0300414206862
 30
0.0
 11
1128.724677456301
 21
644.9122806259311
 31
0.0
1001
AcDbBlockRepETag
1070
     1
1071
       59
1005
573
  0
LINE
  5
574
330
52F
100
AcDbEntity
  8
0
  6
DASHED
 62
    42
 48
150.0
100
AcDbLine
 10
-940.603897880249
 20
568.8841727160498
 30
0.0
 11
0.0
 21
1655.0
 31
0.0
1001
AcDbBlockRepETag
1070
     1
1071
       60
1005
574
  0
LINE
  5
575
330
52F
100
AcDbEntity
  8
0
  6
DASHED
 62
    42
 48
150.0
100
AcDbLine
 10
0.0
 20
25.82625907407441
 30
0.0
 11
-940.603897880249
 21
2198.057913641976
 31
0.0
1001
AcDbBlockRepETag
1070
     1
1071
       61
1005
575
  0
LINE
  5
576
330
52F
100
AcDbEntity
  8
0
  6
DASHED
 62
    42
 48
150.0
100
AcDbLine
 10
0.0
 20
1655.0
 30
0.0
 11
1128.724677456301
 21
677.4957554444456
 31
0.0
1001
AcDbBlockRepETag
1070
     1
1071
       62
1005
576
  0
LINE
  5
577
330
52F
100
AcDbEntity
  8
0
  6
DASHED
 62
    42
 48
150.0
100
AcDbLine
 10
0.0
 20
25.82625907407441
 30
0.0
 11
1128.724677456301
 21
2306.669496370372
 31
0.0
1001
AcDbBlockRepETag
1070
     1
1071
       63
1005
577
  0
INSERT
  5
578
102
{ACAD_XDICTIONARY
360
579
102
}
330
52F
100
AcDbEntity
  8
0
370
     5
100
AcDbBlockReference
  2
Bloco Seta Din
 10
-1536.006897779489
 20
-294.8660867320632
 30
0.0
 41
1.08611582728395
 42
1.08611582728395
 43
1.08611582728395
1001
AcDbBlockRepETag
1070
     1
1071
       64
1005
578
  0
INSERT
  5
5A8
102
{ACAD_XDICTIONARY
360
5A9
102
}
330
52F
100
AcDbEntity
  8
0
370
     5
100
AcDbBlockReference
  2
Bloco Seta Din
 10
-1128.992671293137
 20
-529.8558599579636
 30
0.0
 41
1.08611582728395
 42
1.08611582728395
 43
1.08611582728395
1001
AcDbBlockRepETag
1070
     1
1071
       65
1005
5A8
  0
LINE
  5
5AA
330
52F
100
AcDbEntity
  8
0
370
     5
100
AcDbLine
 10
-994.9096892444466
 20
431.8896827497126
 30
0.0
 11
-1273.57209825894
 21
592.7754996072599
 31
0.0
1001
AcDbBlockRepETag
1070
     1
1071
       66
1005
5AA
  0
LINE
  5
5AB
330
52F
100
AcDbEntity
  8
0
370
     5
100
AcDbLine
 10
-994.9096892444466
 20
2229.411376904651
 30
0.0
 11
-1273.57209825894
 21
2390.297193762198
 31
0.0
1001
AcDbBlockRepETag
1070
     1
1071
       67
1005
5AB
  0
LINE
  5
5AC
330
52F
100
AcDbEntity
  8
0
370
     5
100
AcDbLine
 10
-1164.960515530545
 20
638.6801558103044
 30
0.0
 11
-1164.960515530545
 21
2218.978684508452
 31
0.0
1001
AcDbBlockRepETag
1070
     1
1071
       68
1005
5AC
  0
INSERT
  5
5AD
330
52F
100
AcDbEntity
  8
0
370
     5
100
AcDbBlockReference
  2
_Open90
 10
-1164.960515530545
 20
530.0685730819094
 30
0.0
 41
108.611582728395
 42
108.611582728395
 43
108.611582728395
 50
270.0
1001
AcDbBlockRepETag
1070
     1
1071
       69
1005
5AD
  0
INSERT
  5
5B4
330
52F
100
AcDbEntity
  8
0
370
     5
100
AcDbBlockReference
  2
_Open90
 10
-1164.960515530545
 20
2327.590267236847
 30
0.0
 41
108.611582728395
 42
108.611582728395
 43
108.611582728395
 50
90.0
1001
AcDbBlockRepETag
1070
     1
1071
       70
1005
5B4
  0
LINE
  5
5B5
330
52F
100
AcDbEntity
  8
0
370
     5
100
AcDbLine
 10
-994.9096892444466
 20
369.1827562243622
 30
0.0
 11
-1420.428415739128
 21
123.5094049374303
 31
0.0
1001
AcDbBlockRepETag
1070
     1
1071
       71
1005
5B5
  0
LINE
  5
5B6
330
52F
100
AcDbEntity
  8
0
370
     5
100
AcDbLine
 10
-54.30579136419752
 20
-173.8751574176131
 30
0.0
 11
-479.8245178588791
 21
-419.548508704544
 31
0.0
1001
AcDbBlockRepETag
1070
     1
1071
       72
1005
5B6
  0
LINE
  5
5B7
330
52F
100
AcDbEntity
  8
0
370
     5
100
AcDbLine
 10
-1217.756443222708
 20
131.9105400985832
 30
0.0
 11
-465.2733249185097
 21
-302.535790814996
 31
0.0
1001
AcDbBlockRepETag
1070
     1
1071
       73
1005
5B7
  0
INSERT
  5
5B8
330
52F
100
AcDbEntity
  8
0
370
     5
100
AcDbBlockReference
  2
_Open90
 10
-1311.816833010733
 20
186.2163314627807
 30
0.0
 41
108.611582728395
 42
108.611582728395
 43
108.611582728395
 50
149.9999999999999
1001
AcDbBlockRepETag
1070
     1
1071
       74
1005
5B8
  0
INSERT
  5
5B9
330
52F
100
AcDbEntity
  8
0
370
     5
100
AcDbBlockReference
  2
_Open90
 10
-371.212935130484
 20
-356.841582179194
 30
0.0
 41
108.611582728395
 42
108.611582728395
 43
108.611582728395
 50
329.9999999999999
1001
AcDbBlockRepETag
1070
     1
1071
       75
1005
5B9
  0
LINE
  5
5BA
330
52F
100
AcDbEntity
  8
0
370
     5
100
AcDbLine
 10
54.30579136419752
 20
-173.8751574176131
 30
0.0
 11
436.7764825468726
 21
-394.694713929072
 31
0.0
1001
AcDbBlockRepETag
1070
     1
1071
       76
1005
5BA
  0
LINE
  5
5BB
330
52F
100
AcDbEntity
  8
0
370
     5
100
AcDbLine
 10
1183.030468820498
 20
477.7943389527571
 30
0.0
 11
1565.501160003173
 21
256.9747824412977
 31
0.0
1001
AcDbBlockRepETag
1070
     1
1071
       77
1005
5BB
  0
LINE
  5
5BC
330
52F
100
AcDbEntity
  8
0
370
     5
100
AcDbLine
 10
422.2252896065032
 20
-277.6819960395246
 30
0.0
 11
1362.829187486752
 21
265.3759176024506
 31
0.0
1001
AcDbBlockRepETag
1070
     1
1071
       78
1005
5BC
  0
INSERT
  5
5BD
330
52F
100
AcDbEntity
  8
0
370
     5
100
AcDbBlockReference
  2
_Open90
 10
328.1648998184775
 20
-331.9877874037221
 30
0.0
 41
108.611582728395
 42
108.611582728395
 43
108.611582728395
 50
210.0
1001
AcDbBlockRepETag
1070
     1
1071
       79
1005
5BD
  0
INSERT
  5
5BE
330
52F
100
AcDbEntity
  8
0
370
     5
100
AcDbBlockReference
  2
_Open90
 10
1456.889577274778
 20
319.6817089666481
 30
0.0
 41
108.611582728395
 42
108.611582728395
 43
108.611582728395
 50
30.00000000000005
1001
AcDbBlockRepETag
1070
     1
1071
       80
1005
5BE
  0
TEXT
  5
5BF
330
52F
100
AcDbEntity
  8
9.7 - LEGENDA
370
     5
100
AcDbText
 10
-1117.069208420511
 20
109.7954242899734
 30
0.0
 40
152.0562158197531
  1
LARGURA
 50
330.0
 51
30.0
  7
gbenor
100
AcDbText
1001
AcDbBlockRepETag
1070
     1
1071
       81
1005
5BF
  0
TEXT
  5
5C0
330
52F
100
AcDbEntity
  8
9.7 - LEGENDA
370
     5
100
AcDbText
 10
416.223948744975
 20
-264.5308822263349
 30
0.0
 40
152.056215819753
  1
PROFUNDIDADE
 50
29.99999999999998
 51
-30.00000000000002
  7
-30
100
AcDbText
1001
AcDbBlockRepETag
1070
     1
1071
       82
1005
5C0
  0
TEXT
  5
5C1
330
52F
100
AcDbEntity
  8
9.7 - LEGENDA
370
     5
100
AcDbText
 10
-1220.379321797075
 20
1180.972222189976
 30
0.0
 40
152.0562158197531
  1
ALTURA
 50
90.0
 51
30.0
  7
gbenor
100
AcDbText
1001
AcDbBlockRepETag
1070
     1
1071
       83
1005
5C1
  0
LINE
  5
5C2
330
52F
100
AcDbEntity
  8
0
  6
DASHED
 62
    42
 48
150.0
100
AcDbLine
 10
-940.603897880249
 20
2198.057913641976
 30
0.0
 11
1128.724677456301
 21
2306.669496370372
 31
0.0
1001
AcDbBlockRepETag
1070
     1
1071
       84
1005
5C2
  0
LINE
  5
5C3
330
52F
100
AcDbEntity
  8
0
  6
DASHED
 62
    42
 48
150.0
100
AcDbLine
 10
0.0
 20
1655.0
 30
0.0
 11
188.1207795760514
 21
2849.727410012344
 31
0.0
1001
AcDbBlockRepETag
1070
     1
1071
       85
1005
5C3
  0
LINE
  5
5C4
330
52F
100
AcDbEntity
  8
0
 62
    42
 60
     1
100
AcDbLine
 10
0.0
 20
155.0
 30
0.0
 11
866.0254037844425
 21
655.0
 31
0.0
1001
AcDbBlockRepETag
1070
     1
1071
       86
1005
5C4
  0
LINE
  5
5C5
330
52F
100
AcDbEntity
  8
0
 62
    42
 60
     1
100
AcDbLine
 10
0.0
 20
155.0
 30
0.0
 11
-1039.230484541331
 21
755.0
 31
0.0
1001
AcDbBlockRepETag
1070
     1
1071
       87
1005
5C5
  0
LINE
  5
5C6
330
52F
100
AcDbEntity
  8
0
  6
DASHED
 62
    42
 60
     1
 48
150.0
100
AcDbLine
 10
0.0
 20
155.0
 30
0.0
 11
0.0
 21
1654.999999999999
 31
0.0
1001
AcDbBlockRepETag
1070
     1
1071
       88
1005
5C6
  0
LINE
  5
5C7
330
52F
100
AcDbEntity
  8
0
  6
DASHED
 62
    42
 60
     1
 48
150.0
100
AcDbLine
 10
866.0254037844425
 20
655.0
 30
0.0
 11
866.0254037844425
 21
2154.999999999999
 31
0.0
1001
AcDbBlockRepETag
1070
     1
1071
       89
1005
5C7
  0
LINE
  5
5C8
330
52F
100
AcDbEntity
  8
0
  6
DASHED
 62
    42
 60
     1
 48
150.0
100
AcDbLine
 10
-1039.230484541331
 20
755.0
 30
0.0
 11
-1039.230484541331
 21
2254.999999999999
 31
0.0
1001
AcDbBlockRepETag
1070
     1
1071
       90
1005
5C8
  0
LINE
  5
5C9
330
52F
100
AcDbEntity
  8
0
  6
DASHED
 62
    42
 60
     1
 48
150.0
100
AcDbLine
 10
-1039.230484541331
 20
2254.999999999999
 30
0.0
 11
0.0
 21
1654.999999999999
 31
0.0
1001
AcDbBlockRepETag
1070
     1
1071
       91
1005
5C9
  0
LINE
  5
5CA
330
52F
100
AcDbEntity
  8
0
  6
DASHED
 62
    42
 60
     1
 48
150.0
100
AcDbLine
 10
0.0
 20
1654.999999999999
 30
0.0
 11
866.0254037844425
 21
2154.999999999999
 31
0.0
1001
AcDbBlockRepETag
1070
     1
1071
       92
1005
5CA
  0
LINE
  5
5CB
330
52F
100
AcDbEntity
  8
0
  6
DASHED
 62
    42
 60
     1
 48
150.0
100
AcDbLine
 10
-173.2050807568885
 20
2754.999999999999
 30
0.0
 11
866.0254037844425
 21
2154.999999999999
 31
0.0
1001
AcDbBlockRepETag
1070
     1
1071
       93
1005
5CB
  0
LINE
  5
5CC
330
52F
100
AcDbEntity
  8
0
  6
DASHED
 62
    42
 60
     1
 48
150.0
100
AcDbLine
 10
-173.2050807568885
 20
2754.999999999999
 30
0.0
 11
-1039.230484541331
 21
2254.999999999999
 31
0.0
1001
AcDbBlockRepETag
1070
     1
1071
       94
1005
5CC
  0
LINE
  5
5CD
330
52F
100
AcDbEntity
  8
0
 62
    42
 60
     1
100
AcDbLine
 10
0.0
 20
155.0
 30
0.0
 11
0.0
 21
125.0
 31
0.0
1001
AcDbBlockRepETag
1070
     1
1071
       95
1005
5CD
  0
LINE
  5
5CE
330
52F
100
AcDbEntity
  8
0
 62
    42
 60
     1
100
AcDbLine
 10
866.0254037844425
 20
655.0
 30
0.0
 11
866.0254037844425
 21
625.0
 31
0.0
1001
AcDbBlockRepETag
1070
     1
1071
       96
1005
5CE
  0
LINE
  5
5CF
330
52F
100
AcDbEntity
  8
0
 62
    42
 60
     1
100
AcDbLine
 10
-1039.230484541331
 20
755.0
 30
0.0
 11
-1039.230484541331
 21
725.0
 31
0.0
1001
AcDbBlockRepETag
1070
     1
1071
       97
1005
5CF
  0
LINE
  5
5D0
330
52F
100
AcDbEntity
  8
0
 62
    42
 60
     1
100
AcDbLine
 10
-1039.230484541331
 20
725.0
 30
0.0
 11
-930.977309068272
 21
662.4999999999982
 31
0.0
1001
AcDbBlockRepETag
1070
     1
1071
       98
1005
5D0
  0
LINE
  5
5D1
330
52F
100
AcDbEntity
  8
0
 62
    42
 60
     1
100
AcDbLine
 10
-573.7418300071877
 20
456.2499999999964
 30
0.0
 11
-465.401479483975
 21
393.6996694613217
 31
0.0
1001
AcDbBlockRepETag
1070
     1
1071
       99
1005
5D1
  0
LINE
  5
5D2
330
52F
100
AcDbEntity
  8
0
 62
    42
 60
     1
100
AcDbLine
 10
-108.2531754730589
 20
187.5000000000018
 30
0.0
 11
0.0
 21
125.0
 31
0.0
1001
AcDbBlockRepETag
1070
     1
1071
      100
1005
5D2
  0
LINE
  5
5D3
330
52F
100
AcDbEntity
  8
0
 62
    42
 60
     1
100
AcDbLine
 10
0.0
 20
125.0
 30
0.0
 11
866.0254037844425
 21
625.0
 31
0.0
1001
AcDbBlockRepETag
1070
     1
1071
      101
1005
5D3
  0
LINE
  5
5D4
330
52F
100
AcDbEntity
  8
0
 62
    42
 60
     1
100
AcDbLine
 10
-1039.230484541331
 20
740.0
 30
0.0
 11
0.0
 21
140.0
 31
0.0
1001
AcDbBlockRepETag
1070
     1
1071
      102
1005
5D4
  0
LINE
  5
5D5
330
52F
100
AcDbEntity
  8
0
 62
    42
 60
     1
100
AcDbLine
 10
0.0
 20
140.0
 30
0.0
 11
866.0254037844425
 21
640.0
 31
0.0
1001
AcDbBlockRepETag
1070
     1
1071
      103
1005
5D5
  0
LINE
  5
5D6
330
52F
100
AcDbEntity
  8
0
 62
    42
 60
     1
100
AcDbLine
 10
-1039.230484541331
 20
725.0
 30
0.0
 11
-1039.230484541331
 21
600.0
 31
0.0
1001
AcDbBlockRepETag
1070
     1
1071
      104
1005
5D6
  0
LINE
  5
5D7
330
52F
100
AcDbEntity
  8
0
 62
    42
 60
     1
100
AcDbLine
 10
0.0
 20
125.0
 30
0.0
 11
0.0
 21
15.0
 31
0.0
1001
AcDbBlockRepETag
1070
     1
1071
      105
1005
5D7
  0
LINE
  5
5D8
330
52F
100
AcDbEntity
  8
0
 62
    42
 60
     1
100
AcDbLine
 10
-108.2531754730589
 20
77.5
 30
0.0
 11
-108.2531754730589
 21
187.5000000000018
 31
0.0
1001
AcDbBlockRepETag
1070
     1
1071
      106
1005
5D8
  0
LINE
  5
5D9
330
52F
100
AcDbEntity
  8
0
 62
    42
 60
     1
100
AcDbLine
 10
-930.977309068272
 20
552.5
 30
0.0
 11
-930.977309068272
 21
662.4999999999982
 31
0.0
1001
AcDbBlockRepETag
1070
     1
1071
      107
1005
5D9
  0
LINE
  5
5DA
330
52F
100
AcDbEntity
  8
0
 62
    42
 60
     1
100
AcDbLine
 10
-465.4886545341287
 20
393.6493389226525
 30
0.0
 11
-465.4886545341287
 21
283.6493389226525
 31
0.0
1001
AcDbBlockRepETag
1070
     1
1071
      108
1005
5DA
  0
LINE
  5
5DB
330
52F
100
AcDbEntity
  8
0
 62
    42
 60
     1
100
AcDbLine
 10
-573.7418300071877
 20
346.1493389226525
 30
0.0
 11
-573.7418300071877
 21
456.1493389226544
 31
0.0
1001
AcDbBlockRepETag
1070
     1
1071
      109
1005
5DB
  0
LINE
  5
5DC
330
52F
100
AcDbEntity
  8
0
 62
    42
 60
     1
100
AcDbLine
 10
866.0254037844425
 20
625.0
 30
0.0
 11
866.0254037844425
 21
515.0
 31
0.0
1001
AcDbBlockRepETag
1070
     1
1071
      110
1005
5DC
  0
LINE
  5
5DD
330
52F
100
AcDbEntity
  8
0
 62
    42
 60
     1
100
AcDbLine
 10
0.0
 20
125.0
 30
0.0
 11
0.0
 21
0.0
 31
0.0
1001
AcDbBlockRepETag
1070
     1
1071
      111
1005
5DD
  0
LINE
  5
5DE
330
52F
100
AcDbEntity
  8
0
 62
    42
 60
     1
100
AcDbLine
 10
0.0
 20
15.0
 30
0.0
 11
108.2531754730589
 21
77.5
 31
0.0
1001
AcDbBlockRepETag
1070
     1
1071
      112
1005
5DE
  0
LINE
  5
5DF
330
52F
100
AcDbEntity
  8
0
 62
    42
 60
     1
100
AcDbLine
 10
108.2531754730589
 20
77.5
 30
0.0
 11
108.2531754730589
 21
187.5000000000018
 31
0.0
1001
AcDbBlockRepETag
1070
     1
1071
      113
1005
5DF
  0
LINE
  5
5E0
330
52F
100
AcDbEntity
  8
0
 62
    42
 60
     1
100
AcDbLine
 10
866.0254037844425
 20
515.0
 30
0.0
 11
757.7722283113835
 21
452.5
 31
0.0
1001
AcDbBlockRepETag
1070
     1
1071
      114
1005
5E0
  0
LINE
  5
5E1
330
52F
100
AcDbEntity
  8
0
 62
    42
 60
     1
100
AcDbLine
 10
757.7722283113835
 20
452.5
 30
0.0
 11
757.7722283113835
 21
562.4999999999982
 31
0.0
1001
AcDbBlockRepETag
1070
     1
1071
      115
1005
5E1
  0
LINE
  5
5E2
330
52F
100
AcDbEntity
  8
0
 62
    42
 60
     1
100
AcDbLine
 10
378.8861141556845
 20
343.7499999999991
 30
0.0
 11
378.8861141556845
 21
233.7499999999991
 31
0.0
1001
AcDbBlockRepETag
1070
     1
1071
      116
1005
5E2
  0
LINE
  5
5E3
330
52F
100
AcDbEntity
  8
0
 62
    42
 60
     1
100
AcDbLine
 10
378.8861141556845
 20
233.7499999999991
 30
0.0
 11
487.1392896287434
 21
296.2499999999991
 31
0.0
1001
AcDbBlockRepETag
1070
     1
1071
      117
1005
5E3
  0
LINE
  5
5E4
330
52F
100
AcDbEntity
  8
0
 62
    42
 60
     1
100
AcDbLine
 10
487.1392896287434
 20
296.2499999999991
 30
0.0
 11
487.1392896287434
 21
406.2500000000009
 31
0.0
1001
AcDbBlockRepETag
1070
     1
1071
      118
1005
5E4
  0
LINE
  5
5E5
330
52F
100
AcDbEntity
  8
0
 62
    42
 60
     1
100
AcDbLine
 10
-1039.230484541331
 20
600.0
 30
0.0
 11
0.0
 21
0.0
 31
0.0
1001
AcDbBlockRepETag
1070
     1
1071
      119
1005
5E5
  0
LINE
  5
5E6
330
52F
100
AcDbEntity
  8
0
 62
    42
 60
     1
100
AcDbLine
 10
-1039.230484541331
 20
615.0
 30
0.0
 11
0.0
 21
15.0
 31
0.0
1001
AcDbBlockRepETag
1070
     1
1071
      120
1005
5E6
  0
LINE
  5
5E7
330
52F
100
AcDbEntity
  8
0
 62
    42
 60
     1
100
AcDbLine
 10
-465.4886545341287
 20
283.7499999999945
 30
0.0
 11
-357.2354790610843
 21
346.2499999999955
 31
0.0
1001
AcDbBlockRepETag
1070
     1
1071
      121
1005
5E7
  0
LINE
  5
5E8
330
52F
100
AcDbEntity
  8
0
 62
    42
 60
     1
100
AcDbLine
 10
-930.977309068272
 20
552.5
 30
0.0
 11
-822.7241335952131
 21
614.9999999999991
 31
0.0
1001
AcDbBlockRepETag
1070
     1
1071
      122
1005
5E8
  0
LINE
  5
5E9
330
52F
100
AcDbEntity
  8
0
 62
    42
 60
     1
100
AcDbLine
 10
0.0
 20
0.0
 30
0.0
 11
108.2531754730589
 21
62.50000000000273
 31
0.0
1001
AcDbBlockRepETag
1070
     1
1071
      123
1005
5E9
  0
LINE
  5
5EA
330
52F
100
AcDbEntity
  8
0
 62
    42
 60
     1
100
AcDbLine
 10
108.2531754730589
 20
77.5
 30
0.0
 11
108.2531754730589
 21
62.50000000000273
 31
0.0
1001
AcDbBlockRepETag
1070
     1
1071
      124
1005
5EA
  0
LINE
  5
5EB
330
52F
100
AcDbEntity
  8
0
 62
    42
 60
     1
100
AcDbLine
 10
378.8861141556845
 20
233.7499999999991
 30
0.0
 11
283.6233197394031
 21
288.7499999999955
 31
0.0
1001
AcDbBlockRepETag
1070
     1
1071
      125
1005
5EB
  0
LINE
  5
5EC
330
52F
100
AcDbEntity
  8
0
 62
    42
 60
     1
100
AcDbLine
 10
757.7722283113835
 20
452.5
 30
0.0
 11
662.5094338951021
 21
507.4999999999973
 31
0.0
1001
AcDbBlockRepETag
1070
     1
1071
      126
1005
5EC
  0
LINE
  5
5ED
330
52F
100
AcDbEntity
  8
0
 62
    42
 60
     1
100
AcDbLine
 10
378.8861141556845
 20
233.7499999999991
 30
0.0
 11
378.8861141556845
 21
218.7499999999991
 31
0.0
1001
AcDbBlockRepETag
1070
     1
1071
      127
1005
5ED
  0
LINE
  5
5EE
330
52F
100
AcDbEntity
  8
0
 62
    42
 60
     1
100
AcDbLine
 10
487.1392896287434
 20
296.2499999999991
 30
0.0
 11
487.1392896287434
 21
281.2499999999991
 31
0.0
1001
AcDbBlockRepETag
1070
     1
1071
      128
1005
5EE
  0
LINE
  5
5EF
330
52F
100
AcDbEntity
  8
0
 62
    42
 60
     1
100
AcDbLine
 10
378.8861141556845
 20
218.7499999999991
 30
0.0
 11
487.1392896287434
 21
281.2499999999991
 31
0.0
1001
AcDbBlockRepETag
1070
     1
1071
      129
1005
5EF
  0
LINE
  5
5F0
330
52F
100
AcDbEntity
  8
0
 62
    42
 60
     1
100
AcDbLine
 10
378.8861141556845
 20
218.7499999999991
 30
0.0
 11
270.6329386826255
 21
281.2499999999982
 31
0.0
1001
AcDbBlockRepETag
1070
     1
1071
      130
1005
5F0
  0
LINE
  5
5F1
330
52F
100
AcDbEntity
  8
0
 62
    42
 60
     1
100
AcDbLine
 10
757.7722283113835
 20
452.5
 30
0.0
 11
757.7722283113835
 21
437.5
 31
0.0
1001
AcDbBlockRepETag
1070
     1
1071
      131
1005
5F1
  0
LINE
  5
5F2
330
52F
100
AcDbEntity
  8
0
 62
    42
 60
     1
100
AcDbLine
 10
866.0254037844425
 20
515.0
 30
0.0
 11
866.0254037844425
 21
500.0
 31
0.0
1001
AcDbBlockRepETag
1070
     1
1071
      132
1005
5F2
  0
LINE
  5
5F3
330
52F
100
AcDbEntity
  8
0
 62
    42
 60
     1
100
AcDbLine
 10
757.7722283113835
 20
437.5
 30
0.0
 11
866.0254037844425
 21
500.0
 31
0.0
1001
AcDbBlockRepETag
1070
     1
1071
      133
1005
5F3
  0
LINE
  5
5F4
330
52F
100
AcDbEntity
  8
0
 62
    42
 60
     1
100
AcDbLine
 10
757.7722283113835
 20
437.5
 30
0.0
 11
649.5190528383246
 21
499.9999999999991
 31
0.0
1001
AcDbBlockRepETag
1070
     1
1071
      134
1005
5F4
  0
LINE
  5
5F5
330
52F
100
AcDbEntity
  8
0
 62
    42
 60
     1
100
AcDbLine
 10
108.2531754730589
 20
202.5000000000018
 30
0.0
 11
108.2531754730589
 21
217.5000000000018
 31
0.0
1001
AcDbBlockRepETag
1070
     1
1071
      135
1005
5F5
  0
LINE
  5
5F6
330
52F
100
AcDbEntity
  8
0
 62
    42
 60
     1
100
AcDbLine
 10
757.7722283113835
 20
577.4999999999982
 30
0.0
 11
757.7722283113835
 21
592.4999999999982
 31
0.0
1001
AcDbBlockRepETag
1070
     1
1071
      136
1005
5F6
  0
LINE
  5
5F7
330
52F
100
AcDbEntity
  8
0
 62
    42
 60
     1
100
AcDbLine
 10
378.8861141556845
 20
358.7499999999991
 30
0.0
 11
378.8861141556845
 21
373.7499999999991
 31
0.0
1001
AcDbBlockRepETag
1070
     1
1071
      137
1005
5F7
  0
LINE
  5
5F8
330
52F
100
AcDbEntity
  8
0
 62
    42
 60
     1
100
AcDbLine
 10
487.1392896287434
 20
421.2500000000009
 30
0.0
 11
487.1392896287434
 21
436.2500000000009
 31
0.0
1001
AcDbBlockRepETag
1070
     1
1071
      138
1005
5F8
  0
LINE
  5
5F9
330
52F
100
AcDbEntity
  8
0
 62
    42
 60
     1
100
AcDbLine
 10
-573.7418300071877
 20
456.1493389226544
 30
0.0
 11
-573.7418300071877
 21
471.2499999999964
 31
0.0
1001
AcDbBlockRepETag
1070
     1
1071
      139
1005
5F9
  0
LINE
  5
5FA
330
52F
100
AcDbEntity
  8
0
 62
    42
 60
     1
100
AcDbLine
 10
-465.4886545341287
 20
393.6493389226525
 30
0.0
 11
-465.4886545341287
 21
408.7499999999945
 31
0.0
1001
AcDbBlockRepETag
1070
     1
1071
      140
1005
5FA
  0
LINE
  5
5FB
330
52F
100
AcDbEntity
  8
0
 62
    42
 60
     1
100
AcDbLine
 10
-930.977309068272
 20
662.4999999999982
 30
0.0
 11
-930.977309068272
 21
677.4999999999982
 31
0.0
1001
AcDbBlockRepETag
1070
     1
1071
      141
1005
5FB
  0
LINE
  5
5FC
330
52F
100
AcDbEntity
  8
0
 62
    42
 60
     1
100
AcDbLine
 10
-108.2531754730589
 20
187.5000000000018
 30
0.0
 11
-108.2531754730589
 21
202.5000000000018
 31
0.0
1001
AcDbBlockRepETag
1070
     1
1071
      142
1005
5FC
  0
LINE
  5
5FD
330
52F
100
AcDbEntity
  8
0
 62
    42
 60
     1
100
AcDbLine
 10
243.5696448143717
 20
280.6250000000009
 30
0.0
 11
286.8709150036011
 21
305.6249999999991
 31
0.0
1001
AcDbBlockRepETag
1070
     1
1071
      143
1005
5FD
  0
LINE
  5
5FE
330
52F
100
AcDbEntity
  8
0
 62
    42
 60
     1
100
AcDbLine
 10
286.8709150036011
 20
305.6249999999991
 30
0.0
 11
286.8709150036011
 21
320.6250000000027
 31
0.0
1001
AcDbBlockRepETag
1070
     1
1071
      144
1005
5FE
  0
LINE
  5
5FF
330
52F
100
AcDbEntity
  8
0
 62
    42
 60
     1
100
AcDbLine
 10
243.5696448143717
 20
280.6250000000009
 30
0.0
 11
200.2683746251569
 21
255.6249999999955
 31
0.0
1001
AcDbBlockRepETag
1070
     1
1071
      145
1005
5FF
  0
LINE
  5
600
330
52F
100
AcDbEntity
  8
0
 62
    42
 60
     1
100
AcDbLine
 10
200.2683746251569
 20
255.6249999999955
 30
0.0
 11
200.2683746251569
 21
270.6250000000027
 31
0.0
1001
AcDbBlockRepETag
1070
     1
1071
      146
1005
600
  0
LINE
  5
601
330
52F
100
AcDbEntity
  8
0
 62
    42
 60
     1
100
AcDbLine
 10
665.757029159271
 20
524.3750000000009
 30
0.0
 11
665.757029159271
 21
539.3750000000045
 31
0.0
1001
AcDbBlockRepETag
1070
     1
1071
      147
1005
601
  0
LINE
  5
602
330
52F
100
AcDbEntity
  8
0
 62
    42
 60
     1
100
AcDbLine
 10
579.1544887808268
 20
474.3749999999973
 30
0.0
 11
579.1544887808268
 21
489.3750000000045
 31
0.0
1001
AcDbBlockRepETag
1070
     1
1071
      148
1005
602
  0
LINE
  5
603
330
52F
100
AcDbEntity
  8
0
 62
    42
 60
     1
100
AcDbLine
 10
200.2683746251569
 20
255.6249999999955
 30
0.0
 11
187.2779935683793
 21
263.1250000000009
 31
0.0
1001
AcDbBlockRepETag
1070
     1
1071
      149
1005
603
  0
LINE
  5
604
330
52F
100
AcDbEntity
  8
0
 62
    42
 60
     1
100
AcDbLine
 10
378.8861141556845
 20
358.7499999999991
 30
0.0
 11
365.8957330989215
 21
366.2499999999973
 31
0.0
1001
AcDbBlockRepETag
1070
     1
1071
      150
1005
604
  0
LINE
  5
605
330
52F
100
AcDbEntity
  8
0
 62
    42
 60
     1
100
AcDbLine
 10
579.1544887808268
 20
474.3749999999973
 30
0.0
 11
566.1641077240638
 21
481.8749999999945
 31
0.0
1001
AcDbBlockRepETag
1070
     1
1071
      151
1005
605
  0
LINE
  5
606
330
52F
100
AcDbEntity
  8
0
 62
    42
 60
     1
100
AcDbLine
 10
757.7722283113835
 20
577.4999999999982
 30
0.0
 11
744.7818472546205
 21
584.9999999999964
 31
0.0
1001
AcDbBlockRepETag
1070
     1
1071
      152
1005
606
  0
LINE
  5
607
330
52F
100
AcDbEntity
  8
0
 62
    42
 60
     1
100
AcDbLine
 10
-465.4886545341287
 20
393.6493389226525
 30
0.0
 11
-452.411098427212
 21
401.1996694613208
 31
0.0
1001
AcDbBlockRepETag
1070
     1
1071
      153
1005
607
  0
LINE
  5
608
330
52F
100
AcDbEntity
  8
0
 62
    42
 60
     1
100
AcDbLine
 10
-931.0644841184258
 20
662.4496694613272
 30
0.0
 11
-917.986928011509
 21
669.9999999999955
 31
0.0
1001
AcDbBlockRepETag
1070
     1
1071
      154
1005
608
  0
LINE
  5
609
330
52F
100
AcDbEntity
  8
0
  6
DASHED
 62
    42
 60
     1
 48
150.0
100
AcDbLine
 10
-1039.230484541331
 20
2254.999999999999
 30
0.0
 11
0.0
 21
155.0
 31
0.0
1001
AcDbBlockRepETag
1070
     1
1071
      155
1005
609
  0
LINE
  5
60A
330
52F
100
AcDbEntity
  8
0
  6
DASHED
 62
    42
 60
     1
 48
150.0
100
AcDbLine
 10
0.0
 20
1654.999999999999
 30
0.0
 11
-1039.230484541331
 21
755.0
 31
0.0
1001
AcDbBlockRepETag
1070
     1
1071
      156
1005
60A
  0
LINE
  5
60B
330
52F
100
AcDbEntity
  8
0
  6
DASHED
 62
    42
 60
     1
 48
150.0
100
AcDbLine
 10
0.0
 20
1654.999999999999
 30
0.0
 11
866.0254037844425
 21
655.0
 31
0.0
1001
AcDbBlockRepETag
1070
     1
1071
      157
1005
60B
  0
LINE
  5
60C
330
52F
100
AcDbEntity
  8
0
  6
DASHED
 62
    42
 60
     1
 48
150.0
100
AcDbLine
 10
866.0254037844425
 20
2154.999999999999
 30
0.0
 11
0.0
 21
155.0
 31
0.0
1001
AcDbBlockRepETag
1070
     1
1071
      158
1005
60C
  0
LINE
  5
60D
330
52F
100
AcDbEntity
  8
0
 60
     1
100
AcDbLine
 10
-1089.230484541331
 20
571.1324865405187
 30
0.0
 11
-1501.593795596492
 21
333.0544178988962
 31
0.0
1001
AcDbBlockRepETag
1070
     1
1071
      159
1005
60D
  0
LINE
  5
60E
330
52F
100
AcDbEntity
  8
0
 60
     1
100
AcDbLine
 10
-50.0
 20
-28.86751345948132
 30
0.0
 11
-462.3633110551609
 21
-266.9455821011039
 31
0.0
1001
AcDbBlockRepETag
1070
     1
1071
      160
1005
60E
  0
LINE
  5
60F
330
52F
100
AcDbEntity
  8
0
 60
     1
100
AcDbLine
 10
-1314.991255218049
 20
340.789444817859
 30
0.0
 11
-448.9658514336043
 21
-159.2105551821414
 31
0.0
1001
AcDbBlockRepETag
1070
     1
1071
      161
1005
60F
  0
INSERT
  5
610
330
52F
100
AcDbEntity
  8
0
 60
     1
100
AcDbBlockReference
  2
_Open90
 10
-1401.593795596492
 20
390.7894448178588
 30
0.0
 41
100.0
 42
100.0
 43
100.0
 50
150.0000000000001
1001
AcDbBlockRepETag
1070
     1
1071
      162
1005
610
  0
INSERT
  5
611
330
52F
100
AcDbEntity
  8
0
 60
     1
100
AcDbBlockReference
  2
_Open90
 10
-362.3633110551609
 20
-209.2105551821412
 30
0.0
 41
100.0
 42
100.0
 43
100.0
 50
330.0000000000002
1001
AcDbBlockRepETag
1070
     1
1071
      163
1005
611
  0
LINE
  5
612
330
52F
100
AcDbEntity
  8
0
 60
     1
100
AcDbLine
 10
50.0
 20
-28.8675134594813
 30
0.0
 11
403.6078831330597
 21
-233.0231199739269
 31
0.0
1001
AcDbBlockRepETag
1070
     1
1071
      164
1005
612
  0
LINE
  5
613
330
52F
100
AcDbEntity
  8
0
 60
     1
100
AcDbLine
 10
916.0254037844425
 20
471.1324865405187
 30
0.0
 11
1269.633286917502
 21
266.976880026073
 31
0.0
1001
AcDbBlockRepETag
1070
     1
1071
      165
1005
613
  0
LINE
  5
614
330
52F
100
AcDbEntity
  8
0
 60
     1
100
AcDbLine
 10
390.2104235115039
 20
-125.2880930549645
 30
0.0
 11
1083.030746539058
 21
274.7119069450358
 31
0.0
1001
AcDbBlockRepETag
1070
     1
1071
      166
1005
614
  0
INSERT
  5
615
330
52F
100
AcDbEntity
  8
0
 60
     1
100
AcDbBlockReference
  2
_Open90
 10
303.6078831330597
 20
-175.2880930549643
 30
0.0
 41
100.0
 42
100.0
 43
100.0
 50
209.9999999999999
1001
AcDbBlockRepETag
1070
     1
1071
      167
1005
615
  0
INSERT
  5
616
330
52F
100
AcDbEntity
  8
0
 60
     1
100
AcDbBlockReference
  2
_Open90
 10
1169.633286917502
 20
324.7119069450357
 30
0.0
 41
100.0
 42
100.0
 43
100.0
 50
29.99999999999989
1001
AcDbBlockRepETag
1070
     1
1071
      168
1005
616
  0
LINE
  5
617
330
52F
100
AcDbEntity
  8
0
 60
     1
100
AcDbLine
 10
-1089.230484541331
 20
628.8675134594813
 30
0.0
 11
-1406.266785119151
 21
811.908506940969
 31
0.0
1001
AcDbBlockRepETag
1070
     1
1071
      169
1005
617
  0
LINE
  5
618
330
52F
100
AcDbEntity
  8
0
 60
     1
100
AcDbLine
 10
-1089.230484541331
 20
2283.867513459481
 30
0.0
 11
-1406.266785119151
 21
2466.908506940967
 31
0.0
1001
AcDbBlockRepETag
1070
     1
1071
      170
1005
618
  0
LINE
  5
619
330
52F
100
AcDbEntity
  8
0
 60
     1
100
AcDbLine
 10
-1306.266785119151
 20
854.1734800220063
 30
0.0
 11
-1306.266785119151
 21
2309.173480022005
 31
0.0
1001
AcDbBlockRepETag
1070
     1
1071
      171
1005
619
  0
INSERT
  5
61A
330
52F
100
AcDbEntity
  8
0
 60
     1
100
AcDbBlockReference
  2
_Open90
 10
-1306.266785119151
 20
754.1734800220063
 30
0.0
 41
100.0
 42
100.0
 43
100.0
 50
270.0
1001
AcDbBlockRepETag
1070
     1
1071
      172
1005
61A
  0
INSERT
  5
61B
330
52F
100
AcDbEntity
  8
0
 60
     1
100
AcDbBlockReference
  2
_Open90
 10
-1306.266785119151
 20
2409.173480022005
 30
0.0
 41
100.0
 42
100.0
 43
100.0
 50
90.0
1001
AcDbBlockRepETag
1070
     1
1071
      173
1005
61B
  0
TEXT
  5
61C
330
52F
100
AcDbEntity
  8
0
 62
     1
 60
     1
100
AcDbText
 10
355.9799850997006
 20
-123.5933046733428
 30
0.0
 40
100.0
  1
PROFUNDIDADE Y
 50
29.99999999999999
 51
-30.00000000000002
  7
gbenor
100
AcDbText
1001
AcDbBlockRepETag
1070
     1
1071
      174
1005
61C
  0
TEXT
  5
61D
330
52F
100
AcDbEntity
  8
0
 62
     1
 60
     1
100
AcDbText
 10
-1136.514059714526
 20
259.13747148104
 30
0.0
 40
100.0
  1
LARGURA X
 50
330.0
 51
30.0
  7
-30
100
AcDbText
1001
AcDbBlockRepETag
1070
     1
1071
      175
1005
61D
  0
TEXT
  5
61E
330
52F
100
AcDbEntity
  8
0
 62
     1
 60
     1
100
AcDbText
 10
-1357.291551423419
 20
1340.644762471067
 30
0.0
 40
100.0
  1
ALTURA
 50
90.0
 51
30.0
  7
gbenor
100
AcDbText
1001
AcDbBlockRepETag
1070
     1
1071
      176
1005
61E
  0
LINE
  5
61F
330
52F
100
AcDbEntity
  8
0
  6
DASHED
 62
    42
 60
     1
 48
150.0
100
AcDbLine
 10
-173.2050807568885
 20
2754.999999999999
 30
0.0
 11
0.0
 21
1654.999999999999
 31
0.0
1001
AcDbBlockRepETag
1070
     1
1071
      177
1005
61F
  0
LINE
  5
620
330
52F
100
AcDbEntity
  8
0
  6
DASHED
 62
    42
 60
     1
 48
150.0
100
AcDbLine
 10
-1039.230484541331
 20
2254.999999999999
 30
0.0
 11
866.0254037844425
 21
2154.999999999999
 31
0.0
1001
AcDbBlockRepETag
1070
     1
1071
      178
1005
620
  0
INSERT
  5
621
102
{ACAD_XDICTIONARY
360
622
102
}
330
52F
100
AcDbEntity
  8
0
 60
     1
100
AcDbBlockReference
  2
Bloco Seta Din
 10
-1593.971278888981
 20
-36.48597028388322
 30
0.0
1001
AcDbBlockRepETag
1070
     1
1071
      179
1005
621
  0
INSERT
  5
623
102
{ACAD_XDICTIONARY
360
624
102
}
330
52F
100
AcDbEntity
  8
0
 60
     1
100
AcDbBlockReference
  2
Bloco Seta Din
 10
-1039.477229713528
 20
-356.6232588393746
 30
0.0
1001
AcDbBlockRepETag
1070
     1
1071
      180
1005
623
  0
ENDBLK
  5
625
330
52F
100
AcDbEntity
  8
0
100
AcDbBlockEnd
  0
BLOCK
  5
582
330
57A
100
AcDbEntity
  8
0
100
AcDbBlockBegin
  2
Bloco Seta Din
 70
     0
 10
0.0
 20
0.0
 30
0.0
  3
Bloco Seta Din
  1
Acad:XRef
  0
LINE
  5
583
330
57A
100
AcDbEntity
  8
0
100
AcDbLine
 10
194.8557158515032
 20
107.5000000000018
 30
0.0
 11
259.8076211353327
 21
70.00000000000364
 31
0.0
1001
AcDbBlockRepETag
1070
     1
1071
        0
1005
583
  0
LINE
  5
584
330
57A
100
AcDbEntity
  8
0
100
AcDbLine
 10
346.410161513777
 20
220.0000000000036
 30
0.0
 11
259.8076211353327
 21
70.00000000000364
 31
0.0
1001
AcDbBlockRepETag
1070
     1
1071
        1
1005
584
  0
LINE
  5
585
330
57A
100
AcDbEntity
  8
0
100
AcDbLine
 10
86.60254037844425
 20
170.0000000000036
 30
0.0
 11
151.5544456622738
 21
132.5000000000055
 31
0.0
1001
AcDbBlockRepETag
1070
     1
1071
        2
1005
585
  0
LINE
  5
586
330
57A
100
AcDbEntity
  8
0
100
AcDbLine
 10
86.60254037844425
 20
170.0000000000036
 30
0.0
 11
346.410161513777
 21
220.0000000000036
 31
0.0
1001
AcDbBlockRepETag
1070
     1
1071
        3
1005
586
  0
LINE
  5
587
330
57A
100
AcDbEntity
  8
0
100
AcDbLine
 10
194.8557158515032
 20
107.5000000000036
 30
0.0
 11
21.6506350946147
 21
7.499999999996362
 31
0.0
1001
AcDbBlockRepETag
1070
     1
1071
        4
1005
587
  0
LINE
  5
588
330
57A
100
AcDbEntity
  8
0
100
AcDbLine
 10
151.5544456622738
 20
132.5000000000036
 30
0.0
 11
-21.6506350946147
 21
32.50000000000182
 31
0.0
1001
AcDbBlockRepETag
1070
     1
1071
        5
1005
588
  0
LINE
  5
589
330
57A
100
AcDbEntity
  8
0
100
AcDbLine
 10
-21.6506350946147
 20
32.50000000000182
 30
0.0
 11
21.6506350946147
 21
7.499999999996362
 31
0.0
1001
AcDbBlockRepETag
1070
     1
1071
        6
1005
589
  0
LINE
  5
58A
330
57A
100
AcDbEntity
  8
0
100
AcDbLine
 10
259.8076211353327
 20
70.00000000000364
 30
0.0
 11
259.8076211353327
 21
50.00000000000364
 31
0.0
1001
AcDbBlockRepETag
1070
     1
1071
        7
1005
58A
  0
LINE
  5
58B
330
57A
100
AcDbEntity
  8
0
100
AcDbLine
 10
194.8557158515032
 20
107.5000000000018
 30
0.0
 11
194.8557158515032
 21
87.50000000000182
 31
0.0
1001
AcDbBlockRepETag
1070
     1
1071
        8
1005
58B
  0
LINE
  5
58C
330
57A
100
AcDbEntity
  8
0
100
AcDbLine
 10
21.6506350946147
 20
7.499999999996362
 30
0.0
 11
21.6506350946147
 21
-12.50000000000364
 31
0.0
1001
AcDbBlockRepETag
1070
     1
1071
        9
1005
58C
  0
LINE
  5
58D
330
57A
100
AcDbEntity
  8
0
100
AcDbLine
 10
-21.6506350946147
 20
32.50000000000182
 30
0.0
 11
-21.6506350946147
 21
12.50000000000182
 31
0.0
1001
AcDbBlockRepETag
1070
     1
1071
       10
1005
58D
  0
LINE
  5
58E
330
57A
100
AcDbEntity
  8
0
100
AcDbLine
 10
346.410161513777
 20
220.0000000000036
 30
0.0
 11
346.410161513777
 21
200.0000000000036
 31
0.0
1001
AcDbBlockRepETag
1070
     1
1071
       11
1005
58E
  0
LINE
  5
58F
330
57A
100
AcDbEntity
  8
0
100
AcDbLine
 10
86.60254037844425
 20
170.0000000000036
 30
0.0
 11
86.60254037844425
 21
150.0000000000036
 31
0.0
1001
AcDbBlockRepETag
1070
     1
1071
       12
1005
58F
  0
LINE
  5
590
330
57A
100
AcDbEntity
  8
0
100
AcDbLine
 10
194.8557158515032
 20
87.50000000000182
 30
0.0
 11
21.6506350946147
 21
-12.50000000000364
 31
0.0
1001
AcDbBlockRepETag
1070
     1
1071
       13
1005
590
  0
LINE
  5
591
330
57A
100
AcDbEntity
  8
0
100
AcDbLine
 10
21.6506350946147
 20
-12.50000000000364
 30
0.0
 11
-21.6506350946147
 21
12.50000000000182
 31
0.0
1001
AcDbBlockRepETag
1070
     1
1071
       14
1005
591
  0
LINE
  5
592
330
57A
100
AcDbEntity
  8
0
100
AcDbLine
 10
194.8557158515032
 20
87.50000000000182
 30
0.0
 11
259.8076211353327
 21
50.00000000000364
 31
0.0
1001
AcDbBlockRepETag
1070
     1
1071
       15
1005
592
  0
LINE
  5
593
330
57A
100
AcDbEntity
  8
0
100
AcDbLine
 10
259.8076211353327
 20
50.00000000000364
 30
0.0
 11
346.410161513777
 21
200.0000000000036
 31
0.0
1001
AcDbBlockRepETag
1070
     1
1071
       16
1005
593
  0
LINE
  5
594
330
57A
100
AcDbEntity
  8
0
100
AcDbLine
 10
134.2339375865849
 20
122.5000000000055
 30
0.0
 11
86.60254037844425
 21
150.0000000000036
 31
0.0
1001
AcDbBlockRepETag
1070
     1
1071
       17
1005
594
  0
LINE
  5
595
330
57A
100
AcDbEntity
  8
0
 60
     1
100
AcDbLine
 10
-21.65063509461106
 20
7.5
 30
0.0
 11
21.65063509461083
 21
32.5
 31
0.0
1001
AcDbBlockRepETag
1070
     1
1071
       18
1005
595
  0
LINE
  5
596
330
57A
100
AcDbEntity
  8
0
 60
     1
100
AcDbLine
 10
21.65063509461083
 20
32.5
 30
0.0
 11
-151.554445662277
 21
132.4999999999999
 31
0.0
1001
AcDbBlockRepETag
1070
     1
1071
       19
1005
596
  0
LINE
  5
597
330
57A
100
AcDbEntity
  8
0
 60
     1
100
AcDbLine
 10
-151.554445662277
 20
132.4999999999999
 30
0.0
 11
-86.60254037844402
 21
169.9999999999999
 31
0.0
1001
AcDbBlockRepETag
1070
     1
1071
       20
1005
597
  0
LINE
  5
598
330
57A
100
AcDbEntity
  8
0
 60
     1
100
AcDbLine
 10
-21.65063509461106
 20
7.5
 30
0.0
 11
-194.8557158514989
 21
107.4999999999998
 31
0.0
1001
AcDbBlockRepETag
1070
     1
1071
       21
1005
598
  0
LINE
  5
599
330
57A
100
AcDbEntity
  8
0
 60
     1
100
AcDbLine
 10
-194.8557158514989
 20
107.4999999999998
 30
0.0
 11
-259.8076211353318
 21
69.99999999999977
 31
0.0
1001
AcDbBlockRepETag
1070
     1
1071
       22
1005
599
  0
LINE
  5
59A
330
57A
100
AcDbEntity
  8
0
 60
     1
100
AcDbLine
 10
-346.4101615137756
 20
219.9999999999997
 30
0.0
 11
-259.8076211353318
 21
69.99999999999977
 31
0.0
1001
AcDbBlockRepETag
1070
     1
1071
       23
1005
59A
  0
LINE
  5
59B
330
57A
100
AcDbEntity
  8
0
 60
     1
100
AcDbLine
 10
-346.4101615137756
 20
219.9999999999997
 30
0.0
 11
-86.60254037844402
 21
169.9999999999999
 31
0.0
1001
AcDbBlockRepETag
1070
     1
1071
       24
1005
59B
  0
LINE
  5
59C
330
57A
100
AcDbEntity
  8
0
 60
     1
100
AcDbLine
 10
21.65063509461083
 20
32.5
 30
0.0
 11
21.65063509461083
 21
12.5
 31
0.0
1001
AcDbBlockRepETag
1070
     1
1071
       25
1005
59C
  0
LINE
  5
59D
330
57A
100
AcDbEntity
  8
0
 60
     1
100
AcDbLine
 10
-21.65063509461106
 20
7.5
 30
0.0
 11
-21.65063509461106
 21
-12.5
 31
0.0
1001
AcDbBlockRepETag
1070
     1
1071
       26
1005
59D
  0
LINE
  5
59E
330
57A
100
AcDbEntity
  8
0
 60
     1
100
AcDbLine
 10
-194.8557158514989
 20
107.4999999999998
 30
0.0
 11
-194.8557158514989
 21
87.49999999999984
 31
0.0
1001
AcDbBlockRepETag
1070
     1
1071
       27
1005
59E
  0
LINE
  5
59F
330
57A
100
AcDbEntity
  8
0
 60
     1
100
AcDbLine
 10
-259.8076211353318
 20
69.99999999999977
 30
0.0
 11
-259.8076211353318
 21
49.99999999999977
 31
0.0
1001
AcDbBlockRepETag
1070
     1
1071
       28
1005
59F
  0
LINE
  5
5A0
330
57A
100
AcDbEntity
  8
0
 60
     1
100
AcDbLine
 10
-346.4101615137756
 20
219.9999999999997
 30
0.0
 11
-346.4101615137756
 21
199.9999999999997
 31
0.0
1001
AcDbBlockRepETag
1070
     1
1071
       29
1005
5A0
  0
LINE
  5
5A1
330
57A
100
AcDbEntity
  8
0
 60
     1
100
AcDbLine
 10
-86.60254037844402
 20
169.9999999999999
 30
0.0
 11
-86.60254037844402
 21
149.9999999999999
 31
0.0
1001
AcDbBlockRepETag
1070
     1
1071
       30
1005
5A1
  0
LINE
  5
5A2
330
57A
100
AcDbEntity
  8
0
 60
     1
100
AcDbLine
 10
-346.4101615137756
 20
199.9999999999997
 30
0.0
 11
-259.8076211353318
 21
49.99999999999977
 31
0.0
1001
AcDbBlockRepETag
1070
     1
1071
       31
1005
5A2
  0
LINE
  5
5A3
330
57A
100
AcDbEntity
  8
0
 60
     1
100
AcDbLine
 10
-259.8076211353318
 20
49.99999999999977
 30
0.0
 11
-194.8557158514989
 21
87.49999999999984
 31
0.0
1001
AcDbBlockRepETag
1070
     1
1071
       32
1005
5A3
  0
LINE
  5
5A4
330
57A
100
AcDbEntity
  8
0
 60
     1
100
AcDbLine
 10
-194.8557158514989
 20
87.49999999999984
 30
0.0
 11
-21.65063509461106
 21
-12.5
 31
0.0
1001
AcDbBlockRepETag
1070
     1
1071
       33
1005
5A4
  0
LINE
  5
5A5
330
57A
100
AcDbEntity
  8
0
 60
     1
100
AcDbLine
 10
-21.65063509461106
 20
-12.5
 30
0.0
 11
21.65063509461083
 21
12.5
 31
0.0
1001
AcDbBlockRepETag
1070
     1
1071
       34
1005
5A5
  0
LINE
  5
5A6
330
57A
100
AcDbEntity
  8
0
 60
     1
100
AcDbLine
 10
-86.60254037844402
 20
149.9999999999999
 30
0.0
 11
-134.2339375865881
 21
122.4999999999998
 31
0.0
1001
AcDbBlockRepETag
1070
     1
1071
       35
1005
5A6
  0
ENDBLK
  5
5A7
330
57A
100
AcDbEntity
  8
0
100
AcDbBlockEnd
  0
BLOCK
  5
5AF
330
5AE
100
AcDbEntity
  8
0
100
AcDbBlockBegin
  2
_Open90
 70
     0
 10
0.0
 20
0.0
 30
0.0
  3
_Open90
  1

  0
LINE
  5
5B0
330
5AE
100
AcDbEntity
  8
0
  6
ByBlock
 62
     0
440
 16777216
370
    -2
100
AcDbLine
 10
-0.5
 20
0.5
 30
0.0
 11
0.0
 21
0.0
 31
0.0
  0
LINE
  5
5B1
330
5AE
100
AcDbEntity
  8
0
  6
ByBlock
 62
     0
440
 16777216
370
    -2
100
AcDbLine
 10
0.0
 20
0.0
 30
0.0
 11
-0.5
 21
-0.5
 31
0.0
  0
LINE
  5
5B2
330
5AE
100
AcDbEntity
  8
0
  6
ByBlock
 62
     0
440
 16777216
370
    -2
100
AcDbLine
 10
0.0
 20
0.0
 30
0.0
 11
-1.0
 21
0.0
 31
0.0
  0
ENDBLK
  5
5B3
330
5AE
100
AcDbEntity
  8
0
100
AcDbBlockEnd
  0
BLOCK
  5
6F4
330
6F3
100
AcDbEntity
  8
02
100
AcDbBlockBegin
  2
Bloco 01 Pallet
 70
     2
 10
0.0
 20
0.0
 30
0.0
  3
Bloco 01 Pallet
  1
Acad:XRef
  0
LINE
  5
6F5
330
6F3
100
AcDbEntity
  8
02
100
AcDbLine
 10
471862.1107865142
 20
51985.24757283064
 30
0.0
 11
471862.1107865142
 21
51970.24755434323
 31
0.0
  0
LINE
  5
6F6
330
6F3
100
AcDbEntity
  8
02
100
AcDbLine
 10
471889.3166688672
 20
51985.24757283064
 30
0.0
 11
471889.3166688672
 21
51970.24755434323
 31
0.0
  0
LINE
  5
6F7
330
6F3
100
AcDbEntity
  8
02
100
AcDbLine
 10
471916.5225512201
 20
51985.24757283064
 30
0.0
 11
471916.5225512201
 21
51970.24755434323
 31
0.0
  0
LINE
  5
6F8
330
6F3
100
AcDbEntity
  8
02
100
AcDbLine
 10
471943.7284335731
 20
51985.24757283064
 30
0.0
 11
471943.7284335731
 21
51970.24755434323
 31
0.0
  0
LWPOLYLINE
  5
6F9
330
6F3
100
AcDbEntity
  8
02
100
AcDbPolyline
 90
        4
 70
     1
 43
0.0
 10
471970.934315926
 20
51970.24755434323
 10
471970.934315926
 20
51985.24757283064
 10
471834.9049041612
 20
51985.24757283064
 10
471834.9049041612
 20
51970.24755434323
  0
ATTDEF
  5
6FA
330
6F3
100
AcDbEntity
  8
02
100
AcDbText
 10
471957.3313747496
 20
51977.47446358694
 30
0.0
 40
4.0
  1

  7
Legenda
 72
     4
 11
471957.3313747496
 21
51977.47446358694
 31
0.0
100
AcDbAttributeDefinition
  3
Peso do Pallet
  2
XXXXKG
 70
     0
280
     1
  0
ATTDEF
  5
6FB
330
6F3
100
AcDbEntity
  8
02
100
AcDbText
 10
471930.1254923966
 20
51977.47446358694
 30
0.0
 40
4.0
  1

  7
Legenda
 72
     4
 11
471930.1254923966
 21
51977.47446358694
 31
0.0
100
AcDbAttributeDefinition
  3
Altura do Pallet
  2
XXXX
 70
     0
280
     1
  0
ATTDEF
  5
6FC
330
6F3
100
AcDbEntity
  8
02
100
AcDbText
 10
471902.9196100437
 20
51977.47446358694
 30
0.0
 40
4.0
  1

  7
Legenda
 72
     4
 11
471902.9196100437
 21
51977.47446358694
 31
0.0
100
AcDbAttributeDefinition
  3
Profundidade Do Pallet
  2
XXXX
 70
     0
280
     1
  0
ATTDEF
  5
6FD
330
6F3
100
AcDbEntity
  8
02
100
AcDbText
 10
471875.7137276907
 20
51977.47446358694
 30
0.0
 40
4.0
  1

  7
Legenda
 72
     4
 11
471875.7137276907
 21
51977.47446358694
 31
0.0
100
AcDbAttributeDefinition
  3
Largura do Pallet 
  2
XXXX
 70
     0
280
     1
  0
ATTDEF
  5
6FE
330
6F3
100
AcDbEntity
  8
02
100
AcDbText
 10
471848.5078453377
 20
51977.47446358694
 30
0.0
 40
5.0
  1

  7
Legenda
 72
     4
 11
471848.5078453377
 21
51977.47446358694
 31
0.0
100
AcDbAttributeDefinition
  3
Modelo A,B,C...
  2
A
 70
     0
280
     1
  0
ENDBLK
  5
6FF
330
6F3
100
AcDbEntity
  8
02
100
AcDbBlockEnd
  0
BLOCK
  5
717
330
716
100
AcDbEntity
  8
02
100
AcDbBlockBegin
  2
Bloco Descrição Drive In
 70
     2
 10
0.0
 20
0.0
 30
0.0
  3
Bloco Descrição Drive In
  1
Acad:XRef
  0
LINE
  5
718
330
716
100
AcDbEntity
  8
02
100
AcDbLine
 10
472066.9483121138
 20
51889.69018550286
 30
0.0
 11
472066.9483121138
 21
51899.69018550286
 31
0.0
1001
AcDbBlockRepETag
1070
     1
1071
       32
1005
718
  0
LINE
  5
719
330
716
100
AcDbEntity
  8
02
100
AcDbLine
 10
472103.3783121138
 20
51889.69018550286
 30
0.0
 11
472103.3783121138
 21
51899.69018550286
 31
0.0
1001
AcDbBlockRepETag
1070
     1
1071
       31
1005
719
  0
LINE
  5
71A
330
716
100
AcDbEntity
  8
02
100
AcDbLine
 10
472129.8083121137
 20
51889.69018550286
 30
0.0
 11
472129.8083121137
 21
51899.69018550286
 31
0.0
1001
AcDbBlockRepETag
1070
     1
1071
       30
1005
71A
  0
LINE
  5
71B
330
716
100
AcDbEntity
  8
02
100
AcDbLine
 10
472156.2383121137
 20
51889.69018550286
 30
0.0
 11
472156.2383121137
 21
51899.69018550286
 31
0.0
1001
AcDbBlockRepETag
1070
     1
1071
       29
1005
71B
  0
LINE
  5
71C
330
716
100
AcDbEntity
  8
02
100
AcDbLine
 10
472182.6683121138
 20
51889.69018550286
 30
0.0
 11
472182.6683121138
 21
51899.69018550286
 31
0.0
1001
AcDbBlockRepETag
1070
     1
1071
       28
1005
71C
  0
LINE
  5
71D
330
716
100
AcDbEntity
  8
02
100
AcDbLine
 10
472209.0983121138
 20
51889.69018550286
 30
0.0
 11
472209.0983121138
 21
51899.69018550286
 31
0.0
1001
AcDbBlockRepETag
1070
     1
1071
       59
1005
71D
  0
LWPOLYLINE
  5
71E
330
716
100
AcDbEntity
  8
02
100
AcDbPolyline
 90
        4
 70
     1
 43
0.0
 10
472050.5183121138
 20
51899.69018550286
 10
472235.5183121138
 20
51899.69018550286
 10
472235.5183121138
 20
51889.69018550286
 10
472050.5183121138
 20
51889.69018550286
1001
AcDbBlockRepETag
1070
     1
1071
       66
1005
71E
  0
ATTDEF
  5
71F
330
716
100
AcDbEntity
  8
02
100
AcDbText
 10
472058.7333121138
 20
51894.69018550286
 30
0.0
 40
3.0
  1

  7
Legenda
 72
     4
 11
472058.7333121138
 21
51894.69018550286
 31
0.0
100
AcDbAttributeDefinition
  3
Tipo Drive In
  2
A
 70
     0
280
     1
1001
AcDbBlockRepETag
1070
     1
1071
       41
1005
71F
  0
ATTDEF
  5
720
330
716
100
AcDbEntity
  8
02
100
AcDbText
 10
472085.1633121137
 20
51894.69018550286
 30
0.0
 40
2.0
  1

  7
Legenda
 72
     4
 11
472085.1633121137
 21
51894.69018550286
 31
0.0
100
AcDbAttributeDefinition
  3
Dimensão da Rua
  2
LARGXPROFXALT
 70
     0
280
     1
1001
AcDbBlockRepETag
1070
     1
1071
       42
1005
720
  0
ATTDEF
  5
721
330
716
100
AcDbEntity
  8
02
100
AcDbText
 10
472116.5933121138
 20
51894.69018550286
 30
0.0
 40
2.0
  1

  7
Legenda
 72
     4
 11
472116.5933121138
 21
51894.69018550286
 31
0.0
100
AcDbAttributeDefinition
  3
Empilhamento
  2
BASE+XXPALLETS
 70
     0
280
     1
1001
AcDbBlockRepETag
1070
     1
1071
       43
1005
721
  0
ATTDEF
  5
722
330
716
100
AcDbEntity
  8
02
100
AcDbText
 10
472143.0233121137
 20
51894.69018550286
 30
0.0
 40
2.0
  1

  7
Legenda
 72
     4
 11
472143.0233121137
 21
51894.69018550286
 31
0.0
100
AcDbAttributeDefinition
  3
Carga Máxima por Plano
  2
XXKG
 70
     0
280
     1
1001
AcDbBlockRepETag
1070
     1
1071
       44
1005
722
  0
ATTDEF
  5
723
330
716
100
AcDbEntity
  8
02
100
AcDbText
 10
472169.4533121138
 20
51894.69018550286
 30
0.0
 40
2.0
  1

  7
Legenda
 72
     4
 11
472169.4533121138
 21
51894.69018550286
 31
0.0
100
AcDbAttributeDefinition
  3
Capacidade de Armazenamento por Rua
  2
XXPALLETS
 70
     0
280
     1
1001
AcDbBlockRepETag
1070
     1
1071
       45
1005
723
  0
ATTDEF
  5
724
330
716
100
AcDbEntity
  8
02
100
AcDbText
 10
472195.8833121138
 20
51894.69018550286
 30
0.0
 40
2.0
  1

  7
Legenda
 72
     4
 11
472195.8833121138
 21
51894.69018550286
 31
0.0
100
AcDbAttributeDefinition
  3
Quantidade de Ruas
  2
XRUAS
 70
     0
280
     1
1001
AcDbBlockRepETag
1070
     1
1071
       46
1005
724
  0
ATTDEF
  5
725
330
716
100
AcDbEntity
  8
02
100
AcDbText
 10
472222.3133121138
 20
51894.69018550286
 30
0.0
 40
2.0
  1

  7
Legenda
 72
     4
 11
472222.3133121138
 21
51894.69018550286
 31
0.0
100
AcDbAttributeDefinition
  3
Capacidade Armazenagem Total
  2
XXXPALLETS
 70
     0
280
     1
1001
AcDbBlockRepETag
1070
     1
1071
       47
1005
725
  0
ENDBLK
  5
726
330
716
100
AcDbEntity
  8
02
100
AcDbBlockEnd
  0
ENDSEC
  0
SECTION
  2
ENTITIES
  0
INSERT
  5
742
330
1F
100
AcDbEntity
  8
0
100
AcDbBlockReference
  2
FORMATO DE FOLHA A0
 10
-13184.03466349296
 20
-16875.28063322428
 30
0.0
  0
INSERT
  5
743
330
1F
100
AcDbEntity
  8
9.7 - LEGENDA
370
     0
100
AcDbBlockReference
  2
Tabela Observações
 10
2949.835290205511
 20
1274.349323148599
 30
0.0
  0
INSERT
  5
744
330
1F
100
AcDbEntity
  8
9.7 - LEGENDA
370
     0
100
AcDbBlockReference
 66
     1
  2
CABEÇALHO
 10
-9682.02400388977
 20
-13790.43787831898
 30
0.0
  0
ATTRIB
  5
745
330
744
100
AcDbEntity
  8
9 - LEGENDA
100
AcDbText
 10
2884.60475565803
 20
1087.107931350506
 30
0.0
 40
3.0
  1
 
  7
Legenda
 72
     4
 11
2886.10475565803
 21
1087.107931350506
 31
0.0
100
AcDbAttribute
  2
CIDADE
 70
     0
280
     1
1001
AcadAnnotative
1000
AnnotativeData
1002
{
1070
     1
1070
     0
1002
}
  0
ATTRIB
  5
746
330
744
100
AcDbEntity
  8
9 - LEGENDA
100
AcDbText
 10
2922.656718776933
 20
1047.153234255851
 30
0.0
 40
6.0
  1
 1/1
  7
Legenda
 72
     4
 11
2937.085290205504
 21
1049.724662827279
 31
0.0
100
AcDbAttribute
  2
FOLHA
 70
     0
280
     1
1001
AcadAnnotative
1000
AnnotativeData
1002
{
1070
     1
1070
     0
1002
}
  0
ATTRIB
  5
747
330
744
100
AcDbEntity
  8
9 - LEGENDA
100
AcDbText
 10
2884.599079002291
 20
1037.280416828168
 30
0.0
 40
3.0
  1

  7
Legenda
 72
     4
 11
2884.599079002291
 21
1037.280416828168
 31
0.0
100
AcDbAttribute
  2
CADASTRO
 70
     0
280
     1
1001
AcadAnnotative
1000
AnnotativeData
1002
{
1070
     1
1070
     0
1002
}
  0
ATTRIB
  5
748
330
744
100
AcDbEntity
  8
9 - LEGENDA
100
AcDbText
 10
2895.364281152106
 20
1045.724662827461
 30
0.0
 40
3.0
  1
REV-00
  7
Legenda
 72
     4
 11
2904.292852580678
 21
1047.224662827461
 31
0.0
100
AcDbAttribute
  2
REVISÃO
 70
     0
280
     1
1001
AcadAnnotative
1000
AnnotativeData
1002
{
1070
     1
1070
     0
1002
}
  0
ATTRIB
  5
749
330
744
100
AcDbEntity
  8
9 - LEGENDA
100
AcDbText
 10
2851.490889461891
 20
1045.938948541558
 30
0.0
 40
3.0
  1
05/05/2026
  7
Legenda
 72
     4
 11
2866.06231803332
 21
1047.224662827272
 31
0.0
100
AcDbAttribute
  2
DATA
 70
     0
280
     1
1001
AcadAnnotative
1000
AnnotativeData
1002
{
1070
     1
1070
     0
1002
}
  0
ATTRIB
  5
74A
330
744
100
AcDbEntity
  8
9 - LEGENDA
100
AcDbText
 10
2861.776603747373
 20
1056.224662827272
 30
0.0
 40
3.0
  1
mm
  7
Legenda
 72
     4
 11
2866.062318033087
 21
1057.224662827272
 31
0.0
100
AcDbAttribute
  2
UNIDADE
 70
     0
280
     1
1001
AcadAnnotative
1000
AnnotativeData
1002
{
1070
     1
1070
     0
1002
}
  0
ATTRIB
  5
74B
330
744
100
AcDbEntity
  8
9 - LEGENDA
100
AcDbText
 10
2894.292852580561
 20
1055.700510601217
 30
0.0
 40
3.0
  1
INDICADA
  7
Legenda
 72
     4
 11
2904.292852580561
 21
1057.200510601217
 31
0.0
100
AcDbAttribute
  2
ESCALA
 70
     0
280
     1
  0
ATTRIB
  5
74C
330
744
100
AcDbEntity
  8
9 - LEGENDA
100
AcDbText
 10
2901.864281152106
 20
1065.224662827272
 30
0.0
 40
3.0
  1
PEDRO GUILHERME
  7
Legenda
 72
     4
 11
2923.292852580678
 21
1066.724662827272
 31
0.0
100
AcDbAttribute
  2
DESENHISTA
 70
     0
280
     1
1001
AcadAnnotative
1000
AnnotativeData
1002
{
1070
     1
1070
     0
1002
}
  0
ATTRIB
  5
74D
330
744
100
AcDbEntity
  8
9 - LEGENDA
100
AcDbText
 10
2851.598032318976
 20
1065.224662827272
 30
0.0
 40
3.0
  1
RONALDO BRANCO
  7
Legenda
 72
     4
 11
2872.312318033262
 21
1066.724662827272
 31
0.0
100
AcDbAttribute
  2
RT
 70
     0
280
     1
1001
AcadAnnotative
1000
AnnotativeData
1002
{
1070
     1
1070
     0
1002
}
  0
ATTRIB
  5
74E
330
744
100
AcDbEntity
  8
9 - LEGENDA
100
AcDbText
 10
2897.35475565803
 20
1077.089120776082
 30
0.0
 40
3.0
  1
 
  7
Legenda
 72
     4
 11
2898.85475565803
 21
1077.089120776082
 31
0.0
100
AcDbAttribute
  2
REPRESENTANTE
 70
     0
280
     1
1001
AcadAnnotative
1000
AnnotativeData
1002
{
1070
     1
1070
     0
1002
}
  0
ATTRIB
  5
74F
330
744
100
AcDbEntity
  8
9 - LEGENDA
100
AcDbText
 10
2897.35475565803
 20
1097.298912815927
 30
0.0
 40
3.0
  1
 
  7
Legenda
 72
     4
 11
2898.85475565803
 21
1097.298912815927
 31
0.0
100
AcDbAttribute
  2
CLIENTE
 70
     0
280
     1
1001
AcadAnnotative
1000
AnnotativeData
1002
{
1070
     1
1070
     0
1002
}
  0
ATTRIB
  5
750
330
744
100
AcDbEntity
  8
9 - LEGENDA
100
AcDbText
 10
2935.585290205446
 20
1087.107931350506
 30
0.0
 40
3.0
  1
 
  7
Legenda
 72
     4
 11
2937.085290205446
 21
1087.107931350506
 31
0.0
100
AcDbAttribute
  2
UF
 70
     0
280
     1
1001
AcadAnnotative
1000
AnnotativeData
1002
{
1070
     1
1070
     0
1002
}
  0
SEQEND
  5
751
330
744
100
AcDbEntity
  8
9.7 - LEGENDA
  0
LINE
  5
752
330
1F
100
AcDbEntity
  8
9 - LEGENDA
100
AcDbLine
 10
2764.835290205417
 20
1149.349304661092
 30
0.0
 11
2949.835290205417
 21
1149.349304661092
 31
0.0
1001
AcDbBlockRepETag
1070
     1
1071
        0
1005
752
  0
LINE
  5
753
330
1F
100
AcDbEntity
  8
9 - LEGENDA
100
AcDbLine
 10
2764.835290205417
 20
1143.349304661092
 30
0.0
 11
2949.835290205417
 21
1143.349304661092
 31
0.0
1001
AcDbBlockRepETag
1070
     1
1071
        1
1005
753
  0
MTEXT
  5
754
330
1F
100
AcDbEntity
  8
9 - LEGENDA
100
AcDbMText
 10
2773.408609063408
 20
1148.17874079211
 30
0.0
 40
2.0
 41
17.41157192381797
 46
0.0
 71
     1
 72
     5
  1
{\Fromans.shx|c228;REVISÕES}
  7
Legenda
 73
     1
 44
1.0
1001
AcadAnnotative
1000
AnnotativeData
1002
{
1070
     1
1070
     0
1002
}
1001
AcDbBlockRepETag
1070
     1
1071
        2
1005
754
1001
ACAD
1000
ACAD_MTEXT_COLUMN_INFO_BEGIN
1070
    75
1070
     2
1070
    79
1070
     0
1070
    76
1070
     1
1070
    78
1070
     0
1070
    48
1040
17.41157192381797
1070
    49
1040
15.0
1070
    50
1070
     1
1040
0.0
1000
ACAD_MTEXT_COLUMN_INFO_END
  0
MTEXT
  5
755
330
1F
100
AcDbEntity
  8
9 - LEGENDA
100
AcDbMText
 10
2800.684062900239
 20
1148.178740792139
 30
0.0
 40
2.0
 41
17.41157192381797
 46
0.0
 71
     1
 72
     5
  1
{\Fromans.shx|c228;RESPONSÁVEL}
  7
Legenda
 73
     1
 44
1.0
1001
AcadAnnotative
1000
AnnotativeData
1002
{
1070
     1
1070
     0
1002
}
1001
AcDbBlockRepETag
1070
     1
1071
        3
1005
755
1001
ACAD
1000
ACAD_MTEXT_COLUMN_INFO_BEGIN
1070
    75
1070
     2
1070
    79
1070
     0
1070
    76
1070
     1
1070
    78
1070
     0
1070
    48
1040
17.41157192381797
1070
    49
1040
15.0
1070
    50
1070
     1
1040
0.0
1000
ACAD_MTEXT_COLUMN_INFO_END
  0
MTEXT
  5
756
330
1F
100
AcDbEntity
  8
9 - LEGENDA
100
AcDbMText
 10
2838.331001549886
 20
1147.607433959517
 30
0.0
 40
2.0
 41
17.41157192381797
 46
0.0
 71
     1
 72
     5
  1
{\Fromans.shx|c228;DATA}
  7
Legenda
 73
     1
 44
1.0
1001
AcadAnnotative
1000
AnnotativeData
1002
{
1070
     1
1070
     0
1002
}
1001
AcDbBlockRepETag
1070
     1
1071
        4
1005
756
1001
ACAD
1000
ACAD_MTEXT_COLUMN_INFO_BEGIN
1070
    75
1070
     2
1070
    79
1070
     0
1070
    76
1070
     1
1070
    78
1070
     0
1070
    48
1040
17.41157192381797
1070
    49
1040
15.0
1070
    50
1070
     1
1040
0.0
1000
ACAD_MTEXT_COLUMN_INFO_END
  0
MTEXT
  5
757
330
1F
100
AcDbEntity
  8
9 - LEGENDA
100
AcDbMText
 10
2892.99364052106
 20
1148.083045290204
 30
0.0
 40
2.0
 41
17.41157192381797
 46
0.0
 71
     1
 72
     5
  1
{\Fromans.shx|c228;ALTERAÇÕES}
  7
Legenda
 73
     1
 44
1.0
1001
AcadAnnotative
1000
AnnotativeData
1002
{
1070
     1
1070
     0
1002
}
1001
AcDbBlockRepETag
1070
     1
1071
        5
1005
757
1001
ACAD
1000
ACAD_MTEXT_COLUMN_INFO_BEGIN
1070
    75
1070
     2
1070
    79
1070
     0
1070
    76
1070
     1
1070
    78
1070
     0
1070
    48
1040
17.41157192381797
1070
    49
1040
15.0
1070
    50
1070
     1
1040
0.0
1000
ACAD_MTEXT_COLUMN_INFO_END
  0
LINE
  5
758
330
1F
100
AcDbEntity
  8
9 - LEGENDA
100
AcDbLine
 10
2764.835290205417
 20
1143.349304661092
 30
0.0
 11
2764.835290205417
 21
1149.349304661092
 31
0.0
1001
AcDbBlockRepETag
1070
     1
1071
        6
1005
758
  0
LINE
  5
759
330
1F
100
AcDbEntity
  8
9 - LEGENDA
100
AcDbLine
 10
2949.835290205417
 20
1143.349304661092
 30
0.0
 11
2949.835290205417
 21
1149.349304661092
 31
0.0
1001
AcDbBlockRepETag
1070
     1
1071
        7
1005
759
  0
LINE
  5
75A
330
1F
100
AcDbEntity
  8
9 - LEGENDA
100
AcDbLine
 10
2795.01256779574
 20
1143.349304661092
 30
0.0
 11
2795.01256779574
 21
1149.349304661092
 31
0.0
1001
AcDbBlockRepETag
1070
     1
1071
        8
1005
75A
  0
LINE
  5
75B
330
1F
100
AcDbEntity
  8
9 - LEGENDA
100
AcDbLine
 10
2826.250017305763
 20
1143.349304661092
 30
0.0
 11
2826.250017305763
 21
1149.349304661092
 31
0.0
1001
AcDbBlockRepETag
1070
     1
1071
        9
1005
75B
  0
LINE
  5
75C
330
1F
100
AcDbEntity
  8
9 - LEGENDA
100
AcDbLine
 10
2857.487466815786
 20
1143.349304661092
 30
0.0
 11
2857.487466815786
 21
1149.349304661092
 31
0.0
1001
AcDbBlockRepETag
1070
     1
1071
       10
1005
75C
  0
INSERT
  5
75D
330
1F
100
AcDbEntity
  8
9.7 - LEGENDA
100
AcDbBlockReference
 66
     1
  2
Bloco Revisões de Projeto
 10
-468586.4114178427
 20
-50757.14757696189
 30
0.0
1001
AcDbBlockRepETag
1070
     1
1071
       11
1005
75D
  0
ATTRIB
  5
75E
330
75D
100
AcDbEntity
  8
9.7 - LEGENDA
100
AcDbText
 10
2901.232807082059
 20
1137.682637994425
 30
0.0
 40
2.0
  1
xxx
  7
Legenda
 72
     4
 11
2903.66137851063
 21
1138.349304661092
 31
0.0
100
AcDbAttribute
  2
XXXXX
 70
     0
280
     1
1001
AcadAnnotative
1000
AnnotativeData
1002
{
1070
     1
1070
     0
1002
}
  0
ATTRIB
  5
75F
330
75D
100
AcDbEntity
  8
9.7 - LEGENDA
100
AcDbText
 10
2829.011599203631
 20
1137.063590375378
 30
0.0
 40
3.0
  1
xx/xx/xxxx
  7
Legenda
 72
     4
 11
2841.868742060774
 21
1138.349304661092
 31
0.0
100
AcDbAttribute
  2
XX/XX/XX
 70
     0
280
     1
1001
AcadAnnotative
1000
AnnotativeData
1002
{
1070
     1
1070
     0
1002
}
  0
ATTRIB
  5
760
330
75D
100
AcDbEntity
  8
9.7 - LEGENDA
100
AcDbText
 10
2808.20272112218
 20
1137.349304661092
 30
0.0
 40
3.0
  1
xx
  7
Legenda
 72
     4
 11
2810.631292550751
 21
1138.349304661092
 31
0.0
100
AcDbAttribute
  2
XXXX
 70
     0
280
     1
1001
AcadAnnotative
1000
AnnotativeData
1002
{
1070
     1
1070
     0
1002
}
  0
ATTRIB
  5
761
330
75D
100
AcDbEntity
  8
9.7 - LEGENDA
100
AcDbText
 10
2778.709643286322
 20
1137.349304661092
 30
0.0
 40
3.0
  1
x
  7
Legenda
 72
     4
 11
2779.923929000608
 21
1138.349304661092
 31
0.0
100
AcDbAttribute
  2
XXXX
 70
     0
280
     1
1001
AcadAnnotative
1000
AnnotativeData
1002
{
1070
     1
1070
     0
1002
}
  0
SEQEND
  5
762
330
75D
100
AcDbEntity
  8
9.7 - LEGENDA
  0
MTEXT
  5
763
330
1F
100
AcDbEntity
  8
02
100
AcDbMText
 10
2764.094689243412
 20
1401.301406958079
 30
0.0
 40
5.0
 41
182.2486592237706
 46
134.010827834225
 71
     1
 72
     5
  3
\pxqj;{\FArialMT|c0;\C1;\c255;Informamos que como as medidas e dimensões do espaço do cliente não foram disponilizadas se faz necessário a confirmação das mesmas antes do início da montagem. As medidas de nossos produtos são as únicas que garantimos 
  1
em projeto.}
  7
DIM
 73
     1
 44
1.0
1001
AcadAnnotative
1000
AnnotativeData
1002
{
1070
     1
1070
     0
1002
}
1001
ACAD
1000
ACAD_MTEXT_DEFINED_HEIGHT_BEGIN
1070
    46
1040
134.010827834225
1000
ACAD_MTEXT_DEFINED_HEIGHT_END
  0
MTEXT
  5
764
330
1F
100
AcDbEntity
  8
02
100
AcDbMText
 10
2764.938050855072
 20
1462.866804609233
 30
0.0
 40
5.0
 41
182.2486592237706
 46
134.010827834225
 71
     1
 72
     5
  3
\pxqj;{\FArialMT|c0;\C1;\c255;Informamos que as medidas e dimensões apresentadas no projeto são baseadas nas informações e dados disponibilizados pelo cliente ou por terceiros autorizados. As medidas de nossos produtos são as únicas que garantimos em
  1
 projeto.}
  7
DIM
 73
     1
 44
1.0
1001
AcadAnnotative
1000
AnnotativeData
1002
{
1070
     1
1070
     0
1002
}
1001
ACAD
1000
ACAD_MTEXT_DEFINED_HEIGHT_BEGIN
1070
    46
1040
134.010827834225
1000
ACAD_MTEXT_DEFINED_HEIGHT_END
  0
TEXT
  5
765
330
1F
100
AcDbEntity
  8
9.7 - LEGENDA
 48
2.0
370
    -2
100
AcDbText
 10
1825.552044378835
 20
1804.381655692744
 30
0.0
 40
8.0
  1
PLANTA BAIXA - ESCALA: 1/30
  7
ROMANS
 72
     4
 11
1923.266330093121
 21
1807.810227121315
 31
0.0
100
AcDbText
1001
AcadAnnotative
1000
AnnotativeData
1002
{
1070
     1
1070
     0
1002
}
  0
TEXT
  5
766
330
1F
100
AcDbEntity
  8
9.7 - LEGENDA
 48
2.0
370
    -2
100
AcDbText
 10
1994.028940517637
 20
1056.891868474728
 30
0.0
 40
8.0
  1
CORTES - ESCALA: 1/30
  7
ROMANS
 72
     4
 11
2072.695607184304
 21
1060.320439903299
 31
0.0
100
AcDbText
1001
AcadAnnotative
1000
AnnotativeData
1002
{
1070
     1
1070
     0
1002
}
  0
INSERT
  5
767
330
1F
100
AcDbEntity
  8
9.7 - LEGENDA
370
     0
100
AcDbBlockReference
 66
     1
  2
CAPCIDADE TOTAL
 10
-10377.53282634159
 20
-13658.494138432
 30
0.0
  0
ATTRIB
  5
768
330
767
100
AcDbEntity
  8
9.7 - LEGENDA
100
AcDbText
 10
2920.602271934575
 20
1163.254105402458
 30
0.0
 40
2.5
  1
280 PALLETS
  7
Legenda
 72
     4
 11
2933.042748125051
 21
1164.504105402458
 31
0.0
100
AcDbAttribute
  2
XPALLETS
 70
     0
280
     1
1001
AcDbBlockRepETag
1070
     1
1071
       40
1005
0
1001
AcadAnnotative
1000
AnnotativeData
1002
{
1070
     1
1070
     0
1002
}
  0
SEQEND
  5
769
330
767
100
AcDbEntity
  8
9.7 - LEGENDA
  0
LINE
  5
76A
330
1F
100
AcDbEntity
  8
9 - LEGENDA
100
AcDbLine
 10
2764.835290205413
 20
1159.349304661094
 30
0.0
 11
2949.835290205413
 21
1159.349304661094
 31
0.0
1001
AcDbBlockRepETag
1070
     1
1071
        0
1005
76A
  0
INSERT
  5
76B
102
{ACAD_XDICTIONARY
360
76C
102
}
330
1F
100
AcDbEntity
  8
0
100
AcDbBlockReference
  2
*U9
 10
2790.693316127252
 20
1228.424794165106
 30
0.0
 41
0.0124369747899238
 42
0.0124369747899238
 43
0.0124369747899238
1001
AcDbBlockRepETag
1070
     1
1071
        0
1005
0
  0
LINE
  5
772
330
1F
100
AcDbEntity
  8
02
100
AcDbLine
 10
2922.629407852559
 20
1259.895560123319
 30
0.0
 11
2922.629407852559
 21
1244.349341635914
 31
0.0
1001
AcDbBlockRepETag
1070
     1
1071
        1
1005
0
  0
LINE
  5
773
330
1F
100
AcDbEntity
  8
02
100
AcDbLine
 10
2813.805878440695
 20
1259.895560123319
 30
0.0
 11
2949.835290205511
 21
1259.895560123319
 31
0.0
1001
AcDbBlockRepETag
1070
     1
1071
        2
1005
0
  0
LINE
  5
774
330
1F
100
AcDbEntity
  8
02
100
AcDbLine
 10
2841.011760793705
 20
1259.895560123319
 30
0.0
 11
2841.011760793705
 21
1244.349341635914
 31
0.0
1001
AcDbBlockRepETag
1070
     1
1071
        3
1005
0
  0
LINE
  5
775
330
1F
100
AcDbEntity
  8
02
100
AcDbLine
 10
2868.217643146656
 20
1252.122450879616
 30
0.0
 11
2868.217643146656
 21
1244.349341635914
 31
0.0
1001
AcDbBlockRepETag
1070
     1
1071
        4
1005
0
  0
LINE
  5
776
330
1F
100
AcDbEntity
  8
02
100
AcDbLine
 10
2895.423525499608
 20
1252.122450879616
 30
0.0
 11
2895.423525499608
 21
1244.349341635914
 31
0.0
1001
AcDbBlockRepETag
1070
     1
1071
        5
1005
0
  0
LINE
  5
777
330
1F
100
AcDbEntity
  8
02
100
AcDbLine
 10
2841.011760793705
 20
1252.122450879616
 30
0.0
 11
2922.629407852559
 21
1252.122450879616
 31
0.0
1001
AcDbBlockRepETag
1070
     1
1071
        6
1005
0
  0
MTEXT
  5
778
330
1F
100
AcDbEntity
  8
02
 62
     2
100
AcDbMText
 10
2867.006745877929
 20
1258.159435493786
 30
0.0
 40
3.109243697480948
 41
69.81194268779804
 46
0.0
 71
     1
 72
     5
  1
DIMENSÕES (mm)
  7
Legenda
 73
     1
 44
1.0
1001
AcadAnnotative
1000
AnnotativeData
1002
{
1070
     1
1070
     0
1002
}
1001
AcDbBlockRepETag
1070
     1
1071
        7
1005
0
  0
MTEXT
  5
779
330
1F
100
AcDbEntity
  8
02
 62
     2
100
AcDbMText
 10
2846.602517695827
 20
1249.590299036544
 30
0.0
 40
2.331932773110711
 41
69.81194268779804
 46
0.0
 71
     1
 72
     5
  1
LARGURA
  7
Legenda
 73
     1
 44
1.0
1001
AcadAnnotative
1000
AnnotativeData
1002
{
1070
     1
1070
     0
1002
}
1001
AcDbBlockRepETag
1070
     1
1071
        8
1005
0
  0
MTEXT
  5
77A
330
1F
100
AcDbEntity
  8
02
 62
     2
100
AcDbMText
 10
2869.193497576247
 20
1249.546097109387
 30
0.0
 40
2.331932773110711
 41
69.81194268779804
 46
0.0
 71
     1
 72
     5
  1
PROFUNDIDADE
  7
Legenda
 73
     1
 44
1.0
1001
AcadAnnotative
1000
AnnotativeData
1002
{
1070
     1
1070
     0
1002
}
1001
AcDbBlockRepETag
1070
     1
1071
        9
1005
0
  0
MTEXT
  5
77B
330
1F
100
AcDbEntity
  8
02
 62
     2
100
AcDbMText
 10
2902.705166502352
 20
1249.590299036544
 30
0.0
 40
2.331932773110711
 41
69.81194268779804
 46
0.0
 71
     1
 72
     5
  1
ALTURA
  7
Legenda
 73
     1
 44
1.0
1001
AcadAnnotative
1000
AnnotativeData
1002
{
1070
     1
1070
     0
1002
}
1001
AcDbBlockRepETag
1070
     1
1071
       10
1005
0
  0
MTEXT
  5
77C
330
1F
100
AcDbEntity
  8
02
 62
     2
100
AcDbMText
 10
2818.441162216323
 20
1254.038291268714
 30
0.0
 40
3.109243697480948
 41
69.81194268779804
 46
0.0
 71
     1
 72
     5
  1
MODELO
  7
Legenda
 73
     1
 44
1.0
1001
AcadAnnotative
1000
AnnotativeData
1002
{
1070
     1
1070
     0
1002
}
1001
AcDbBlockRepETag
1070
     1
1071
       11
1005
0
  0
MTEXT
  5
77D
330
1F
100
AcDbEntity
  8
02
100
AcDbMText
 10
2824.949021154977
 20
1271.449535742171
 30
0.0
 40
5.441176470591659
 41
139.1081526549114
 46
15.20831222769222
 71
     1
 72
     5
  1
DETALHAMENTO DO PALLET
  7
Legenda
 73
     1
 44
1.0
1001
AcadAnnotative
1000
AnnotativeData
1002
{
1070
     1
1070
     0
1002
}
1001
AcDbBlockRepETag
1070
     1
1071
       12
1005
0
1001
ACAD
1000
ACAD_MTEXT_DEFINED_HEIGHT_BEGIN
1070
    46
1040
15.20831222769222
1000
ACAD_MTEXT_DEFINED_HEIGHT_END
  0
MTEXT
  5
77E
330
1F
100
AcDbEntity
  8
02
 62
     2
100
AcDbMText
 10
2924.184950206682
 20
1254.168240904642
 30
0.0
 40
3.109243697480948
 41
69.81194268779804
 46
0.0
 71
     1
 72
     5
  1
PESO (Kg)
  7
Legenda
 73
     1
 44
1.0
1001
AcadAnnotative
1000
AnnotativeData
1002
{
1070
     1
1070
     0
1002
}
1001
AcDbBlockRepETag
1070
     1
1071
       13
1005
0
  0
INSERT
  5
77F
330
1F
100
AcDbEntity
  8
02
100
AcDbBlockReference
 66
     1
  2
Bloco 01 Pallet
 10
-469021.0990257206
 20
-50740.89823119473
 30
0.0
1001
AcDbBlockRepETag
1070
     1
1071
       14
1005
0
  0
ATTRIB
  5
780
330
77F
100
AcDbEntity
  8
02
100
AcDbText
 10
2928.327587124302
 20
1234.576232392211
 30
0.0
 40
4.0
  1
1500
  7
Legenda
 72
     4
 11
2936.232349029064
 21
1236.576232392211
 31
0.0
100
AcDbAttribute
  2
XXXXKG
 70
     0
280
     1
1001
AcadAnnotative
1000
AnnotativeData
1002
{
1070
     1
1070
     0
1002
}
  0
ATTRIB
  5
781
330
77F
100
AcDbEntity
  8
02
100
AcDbText
 10
2901.407419057065
 20
1234.576232392211
 30
0.0
 40
4.0
  1
2100
  7
Legenda
 72
     4
 11
2909.026466676112
 21
1236.576232392211
 31
0.0
100
AcDbAttribute
  2
XXXX
 70
     0
280
     1
1001
AcadAnnotative
1000
AnnotativeData
1002
{
1070
     1
1070
     0
1002
}
  0
ATTRIB
  5
782
330
77F
100
AcDbEntity
  8
02
100
AcDbText
 10
2873.915822418399
 20
1234.576232392211
 30
0.0
 40
4.0
  1
1000
  7
Legenda
 72
     4
 11
2881.820584323161
 21
1236.576232392211
 31
0.0
100
AcDbAttribute
  2
XXXX
 70
     0
280
     1
1001
AcadAnnotative
1000
AnnotativeData
1002
{
1070
     1
1070
     0
1002
}
  0
ATTRIB
  5
783
330
77F
100
AcDbEntity
  8
02
100
AcDbText
 10
2846.709940065448
 20
1234.576232392211
 30
0.0
 40
4.0
  1
1200
  7
Legenda
 72
     4
 11
2854.61470197021
 21
1236.576232392211
 31
0.0
100
AcDbAttribute
  2
XXXX
 70
     0
280
     1
1001
AcadAnnotative
1000
AnnotativeData
1002
{
1070
     1
1070
     0
1002
}
  0
ATTRIB
  5
784
330
77F
100
AcDbEntity
  8
02
100
AcDbText
 10
2820.742152950533
 20
1234.076232392211
 30
0.0
 40
5.0
  1
P01
  7
Legenda
 72
     4
 11
2827.4088196172
 21
1236.576232392211
 31
0.0
100
AcDbAttribute
  2
A
 70
     0
280
     1
1001
AcadAnnotative
1000
AnnotativeData
1002
{
1070
     1
1070
     0
1002
}
  0
SEQEND
  5
785
330
77F
100
AcDbEntity
  8
02
  0
LINE
  5
786
330
1F
100
AcDbEntity
  8
02
100
AcDbLine
 10
2949.835290205511
 20
1274.349323148506
 30
0.0
 11
2949.835290205511
 21
1244.349341635914
 31
0.0
1001
AcDbBlockRepETag
1070
     1
1071
       15
1005
0
  0
LINE
  5
787
330
1F
100
AcDbEntity
  8
02
100
AcDbLine
 10
2949.835290205511
 20
1244.349341635914
 30
0.0
 11
2813.805878440695
 21
1244.349341635914
 31
0.0
1001
AcDbBlockRepETag
1070
     1
1071
       16
1005
0
  0
LINE
  5
788
330
1F
100
AcDbEntity
  8
02
100
AcDbLine
 10
2813.805878440695
 20
1274.349323148506
 30
0.0
 11
2949.835290205511
 21
1274.349323148506
 31
0.0
1001
AcDbBlockRepETag
1070
     1
1071
       17
1005
0
  0
LINE
  5
789
330
1F
100
AcDbEntity
  8
02
100
AcDbLine
 10
2813.805878440695
 20
1214.349341635914
 30
0.0
 11
2764.835290205511
 21
1214.349341635914
 31
0.0
1001
AcDbBlockRepETag
1070
     1
1071
       18
1005
0
  0
LINE
  5
78A
330
1F
100
AcDbEntity
  8
02
100
AcDbLine
 10
2764.835290205511
 20
1214.349341635914
 30
0.0
 11
2764.835290205511
 21
1274.349323148506
 31
0.0
1001
AcDbBlockRepETag
1070
     1
1071
       19
1005
0
  0
LINE
  5
78B
330
1F
100
AcDbEntity
  8
02
100
AcDbLine
 10
2764.835290205511
 20
1274.349323148506
 30
0.0
 11
2813.805878440695
 21
1274.349323148506
 31
0.0
1001
AcDbBlockRepETag
1070
     1
1071
       20
1005
0
  0
LINE
  5
78C
330
1F
100
AcDbEntity
  8
02
100
AcDbLine
 10
2813.805878440695
 20
1244.349341635914
 30
0.0
 11
2813.805878440695
 21
1274.349323148506
 31
0.0
1001
AcDbBlockRepETag
1070
     1
1071
       21
1005
0
  0
LINE
  5
78D
330
1F
100
AcDbEntity
  8
02
100
AcDbLine
 10
2813.805878440695
 20
1274.349323148506
 30
0.0
 11
2813.805878440695
 21
1214.349341635914
 31
0.0
1001
AcDbBlockRepETag
1070
     1
1071
       22
1005
0
  0
INSERT
  5
78E
330
1F
100
AcDbEntity
  8
02
100
AcDbBlockReference
 66
     1
  2
Bloco 01 Pallet
 10
-469021.0990257206
 20
-50755.89823119473
 30
0.0
1001
AcDbBlockRepETag
1070
     1
1071
       14
1005
0
1001
AcDbBlockArrayActionTag
1070
     1
  0
ATTRIB
  5
78F
330
78E
100
AcDbEntity
  8
02
100
AcDbText
 10
2928.327587124302
 20
1219.576232392211
 30
0.0
 40
4.0
  1
1500
  7
Legenda
 72
     4
 11
2936.232349029064
 21
1221.576232392211
 31
0.0
100
AcDbAttribute
  2
XXXXKG
 70
     0
280
     1
1001
AcadAnnotative
1000
AnnotativeData
1002
{
1070
     1
1070
     0
1002
}
  0
ATTRIB
  5
790
330
78E
100
AcDbEntity
  8
02
100
AcDbText
 10
2901.121704771351
 20
1219.576232392211
 30
0.0
 40
4.0
  1
1700
  7
Legenda
 72
     4
 11
2909.026466676112
 21
1221.576232392211
 31
0.0
100
AcDbAttribute
  2
XXXX
 70
     0
280
     1
1001
AcadAnnotative
1000
AnnotativeData
1002
{
1070
     1
1070
     0
1002
}
  0
ATTRIB
  5
791
330
78E
100
AcDbEntity
  8
02
100
AcDbText
 10
2873.915822418399
 20
1219.576232392211
 30
0.0
 40
4.0
  1
1000
  7
Legenda
 72
     4
 11
2881.820584323161
 21
1221.576232392211
 31
0.0
100
AcDbAttribute
  2
XXXX
 70
     0
280
     1
1001
AcadAnnotative
1000
AnnotativeData
1002
{
1070
     1
1070
     0
1002
}
  0
ATTRIB
  5
792
330
78E
100
AcDbEntity
  8
02
100
AcDbText
 10
2846.709940065448
 20
1219.576232392211
 30
0.0
 40
4.0
  1
1200
  7
Legenda
 72
     4
 11
2854.61470197021
 21
1221.576232392211
 31
0.0
100
AcDbAttribute
  2
XXXX
 70
     0
280
     1
1001
AcadAnnotative
1000
AnnotativeData
1002
{
1070
     1
1070
     0
1002
}
  0
ATTRIB
  5
793
330
78E
100
AcDbEntity
  8
02
100
AcDbText
 10
2820.027867236248
 20
1219.076232392211
 30
0.0
 40
5.0
  1
P02
  7
Legenda
 72
     4
 11
2827.4088196172
 21
1221.576232392211
 31
0.0
100
AcDbAttribute
  2
A
 70
     0
280
     1
1001
AcadAnnotative
1000
AnnotativeData
1002
{
1070
     1
1070
     0
1002
}
  0
SEQEND
  5
794
330
78E
100
AcDbEntity
  8
02
  0
INSERT
  5
795
330
1F
100
AcDbEntity
  8
0
100
AcDbBlockReference
 66
     1
  2
Bloco Descrição Drive In
 10
-469285.6830219083
 20
-50720.34088084176
 30
0.0
1001
AcDbBlockRepETag
1070
     1
1071
        1
1005
0
  0
ATTRIB
  5
796
330
795
100
AcDbEntity
  8
02
100
AcDbText
 10
2765.109814014714
 20
1173.199304661213
 30
0.0
 40
2.3
  1
BLOCO A
  7
Legenda
 72
     4
 11
2773.050290205191
 21
1174.349304661213
 31
0.0
100
AcDbAttribute
  2
A
 70
     0
280
     1
1001
AcadAnnotative
1000
AnnotativeData
1002
{
1070
     1
1070
     0
1002
}
  0
ATTRIB
  5
797
330
795
100
AcDbEntity
  8
02
100
AcDbText
 10
2785.004099728935
 20
1173.49216180407
 30
0.0
 40
2.0
  1
22830/5705/8800
  7
Legenda
 72
     4
 11
2799.480290205125
 21
1174.349304661213
 31
0.0
100
AcDbAttribute
  2
LARGXPROFXALT
 70
     0
280
     1
1001
AcadAnnotative
1000
AnnotativeData
1002
{
1070
     1
1070
     0
1002
}
  0
ATTRIB
  5
798
330
795
100
AcDbEntity
  8
02
100
AcDbText
 10
2818.815052109822
 20
1173.158828470736
 30
0.0
 40
2.0
  1
PISO+03 NÍVEIS
  7
Legenda
 72
     4
 11
2830.91029020506
 21
1174.349304661213
 31
0.0
100
AcDbAttribute
  2
BASE+XXPALLETS
 70
     0
280
     1
1001
AcadAnnotative
1000
AnnotativeData
1002
{
1070
     1
1070
     0
1002
}
  0
ATTRIB
  5
799
330
795
100
AcDbEntity
  8
02
100
AcDbText
 10
2850.387909252614
 20
1173.349304661213
 30
0.0
 40
2.0
  1
1500 KG
  7
Legenda
 72
     4
 11
2857.340290204995
 21
1174.349304661213
 31
0.0
100
AcDbAttribute
  2
XXKG
 70
     0
280
     1
1001
AcadAnnotative
1000
AnnotativeData
1002
{
1070
     1
1070
     0
1002
}
  0
ATTRIB
  5
79A
330
795
100
AcDbEntity
  8
02
100
AcDbText
 10
2874.770290205163
 20
1173.349304661213
 30
0.0
 40
2.0
  1
20 PALLETS
  7
Legenda
 72
     4
 11
2883.770290205163
 21
1174.349304661213
 31
0.0
100
AcDbAttribute
  2
XXPALLETS
 70
     0
280
     1
1001
AcadAnnotative
1000
AnnotativeData
1002
{
1070
     1
1070
     0
1002
}
  0
ATTRIB
  5
79B
330
795
100
AcDbEntity
  8
02
100
AcDbText
 10
2903.295528300336
 20
1173.349304661213
 30
0.0
 40
2.0
  1
14 RUAS
  7
Legenda
 72
     4
 11
2910.200290205097
 21
1174.349304661213
 31
0.0
100
AcDbAttribute
  2
XRUAS
 70
     0
280
     1
1001
AcadAnnotative
1000
AnnotativeData
1002
{
1070
     1
1070
     0
1002
}
  0
ATTRIB
  5
79C
330
795
100
AcDbEntity
  8
02
100
AcDbText
 10
2926.677909252652
 20
1173.349304661213
 30
0.0
 40
2.0
  1
280 PALLETS
  7
Legenda
 72
     4
 11
2936.630290205032
 21
1174.349304661213
 31
0.0
100
AcDbAttribute
  2
XXXPALLETS
 70
     0
280
     1
1001
AcadAnnotative
1000
AnnotativeData
1002
{
1070
     1
1070
     0
1002
}
  0
SEQEND
  5
79D
330
795
100
AcDbEntity
  8
0
  0
LINE
  5
79E
330
1F
100
AcDbEntity
  8
02
100
AcDbLine
 10
2764.835290205456
 20
1199.349304661096
 30
0.0
 11
2949.835290205456
 21
1199.349304661096
 31
0.0
1001
AcDbBlockRepETag
1070
     1
1071
        2
1005
0
  0
LINE
  5
79F
330
1F
100
AcDbEntity
  8
02
100
AcDbLine
 10
2781.265290205449
 20
1179.349304661096
 30
0.0
 11
2781.265290205449
 21
1199.349304661096
 31
0.0
1001
AcDbBlockRepETag
1070
     1
1071
        3
1005
0
  0
LINE
  5
7A0
330
1F
100
AcDbEntity
  8
02
100
AcDbLine
 10
2817.695290205442
 20
1179.349304661096
 30
0.0
 11
2817.695290205442
 21
1199.349304661096
 31
0.0
1001
AcDbBlockRepETag
1070
     1
1071
        4
1005
0
  0
LINE
  5
7A1
330
1F
100
AcDbEntity
  8
02
100
AcDbLine
 10
2844.125290205435
 20
1179.349304661096
 30
0.0
 11
2844.125290205435
 21
1199.349304661096
 31
0.0
1001
AcDbBlockRepETag
1070
     1
1071
        5
1005
0
  0
LINE
  5
7A2
330
1F
100
AcDbEntity
  8
02
100
AcDbLine
 10
2870.555290205428
 20
1179.349304661096
 30
0.0
 11
2870.555290205428
 21
1199.349304661096
 31
0.0
1001
AcDbBlockRepETag
1070
     1
1071
        6
1005
0
  0
LINE
  5
7A3
330
1F
100
AcDbEntity
  8
02
100
AcDbLine
 10
2896.985290205479
 20
1179.349304661096
 30
0.0
 11
2896.985290205479
 21
1199.349304661096
 31
0.0
1001
AcDbBlockRepETag
1070
     1
1071
        7
1005
0
  0
LINE
  5
7A4
330
1F
100
AcDbEntity
  8
02
100
AcDbLine
 10
2923.415290205472
 20
1179.349304661096
 30
0.0
 11
2923.415290205472
 21
1199.349304661096
 31
0.0
1001
AcDbBlockRepETag
1070
     1
1071
        8
1005
0
  0
MTEXT
  5
7A5
330
1F
100
AcDbEntity
  8
02
100
AcDbMText
 10
2796.326487698267
 20
1210.160194257747
 30
0.0
 40
5.0
 41
159.1197780857071
 46
0.0
 71
     1
 72
     5
  1
DESCRIÇÕES TÉCNICAS DRIVE IN
  7
Legenda
 73
     1
 44
1.0
1001
AcadAnnotative
1000
AnnotativeData
1002
{
1070
     1
1070
     0
1002
}
1001
AcDbBlockRepETag
1070
     1
1071
        9
1005
0
  0
MTEXT
  5
7A6
330
1F
100
AcDbEntity
  8
02
100
AcDbMText
 10
2766.040145475791
 20
1193.442262039039
 30
0.0
 40
2.0
 41
13.36848458985332
 46
3.189371173402053
 71
     1
 72
     5
  1
\pxqc;TIPO DRIVE IN
  7
Legenda
 73
     1
 44
1.0
1001
AcadAnnotative
1000
AnnotativeData
1002
{
1070
     1
1070
     0
1002
}
1001
AcDbBlockRepETag
1070
     1
1071
       10
1005
0
1001
ACAD
1000
ACAD_MTEXT_DEFINED_HEIGHT_BEGIN
1070
    46
1040
3.189371173402053
1000
ACAD_MTEXT_DEFINED_HEIGHT_END
  0
MTEXT
  5
7A7
330
1F
100
AcDbEntity
  8
02
100
AcDbMText
 10
2788.383939971764
 20
1193.145487823742
 30
0.0
 40
2.0
 41
22.45288026623894
 46
3.189371173402053
 71
     1
 72
     5
  1
\pxqc;DIMENSÃO DA RUA\P{\H0.75x;(LARG./COMP./ALT.)}
  7
Legenda
 73
     1
 44
1.0
1001
AcadAnnotative
1000
AnnotativeData
1002
{
1070
     1
1070
     0
1002
}
1001
AcDbBlockRepETag
1070
     1
1071
       11
1005
0
1001
ACAD
1000
ACAD_MTEXT_DEFINED_HEIGHT_BEGIN
1070
    46
1040
3.189371173402053
1000
ACAD_MTEXT_DEFINED_HEIGHT_END
  0
MTEXT
  5
7A8
330
1F
100
AcDbEntity
  8
02
100
AcDbMText
 10
2824.589943511494
 20
1191.764196456621
 30
0.0
 40
2.0
 41
13.36848458985332
 46
3.189371173402053
 71
     1
 72
     5
  1
\pxqc;EMPILHAMENTO
  7
Legenda
 73
     1
 44
1.0
1001
AcadAnnotative
1000
AnnotativeData
1002
{
1070
     1
1070
     0
1002
}
1001
AcDbBlockRepETag
1070
     1
1071
       12
1005
0
1001
ACAD
1000
ACAD_MTEXT_DEFINED_HEIGHT_BEGIN
1070
    46
1040
3.189371173402053
1000
ACAD_MTEXT_DEFINED_HEIGHT_END
  0
MTEXT
  5
7A9
330
1F
100
AcDbEntity
  8
02
100
AcDbMText
 10
2842.993619667565
 20
1192.292410422473
 30
0.0
 40
2.0
 41
29.14775011973688
 46
3.189371173402053
 71
     1
 72
     5
  1
\pxqc;CARGA MÁXIMA POR PLANO
  7
Legenda
 73
     1
 44
1.0
1001
AcadAnnotative
1000
AnnotativeData
1002
{
1070
     1
1070
     0
1002
}
1001
AcDbBlockRepETag
1070
     1
1071
       13
1005
0
1001
ACAD
1000
ACAD_MTEXT_DEFINED_HEIGHT_BEGIN
1070
    46
1040
3.189371173402053
1000
ACAD_MTEXT_DEFINED_HEIGHT_END
  0
MTEXT
  5
7AA
330
1F
100
AcDbEntity
  8
02
100
AcDbMText
 10
2898.874980711053
 20
1194.070749908634
 30
0.0
 40
2.0
 41
22.33207101351582
 46
3.189371173402053
 71
     1
 72
     5
  1
\pxqc;QUANTIDADE DE RUA
  7
Legenda
 73
     1
 44
1.0
1001
AcadAnnotative
1000
AnnotativeData
1002
{
1070
     1
1070
     0
1002
}
1001
AcDbBlockRepETag
1070
     1
1071
       14
1005
0
1001
ACAD
1000
ACAD_MTEXT_DEFINED_HEIGHT_BEGIN
1070
    46
1040
3.189371173402053
1000
ACAD_MTEXT_DEFINED_HEIGHT_END
  0
MTEXT
  5
7AB
330
1F
100
AcDbEntity
  8
02
100
AcDbMText
 10
2930.140917068022
 20
1195.289536409036
 30
0.0
 40
2.0
 41
13.36848458985332
 46
3.189371173402053
 71
     1
 72
     5
  1
\pxqc;CAPACIDADE ARMAZENAGEM TOTAL
  7
Legenda
 73
     1
 44
1.0
1001
AcadAnnotative
1000
AnnotativeData
1002
{
1070
     1
1070
     0
1002
}
1001
AcDbBlockRepETag
1070
     1
1071
       15
1005
0
1001
ACAD
1000
ACAD_MTEXT_DEFINED_HEIGHT_BEGIN
1070
    46
1040
3.189371173402053
1000
ACAD_MTEXT_DEFINED_HEIGHT_END
  0
MTEXT
  5
7AC
330
1F
100
AcDbEntity
  8
02
100
AcDbMText
 10
2869.428619667562
 20
1195.141250718152
 30
0.0
 40
2.0
 41
29.14775011973688
 46
3.189371173402053
 71
     1
 72
     5
  1
\pxqc;CAP. DE ARMAZENAMENTO POR RUA
  7
Legenda
 73
     1
 44
1.0
1001
AcadAnnotative
1000
AnnotativeData
1002
{
1070
     1
1070
     0
1002
}
1001
AcDbBlockRepETag
1070
     1
1071
       16
1005
0
1001
ACAD
1000
ACAD_MTEXT_DEFINED_HEIGHT_BEGIN
1070
    46
1040
3.189371173402053
1000
ACAD_MTEXT_DEFINED_HEIGHT_END
  0
LWPOLYLINE
  5
7AD
330
1F
100
AcDbEntity
  8
02
100
AcDbPolyline
 90
        4
 70
     1
 43
0.0
 10
2764.835290205456
 20
1214.349304661096
 10
2949.835290205456
 20
1214.349304661096
 10
2949.835290205456
 20
1179.349304661096
 10
2764.835290205456
 20
1179.349304661096
1001
AcDbBlockRepETag
1070
     1
1071
       17
1005
0
  0
VIEWPORT
  5
7B6
102
{ACAD_XDICTIONARY
360
7B7
102
}
330
D2
100
AcDbEntity
 67
     1
  8
0
100
AcDbViewport
 10
0.0
 20
0.0
 30
0.0
 40
19768.57017911019
 41
9542.5583382528
 68
     1
 69
     1
 12
3559.646935923961
 22
1958.077046220663
 13
0.0
 23
0.0
 14
10.0
 24
10.0
 15
10.0
 25
10.0
 16
0.0
 26
0.0
 36
1.0
 17
0.0
 27
0.0
 37
0.0
 42
50.0
 43
0.0
 44
0.0
 45
9542.5583382528
 50
0.0
 51
0.0
 72
   100
 90
   557088
  1

281
     0
 71
     1
 74
     0
110
0.0
120
0.0
130
0.0
111
1.0
121
0.0
131
0.0
112
0.0
122
1.0
132
0.0
 79
     0
146
0.0
170
     0
 61
     5
348
F5
292
     1
282
     1
141
0.0
142
0.0
 63
   256
361
7B9
  0
VIEWPORT
  5
7BA
102
{ACAD_XDICTIONARY
360
7BB
102
}
330
D2
100
AcDbEntity
 67
     1
  8
0
100
AcDbViewport
 10
128.5
 20
97.5
 30
0.0
 40
226.8041237113402
 41
160.3665521191294
 68
     2
 69
     2
 12
2365.779574253584
 22
1443.207209380136
 13
0.0
 23
0.0
 14
10.0
 24
10.0
 15
10.0
 25
10.0
 16
0.0
 26
0.0
 36
1.0
 17
0.0
 27
0.0
 37
0.0
 42
50.0
 43
0.0
 44
0.0
 45
856.9432155355024
 50
0.0
 51
0.0
 72
   100
331
284
 90
   819808
  1

281
     0
 71
     1
 74
     0
110
0.0
120
0.0
130
0.0
111
1.0
121
0.0
131
0.0
112
0.0
122
1.0
132
0.0
 79
     0
146
0.0
170
     0
 61
     5
348
F5
292
     1
282
     1
141
0.0
142
0.0
 63
   256
361
7BD
  0
INSERT
  5
7BF
330
D2
100
AcDbEntity
 67
     1
  8
0
100
AcDbBlockReference
  2
FORMATO DE FOLHA A0
 10
-14974.16600263818
 20
-17910.1364938894
 30
0.0
  0
INSERT
  5
7C0
330
D2
100
AcDbEntity
 67
     1
  8
9.7 - LEGENDA
370
     0
100
AcDbBlockReference
  2
Tabela Observações
 10
1159.70395106029
 20
239.4934624834815
 30
0.0
  0
INSERT
  5
7C1
330
D2
100
AcDbEntity
 67
     1
  8
9.7 - LEGENDA
370
     0
100
AcDbBlockReference
 66
     1
  2
CABEÇALHO
 10
-11472.15534303499
 20
-14825.2937389841
 30
0.0
  0
ATTRIB
  5
7C2
330
7C1
100
AcDbEntity
 67
     1
  8
9 - LEGENDA
100
AcDbText
 10
1094.473416512809
 20
52.2520706853885
 30
0.0
 40
3.0
  1
 
  7
Legenda
 72
     4
 11
1095.973416512809
 21
52.2520706853885
 31
0.0
100
AcDbAttribute
  2
CIDADE
 70
     0
280
     1
1001
AcadAnnotative
1000
AnnotativeData
1002
{
1070
     1
1070
     0
1002
}
  0
ATTRIB
  5
7C3
330
7C1
100
AcDbEntity
 67
     1
  8
9 - LEGENDA
100
AcDbText
 10
1132.525379631712
 20
12.2973735907335
 30
0.0
 40
6.0
  1
 1/1
  7
Legenda
 72
     4
 11
1146.953951060284
 21
14.86880216216207
 31
0.0
100
AcDbAttribute
  2
FOLHA
 70
     0
280
     1
1001
AcadAnnotative
1000
AnnotativeData
1002
{
1070
     1
1070
     0
1002
}
  0
ATTRIB
  5
7C4
330
7C1
100
AcDbEntity
 67
     1
  8
9 - LEGENDA
100
AcDbText
 10
1094.46773985707
 20
2.424556163050624
 30
0.0
 40
3.0
  1

  7
Legenda
 72
     4
 11
1094.46773985707
 21
2.424556163050624
 31
0.0
100
AcDbAttribute
  2
CADASTRO
 70
     0
280
     1
1001
AcadAnnotative
1000
AnnotativeData
1002
{
1070
     1
1070
     0
1002
}
  0
ATTRIB
  5
7C5
330
7C1
100
AcDbEntity
 67
     1
  8
9 - LEGENDA
100
AcDbText
 10
1105.232942006886
 20
10.86880216234397
 30
0.0
 40
3.0
  1
REV-00
  7
Legenda
 72
     4
 11
1114.161513435457
 21
12.36880216234397
 31
0.0
100
AcDbAttribute
  2
REVISÃO
 70
     0
280
     1
1001
AcadAnnotative
1000
AnnotativeData
1002
{
1070
     1
1070
     0
1002
}
  0
ATTRIB
  5
7C6
330
7C1
100
AcDbEntity
 67
     1
  8
9 - LEGENDA
100
AcDbText
 10
1061.359550316671
 20
11.08308787644051
 30
0.0
 40
3.0
  1
05/05/2026
  7
Legenda
 72
     4
 11
1075.930978888099
 21
12.36880216215479
 31
0.0
100
AcDbAttribute
  2
DATA
 70
     0
280
     1
1001
AcadAnnotative
1000
AnnotativeData
1002
{
1070
     1
1070
     0
1002
}
  0
ATTRIB
  5
7C7
330
7C1
100
AcDbEntity
 67
     1
  8
9 - LEGENDA
100
AcDbText
 10
1071.645264602152
 20
21.36880216215479
 30
0.0
 40
3.0
  1
mm
  7
Legenda
 72
     4
 11
1075.930978887866
 21
22.36880216215479
 31
0.0
100
AcDbAttribute
  2
UNIDADE
 70
     0
280
     1
1001
AcadAnnotative
1000
AnnotativeData
1002
{
1070
     1
1070
     0
1002
}
  0
ATTRIB
  5
7C8
330
7C1
100
AcDbEntity
 67
     1
  8
9 - LEGENDA
100
AcDbText
 10
1104.161513435341
 20
20.84464993609993
 30
0.0
 40
3.0
  1
INDICADA
  7
Legenda
 72
     4
 11
1114.161513435341
 21
22.34464993609993
 31
0.0
100
AcDbAttribute
  2
ESCALA
 70
     0
280
     1
  0
ATTRIB
  5
7C9
330
7C1
100
AcDbEntity
 67
     1
  8
9 - LEGENDA
100
AcDbText
 10
1111.732942006886
 20
30.36880216215479
 30
0.0
 40
3.0
  1
PEDRO GUILHERME
  7
Legenda
 72
     4
 11
1133.161513435457
 21
31.86880216215479
 31
0.0
100
AcDbAttribute
  2
DESENHISTA
 70
     0
280
     1
1001
AcadAnnotative
1000
AnnotativeData
1002
{
1070
     1
1070
     0
1002
}
  0
ATTRIB
  5
7CA
330
7C1
100
AcDbEntity
 67
     1
  8
9 - LEGENDA
100
AcDbText
 10
1061.466693173755
 20
30.36880216215479
 30
0.0
 40
3.0
  1
RONALDO BRANCO
  7
Legenda
 72
     4
 11
1082.180978888041
 21
31.86880216215479
 31
0.0
100
AcDbAttribute
  2
RT
 70
     0
280
     1
1001
AcadAnnotative
1000
AnnotativeData
1002
{
1070
     1
1070
     0
1002
}
  0
ATTRIB
  5
7CB
330
7C1
100
AcDbEntity
 67
     1
  8
9 - LEGENDA
100
AcDbText
 10
1107.223416512809
 20
42.23326011096481
 30
0.0
 40
3.0
  1
 
  7
Legenda
 72
     4
 11
1108.723416512809
 21
42.23326011096481
 31
0.0
100
AcDbAttribute
  2
REPRESENTANTE
 70
     0
280
     1
1001
AcadAnnotative
1000
AnnotativeData
1002
{
1070
     1
1070
     0
1002
}
  0
ATTRIB
  5
7CC
330
7C1
100
AcDbEntity
 67
     1
  8
9 - LEGENDA
100
AcDbText
 10
1107.223416512809
 20
62.44305215080942
 30
0.0
 40
3.0
  1
 
  7
Legenda
 72
     4
 11
1108.723416512809
 21
62.44305215080942
 31
0.0
100
AcDbAttribute
  2
CLIENTE
 70
     0
280
     1
1001
AcadAnnotative
1000
AnnotativeData
1002
{
1070
     1
1070
     0
1002
}
  0
ATTRIB
  5
7CD
330
7C1
100
AcDbEntity
 67
     1
  8
9 - LEGENDA
100
AcDbText
 10
1145.453951060225
 20
52.2520706853885
 30
0.0
 40
3.0
  1
 
  7
Legenda
 72
     4
 11
1146.953951060225
 21
52.2520706853885
 31
0.0
100
AcDbAttribute
  2
UF
 70
     0
280
     1
1001
AcadAnnotative
1000
AnnotativeData
1002
{
1070
     1
1070
     0
1002
}
  0
SEQEND
  5
7CE
330
7C1
100
AcDbEntity
 67
     1
  8
9.7 - LEGENDA
  0
LINE
  5
7CF
330
D2
100
AcDbEntity
 67
     1
  8
9 - LEGENDA
100
AcDbLine
 10
974.7039510601965
 20
114.4934439959744
 30
0.0
 11
1159.703951060196
 21
114.4934439959744
 31
0.0
1001
AcDbBlockRepETag
1070
     1
1071
        0
1005
7CF
  0
LINE
  5
7D0
330
D2
100
AcDbEntity
 67
     1
  8
9 - LEGENDA
100
AcDbLine
 10
974.7039510601965
 20
108.4934439959744
 30
0.0
 11
1159.703951060196
 21
108.4934439959744
 31
0.0
1001
AcDbBlockRepETag
1070
     1
1071
        1
1005
7D0
  0
MTEXT
  5
7D1
330
D2
100
AcDbEntity
 67
     1
  8
9 - LEGENDA
100
AcDbMText
 10
983.2772699181871
 20
113.3228801269926
 30
0.0
 40
2.0
 41
17.41157192381797
 46
0.0
 71
     1
 72
     5
  1
{\Fromans.shx|c228;REVISÕES}
  7
Legenda
 73
     1
 44
1.0
1001
AcadAnnotative
1000
AnnotativeData
1002
{
1070
     1
1070
     0
1002
}
1001
AcDbBlockRepETag
1070
     1
1071
        2
1005
7D1
1001
ACAD
1000
ACAD_MTEXT_COLUMN_INFO_BEGIN
1070
    75
1070
     2
1070
    79
1070
     0
1070
    76
1070
     1
1070
    78
1070
     0
1070
    48
1040
17.41157192381797
1070
    49
1040
15.0
1070
    50
1070
     1
1040
0.0
1000
ACAD_MTEXT_COLUMN_INFO_END
  0
MTEXT
  5
7D2
330
D2
100
AcDbEntity
 67
     1
  8
9 - LEGENDA
100
AcDbMText
 10
1010.552723755019
 20
113.3228801270217
 30
0.0
 40
2.0
 41
17.41157192381797
 46
0.0
 71
     1
 72
     5
  1
{\Fromans.shx|c228;RESPONSÁVEL}
  7
Legenda
 73
     1
 44
1.0
1001
AcadAnnotative
1000
AnnotativeData
1002
{
1070
     1
1070
     0
1002
}
1001
AcDbBlockRepETag
1070
     1
1071
        3
1005
7D2
1001
ACAD
1000
ACAD_MTEXT_COLUMN_INFO_BEGIN
1070
    75
1070
     2
1070
    79
1070
     0
1070
    76
1070
     1
1070
    78
1070
     0
1070
    48
1040
17.41157192381797
1070
    49
1040
15.0
1070
    50
1070
     1
1040
0.0
1000
ACAD_MTEXT_COLUMN_INFO_END
  0
MTEXT
  5
7D3
330
D2
100
AcDbEntity
 67
     1
  8
9 - LEGENDA
100
AcDbMText
 10
1048.199662404665
 20
112.7515732943995
 30
0.0
 40
2.0
 41
17.41157192381797
 46
0.0
 71
     1
 72
     5
  1
{\Fromans.shx|c228;DATA}
  7
Legenda
 73
     1
 44
1.0
1001
AcadAnnotative
1000
AnnotativeData
1002
{
1070
     1
1070
     0
1002
}
1001
AcDbBlockRepETag
1070
     1
1071
        4
1005
7D3
1001
ACAD
1000
ACAD_MTEXT_COLUMN_INFO_BEGIN
1070
    75
1070
     2
1070
    79
1070
     0
1070
    76
1070
     1
1070
    78
1070
     0
1070
    48
1040
17.41157192381797
1070
    49
1040
15.0
1070
    50
1070
     1
1040
0.0
1000
ACAD_MTEXT_COLUMN_INFO_END
  0
MTEXT
  5
7D4
330
D2
100
AcDbEntity
 67
     1
  8
9 - LEGENDA
100
AcDbMText
 10
1102.86230137584
 20
113.2271846250861
 30
0.0
 40
2.0
 41
17.41157192381797
 46
0.0
 71
     1
 72
     5
  1
{\Fromans.shx|c228;ALTERAÇÕES}
  7
Legenda
 73
     1
 44
1.0
1001
AcadAnnotative
1000
AnnotativeData
1002
{
1070
     1
1070
     0
1002
}
1001
AcDbBlockRepETag
1070
     1
1071
        5
1005
7D4
1001
ACAD
1000
ACAD_MTEXT_COLUMN_INFO_BEGIN
1070
    75
1070
     2
1070
    79
1070
     0
1070
    76
1070
     1
1070
    78
1070
     0
1070
    48
1040
17.41157192381797
1070
    49
1040
15.0
1070
    50
1070
     1
1040
0.0
1000
ACAD_MTEXT_COLUMN_INFO_END
  0
LINE
  5
7D5
330
D2
100
AcDbEntity
 67
     1
  8
9 - LEGENDA
100
AcDbLine
 10
974.7039510601965
 20
108.4934439959744
 30
0.0
 11
974.7039510601965
 21
114.4934439959744
 31
0.0
1001
AcDbBlockRepETag
1070
     1
1071
        6
1005
7D5
  0
LINE
  5
7D6
330
D2
100
AcDbEntity
 67
     1
  8
9 - LEGENDA
100
AcDbLine
 10
1159.703951060196
 20
108.4934439959744
 30
0.0
 11
1159.703951060196
 21
114.4934439959744
 31
0.0
1001
AcDbBlockRepETag
1070
     1
1071
        7
1005
7D6
  0
LINE
  5
7D7
330
D2
100
AcDbEntity
 67
     1
  8
9 - LEGENDA
100
AcDbLine
 10
1004.881228650519
 20
108.4934439959744
 30
0.0
 11
1004.881228650519
 21
114.4934439959744
 31
0.0
1001
AcDbBlockRepETag
1070
     1
1071
        8
1005
7D7
  0
LINE
  5
7D8
330
D2
100
AcDbEntity
 67
     1
  8
9 - LEGENDA
100
AcDbLine
 10
1036.118678160542
 20
108.4934439959744
 30
0.0
 11
1036.118678160542
 21
114.4934439959744
 31
0.0
1001
AcDbBlockRepETag
1070
     1
1071
        9
1005
7D8
  0
LINE
  5
7D9
330
D2
100
AcDbEntity
 67
     1
  8
9 - LEGENDA
100
AcDbLine
 10
1067.356127670565
 20
108.4934439959744
 30
0.0
 11
1067.356127670565
 21
114.4934439959744
 31
0.0
1001
AcDbBlockRepETag
1070
     1
1071
       10
1005
7D9
  0
INSERT
  5
7DA
330
D2
100
AcDbEntity
 67
     1
  8
9.7 - LEGENDA
100
AcDbBlockReference
 66
     1
  2
Bloco Revisões de Projeto
 10
-470376.542756988
 20
-51792.00343762701
 30
0.0
1001
AcDbBlockRepETag
1070
     1
1071
       11
1005
7DA
  0
ATTRIB
  5
7DB
330
7DA
100
AcDbEntity
 67
     1
  8
9.7 - LEGENDA
100
AcDbText
 10
1111.101467936838
 20
102.8267773293077
 30
0.0
 40
2.0
  1
xxx
  7
Legenda
 72
     4
 11
1113.53003936541
 21
103.4934439959744
 31
0.0
100
AcDbAttribute
  2
XXXXX
 70
     0
280
     1
1001
AcadAnnotative
1000
AnnotativeData
1002
{
1070
     1
1070
     0
1002
}
  0
ATTRIB
  5
7DC
330
7DA
100
AcDbEntity
 67
     1
  8
9.7 - LEGENDA
100
AcDbText
 10
1038.880260058411
 20
102.2077297102601
 30
0.0
 40
3.0
  1
xx/xx/xxxx
  7
Legenda
 72
     4
 11
1051.737402915554
 21
103.4934439959744
 31
0.0
100
AcDbAttribute
  2
XX/XX/XX
 70
     0
280
     1
1001
AcadAnnotative
1000
AnnotativeData
1002
{
1070
     1
1070
     0
1002
}
  0
ATTRIB
  5
7DD
330
7DA
100
AcDbEntity
 67
     1
  8
9.7 - LEGENDA
100
AcDbText
 10
1018.071381976959
 20
102.4934439959744
 30
0.0
 40
3.0
  1
xx
  7
Legenda
 72
     4
 11
1020.499953405531
 21
103.4934439959744
 31
0.0
100
AcDbAttribute
  2
XXXX
 70
     0
280
     1
1001
AcadAnnotative
1000
AnnotativeData
1002
{
1070
     1
1070
     0
1002
}
  0
ATTRIB
  5
7DE
330
7DA
100
AcDbEntity
 67
     1
  8
9.7 - LEGENDA
100
AcDbText
 10
988.5783041411013
 20
102.4934439959744
 30
0.0
 40
3.0
  1
x
  7
Legenda
 72
     4
 11
989.792589855387
 21
103.4934439959744
 31
0.0
100
AcDbAttribute
  2
XXXX
 70
     0
280
     1
1001
AcadAnnotative
1000
AnnotativeData
1002
{
1070
     1
1070
     0
1002
}
  0
SEQEND
  5
7DF
330
7DA
100
AcDbEntity
 67
     1
  8
9.7 - LEGENDA
  0
MTEXT
  5
7E0
330
D2
100
AcDbEntity
 67
     1
  8
02
100
AcDbMText
 10
973.9633500981913
 20
366.4455462929614
 30
0.0
 40
5.0
 41
182.2486592237706
 46
134.010827834225
 71
     1
 72
     5
  3
\pxqj;{\FArialMT|c0;\C1;\c255;Informamos que como as medidas e dimensões do espaço do cliente não foram disponilizadas se faz necessário a confirmação das mesmas antes do início da montagem. As medidas de nossos produtos são as únicas que garantimos 
  1
em projeto.}
  7
DIM
 73
     1
 44
1.0
1001
AcadAnnotative
1000
AnnotativeData
1002
{
1070
     1
1070
     0
1002
}
1001
ACAD
1000
ACAD_MTEXT_DEFINED_HEIGHT_BEGIN
1070
    46
1040
134.010827834225
1000
ACAD_MTEXT_DEFINED_HEIGHT_END
  0
MTEXT
  5
7E1
330
D2
100
AcDbEntity
 67
     1
  8
02
100
AcDbMText
 10
974.8067117098512
 20
428.0109439441153
 30
0.0
 40
5.0
 41
182.2486592237706
 46
134.010827834225
 71
     1
 72
     5
  3
\pxqj;{\FArialMT|c0;\C1;\c255;Informamos que as medidas e dimensões apresentadas no projeto são baseadas nas informações e dados disponibilizados pelo cliente ou por terceiros autorizados. As medidas de nossos produtos são as únicas que garantimos em
  1
 projeto.}
  7
DIM
 73
     1
 44
1.0
1001
AcadAnnotative
1000
AnnotativeData
1002
{
1070
     1
1070
     0
1002
}
1001
ACAD
1000
ACAD_MTEXT_DEFINED_HEIGHT_BEGIN
1070
    46
1040
134.010827834225
1000
ACAD_MTEXT_DEFINED_HEIGHT_END
  0
TEXT
  5
7E2
330
D2
100
AcDbEntity
 67
     1
  8
9.7 - LEGENDA
 48
2.0
370
    -2
100
AcDbText
 10
35.42070523361451
 20
769.5257950276265
 30
0.0
 40
8.0
  1
PLANTA BAIXA - ESCALA: 1/30
  7
ROMANS
 72
     4
 11
133.1349909479002
 21
772.9543664561979
 31
0.0
100
AcDbText
1001
AcadAnnotative
1000
AnnotativeData
1002
{
1070
     1
1070
     0
1002
}
  0
TEXT
  5
7E3
330
D2
100
AcDbEntity
 67
     1
  8
9.7 - LEGENDA
 48
2.0
370
    -2
100
AcDbText
 10
203.8976013724164
 20
22.03600780961013
 30
0.0
 40
8.0
  1
CORTES - ESCALA: 1/30
  7
ROMANS
 72
     4
 11
282.5642680390831
 21
25.46457923818156
 31
0.0
100
AcDbText
1001
AcadAnnotative
1000
AnnotativeData
1002
{
1070
     1
1070
     0
1002
}
  0
INSERT
  5
7E4
330
D2
100
AcDbEntity
 67
     1
  8
9.7 - LEGENDA
370
     0
100
AcDbBlockReference
 66
     1
  2
CAPCIDADE TOTAL
 10
-12167.66416548681
 20
-14693.34999909711
 30
0.0
  0
ATTRIB
  5
7E5
330
7E4
100
AcDbEntity
 67
     1
  8
9.7 - LEGENDA
100
AcDbText
 10
1130.470932789354
 20
128.3982447373402
 30
0.0
 40
2.5
  1
280 PALLETS
  7
Legenda
 72
     4
 11
1142.911408979831
 21
129.6482447373402
 31
0.0
100
AcDbAttribute
  2
XPALLETS
 70
     0
280
     1
1001
AcDbBlockRepETag
1070
     1
1071
       40
1005
0
1001
AcadAnnotative
1000
AnnotativeData
1002
{
1070
     1
1070
     0
1002
}
  0
SEQEND
  5
7E6
330
7E4
100
AcDbEntity
 67
     1
  8
9.7 - LEGENDA
  0
LINE
  5
7E7
330
D2
100
AcDbEntity
 67
     1
  8
9 - LEGENDA
100
AcDbLine
 10
974.7039510601926
 20
124.4934439959763
 30
0.0
 11
1159.703951060193
 21
124.4934439959763
 31
0.0
1001
AcDbBlockRepETag
1070
     1
1071
        0
1005
7E7
  0
INSERT
  5
7E8
102
{ACAD_XDICTIONARY
360
7E9
102
}
330
D2
100
AcDbEntity
 67
     1
  8
0
100
AcDbBlockReference
  2
*U9
 10
1000.561976982031
 20
193.5689334999888
 30
0.0
 41
0.0124369747899238
 42
0.0124369747899238
 43
0.0124369747899238
1001
AcDbBlockRepETag
1070
     1
1071
        0
1005
0
  0
LINE
  5
7EF
330
D2
100
AcDbEntity
 67
     1
  8
02
100
AcDbLine
 10
1132.498068707338
 20
225.0396994582015
 30
0.0
 11
1132.498068707338
 21
209.4934809707966
 31
0.0
1001
AcDbBlockRepETag
1070
     1
1071
        1
1005
0
  0
LINE
  5
7F0
330
D2
100
AcDbEntity
 67
     1
  8
02
100
AcDbLine
 10
1023.674539295474
 20
225.0396994582015
 30
0.0
 11
1159.70395106029
 21
225.0396994582015
 31
0.0
1001
AcDbBlockRepETag
1070
     1
1071
        2
1005
0
  0
LINE
  5
7F1
330
D2
100
AcDbEntity
 67
     1
  8
02
100
AcDbLine
 10
1050.880421648484
 20
225.0396994582015
 30
0.0
 11
1050.880421648484
 21
209.4934809707966
 31
0.0
1001
AcDbBlockRepETag
1070
     1
1071
        3
1005
0
  0
LINE
  5
7F2
330
D2
100
AcDbEntity
 67
     1
  8
02
100
AcDbLine
 10
1078.086304001435
 20
217.266590214499
 30
0.0
 11
1078.086304001435
 21
209.4934809707966
 31
0.0
1001
AcDbBlockRepETag
1070
     1
1071
        4
1005
0
  0
LINE
  5
7F3
330
D2
100
AcDbEntity
 67
     1
  8
02
100
AcDbLine
 10
1105.292186354387
 20
217.266590214499
 30
0.0
 11
1105.292186354387
 21
209.4934809707966
 31
0.0
1001
AcDbBlockRepETag
1070
     1
1071
        5
1005
0
  0
LINE
  5
7F4
330
D2
100
AcDbEntity
 67
     1
  8
02
100
AcDbLine
 10
1050.880421648484
 20
217.266590214499
 30
0.0
 11
1132.498068707338
 21
217.266590214499
 31
0.0
1001
AcDbBlockRepETag
1070
     1
1071
        6
1005
0
  0
MTEXT
  5
7F5
330
D2
100
AcDbEntity
 67
     1
  8
02
 62
     2
100
AcDbMText
 10
1076.875406732708
 20
223.3035748286684
 30
0.0
 40
3.109243697480948
 41
69.81194268779804
 46
0.0
 71
     1
 72
     5
  1
DIMENSÕES (mm)
  7
Legenda
 73
     1
 44
1.0
1001
AcadAnnotative
1000
AnnotativeData
1002
{
1070
     1
1070
     0
1002
}
1001
AcDbBlockRepETag
1070
     1
1071
        7
1005
0
  0
MTEXT
  5
7F6
330
D2
100
AcDbEntity
 67
     1
  8
02
 62
     2
100
AcDbMText
 10
1056.471178550606
 20
214.7344383714271
 30
0.0
 40
2.331932773110711
 41
69.81194268779804
 46
0.0
 71
     1
 72
     5
  1
LARGURA
  7
Legenda
 73
     1
 44
1.0
1001
AcadAnnotative
1000
AnnotativeData
1002
{
1070
     1
1070
     0
1002
}
1001
AcDbBlockRepETag
1070
     1
1071
        8
1005
0
  0
MTEXT
  5
7F7
330
D2
100
AcDbEntity
 67
     1
  8
02
 62
     2
100
AcDbMText
 10
1079.062158431026
 20
214.6902364442694
 30
0.0
 40
2.331932773110711
 41
69.81194268779804
 46
0.0
 71
     1
 72
     5
  1
PROFUNDIDADE
  7
Legenda
 73
     1
 44
1.0
1001
AcadAnnotative
1000
AnnotativeData
1002
{
1070
     1
1070
     0
1002
}
1001
AcDbBlockRepETag
1070
     1
1071
        9
1005
0
  0
MTEXT
  5
7F8
330
D2
100
AcDbEntity
 67
     1
  8
02
 62
     2
100
AcDbMText
 10
1112.573827357131
 20
214.7344383714271
 30
0.0
 40
2.331932773110711
 41
69.81194268779804
 46
0.0
 71
     1
 72
     5
  1
ALTURA
  7
Legenda
 73
     1
 44
1.0
1001
AcadAnnotative
1000
AnnotativeData
1002
{
1070
     1
1070
     0
1002
}
1001
AcDbBlockRepETag
1070
     1
1071
       10
1005
0
  0
MTEXT
  5
7F9
330
D2
100
AcDbEntity
 67
     1
  8
02
 62
     2
100
AcDbMText
 10
1028.309823071102
 20
219.1824306035969
 30
0.0
 40
3.109243697480948
 41
69.81194268779804
 46
0.0
 71
     1
 72
     5
  1
MODELO
  7
Legenda
 73
     1
 44
1.0
1001
AcadAnnotative
1000
AnnotativeData
1002
{
1070
     1
1070
     0
1002
}
1001
AcDbBlockRepETag
1070
     1
1071
       11
1005
0
  0
MTEXT
  5
7FA
330
D2
100
AcDbEntity
 67
     1
  8
02
100
AcDbMText
 10
1034.817682009756
 20
236.5936750770534
 30
0.0
 40
5.441176470591659
 41
139.1081526549114
 46
15.20831222769222
 71
     1
 72
     5
  1
DETALHAMENTO DO PALLET
  7
Legenda
 73
     1
 44
1.0
1001
AcadAnnotative
1000
AnnotativeData
1002
{
1070
     1
1070
     0
1002
}
1001
AcDbBlockRepETag
1070
     1
1071
       12
1005
0
1001
ACAD
1000
ACAD_MTEXT_DEFINED_HEIGHT_BEGIN
1070
    46
1040
15.20831222769222
1000
ACAD_MTEXT_DEFINED_HEIGHT_END
  0
MTEXT
  5
7FB
330
D2
100
AcDbEntity
 67
     1
  8
02
 62
     2
100
AcDbMText
 10
1134.053611061461
 20
219.3123802395248
 30
0.0
 40
3.109243697480948
 41
69.81194268779804
 46
0.0
 71
     1
 72
     5
  1
PESO (Kg)
  7
Legenda
 73
     1
 44
1.0
1001
AcadAnnotative
1000
AnnotativeData
1002
{
1070
     1
1070
     0
1002
}
1001
AcDbBlockRepETag
1070
     1
1071
       13
1005
0
  0
INSERT
  5
7FC
330
D2
100
AcDbEntity
 67
     1
  8
02
100
AcDbBlockReference
 66
     1
  2
Bloco 01 Pallet
 10
-470811.2303648658
 20
-51775.75409185985
 30
0.0
1001
AcDbBlockRepETag
1070
     1
1071
       14
1005
0
  0
ATTRIB
  5
7FD
330
7FC
100
AcDbEntity
 67
     1
  8
02
100
AcDbText
 10
1138.196247979081
 20
199.7203717270941
 30
0.0
 40
4.0
  1
1500
  7
Legenda
 72
     4
 11
1146.101009883843
 21
201.7203717270941
 31
0.0
100
AcDbAttribute
  2
XXXXKG
 70
     0
280
     1
1001
AcadAnnotative
1000
AnnotativeData
1002
{
1070
     1
1070
     0
1002
}
  0
ATTRIB
  5
7FE
330
7FC
100
AcDbEntity
 67
     1
  8
02
100
AcDbText
 10
1111.276079911844
 20
199.7203717270941
 30
0.0
 40
4.0
  1
2100
  7
Legenda
 72
     4
 11
1118.895127530892
 21
201.7203717270941
 31
0.0
100
AcDbAttribute
  2
XXXX
 70
     0
280
     1
1001
AcadAnnotative
1000
AnnotativeData
1002
{
1070
     1
1070
     0
1002
}
  0
ATTRIB
  5
7FF
330
7FC
100
AcDbEntity
 67
     1
  8
02
100
AcDbText
 10
1083.784483273178
 20
199.7203717270941
 30
0.0
 40
4.0
  1
1000
  7
Legenda
 72
     4
 11
1091.68924517794
 21
201.7203717270941
 31
0.0
100
AcDbAttribute
  2
XXXX
 70
     0
280
     1
1001
AcadAnnotative
1000
AnnotativeData
1002
{
1070
     1
1070
     0
1002
}
  0
ATTRIB
  5
800
330
7FC
100
AcDbEntity
 67
     1
  8
02
100
AcDbText
 10
1056.578600920227
 20
199.7203717270941
 30
0.0
 40
4.0
  1
1200
  7
Legenda
 72
     4
 11
1064.483362824989
 21
201.7203717270941
 31
0.0
100
AcDbAttribute
  2
XXXX
 70
     0
280
     1
1001
AcadAnnotative
1000
AnnotativeData
1002
{
1070
     1
1070
     0
1002
}
  0
ATTRIB
  5
801
330
7FC
100
AcDbEntity
 67
     1
  8
02
100
AcDbText
 10
1030.610813805312
 20
199.2203717270941
 30
0.0
 40
5.0
  1
P01
  7
Legenda
 72
     4
 11
1037.277480471979
 21
201.7203717270941
 31
0.0
100
AcDbAttribute
  2
A
 70
     0
280
     1
1001
AcadAnnotative
1000
AnnotativeData
1002
{
1070
     1
1070
     0
1002
}
  0
SEQEND
  5
802
330
7FC
100
AcDbEntity
 67
     1
  8
02
  0
LINE
  5
803
330
D2
100
AcDbEntity
 67
     1
  8
02
100
AcDbLine
 10
1159.70395106029
 20
239.4934624833886
 30
0.0
 11
1159.70395106029
 21
209.4934809707966
 31
0.0
1001
AcDbBlockRepETag
1070
     1
1071
       15
1005
0
  0
LINE
  5
804
330
D2
100
AcDbEntity
 67
     1
  8
02
100
AcDbLine
 10
1159.70395106029
 20
209.4934809707966
 30
0.0
 11
1023.674539295474
 21
209.4934809707966
 31
0.0
1001
AcDbBlockRepETag
1070
     1
1071
       16
1005
0
  0
LINE
  5
805
330
D2
100
AcDbEntity
 67
     1
  8
02
100
AcDbLine
 10
1023.674539295474
 20
239.4934624833886
 30
0.0
 11
1159.70395106029
 21
239.4934624833886
 31
0.0
1001
AcDbBlockRepETag
1070
     1
1071
       17
1005
0
  0
LINE
  5
806
330
D2
100
AcDbEntity
 67
     1
  8
02
100
AcDbLine
 10
1023.674539295474
 20
179.4934809707966
 30
0.0
 11
974.7039510602897
 21
179.4934809707966
 31
0.0
1001
AcDbBlockRepETag
1070
     1
1071
       18
1005
0
  0
LINE
  5
807
330
D2
100
AcDbEntity
 67
     1
  8
02
100
AcDbLine
 10
974.7039510602897
 20
179.4934809707966
 30
0.0
 11
974.7039510602897
 21
239.4934624833886
 31
0.0
1001
AcDbBlockRepETag
1070
     1
1071
       19
1005
0
  0
LINE
  5
808
330
D2
100
AcDbEntity
 67
     1
  8
02
100
AcDbLine
 10
974.7039510602897
 20
239.4934624833886
 30
0.0
 11
1023.674539295474
 21
239.4934624833886
 31
0.0
1001
AcDbBlockRepETag
1070
     1
1071
       20
1005
0
  0
LINE
  5
809
330
D2
100
AcDbEntity
 67
     1
  8
02
100
AcDbLine
 10
1023.674539295474
 20
209.4934809707966
 30
0.0
 11
1023.674539295474
 21
239.4934624833886
 31
0.0
1001
AcDbBlockRepETag
1070
     1
1071
       21
1005
0
  0
LINE
  5
80A
330
D2
100
AcDbEntity
 67
     1
  8
02
100
AcDbLine
 10
1023.674539295474
 20
239.4934624833886
 30
0.0
 11
1023.674539295474
 21
179.4934809707966
 31
0.0
1001
AcDbBlockRepETag
1070
     1
1071
       22
1005
0
  0
INSERT
  5
80B
330
D2
100
AcDbEntity
 67
     1
  8
02
100
AcDbBlockReference
 66
     1
  2
Bloco 01 Pallet
 10
-470811.2303648658
 20
-51790.75409185985
 30
0.0
1001
AcDbBlockRepETag
1070
     1
1071
       14
1005
0
1001
AcDbBlockArrayActionTag
1070
     1
  0
ATTRIB
  5
80C
330
80B
100
AcDbEntity
 67
     1
  8
02
100
AcDbText
 10
1138.196247979081
 20
184.7203717270941
 30
0.0
 40
4.0
  1
1500
  7
Legenda
 72
     4
 11
1146.101009883843
 21
186.7203717270941
 31
0.0
100
AcDbAttribute
  2
XXXXKG
 70
     0
280
     1
1001
AcadAnnotative
1000
AnnotativeData
1002
{
1070
     1
1070
     0
1002
}
  0
ATTRIB
  5
80D
330
80B
100
AcDbEntity
 67
     1
  8
02
100
AcDbText
 10
1110.99036562613
 20
184.7203717270941
 30
0.0
 40
4.0
  1
1700
  7
Legenda
 72
     4
 11
1118.895127530892
 21
186.7203717270941
 31
0.0
100
AcDbAttribute
  2
XXXX
 70
     0
280
     1
1001
AcadAnnotative
1000
AnnotativeData
1002
{
1070
     1
1070
     0
1002
}
  0
ATTRIB
  5
80E
330
80B
100
AcDbEntity
 67
     1
  8
02
100
AcDbText
 10
1083.784483273178
 20
184.7203717270941
 30
0.0
 40
4.0
  1
1000
  7
Legenda
 72
     4
 11
1091.68924517794
 21
186.7203717270941
 31
0.0
100
AcDbAttribute
  2
XXXX
 70
     0
280
     1
1001
AcadAnnotative
1000
AnnotativeData
1002
{
1070
     1
1070
     0
1002
}
  0
ATTRIB
  5
80F
330
80B
100
AcDbEntity
 67
     1
  8
02
100
AcDbText
 10
1056.578600920227
 20
184.7203717270941
 30
0.0
 40
4.0
  1
1200
  7
Legenda
 72
     4
 11
1064.483362824989
 21
186.7203717270941
 31
0.0
100
AcDbAttribute
  2
XXXX
 70
     0
280
     1
1001
AcadAnnotative
1000
AnnotativeData
1002
{
1070
     1
1070
     0
1002
}
  0
ATTRIB
  5
810
330
80B
100
AcDbEntity
 67
     1
  8
02
100
AcDbText
 10
1029.896528091027
 20
184.2203717270941
 30
0.0
 40
5.0
  1
P02
  7
Legenda
 72
     4
 11
1037.277480471979
 21
186.7203717270941
 31
0.0
100
AcDbAttribute
  2
A
 70
     0
280
     1
1001
AcadAnnotative
1000
AnnotativeData
1002
{
1070
     1
1070
     0
1002
}
  0
SEQEND
  5
811
330
80B
100
AcDbEntity
 67
     1
  8
02
  0
INSERT
  5
812
330
D2
100
AcDbEntity
 67
     1
  8
0
100
AcDbBlockReference
 66
     1
  2
Bloco Descrição Drive In
 10
-471075.8143610536
 20
-51755.19674150687
 30
0.0
1001
AcDbBlockRepETag
1070
     1
1071
        1
1005
0
  0
ATTRIB
  5
813
330
812
100
AcDbEntity
 67
     1
  8
02
100
AcDbText
 10
974.9784748694935
 20
138.3434439960953
 30
0.0
 40
2.3
  1
BLOCO A
  7
Legenda
 72
     4
 11
982.9189510599697
 21
139.4934439960953
 31
0.0
100
AcDbAttribute
  2
A
 70
     0
280
     1
1001
AcadAnnotative
1000
AnnotativeData
1002
{
1070
     1
1070
     0
1002
}
  0
ATTRIB
  5
814
330
812
100
AcDbEntity
 67
     1
  8
02
100
AcDbText
 10
994.872760583714
 20
138.6363011389524
 30
0.0
 40
2.0
  1
22830/5705/8800
  7
Legenda
 72
     4
 11
1009.348951059905
 21
139.4934439960953
 31
0.0
100
AcDbAttribute
  2
LARGXPROFXALT
 70
     0
280
     1
1001
AcadAnnotative
1000
AnnotativeData
1002
{
1070
     1
1070
     0
1002
}
  0
ATTRIB
  5
815
330
812
100
AcDbEntity
 67
     1
  8
02
100
AcDbText
 10
1028.683712964601
 20
138.3029678056191
 30
0.0
 40
2.0
  1
PISO+03 NÍVEIS
  7
Legenda
 72
     4
 11
1040.778951059839
 21
139.4934439960953
 31
0.0
100
AcDbAttribute
  2
BASE+XXPALLETS
 70
     0
280
     1
1001
AcadAnnotative
1000
AnnotativeData
1002
{
1070
     1
1070
     0
1002
}
  0
ATTRIB
  5
816
330
812
100
AcDbEntity
 67
     1
  8
02
100
AcDbText
 10
1060.256570107393
 20
138.4934439960953
 30
0.0
 40
2.0
  1
1500 KG
  7
Legenda
 72
     4
 11
1067.208951059774
 21
139.4934439960953
 31
0.0
100
AcDbAttribute
  2
XXKG
 70
     0
280
     1
1001
AcadAnnotative
1000
AnnotativeData
1002
{
1070
     1
1070
     0
1002
}
  0
ATTRIB
  5
817
330
812
100
AcDbEntity
 67
     1
  8
02
100
AcDbText
 10
1084.638951059942
 20
138.4934439960953
 30
0.0
 40
2.0
  1
20 PALLETS
  7
Legenda
 72
     4
 11
1093.638951059942
 21
139.4934439960953
 31
0.0
100
AcDbAttribute
  2
XXPALLETS
 70
     0
280
     1
1001
AcadAnnotative
1000
AnnotativeData
1002
{
1070
     1
1070
     0
1002
}
  0
ATTRIB
  5
818
330
812
100
AcDbEntity
 67
     1
  8
02
100
AcDbText
 10
1113.164189155115
 20
138.4934439960953
 30
0.0
 40
2.0
  1
14 RUAS
  7
Legenda
 72
     4
 11
1120.068951059877
 21
139.4934439960953
 31
0.0
100
AcDbAttribute
  2
XRUAS
 70
     0
280
     1
1001
AcadAnnotative
1000
AnnotativeData
1002
{
1070
     1
1070
     0
1002
}
  0
ATTRIB
  5
819
330
812
100
AcDbEntity
 67
     1
  8
02
100
AcDbText
 10
1136.546570107431
 20
138.4934439960953
 30
0.0
 40
2.0
  1
280 PALLETS
  7
Legenda
 72
     4
 11
1146.498951059811
 21
139.4934439960953
 31
0.0
100
AcDbAttribute
  2
XXXPALLETS
 70
     0
280
     1
1001
AcadAnnotative
1000
AnnotativeData
1002
{
1070
     1
1070
     0
1002
}
  0
SEQEND
  5
81A
330
812
100
AcDbEntity
 67
     1
  8
0
  0
LINE
  5
81B
330
D2
100
AcDbEntity
 67
     1
  8
02
100
AcDbLine
 10
974.7039510602351
 20
164.4934439959789
 30
0.0
 11
1159.703951060235
 21
164.4934439959789
 31
0.0
1001
AcDbBlockRepETag
1070
     1
1071
        2
1005
0
  0
LINE
  5
81C
330
D2
100
AcDbEntity
 67
     1
  8
02
100
AcDbLine
 10
991.1339510602281
 20
144.4934439959789
 30
0.0
 11
991.1339510602281
 21
164.4934439959789
 31
0.0
1001
AcDbBlockRepETag
1070
     1
1071
        3
1005
0
  0
LINE
  5
81D
330
D2
100
AcDbEntity
 67
     1
  8
02
100
AcDbLine
 10
1027.563951060221
 20
144.4934439959789
 30
0.0
 11
1027.563951060221
 21
164.4934439959789
 31
0.0
1001
AcDbBlockRepETag
1070
     1
1071
        4
1005
0
  0
LINE
  5
81E
330
D2
100
AcDbEntity
 67
     1
  8
02
100
AcDbLine
 10
1053.993951060214
 20
144.4934439959789
 30
0.0
 11
1053.993951060214
 21
164.4934439959789
 31
0.0
1001
AcDbBlockRepETag
1070
     1
1071
        5
1005
0
  0
LINE
  5
81F
330
D2
100
AcDbEntity
 67
     1
  8
02
100
AcDbLine
 10
1080.423951060207
 20
144.4934439959789
 30
0.0
 11
1080.423951060207
 21
164.4934439959789
 31
0.0
1001
AcDbBlockRepETag
1070
     1
1071
        6
1005
0
  0
LINE
  5
820
330
D2
100
AcDbEntity
 67
     1
  8
02
100
AcDbLine
 10
1106.853951060258
 20
144.4934439959789
 30
0.0
 11
1106.853951060258
 21
164.4934439959789
 31
0.0
1001
AcDbBlockRepETag
1070
     1
1071
        7
1005
0
  0
LINE
  5
821
330
D2
100
AcDbEntity
 67
     1
  8
02
100
AcDbLine
 10
1133.283951060252
 20
144.4934439959789
 30
0.0
 11
1133.283951060252
 21
164.4934439959789
 31
0.0
1001
AcDbBlockRepETag
1070
     1
1071
        8
1005
0
  0
MTEXT
  5
822
330
D2
100
AcDbEntity
 67
     1
  8
02
100
AcDbMText
 10
1006.195148553046
 20
175.3043335926295
 30
0.0
 40
5.0
 41
159.1197780857071
 46
0.0
 71
     1
 72
     5
  1
DESCRIÇÕES TÉCNICAS DRIVE IN
  7
Legenda
 73
     1
 44
1.0
1001
AcadAnnotative
1000
AnnotativeData
1002
{
1070
     1
1070
     0
1002
}
1001
AcDbBlockRepETag
1070
     1
1071
        9
1005
0
  0
MTEXT
  5
823
330
D2
100
AcDbEntity
 67
     1
  8
02
100
AcDbMText
 10
975.9088063305696
 20
158.5864013739219
 30
0.0
 40
2.0
 41
13.36848458985332
 46
3.189371173402053
 71
     1
 72
     5
  1
\pxqc;TIPO DRIVE IN
  7
Legenda
 73
     1
 44
1.0
1001
AcadAnnotative
1000
AnnotativeData
1002
{
1070
     1
1070
     0
1002
}
1001
AcDbBlockRepETag
1070
     1
1071
       10
1005
0
1001
ACAD
1000
ACAD_MTEXT_DEFINED_HEIGHT_BEGIN
1070
    46
1040
3.189371173402053
1000
ACAD_MTEXT_DEFINED_HEIGHT_END
  0
MTEXT
  5
824
330
D2
100
AcDbEntity
 67
     1
  8
02
100
AcDbMText
 10
998.2526008265429
 20
158.2896271586242
 30
0.0
 40
2.0
 41
22.45288026623894
 46
3.189371173402053
 71
     1
 72
     5
  1
\pxqc;DIMENSÃO DA RUA\P{\H0.75x;(LARG./COMP./ALT.)}
  7
Legenda
 73
     1
 44
1.0
1001
AcadAnnotative
1000
AnnotativeData
1002
{
1070
     1
1070
     0
1002
}
1001
AcDbBlockRepETag
1070
     1
1071
       11
1005
0
1001
ACAD
1000
ACAD_MTEXT_DEFINED_HEIGHT_BEGIN
1070
    46
1040
3.189371173402053
1000
ACAD_MTEXT_DEFINED_HEIGHT_END
  0
MTEXT
  5
825
330
D2
100
AcDbEntity
 67
     1
  8
02
100
AcDbMText
 10
1034.458604366273
 20
156.9083357915033
 30
0.0
 40
2.0
 41
13.36848458985332
 46
3.189371173402053
 71
     1
 72
     5
  1
\pxqc;EMPILHAMENTO
  7
Legenda
 73
     1
 44
1.0
1001
AcadAnnotative
1000
AnnotativeData
1002
{
1070
     1
1070
     0
1002
}
1001
AcDbBlockRepETag
1070
     1
1071
       12
1005
0
1001
ACAD
1000
ACAD_MTEXT_DEFINED_HEIGHT_BEGIN
1070
    46
1040
3.189371173402053
1000
ACAD_MTEXT_DEFINED_HEIGHT_END
  0
MTEXT
  5
826
330
D2
100
AcDbEntity
 67
     1
  8
02
100
AcDbMText
 10
1052.862280522344
 20
157.4365497573554
 30
0.0
 40
2.0
 41
29.14775011973688
 46
3.189371173402053
 71
     1
 72
     5
  1
\pxqc;CARGA MÁXIMA POR PLANO
  7
Legenda
 73
     1
 44
1.0
1001
AcadAnnotative
1000
AnnotativeData
1002
{
1070
     1
1070
     0
1002
}
1001
AcDbBlockRepETag
1070
     1
1071
       13
1005
0
1001
ACAD
1000
ACAD_MTEXT_DEFINED_HEIGHT_BEGIN
1070
    46
1040
3.189371173402053
1000
ACAD_MTEXT_DEFINED_HEIGHT_END
  0
MTEXT
  5
827
330
D2
100
AcDbEntity
 67
     1
  8
02
100
AcDbMText
 10
1108.743641565832
 20
159.2148892435171
 30
0.0
 40
2.0
 41
22.33207101351582
 46
3.189371173402053
 71
     1
 72
     5
  1
\pxqc;QUANTIDADE DE RUA
  7
Legenda
 73
     1
 44
1.0
1001
AcadAnnotative
1000
AnnotativeData
1002
{
1070
     1
1070
     0
1002
}
1001
AcDbBlockRepETag
1070
     1
1071
       14
1005
0
1001
ACAD
1000
ACAD_MTEXT_DEFINED_HEIGHT_BEGIN
1070
    46
1040
3.189371173402053
1000
ACAD_MTEXT_DEFINED_HEIGHT_END
  0
MTEXT
  5
828
330
D2
100
AcDbEntity
 67
     1
  8
02
100
AcDbMText
 10
1140.009577922801
 20
160.4336757439187
 30
0.0
 40
2.0
 41
13.36848458985332
 46
3.189371173402053
 71
     1
 72
     5
  1
\pxqc;CAPACIDADE ARMAZENAGEM TOTAL
  7
Legenda
 73
     1
 44
1.0
1001
AcadAnnotative
1000
AnnotativeData
1002
{
1070
     1
1070
     0
1002
}
1001
AcDbBlockRepETag
1070
     1
1071
       15
1005
0
1001
ACAD
1000
ACAD_MTEXT_DEFINED_HEIGHT_BEGIN
1070
    46
1040
3.189371173402053
1000
ACAD_MTEXT_DEFINED_HEIGHT_END
  0
MTEXT
  5
829
330
D2
100
AcDbEntity
 67
     1
  8
02
100
AcDbMText
 10
1079.297280522342
 20
160.2853900530345
 30
0.0
 40
2.0
 41
29.14775011973688
 46
3.189371173402053
 71
     1
 72
     5
  1
\pxqc;CAP. DE ARMAZENAMENTO POR RUA
  7
Legenda
 73
     1
 44
1.0
1001
AcadAnnotative
1000
AnnotativeData
1002
{
1070
     1
1070
     0
1002
}
1001
AcDbBlockRepETag
1070
     1
1071
       16
1005
0
1001
ACAD
1000
ACAD_MTEXT_DEFINED_HEIGHT_BEGIN
1070
    46
1040
3.189371173402053
1000
ACAD_MTEXT_DEFINED_HEIGHT_END
  0
LWPOLYLINE
  5
82A
330
D2
100
AcDbEntity
 67
     1
  8
02
100
AcDbPolyline
 90
        4
 70
     1
 43
0.0
 10
974.7039510602351
 20
179.4934439959789
 10
1159.703951060235
 20
179.4934439959789
 10
1159.703951060235
 20
144.4934439959789
 10
974.7039510602351
 20
144.4934439959789
1001
AcDbBlockRepETag
1070
     1
1071
       17
1005
0
  0
ENDSEC
  0
SECTION
  2
OBJECTS
  0
DICTIONARY
  5
C
330
0
100
AcDbDictionary
281
     1
  3
ACAD_CIP_PREVIOUS_PRODUCT_INFO
350
216
  3
ACAD_COLOR
350
6B
  3
ACAD_DETAILVIEWSTYLE
350
21B
  3
ACAD_DGNDEFINITIONS
350
283
  3
ACAD_DWFDEFINITIONS
350
282
  3
ACAD_GROUP
350
D
  3
ACAD_IMAGE_DICT
350
27B
  3
ACAD_LAYOUT
350
1A
  3
ACAD_MATERIAL
350
6A
  3
ACAD_MLEADERSTYLE
350
12D
  3
ACAD_MLINESTYLE
350
17
  3
ACAD_PDFDEFINITIONS
350
281
  3
ACAD_PLOTSETTINGS
350
19
  3
ACAD_PLOTSTYLENAME
350
E
  3
ACAD_SCALELIST
350
10C
  3
ACAD_SECTIONVIEWSTYLE
350
219
  3
ACAD_TABLESTYLE
350
7E
  3
ACAD_VISUALSTYLE
350
EF
  3
ACDB_RECOMPOSE_DATA
350
862
  3
AcDbVariableDictionary
350
5E
  0
SUN
  5
27F
330
EA
100
AcDbSun
 90
        1
290
     0
 63
     7
421
 16777215
 40
1.0
291
     1
 91
  2455826
 92
 54000000
292
     0
 70
     2
 71
   256
280
     1
  0
DICTIONARY
  5
1FF
330
2
100
AcDbDictionary
280
     1
281
     1
  3
ACAD_LAYERSTATES
360
200
  0
DICTIONARY
  5
285
330
284
100
AcDbDictionary
280
     1
281
     1
  3
ADSK_XREC_LAYER_RECONCILED
360
286
  0
DICTIONARY
  5
28D
330
28C
100
AcDbDictionary
280
     1
281
     1
  3
ADSK_XREC_LAYER_RECONCILED
360
28E
  0
DICTIONARY
  5
290
330
28F
100
AcDbDictionary
280
     1
281
     1
  3
ADSK_XREC_LAYER_RECONCILED
360
291
  0
DICTIONARY
  5
293
330
292
100
AcDbDictionary
280
     1
281
     1
  3
ADSK_XREC_LAYER_RECONCILED
360
294
  0
DICTIONARY
  5
296
330
295
100
AcDbDictionary
280
     1
281
     1
  3
ADSK_XREC_LAYER_RECONCILED
360
297
  0
DICTIONARY
  5
299
330
298
100
AcDbDictionary
280
     1
281
     1
  3
ADSK_XREC_LAYER_RECONCILED
360
29A
  0
DICTIONARY
  5
29C
330
29B
100
AcDbDictionary
280
     1
281
     1
  3
ADSK_XREC_LAYER_RECONCILED
360
29D
  0
DICTIONARY
  5
2DB
330
280
100
AcDbDictionary
280
     1
281
     1
  3
ACAD_SORTENTS
360
2DC
  0
DICTIONARY
  5
2A3
330
2A2
100
AcDbDictionary
280
     1
281
     1
  3
ACAD_SORTENTS
360
2A4
  0
DICTIONARY
  5
530
330
52F
100
AcDbDictionary
280
     1
281
     1
  3
ACAD_ENHANCEDBLOCK
360
531
  3
AcDbDynamicBlockRoundTripPurgePreventer
360
536
  0
DICTIONARY
  5
57B
330
57A
100
AcDbDictionary
280
     1
281
     1
  3
ACAD_ENHANCEDBLOCK
360
57C
  3
AcDbDynamicBlockRoundTripPurgePreventer
360
581
  0
DICTIONARY
  5
7AF
330
7AE
100
AcDbDictionary
280
     1
281
     1
  3
ASDK_XREC_ANNOTATION_SCALE_INFO
360
7B0
  0
SUN
  5
7B1
330
7AE
100
AcDbSun
 90
        1
290
     0
 63
     7
421
 16777215
 40
1.0
291
     1
 91
  2455826
 92
 54000000
292
     0
 70
     2
 71
   256
280
     1
  0
DICTIONARY
  5
7B3
330
7B2
100
AcDbDictionary
280
     1
281
     1
  3
ASDK_XREC_ANNOTATION_SCALE_INFO
360
7B4
  0
SUN
  5
7B5
330
7B2
100
AcDbSun
 90
        1
290
     0
 63
     7
421
 16777215
 40
1.0
291
     1
 91
  2455826
 92
 54000000
292
     0
 70
     2
 71
   256
280
     1
  0
DICTIONARY
  5
52C
330
52B
100
AcDbDictionary
280
     1
281
     1
  3
AcDbBlockRepresentation
360
52D
  0
DICTIONARY
  5
2F7
330
2F6
100
AcDbDictionary
280
     1
281
     1
  0
DICTIONARY
  5
2F9
330
2F8
100
AcDbDictionary
280
     1
281
     1
  0
DICTIONARY
  5
320
330
31F
100
AcDbDictionary
280
     1
281
     1
  0
DICTIONARY
  5
323
330
322
100
AcDbDictionary
280
     1
281
     1
  0
DICTIONARY
  5
325
330
324
100
AcDbDictionary
280
     1
281
     1
  0
DICTIONARY
  5
327
330
326
100
AcDbDictionary
280
     1
281
     1
  0
DICTIONARY
  5
329
330
328
100
AcDbDictionary
280
     1
281
     1
  0
DICTIONARY
  5
32B
330
32A
100
AcDbDictionary
280
     1
281
     1
  0
DICTIONARY
  5
32D
330
32C
100
AcDbDictionary
280
     1
281
     1
  0
DICTIONARY
  5
32F
330
32E
100
AcDbDictionary
280
     1
281
     1
  0
DICTIONARY
  5
331
330
330
100
AcDbDictionary
280
     1
281
     1
  0
DICTIONARY
  5
333
330
332
100
AcDbDictionary
280
     1
281
     1
  0
DICTIONARY
  5
335
330
334
100
AcDbDictionary
280
     1
281
     1
  0
DICTIONARY
  5
337
330
336
100
AcDbDictionary
280
     1
281
     1
  0
DICTIONARY
  5
310
330
30F
100
AcDbDictionary
280
     1
281
     1
  0
DICTIONARY
  5
313
330
312
100
AcDbDictionary
280
     1
281
     1
  0
DICTIONARY
  5
316
330
315
100
AcDbDictionary
280
     1
281
     1
  0
DICTIONARY
  5
66C
330
66B
100
AcDbDictionary
280
     1
281
     1
  0
DICTIONARY
  5
66E
330
66D
100
AcDbDictionary
280
     1
281
     1
  0
DICTIONARY
  5
6E1
330
6E0
100
AcDbDictionary
280
     1
281
     1
  0
DICTIONARY
  5
6E3
330
6E2
100
AcDbDictionary
280
     1
281
     1
  0
DICTIONARY
  5
579
330
578
100
AcDbDictionary
280
     1
281
     1
  0
DICTIONARY
  5
5A9
330
5A8
100
AcDbDictionary
280
     1
281
     1
  0
DICTIONARY
  5
622
330
621
100
AcDbDictionary
280
     1
281
     1
  0
DICTIONARY
  5
624
330
623
100
AcDbDictionary
280
     1
281
     1
  0
DICTIONARY
  5
76C
330
76B
100
AcDbDictionary
280
     1
281
     1
  3
AcDbBlockRepresentation
360
76D
  0
DICTIONARY
  5
7B7
330
7B6
100
AcDbDictionary
280
     1
281
     1
  3
ASDK_XREC_ANNOTATION_SCALE_INFO
360
7B8
  0
SUN
  5
7B9
330
7B6
100
AcDbSun
 90
        1
290
     0
 63
     7
421
 16777215
 40
1.0
291
     1
 91
  2455826
 92
 54000000
292
     0
 70
     2
 71
   256
280
     1
  0
DICTIONARY
  5
7BB
330
7BA
100
AcDbDictionary
280
     1
281
     1
  3
ASDK_XREC_ANNOTATION_SCALE_INFO
360
7BC
  0
SUN
  5
7BD
330
7BA
100
AcDbSun
 90
        1
290
     0
 63
     7
421
 16777215
 40
1.0
291
     1
 91
  2455826
 92
 54000000
292
     0
 70
     2
 71
   256
280
     1
  0
DICTIONARY
  5
7E9
330
7E8
100
AcDbDictionary
280
     1
281
     1
  3
AcDbBlockRepresentation
360
7EA
  0
XRECORD
  5
216
102
{ACAD_REACTORS
330
C
102
}
330
C
100
AcDbXrecord
280
     1
300
ACD
300
2019
300

  0
DICTIONARY
  5
6B
102
{ACAD_REACTORS
330
C
102
}
330
C
100
AcDbDictionary
281
     1
  0
DICTIONARY
  5
21B
102
{ACAD_REACTORS
330
C
102
}
330
C
100
AcDbDictionary
281
     1
  3
Metric50
350
21C
  0
DICTIONARY
  5
283
102
{ACAD_REACTORS
330
C
102
}
330
C
100
AcDbDictionary
281
     1
  0
DICTIONARY
  5
282
102
{ACAD_REACTORS
330
C
102
}
330
C
100
AcDbDictionary
281
     1
  0
DICTIONARY
  5
D
102
{ACAD_REACTORS
330
C
102
}
330
C
100
AcDbDictionary
281
     1
  0
DICTIONARY
  5
27B
102
{ACAD_REACTORS
330
C
102
}
330
C
100
AcDbDictionary
281
     1
  0
DICTIONARY
  5
1A
102
{ACAD_REACTORS
330
C
102
}
330
C
100
AcDbDictionary
281
     1
  3
Layout1
350
D3
  3
Layout2
350
D7
  3
Model
350
22
  0
DICTIONARY
  5
6A
102
{ACAD_REACTORS
330
C
102
}
330
C
100
AcDbDictionary
281
     1
  3
ByBlock
350
ED
  3
ByLayer
350
EC
  3
Global
350
EE
  0
DICTIONARY
  5
12D
102
{ACAD_REACTORS
330
C
102
}
330
C
100
AcDbDictionary
281
     1
  3
Annotative
350
13B
  3
Standard
350
12E
  0
DICTIONARY
  5
17
102
{ACAD_REACTORS
330
C
102
}
330
C
100
AcDbDictionary
281
     1
  3
Standard
350
18
  0
DICTIONARY
  5
281
102
{ACAD_REACTORS
330
C
102
}
330
C
100
AcDbDictionary
281
     1
  0
DICTIONARY
  5
19
102
{ACAD_REACTORS
330
C
102
}
330
C
100
AcDbDictionary
281
     1
  0
ACDBDICTIONARYWDFLT
  5
E
102
{ACAD_REACTORS
330
C
102
}
330
C
100
AcDbDictionary
281
     1
  3
Normal
350
F
100
AcDbDictionaryWithDefault
340
F
  0
DICTIONARY
  5
10C
102
{ACAD_REACTORS
330
C
102
}
330
C
100
AcDbDictionary
281
     1
  3
A0
350
10D
  3
A1
350
1BE
  3
A2
350
1BF
  3
A3
350
1C0
  3
A4
350
1C1
  3
A5
350
1C2
  3
A6
350
1C3
  3
A7
350
1C4
  3
A8
350
1C5
  3
A9
350
1C6
  3
B0
350
1C7
  3
B1
350
1C8
  3
B2
350
1C9
  3
B3
350
1CA
  3
B4
350
1CB
  3
B5
350
1CC
  3
B6
350
1CD
  0
DICTIONARY
  5
219
102
{ACAD_REACTORS
330
C
102
}
330
C
100
AcDbDictionary
281
     1
  3
Metric50
350
21A
  0
DICTIONARY
  5
7E
102
{ACAD_REACTORS
330
C
102
}
330
C
100
AcDbDictionary
281
     1
  3
Standard
350
7F
  0
DICTIONARY
  5
EF
102
{ACAD_REACTORS
330
C
102
}
330
C
100
AcDbDictionary
281
     1
  3
2dWireframe
350
F5
  3
Basic
350
F4
  3
Brighten
350
FB
  3
ColorChange
350
FF
  3
Conceptual
350
F8
  3
Dim
350
FA
  3
EdgeColorOff
350
1E6
  3
Facepattern
350
FE
  3
Flat
350
F0
  3
FlatWithEdges
350
F1
  3
Gouraud
350
F2
  3
GouraudWithEdges
350
F3
  3
Hidden
350
F7
  3
JitterOff
350
1E4
  3
Linepattern
350
FD
  3
OverhangOff
350
1E5
  3
Realistic
350
F9
  3
Shaded
350
1F3
  3
Shaded with edges
350
1F2
  3
Shades of Gray
350
1EF
  3
Sketchy
350
1F0
  3
Thicken
350
FC
  3
Wireframe
350
F6
  3
X-Ray
350
1F1
  0
XRECORD
  5
862
102
{ACAD_REACTORS
330
C
102
}
330
C
100
AcDbXrecord
280
     1
 90
        1
330
7F
330
324
  0
DICTIONARY
  5
5E
102
{ACAD_REACTORS
330
C
102
}
330
C
100
AcDbDictionary
281
     1
  3
CANNOSCALE
350
146
  3
CENTEREXE
350
259
  3
CENTERLTYPEFILE
350
25A
  3
CMLEADERSTYLE
350
145
  3
CTABLESTYLE
350
84
  3
CVIEWDETAILSTYLE
350
227
  3
CVIEWSECTIONSTYLE
350
228
  3
DIMASSOC
350
5F
  3
HIDETEXT
350
63
  3
LAYEREVAL
350
1AE
  3
LAYERNOTIFY
350
1AF
  0
DICTIONARY
  5
200
102
{ACAD_REACTORS
330
1FF
102
}
330
1FF
100
AcDbDictionary
281
     1
  0
XRECORD
  5
286
102
{ACAD_REACTORS
330
285
102
}
330
285
100
AcDbXrecord
280
     1
290
     0
  0
XRECORD
  5
28E
102
{ACAD_REACTORS
330
28D
102
}
330
28D
100
AcDbXrecord
280
     1
290
     0
  0
XRECORD
  5
291
102
{ACAD_REACTORS
330
290
102
}
330
290
100
AcDbXrecord
280
     1
290
     0
  0
XRECORD
  5
294
102
{ACAD_REACTORS
330
293
102
}
330
293
100
AcDbXrecord
280
     1
290
     0
  0
XRECORD
  5
297
102
{ACAD_REACTORS
330
296
102
}
330
296
100
AcDbXrecord
280
     1
290
     0
  0
XRECORD
  5
29A
102
{ACAD_REACTORS
330
299
102
}
330
299
100
AcDbXrecord
280
     1
290
     0
  0
XRECORD
  5
29D
102
{ACAD_REACTORS
330
29C
102
}
330
29C
100
AcDbXrecord
280
     1
290
     0
  0
SORTENTSTABLE
  5
2DC
102
{ACAD_REACTORS
330
2DB
102
}
330
2DB
100
AcDbSortentsTable
330
280
  0
SORTENTSTABLE
  5
2A4
102
{ACAD_REACTORS
330
2A3
102
}
330
2A3
100
AcDbSortentsTable
330
2A2
  0
ACAD_EVALUATION_GRAPH
  5
531
102
{ACAD_REACTORS
330
530
102
}
330
530
100
AcDbEvalGraph
 96
        4
 97
        4
 91
        0
 93
       32
 95
        1
360
532
 92
        2
 92
        2
 92
        0
 92
        1
 91
        1
 93
       32
 95
        2
360
533
 92
       -1
 92
       -1
 92
        2
 92
        2
 91
        2
 93
       32
 95
        3
360
534
 92
        0
 92
        0
 92
       -1
 92
       -1
 91
        3
 93
       32
 95
        4
360
535
 92
        1
 92
        1
 92
       -1
 92
       -1
 92
        0
 93
        0
 94
        1
 91
        0
 91
        2
 92
       -1
 92
       -1
 92
       -1
 92
        1
 92
       -1
 92
        1
 93
        0
 94
        1
 91
        0
 91
        3
 92
       -1
 92
       -1
 92
        0
 92
       -1
 92
       -1
 92
        2
 93
        0
 94
        1
 91
        1
 91
        0
 92
       -1
 92
       -1
 92
       -1
 92
       -1
 92
       -1
  0
ACDB_DYNAMICBLOCKPURGEPREVENTER_VERSION
  5
536
102
{ACAD_REACTORS
330
530
102
}
330
530
100
AcDbDynamicBlockPurgePreventer
 70
     1
  0
ACAD_EVALUATION_GRAPH
  5
57C
102
{ACAD_REACTORS
330
57B
102
}
330
57B
100
AcDbEvalGraph
 96
        4
 97
        4
 91
        0
 93
       32
 95
        1
360
57D
 92
        2
 92
        2
 92
        0
 92
        1
 91
        1
 93
       32
 95
        2
360
57E
 92
       -1
 92
       -1
 92
        2
 92
        2
 91
        2
 93
       32
 95
        3
360
57F
 92
        0
 92
        0
 92
       -1
 92
       -1
 91
        3
 93
       32
 95
        4
360
580
 92
        1
 92
        1
 92
       -1
 92
       -1
 92
        0
 93
        0
 94
        1
 91
        0
 91
        2
 92
       -1
 92
       -1
 92
       -1
 92
        1
 92
       -1
 92
        1
 93
        0
 94
        1
 91
        0
 91
        3
 92
       -1
 92
       -1
 92
        0
 92
       -1
 92
       -1
 92
        2
 93
        0
 94
        1
 91
        1
 91
        0
 92
       -1
 92
       -1
 92
       -1
 92
       -1
 92
       -1
  0
ACDB_DYNAMICBLOCKPURGEPREVENTER_VERSION
  5
581
102
{ACAD_REACTORS
330
57B
102
}
330
57B
100
AcDbDynamicBlockPurgePreventer
 70
     1
  0
XRECORD
  5
7B0
102
{ACAD_REACTORS
330
7AF
102
}
330
7AF
100
AcDbXrecord
280
     1
 90
        1
340
10D
  0
XRECORD
  5
7B4
102
{ACAD_REACTORS
330
7B3
102
}
330
7B3
100
AcDbXrecord
280
     1
 90
        1
340
10D
  0
DICTIONARY
  5
52D
102
{ACAD_REACTORS
330
52C
102
}
330
52C
100
AcDbDictionary
280
     1
281
     1
  3
AcDbRepData
360
52E
  3
AppDataCache
360
626
  0
DICTIONARY
  5
76D
102
{ACAD_REACTORS
330
76C
102
}
330
76C
100
AcDbDictionary
280
     1
281
     1
  3
AcDbRepData
360
76E
  3
AppDataCache
360
76F
  0
XRECORD
  5
7B8
102
{ACAD_REACTORS
330
7B7
102
}
330
7B7
100
AcDbXrecord
280
     1
 90
        1
340
10D
  0
XRECORD
  5
7BC
102
{ACAD_REACTORS
330
7BB
102
}
330
7BB
100
AcDbXrecord
280
     1
 90
        1
340
10D
  0
DICTIONARY
  5
7EA
102
{ACAD_REACTORS
330
7E9
102
}
330
7E9
100
AcDbDictionary
280
     1
281
     1
  3
AcDbRepData
360
7EB
  3
AppDataCache
360
7EC
  0
ACDBDETAILVIEWSTYLE
  5
21C
102
{ACAD_REACTORS
330
21B
102
}
102
{ACAD_XDICTIONARY
360
82C
102
}
330
21B
100
AcDbModelDocViewStyle
 70
     0
  3
Metric50
290
     0
100
AcDbDetailViewStyle
 70
     0
 71
     0
 90
        3
 71
     1
340
11
 62
   256
 40
5.0
340
0
 62
   256
 40
5.0
300

 40
0.0
280
     1
 71
     2
340
16
 90
       25
 62
   256
 71
     3
340
11
 62
   256
 40
5.0
 90
        0
 40
15.0
 90
        1
300
%<\AcVar ViewDetailId>% (%<\AcVar ViewScale \f "%sn">%)
 71
     4
340
16
 90
       25
 62
   256
340
16
 90
       25
 62
   256
280
     0
  0
LAYOUT
  5
D3
102
{ACAD_REACTORS
330
1A
102
}
330
1A
100
AcDbPlotSettings
  1

  2
none_device
  4
ISO_A4_(210.00_x_297.00_MM)
  6

 40
7.5
 41
20.0
 42
7.5
 43
20.0
 44
210.0
 45
297.0
 46
0.0
 47
0.0
 48
0.0
 49
0.0
140
0.0
141
0.0
142
1.0
143
1.0
 70
   688
 72
     1
 73
     1
 74
     5
  7

 75
    16
 76
     0
 77
     2
 78
   300
147
1.0
148
0.0
149
0.0
100
AcDbLayout
  1
Layout1
 70
     1
 71
     1
 10
-20.0
 20
-7.5
 11
277.0
 21
202.5
 12
0.0
 22
0.0
 32
0.0
 14
-18.45105297297232
 24
-10.13119783783623
 34
0.0
 15
1169.747523189699
 25
826.833895267875
 35
0.0
146
0.0
 13
0.0
 23
0.0
 33
0.0
 16
1.0
 26
0.0
 36
0.0
 17
0.0
 27
1.0
 37
0.0
 76
     0
330
D2
331
7B6
  0
LAYOUT
  5
D7
102
{ACAD_REACTORS
330
1A
102
}
330
1A
100
AcDbPlotSettings
  1

  2
none_device
  4
ISO_A4_(210.00_x_297.00_MM)
  6

 40
7.5
 41
20.0
 42
7.5
 43
20.0
 44
210.0
 45
297.0
 46
0.0
 47
0.0
 48
0.0
 49
0.0
140
0.0
141
0.0
142
1.0
143
1.0
 70
   688
 72
     1
 73
     1
 74
     5
  7

 75
    16
 76
     0
 77
     2
 78
   300
147
1.0
148
0.0
149
0.0
100
AcDbLayout
  1
Layout2
 70
     1
 71
     2
 10
-20.0
 20
-7.5
 11
277.0
 21
202.5
 12
0.0
 22
0.0
 32
0.0
 14
15.0979381443299
 24
17.31672394043528
 34
0.0
 15
241.9020618556701
 25
177.6832760595647
 35
0.0
146
0.0
 13
0.0
 23
0.0
 33
0.0
 16
1.0
 26
0.0
 36
0.0
 17
0.0
 27
1.0
 37
0.0
 76
     0
330
D6
331
7AE
  0
LAYOUT
  5
22
102
{ACAD_REACTORS
330
1A
102
}
102
{ACAD_XDICTIONARY
360
205
102
}
330
1A
100
AcDbPlotSettings
  1

  2
none_device
  4
ISO_A4_(210.00_x_297.00_MM)
  6

 40
7.5
 41
20.0
 42
7.5
 43
20.0
 44
210.0
 45
297.0
 46
11.54999923706055
 47
-13.65000009536743
 48
0.0
 49
0.0
140
0.0
141
0.0
142
1.0
143
8.704084754739808
 70
 11952
 72
     1
 73
     0
 74
     0
  7

 75
     0
 76
     0
 77
     2
 78
   300
147
0.1148885871608098
148
0.0
149
0.0
100
AcDbLayout
  1
Model
 70
     1
 71
     0
 10
0.0
 20
0.0
 11
12.0
 21
9.0
 12
0.0
 22
0.0
 32
0.0
 14
1771.680286172248
 24
1024.724662827281
 34
0.0
 15
2959.878862334919
 25
1861.689755932992
 35
0.0
146
0.0
 13
0.0
 23
0.0
 33
0.0
 16
1.0
 26
0.0
 36
0.0
 17
0.0
 27
1.0
 37
0.0
 76
     0
330
1F
331
EA
1001
ACAD_PSEXT
1000
None
1000
None
1000
Not applicable
1000
The layout will not be plotted unless a new plotter configuration name is selected.
1070
     0
  0
MATERIAL
  5
ED
102
{ACAD_REACTORS
330
6A
102
}
102
{ACAD_XDICTIONARY
360
1F9
102
}
330
6A
100
AcDbMaterial
  1
ByBlock
 72
     1
 73
     2
 78
     2
172
     2
176
     2
270
     2
274
     2
 94
       63
  0
MATERIAL
  5
EC
102
{ACAD_REACTORS
330
6A
102
}
102
{ACAD_XDICTIONARY
360
1F7
102
}
330
6A
100
AcDbMaterial
  1
ByLayer
 72
     1
 73
     2
 78
     2
172
     2
176
     2
270
     2
274
     2
 94
       63
  0
MATERIAL
  5
EE
102
{ACAD_REACTORS
330
6A
102
}
102
{ACAD_XDICTIONARY
360
173
102
}
330
6A
100
AcDbMaterial
  1
Global
 72
     1
 73
     2
 43
0.0007999999797903
 43
0.0
 43
0.0
 43
0.0
 43
0.0
 43
0.0007999999797903
 43
0.0
 43
0.0
 43
0.0
 43
0.0
 43
1.0
 43
0.0
 43
0.0
 43
0.0
 43
0.0
 43
1.0
 78
     2
172
     2
 49
0.0007999999797903
 49
0.0
 49
0.0
 49
0.0
 49
0.0
 49
0.0007999999797903
 49
0.0
 49
0.0
 49
0.0
 49
0.0
 49
1.0
 49
0.0
 49
0.0
 49
0.0
 49
0.0
 49
1.0
176
     2
142
0.0007999999797903
142
0.0
142
0.0
142
0.0
142
0.0
142
0.0007999999797903
142
0.0
142
0.0
142
0.0
142
0.0
142
1.0
142
0.0
142
0.0
142
0.0
142
0.0
142
1.0
270
     2
144
0.0007999999797903
144
0.0
144
0.0
144
0.0
144
0.0
144
0.0007999999797903
144
0.0
144
0.0
144
0.0
144
0.0
144
1.0
144
0.0
144
0.0
144
0.0
144
0.0
144
1.0
274
     2
 94
       63
1001
ACAD
1070
    -1
1070
     3
1070
     0
1000

1071
        0
1070
     0
  0
MLEADERSTYLE
  5
13B
102
{ACAD_REACTORS
330
12D
102
}
330
12D
100
AcDbMLeaderStyle
179
     2
170
     2
171
     1
172
     0
 90
        2
 40
0.0
 41
0.0
173
     1
 91
-1056964608
340
14
 92
       -2
290
     1
 42
2.0
291
     1
 43
8.0
  3
Standard
341
0
 44
4.0
300

342
11
174
     1
178
     1
175
     1
176
     0
 93
-1056964608
 45
4.0
292
     0
297
     0
 46
4.0
343
0
 94
-1056964608
 47
1.0
 49
1.0
140
1.0
293
     1
141
0.0
294
     1
177
     0
142
1.0
295
     0
296
     1
143
3.75
271
     0
272
     9
273
     9
  0
MLEADERSTYLE
  5
12E
102
{ACAD_REACTORS
330
12D
102
}
330
12D
100
AcDbMLeaderStyle
179
     2
170
     2
171
     1
172
     0
 90
        2
 40
0.0
 41
0.0
173
     1
 91
-1056964608
340
14
 92
       -2
290
     1
 42
2.0
291
     1
 43
8.0
  3
Standard
341
0
 44
4.0
300

342
11
174
     1
178
     1
175
     1
176
     0
 93
-1056964608
 45
4.0
292
     0
297
     0
 46
4.0
343
0
 94
-1056964608
 47
1.0
 49
1.0
140
1.0
293
     1
141
0.0
294
     1
177
     0
142
1.0
295
     0
296
     0
143
3.75
271
     0
272
     9
273
     9
  0
MLINESTYLE
  5
18
102
{ACAD_REACTORS
330
17
102
}
330
17
100
AcDbMlineStyle
  2
STANDARD
 70
     0
  3

 62
   256
 51
90.0
 52
90.0
 71
     2
 49
0.5
 62
   256
  6
BYLAYER
 49
-0.5
 62
   256
  6
BYLAYER
  0
ACDBPLACEHOLDER
  5
F
102
{ACAD_REACTORS
330
E
102
}
330
E
  0
SCALE
  5
10D
102
{ACAD_REACTORS
330
10C
102
}
330
10C
100
AcDbScale
 70
     0
300
1:1
140
1.0
141
1.0
290
     1
  0
SCALE
  5
1BE
102
{ACAD_REACTORS
330
10C
102
}
330
10C
100
AcDbScale
 70
     0
300
1:2
140
1.0
141
2.0
290
     0
  0
SCALE
  5
1BF
102
{ACAD_REACTORS
330
10C
102
}
330
10C
100
AcDbScale
 70
     0
300
1:4
140
1.0
141
4.0
290
     0
  0
SCALE
  5
1C0
102
{ACAD_REACTORS
330
10C
102
}
330
10C
100
AcDbScale
 70
     0
300
1:5
140
1.0
141
5.0
290
     0
  0
SCALE
  5
1C1
102
{ACAD_REACTORS
330
10C
102
}
330
10C
100
AcDbScale
 70
     0
300
1:8
140
1.0
141
8.0
290
     0
  0
SCALE
  5
1C2
102
{ACAD_REACTORS
330
10C
102
}
330
10C
100
AcDbScale
 70
     0
300
1:10
140
1.0
141
10.0
290
     0
  0
SCALE
  5
1C3
102
{ACAD_REACTORS
330
10C
102
}
330
10C
100
AcDbScale
 70
     0
300
1:16
140
1.0
141
16.0
290
     0
  0
SCALE
  5
1C4
102
{ACAD_REACTORS
330
10C
102
}
330
10C
100
AcDbScale
 70
     0
300
1:20
140
1.0
141
20.0
290
     0
  0
SCALE
  5
1C5
102
{ACAD_REACTORS
330
10C
102
}
330
10C
100
AcDbScale
 70
     0
300
1:30
140
1.0
141
30.0
290
     0
  0
SCALE
  5
1C6
102
{ACAD_REACTORS
330
10C
102
}
330
10C
100
AcDbScale
 70
     0
300
1:40
140
1.0
141
40.0
290
     0
  0
SCALE
  5
1C7
102
{ACAD_REACTORS
330
10C
102
}
330
10C
100
AcDbScale
 70
     0
300
1:50
140
1.0
141
50.0
290
     0
  0
SCALE
  5
1C8
102
{ACAD_REACTORS
330
10C
102
}
330
10C
100
AcDbScale
 70
     0
300
1:100
140
1.0
141
100.0
290
     0
  0
SCALE
  5
1C9
102
{ACAD_REACTORS
330
10C
102
}
330
10C
100
AcDbScale
 70
     0
300
2:1
140
2.0
141
1.0
290
     0
  0
SCALE
  5
1CA
102
{ACAD_REACTORS
330
10C
102
}
330
10C
100
AcDbScale
 70
     0
300
4:1
140
4.0
141
1.0
290
     0
  0
SCALE
  5
1CB
102
{ACAD_REACTORS
330
10C
102
}
330
10C
100
AcDbScale
 70
     0
300
8:1
140
8.0
141
1.0
290
     0
  0
SCALE
  5
1CC
102
{ACAD_REACTORS
330
10C
102
}
330
10C
100
AcDbScale
 70
     0
300
10:1
140
10.0
141
1.0
290
     0
  0
SCALE
  5
1CD
102
{ACAD_REACTORS
330
10C
102
}
330
10C
100
AcDbScale
 70
     0
300
100:1
140
100.0
141
1.0
290
     0
  0
ACDBSECTIONVIEWSTYLE
  5
21A
102
{ACAD_REACTORS
330
219
102
}
102
{ACAD_XDICTIONARY
360
82E
102
}
330
219
100
AcDbModelDocViewStyle
 70
     0
  3
Metric50
290
     0
100
AcDbSectionViewStyle
 70
     0
 71
     0
 90
      102
 71
     1
340
11
 62
   256
 40
5.0
340
0
340
0
 62
   256
 40
5.0
300
I, O, Q, S, X, Z
 40
10.0
 90
        0
 40
2.5
 90
        0
 71
     2
340
16
 90
       25
 62
   256
340
16
 90
       50
 62
   256
 40
5.0
 40
2.5
 40
5.0
 71
     3
340
11
 62
   256
 40
5.0
 90
        0
 40
15.0
 90
        1
300
%<\AcVar ViewSectionStartId>%-%<\AcVar ViewSectionEndId>% (%<\AcVar ViewScale \f "%sn">%)
 71
     4
 62
   256
 62
   257
300
ANSI31
 40
1.0
 90
        0
290
     0
290
     0
 90
        6
 40
0.0
 40
1.570796326794897
 40
0.2617993877991494
 40
1.308996938995747
 40
-0.2617993877991494
 40
1.832595714594046
  0
TABLESTYLE
  5
7F
102
{ACAD_REACTORS
330
7E
102
}
102
{ACAD_XDICTIONARY
360
830
102
}
330
7E
100
AcDbTableStyle
  3
Standard
 70
     0
 71
     0
 40
1.5
 41
1.5
280
     0
281
     0
  7
Standard
140
4.5
170
     2
 62
     0
 63
   257
283
     0
 90
      512
 91
        0
  1

274
    -2
284
     1
 64
     0
275
    -2
285
     1
 65
     0
276
    -2
286
     1
 66
     0
277
    -2
287
     1
 67
     0
278
    -2
288
     1
 68
     0
279
    -2
289
     1
 69
     0
  7
Standard
140
6.0
170
     5
 62
     0
 63
   257
283
     0
 90
      512
 91
        0
  1

274
    -2
284
     1
 64
     0
275
    -2
285
     1
 65
     0
276
    -2
286
     1
 66
     0
277
    -2
287
     1
 67
     0
278
    -2
288
     1
 68
     0
279
    -2
289
     1
 69
     0
  7
Standard
140
4.5
170
     5
 62
     0
 63
   257
283
     0
 90
      512
 91
        0
  1

274
    -2
284
     1
 64
     0
275
    -2
285
     1
 65
     0
276
    -2
286
     1
 66
     0
277
    -2
287
     1
 67
     0
278
    -2
288
     1
 68
     0
279
    -2
289
     1
 69
     0
  0
VISUALSTYLE
  5
F5
102
{ACAD_REACTORS
330
EF
102
}
102
{ACAD_XDICTIONARY
360
832
102
}
330
EF
100
AcDbVisualStyle
  2
2dWireframe
 70
     4
177
     2
291
     0
 71
     0
176
     1
 72
     2
176
     1
 73
     1
176
     1
 90
        0
176
     1
 40
0.6
176
     1
 41
30.0
176
     1
 62
     5
 63
     7
421
 16777215
176
     1
 74
     1
176
     1
 91
        4
176
     1
 64
     7
176
     1
 65
   257
176
     1
 75
     1
176
     1
175
     1
176
     1
 42
1.0
176
     1
 92
        0
176
     1
 66
   257
176
     1
 43
1.0
176
     1
 76
     1
176
     1
 77
     6
176
     1
 78
     2
176
     1
 67
     7
176
     1
 79
     5
176
     1
170
     0
176
     1
171
     0
176
     1
290
     0
176
     1
 93
        1
176
     1
 44
0.0
176
     1
173
     0
176
     1
  0
VISUALSTYLE
  5
F4
102
{ACAD_REACTORS
330
EF
102
}
102
{ACAD_XDICTIONARY
360
834
102
}
330
EF
100
AcDbVisualStyle
  2
Basic
 70
     7
177
     2
291
     1
 71
     1
176
     1
 72
     0
176
     1
 73
     1
176
     1
 90
        0
176
     1
 40
0.6
176
     1
 41
30.0
176
     1
 62
     5
 63
     7
421
 16777215
176
     1
 74
     0
176
     1
 91
        4
176
     1
 64
     7
176
     1
 65
   257
176
     1
 75
     1
176
     1
175
     1
176
     1
 42
1.0
176
     1
 92
        8
176
     1
 66
     7
176
     1
 43
1.0
176
     1
 76
     1
176
     1
 77
     6
176
     1
 78
     2
176
     1
 67
     7
176
     1
 79
     5
176
     1
170
     0
176
     1
171
     0
176
     1
290
     0
176
     1
 93
        1
176
     1
 44
0.0
176
     1
173
     0
176
     1
  0
VISUALSTYLE
  5
FB
102
{ACAD_REACTORS
330
EF
102
}
102
{ACAD_XDICTIONARY
360
836
102
}
330
EF
100
AcDbVisualStyle
  2
Brighten
 70
    12
177
     2
291
     1
 71
     2
176
     1
 72
     2
176
     1
 73
     1
176
     1
 90
        0
176
     1
 40
0.6
176
     1
 41
30.0
176
     1
 62
     5
 63
     7
421
 16777215
176
     1
 74
     1
176
     1
 91
        4
176
     1
 64
     7
176
     1
 65
   257
176
     1
 75
     1
176
     1
175
     1
176
     1
 42
1.0
176
     1
 92
        8
176
     1
 66
     7
176
     1
 43
1.0
176
     1
 76
     1
176
     1
 77
     6
176
     1
 78
     2
176
     1
 67
     7
176
     1
 79
     5
176
     1
170
     0
176
     1
171
     0
176
     1
290
     0
176
     1
 93
        1
176
     1
 44
50.0
176
     1
173
     0
176
     1
  0
VISUALSTYLE
  5
FF
102
{ACAD_REACTORS
330
EF
102
}
102
{ACAD_XDICTIONARY
360
838
102
}
330
EF
100
AcDbVisualStyle
  2
ColorChange
 70
    16
177
     2
291
     1
 71
     2
176
     1
 72
     2
176
     1
 73
     3
176
     1
 90
        0
176
     1
 40
0.6
176
     1
 41
30.0
176
     1
 62
     5
 63
     8
421
  8421504
176
     1
 74
     1
176
     1
 91
        4
176
     1
 64
     7
176
     1
 65
   257
176
     1
 75
     1
176
     1
175
     1
176
     1
 42
1.0
176
     1
 92
        8
176
     1
 66
     8
424
  8421504
176
     1
 43
1.0
176
     1
 76
     1
176
     1
 77
     6
176
     1
 78
     2
176
     1
 67
     7
176
     1
 79
     5
176
     1
170
     0
176
     1
171
     0
176
     1
290
     0
176
     1
 93
        1
176
     1
 44
0.0
176
     1
173
     0
176
     1
  0
VISUALSTYLE
  5
F8
102
{ACAD_REACTORS
330
EF
102
}
102
{ACAD_XDICTIONARY
360
83A
102
}
330
EF
100
AcDbVisualStyle
  2
Conceptual
 70
     9
177
     2
291
     0
 71
     3
176
     1
 72
     2
176
     1
 73
     1
176
     1
 90
        0
176
     1
 40
0.6
176
     1
 41
30.0
176
     1
 62
     5
 63
     7
421
 16777215
176
     1
 74
     2
176
     1
 91
        2
176
     1
 64
     7
176
     1
 65
   257
176
     1
 75
     1
176
     1
175
     1
176
     1
 42
40.0
176
     1
 92
        8
176
     1
 66
     7
176
     1
 43
1.0
176
     1
 76
     1
176
     1
 77
     6
176
     1
 78
     2
176
     1
 67
     7
176
     1
 79
     3
176
     1
170
     0
176
     1
171
     0
176
     1
290
     0
176
     1
 93
        1
176
     1
 44
0.0
176
     1
173
     0
176
     1
  0
VISUALSTYLE
  5
FA
102
{ACAD_REACTORS
330
EF
102
}
102
{ACAD_XDICTIONARY
360
83C
102
}
330
EF
100
AcDbVisualStyle
  2
Dim
 70
    11
177
     2
291
     1
 71
     2
176
     1
 72
     2
176
     1
 73
     1
176
     1
 90
        0
176
     1
 40
0.6
176
     1
 41
30.0
176
     1
 62
     5
 63
     7
421
 16777215
176
     1
 74
     1
176
     1
 91
        4
176
     1
 64
     7
176
     1
 65
   257
176
     1
 75
     1
176
     1
175
     1
176
     1
 42
1.0
176
     1
 92
        8
176
     1
 66
     7
176
     1
 43
1.0
176
     1
 76
     1
176
     1
 77
     6
176
     1
 78
     2
176
     1
 67
     7
176
     1
 79
     5
176
     1
170
     0
176
     1
171
     0
176
     1
290
     0
176
     1
 93
        1
176
     1
 44
-50.0
176
     1
173
     0
176
     1
  0
VISUALSTYLE
  5
1E6
102
{ACAD_REACTORS
330
EF
102
}
102
{ACAD_XDICTIONARY
360
83E
102
}
330
EF
100
AcDbVisualStyle
  2
EdgeColorOff
 70
    22
177
     2
291
     1
 71
     2
176
     0
 72
     2
176
     0
 73
     0
176
     0
 90
        0
176
     0
 40
0.6
176
     0
 41
30.0
176
     0
 62
     5
 63
     7
421
 16777215
176
     0
 74
     1
176
     0
 91
        4
176
     0
 64
     7
176
     0
 65
   257
176
     0
 75
     1
176
     0
175
     1
176
     0
 42
1.0
176
     0
 92
        8
176
     2
 66
     7
176
     0
 43
1.0
176
     0
 76
     1
176
     0
 77
     6
176
     0
 78
     2
176
     0
 67
     7
176
     0
 79
     5
176
     0
170
     0
176
     0
171
     0
176
     0
290
     0
176
     0
 93
        1
176
     0
 44
0.0
176
     0
173
     0
176
     0
  0
VISUALSTYLE
  5
FE
102
{ACAD_REACTORS
330
EF
102
}
102
{ACAD_XDICTIONARY
360
840
102
}
330
EF
100
AcDbVisualStyle
  2
Facepattern
 70
    15
177
     2
291
     1
 71
     2
176
     1
 72
     2
176
     1
 73
     1
176
     1
 90
        0
176
     1
 40
0.6
176
     1
 41
30.0
176
     1
 62
     5
 63
     7
421
 16777215
176
     1
 74
     1
176
     1
 91
        4
176
     1
 64
     7
176
     1
 65
   257
176
     1
 75
     1
176
     1
175
     1
176
     1
 42
1.0
176
     1
 92
        8
176
     1
 66
     7
176
     1
 43
1.0
176
     1
 76
     1
176
     1
 77
     6
176
     1
 78
     2
176
     1
 67
     7
176
     1
 79
     5
176
     1
170
     0
176
     1
171
     0
176
     1
290
     0
176
     1
 93
        1
176
     1
 44
0.0
176
     1
173
     0
176
     1
  0
VISUALSTYLE
  5
F0
102
{ACAD_REACTORS
330
EF
102
}
102
{ACAD_XDICTIONARY
360
842
102
}
330
EF
100
AcDbVisualStyle
  2
Flat
 70
     0
177
     2
291
     1
 71
     2
176
     1
 72
     1
176
     1
 73
     1
176
     1
 90
        2
176
     1
 40
0.6
176
     1
 41
30.0
176
     1
 62
     5
 63
     7
421
 16777215
176
     1
 74
     0
176
     1
 91
        0
176
     1
 64
     7
176
     1
 65
   257
176
     1
 75
     1
176
     1
175
     1
176
     1
 42
1.0
176
     1
 92
        8
176
     1
 66
     7
176
     1
 43
1.0
176
     1
 76
     1
176
     1
 77
     6
176
     1
 78
     2
176
     1
 67
     7
176
     1
 79
     5
176
     1
170
     0
176
     1
171
     0
176
     1
290
     0
176
     1
 93
       13
176
     1
 44
0.0
176
     1
173
     0
176
     1
  0
VISUALSTYLE
  5
F1
102
{ACAD_REACTORS
330
EF
102
}
102
{ACAD_XDICTIONARY
360
844
102
}
330
EF
100
AcDbVisualStyle
  2
FlatWithEdges
 70
     1
177
     2
291
     1
 71
     2
176
     1
 72
     1
176
     1
 73
     1
176
     1
 90
        2
176
     1
 40
0.6
176
     1
 41
30.0
176
     1
 62
     5
 63
     7
421
 16777215
176
     1
 74
     1
176
     1
 91
        0
176
     1
 64
     7
176
     1
 65
   257
176
     1
 75
     1
176
     1
175
     1
176
     1
 42
1.0
176
     1
 92
        0
176
     1
 66
   257
176
     1
 43
1.0
176
     1
 76
     1
176
     1
 77
     6
176
     1
 78
     2
176
     1
 67
     7
176
     1
 79
     5
176
     1
170
     0
176
     1
171
     0
176
     1
290
     0
176
     1
 93
       13
176
     1
 44
0.0
176
     1
173
     0
176
     1
  0
VISUALSTYLE
  5
F2
102
{ACAD_REACTORS
330
EF
102
}
102
{ACAD_XDICTIONARY
360
846
102
}
330
EF
100
AcDbVisualStyle
  2
Gouraud
 70
     2
177
     2
291
     1
 71
     2
176
     1
 72
     2
176
     1
 73
     1
176
     1
 90
        2
176
     1
 40
0.6
176
     1
 41
30.0
176
     1
 62
     5
 63
     7
421
 16777215
176
     1
 74
     0
176
     1
 91
        0
176
     1
 64
     7
176
     1
 65
   257
176
     1
 75
     1
176
     1
175
     1
176
     1
 42
1.0
176
     1
 92
        0
176
     1
 66
     7
176
     1
 43
1.0
176
     1
 76
     1
176
     1
 77
     6
176
     1
 78
     2
176
     1
 67
     7
176
     1
 79
     5
176
     1
170
     0
176
     1
171
     0
176
     1
290
     0
176
     1
 93
       13
176
     1
 44
0.0
176
     1
173
     0
176
     1
  0
VISUALSTYLE
  5
F3
102
{ACAD_REACTORS
330
EF
102
}
102
{ACAD_XDICTIONARY
360
848
102
}
330
EF
100
AcDbVisualStyle
  2
GouraudWithEdges
 70
     3
177
     2
291
     1
 71
     2
176
     1
 72
     2
176
     1
 73
     1
176
     1
 90
        2
176
     1
 40
0.6
176
     1
 41
30.0
176
     1
 62
     5
 63
     7
421
 16777215
176
     1
 74
     1
176
     1
 91
        0
176
     1
 64
     7
176
     1
 65
   257
176
     1
 75
     1
176
     1
175
     1
176
     1
 42
1.0
176
     1
 92
        0
176
     1
 66
   257
176
     1
 43
1.0
176
     1
 76
     1
176
     1
 77
     6
176
     1
 78
     2
176
     1
 67
     7
176
     1
 79
     5
176
     1
170
     0
176
     1
171
     0
176
     1
290
     0
176
     1
 93
       13
176
     1
 44
0.0
176
     1
173
     0
176
     1
  0
VISUALSTYLE
  5
F7
102
{ACAD_REACTORS
330
EF
102
}
102
{ACAD_XDICTIONARY
360
84A
102
}
330
EF
100
AcDbVisualStyle
  2
Hidden
 70
     6
177
     2
291
     0
 71
     1
176
     1
 72
     2
176
     1
 73
     2
176
     1
 90
        0
176
     1
 40
0.6
176
     1
 41
30.0
176
     1
 62
     5
 63
     7
421
 16777215
176
     1
 74
     2
176
     1
 91
        2
176
     1
 64
     7
176
     1
 65
   257
176
     1
 75
     2
176
     1
175
     1
176
     1
 42
40.0
176
     1
 92
        0
176
     1
 66
   257
176
     1
 43
1.0
176
     1
 76
     1
176
     1
 77
     6
176
     1
 78
     2
176
     1
 67
     7
176
     1
 79
     3
176
     1
170
     0
176
     1
171
     0
176
     1
290
     0
176
     1
 93
        1
176
     1
 44
0.0
176
     1
173
     0
176
     1
  0
VISUALSTYLE
  5
1E4
102
{ACAD_REACTORS
330
EF
102
}
102
{ACAD_XDICTIONARY
360
84C
102
}
330
EF
100
AcDbVisualStyle
  2
JitterOff
 70
    20
177
     2
291
     1
 71
     2
176
     0
 72
     2
176
     0
 73
     0
176
     0
 90
        0
176
     0
 40
0.6
176
     0
 41
30.0
176
     0
 62
     5
 63
     7
421
 16777215
176
     0
 74
     1
176
     0
 91
        4
176
     0
 64
     7
176
     0
 65
   257
176
     0
 75
     1
176
     0
175
     1
176
     0
 42
1.0
176
     0
 92
       10
176
     2
 66
     7
176
     0
 43
1.0
176
     0
 76
     1
176
     0
 77
     6
176
     0
 78
     2
176
     0
 67
     7
176
     0
 79
     5
176
     0
170
     0
176
     0
171
     0
176
     0
290
     0
176
     0
 93
        1
176
     0
 44
0.0
176
     0
173
     0
176
     0
  0
VISUALSTYLE
  5
FD
102
{ACAD_REACTORS
330
EF
102
}
102
{ACAD_XDICTIONARY
360
84E
102
}
330
EF
100
AcDbVisualStyle
  2
Linepattern
 70
    14
177
     2
291
     1
 71
     2
176
     1
 72
     2
176
     1
 73
     1
176
     1
 90
        0
176
     1
 40
0.6
176
     1
 41
30.0
176
     1
 62
     5
 63
     7
421
 16777215
176
     1
 74
     1
176
     1
 91
        4
176
     1
 64
     7
176
     1
 65
   257
176
     1
 75
     7
176
     1
175
     7
176
     1
 42
1.0
176
     1
 92
        8
176
     1
 66
     7
176
     1
 43
1.0
176
     1
 76
     1
176
     1
 77
     6
176
     1
 78
     2
176
     1
 67
     7
176
     1
 79
     5
176
     1
170
     0
176
     1
171
     0
176
     1
290
     0
176
     1
 93
        1
176
     1
 44
0.0
176
     1
173
     0
176
     1
  0
VISUALSTYLE
  5
1E5
102
{ACAD_REACTORS
330
EF
102
}
102
{ACAD_XDICTIONARY
360
850
102
}
330
EF
100
AcDbVisualStyle
  2
OverhangOff
 70
    21
177
     2
291
     1
 71
     2
176
     0
 72
     2
176
     0
 73
     0
176
     0
 90
        0
176
     0
 40
0.6
176
     0
 41
30.0
176
     0
 62
     5
 63
     7
421
 16777215
176
     0
 74
     1
176
     0
 91
        4
176
     0
 64
     7
176
     0
 65
   257
176
     0
 75
     1
176
     0
175
     1
176
     0
 42
1.0
176
     0
 92
        9
176
     2
 66
     7
176
     0
 43
1.0
176
     0
 76
     1
176
     0
 77
     6
176
     0
 78
     2
176
     0
 67
     7
176
     0
 79
     5
176
     0
170
     0
176
     0
171
     0
176
     0
290
     0
176
     0
 93
        1
176
     0
 44
0.0
176
     0
173
     0
176
     0
  0
VISUALSTYLE
  5
F9
102
{ACAD_REACTORS
330
EF
102
}
102
{ACAD_XDICTIONARY
360
852
102
}
330
EF
100
AcDbVisualStyle
  2
Realistic
 70
     8
177
     2
291
     0
 71
     2
176
     1
 72
     3
176
     1
 73
     0
176
     1
 90
        2
176
     1
 40
0.6
176
     1
 41
30.0
176
     1
 62
     5
 63
     7
421
 16777215
176
     1
 74
     0
176
     1
 91
        0
176
     1
 64
     7
176
     1
 65
   257
176
     1
 75
     1
176
     1
175
     1
176
     1
 42
1.0
176
     1
 92
        8
176
     1
 66
   257
176
     1
 43
1.0
176
     1
 76
     1
176
     1
 77
     6
176
     1
 78
     2
176
     1
 67
     7
176
     1
 79
     3
176
     1
170
     0
176
     1
171
     0
176
     1
290
     0
176
     1
 93
       13
176
     1
 44
0.0
176
     1
173
     0
176
     1
  0
VISUALSTYLE
  5
1F3
102
{ACAD_REACTORS
330
EF
102
}
102
{ACAD_XDICTIONARY
360
854
102
}
330
EF
100
AcDbVisualStyle
  2
Shaded
 70
    27
177
     2
291
     0
 71
     2
176
     1
 72
     2
176
     1
 73
     1
176
     1
 90
        2
176
     1
 40
0.6
176
     1
 41
30.0
176
     1
 62
     5
 63
     7
421
 16777215
176
     1
 74
     0
176
     1
 91
        4
176
     1
 64
     7
176
     1
 65
   257
176
     1
 75
     1
176
     1
175
     1
176
     1
 42
1.0
176
     1
 92
        8
176
     1
 66
   257
176
     1
 43
1.0
176
     1
 76
     1
176
     1
 77
     6
176
     1
 78
     2
176
     1
 67
     8
425
  7895160
176
     1
 79
     3
176
     1
170
     0
176
     1
171
     0
176
     1
290
     0
176
     1
 93
        5
176
     1
 44
0.0
176
     1
173
     0
176
     1
  0
VISUALSTYLE
  5
1F2
102
{ACAD_REACTORS
330
EF
102
}
102
{ACAD_XDICTIONARY
360
856
102
}
330
EF
100
AcDbVisualStyle
  2
Shaded with edges
 70
    26
177
     2
291
     0
 71
     2
176
     1
 72
     2
176
     1
 73
     1
176
     1
 90
        2
176
     1
 40
0.6
176
     1
 41
30.0
176
     1
 62
     5
 63
     7
421
 16777215
176
     1
 74
     1
176
     1
 91
        2
176
     1
 64
     7
176
     1
 65
   257
176
     1
 75
     2
176
     1
175
     1
176
     1
 42
1.0
176
     1
 92
        8
176
     1
 66
   257
176
     1
 43
1.0
176
     1
 76
     1
176
     1
 77
     6
176
     1
 78
     2
176
     1
 67
     7
176
     1
 79
     3
176
     1
170
     0
176
     1
171
     0
176
     1
290
     0
176
     1
 93
        5
176
     1
 44
0.0
176
     1
173
     0
176
     1
  0
VISUALSTYLE
  5
1EF
102
{ACAD_REACTORS
330
EF
102
}
102
{ACAD_XDICTIONARY
360
858
102
}
330
EF
100
AcDbVisualStyle
  2
Shades of Gray
 70
    23
177
     2
291
     0
 71
     2
176
     1
 72
     2
176
     1
 73
     3
176
     1
 90
        0
176
     1
 40
0.6
176
     1
 41
30.0
176
     1
 62
     5
 63
     7
421
 16777215
176
     1
 74
     2
176
     1
 91
        2
176
     1
 64
     7
176
     1
 65
     7
176
     1
 75
     1
176
     1
175
     1
176
     1
 42
40.0
176
     1
 92
        8
176
     1
 66
     7
176
     1
 43
1.0
176
     1
 76
     1
176
     1
 77
     6
176
     1
 78
     2
176
     1
 67
     7
176
     1
 79
     3
176
     1
170
     0
176
     1
171
     0
176
     1
290
     0
176
     1
 93
        1
176
     1
 44
0.0
176
     1
173
     0
176
     1
  0
VISUALSTYLE
  5
1F0
102
{ACAD_REACTORS
330
EF
102
}
102
{ACAD_XDICTIONARY
360
85A
102
}
330
EF
100
AcDbVisualStyle
  2
Sketchy
 70
    24
177
     2
291
     0
 71
     1
176
     1
 72
     2
176
     1
 73
     2
176
     1
 90
        0
176
     1
 40
0.6
176
     1
 41
30.0
176
     1
 62
     5
 63
     7
421
 16777215
176
     1
 74
     2
176
     1
 91
        2
176
     1
 64
     7
176
     1
 65
     7
176
     1
 75
     1
176
     1
175
     1
176
     1
 42
40.0
176
     1
 92
       11
176
     1
 66
     7
176
     1
 43
1.0
176
     1
 76
     1
176
     1
 77
     6
176
     1
 78
     2
176
     1
 67
     7
176
     1
 79
     6
176
     1
170
     0
176
     1
171
     0
176
     1
290
     0
176
     1
 93
        1
176
     1
 44
0.0
176
     1
173
     0
176
     1
  0
VISUALSTYLE
  5
FC
102
{ACAD_REACTORS
330
EF
102
}
102
{ACAD_XDICTIONARY
360
85C
102
}
330
EF
100
AcDbVisualStyle
  2
Thicken
 70
    13
177
     2
291
     1
 71
     2
176
     1
 72
     2
176
     1
 73
     1
176
     1
 90
        0
176
     1
 40
0.6
176
     1
 41
30.0
176
     1
 62
     5
 63
     7
421
 16777215
176
     1
 74
     1
176
     1
 91
        4
176
     1
 64
     7
176
     1
 65
   257
176
     1
 75
     1
176
     1
175
     1
176
     1
 42
1.0
176
     1
 92
       12
176
     1
 66
     7
176
     1
 43
1.0
176
     1
 76
     1
176
     1
 77
     6
176
     1
 78
     2
176
     1
 67
     7
176
     1
 79
     5
176
     1
170
     0
176
     1
171
     0
176
     1
290
     0
176
     1
 93
        1
176
     1
 44
0.0
176
     1
173
     0
176
     1
  0
VISUALSTYLE
  5
F6
102
{ACAD_REACTORS
330
EF
102
}
102
{ACAD_XDICTIONARY
360
85E
102
}
330
EF
100
AcDbVisualStyle
  2
Wireframe
 70
     5
177
     2
291
     0
 71
     0
176
     1
 72
     2
176
     1
 73
     0
176
     1
 90
        0
176
     1
 40
0.6
176
     1
 41
30.0
176
     1
 62
     5
 63
     7
421
 16777215
176
     1
 74
     1
176
     1
 91
        4
176
     1
 64
     7
176
     1
 65
   257
176
     1
 75
     1
176
     1
175
     1
176
     1
 42
1.0
176
     1
 92
        0
176
     1
 66
   257
176
     1
 43
1.0
176
     1
 76
     1
176
     1
 77
     6
176
     1
 78
     2
176
     1
 67
     7
176
     1
 79
     3
176
     1
170
     0
176
     1
171
     0
176
     1
290
     0
176
     1
 93
        1
176
     1
 44
0.0
176
     1
173
     0
176
     1
  0
VISUALSTYLE
  5
1F1
102
{ACAD_REACTORS
330
EF
102
}
102
{ACAD_XDICTIONARY
360
860
102
}
330
EF
100
AcDbVisualStyle
  2
X-Ray
 70
    25
177
     2
291
     0
 71
     2
176
     1
 72
     2
176
     1
 73
     1
176
     1
 90
        1
176
     1
 40
0.5
176
     1
 41
30.0
176
     1
 62
     5
 63
     7
421
 16777215
176
     1
 74
     1
176
     1
 91
        0
176
     1
 64
     7
176
     1
 65
   257
176
     1
 75
     1
176
     1
175
     1
176
     1
 42
1.0
176
     1
 92
        8
176
     1
 66
     7
176
     1
 43
1.0
176
     1
 76
     1
176
     1
 77
     6
176
     1
 78
     2
176
     1
 67
     7
176
     1
 79
     3
176
     1
170
     0
176
     1
171
     0
176
     1
290
     0
176
     1
 93
       13
176
     1
 44
0.0
176
     1
173
     0
176
     1
  0
DICTIONARYVAR
  5
146
102
{ACAD_REACTORS
330
5E
102
}
330
5E
100
DictionaryVariables
280
     0
  1
1:1
  0
DICTIONARYVAR
  5
259
102
{ACAD_REACTORS
330
5E
102
}
330
5E
100
DictionaryVariables
280
     0
  1
3.500000
  0
DICTIONARYVAR
  5
25A
102
{ACAD_REACTORS
330
5E
102
}
330
5E
100
DictionaryVariables
280
     0
  1
acadiso.lin
  0
DICTIONARYVAR
  5
145
102
{ACAD_REACTORS
330
5E
102
}
330
5E
100
DictionaryVariables
280
     0
  1
Standard
  0
DICTIONARYVAR
  5
84
102
{ACAD_REACTORS
330
5E
102
}
330
5E
100
DictionaryVariables
280
     0
  1
Standard
  0
DICTIONARYVAR
  5
227
102
{ACAD_REACTORS
330
5E
102
}
330
5E
100
DictionaryVariables
280
     0
  1
Metric50
  0
DICTIONARYVAR
  5
228
102
{ACAD_REACTORS
330
5E
102
}
330
5E
100
DictionaryVariables
280
     0
  1
Metric50
  0
DICTIONARYVAR
  5
5F
102
{ACAD_REACTORS
330
5E
102
}
330
5E
100
DictionaryVariables
280
     0
  1
2
  0
DICTIONARYVAR
  5
63
102
{ACAD_REACTORS
330
5E
102
}
330
5E
100
DictionaryVariables
280
     0
  1
1
  0
DICTIONARYVAR
  5
1AE
102
{ACAD_REACTORS
330
5E
102
}
330
5E
100
DictionaryVariables
280
     0
  1
0
  0
DICTIONARYVAR
  5
1AF
102
{ACAD_REACTORS
330
5E
102
}
330
5E
100
DictionaryVariables
280
     0
  1
0
  0
BLOCKVISIBILITYPARAMETER
  5
532
330
531
100
AcDbEvalExpr
 90
        1
 98
       33
 99
        1
100
AcDbBlockElement
300
Visibility States
 98
       27
 99
        1
1071
        0
100
AcDbBlockParameter
280
     1
281
     0
100
AcDbBlock1PtParameter
1010
3.190874130095868
1020
-362.4435663523128
1030
0.0
 93
        2
170
     0
171
     0
100
AcDbBlockVisibilityParameter
281
     1
301
Visibility1
302

 91
        0
 93
      181
331
538
331
539
331
53A
331
53B
331
53C
331
53D
331
53E
331
53F
331
540
331
541
331
542
331
543
331
544
331
545
331
546
331
547
331
548
331
549
331
54A
331
54B
331
54C
331
54D
331
54E
331
54F
331
550
331
551
331
552
331
553
331
554
331
555
331
556
331
557
331
558
331
559
331
55A
331
55B
331
55C
331
55D
331
55E
331
55F
331
560
331
561
331
562
331
563
331
564
331
565
331
566
331
567
331
568
331
569
331
56A
331
56B
331
56C
331
56D
331
56E
331
56F
331
570
331
571
331
572
331
573
331
574
331
575
331
576
331
577
331
578
331
5A8
331
5AA
331
5AB
331
5AC
331
5AD
331
5B4
331
5B5
331
5B6
331
5B7
331
5B8
331
5B9
331
5BA
331
5BB
331
5BC
331
5BD
331
5BE
331
5BF
331
5C0
331
5C1
331
5C2
331
5C3
331
5C4
331
5C5
331
5C6
331
5C7
331
5C8
331
5C9
331
5CA
331
5CB
331
5CC
331
5CD
331
5CE
331
5CF
331
5D0
331
5D1
331
5D2
331
5D3
331
5D4
331
5D5
331
5D6
331
5D7
331
5D8
331
5D9
331
5DA
331
5DB
331
5DC
331
5DD
331
5DE
331
5DF
331
5E0
331
5E1
331
5E2
331
5E3
331
5E4
331
5E5
331
5E6
331
5E7
331
5E8
331
5E9
331
5EA
331
5EB
331
5EC
331
5ED
331
5EE
331
5EF
331
5F0
331
5F1
331
5F2
331
5F3
331
5F4
331
5F5
331
5F6
331
5F7
331
5F8
331
5F9
331
5FA
331
5FB
331
5FC
331
5FD
331
5FE
331
5FF
331
600
331
601
331
602
331
603
331
604
331
605
331
606
331
607
331
608
331
609
331
60A
331
60B
331
60C
331
60D
331
60E
331
60F
331
610
331
611
331
612
331
613
331
614
331
615
331
616
331
617
331
618
331
619
331
61A
331
61B
331
61C
331
61D
331
61E
331
61F
331
620
331
621
331
623
 92
        2
303
1000
 94
       86
332
538
332
539
332
53A
332
53B
332
53C
332
53D
332
53E
332
53F
332
540
332
541
332
542
332
543
332
544
332
545
332
546
332
547
332
548
332
549
332
54A
332
54B
332
54C
332
54D
332
54E
332
54F
332
550
332
551
332
552
332
553
332
554
332
555
332
556
332
557
332
558
332
559
332
55A
332
55B
332
55C
332
55D
332
55E
332
55F
332
560
332
561
332
562
332
563
332
564
332
565
332
566
332
567
332
568
332
569
332
56A
332
56B
332
56C
332
56D
332
56E
332
56F
332
570
332
571
332
572
332
573
332
574
332
575
332
576
332
577
332
578
332
5A8
332
5AA
332
5AB
332
5AC
332
5AD
332
5B4
332
5B5
332
5B6
332
5B7
332
5B8
332
5B9
332
5BA
332
5BB
332
5BC
332
5BD
332
5BE
332
5BF
332
5C0
332
5C1
332
5C2
332
5C3
 95
        0
303
1200
 94
       95
332
5C4
332
5C5
332
5C6
332
5C7
332
5C8
332
5C9
332
5CA
332
5CB
332
5CC
332
5CD
332
5CE
332
5CF
332
5D0
332
5D1
332
5D2
332
5D3
332
5D4
332
5D5
332
5D6
332
5D7
332
5D8
332
5D9
332
5DA
332
5DB
332
5DC
332
5DD
332
5DE
332
5DF
332
5E0
332
5E1
332
5E2
332
5E3
332
5E4
332
5E5
332
5E6
332
5E7
332
5E8
332
5E9
332
5EA
332
5EB
332
5EC
332
5ED
332
5EE
332
5EF
332
5F0
332
5F1
332
5F2
332
5F3
332
5F4
332
5F5
332
5F6
332
5F7
332
5F8
332
5F9
332
5FA
332
5FB
332
5FC
332
5FD
332
5FE
332
5FF
332
600
332
601
332
602
332
603
332
604
332
605
332
606
332
607
332
608
332
609
332
60A
332
60B
332
60C
332
60D
332
60E
332
60F
332
610
332
611
332
612
332
613
332
614
332
615
332
616
332
617
332
618
332
619
332
61A
332
61B
332
61C
332
61D
332
61E
332
61F
332
620
332
621
332
623
 95
        0
  0
BLOCKVISIBILITYGRIP
  5
533
330
531
100
AcDbEvalExpr
 90
        2
 98
       33
 99
        1
100
AcDbBlockElement
300
Grips 
 98
       27
 99
        1
1071
        0
100
AcDbBlockGrip
 91
        3
 92
        4
1010
3.531644693177112
1020
-577.8971856619082
1030
0.0
280
     1
 93
       -1
100
AcDbBlockVisibilityGrip
  0
BLOCKGRIPLOCATIONCOMPONENT
  5
534
330
531
100
AcDbEvalExpr
 90
        3
 98
       33
 99
        1
100
AcDbBlockGripExpr
 91
        1
300
UpdatedX
  0
BLOCKGRIPLOCATIONCOMPONENT
  5
535
330
531
100
AcDbEvalExpr
 90
        4
 98
       33
 99
        1
100
AcDbBlockGripExpr
 91
        1
300
UpdatedY
  0
BLOCKVISIBILITYPARAMETER
  5
57D
330
57C
100
AcDbEvalExpr
 90
        1
 98
       33
 99
        1
100
AcDbBlockElement
300
Visibility States
 98
       27
 99
        1
1071
        0
100
AcDbBlockParameter
280
     1
281
     0
100
AcDbBlock1PtParameter
1010
5.734681599285068
1020
-118.4507318504311
1030
0.0
 93
        2
170
     0
171
     0
100
AcDbBlockVisibilityParameter
281
     1
301
Visibility1
302

 91
        0
 93
       36
331
583
331
584
331
585
331
586
331
587
331
588
331
589
331
58A
331
58B
331
58C
331
58D
331
58E
331
58F
331
590
331
591
331
592
331
593
331
594
331
595
331
596
331
597
331
598
331
599
331
59A
331
59B
331
59C
331
59D
331
59E
331
59F
331
5A0
331
5A1
331
5A2
331
5A3
331
5A4
331
5A5
331
5A6
 92
        2
303
Isimétrico 01
 94
       18
332
583
332
584
332
585
332
586
332
587
332
588
332
589
332
58A
332
58B
332
58C
332
58D
332
58E
332
58F
332
590
332
591
332
592
332
593
332
594
 95
        0
303
Isométrico 02
 94
       18
332
595
332
596
332
597
332
598
332
599
332
59A
332
59B
332
59C
332
59D
332
59E
332
59F
332
5A0
332
5A1
332
5A2
332
5A3
332
5A4
332
5A5
332
5A6
 95
        0
  0
BLOCKVISIBILITYGRIP
  5
57E
330
57C
100
AcDbEvalExpr
 90
        2
 98
       33
 99
        1
100
AcDbBlockElement
300
Grips 
 98
       27
 99
        1
1071
        0
100
AcDbBlockGrip
 91
        3
 92
        4
1010
5.734681599285068
1020
-118.4507318504311
1030
0.0
280
     1
 93
       -1
100
AcDbBlockVisibilityGrip
  0
BLOCKGRIPLOCATIONCOMPONENT
  5
57F
330
57C
100
AcDbEvalExpr
 90
        3
 98
       33
 99
        1
100
AcDbBlockGripExpr
 91
        1
300
UpdatedX
  0
BLOCKGRIPLOCATIONCOMPONENT
  5
580
330
57C
100
AcDbEvalExpr
 90
        4
 98
       33
 99
        1
100
AcDbBlockGripExpr
 91
        1
300
UpdatedY
  0
ACDB_BLOCKREPRESENTATION_DATA
  5
52E
102
{ACAD_REACTORS
330
52D
102
}
330
52D
100
AcDbBlockRepresentationData
 70
     1
340
52F
  0
DICTIONARY
  5
626
102
{ACAD_REACTORS
330
52D
102
}
330
52D
100
AcDbDictionary
280
     1
281
     1
  3
ACAD_ENHANCEDBLOCKDATA
360
627
  0
ACDB_BLOCKREPRESENTATION_DATA
  5
76E
102
{ACAD_REACTORS
330
76D
102
}
330
76D
100
AcDbBlockRepresentationData
 70
     1
340
52F
  0
DICTIONARY
  5
76F
102
{ACAD_REACTORS
330
76D
102
}
330
76D
100
AcDbDictionary
280
     1
281
     1
  3
ACAD_ENHANCEDBLOCKDATA
360
770
  0
ACDB_BLOCKREPRESENTATION_DATA
  5
7EB
102
{ACAD_REACTORS
330
7EA
102
}
330
7EA
100
AcDbBlockRepresentationData
 70
     1
340
52F
  0
DICTIONARY
  5
7EC
102
{ACAD_REACTORS
330
7EA
102
}
330
7EA
100
AcDbDictionary
280
     1
281
     1
  3
ACAD_ENHANCEDBLOCKDATA
360
7ED
  0
DICTIONARY
  5
82C
330
21C
100
AcDbDictionary
280
     1
281
     1
  3
ACAD_XREC_ROUNDTRIP
360
82D
  0
DICTIONARY
  5
205
330
22
100
AcDbDictionary
280
     1
281
     1
  0
DICTIONARY
  5
1F9
330
ED
100
AcDbDictionary
280
     1
281
     1
  3
FBXASSET
360
1FA
  0
DICTIONARY
  5
1F7
330
EC
100
AcDbDictionary
280
     1
281
     1
  3
FBXASSET
360
1F8
  0
DICTIONARY
  5
173
330
EE
100
AcDbDictionary
280
     1
281
     1
  3
FBXASSET
360
1FB
  0
DICTIONARY
  5
82E
330
21A
100
AcDbDictionary
280
     1
281
     1
  3
ACAD_XREC_ROUNDTRIP
360
82F
  0
DICTIONARY
  5
830
330
7F
100
AcDbDictionary
280
     1
281
     1
  3
ACAD_ROUNDTRIP_2008_TABLESTYLE_CELLSTYLEMAP
360
831
  0
DICTIONARY
  5
832
330
F5
100
AcDbDictionary
280
     1
281
     1
  3
ACAD_XREC_ROUNDTRIP
360
833
  0
DICTIONARY
  5
834
330
F4
100
AcDbDictionary
280
     1
281
     1
  3
ACAD_XREC_ROUNDTRIP
360
835
  0
DICTIONARY
  5
836
330
FB
100
AcDbDictionary
280
     1
281
     1
  3
ACAD_XREC_ROUNDTRIP
360
837
  0
DICTIONARY
  5
838
330
FF
100
AcDbDictionary
280
     1
281
     1
  3
ACAD_XREC_ROUNDTRIP
360
839
  0
DICTIONARY
  5
83A
330
F8
100
AcDbDictionary
280
     1
281
     1
  3
ACAD_XREC_ROUNDTRIP
360
83B
  0
DICTIONARY
  5
83C
330
FA
100
AcDbDictionary
280
     1
281
     1
  3
ACAD_XREC_ROUNDTRIP
360
83D
  0
DICTIONARY
  5
83E
330
1E6
100
AcDbDictionary
280
     1
281
     1
  3
ACAD_XREC_ROUNDTRIP
360
83F
  0
DICTIONARY
  5
840
330
FE
100
AcDbDictionary
280
     1
281
     1
  3
ACAD_XREC_ROUNDTRIP
360
841
  0
DICTIONARY
  5
842
330
F0
100
AcDbDictionary
280
     1
281
     1
  3
ACAD_XREC_ROUNDTRIP
360
843
  0
DICTIONARY
  5
844
330
F1
100
AcDbDictionary
280
     1
281
     1
  3
ACAD_XREC_ROUNDTRIP
360
845
  0
DICTIONARY
  5
846
330
F2
100
AcDbDictionary
280
     1
281
     1
  3
ACAD_XREC_ROUNDTRIP
360
847
  0
DICTIONARY
  5
848
330
F3
100
AcDbDictionary
280
     1
281
     1
  3
ACAD_XREC_ROUNDTRIP
360
849
  0
DICTIONARY
  5
84A
330
F7
100
AcDbDictionary
280
     1
281
     1
  3
ACAD_XREC_ROUNDTRIP
360
84B
  0
DICTIONARY
  5
84C
330
1E4
100
AcDbDictionary
280
     1
281
     1
  3
ACAD_XREC_ROUNDTRIP
360
84D
  0
DICTIONARY
  5
84E
330
FD
100
AcDbDictionary
280
     1
281
     1
  3
ACAD_XREC_ROUNDTRIP
360
84F
  0
DICTIONARY
  5
850
330
1E5
100
AcDbDictionary
280
     1
281
     1
  3
ACAD_XREC_ROUNDTRIP
360
851
  0
DICTIONARY
  5
852
330
F9
100
AcDbDictionary
280
     1
281
     1
  3
ACAD_XREC_ROUNDTRIP
360
853
  0
DICTIONARY
  5
854
330
1F3
100
AcDbDictionary
280
     1
281
     1
  3
ACAD_XREC_ROUNDTRIP
360
855
  0
DICTIONARY
  5
856
330
1F2
100
AcDbDictionary
280
     1
281
     1
  3
ACAD_XREC_ROUNDTRIP
360
857
  0
DICTIONARY
  5
858
330
1EF
100
AcDbDictionary
280
     1
281
     1
  3
ACAD_XREC_ROUNDTRIP
360
859
  0
DICTIONARY
  5
85A
330
1F0
100
AcDbDictionary
280
     1
281
     1
  3
ACAD_XREC_ROUNDTRIP
360
85B
  0
DICTIONARY
  5
85C
330
FC
100
AcDbDictionary
280
     1
281
     1
  3
ACAD_XREC_ROUNDTRIP
360
85D
  0
DICTIONARY
  5
85E
330
F6
100
AcDbDictionary
280
     1
281
     1
  3
ACAD_XREC_ROUNDTRIP
360
85F
  0
DICTIONARY
  5
860
330
1F1
100
AcDbDictionary
280
     1
281
     1
  3
ACAD_XREC_ROUNDTRIP
360
861
  0
DICTIONARY
  5
627
102
{ACAD_REACTORS
330
626
102
}
330
626
100
AcDbDictionary
280
     1
281
     1
  3
1
360
628
  0
DICTIONARY
  5
770
102
{ACAD_REACTORS
330
76F
102
}
330
76F
100
AcDbDictionary
280
     1
281
     1
  3
1
360
771
  0
DICTIONARY
  5
7ED
102
{ACAD_REACTORS
330
7EC
102
}
330
7EC
100
AcDbDictionary
280
     1
281
     1
  3
1
360
7EE
  0
XRECORD
  5
82D
102
{ACAD_REACTORS
330
82C
102
}
330
82C
100
AcDbXrecord
280
     1
102
DISPLAYNAME
  1
Metric50
102
FLAGS
 90
        0
  0
XRECORD
  5
1FA
102
{ACAD_REACTORS
330
1F9
102
}
330
1F9
100
AcDbXrecord
280
     1
 70
     1
 90
429727718
  1
D62C5603-E3A1-4AEA-B7FB-FE5D8D0755AF
310
504B03040A0000080000CC70623B3DEE336E79000000790000001B0000006175746F6465736B2D64657369676E2D7061636B6167652E786D6C3C3F786D6C2076657273696F6E3D22312E302220656E636F64696E673D227574662D3822203F3E3C666F726D6174733E3C666F726D61743E687474703A2F2F736368656D612E
310
6175746F6465736B2E636F6D2F64657369676E2D7061636B6167652F323030393C2F666F726D61743E3C2F666F726D6174733E504B0304140006080800CC70623BD486FD9CA0000000F4000000130000005B436F6E74656E745F54797065735D2E786D6C7D8EC10E82300C865F65E91D8A1E8C310C0EEA1BF002731658846E
310
D98AC1B77784ABF1D8FE5FBFBF75BBCE937A534CCEB38643598122B6FEE978D0B0485F9C41B54DDD7D022595594E1A469170414C76A4D9A4D207E29CF43ECE46F218070CC6BECC4078ACAA135ACF422C856C0E68EA1BF5669944DDD7BCDE7B1F8E415D77AECB980613C2E4AC91FC167A2B244592486606FC29C8FD7F045B9A
310
EF7053A7E60B504B0304140006080800CC70623B853B8169EB0000007C01000008000000636F72652E786D6C8D90416EC3201045AF62CDB6C206821CC7C244919D9CA01740401C94182C03558F5F9C3852BBEB6A467FFE9B197D7EFC9E1EC5975982F5AE035262288C535E5B377690E21535501C055FBC8FBF6C503839990E
310
5619041F179FE64D52DE45E362569DD7661365082642A11EB9E920A89B99642953CC8E702F67A9EE7234257977194EC9EAE275C4EABCCF5EAD5940D4AC6F0E35A568B8F43562CD7046CD199FD07E60174276A7BE677B5EADB0E0D14EEFFB6A31321A0D82627C4084204C3F096B71DD52F6819B16635EADF63F509AF53FA164
310
5DDCD1EDDD17164090FCC8732078B56691CB33A85CD7DCC40F504B0304140006080800CC70623B55019EA25F0000007C00000007000000636E782E786D6C4DCB3B0E80201045D1AD90E915ED2CF8AC45050C11660C8261F98AB1B07AC9C97D42D718D865D3E909258CFD00CCE24AC6E326A164D74DC0B4128928FF32603847
310
2BA13128B1252AC747C6BAB984FC68F0B87FE8960A5C09FE86CFB69FBA01504B0304140006080800CC70623BDBABAAF470010000D40300000C0000006662782F636F72652E786D6CC553D16E823014FD95A6AF4B694182CC941A83FA05FB810A9511A125A5257EFE2E82712ECEB8A7F100CD39F7F69E734AF9FADC366850B6
310
AF8DCE7018308C942E4C59EB2AC3DE1D498AD15A706B8CFB56869196ADCAF00863C12B6B7C374385D14E6907A836A59A41D9F7CA615434B0C8705F7CAA5606D23BA8E84F41278B93AC54100640439DE0BDB320004D43C63716C7C399D30917DCFBBA9CD9BA8469F5B156168B24CED3F7248AC8769F27244EB73B92EED8862C
310
B7F13E0C179B3C8F979C8ECD82BBBABDAA2BAC924E9558448CBD9330242CFA08E3154B5651FCC6D215639C8EE5774DBE2B5F6CF2B5768B68963BB5F5588420E442FC700B1139D4CB01F450C1E918227C2E09DF070D8140C84E1E9AAB8F1340832A9CB13130A5F1376A908D57309505ECF2A0DF179C4E9D30F5B239B87E3823
310
7A79C6F31DE1A8A5AEC08474B03C7837EAE4938639B44E5932B833D2C6B6B279CDC613877FA26EE21F4A2A4C63EC7F29A2F301D1F9F7A0E37D145F504B0304140006080800CC70623B9C113CC27E0000009D0000000B0000006662782F636E782E786D6C4DCCDF0A83201C86E15B91DFB94BFB330DD428C8FB886521330DA7
310
6397BF1A1DECE883878F57749FCDA1B7892F1BBC047A23808C7F84D9FA55424E0BE6803A256208E9EF06C84F9B91703228B1C690F78B66B34CD9A5439DF5CF0BFBF65E35BCA1B8D6A5C6F540381E886698B5741C695F9503EBA150A2F8958E3DC3EA0B504B0304140006080800CC70623B7DF2F77C2A010000120200003100
310
00006662782F41393633353835312D344632462D344230382D423046372D3739314545314133324237412F636F72652E786D6C8D51DB8EC22014FC15C2939B0D2DB4B45643319AE817EC0F6041255A68B86CFCFC856D4D76DF7CE190393373060EDB3DC707F856CE6B6B7A480A0C81328395DA5C7B18C3057510EC3873D686
310
3F34088C18550F330C39BB3A1BA7051AAC09CA84841A2BD5020AEF55806078A44B0FFD7053A328440C89E1EFC52486BBB8AA8214A99D789CF9E05200300FC927E4FB4D5B375D43103D5527440FB843077C5AA3F5861C8F645F5787F59E95B390B318B55CE45AA638FAA2957BD7248B390B7A7CC51F9C124149C82B8C378810
310
84AB2F42B7B8DD56F413775B8C5999E9FF4471926F8AA236A1AE96B8B3CC434E5839373893369E1FAF30EA395917409EB7F26AF8801C171837A4A6AC9C89E9F9C9B1A58BA30FD6A5EF5DDDCF894B9AD9B6A59C957943A9FCAE2FD5BC4DFE03504B0304140006080800CC70623BAD7543B64E01000033030000300000006662
310
782F41393633353835312D344632462D344230382D423046372D3739314545314133324237412F636E782E786D6CD593CD6EC32010845F0571AD6CE3D48AD20813A9873E410FBD12D82434182C7EAAE6EDBB2424CD25871E7B41D6EC30B3FA84F9E67BB2E40B4234DE8DB46F1925E094D7C6ED479AD3AE5951B2113C789FEE
310
6C943839C1488B4C05DF079FE72A69D8C96C13AAD6B8631503449F83828872B949AC57D26200B826A308D316B4064D6E46FCDA41C05550DC9E483A00797BFD207EFB092A45DE9514C1BBD22178396BD39D891265658C238DEA00936C654E5E433CB65A26D9F6EDB5EBC14EBF49A45CB856E66048291F6939A9A81BB5C89177
310
38143CA680F4AA299D66A042CEB3354A2684DC9D8D178FE0D9B8B41CAAD720F880EE7EF93C0C18769E099ECC04D5A102C8049A8A05632F4DDF376CF1DE0F6BB65C2F8627B65A33C6BB62177CEBBDAD973006829F89F22E814B54F4BC2BE347F8AA8F681390B50FA73F804400B5F542E796F19FF974E7F78DB802FE05E20750
310
4B0304140006080800CC70623BE75B7789680500003C100000340000006662782F41393633353835312D344632462D344230382D423046372D3739314545314133324237412F6F626A656374732E786D6CAD575B8F9B3818FD2B887D06C22499CB8AA1CA655245D5B455A356FB305264C061D8018C6C3393D95FBFC7600890
310
A4CD5EF210B0B1BFEBF98E3F7B1FF6596ABC522E1296DF9BAE3D320D9A872C4AF2F8DE2CE5CEBA358D0FBEC719939D65A691938CDE9B6ADAF4BD98B3B2D05311DD91329583D9D5FC0F438434A7A611A644887B5384CF34233629258BA878B12322891DEFF6B66BD70BFB62634E8AE781D082709A4B588AF91C528CDA28B73F
310
1C998EEF39EABBEFA97FBD6A7C7E9553F9D3D79FE442923C3C523610337627CB87ABE99D359D4CC6D6E4FACAB5E6ABF9D2726FC6A3C5F56271377BB88362213924694B38DD99FE47C48627A1E7D49F5A8BB5E1A74C0A599ED3B0F21F1E56366B89112D681E218F0915D0D6F17AD41FBA2A369DCF6335D62ABBD39779D5DDD1
310
11D4D8DE3CBB96B2E04FB8202E41051754A1AA8E8F76B4C6DFE810B580B1547F4B84911149794252234D024EF8BBE963A95AE27B3D310A9D5C215C7960FAEE415ED75694C6AFB17BCACA5D99A60A9AA65F217B0BFC53292ACB92BF283FAD0D3621576592CB5BED907C2FA8E9DF794E35E97BEA31BED21FEB401ABB94C44839
310
DCACBF0E1C5DA8DA5B2F4DFFD32AD86F543D9E565E7056502E157C00AD2671CD534549AB752FCA9CDA00677A313F04E51B22FF19E57B300579E3C97EB29F682D92935CEC18CF901B7B54FD8C51F362B56FC72FE0B3C1EAE335EDCCBF5AEC39ADB17DC238973F804BA5E6F6BFE7AF1FB32E523BE9F3BD571418E3631DCA4D48
310
5250CF639223210A9446CA30052EDF057BD35F8329C1ECD84552BF0DC8D18BE7BCE23BFE6BD960AB4A7DE79923A103BEBD80F911CBAA2C60DB19B01CF164A5583B772EE6D3FFA56666CBCDA74DC97724A48F9A58967497E489C4D979006FD7A05E227A1EBDD0F737C623387A9C844D3709995625106D157315F8B8392CD4E0
310
A0B9A720C4BE9829CEF37EA1E13111214D53925356365ADA634861B52519DD27A00AEB808EAF0628E6F435519D446F45CF2C9CF5214F0A15B2F6D06B79DA3EE3CBF7F56780D2F4E7EF73A0F5E5B02A38D07DC852C6B7C1FBB6664213E0C39E3EBA7FF4E1AD23EA2829407C85E586727488B751B2DB9502BC7B228A3FD68B6E
310
A65A22397E690AA8D158D7E404EC8CDA235CC3B7D1898680131CEC2CDF2638C65196279577750F15884AEE19F94199155B92B13297978469D4F8D358DF0AEF7631E28DC8F0D9F437D5D39A83B2231A1D52D543813A824EF8D44BCFF2FA6A31BD1E8DAD87F1CCB526B3879935BF59CDADD5C37479BB1CDD4CA7B3556B516589
310
EF352754B706114D9C885EC9131DE6EFEB43D99AFE2391C2F958179413D7CFEF6B1B6DB1E7600F00DE6E5C67454A339A4BA2E0FBA85ED26F045D454F463DBFCE484C2F90F2E5E3666003662ED8F755951A7D1BECD5B30B550B2785C8E7320B7292A4838DDA71BBC863ED7613CAF659337A3354231D4FF4A182A54904C2898C
310
98B28C4AD0CE056CCF332A80986E571EE9DBC305BB5FEB7E509220A58D25CF042D712A806AC0AD0C657FDEF80D2D9CEAA2EE4D1C76F60BFE74219A06527D6F82DF6412526107381E55E353090704D085B52408A8913C4ED159D79BDA71BB4BC506F4831350EB6F975CD22D69BF7AC49B91A2C0A9DDA3D5CA36AD20FC478E37
310
E61844E2352865EBCB61A275A65283CAAA9DD27703B4102F5AF51EF5F573B75CBB5AD38BC845F7A49F82A0966A49C2E3EA5EA0ECD326CD965F1DB402C6FA8B51A4658C5C5E2EC9E214602E55810345408596591009A82E7E7FFACA19EEA299B14A0081A705CB3296EBC14CDF658DCD336EA6D1136881AAEB87B81AB9EE53D5
310
F5EB8BC8362082DA24122F98680A4E7930C01A0079749CEA14382A0783E5EBA5A10F8C098456A03D6A4AEB6BB881E2513747552A5DB22C7EDAF83BD5528081A365F7FF06504B0304140006080000CC70623B000000000000000000000000350000006662782F41393633353835312D344632462D344230382D423046372D37
310
39314545314133324237412F76657274696365732E62696E504B0304140006080800CC70623BF270F1330600000004000000360000006662782F41393633353835312D344632462D344230382D423046372D3739314545314133324237412F747269616E676C65732E62696E636660600000504B0304140006080000CC7062
310
3B000000000000000000000000370000006662782F41393633353835312D344632462D344230382D423046372D3739314545314133324237412F617474726962757465732E62696E504B0304140006080800CC70623B08DA0BD19000000041010000360000006662782F41393633353835312D344632462D344230382D4230
310
46372D3739314545314133324237412F6469726563746F72792E786D6C858F410AC3201045AF22B36F53E9A60B35CBEEBAE80D244E44489C6234F4F835464A48035D0DF398FF9F8AF63D0E6CC63039F212F8F9020C7D47C6792B21C5FE7403D62A1188E2E60C98D7234A5830286103A55745067B9D86B8A3CF9C7F90C11DE6
310
07FB144396D7B6A82D282E9A152AD114D5EF2CB866EEE831B8EEA07A7BB5A8D7D61A2BAAEB7FD5F70921FF497D00504B0304140006080800CC70623BEDD1DC58FD000000A00100003B0000006662782F41393633353835312D344632462D344230382D423046372D3739314545314133324237412F7265736F75726365732F
310
636F72652E786D6C8D504B6E833010BD0A9A6D65B00922041947112427E8052C33A156828DFCA97AFC9A40A576D7CDCCE87D344F8F9FBFE667F689CE6B6B3A6039850C8DB2A336530731DC4903D95970676DF82583CCC8193B5861107C72362E3BA4AC096842428D1D7107A5F7182053CF7474E0D507CE32973124857FE48B
310
540F3961CEF244279DE03EB81420DB9EAC1384436FA353E879B1B182C7A8C75DA3C7F453DF353A1075D537A7BA6464B8F535A99AE14A9A2BBD90E350DD183B5CFABE3AF262350B1EF4FC9351399401471025A527C218A1E53BAB5A5AB765F5469B96525EACF23FA6B88CFF34456DC2A1DCE36E360F82A5202F42F062ED2BAD
310
579969AFDD8A6F504B010214000A0000080000CC70623B3DEE336E79000000790000001B00000000000000000000000000000000006175746F6465736B2D64657369676E2D7061636B6167652E786D6C504B01021400140006080800CC70623BD486FD9CA0000000F40000001300000000000000000000000000B20000005B
310
436F6E74656E745F54797065735D2E786D6C504B01021400140006080800CC70623B853B8169EB0000007C010000080000000000000000000000000083010000636F72652E786D6C504B01021400140006080800CC70623B55019EA25F0000007C000000070000000000000000000000000094020000636E782E786D6C504B
310
01021400140006080800CC70623BDBABAAF470010000D40300000C00000000000000000000000000180300006662782F636F72652E786D6C504B01021400140006080800CC70623B9C113CC27E0000009D0000000B00000000000000000000000000B20400006662782F636E782E786D6C504B01021400140006080800CC70
310
623B7DF2F77C2A010000120200003100000000000000000000000000590500006662782F41393633353835312D344632462D344230382D423046372D3739314545314133324237412F636F72652E786D6C504B01021400140006080800CC70623BAD7543B64E010000330300003000000000000000000000000000D2060000
310
6662782F41393633353835312D344632462D344230382D423046372D3739314545314133324237412F636E782E786D6C504B01021400140006080800CC70623BE75B7789680500003C10000034000000000000000000000000006E0800006662782F41393633353835312D344632462D344230382D423046372D3739314545
310
314133324237412F6F626A656374732E786D6C504B01021400140006080000CC70623B0000000000000000000000003500000000000000000000000000280E00006662782F41393633353835312D344632462D344230382D423046372D3739314545314133324237412F76657274696365732E62696E504B01021400140006
310
080800CC70623BF270F133060000000400000036000000000000000000000000007B0E00006662782F41393633353835312D344632462D344230382D423046372D3739314545314133324237412F747269616E676C65732E62696E504B01021400140006080000CC70623B0000000000000000000000003700000000000000
310
000000000000D50E00006662782F41393633353835312D344632462D344230382D423046372D3739314545314133324237412F617474726962757465732E62696E504B01021400140006080800CC70623B08DA0BD1900000004101000036000000000000000000000000002A0F00006662782F41393633353835312D344632
310
462D344230382D423046372D3739314545314133324237412F6469726563746F72792E786D6C504B01021400140006080800CC70623BEDD1DC58FD000000A00100003B000000000000000000000000000E1000006662782F41393633353835312D344632462D344230382D423046372D3739314545314133324237412F7265
310
736F75726365732F636F72652E786D6C504B0506000000000E000E0080040000641100000000
  0
XRECORD
  5
1F8
102
{ACAD_REACTORS
330
1F7
102
}
330
1F7
100
AcDbXrecord
280
     1
 70
     1
 90
429727718
  1
30362254-06B7-45E0-A893-8CFA70E3D6BC
310
504B03040A0000080000CC70623B3DEE336E79000000790000001B0000006175746F6465736B2D64657369676E2D7061636B6167652E786D6C3C3F786D6C2076657273696F6E3D22312E302220656E636F64696E673D227574662D3822203F3E3C666F726D6174733E3C666F726D61743E687474703A2F2F736368656D612E
310
6175746F6465736B2E636F6D2F64657369676E2D7061636B6167652F323030393C2F666F726D61743E3C2F666F726D6174733E504B0304140006080800CC70623BD486FD9CA0000000F4000000130000005B436F6E74656E745F54797065735D2E786D6C7D8EC10E82300C865F65E91D8A1E8C310C0EEA1BF002731658846E
310
D98AC1B77784ABF1D8FE5FBFBF75BBCE937A534CCEB38643598122B6FEE978D0B0485F9C41B54DDD7D022595594E1A469170414C76A4D9A4D207E29CF43ECE46F218070CC6BECC4078ACAA135ACF422C856C0E68EA1BF5669944DDD7BCDE7B1F8E415D77AECB980613C2E4AC91FC167A2B244592486606FC29C8FD7F045B9A
310
EF7053A7E60B504B0304140006080800CC70623B1EC5D7A3EB0000007C01000008000000636F72652E786D6C8D90416EC3201045AF82665B6103C6756C6122AB4D4ED00B204C5C94182C03558F5F9C3852BBEB6A467FFE9B197D71FC9E6FE8CBACC17AD7032D0820E3B41FAD9B7A48F1820F808E52ACDEC75F36404ECDA687
310
4D0629A6D5A76597B477D1B89855E747B38B2A041301E95B6E7A08FAD3CCAA50296647B8168BD2573599823EBB0CA76447F43862C7BCCF5EAC59410E4DDD9C7973C2755553CCCFA4C603E3040F1565ED3B1FDE4E432BCA0D9622DAF9795FAF464533826484B498524CD807E51D79ED187F21878E10516EF63F505AC67F42C9
310
BA58B1FDDD071640D2FCC87D2045B96591CB3DA85CB7DCE40F504B0304140006080800CC70623B55019EA25F0000007C00000007000000636E782E786D6C4DCB3B0E80201045D1AD90E915ED2CF8AC45050C11660C8261F98AB1B07AC9C97D42D718D865D3E909258CFD00CCE24AC6E326A164D74DC0B4128928FF32603847
310
2BA13128B1252AC747C6BAB984FC68F0B87FE8960A5C09FE86CFB69FBA01504B0304140006080800CC70623B8C9102E971010000D40300000C0000006662782F636F72652E786D6CC5535B6E833010BC8AE5DF0A6C08340F1947A84D4ED00B38C6A128602363A31CBFCB234A53A551FA553EC09AD9F5CE8C31DB9E9B1AF5CA
310
7695D1198E428A91D2D214952E33ECDD315861B4E5CC1AE3BE9561A445A3323CC098B3D21ADFCE9034DA29ED00D5A6503328BA4E398C640D8B0C77F253352214DE4145770A5B214FA2546114020D759C75CE8200340D19DE981F0F6746269C33EFAB6266AB02A655C74A59CCF365BADC27CB5D902ED22848F6340DF238A141
310
BE88E2F57B92BFEDF23523433367AE6A2EEAA455C2A902F398D2751045018D3FA264435F3771F242571B4A1919CA6F9A7C5B3CD9E42BED16F12C776AEB308F40C848FC700B1139D4891EF410CEC810227CC6846F8386402064270EF5C5C709A05E49676C024C61FC95EA45ED154CA5211D1FF4FB8291A913A68E9B83EBBB33
310
E2A7673CDE118E5AE8124C0807CB8377834E366998436B950D7A7746DAD846D4CFD978E0F04FD455FC5D49D2D4C6FE9722321F10997F0F32DC47FE05504B0304140006080800CC70623BFFEA85907E0000009D0000000B0000006662782F636E782E786D6C4DCCD10A83201886E15B91FFDC95D95A811AB6F23E625948A6C3
310
E9D8E5AF46073BFAE0E1E365ED67B3E8ADC3CB78C7815C7240DA3DFC64DCC221C519D7805AC182F7F1EF06C88D9BE6703008B6049F9E274D7A1E938DBB5AE3D6131B2589BA0D3D965551E0B2EA732C9B9A624AAEB41E3A557677029960D9AFB4EF11165F504B0304140006080800CC70623B4FEEA4082C0100001202000031
310
0000006662782F39464131463745442D413632322D343644302D413938332D3331353338454246344243312F636F72652E786D6C8D515B6EC32010BC0AE2AB55850DD871ED0813254D72825EC00192A2C460F1A872FC42ED48ED5F7E00CDCECCCEB26C731F6FE05B39AFADE921293004CA082BB5B9F43086336A21D870E6AC
310
0D7F68109861543DCC30E4ECE26C9C164858139409093556AA051CBC570102714B8F1E7AF1A5C6A11862480C7F2DA6415C878B2A4891CA89C7990F2E050073937C42DE1DB7E4F87ED8A36D4329AA9B3D46DBAEAD504556557BD81DEBDD0761E52CE42C462D17B996298E3E6BE59E35C962CE821E1FF18553435012728A7187
310
0841987E927A8D9B35ADDF70BBC6989599FE4F1427F9A4286A132ABAC49D651EF234CD5CE04CDA78BA3DC2A8FB645D00B9DF8B57E215725C60BCA2A463E54C4CE327C7A65E1C7DB02E7DEFCBF594B864C5CA6CDBD49C957943E9FA5D5FBAF336F90F504B0304140006080800CC70623BAD7543B64E01000033030000300000
310
006662782F39464131463745442D413632322D343644302D413938332D3331353338454246344243312F636E782E786D6CD593CD6EC32010845F0571AD6CE3D48AD20813A9873E410FBD12D82434182C7EAAE6EDBB2424CD25871E7B41D6EC30B3FA84F9E67BB2E40B4234DE8DB46F1925E094D7C6ED479AD3AE5951B2113C
310
789FEE6C943839C1488B4C05DF079FE72A69D8C96C13AAD6B8631503449F83828872B949AC57D26200B826A308D316B4064D6E46FCDA41C05550DC9E483A00797BFD207EFB092A45DE9514C1BBD22178396BD39D891265658C238DEA00936C654E5E433CB65A26D9F6EDB5EBC14EBF49A45CB856E66048291F6939A9A81BB5
310
C8917738143CA680F4AA299D66A042CEB3354A2684DC9D8D178FE0D9B8B41CAAD720F880EE7EF93C0C18769E099ECC04D5A102C8049A8A05632F4DDF376CF1DE0F6BB65C2F8627B65A33C6BB62177CEBBDAD973006829F89F22E814B54F4BC2BE347F8AA8F681390B50FA73F804400B5F542E796F19FF974E7F78DB802FE05
310
E207504B0304140006080800CC70623B16AB87BA640500003C100000340000006662782F39464131463745442D413632322D343644302D413938332D3331353338454246344243312F6F626A656374732E786D6CAD575B6FA33818FD2B887DE6924B3BED8A326A92B68A663B534DD4D13E548A0C38942D60649B369D5FBFC7
310
600890A493BDE42160637FD7F31D7FF63E6FB3D478A55C242CBF3247B66B1A340F5994E4F19559CA8D75611A9F7D8F33263BCB4C232719BD32D5B4E97B316765A1A722BA21652A07B3B7B33F0D11D29C9A46981221AE4C113ED38CD8A4942CA2E2C58E882476BCD9DA23BB5ED8171B73523C0F841684D35CC252CCE79062D4
310
468DFA43D7747CCF51DF7D4FFDEB5593E3AB9CCA9FBEFE241792E4E19EB28198C968BAB8199F5D5A67D3E9C49A9E8F47D6EC76B6B0469F26EEFC7C3EBFBCBEB98462213924694B38DD98FE1D62C393D073EA4FADC5DAF04326852CCF6958F90F0F2B9BB5C48816348F90C7840A68EB78EDF68723159BCEE7891A6B95DDE9D3
310
BCEAEEE8086A6C6F9E5D4B59F0175C10A7A0820BAA5055C7473B5AE3CFDD452D602CD5DF12616444529E90D448938013FE6EFA58AA96F85E4F8C42275708571E98FE6827AF6B2B4AE3D7D83D64E5A64C53054DD3AF90BD06FEA9149565C94FCA0F6B834DC85599E4F2423B24DF0B6AFA979E534DFA9E7A4CC6FA631D486393
310
921829879BF5D781A373557BCB85E97FB90DB62B558F8795179C15944B051F40AB495CF35451D26A4727654E6D8033BD98EF82F21D91FF8AF2DD9982BCF1643BDD4EB516C9492E368C67C88DED563FC36D5EACF66DFF057C3658BDBFA69DF9578B3DA735B64F18C7F20770A9D45CFCF7FCF563D6456A277DBEF78A02637CA2
310
43B90A490AEAB94F72244481D24819A6C0E59B606BFA4B3025981DBB48EAB701D97BF19C577CC77F2D1B6C55A9EF3C732474C0B727303F625995056C3B02963D9EAC146BE78EC5FCEC7FA999EBC5EACBAAE41B12D27B4D2C0BBA49F244E2ECDC81B76B502F113D8F5EE8FB1BE3111CDD4FC2AA9B844CAB1288B68AB90A7CDC
310
1C166AB0D3DC5310625FCC14E779BFD0709F8890A629C9292B1B2DED31A4B0DA928CEE135085754027E3018A397D4D5427D15BD1330B677DC8934285AC3DF45A9EB68FF8F2B8FC0A509AFEECFD0FF2DE25CC6047F7214B195F07EFEB9A094D800F7BFAE8FED187B78EA8A3A400F115961BCAD1215E47C966530AF0EE8128FE
310
58CEBB996A8964FFA529A046635D9353B0336A8F700DDF46271A024E70B0B37C9DE01847591E54DED53D54202AB947E4076556AC49C6CA5C9E1226B7F1A7B1BE15DEED62C41B91E1B3E9AFAAA735036547343A925075041DF0A9979E893B391F8FCFA6967B3EFB644DCF6E5CEBFAE272625DCC6FAF3FB93793C5F90CE1EF57
310
407342756B10D1C489E8953CD1617E5CEECAD6F4EF8914CE5D5D504E5C3F1F9736DA62CFC11E00BCDDB8CC8A9466349744C1F75EBDA4DF09BA8A9E8C7A7E9991989E20E5DBDD6A6003664ED8F7A04A8DBE0DF6EAD9B9AA858342E47399053949D2C146EDB85DE4B176BB0965FBAC19BD19AA918E27FA50C1D22402E144464C
310
59462568E704B6E71915404CB72B8FF4EDE184DDAF753F284990D2C6926782963815403548A70C657FDEF80D2D9CEAA2AE4C1C76F60BFE74219A06527D6582DF6412526107381E55E353090704D085B52408D0933C4ED159D79BDA71BB4BC506F4831350EB6F979CD22D69BF7AC49B91A2C0A9DDA3D5CA36AD20FC478E37E6
310
1844E2352865EBCB6EA275A652E3836BE04EFB400BF1A2556F515F1FBB35B2AB35BD889C744FFA1004B5544B121E57F70215746DD2F5E2C1412B602CBF19455AC6C8E5E9922C4E01E65215385004546899059180EAFCF7A707CE7017CD8CDB0410789AB32C63B91E5CEBBBACB17AC6CD347A022D5075FD106377347AAABA7E
310
7D11590744509B44E205134DC1290F06580320F78E537D3D73540E06CB970B431F185308AD40BBD794D6D77003C5A36E8EAA54BA64597CD8F83BD552A080A365F7FF06504B0304140006080000CC70623B000000000000000000000000350000006662782F39464131463745442D413632322D343644302D413938332D3331
310
353338454246344243312F76657274696365732E62696E504B0304140006080800CC70623BF270F1330600000004000000360000006662782F39464131463745442D413632322D343644302D413938332D3331353338454246344243312F747269616E676C65732E62696E636660600000504B0304140006080000CC70623B
310
000000000000000000000000370000006662782F39464131463745442D413632322D343644302D413938332D3331353338454246344243312F617474726962757465732E62696E504B0304140006080800CC70623B08DA0BD19000000041010000360000006662782F39464131463745442D413632322D343644302D413938
310
332D3331353338454246344243312F6469726563746F72792E786D6C858F410AC3201045AF22B36F53E9A60B35CBEEBAE80D244E44489C6234F4F835464A48035D0DF398FF9F8AF63D0E6CC63039F212F8F9020C7D47C6792B21C5FE7403D62A1188E2E60C98D7234A5830286103A55745067B9D86B8A3CF9C7F90C11DE607
310
FB144396D7B6A82D282E9A152AD114D5EF2CB866EEE831B8EEA07A7BB5A8D7D61A2BAAEB7FD5F70921FF497D00504B0304140006080800CC70623B0D6EF93BFE000000A00100003B0000006662782F39464131463745442D413632322D343644302D413938332D3331353338454246344243312F7265736F75726365732F63
310
6F72652E786D6C8D50596E833010BD0A9ADFCA60B334011947A8694ED00B586642AC041B79A97AFC9A40A5F6AF3F33A3B7689E1E3F7DCD8FEC139DD7D6F4C0720A191A65476DA61E62B892236427C19DB5E1970C322367EC618541F0C9D9B8EC90B226A009093576C41D94DE63804C3DD2D18357379C652E63480A7FCF17A9
310
EE72C29CE5894E3AC17D702940B63D59270887DE46A7D0F36263058F518FBB468FE9A7BE6A7420864373B8D4873369AA8691FA421B3294352543C5CAF65C0F6FEF43CB8BD52C78D0F34F46E550061C419494B6843142CB0F5677F4B52BEB177AEC28E5C52AFF638ACBF84F53D42654E51E77B379102C05791282176B5F693D
310
CB4C7BED567C03504B010214000A0000080000CC70623B3DEE336E79000000790000001B00000000000000000000000000000000006175746F6465736B2D64657369676E2D7061636B6167652E786D6C504B01021400140006080800CC70623BD486FD9CA0000000F40000001300000000000000000000000000B20000005B
310
436F6E74656E745F54797065735D2E786D6C504B01021400140006080800CC70623B1EC5D7A3EB0000007C010000080000000000000000000000000083010000636F72652E786D6C504B01021400140006080800CC70623B55019EA25F0000007C000000070000000000000000000000000094020000636E782E786D6C504B
310
01021400140006080800CC70623B8C9102E971010000D40300000C00000000000000000000000000180300006662782F636F72652E786D6C504B01021400140006080800CC70623BFFEA85907E0000009D0000000B00000000000000000000000000B30400006662782F636E782E786D6C504B01021400140006080800CC70
310
623B4FEEA4082C0100001202000031000000000000000000000000005A0500006662782F39464131463745442D413632322D343644302D413938332D3331353338454246344243312F636F72652E786D6C504B01021400140006080800CC70623BAD7543B64E010000330300003000000000000000000000000000D5060000
310
6662782F39464131463745442D413632322D343644302D413938332D3331353338454246344243312F636E782E786D6C504B01021400140006080800CC70623B16AB87BA640500003C1000003400000000000000000000000000710800006662782F39464131463745442D413632322D343644302D413938332D3331353338
310
454246344243312F6F626A656374732E786D6C504B01021400140006080000CC70623B0000000000000000000000003500000000000000000000000000270E00006662782F39464131463745442D413632322D343644302D413938332D3331353338454246344243312F76657274696365732E62696E504B01021400140006
310
080800CC70623BF270F133060000000400000036000000000000000000000000007A0E00006662782F39464131463745442D413632322D343644302D413938332D3331353338454246344243312F747269616E676C65732E62696E504B01021400140006080000CC70623B0000000000000000000000003700000000000000
310
000000000000D40E00006662782F39464131463745442D413632322D343644302D413938332D3331353338454246344243312F617474726962757465732E62696E504B01021400140006080800CC70623B08DA0BD190000000410100003600000000000000000000000000290F00006662782F39464131463745442D413632
310
322D343644302D413938332D3331353338454246344243312F6469726563746F72792E786D6C504B01021400140006080800CC70623B0D6EF93BFE000000A00100003B000000000000000000000000000D1000006662782F39464131463745442D413632322D343644302D413938332D3331353338454246344243312F7265
310
736F75726365732F636F72652E786D6C504B0506000000000E000E0080040000641100000000
  0
XRECORD
  5
1FB
102
{ACAD_REACTORS
330
173
102
}
330
173
100
AcDbXrecord
280
     1
 70
     0
 90
1673772943
  1
ECE7A1D2-D628-4531-984C-D00F80459256
310
504B03040A0000080000CC70623B3DEE336E79000000790000001B0000006175746F6465736B2D64657369676E2D7061636B6167652E786D6C3C3F786D6C2076657273696F6E3D22312E302220656E636F64696E673D227574662D3822203F3E3C666F726D6174733E3C666F726D61743E687474703A2F2F736368656D612E
310
6175746F6465736B2E636F6D2F64657369676E2D7061636B6167652F323030393C2F666F726D61743E3C2F666F726D6174733E504B0304140006080800CC70623BD486FD9CA0000000F4000000130000005B436F6E74656E745F54797065735D2E786D6C7D8EC10E82300C865F65E91D8A1E8C310C0EEA1BF002731658846E
310
D98AC1B77784ABF1D8FE5FBFBF75BBCE937A534CCEB38643598122B6FEE978D0B0485F9C41B54DDD7D022595594E1A469170414C76A4D9A4D207E29CF43ECE46F218070CC6BECC4078ACAA135ACF422C856C0E68EA1BF5669944DDD7BCDE7B1F8E415D77AECB980613C2E4AC91FC167A2B244592486606FC29C8FD7F045B9A
310
EF7053A7E60B504B0304140006080800CC70623BD9DDAED0EC0000007C01000008000000636F72652E786D6C8D90416EC3201045AF82665B61836D9CD8C2444DD39CA01740405C94182C03558F5F9C3852BBEB6A467FFE9B197D7EF89E6EE8CB2CC17A37002D0820E394D7D68D03A478C17B4007C117EFE32F1B20272733C0
310
2A83E0E3E2D3BC49CABB685CCCAAF3DA6CA20CC14440EA969B0182FA34932C648AD911AEC52CD5558EA6A0CF2EC329598D1E47ACCEFBECC59A050463A7EA5833865FEBDD0E37353BE3EE8DBDE3F6786A48D375FBF6CC78B9C282473B3DEFABC5C86834888A900E538A49F5419B9EB47DD5BC907D4F082F57FB1F28CDFA9F50
310
B22ED6D5F6EE030B20687EE43E10BC5CB3C8E51E54AE6B6EE207504B0304140006080800CC70623B55019EA25F0000007C00000007000000636E782E786D6C4DCB3B0E80201045D1AD90E915ED2CF8AC45050C11660C8261F98AB1B07AC9C97D42D718D865D3E909258CFD00CCE24AC6E326A164D74DC0B4128928FF326038
310
472BA13128B1252AC747C6BAB984FC68F0B87FE8960A5C09FE86CFB69FBA01504B0304140006080800CC70623BA24EB22D72010000D40300000C0000006662782F636F72652E786D6CC5535B6E833010BC8AE5DF0A6C5E49888CA3A6694ED00B38E05014B091B1518EDFE511A5A9D228FD2A1F60CDEC7A67C6986DCE4D8D7A
310
69BA4AAB0C073EC548AA5C17952A33ECECD15B61B4E1CC686DBF9561A44423333CC098B3D268D7CE50AE9595CA02AA74216750749DB418E5352C32DCE59FB211BE70162ABA93DF8AFC244AE9073ED050C759670D0840D390E18DF9F1706664C23973AE2A66B62A605A75ACA4C13C4976E1364A12EF355A2EBD384AF65EFA96
310
BC7B8BED2EA6719AAE16FB8491A199335B351775B991C2CA02F390D2D40B028F861F41BCA68B7518BFD0D59A524686F29B26D7164F36B94AD9289CE54E6D1DE6010819891F6E21228B3AD1831EC219194284CF98F06DD01008846CC5A1BEF83801D4CBDC6A1303536877A57A513B0953A94FC707FDBE6064EA84A9E3E6E0FA
310
EE8CF0E9198F7784A316AA0413C2C2F2E0ECA0934D1AE6D05A69BCDE9E91D2A611F573361E38FC1375157F5752AE6B6DFE4B11990F88CCBF0719EE23FF02504B0304140006080800CC70623B408A7D3B7C0000009D0000000B0000006662782F636E782E786D6C4DCCD10A83201886E15B91FFDC552A92A0064DBC8F581632
310
D3703A76F9ABD1C18E3E78F878E5F0D9027ABBFCF2292AE86E2D20171F69F6715550CB827B40839639A5F2770314A7CD293819B45C73AAFB45B35BA61ACAA1C1C7E7855C58C15BC331339661262CC762340413D68D77DA5B42298546CBE6573AF60CEB2F504B0304140006080800CC70623B449FB9BD290100001202000031
310
0000006662782F36394639363044362D344446342D343946362D394244322D3234314243333846323333332F636F72652E786D6C8D515B6EC32010BC0AE22B55850D98B871848994463E412FE002495162B07854397EA176A4F62F3F2C9A9D991D587EB84F37F0AD7D30CEF6905418026DA553C65E7A98E219ED203808EE9D
310
8B7F6810D871D23D2C3014FCE25D9A57483A1BB58D19B54EE9151C43D0110279CB971E06F9A5A7B11A53CC8C70ADE6515EC78BAE4895DB992778883E0700CB907242D17643D7E2538BD869608875438BBAE38922CAC8F1BDD90DB4691A5E2F42C153326A951B95E398B3D1FE599322163C9AE9115F7A3D46ADA0A018778810
310
84E907617BDCEE297BC5BB3DC6BC2EF47FA234AB2745C9D8D8D035EE220B50105E2F0DC1954B9FB747187D9F9D8FA0CCDB042D5FA0C015C65B42DF78BD10F3F3B363CB56C7109DCFDFBBB97E662ED92EB62D13BC2E1BCAE5777DB9966D8A1F504B0304140006080800CC70623BAD7543B64E01000033030000300000006662
310
782F36394639363044362D344446342D343946362D394244322D3234314243333846323333332F636E782E786D6CD593CD6EC32010845F0571AD6CE3D48AD20813A9873E410FBD12D82434182C7EAAE6EDBB2424CD25871E7B41D6EC30B3FA84F9E67BB2E40B4234DE8DB46F1925E094D7C6ED479AD3AE5951B2113C789FEE
310
6C943839C1488B4C05DF079FE72A69D8C96C13AAD6B8631503449F83828872B949AC57D26200B826A308D316B4064D6E46FCDA41C05550DC9E483A00797BFD207EFB092A45DE9514C1BBD22178396BD39D891265658C238DEA00936C654E5E433CB65A26D9F6EDB5EBC14EBF49A45CB856E66048291F6939A9A81BB5C89177
310
38143CA680F4AA299D66A042CEB3354A2684DC9D8D178FE0D9B8B41CAAD720F880EE7EF93C0C18769E099ECC04D5A102C8049A8A05632F4DDF376CF1DE0F6BB65C2F8627B65A33C6BB62177CEBBDAD973006829F89F22E814B54F4BC2BE347F8AA8F681390B50FA73F804400B5F542E796F19FF974E7F78DB802FE05E20750
310
4B0304140006080800CC70623B8D05915C650500003B100000340000006662782F36394639363044362D344446342D343946362D394244322D3234314243333846323333332F6F626A656374732E786D6CAD575B6FA33814FE2B887D06429276DA1565D4266D158D3A339A6846FB502932E050B66023DB74D2FDF5FB190C01
310
9276B2973C046C8ECFF53B17071F77456EBD502133CEAE6CDF9DD81665314F32965ED995DA3A17B6F5310C04E7AA47665B8C14F4CAD6DB7618A48257A5D94AE89654B91AEDDEDDFC61C998326A5B714EA4BCB265FC440BE2924AF184CA6737218AB8E976E7FA6E4338649B0A523E8D98964450A6A029F619B8588D52FE7039
310
B1BD30F0F4F730D0FF866AF6369557DB33949F31A9088B0F848DD8CCFCF9F2767A76E99CCDE733677E3EF59D9BBB9BA5E37F984D16E78BC5E5F5ED25044B25C0C96822E8D60EEFE11B91C581D77CEA34368A1F5329E68CD1B8B61F16D63A1B8E092D294B10C78C4A48EB593D192E7DED9BDEE7995E1B91FDEDD3ACEA9FE831
310
6A756F9F7D4D79F4274C90A7A04248AA51D5F8C718DAE06FB2F75AC4796EBE65D22A88A22223B995679120E2D50E41AA49C260C046A35368846B0BECD0DFF3EBEB8AD4F835768F69B9ADF25C43D30E6B646F807FAA64AD59F61715C7A54127C4AACA98BA3006A9D792DAE165E0D59B61A01FB3A9F9D838D2DAE62445C86166
310
F37564E842E7DE6A69879FEEA2DD5AE7E371E1A5E025154AC307D06A03D73EB5978C58FFA4C8E9033066E0F3BD53BEC1F39F91BE7B55103791EDE6BBB991A2046172CB4581D8B893FA674DDA17A77B3B7C413D1B511FD2743BFF8A38F03A658705E3ADF8015C3A3417FF3D7E439FF591DA0B5F18BC20C1B8981957AE6392A3
310
F43C640C01D1A0B4728E2DD4F26DB4B3C3152A252A3B4E913CEC1C72F012782FF88EFF8637AA552DBEF76408E8A8DE9E50F9E1CB3A2DA0DB1B6039A893B56063DC5B3E3FFB5F72E67AB9FEB4AEC496C4F4C1149625DD662C53E89D7BF0F6151A046260D1337DFDC94502430F83B0EE07A130A224BCAD7DAE1D9FB6CD422FF6
310
920702629C4BB9AE79C12F243C6432A6794E18E5552BA56B431AAB5D91317302B2B071E86C3A42B1A02F999E24061403B5D0EB639195DA655DD3EBEAB4FB862DDF579F014AD0E73C22F99E28DA57FB98E75C6CA2D74D53086D600F4786E0FE3144B771A8A7B900F03594DB8A633CBC49B2EDB69228BB479CF863B5E807AAAB
310
23872F6DFEB4129B949CA33823F58830E86D65621E10047D9DB34D862E8EAC3C2ABC2F7B2C40D67CDFE01F5545B92105AF983AC54D93D69E56FB8E797F88913F898A9FEC705D3F9D1B54EC8426FB500D40A03BD0119B06E1B95DDC7EB8F6975367793EBD70E66733DFB9BC982F9CE564727731999F5D4ECFCE3B8D6A4DC2A0
310
6D50FD148437D110834A64C6CDDF57FBACB5C307A2A477DFE4939736CFEF2B175371E0E10CF0DD1D5C15654E0BCA14D1E87DD02FF93782A162C0A3D95F1524A52770F972BF1EE9809D13CE7DD599467F8ECE9ADD85CE85A34CD45355448C64F9E8A031DC2D596ACC6E5DD93D9B82DE2EF5CAF81363A8E47996A0DE24564A79
310
4115AACE09C55E14540231FDA13C319787134EBF34E3A022514E5B4D9E0826E25C02D5805B15ABE1BEF51B26383D445DD9E875EE33FE4C22DA16427D65A3BCA92CA6D28DD01DF5DC53330704308475351050232CCD31583787BA75774AFB06E5070DD0C8EF484E19968C5D83BA5B90B244D31E54D55A372320FE4786B7EA58
310
44E135AA5467CB7EA333A61683CC6A8C3257034C10CF46F40EF9F5BE59BE5BD30C3C72D235E95D10345C1D45445A5F0BB47E46A5EBE5570F9380B5FA629579952296A773720405982B9DE04011506178964401AA8BDF1FBF0A8EAB6861DD6580C0E38217056766716DAEB2D6FA0917D3E4116581EADB879C4E7CFFB11EFACD
310
3D641311495D92C8676CB409A72D18610D803CE8A626049E8EC1887CB5B44CC39883690DDA8399B4B9855B481E7D71D4A9D22F96E5BB73BF5793020C02137BF837504B0304140006080000CC70623B000000000000000000000000350000006662782F36394639363044362D344446342D343946362D394244322D32343142
310
43333846323333332F76657274696365732E62696E504B0304140006080800CC70623BF270F1330600000004000000360000006662782F36394639363044362D344446342D343946362D394244322D3234314243333846323333332F747269616E676C65732E62696E636660600000504B0304140006080000CC70623B0000
310
00000000000000000000370000006662782F36394639363044362D344446342D343946362D394244322D3234314243333846323333332F617474726962757465732E62696E504B0304140006080800CC70623B08DA0BD19000000041010000360000006662782F36394639363044362D344446342D343946362D394244322D
310
3234314243333846323333332F6469726563746F72792E786D6C858F410AC3201045AF22B36F53E9A60B35CBEEBAE80D244E44489C6234F4F835464A48035D0DF398FF9F8AF63D0E6CC63039F212F8F9020C7D47C6792B21C5FE7403D62A1188E2E60C98D7234A5830286103A55745067B9D86B8A3CF9C7F90C11DE607FB14
310
4396D7B6A82D282E9A152AD114D5EF2CB866EEE831B8EEA07A7BB5A8D7D61A2BAAEB7FD5F70921FF497D00504B0304140006080800CC70623BCA768048FE000000A00100003B0000006662782F36394639363044362D344446342D343946362D394244322D3234314243333846323333332F7265736F75726365732F636F72
310
652E786D6C8D50596E833010BD0A9ADFCA60D600328E9AA639412F609909B1126CE4A5EAF16B0295DABFFECC8CDEA2797AECF8353F924FB44E193D409E5248504B332A3D0D10FC95B4901C39B3C6F85F3248B49871801506CE266BC2B243D2688FDA47549B11775038871E12F988C7004EDE7016A9083E2ADC3D5D84BC8B09
310
D33C8D74D471E6BC8D0192EDC93A815B742658898E651BCB59086ADC356A8C3FD555A1055ED7E7E254D615792D0F075295F585746FF53B694EE78A565DD736979A65AB9933AFE69F8CD2A2F038022F28ED489E135A7CE4554F9BBEA85E68DB53CAB255FEC71496F19FA6A0B42F8B3DEE6673C0F318E4497096AD7DC5F52C33
310
EEB55BFE0D504B010214000A0000080000CC70623B3DEE336E79000000790000001B00000000000000000000000000000000006175746F6465736B2D64657369676E2D7061636B6167652E786D6C504B01021400140006080800CC70623BD486FD9CA0000000F40000001300000000000000000000000000B20000005B436F
310
6E74656E745F54797065735D2E786D6C504B01021400140006080800CC70623BD9DDAED0EC0000007C010000080000000000000000000000000083010000636F72652E786D6C504B01021400140006080800CC70623B55019EA25F0000007C000000070000000000000000000000000095020000636E782E786D6C504B0102
310
1400140006080800CC70623BA24EB22D72010000D40300000C00000000000000000000000000190300006662782F636F72652E786D6C504B01021400140006080800CC70623B408A7D3B7C0000009D0000000B00000000000000000000000000B50400006662782F636E782E786D6C504B01021400140006080800CC70623B
310
449FB9BD290100001202000031000000000000000000000000005A0500006662782F36394639363044362D344446342D343946362D394244322D3234314243333846323333332F636F72652E786D6C504B01021400140006080800CC70623BAD7543B64E010000330300003000000000000000000000000000D20600006662
310
782F36394639363044362D344446342D343946362D394244322D3234314243333846323333332F636E782E786D6C504B01021400140006080800CC70623B8D05915C650500003B10000034000000000000000000000000006E0800006662782F36394639363044362D344446342D343946362D394244322D32343142433338
310
46323333332F6F626A656374732E786D6C504B01021400140006080000CC70623B0000000000000000000000003500000000000000000000000000250E00006662782F36394639363044362D344446342D343946362D394244322D3234314243333846323333332F76657274696365732E62696E504B010214001400060808
310
00CC70623BF270F13306000000040000003600000000000000000000000000780E00006662782F36394639363044362D344446342D343946362D394244322D3234314243333846323333332F747269616E676C65732E62696E504B01021400140006080000CC70623B00000000000000000000000037000000000000000000
310
00000000D20E00006662782F36394639363044362D344446342D343946362D394244322D3234314243333846323333332F617474726962757465732E62696E504B01021400140006080800CC70623B08DA0BD190000000410100003600000000000000000000000000270F00006662782F36394639363044362D344446342D
310
343946362D394244322D3234314243333846323333332F6469726563746F72792E786D6C504B01021400140006080800CC70623BCA768048FE000000A00100003B000000000000000000000000000B1000006662782F36394639363044362D344446342D343946362D394244322D3234314243333846323333332F7265736F
310
75726365732F636F72652E786D6C504B0506000000000E000E0080040000621100000000
  0
XRECORD
  5
82F
102
{ACAD_REACTORS
330
82E
102
}
330
82E
100
AcDbXrecord
280
     1
102
DISPLAYNAME
  1
Metric50
102
FLAGS
 90
        0
  0
CELLSTYLEMAP
  5
831
102
{ACAD_REACTORS
330
830
102
}
330
830
100
AcDbCellStyleMap
 90
        3
300
CELLSTYLE
  1
TABLEFORMAT_BEGIN
 90
        5
170
     1
 91
        0
 92
    32768
 62
   257
 93
        1
300
CONTENTFORMAT
  1
CONTENTFORMAT_BEGIN
 90
        0
 91
        0
 92
      512
 93
        0
300

 40
0.0
140
1.0
 94
        5
 62
     0
340
11
144
6.0
309
CONTENTFORMAT_END
171
     1
301
MARGIN
  1
CELLMARGIN_BEGIN
 40
1.5
 40
1.5
 40
1.5
 40
1.5
 40
4.5
 40
4.5
309
CELLMARGIN_END
 94
        6
 95
        1
302
GRIDFORMAT
  1
GRIDFORMAT_BEGIN
 90
        0
 91
        1
 62
     0
 92
       -2
340
14
 93
        0
 40
1.125
309
GRIDFORMAT_END
 95
        2
302
GRIDFORMAT
  1
GRIDFORMAT_BEGIN
 90
        0
 91
        1
 62
     0
 92
       -2
340
14
 93
        0
 40
1.125
309
GRIDFORMAT_END
 95
        4
302
GRIDFORMAT
  1
GRIDFORMAT_BEGIN
 90
        0
 91
        1
 62
     0
 92
       -2
340
14
 93
        0
 40
1.125
309
GRIDFORMAT_END
 95
        8
302
GRIDFORMAT
  1
GRIDFORMAT_BEGIN
 90
        0
 91
        1
 62
     0
 92
       -2
340
14
 93
        0
 40
1.125
309
GRIDFORMAT_END
 95
       16
302
GRIDFORMAT
  1
GRIDFORMAT_BEGIN
 90
        0
 91
        1
 62
     0
 92
       -2
340
14
 93
        0
 40
1.125
309
GRIDFORMAT_END
 95
       32
302
GRIDFORMAT
  1
GRIDFORMAT_BEGIN
 90
        0
 91
        1
 62
     0
 92
       -2
340
14
 93
        0
 40
1.125
309
GRIDFORMAT_END
309
TABLEFORMAT_END
  1
CELLSTYLE_BEGIN
 90
        1
 91
        1
300
_TITLE
309
CELLSTYLE_END
300
CELLSTYLE
  1
TABLEFORMAT_BEGIN
 90
        5
170
     1
 91
        0
 92
        0
 62
   257
 93
        1
300
CONTENTFORMAT
  1
CONTENTFORMAT_BEGIN
 90
        0
 91
        0
 92
      512
 93
        0
300

 40
0.0
140
1.0
 94
        5
 62
     0
340
11
144
4.5
309
CONTENTFORMAT_END
171
     1
301
MARGIN
  1
CELLMARGIN_BEGIN
 40
1.5
 40
1.5
 40
1.5
 40
1.5
 40
4.5
 40
4.5
309
CELLMARGIN_END
 94
        6
 95
        1
302
GRIDFORMAT
  1
GRIDFORMAT_BEGIN
 90
        0
 91
        1
 62
     0
 92
       -2
340
14
 93
        0
 40
1.125
309
GRIDFORMAT_END
 95
        2
302
GRIDFORMAT
  1
GRIDFORMAT_BEGIN
 90
        0
 91
        1
 62
     0
 92
       -2
340
14
 93
        0
 40
1.125
309
GRIDFORMAT_END
 95
        4
302
GRIDFORMAT
  1
GRIDFORMAT_BEGIN
 90
        0
 91
        1
 62
     0
 92
       -2
340
14
 93
        0
 40
1.125
309
GRIDFORMAT_END
 95
        8
302
GRIDFORMAT
  1
GRIDFORMAT_BEGIN
 90
        0
 91
        1
 62
     0
 92
       -2
340
14
 93
        0
 40
1.125
309
GRIDFORMAT_END
 95
       16
302
GRIDFORMAT
  1
GRIDFORMAT_BEGIN
 90
        0
 91
        1
 62
     0
 92
       -2
340
14
 93
        0
 40
1.125
309
GRIDFORMAT_END
 95
       32
302
GRIDFORMAT
  1
GRIDFORMAT_BEGIN
 90
        0
 91
        1
 62
     0
 92
       -2
340
14
 93
        0
 40
1.125
309
GRIDFORMAT_END
309
TABLEFORMAT_END
  1
CELLSTYLE_BEGIN
 90
        2
 91
        1
300
_HEADER
309
CELLSTYLE_END
300
CELLSTYLE
  1
TABLEFORMAT_BEGIN
 90
        5
170
     1
 91
        0
 92
        0
 62
   257
 93
        1
300
CONTENTFORMAT
  1
CONTENTFORMAT_BEGIN
 90
        0
 91
        0
 92
      512
 93
        0
300

 40
0.0
140
1.0
 94
        2
 62
     0
340
11
144
4.5
309
CONTENTFORMAT_END
171
     1
301
MARGIN
  1
CELLMARGIN_BEGIN
 40
1.5
 40
1.5
 40
1.5
 40
1.5
 40
4.5
 40
4.5
309
CELLMARGIN_END
 94
        6
 95
        1
302
GRIDFORMAT
  1
GRIDFORMAT_BEGIN
 90
        0
 91
        1
 62
     0
 92
       -2
340
14
 93
        0
 40
1.125
309
GRIDFORMAT_END
 95
        2
302
GRIDFORMAT
  1
GRIDFORMAT_BEGIN
 90
        0
 91
        1
 62
     0
 92
       -2
340
14
 93
        0
 40
1.125
309
GRIDFORMAT_END
 95
        4
302
GRIDFORMAT
  1
GRIDFORMAT_BEGIN
 90
        0
 91
        1
 62
     0
 92
       -2
340
14
 93
        0
 40
1.125
309
GRIDFORMAT_END
 95
        8
302
GRIDFORMAT
  1
GRIDFORMAT_BEGIN
 90
        0
 91
        1
 62
     0
 92
       -2
340
14
 93
        0
 40
1.125
309
GRIDFORMAT_END
 95
       16
302
GRIDFORMAT
  1
GRIDFORMAT_BEGIN
 90
        0
 91
        1
 62
     0
 92
       -2
340
14
 93
        0
 40
1.125
309
GRIDFORMAT_END
 95
       32
302
GRIDFORMAT
  1
GRIDFORMAT_BEGIN
 90
        0
 91
        1
 62
     0
 92
       -2
340
14
 93
        0
 40
1.125
309
GRIDFORMAT_END
309
TABLEFORMAT_END
  1
CELLSTYLE_BEGIN
 90
        3
 91
        2
300
_DATA
309
CELLSTYLE_END
  0
XRECORD
  5
833
102
{ACAD_REACTORS
330
832
102
}
330
832
100
AcDbXrecord
280
     1
102
RTVSPost2010Prop28
280
     1
102
RTVSPost2010PropOp28
 70
     1
102
RTVSPost2010Prop29
280
     1
102
RTVSPost2010PropOp29
 70
     1
102
RTVSPost2010Prop30
280
     0
102
RTVSPost2010PropOp30
 70
     1
102
RTVSPost2010Prop31
280
     0
102
RTVSPost2010PropOp31
 70
     1
102
RTVSPost2010Prop32
280
     0
102
RTVSPost2010PropOp32
 70
     1
102
RTVSPost2010Prop33
280
     0
102
RTVSPost2010PropOp33
 70
     1
102
RTVSPost2010Prop34
280
     0
102
RTVSPost2010PropOp34
 70
     1
102
RTVSPost2010Prop35
280
     0
102
RTVSPost2010PropOp35
 70
     1
102
RTVSPost2010Prop36
280
     0
102
RTVSPost2010PropOp36
 70
     1
102
RTVSPost2010Prop37
 90
       50
102
RTVSPost2010PropOp37
 70
     1
102
RTVSPost2010Prop38
140
0.0
102
RTVSPost2010PropOp38
 70
     1
102
RTVSPost2010Prop39
140
1.0
102
RTVSPost2010PropOp39
 70
     1
102
RTVSPost2010Prop40
 90
        0
102
RTVSPost2010PropOp40
 70
     1
102
RTVSPost2010Prop41ColorIndex
 90
       18
102
RTVSPost2010Prop41ColorRGB
 90
        0
102
RTVSPost2010PropOp41
 70
     1
102
RTVSPost2010Prop42
 90
       50
102
RTVSPost2010PropOp42
 70
     1
102
RTVSPost2010Prop43
 90
        3
102
RTVSPost2010PropOp43
 70
     1
102
RTVSPost2010Prop44ColorIndex
 90
        5
102
RTVSPost2010Prop44ColorRGB
 90
      255
102
RTVSPost2010PropOp44
 70
     1
102
RTVSPost2010Prop45
280
     0
102
RTVSPost2010PropOp45
 70
     1
102
RTVSPost2010Prop46
 90
       50
102
RTVSPost2010PropOp46
 70
     1
102
RTVSPost2010Prop47
 90
       50
102
RTVSPost2010PropOp47
 70
     1
102
RTVSPost2010Prop48
 90
       50
102
RTVSPost2010PropOp48
 70
     1
102
RTVSPost2010Prop49
280
     0
102
RTVSPost2010PropOp49
 70
     1
102
RTVSPost2010Prop50
 90
       50
102
RTVSPost2010PropOp50
 70
     1
102
RTVSPost2010Prop51ColorIndex
 90
      256
102
RTVSPost2010Prop51ColorRGB
 90
-16777216
102
RTVSPost2010PropOp51
 70
     0
102
RTVSPost2010Prop52
140
1.0
102
RTVSPost2010PropOp52
 70
     0
102
RTVSPost2010Prop53
 90
        2
102
RTVSPost2010PropOp53
 70
     1
102
RTVSPost2010Prop54
  1
strokes_ogs.tif
102
RTVSPost2010PropOp54
 70
     1
102
RTVSPost2010Prop55
280
     0
102
RTVSPost2010PropOp55
 70
     1
102
RTVSPost2010Prop56
140
1.0
102
RTVSPost2010PropOp56
 70
     1
102
RTVSPost2010Prop57
140
1.0
102
RTVSPost2010PropOp57
 70
     1
  0
XRECORD
  5
835
102
{ACAD_REACTORS
330
834
102
}
330
834
100
AcDbXrecord
280
     1
102
RTVSPost2010Prop28
280
     0
102
RTVSPost2010PropOp28
 70
     1
102
RTVSPost2010Prop29
280
     1
102
RTVSPost2010PropOp29
 70
     1
102
RTVSPost2010Prop30
280
     1
102
RTVSPost2010PropOp30
 70
     1
102
RTVSPost2010Prop31
280
     0
102
RTVSPost2010PropOp31
 70
     1
102
RTVSPost2010Prop32
280
     0
102
RTVSPost2010PropOp32
 70
     1
102
RTVSPost2010Prop33
280
     0
102
RTVSPost2010PropOp33
 70
     1
102
RTVSPost2010Prop34
280
     0
102
RTVSPost2010PropOp34
 70
     1
102
RTVSPost2010Prop35
280
     0
102
RTVSPost2010PropOp35
 70
     1
102
RTVSPost2010Prop36
280
     0
102
RTVSPost2010PropOp36
 70
     1
102
RTVSPost2010Prop37
 90
       50
102
RTVSPost2010PropOp37
 70
     1
102
RTVSPost2010Prop38
140
0.0
102
RTVSPost2010PropOp38
 70
     1
102
RTVSPost2010Prop39
140
1.0
102
RTVSPost2010PropOp39
 70
     1
102
RTVSPost2010Prop40
 90
        0
102
RTVSPost2010PropOp40
 70
     1
102
RTVSPost2010Prop41ColorIndex
 90
       18
102
RTVSPost2010Prop41ColorRGB
 90
        0
102
RTVSPost2010PropOp41
 70
     1
102
RTVSPost2010Prop42
 90
       50
102
RTVSPost2010PropOp42
 70
     1
102
RTVSPost2010Prop43
 90
        3
102
RTVSPost2010PropOp43
 70
     1
102
RTVSPost2010Prop44ColorIndex
 90
        5
102
RTVSPost2010Prop44ColorRGB
 90
      255
102
RTVSPost2010PropOp44
 70
     1
102
RTVSPost2010Prop45
280
     0
102
RTVSPost2010PropOp45
 70
     1
102
RTVSPost2010Prop46
 90
       50
102
RTVSPost2010PropOp46
 70
     1
102
RTVSPost2010Prop47
 90
       50
102
RTVSPost2010PropOp47
 70
     1
102
RTVSPost2010Prop48
 90
       50
102
RTVSPost2010PropOp48
 70
     1
102
RTVSPost2010Prop49
280
     0
102
RTVSPost2010PropOp49
 70
     1
102
RTVSPost2010Prop50
 90
       50
102
RTVSPost2010PropOp50
 70
     1
102
RTVSPost2010Prop51ColorIndex
 90
      256
102
RTVSPost2010Prop51ColorRGB
 90
-16777216
102
RTVSPost2010PropOp51
 70
     0
102
RTVSPost2010Prop52
140
1.0
102
RTVSPost2010PropOp52
 70
     0
102
RTVSPost2010Prop53
 90
        2
102
RTVSPost2010PropOp53
 70
     1
102
RTVSPost2010Prop54
  1
strokes_ogs.tif
102
RTVSPost2010PropOp54
 70
     1
102
RTVSPost2010Prop55
280
     0
102
RTVSPost2010PropOp55
 70
     1
102
RTVSPost2010Prop56
140
1.0
102
RTVSPost2010PropOp56
 70
     1
102
RTVSPost2010Prop57
140
1.0
102
RTVSPost2010PropOp57
 70
     1
  0
XRECORD
  5
837
102
{ACAD_REACTORS
330
836
102
}
330
836
100
AcDbXrecord
280
     1
102
RTVSPost2010Prop28
280
     0
102
RTVSPost2010PropOp28
 70
     1
102
RTVSPost2010Prop29
280
     1
102
RTVSPost2010PropOp29
 70
     1
102
RTVSPost2010Prop30
280
     1
102
RTVSPost2010PropOp30
 70
     1
102
RTVSPost2010Prop31
280
     0
102
RTVSPost2010PropOp31
 70
     1
102
RTVSPost2010Prop32
280
     0
102
RTVSPost2010PropOp32
 70
     1
102
RTVSPost2010Prop33
280
     0
102
RTVSPost2010PropOp33
 70
     1
102
RTVSPost2010Prop34
280
     0
102
RTVSPost2010PropOp34
 70
     1
102
RTVSPost2010Prop35
280
     0
102
RTVSPost2010PropOp35
 70
     1
102
RTVSPost2010Prop36
280
     0
102
RTVSPost2010PropOp36
 70
     1
102
RTVSPost2010Prop37
 90
       50
102
RTVSPost2010PropOp37
 70
     1
102
RTVSPost2010Prop38
140
0.0
102
RTVSPost2010PropOp38
 70
     1
102
RTVSPost2010Prop39
140
1.0
102
RTVSPost2010PropOp39
 70
     1
102
RTVSPost2010Prop40
 90
        0
102
RTVSPost2010PropOp40
 70
     1
102
RTVSPost2010Prop41ColorIndex
 90
       18
102
RTVSPost2010Prop41ColorRGB
 90
        0
102
RTVSPost2010PropOp41
 70
     1
102
RTVSPost2010Prop42
 90
       50
102
RTVSPost2010PropOp42
 70
     1
102
RTVSPost2010Prop43
 90
        3
102
RTVSPost2010PropOp43
 70
     1
102
RTVSPost2010Prop44ColorIndex
 90
        5
102
RTVSPost2010Prop44ColorRGB
 90
      255
102
RTVSPost2010PropOp44
 70
     1
102
RTVSPost2010Prop45
280
     0
102
RTVSPost2010PropOp45
 70
     1
102
RTVSPost2010Prop46
 90
       50
102
RTVSPost2010PropOp46
 70
     1
102
RTVSPost2010Prop47
 90
       50
102
RTVSPost2010PropOp47
 70
     1
102
RTVSPost2010Prop48
 90
       50
102
RTVSPost2010PropOp48
 70
     1
102
RTVSPost2010Prop49
280
     0
102
RTVSPost2010PropOp49
 70
     1
102
RTVSPost2010Prop50
 90
       50
102
RTVSPost2010PropOp50
 70
     1
102
RTVSPost2010Prop51ColorIndex
 90
      256
102
RTVSPost2010Prop51ColorRGB
 90
-16777216
102
RTVSPost2010PropOp51
 70
     0
102
RTVSPost2010Prop52
140
1.0
102
RTVSPost2010PropOp52
 70
     0
102
RTVSPost2010Prop53
 90
        2
102
RTVSPost2010PropOp53
 70
     1
102
RTVSPost2010Prop54
  1
strokes_ogs.tif
102
RTVSPost2010PropOp54
 70
     1
102
RTVSPost2010Prop55
280
     0
102
RTVSPost2010PropOp55
 70
     1
102
RTVSPost2010Prop56
140
1.0
102
RTVSPost2010PropOp56
 70
     1
102
RTVSPost2010Prop57
140
1.0
102
RTVSPost2010PropOp57
 70
     1
  0
XRECORD
  5
839
102
{ACAD_REACTORS
330
838
102
}
330
838
100
AcDbXrecord
280
     1
102
RTVSPost2010Prop28
280
     0
102
RTVSPost2010PropOp28
 70
     1
102
RTVSPost2010Prop29
280
     1
102
RTVSPost2010PropOp29
 70
     1
102
RTVSPost2010Prop30
280
     1
102
RTVSPost2010PropOp30
 70
     1
102
RTVSPost2010Prop31
280
     0
102
RTVSPost2010PropOp31
 70
     1
102
RTVSPost2010Prop32
280
     0
102
RTVSPost2010PropOp32
 70
     1
102
RTVSPost2010Prop33
280
     0
102
RTVSPost2010PropOp33
 70
     1
102
RTVSPost2010Prop34
280
     0
102
RTVSPost2010PropOp34
 70
     1
102
RTVSPost2010Prop35
280
     0
102
RTVSPost2010PropOp35
 70
     1
102
RTVSPost2010Prop36
280
     0
102
RTVSPost2010PropOp36
 70
     1
102
RTVSPost2010Prop37
 90
       50
102
RTVSPost2010PropOp37
 70
     1
102
RTVSPost2010Prop38
140
0.0
102
RTVSPost2010PropOp38
 70
     1
102
RTVSPost2010Prop39
140
1.0
102
RTVSPost2010PropOp39
 70
     1
102
RTVSPost2010Prop40
 90
        0
102
RTVSPost2010PropOp40
 70
     1
102
RTVSPost2010Prop41ColorIndex
 90
       18
102
RTVSPost2010Prop41ColorRGB
 90
        0
102
RTVSPost2010PropOp41
 70
     1
102
RTVSPost2010Prop42
 90
       50
102
RTVSPost2010PropOp42
 70
     1
102
RTVSPost2010Prop43
 90
        3
102
RTVSPost2010PropOp43
 70
     1
102
RTVSPost2010Prop44ColorIndex
 90
        5
102
RTVSPost2010Prop44ColorRGB
 90
      255
102
RTVSPost2010PropOp44
 70
     1
102
RTVSPost2010Prop45
280
     0
102
RTVSPost2010PropOp45
 70
     1
102
RTVSPost2010Prop46
 90
       50
102
RTVSPost2010PropOp46
 70
     1
102
RTVSPost2010Prop47
 90
       50
102
RTVSPost2010PropOp47
 70
     1
102
RTVSPost2010Prop48
 90
       50
102
RTVSPost2010PropOp48
 70
     1
102
RTVSPost2010Prop49
280
     0
102
RTVSPost2010PropOp49
 70
     1
102
RTVSPost2010Prop50
 90
       50
102
RTVSPost2010PropOp50
 70
     1
102
RTVSPost2010Prop51ColorIndex
 90
      256
102
RTVSPost2010Prop51ColorRGB
 90
-16777216
102
RTVSPost2010PropOp51
 70
     0
102
RTVSPost2010Prop52
140
1.0
102
RTVSPost2010PropOp52
 70
     0
102
RTVSPost2010Prop53
 90
        2
102
RTVSPost2010PropOp53
 70
     1
102
RTVSPost2010Prop54
  1
strokes_ogs.tif
102
RTVSPost2010PropOp54
 70
     1
102
RTVSPost2010Prop55
280
     0
102
RTVSPost2010PropOp55
 70
     1
102
RTVSPost2010Prop56
140
1.0
102
RTVSPost2010PropOp56
 70
     1
102
RTVSPost2010Prop57
140
1.0
102
RTVSPost2010PropOp57
 70
     1
  0
XRECORD
  5
83B
102
{ACAD_REACTORS
330
83A
102
}
330
83A
100
AcDbXrecord
280
     1
102
RTVSPost2010Prop28
280
     0
102
RTVSPost2010PropOp28
 70
     1
102
RTVSPost2010Prop29
280
     1
102
RTVSPost2010PropOp29
 70
     1
102
RTVSPost2010Prop30
280
     1
102
RTVSPost2010PropOp30
 70
     1
102
RTVSPost2010Prop31
280
     0
102
RTVSPost2010PropOp31
 70
     1
102
RTVSPost2010Prop32
280
     0
102
RTVSPost2010PropOp32
 70
     1
102
RTVSPost2010Prop33
280
     0
102
RTVSPost2010PropOp33
 70
     1
102
RTVSPost2010Prop34
280
     0
102
RTVSPost2010PropOp34
 70
     1
102
RTVSPost2010Prop35
280
     0
102
RTVSPost2010PropOp35
 70
     1
102
RTVSPost2010Prop36
280
     0
102
RTVSPost2010PropOp36
 70
     1
102
RTVSPost2010Prop37
 90
       50
102
RTVSPost2010PropOp37
 70
     1
102
RTVSPost2010Prop38
140
0.0
102
RTVSPost2010PropOp38
 70
     1
102
RTVSPost2010Prop39
140
1.0
102
RTVSPost2010PropOp39
 70
     1
102
RTVSPost2010Prop40
 90
        0
102
RTVSPost2010PropOp40
 70
     1
102
RTVSPost2010Prop41ColorIndex
 90
       18
102
RTVSPost2010Prop41ColorRGB
 90
        0
102
RTVSPost2010PropOp41
 70
     1
102
RTVSPost2010Prop42
 90
       50
102
RTVSPost2010PropOp42
 70
     1
102
RTVSPost2010Prop43
 90
        3
102
RTVSPost2010PropOp43
 70
     1
102
RTVSPost2010Prop44ColorIndex
 90
        5
102
RTVSPost2010Prop44ColorRGB
 90
      255
102
RTVSPost2010PropOp44
 70
     1
102
RTVSPost2010Prop45
280
     0
102
RTVSPost2010PropOp45
 70
     1
102
RTVSPost2010Prop46
 90
       50
102
RTVSPost2010PropOp46
 70
     1
102
RTVSPost2010Prop47
 90
       50
102
RTVSPost2010PropOp47
 70
     1
102
RTVSPost2010Prop48
 90
       50
102
RTVSPost2010PropOp48
 70
     1
102
RTVSPost2010Prop49
280
     0
102
RTVSPost2010PropOp49
 70
     1
102
RTVSPost2010Prop50
 90
       50
102
RTVSPost2010PropOp50
 70
     1
102
RTVSPost2010Prop51ColorIndex
 90
      256
102
RTVSPost2010Prop51ColorRGB
 90
-16777216
102
RTVSPost2010PropOp51
 70
     0
102
RTVSPost2010Prop52
140
1.0
102
RTVSPost2010PropOp52
 70
     0
102
RTVSPost2010Prop53
 90
        2
102
RTVSPost2010PropOp53
 70
     1
102
RTVSPost2010Prop54
  1
strokes_ogs.tif
102
RTVSPost2010PropOp54
 70
     1
102
RTVSPost2010Prop55
280
     0
102
RTVSPost2010PropOp55
 70
     1
102
RTVSPost2010Prop56
140
1.0
102
RTVSPost2010PropOp56
 70
     1
102
RTVSPost2010Prop57
140
1.0
102
RTVSPost2010PropOp57
 70
     1
  0
XRECORD
  5
83D
102
{ACAD_REACTORS
330
83C
102
}
330
83C
100
AcDbXrecord
280
     1
102
RTVSPost2010Prop28
280
     0
102
RTVSPost2010PropOp28
 70
     1
102
RTVSPost2010Prop29
280
     1
102
RTVSPost2010PropOp29
 70
     1
102
RTVSPost2010Prop30
280
     1
102
RTVSPost2010PropOp30
 70
     1
102
RTVSPost2010Prop31
280
     0
102
RTVSPost2010PropOp31
 70
     1
102
RTVSPost2010Prop32
280
     0
102
RTVSPost2010PropOp32
 70
     1
102
RTVSPost2010Prop33
280
     0
102
RTVSPost2010PropOp33
 70
     1
102
RTVSPost2010Prop34
280
     0
102
RTVSPost2010PropOp34
 70
     1
102
RTVSPost2010Prop35
280
     0
102
RTVSPost2010PropOp35
 70
     1
102
RTVSPost2010Prop36
280
     0
102
RTVSPost2010PropOp36
 70
     1
102
RTVSPost2010Prop37
 90
       50
102
RTVSPost2010PropOp37
 70
     1
102
RTVSPost2010Prop38
140
0.0
102
RTVSPost2010PropOp38
 70
     1
102
RTVSPost2010Prop39
140
1.0
102
RTVSPost2010PropOp39
 70
     1
102
RTVSPost2010Prop40
 90
        0
102
RTVSPost2010PropOp40
 70
     1
102
RTVSPost2010Prop41ColorIndex
 90
       18
102
RTVSPost2010Prop41ColorRGB
 90
        0
102
RTVSPost2010PropOp41
 70
     1
102
RTVSPost2010Prop42
 90
       50
102
RTVSPost2010PropOp42
 70
     1
102
RTVSPost2010Prop43
 90
        3
102
RTVSPost2010PropOp43
 70
     1
102
RTVSPost2010Prop44ColorIndex
 90
        5
102
RTVSPost2010Prop44ColorRGB
 90
      255
102
RTVSPost2010PropOp44
 70
     1
102
RTVSPost2010Prop45
280
     0
102
RTVSPost2010PropOp45
 70
     1
102
RTVSPost2010Prop46
 90
       50
102
RTVSPost2010PropOp46
 70
     1
102
RTVSPost2010Prop47
 90
       50
102
RTVSPost2010PropOp47
 70
     1
102
RTVSPost2010Prop48
 90
       50
102
RTVSPost2010PropOp48
 70
     1
102
RTVSPost2010Prop49
280
     0
102
RTVSPost2010PropOp49
 70
     1
102
RTVSPost2010Prop50
 90
       50
102
RTVSPost2010PropOp50
 70
     1
102
RTVSPost2010Prop51ColorIndex
 90
      256
102
RTVSPost2010Prop51ColorRGB
 90
-16777216
102
RTVSPost2010PropOp51
 70
     0
102
RTVSPost2010Prop52
140
1.0
102
RTVSPost2010PropOp52
 70
     0
102
RTVSPost2010Prop53
 90
        2
102
RTVSPost2010PropOp53
 70
     1
102
RTVSPost2010Prop54
  1
strokes_ogs.tif
102
RTVSPost2010PropOp54
 70
     1
102
RTVSPost2010Prop55
280
     0
102
RTVSPost2010PropOp55
 70
     1
102
RTVSPost2010Prop56
140
1.0
102
RTVSPost2010PropOp56
 70
     1
102
RTVSPost2010Prop57
140
1.0
102
RTVSPost2010PropOp57
 70
     1
  0
XRECORD
  5
83F
102
{ACAD_REACTORS
330
83E
102
}
330
83E
100
AcDbXrecord
280
     1
102
RTVSPost2010Prop28
280
     0
102
RTVSPost2010PropOp28
 70
     1
102
RTVSPost2010Prop29
280
     1
102
RTVSPost2010PropOp29
 70
     1
102
RTVSPost2010Prop30
280
     1
102
RTVSPost2010PropOp30
 70
     1
102
RTVSPost2010Prop31
280
     0
102
RTVSPost2010PropOp31
 70
     1
102
RTVSPost2010Prop32
280
     0
102
RTVSPost2010PropOp32
 70
     1
102
RTVSPost2010Prop33
280
     0
102
RTVSPost2010PropOp33
 70
     1
102
RTVSPost2010Prop34
280
     0
102
RTVSPost2010PropOp34
 70
     1
102
RTVSPost2010Prop35
280
     0
102
RTVSPost2010PropOp35
 70
     1
102
RTVSPost2010Prop36
280
     0
102
RTVSPost2010PropOp36
 70
     1
102
RTVSPost2010Prop37
 90
       50
102
RTVSPost2010PropOp37
 70
     1
102
RTVSPost2010Prop38
140
0.0
102
RTVSPost2010PropOp38
 70
     1
102
RTVSPost2010Prop39
140
1.0
102
RTVSPost2010PropOp39
 70
     1
102
RTVSPost2010Prop40
 90
        0
102
RTVSPost2010PropOp40
 70
     1
102
RTVSPost2010Prop41ColorIndex
 90
       18
102
RTVSPost2010Prop41ColorRGB
 90
        0
102
RTVSPost2010PropOp41
 70
     1
102
RTVSPost2010Prop42
 90
       50
102
RTVSPost2010PropOp42
 70
     1
102
RTVSPost2010Prop43
 90
        3
102
RTVSPost2010PropOp43
 70
     1
102
RTVSPost2010Prop44ColorIndex
 90
        5
102
RTVSPost2010Prop44ColorRGB
 90
      255
102
RTVSPost2010PropOp44
 70
     1
102
RTVSPost2010Prop45
280
     0
102
RTVSPost2010PropOp45
 70
     1
102
RTVSPost2010Prop46
 90
       50
102
RTVSPost2010PropOp46
 70
     1
102
RTVSPost2010Prop47
 90
       50
102
RTVSPost2010PropOp47
 70
     1
102
RTVSPost2010Prop48
 90
       50
102
RTVSPost2010PropOp48
 70
     1
102
RTVSPost2010Prop49
280
     0
102
RTVSPost2010PropOp49
 70
     1
102
RTVSPost2010Prop50
 90
       50
102
RTVSPost2010PropOp50
 70
     1
102
RTVSPost2010Prop51ColorIndex
 90
      256
102
RTVSPost2010Prop51ColorRGB
 90
-16777216
102
RTVSPost2010PropOp51
 70
     0
102
RTVSPost2010Prop52
140
1.0
102
RTVSPost2010PropOp52
 70
     0
102
RTVSPost2010Prop53
 90
        2
102
RTVSPost2010PropOp53
 70
     1
102
RTVSPost2010Prop54
  1
strokes_ogs.tif
102
RTVSPost2010PropOp54
 70
     1
102
RTVSPost2010Prop55
280
     0
102
RTVSPost2010PropOp55
 70
     1
102
RTVSPost2010Prop56
140
1.0
102
RTVSPost2010PropOp56
 70
     1
102
RTVSPost2010Prop57
140
1.0
102
RTVSPost2010PropOp57
 70
     1
  0
XRECORD
  5
841
102
{ACAD_REACTORS
330
840
102
}
330
840
100
AcDbXrecord
280
     1
102
RTVSPost2010Prop28
280
     0
102
RTVSPost2010PropOp28
 70
     1
102
RTVSPost2010Prop29
280
     1
102
RTVSPost2010PropOp29
 70
     1
102
RTVSPost2010Prop30
280
     1
102
RTVSPost2010PropOp30
 70
     1
102
RTVSPost2010Prop31
280
     0
102
RTVSPost2010PropOp31
 70
     1
102
RTVSPost2010Prop32
280
     0
102
RTVSPost2010PropOp32
 70
     1
102
RTVSPost2010Prop33
280
     0
102
RTVSPost2010PropOp33
 70
     1
102
RTVSPost2010Prop34
280
     0
102
RTVSPost2010PropOp34
 70
     1
102
RTVSPost2010Prop35
280
     0
102
RTVSPost2010PropOp35
 70
     1
102
RTVSPost2010Prop36
280
     0
102
RTVSPost2010PropOp36
 70
     1
102
RTVSPost2010Prop37
 90
       50
102
RTVSPost2010PropOp37
 70
     1
102
RTVSPost2010Prop38
140
0.0
102
RTVSPost2010PropOp38
 70
     1
102
RTVSPost2010Prop39
140
1.0
102
RTVSPost2010PropOp39
 70
     1
102
RTVSPost2010Prop40
 90
        0
102
RTVSPost2010PropOp40
 70
     1
102
RTVSPost2010Prop41ColorIndex
 90
       18
102
RTVSPost2010Prop41ColorRGB
 90
        0
102
RTVSPost2010PropOp41
 70
     1
102
RTVSPost2010Prop42
 90
       50
102
RTVSPost2010PropOp42
 70
     1
102
RTVSPost2010Prop43
 90
        3
102
RTVSPost2010PropOp43
 70
     1
102
RTVSPost2010Prop44ColorIndex
 90
        5
102
RTVSPost2010Prop44ColorRGB
 90
      255
102
RTVSPost2010PropOp44
 70
     1
102
RTVSPost2010Prop45
280
     0
102
RTVSPost2010PropOp45
 70
     1
102
RTVSPost2010Prop46
 90
       50
102
RTVSPost2010PropOp46
 70
     1
102
RTVSPost2010Prop47
 90
       50
102
RTVSPost2010PropOp47
 70
     1
102
RTVSPost2010Prop48
 90
       50
102
RTVSPost2010PropOp48
 70
     1
102
RTVSPost2010Prop49
280
     0
102
RTVSPost2010PropOp49
 70
     1
102
RTVSPost2010Prop50
 90
       50
102
RTVSPost2010PropOp50
 70
     1
102
RTVSPost2010Prop51ColorIndex
 90
      256
102
RTVSPost2010Prop51ColorRGB
 90
-16777216
102
RTVSPost2010PropOp51
 70
     0
102
RTVSPost2010Prop52
140
1.0
102
RTVSPost2010PropOp52
 70
     0
102
RTVSPost2010Prop53
 90
        2
102
RTVSPost2010PropOp53
 70
     1
102
RTVSPost2010Prop54
  1
strokes_ogs.tif
102
RTVSPost2010PropOp54
 70
     1
102
RTVSPost2010Prop55
280
     0
102
RTVSPost2010PropOp55
 70
     1
102
RTVSPost2010Prop56
140
1.0
102
RTVSPost2010PropOp56
 70
     1
102
RTVSPost2010Prop57
140
1.0
102
RTVSPost2010PropOp57
 70
     1
  0
XRECORD
  5
843
102
{ACAD_REACTORS
330
842
102
}
330
842
100
AcDbXrecord
280
     1
102
RTVSPost2010Prop28
280
     0
102
RTVSPost2010PropOp28
 70
     1
102
RTVSPost2010Prop29
280
     1
102
RTVSPost2010PropOp29
 70
     1
102
RTVSPost2010Prop30
280
     1
102
RTVSPost2010PropOp30
 70
     1
102
RTVSPost2010Prop31
280
     0
102
RTVSPost2010PropOp31
 70
     1
102
RTVSPost2010Prop32
280
     0
102
RTVSPost2010PropOp32
 70
     1
102
RTVSPost2010Prop33
280
     0
102
RTVSPost2010PropOp33
 70
     1
102
RTVSPost2010Prop34
280
     0
102
RTVSPost2010PropOp34
 70
     1
102
RTVSPost2010Prop35
280
     0
102
RTVSPost2010PropOp35
 70
     1
102
RTVSPost2010Prop36
280
     0
102
RTVSPost2010PropOp36
 70
     1
102
RTVSPost2010Prop37
 90
       50
102
RTVSPost2010PropOp37
 70
     1
102
RTVSPost2010Prop38
140
0.0
102
RTVSPost2010PropOp38
 70
     1
102
RTVSPost2010Prop39
140
1.0
102
RTVSPost2010PropOp39
 70
     1
102
RTVSPost2010Prop40
 90
        0
102
RTVSPost2010PropOp40
 70
     1
102
RTVSPost2010Prop41ColorIndex
 90
       18
102
RTVSPost2010Prop41ColorRGB
 90
        0
102
RTVSPost2010PropOp41
 70
     1
102
RTVSPost2010Prop42
 90
       50
102
RTVSPost2010PropOp42
 70
     1
102
RTVSPost2010Prop43
 90
        3
102
RTVSPost2010PropOp43
 70
     1
102
RTVSPost2010Prop44ColorIndex
 90
        5
102
RTVSPost2010Prop44ColorRGB
 90
      255
102
RTVSPost2010PropOp44
 70
     1
102
RTVSPost2010Prop45
280
     0
102
RTVSPost2010PropOp45
 70
     1
102
RTVSPost2010Prop46
 90
       50
102
RTVSPost2010PropOp46
 70
     1
102
RTVSPost2010Prop47
 90
       50
102
RTVSPost2010PropOp47
 70
     1
102
RTVSPost2010Prop48
 90
       50
102
RTVSPost2010PropOp48
 70
     1
102
RTVSPost2010Prop49
280
     0
102
RTVSPost2010PropOp49
 70
     1
102
RTVSPost2010Prop50
 90
       50
102
RTVSPost2010PropOp50
 70
     1
102
RTVSPost2010Prop51ColorIndex
 90
      256
102
RTVSPost2010Prop51ColorRGB
 90
-16777216
102
RTVSPost2010PropOp51
 70
     0
102
RTVSPost2010Prop52
140
1.0
102
RTVSPost2010PropOp52
 70
     0
102
RTVSPost2010Prop53
 90
        2
102
RTVSPost2010PropOp53
 70
     1
102
RTVSPost2010Prop54
  1
strokes_ogs.tif
102
RTVSPost2010PropOp54
 70
     1
102
RTVSPost2010Prop55
280
     0
102
RTVSPost2010PropOp55
 70
     1
102
RTVSPost2010Prop56
140
1.0
102
RTVSPost2010PropOp56
 70
     1
102
RTVSPost2010Prop57
140
1.0
102
RTVSPost2010PropOp57
 70
     1
  0
XRECORD
  5
845
102
{ACAD_REACTORS
330
844
102
}
330
844
100
AcDbXrecord
280
     1
102
RTVSPost2010Prop28
280
     0
102
RTVSPost2010PropOp28
 70
     1
102
RTVSPost2010Prop29
280
     1
102
RTVSPost2010PropOp29
 70
     1
102
RTVSPost2010Prop30
280
     1
102
RTVSPost2010PropOp30
 70
     1
102
RTVSPost2010Prop31
280
     0
102
RTVSPost2010PropOp31
 70
     1
102
RTVSPost2010Prop32
280
     0
102
RTVSPost2010PropOp32
 70
     1
102
RTVSPost2010Prop33
280
     0
102
RTVSPost2010PropOp33
 70
     1
102
RTVSPost2010Prop34
280
     0
102
RTVSPost2010PropOp34
 70
     1
102
RTVSPost2010Prop35
280
     0
102
RTVSPost2010PropOp35
 70
     1
102
RTVSPost2010Prop36
280
     0
102
RTVSPost2010PropOp36
 70
     1
102
RTVSPost2010Prop37
 90
       50
102
RTVSPost2010PropOp37
 70
     1
102
RTVSPost2010Prop38
140
0.0
102
RTVSPost2010PropOp38
 70
     1
102
RTVSPost2010Prop39
140
1.0
102
RTVSPost2010PropOp39
 70
     1
102
RTVSPost2010Prop40
 90
        0
102
RTVSPost2010PropOp40
 70
     1
102
RTVSPost2010Prop41ColorIndex
 90
       18
102
RTVSPost2010Prop41ColorRGB
 90
        0
102
RTVSPost2010PropOp41
 70
     1
102
RTVSPost2010Prop42
 90
       50
102
RTVSPost2010PropOp42
 70
     1
102
RTVSPost2010Prop43
 90
        3
102
RTVSPost2010PropOp43
 70
     1
102
RTVSPost2010Prop44ColorIndex
 90
        5
102
RTVSPost2010Prop44ColorRGB
 90
      255
102
RTVSPost2010PropOp44
 70
     1
102
RTVSPost2010Prop45
280
     0
102
RTVSPost2010PropOp45
 70
     1
102
RTVSPost2010Prop46
 90
       50
102
RTVSPost2010PropOp46
 70
     1
102
RTVSPost2010Prop47
 90
       50
102
RTVSPost2010PropOp47
 70
     1
102
RTVSPost2010Prop48
 90
       50
102
RTVSPost2010PropOp48
 70
     1
102
RTVSPost2010Prop49
280
     0
102
RTVSPost2010PropOp49
 70
     1
102
RTVSPost2010Prop50
 90
       50
102
RTVSPost2010PropOp50
 70
     1
102
RTVSPost2010Prop51ColorIndex
 90
      256
102
RTVSPost2010Prop51ColorRGB
 90
-16777216
102
RTVSPost2010PropOp51
 70
     0
102
RTVSPost2010Prop52
140
1.0
102
RTVSPost2010PropOp52
 70
     0
102
RTVSPost2010Prop53
 90
        2
102
RTVSPost2010PropOp53
 70
     1
102
RTVSPost2010Prop54
  1
strokes_ogs.tif
102
RTVSPost2010PropOp54
 70
     1
102
RTVSPost2010Prop55
280
     0
102
RTVSPost2010PropOp55
 70
     1
102
RTVSPost2010Prop56
140
1.0
102
RTVSPost2010PropOp56
 70
     1
102
RTVSPost2010Prop57
140
1.0
102
RTVSPost2010PropOp57
 70
     1
  0
XRECORD
  5
847
102
{ACAD_REACTORS
330
846
102
}
330
846
100
AcDbXrecord
280
     1
102
RTVSPost2010Prop28
280
     0
102
RTVSPost2010PropOp28
 70
     1
102
RTVSPost2010Prop29
280
     1
102
RTVSPost2010PropOp29
 70
     1
102
RTVSPost2010Prop30
280
     1
102
RTVSPost2010PropOp30
 70
     1
102
RTVSPost2010Prop31
280
     0
102
RTVSPost2010PropOp31
 70
     1
102
RTVSPost2010Prop32
280
     0
102
RTVSPost2010PropOp32
 70
     1
102
RTVSPost2010Prop33
280
     0
102
RTVSPost2010PropOp33
 70
     1
102
RTVSPost2010Prop34
280
     0
102
RTVSPost2010PropOp34
 70
     1
102
RTVSPost2010Prop35
280
     0
102
RTVSPost2010PropOp35
 70
     1
102
RTVSPost2010Prop36
280
     0
102
RTVSPost2010PropOp36
 70
     1
102
RTVSPost2010Prop37
 90
       50
102
RTVSPost2010PropOp37
 70
     1
102
RTVSPost2010Prop38
140
0.0
102
RTVSPost2010PropOp38
 70
     1
102
RTVSPost2010Prop39
140
1.0
102
RTVSPost2010PropOp39
 70
     1
102
RTVSPost2010Prop40
 90
        0
102
RTVSPost2010PropOp40
 70
     1
102
RTVSPost2010Prop41ColorIndex
 90
       18
102
RTVSPost2010Prop41ColorRGB
 90
        0
102
RTVSPost2010PropOp41
 70
     1
102
RTVSPost2010Prop42
 90
       50
102
RTVSPost2010PropOp42
 70
     1
102
RTVSPost2010Prop43
 90
        3
102
RTVSPost2010PropOp43
 70
     1
102
RTVSPost2010Prop44ColorIndex
 90
        5
102
RTVSPost2010Prop44ColorRGB
 90
      255
102
RTVSPost2010PropOp44
 70
     1
102
RTVSPost2010Prop45
280
     0
102
RTVSPost2010PropOp45
 70
     1
102
RTVSPost2010Prop46
 90
       50
102
RTVSPost2010PropOp46
 70
     1
102
RTVSPost2010Prop47
 90
       50
102
RTVSPost2010PropOp47
 70
     1
102
RTVSPost2010Prop48
 90
       50
102
RTVSPost2010PropOp48
 70
     1
102
RTVSPost2010Prop49
280
     0
102
RTVSPost2010PropOp49
 70
     1
102
RTVSPost2010Prop50
 90
       50
102
RTVSPost2010PropOp50
 70
     1
102
RTVSPost2010Prop51ColorIndex
 90
      256
102
RTVSPost2010Prop51ColorRGB
 90
-16777216
102
RTVSPost2010PropOp51
 70
     0
102
RTVSPost2010Prop52
140
1.0
102
RTVSPost2010PropOp52
 70
     0
102
RTVSPost2010Prop53
 90
        2
102
RTVSPost2010PropOp53
 70
     1
102
RTVSPost2010Prop54
  1
strokes_ogs.tif
102
RTVSPost2010PropOp54
 70
     1
102
RTVSPost2010Prop55
280
     0
102
RTVSPost2010PropOp55
 70
     1
102
RTVSPost2010Prop56
140
1.0
102
RTVSPost2010PropOp56
 70
     1
102
RTVSPost2010Prop57
140
1.0
102
RTVSPost2010PropOp57
 70
     1
  0
XRECORD
  5
849
102
{ACAD_REACTORS
330
848
102
}
330
848
100
AcDbXrecord
280
     1
102
RTVSPost2010Prop28
280
     0
102
RTVSPost2010PropOp28
 70
     1
102
RTVSPost2010Prop29
280
     1
102
RTVSPost2010PropOp29
 70
     1
102
RTVSPost2010Prop30
280
     1
102
RTVSPost2010PropOp30
 70
     1
102
RTVSPost2010Prop31
280
     0
102
RTVSPost2010PropOp31
 70
     1
102
RTVSPost2010Prop32
280
     0
102
RTVSPost2010PropOp32
 70
     1
102
RTVSPost2010Prop33
280
     0
102
RTVSPost2010PropOp33
 70
     1
102
RTVSPost2010Prop34
280
     0
102
RTVSPost2010PropOp34
 70
     1
102
RTVSPost2010Prop35
280
     0
102
RTVSPost2010PropOp35
 70
     1
102
RTVSPost2010Prop36
280
     0
102
RTVSPost2010PropOp36
 70
     1
102
RTVSPost2010Prop37
 90
       50
102
RTVSPost2010PropOp37
 70
     1
102
RTVSPost2010Prop38
140
0.0
102
RTVSPost2010PropOp38
 70
     1
102
RTVSPost2010Prop39
140
1.0
102
RTVSPost2010PropOp39
 70
     1
102
RTVSPost2010Prop40
 90
        0
102
RTVSPost2010PropOp40
 70
     1
102
RTVSPost2010Prop41ColorIndex
 90
       18
102
RTVSPost2010Prop41ColorRGB
 90
        0
102
RTVSPost2010PropOp41
 70
     1
102
RTVSPost2010Prop42
 90
       50
102
RTVSPost2010PropOp42
 70
     1
102
RTVSPost2010Prop43
 90
        3
102
RTVSPost2010PropOp43
 70
     1
102
RTVSPost2010Prop44ColorIndex
 90
        5
102
RTVSPost2010Prop44ColorRGB
 90
      255
102
RTVSPost2010PropOp44
 70
     1
102
RTVSPost2010Prop45
280
     0
102
RTVSPost2010PropOp45
 70
     1
102
RTVSPost2010Prop46
 90
       50
102
RTVSPost2010PropOp46
 70
     1
102
RTVSPost2010Prop47
 90
       50
102
RTVSPost2010PropOp47
 70
     1
102
RTVSPost2010Prop48
 90
       50
102
RTVSPost2010PropOp48
 70
     1
102
RTVSPost2010Prop49
280
     0
102
RTVSPost2010PropOp49
 70
     1
102
RTVSPost2010Prop50
 90
       50
102
RTVSPost2010PropOp50
 70
     1
102
RTVSPost2010Prop51ColorIndex
 90
      256
102
RTVSPost2010Prop51ColorRGB
 90
-16777216
102
RTVSPost2010PropOp51
 70
     0
102
RTVSPost2010Prop52
140
1.0
102
RTVSPost2010PropOp52
 70
     0
102
RTVSPost2010Prop53
 90
        2
102
RTVSPost2010PropOp53
 70
     1
102
RTVSPost2010Prop54
  1
strokes_ogs.tif
102
RTVSPost2010PropOp54
 70
     1
102
RTVSPost2010Prop55
280
     0
102
RTVSPost2010PropOp55
 70
     1
102
RTVSPost2010Prop56
140
1.0
102
RTVSPost2010PropOp56
 70
     1
102
RTVSPost2010Prop57
140
1.0
102
RTVSPost2010PropOp57
 70
     1
  0
XRECORD
  5
84B
102
{ACAD_REACTORS
330
84A
102
}
330
84A
100
AcDbXrecord
280
     1
102
RTVSPost2010Prop28
280
     0
102
RTVSPost2010PropOp28
 70
     1
102
RTVSPost2010Prop29
280
     1
102
RTVSPost2010PropOp29
 70
     1
102
RTVSPost2010Prop30
280
     1
102
RTVSPost2010PropOp30
 70
     1
102
RTVSPost2010Prop31
280
     0
102
RTVSPost2010PropOp31
 70
     1
102
RTVSPost2010Prop32
280
     0
102
RTVSPost2010PropOp32
 70
     1
102
RTVSPost2010Prop33
280
     0
102
RTVSPost2010PropOp33
 70
     1
102
RTVSPost2010Prop34
280
     0
102
RTVSPost2010PropOp34
 70
     1
102
RTVSPost2010Prop35
280
     0
102
RTVSPost2010PropOp35
 70
     1
102
RTVSPost2010Prop36
280
     0
102
RTVSPost2010PropOp36
 70
     1
102
RTVSPost2010Prop37
 90
       50
102
RTVSPost2010PropOp37
 70
     1
102
RTVSPost2010Prop38
140
0.0
102
RTVSPost2010PropOp38
 70
     1
102
RTVSPost2010Prop39
140
1.0
102
RTVSPost2010PropOp39
 70
     1
102
RTVSPost2010Prop40
 90
        0
102
RTVSPost2010PropOp40
 70
     1
102
RTVSPost2010Prop41ColorIndex
 90
       18
102
RTVSPost2010Prop41ColorRGB
 90
        0
102
RTVSPost2010PropOp41
 70
     1
102
RTVSPost2010Prop42
 90
       50
102
RTVSPost2010PropOp42
 70
     1
102
RTVSPost2010Prop43
 90
        3
102
RTVSPost2010PropOp43
 70
     1
102
RTVSPost2010Prop44ColorIndex
 90
        5
102
RTVSPost2010Prop44ColorRGB
 90
      255
102
RTVSPost2010PropOp44
 70
     1
102
RTVSPost2010Prop45
280
     0
102
RTVSPost2010PropOp45
 70
     1
102
RTVSPost2010Prop46
 90
       50
102
RTVSPost2010PropOp46
 70
     1
102
RTVSPost2010Prop47
 90
       50
102
RTVSPost2010PropOp47
 70
     1
102
RTVSPost2010Prop48
 90
       50
102
RTVSPost2010PropOp48
 70
     1
102
RTVSPost2010Prop49
280
     0
102
RTVSPost2010PropOp49
 70
     1
102
RTVSPost2010Prop50
 90
       50
102
RTVSPost2010PropOp50
 70
     1
102
RTVSPost2010Prop51ColorIndex
 90
      256
102
RTVSPost2010Prop51ColorRGB
 90
-16777216
102
RTVSPost2010PropOp51
 70
     0
102
RTVSPost2010Prop52
140
1.0
102
RTVSPost2010PropOp52
 70
     0
102
RTVSPost2010Prop53
 90
        2
102
RTVSPost2010PropOp53
 70
     1
102
RTVSPost2010Prop54
  1
strokes_ogs.tif
102
RTVSPost2010PropOp54
 70
     1
102
RTVSPost2010Prop55
280
     0
102
RTVSPost2010PropOp55
 70
     1
102
RTVSPost2010Prop56
140
1.0
102
RTVSPost2010PropOp56
 70
     1
102
RTVSPost2010Prop57
140
1.0
102
RTVSPost2010PropOp57
 70
     1
  0
XRECORD
  5
84D
102
{ACAD_REACTORS
330
84C
102
}
330
84C
100
AcDbXrecord
280
     1
102
RTVSPost2010Prop28
280
     0
102
RTVSPost2010PropOp28
 70
     1
102
RTVSPost2010Prop29
280
     1
102
RTVSPost2010PropOp29
 70
     1
102
RTVSPost2010Prop30
280
     1
102
RTVSPost2010PropOp30
 70
     1
102
RTVSPost2010Prop31
280
     0
102
RTVSPost2010PropOp31
 70
     1
102
RTVSPost2010Prop32
280
     0
102
RTVSPost2010PropOp32
 70
     1
102
RTVSPost2010Prop33
280
     0
102
RTVSPost2010PropOp33
 70
     1
102
RTVSPost2010Prop34
280
     0
102
RTVSPost2010PropOp34
 70
     1
102
RTVSPost2010Prop35
280
     0
102
RTVSPost2010PropOp35
 70
     1
102
RTVSPost2010Prop36
280
     0
102
RTVSPost2010PropOp36
 70
     1
102
RTVSPost2010Prop37
 90
       50
102
RTVSPost2010PropOp37
 70
     1
102
RTVSPost2010Prop38
140
0.0
102
RTVSPost2010PropOp38
 70
     1
102
RTVSPost2010Prop39
140
1.0
102
RTVSPost2010PropOp39
 70
     1
102
RTVSPost2010Prop40
 90
        0
102
RTVSPost2010PropOp40
 70
     1
102
RTVSPost2010Prop41ColorIndex
 90
       18
102
RTVSPost2010Prop41ColorRGB
 90
        0
102
RTVSPost2010PropOp41
 70
     1
102
RTVSPost2010Prop42
 90
       50
102
RTVSPost2010PropOp42
 70
     1
102
RTVSPost2010Prop43
 90
        3
102
RTVSPost2010PropOp43
 70
     1
102
RTVSPost2010Prop44ColorIndex
 90
        5
102
RTVSPost2010Prop44ColorRGB
 90
      255
102
RTVSPost2010PropOp44
 70
     1
102
RTVSPost2010Prop45
280
     0
102
RTVSPost2010PropOp45
 70
     1
102
RTVSPost2010Prop46
 90
       50
102
RTVSPost2010PropOp46
 70
     1
102
RTVSPost2010Prop47
 90
       50
102
RTVSPost2010PropOp47
 70
     1
102
RTVSPost2010Prop48
 90
       50
102
RTVSPost2010PropOp48
 70
     1
102
RTVSPost2010Prop49
280
     0
102
RTVSPost2010PropOp49
 70
     1
102
RTVSPost2010Prop50
 90
       50
102
RTVSPost2010PropOp50
 70
     1
102
RTVSPost2010Prop51ColorIndex
 90
      256
102
RTVSPost2010Prop51ColorRGB
 90
-16777216
102
RTVSPost2010PropOp51
 70
     0
102
RTVSPost2010Prop52
140
1.0
102
RTVSPost2010PropOp52
 70
     0
102
RTVSPost2010Prop53
 90
        2
102
RTVSPost2010PropOp53
 70
     1
102
RTVSPost2010Prop54
  1
strokes_ogs.tif
102
RTVSPost2010PropOp54
 70
     1
102
RTVSPost2010Prop55
280
     0
102
RTVSPost2010PropOp55
 70
     1
102
RTVSPost2010Prop56
140
1.0
102
RTVSPost2010PropOp56
 70
     1
102
RTVSPost2010Prop57
140
1.0
102
RTVSPost2010PropOp57
 70
     1
  0
XRECORD
  5
84F
102
{ACAD_REACTORS
330
84E
102
}
330
84E
100
AcDbXrecord
280
     1
102
RTVSPost2010Prop28
280
     0
102
RTVSPost2010PropOp28
 70
     1
102
RTVSPost2010Prop29
280
     1
102
RTVSPost2010PropOp29
 70
     1
102
RTVSPost2010Prop30
280
     1
102
RTVSPost2010PropOp30
 70
     1
102
RTVSPost2010Prop31
280
     0
102
RTVSPost2010PropOp31
 70
     1
102
RTVSPost2010Prop32
280
     0
102
RTVSPost2010PropOp32
 70
     1
102
RTVSPost2010Prop33
280
     0
102
RTVSPost2010PropOp33
 70
     1
102
RTVSPost2010Prop34
280
     0
102
RTVSPost2010PropOp34
 70
     1
102
RTVSPost2010Prop35
280
     0
102
RTVSPost2010PropOp35
 70
     1
102
RTVSPost2010Prop36
280
     0
102
RTVSPost2010PropOp36
 70
     1
102
RTVSPost2010Prop37
 90
       50
102
RTVSPost2010PropOp37
 70
     1
102
RTVSPost2010Prop38
140
0.0
102
RTVSPost2010PropOp38
 70
     1
102
RTVSPost2010Prop39
140
1.0
102
RTVSPost2010PropOp39
 70
     1
102
RTVSPost2010Prop40
 90
        0
102
RTVSPost2010PropOp40
 70
     1
102
RTVSPost2010Prop41ColorIndex
 90
       18
102
RTVSPost2010Prop41ColorRGB
 90
        0
102
RTVSPost2010PropOp41
 70
     1
102
RTVSPost2010Prop42
 90
       50
102
RTVSPost2010PropOp42
 70
     1
102
RTVSPost2010Prop43
 90
        3
102
RTVSPost2010PropOp43
 70
     1
102
RTVSPost2010Prop44ColorIndex
 90
        5
102
RTVSPost2010Prop44ColorRGB
 90
      255
102
RTVSPost2010PropOp44
 70
     1
102
RTVSPost2010Prop45
280
     0
102
RTVSPost2010PropOp45
 70
     1
102
RTVSPost2010Prop46
 90
       50
102
RTVSPost2010PropOp46
 70
     1
102
RTVSPost2010Prop47
 90
       50
102
RTVSPost2010PropOp47
 70
     1
102
RTVSPost2010Prop48
 90
       50
102
RTVSPost2010PropOp48
 70
     1
102
RTVSPost2010Prop49
280
     0
102
RTVSPost2010PropOp49
 70
     1
102
RTVSPost2010Prop50
 90
       50
102
RTVSPost2010PropOp50
 70
     1
102
RTVSPost2010Prop51ColorIndex
 90
      256
102
RTVSPost2010Prop51ColorRGB
 90
-16777216
102
RTVSPost2010PropOp51
 70
     0
102
RTVSPost2010Prop52
140
1.0
102
RTVSPost2010PropOp52
 70
     0
102
RTVSPost2010Prop53
 90
        2
102
RTVSPost2010PropOp53
 70
     1
102
RTVSPost2010Prop54
  1
strokes_ogs.tif
102
RTVSPost2010PropOp54
 70
     1
102
RTVSPost2010Prop55
280
     0
102
RTVSPost2010PropOp55
 70
     1
102
RTVSPost2010Prop56
140
1.0
102
RTVSPost2010PropOp56
 70
     1
102
RTVSPost2010Prop57
140
1.0
102
RTVSPost2010PropOp57
 70
     1
  0
XRECORD
  5
851
102
{ACAD_REACTORS
330
850
102
}
330
850
100
AcDbXrecord
280
     1
102
RTVSPost2010Prop28
280
     0
102
RTVSPost2010PropOp28
 70
     1
102
RTVSPost2010Prop29
280
     1
102
RTVSPost2010PropOp29
 70
     1
102
RTVSPost2010Prop30
280
     1
102
RTVSPost2010PropOp30
 70
     1
102
RTVSPost2010Prop31
280
     0
102
RTVSPost2010PropOp31
 70
     1
102
RTVSPost2010Prop32
280
     0
102
RTVSPost2010PropOp32
 70
     1
102
RTVSPost2010Prop33
280
     0
102
RTVSPost2010PropOp33
 70
     1
102
RTVSPost2010Prop34
280
     0
102
RTVSPost2010PropOp34
 70
     1
102
RTVSPost2010Prop35
280
     0
102
RTVSPost2010PropOp35
 70
     1
102
RTVSPost2010Prop36
280
     0
102
RTVSPost2010PropOp36
 70
     1
102
RTVSPost2010Prop37
 90
       50
102
RTVSPost2010PropOp37
 70
     1
102
RTVSPost2010Prop38
140
0.0
102
RTVSPost2010PropOp38
 70
     1
102
RTVSPost2010Prop39
140
1.0
102
RTVSPost2010PropOp39
 70
     1
102
RTVSPost2010Prop40
 90
        0
102
RTVSPost2010PropOp40
 70
     1
102
RTVSPost2010Prop41ColorIndex
 90
       18
102
RTVSPost2010Prop41ColorRGB
 90
        0
102
RTVSPost2010PropOp41
 70
     1
102
RTVSPost2010Prop42
 90
       50
102
RTVSPost2010PropOp42
 70
     1
102
RTVSPost2010Prop43
 90
        3
102
RTVSPost2010PropOp43
 70
     1
102
RTVSPost2010Prop44ColorIndex
 90
        5
102
RTVSPost2010Prop44ColorRGB
 90
      255
102
RTVSPost2010PropOp44
 70
     1
102
RTVSPost2010Prop45
280
     0
102
RTVSPost2010PropOp45
 70
     1
102
RTVSPost2010Prop46
 90
       50
102
RTVSPost2010PropOp46
 70
     1
102
RTVSPost2010Prop47
 90
       50
102
RTVSPost2010PropOp47
 70
     1
102
RTVSPost2010Prop48
 90
       50
102
RTVSPost2010PropOp48
 70
     1
102
RTVSPost2010Prop49
280
     0
102
RTVSPost2010PropOp49
 70
     1
102
RTVSPost2010Prop50
 90
       50
102
RTVSPost2010PropOp50
 70
     1
102
RTVSPost2010Prop51ColorIndex
 90
      256
102
RTVSPost2010Prop51ColorRGB
 90
-16777216
102
RTVSPost2010PropOp51
 70
     0
102
RTVSPost2010Prop52
140
1.0
102
RTVSPost2010PropOp52
 70
     0
102
RTVSPost2010Prop53
 90
        2
102
RTVSPost2010PropOp53
 70
     1
102
RTVSPost2010Prop54
  1
strokes_ogs.tif
102
RTVSPost2010PropOp54
 70
     1
102
RTVSPost2010Prop55
280
     0
102
RTVSPost2010PropOp55
 70
     1
102
RTVSPost2010Prop56
140
1.0
102
RTVSPost2010PropOp56
 70
     1
102
RTVSPost2010Prop57
140
1.0
102
RTVSPost2010PropOp57
 70
     1
  0
XRECORD
  5
853
102
{ACAD_REACTORS
330
852
102
}
330
852
100
AcDbXrecord
280
     1
102
RTVSPost2010Prop28
280
     0
102
RTVSPost2010PropOp28
 70
     1
102
RTVSPost2010Prop29
280
     1
102
RTVSPost2010PropOp29
 70
     1
102
RTVSPost2010Prop30
280
     1
102
RTVSPost2010PropOp30
 70
     1
102
RTVSPost2010Prop31
280
     0
102
RTVSPost2010PropOp31
 70
     1
102
RTVSPost2010Prop32
280
     0
102
RTVSPost2010PropOp32
 70
     1
102
RTVSPost2010Prop33
280
     0
102
RTVSPost2010PropOp33
 70
     1
102
RTVSPost2010Prop34
280
     0
102
RTVSPost2010PropOp34
 70
     1
102
RTVSPost2010Prop35
280
     0
102
RTVSPost2010PropOp35
 70
     1
102
RTVSPost2010Prop36
280
     0
102
RTVSPost2010PropOp36
 70
     1
102
RTVSPost2010Prop37
 90
       50
102
RTVSPost2010PropOp37
 70
     1
102
RTVSPost2010Prop38
140
0.0
102
RTVSPost2010PropOp38
 70
     1
102
RTVSPost2010Prop39
140
1.0
102
RTVSPost2010PropOp39
 70
     1
102
RTVSPost2010Prop40
 90
        0
102
RTVSPost2010PropOp40
 70
     1
102
RTVSPost2010Prop41ColorIndex
 90
       18
102
RTVSPost2010Prop41ColorRGB
 90
        0
102
RTVSPost2010PropOp41
 70
     1
102
RTVSPost2010Prop42
 90
       50
102
RTVSPost2010PropOp42
 70
     1
102
RTVSPost2010Prop43
 90
        3
102
RTVSPost2010PropOp43
 70
     1
102
RTVSPost2010Prop44ColorIndex
 90
        5
102
RTVSPost2010Prop44ColorRGB
 90
      255
102
RTVSPost2010PropOp44
 70
     1
102
RTVSPost2010Prop45
280
     0
102
RTVSPost2010PropOp45
 70
     1
102
RTVSPost2010Prop46
 90
       50
102
RTVSPost2010PropOp46
 70
     1
102
RTVSPost2010Prop47
 90
       50
102
RTVSPost2010PropOp47
 70
     1
102
RTVSPost2010Prop48
 90
       50
102
RTVSPost2010PropOp48
 70
     1
102
RTVSPost2010Prop49
280
     0
102
RTVSPost2010PropOp49
 70
     1
102
RTVSPost2010Prop50
 90
       50
102
RTVSPost2010PropOp50
 70
     1
102
RTVSPost2010Prop51ColorIndex
 90
      256
102
RTVSPost2010Prop51ColorRGB
 90
-16777216
102
RTVSPost2010PropOp51
 70
     0
102
RTVSPost2010Prop52
140
1.0
102
RTVSPost2010PropOp52
 70
     0
102
RTVSPost2010Prop53
 90
        2
102
RTVSPost2010PropOp53
 70
     1
102
RTVSPost2010Prop54
  1
strokes_ogs.tif
102
RTVSPost2010PropOp54
 70
     1
102
RTVSPost2010Prop55
280
     0
102
RTVSPost2010PropOp55
 70
     1
102
RTVSPost2010Prop56
140
1.0
102
RTVSPost2010PropOp56
 70
     1
102
RTVSPost2010Prop57
140
1.0
102
RTVSPost2010PropOp57
 70
     1
  0
XRECORD
  5
855
102
{ACAD_REACTORS
330
854
102
}
330
854
100
AcDbXrecord
280
     1
102
RTVSPost2010Prop28
280
     0
102
RTVSPost2010PropOp28
 70
     1
102
RTVSPost2010Prop29
280
     1
102
RTVSPost2010PropOp29
 70
     1
102
RTVSPost2010Prop30
280
     1
102
RTVSPost2010PropOp30
 70
     1
102
RTVSPost2010Prop31
280
     0
102
RTVSPost2010PropOp31
 70
     1
102
RTVSPost2010Prop32
280
     0
102
RTVSPost2010PropOp32
 70
     1
102
RTVSPost2010Prop33
280
     0
102
RTVSPost2010PropOp33
 70
     1
102
RTVSPost2010Prop34
280
     0
102
RTVSPost2010PropOp34
 70
     1
102
RTVSPost2010Prop35
280
     0
102
RTVSPost2010PropOp35
 70
     1
102
RTVSPost2010Prop36
280
     0
102
RTVSPost2010PropOp36
 70
     1
102
RTVSPost2010Prop37
 90
       50
102
RTVSPost2010PropOp37
 70
     1
102
RTVSPost2010Prop38
140
0.0
102
RTVSPost2010PropOp38
 70
     1
102
RTVSPost2010Prop39
140
1.0
102
RTVSPost2010PropOp39
 70
     1
102
RTVSPost2010Prop40
 90
        0
102
RTVSPost2010PropOp40
 70
     1
102
RTVSPost2010Prop41ColorIndex
 90
       18
102
RTVSPost2010Prop41ColorRGB
 90
        0
102
RTVSPost2010PropOp41
 70
     1
102
RTVSPost2010Prop42
 90
       50
102
RTVSPost2010PropOp42
 70
     1
102
RTVSPost2010Prop43
 90
        3
102
RTVSPost2010PropOp43
 70
     1
102
RTVSPost2010Prop44ColorIndex
 90
        5
102
RTVSPost2010Prop44ColorRGB
 90
      255
102
RTVSPost2010PropOp44
 70
     1
102
RTVSPost2010Prop45
280
     0
102
RTVSPost2010PropOp45
 70
     1
102
RTVSPost2010Prop46
 90
       50
102
RTVSPost2010PropOp46
 70
     1
102
RTVSPost2010Prop47
 90
       50
102
RTVSPost2010PropOp47
 70
     1
102
RTVSPost2010Prop48
 90
       50
102
RTVSPost2010PropOp48
 70
     1
102
RTVSPost2010Prop49
280
     0
102
RTVSPost2010PropOp49
 70
     1
102
RTVSPost2010Prop50
 90
       50
102
RTVSPost2010PropOp50
 70
     1
102
RTVSPost2010Prop51ColorIndex
 90
      256
102
RTVSPost2010Prop51ColorRGB
 90
-16777216
102
RTVSPost2010PropOp51
 70
     0
102
RTVSPost2010Prop52
140
1.0
102
RTVSPost2010PropOp52
 70
     0
102
RTVSPost2010Prop53
 90
        2
102
RTVSPost2010PropOp53
 70
     1
102
RTVSPost2010Prop54
  1
strokes_ogs.tif
102
RTVSPost2010PropOp54
 70
     1
102
RTVSPost2010Prop55
280
     0
102
RTVSPost2010PropOp55
 70
     1
102
RTVSPost2010Prop56
140
1.0
102
RTVSPost2010PropOp56
 70
     1
102
RTVSPost2010Prop57
140
1.0
102
RTVSPost2010PropOp57
 70
     1
  0
XRECORD
  5
857
102
{ACAD_REACTORS
330
856
102
}
330
856
100
AcDbXrecord
280
     1
102
RTVSPost2010Prop28
280
     0
102
RTVSPost2010PropOp28
 70
     1
102
RTVSPost2010Prop29
280
     1
102
RTVSPost2010PropOp29
 70
     1
102
RTVSPost2010Prop30
280
     1
102
RTVSPost2010PropOp30
 70
     1
102
RTVSPost2010Prop31
280
     0
102
RTVSPost2010PropOp31
 70
     1
102
RTVSPost2010Prop32
280
     0
102
RTVSPost2010PropOp32
 70
     1
102
RTVSPost2010Prop33
280
     0
102
RTVSPost2010PropOp33
 70
     1
102
RTVSPost2010Prop34
280
     0
102
RTVSPost2010PropOp34
 70
     1
102
RTVSPost2010Prop35
280
     0
102
RTVSPost2010PropOp35
 70
     1
102
RTVSPost2010Prop36
280
     0
102
RTVSPost2010PropOp36
 70
     1
102
RTVSPost2010Prop37
 90
       50
102
RTVSPost2010PropOp37
 70
     1
102
RTVSPost2010Prop38
140
0.0
102
RTVSPost2010PropOp38
 70
     1
102
RTVSPost2010Prop39
140
1.0
102
RTVSPost2010PropOp39
 70
     1
102
RTVSPost2010Prop40
 90
        0
102
RTVSPost2010PropOp40
 70
     1
102
RTVSPost2010Prop41ColorIndex
 90
       18
102
RTVSPost2010Prop41ColorRGB
 90
        0
102
RTVSPost2010PropOp41
 70
     1
102
RTVSPost2010Prop42
 90
       50
102
RTVSPost2010PropOp42
 70
     1
102
RTVSPost2010Prop43
 90
        3
102
RTVSPost2010PropOp43
 70
     1
102
RTVSPost2010Prop44ColorIndex
 90
        5
102
RTVSPost2010Prop44ColorRGB
 90
      255
102
RTVSPost2010PropOp44
 70
     1
102
RTVSPost2010Prop45
280
     0
102
RTVSPost2010PropOp45
 70
     1
102
RTVSPost2010Prop46
 90
       50
102
RTVSPost2010PropOp46
 70
     1
102
RTVSPost2010Prop47
 90
       50
102
RTVSPost2010PropOp47
 70
     1
102
RTVSPost2010Prop48
 90
       50
102
RTVSPost2010PropOp48
 70
     1
102
RTVSPost2010Prop49
280
     0
102
RTVSPost2010PropOp49
 70
     1
102
RTVSPost2010Prop50
 90
       50
102
RTVSPost2010PropOp50
 70
     1
102
RTVSPost2010Prop51ColorIndex
 90
      256
102
RTVSPost2010Prop51ColorRGB
 90
-16777216
102
RTVSPost2010PropOp51
 70
     0
102
RTVSPost2010Prop52
140
1.0
102
RTVSPost2010PropOp52
 70
     0
102
RTVSPost2010Prop53
 90
        2
102
RTVSPost2010PropOp53
 70
     1
102
RTVSPost2010Prop54
  1
strokes_ogs.tif
102
RTVSPost2010PropOp54
 70
     1
102
RTVSPost2010Prop55
280
     0
102
RTVSPost2010PropOp55
 70
     1
102
RTVSPost2010Prop56
140
1.0
102
RTVSPost2010PropOp56
 70
     1
102
RTVSPost2010Prop57
140
1.0
102
RTVSPost2010PropOp57
 70
     1
  0
XRECORD
  5
859
102
{ACAD_REACTORS
330
858
102
}
330
858
100
AcDbXrecord
280
     1
102
RTVSPost2010Prop28
280
     0
102
RTVSPost2010PropOp28
 70
     1
102
RTVSPost2010Prop29
280
     1
102
RTVSPost2010PropOp29
 70
     1
102
RTVSPost2010Prop30
280
     1
102
RTVSPost2010PropOp30
 70
     1
102
RTVSPost2010Prop31
280
     0
102
RTVSPost2010PropOp31
 70
     1
102
RTVSPost2010Prop32
280
     0
102
RTVSPost2010PropOp32
 70
     1
102
RTVSPost2010Prop33
280
     0
102
RTVSPost2010PropOp33
 70
     1
102
RTVSPost2010Prop34
280
     0
102
RTVSPost2010PropOp34
 70
     1
102
RTVSPost2010Prop35
280
     0
102
RTVSPost2010PropOp35
 70
     1
102
RTVSPost2010Prop36
280
     0
102
RTVSPost2010PropOp36
 70
     1
102
RTVSPost2010Prop37
 90
       50
102
RTVSPost2010PropOp37
 70
     1
102
RTVSPost2010Prop38
140
0.0
102
RTVSPost2010PropOp38
 70
     1
102
RTVSPost2010Prop39
140
1.0
102
RTVSPost2010PropOp39
 70
     1
102
RTVSPost2010Prop40
 90
        0
102
RTVSPost2010PropOp40
 70
     1
102
RTVSPost2010Prop41ColorIndex
 90
       18
102
RTVSPost2010Prop41ColorRGB
 90
        0
102
RTVSPost2010PropOp41
 70
     1
102
RTVSPost2010Prop42
 90
       50
102
RTVSPost2010PropOp42
 70
     1
102
RTVSPost2010Prop43
 90
        3
102
RTVSPost2010PropOp43
 70
     1
102
RTVSPost2010Prop44ColorIndex
 90
        5
102
RTVSPost2010Prop44ColorRGB
 90
      255
102
RTVSPost2010PropOp44
 70
     1
102
RTVSPost2010Prop45
280
     0
102
RTVSPost2010PropOp45
 70
     1
102
RTVSPost2010Prop46
 90
       50
102
RTVSPost2010PropOp46
 70
     1
102
RTVSPost2010Prop47
 90
       50
102
RTVSPost2010PropOp47
 70
     1
102
RTVSPost2010Prop48
 90
       50
102
RTVSPost2010PropOp48
 70
     1
102
RTVSPost2010Prop49
280
     0
102
RTVSPost2010PropOp49
 70
     1
102
RTVSPost2010Prop50
 90
       50
102
RTVSPost2010PropOp50
 70
     1
102
RTVSPost2010Prop51ColorIndex
 90
      256
102
RTVSPost2010Prop51ColorRGB
 90
-16777216
102
RTVSPost2010PropOp51
 70
     0
102
RTVSPost2010Prop52
140
1.0
102
RTVSPost2010PropOp52
 70
     0
102
RTVSPost2010Prop53
 90
        2
102
RTVSPost2010PropOp53
 70
     1
102
RTVSPost2010Prop54
  1
strokes_ogs.tif
102
RTVSPost2010PropOp54
 70
     1
102
RTVSPost2010Prop55
280
     0
102
RTVSPost2010PropOp55
 70
     1
102
RTVSPost2010Prop56
140
1.0
102
RTVSPost2010PropOp56
 70
     1
102
RTVSPost2010Prop57
140
1.0
102
RTVSPost2010PropOp57
 70
     1
  0
XRECORD
  5
85B
102
{ACAD_REACTORS
330
85A
102
}
330
85A
100
AcDbXrecord
280
     1
102
RTVSPost2010Prop28
280
     0
102
RTVSPost2010PropOp28
 70
     1
102
RTVSPost2010Prop29
280
     1
102
RTVSPost2010PropOp29
 70
     1
102
RTVSPost2010Prop30
280
     1
102
RTVSPost2010PropOp30
 70
     1
102
RTVSPost2010Prop31
280
     0
102
RTVSPost2010PropOp31
 70
     1
102
RTVSPost2010Prop32
280
     0
102
RTVSPost2010PropOp32
 70
     1
102
RTVSPost2010Prop33
280
     0
102
RTVSPost2010PropOp33
 70
     1
102
RTVSPost2010Prop34
280
     0
102
RTVSPost2010PropOp34
 70
     1
102
RTVSPost2010Prop35
280
     0
102
RTVSPost2010PropOp35
 70
     1
102
RTVSPost2010Prop36
280
     0
102
RTVSPost2010PropOp36
 70
     1
102
RTVSPost2010Prop37
 90
       50
102
RTVSPost2010PropOp37
 70
     1
102
RTVSPost2010Prop38
140
0.0
102
RTVSPost2010PropOp38
 70
     1
102
RTVSPost2010Prop39
140
1.0
102
RTVSPost2010PropOp39
 70
     1
102
RTVSPost2010Prop40
 90
        0
102
RTVSPost2010PropOp40
 70
     1
102
RTVSPost2010Prop41ColorIndex
 90
       18
102
RTVSPost2010Prop41ColorRGB
 90
        0
102
RTVSPost2010PropOp41
 70
     1
102
RTVSPost2010Prop42
 90
       50
102
RTVSPost2010PropOp42
 70
     1
102
RTVSPost2010Prop43
 90
        3
102
RTVSPost2010PropOp43
 70
     1
102
RTVSPost2010Prop44ColorIndex
 90
        5
102
RTVSPost2010Prop44ColorRGB
 90
      255
102
RTVSPost2010PropOp44
 70
     1
102
RTVSPost2010Prop45
280
     0
102
RTVSPost2010PropOp45
 70
     1
102
RTVSPost2010Prop46
 90
       50
102
RTVSPost2010PropOp46
 70
     1
102
RTVSPost2010Prop47
 90
       50
102
RTVSPost2010PropOp47
 70
     1
102
RTVSPost2010Prop48
 90
       50
102
RTVSPost2010PropOp48
 70
     1
102
RTVSPost2010Prop49
280
     0
102
RTVSPost2010PropOp49
 70
     1
102
RTVSPost2010Prop50
 90
       50
102
RTVSPost2010PropOp50
 70
     1
102
RTVSPost2010Prop51ColorIndex
 90
      256
102
RTVSPost2010Prop51ColorRGB
 90
-16777216
102
RTVSPost2010PropOp51
 70
     0
102
RTVSPost2010Prop52
140
1.0
102
RTVSPost2010PropOp52
 70
     0
102
RTVSPost2010Prop53
 90
        2
102
RTVSPost2010PropOp53
 70
     1
102
RTVSPost2010Prop54
  1
strokes_ogs.tif
102
RTVSPost2010PropOp54
 70
     1
102
RTVSPost2010Prop55
280
     0
102
RTVSPost2010PropOp55
 70
     1
102
RTVSPost2010Prop56
140
1.0
102
RTVSPost2010PropOp56
 70
     1
102
RTVSPost2010Prop57
140
1.0
102
RTVSPost2010PropOp57
 70
     1
  0
XRECORD
  5
85D
102
{ACAD_REACTORS
330
85C
102
}
330
85C
100
AcDbXrecord
280
     1
102
RTVSPost2010Prop28
280
     0
102
RTVSPost2010PropOp28
 70
     1
102
RTVSPost2010Prop29
280
     1
102
RTVSPost2010PropOp29
 70
     1
102
RTVSPost2010Prop30
280
     1
102
RTVSPost2010PropOp30
 70
     1
102
RTVSPost2010Prop31
280
     0
102
RTVSPost2010PropOp31
 70
     1
102
RTVSPost2010Prop32
280
     0
102
RTVSPost2010PropOp32
 70
     1
102
RTVSPost2010Prop33
280
     0
102
RTVSPost2010PropOp33
 70
     1
102
RTVSPost2010Prop34
280
     0
102
RTVSPost2010PropOp34
 70
     1
102
RTVSPost2010Prop35
280
     0
102
RTVSPost2010PropOp35
 70
     1
102
RTVSPost2010Prop36
280
     0
102
RTVSPost2010PropOp36
 70
     1
102
RTVSPost2010Prop37
 90
       50
102
RTVSPost2010PropOp37
 70
     1
102
RTVSPost2010Prop38
140
0.0
102
RTVSPost2010PropOp38
 70
     1
102
RTVSPost2010Prop39
140
1.0
102
RTVSPost2010PropOp39
 70
     1
102
RTVSPost2010Prop40
 90
        0
102
RTVSPost2010PropOp40
 70
     1
102
RTVSPost2010Prop41ColorIndex
 90
       18
102
RTVSPost2010Prop41ColorRGB
 90
        0
102
RTVSPost2010PropOp41
 70
     1
102
RTVSPost2010Prop42
 90
       50
102
RTVSPost2010PropOp42
 70
     1
102
RTVSPost2010Prop43
 90
        3
102
RTVSPost2010PropOp43
 70
     1
102
RTVSPost2010Prop44ColorIndex
 90
        5
102
RTVSPost2010Prop44ColorRGB
 90
      255
102
RTVSPost2010PropOp44
 70
     1
102
RTVSPost2010Prop45
280
     0
102
RTVSPost2010PropOp45
 70
     1
102
RTVSPost2010Prop46
 90
       50
102
RTVSPost2010PropOp46
 70
     1
102
RTVSPost2010Prop47
 90
       50
102
RTVSPost2010PropOp47
 70
     1
102
RTVSPost2010Prop48
 90
       50
102
RTVSPost2010PropOp48
 70
     1
102
RTVSPost2010Prop49
280
     0
102
RTVSPost2010PropOp49
 70
     1
102
RTVSPost2010Prop50
 90
       50
102
RTVSPost2010PropOp50
 70
     1
102
RTVSPost2010Prop51ColorIndex
 90
      256
102
RTVSPost2010Prop51ColorRGB
 90
-16777216
102
RTVSPost2010PropOp51
 70
     0
102
RTVSPost2010Prop52
140
1.0
102
RTVSPost2010PropOp52
 70
     0
102
RTVSPost2010Prop53
 90
        2
102
RTVSPost2010PropOp53
 70
     1
102
RTVSPost2010Prop54
  1
strokes_ogs.tif
102
RTVSPost2010PropOp54
 70
     1
102
RTVSPost2010Prop55
280
     0
102
RTVSPost2010PropOp55
 70
     1
102
RTVSPost2010Prop56
140
1.0
102
RTVSPost2010PropOp56
 70
     1
102
RTVSPost2010Prop57
140
1.0
102
RTVSPost2010PropOp57
 70
     1
  0
XRECORD
  5
85F
102
{ACAD_REACTORS
330
85E
102
}
330
85E
100
AcDbXrecord
280
     1
102
RTVSPost2010Prop28
280
     0
102
RTVSPost2010PropOp28
 70
     1
102
RTVSPost2010Prop29
280
     1
102
RTVSPost2010PropOp29
 70
     1
102
RTVSPost2010Prop30
280
     1
102
RTVSPost2010PropOp30
 70
     1
102
RTVSPost2010Prop31
280
     0
102
RTVSPost2010PropOp31
 70
     1
102
RTVSPost2010Prop32
280
     0
102
RTVSPost2010PropOp32
 70
     1
102
RTVSPost2010Prop33
280
     0
102
RTVSPost2010PropOp33
 70
     1
102
RTVSPost2010Prop34
280
     0
102
RTVSPost2010PropOp34
 70
     1
102
RTVSPost2010Prop35
280
     0
102
RTVSPost2010PropOp35
 70
     1
102
RTVSPost2010Prop36
280
     0
102
RTVSPost2010PropOp36
 70
     1
102
RTVSPost2010Prop37
 90
       50
102
RTVSPost2010PropOp37
 70
     1
102
RTVSPost2010Prop38
140
0.0
102
RTVSPost2010PropOp38
 70
     1
102
RTVSPost2010Prop39
140
1.0
102
RTVSPost2010PropOp39
 70
     1
102
RTVSPost2010Prop40
 90
        0
102
RTVSPost2010PropOp40
 70
     1
102
RTVSPost2010Prop41ColorIndex
 90
       18
102
RTVSPost2010Prop41ColorRGB
 90
        0
102
RTVSPost2010PropOp41
 70
     1
102
RTVSPost2010Prop42
 90
       50
102
RTVSPost2010PropOp42
 70
     1
102
RTVSPost2010Prop43
 90
        3
102
RTVSPost2010PropOp43
 70
     1
102
RTVSPost2010Prop44ColorIndex
 90
        5
102
RTVSPost2010Prop44ColorRGB
 90
      255
102
RTVSPost2010PropOp44
 70
     1
102
RTVSPost2010Prop45
280
     0
102
RTVSPost2010PropOp45
 70
     1
102
RTVSPost2010Prop46
 90
       50
102
RTVSPost2010PropOp46
 70
     1
102
RTVSPost2010Prop47
 90
       50
102
RTVSPost2010PropOp47
 70
     1
102
RTVSPost2010Prop48
 90
       50
102
RTVSPost2010PropOp48
 70
     1
102
RTVSPost2010Prop49
280
     0
102
RTVSPost2010PropOp49
 70
     1
102
RTVSPost2010Prop50
 90
       50
102
RTVSPost2010PropOp50
 70
     1
102
RTVSPost2010Prop51ColorIndex
 90
      256
102
RTVSPost2010Prop51ColorRGB
 90
-16777216
102
RTVSPost2010PropOp51
 70
     0
102
RTVSPost2010Prop52
140
1.0
102
RTVSPost2010PropOp52
 70
     0
102
RTVSPost2010Prop53
 90
        2
102
RTVSPost2010PropOp53
 70
     1
102
RTVSPost2010Prop54
  1
strokes_ogs.tif
102
RTVSPost2010PropOp54
 70
     1
102
RTVSPost2010Prop55
280
     0
102
RTVSPost2010PropOp55
 70
     1
102
RTVSPost2010Prop56
140
1.0
102
RTVSPost2010PropOp56
 70
     1
102
RTVSPost2010Prop57
140
1.0
102
RTVSPost2010PropOp57
 70
     1
  0
XRECORD
  5
861
102
{ACAD_REACTORS
330
860
102
}
330
860
100
AcDbXrecord
280
     1
102
RTVSPost2010Prop28
280
     0
102
RTVSPost2010PropOp28
 70
     1
102
RTVSPost2010Prop29
280
     1
102
RTVSPost2010PropOp29
 70
     1
102
RTVSPost2010Prop30
280
     1
102
RTVSPost2010PropOp30
 70
     1
102
RTVSPost2010Prop31
280
     0
102
RTVSPost2010PropOp31
 70
     1
102
RTVSPost2010Prop32
280
     0
102
RTVSPost2010PropOp32
 70
     1
102
RTVSPost2010Prop33
280
     0
102
RTVSPost2010PropOp33
 70
     1
102
RTVSPost2010Prop34
280
     0
102
RTVSPost2010PropOp34
 70
     1
102
RTVSPost2010Prop35
280
     0
102
RTVSPost2010PropOp35
 70
     1
102
RTVSPost2010Prop36
280
     0
102
RTVSPost2010PropOp36
 70
     1
102
RTVSPost2010Prop37
 90
       50
102
RTVSPost2010PropOp37
 70
     1
102
RTVSPost2010Prop38
140
0.0
102
RTVSPost2010PropOp38
 70
     1
102
RTVSPost2010Prop39
140
1.0
102
RTVSPost2010PropOp39
 70
     1
102
RTVSPost2010Prop40
 90
        0
102
RTVSPost2010PropOp40
 70
     1
102
RTVSPost2010Prop41ColorIndex
 90
       18
102
RTVSPost2010Prop41ColorRGB
 90
        0
102
RTVSPost2010PropOp41
 70
     1
102
RTVSPost2010Prop42
 90
       50
102
RTVSPost2010PropOp42
 70
     1
102
RTVSPost2010Prop43
 90
        3
102
RTVSPost2010PropOp43
 70
     1
102
RTVSPost2010Prop44ColorIndex
 90
        5
102
RTVSPost2010Prop44ColorRGB
 90
      255
102
RTVSPost2010PropOp44
 70
     1
102
RTVSPost2010Prop45
280
     0
102
RTVSPost2010PropOp45
 70
     1
102
RTVSPost2010Prop46
 90
       50
102
RTVSPost2010PropOp46
 70
     1
102
RTVSPost2010Prop47
 90
       50
102
RTVSPost2010PropOp47
 70
     1
102
RTVSPost2010Prop48
 90
       50
102
RTVSPost2010PropOp48
 70
     1
102
RTVSPost2010Prop49
280
     0
102
RTVSPost2010PropOp49
 70
     1
102
RTVSPost2010Prop50
 90
       50
102
RTVSPost2010PropOp50
 70
     1
102
RTVSPost2010Prop51ColorIndex
 90
      256
102
RTVSPost2010Prop51ColorRGB
 90
-16777216
102
RTVSPost2010PropOp51
 70
     0
102
RTVSPost2010Prop52
140
1.0
102
RTVSPost2010PropOp52
 70
     0
102
RTVSPost2010Prop53
 90
        2
102
RTVSPost2010PropOp53
 70
     1
102
RTVSPost2010Prop54
  1
strokes_ogs.tif
102
RTVSPost2010PropOp54
 70
     1
102
RTVSPost2010Prop55
280
     0
102
RTVSPost2010PropOp55
 70
     1
102
RTVSPost2010Prop56
140
1.0
102
RTVSPost2010PropOp56
 70
     1
102
RTVSPost2010Prop57
140
1.0
102
RTVSPost2010PropOp57
 70
     1
  0
XRECORD
  5
628
102
{ACAD_REACTORS
330
627
102
}
330
627
100
AcDbXrecord
280
     1
1071
135625452
1071
184556386
 70
    33
 70
     1
 10
2.93787646762803
 20
-202.4847319897119
 30
0.0
  1
1200
  0
XRECORD
  5
771
102
{ACAD_REACTORS
330
770
102
}
330
770
100
AcDbXrecord
280
     1
1071
135625452
1071
184556386
 70
    33
 70
     1
 10
2.93787646762803
 20
-202.4847319897119
 30
0.0
  1
1200
  0
XRECORD
  5
7EE
102
{ACAD_REACTORS
330
7ED
102
}
330
7ED
100
AcDbXrecord
280
     1
1071
135625452
1071
184556386
 70
    33
 70
     1
 10
2.93787646762803
 20
-202.4847319897119
 30
0.0
  1
1200
  0
ENDSEC
  0
SECTION
  2
Thumbnail_Data
 90
    16364
310
28000000B4000000550000000100080000000000C43B000000000000000000000001000000010000000000000000FF0000FFFF0000FF0000FFFF0000FF000000FF00FF00FFFFFF0080808000C0C0C0000000FF007F7FFF000000CC006666CC00000099004C4C990000007F003F3F7F0000004C0026264C00003FFF007F9FFF
310
000033CC00667FCC00002699004C5F9900001F7F003F4F7F0000134C00262F4C00007FFF007FBFFF000066CC006699CC00004C99004C729900003F7F003F5F7F0000264C0026394C0000BFFF007FDFFF000099CC0066B2CC00007299004C859900005F7F003F6F7F0000394C0026424C0000FFFF007FFFFF0000CCCC0066CC
310
CC00009999004C999900007F7F003F7F7F00004C4C00264C4C0000FFBF007FFFDF0000CC990066CCB200009972004C998500007F5F003F7F6F00004C3900264C420000FF7F007FFFBF0000CC660066CC990000994C004C997200007F3F003F7F5F00004C2600264C390000FF3F007FFF9F0000CC330066CC7F00009926004C
310
995F00007F1F003F7F4F00004C1300264C2F0000FF00007FFF7F0000CC000066CC6600009900004C994C00007F00003F7F3F00004C0000264C26003FFF00009FFF7F0033CC00007FCC6600269900005F994C001F7F00004F7F3F00134C00002F4C26007FFF0000BFFF7F0066CC000099CC66004C99000072994C003F7F0000
310
5F7F3F00264C0000394C2600BFFF0000DFFF7F0099CC0000B2CC66007299000085994C005F7F00006F7F3F00394C0000424C2600FFFF0000FFFF7F00CCCC0000CCCC66009999000099994C007F7F00007F7F3F004C4C00004C4C2600FFBF0000FFDF7F00CC990000CCB266009972000099854C007F5F00007F6F3F004C3900
310
004C422600FF7F0000FFBF7F00CC660000CC996600994C000099724C007F3F00007F5F3F004C2600004C392600FF3F0000FF9F7F00CC330000CC7F660099260000995F4C007F1F00007F4F3F004C1300004C2F2600FF000000FF7F7F00CC000000CC66660099000000994C4C007F0000007F3F3F004C0000004C262600FF00
310
3F00FF7F9F00CC003300CC667F0099002600994C5F007F001F007F3F4F004C0013004C262F00FF007F00FF7FBF00CC006600CC66990099004C00994C72007F003F007F3F5F004C0026004C263900FF00BF00FF7FDF00CC009900CC66B20099007200994C85007F005F007F3F6F004C0039004C264200FF00FF00FF7FFF00CC
310
00CC00CC66CC0099009900994C99007F007F007F3F7F004C004C004C264C00BF00FF00DF7FFF009900CC00B266CC0072009900854C99005F007F006F3F7F0039004C0042264C007F00FF00BF7FFF006600CC009966CC004C009900724C99003F007F005F3F7F0026004C0039264C003F00FF009F7FFF003300CC007F66CC00
310
260099005F4C99001F007F004F3F7F0013004C002F264C00333333005B5B5B0084848400ADADAD00D6D6D600FFFFFF00FAFAFAFAFAFAFAFAFAFAFAFAFAFAFAFAFAFAFAFAFAFAFAFAFAFAFAFAFAFAFAFAFAFAFAFAFAFAFAFAFAFAFAFAFAFAFAFAFAFAFAFAFAFAFAFAFAFAFAFAFAFAFAFAFAFAFAFAFAFAFAFAFAFAFAFAFAFAFA
310
FAFAFAFAFAFAFAFAFAFAFAFAFAFAFAFAFAFAFAFAFAFAFAFAFAFAFAFAFAFAFAFAFAFAFAFAFAFAFAFAFAFAFAFAFAFAFAFAFAFAFAFAFAFAFAFAFAFAFAFAFAFAFAFAFAFAFAFAFAFAFAFAFAFAFAFAFAFAFAFAFAFAFAFAFAFAFAFAFAFAFAFAFAFAFAFAFAFAFAFAFAFAFAFAFAFAFAFAFAFAFAFAFAFAFAFAFAFAFAFAFAFAFAFAFAFAFA
310
FAFAFAFAFAFAFAFAFAFAFAFAFAFAFAFAFAFAFAFAFAFAFAFAFAFAFAFAFAFAFAFAFAFAFAFAFAFAFAFAFAFAFAFAFAFAFAFAFAFAFAFAFAFAFAFAFAFAFAFAFAFAFAFAFAFAFAFAFAFAFAFAFAFAFAFAFAFAFAFAFAFAFAFAFAFAFAFAFAFAFAFAFAFAFAFAFAFAFAFAFAFAFAFAFAFAFAFAFAFAFAFAFAFAFAFAFAFAFAFAFAFAFAFAFAFAFA
310
FAFAFAFAFAFAFAFAFAFAFAFAFAFAFAFAFAFAFAFAFAFAFAFAFAFAFAFAFAFAFAFAFAFAFAFAFAFAFAFAFAFAFAFAFAFAFAFAFAFAFAFAFAFAFAFAFAFAFAFAFAFAFAFAFAFAFAFAFAFAFAFAFAFAFAFAFAFAFAFAFAFAFAFAFAFAFAFAFAFAFAFAFAFAFAFAFAFAFAFAFAFAFAFAFAFAFAFAFAFAFAFAFAFAFAFAFAFAFAFAFAFAFAFAFAFAFA
310
FAFAFAFAFAFAFAFAFAFAFAFAFAFAFAFAFAFAFAFAFAFAFAFAFAFAFAFAFAFAFAFAFAFAFAFAFAFAFAFAFAFAFAFAFAFAFAFAFAFAFAFAFAFAFAFAFAFAFAFAFAFAFAFAFAFAFAFAFAFAFAFAFAFAFAFAFAFAFAFAFAFAFAFAFAFAFAFAFAFAFAFAFAFAFAFAFAFAFAFAFAFAFAFAFAFAFAFAFAFAFAFAFAFAFAFAFAFAFAFAFAFAFAFAFAFAFA
310
FAFAFAFAFAFAFAFAFAFAFAFAFAFAFAFAFAFAFAFAFAFAFAFAFAFAFAFAFAFAFAFAFAFAFAFAFAFAFAFAFAFAFAFAFAFAFAFAFAFAFAFAFAFAFAFAFAFAFAFAFAFAFAFAFAFAFAFAFAFAFAFAFAFAFAFAFAFAFAFAFAFAFAFAFAFAFAFAFAFAFAFAFAFAFAFAFAFAFAFAFAFAFAFAFAFAFAFAFAFAFAFAFAFAFAFAFAFAFAFAFAFAFAFAFAFAFA
310
FAFAFAFAFAFAFAFAFAFAFAFAFAFAFAFAFAFAFAFAFAFAFAFAFAFAFAFAFAFAFAFAFAFAFAFAFAFAFAFAFAFAFAFAFAFAFAFAFAFAFAFAFAFAFAFAFAFAFAFAFAFAFAFAFAFAFAFAFAFAFAFAFAFAFAFAFAFAFAFAFAFAFAFAFAFAFAFAFAFAFAFAFAFAFAFAFAFAFAFAFAFAFAFAFAFAFAFAFAFAFAFAFAFAFAFAFAFAFAFAFAFAFAFAFAFAFA
310
FAFAFAFAFAFAFAFAFAFAFAFAFAFAFAFAFAFAFAFAFAFAFAFAFAFAFAFAFAFAFAFAFAFAFAFAFAFAFAFAFAFAFAFAFAFAFAFAFAFAFAFAFAFAFAFAFAFAFAFAFAFAFAFAFAFAFAFAFAFAFAFAFAFAFAFAFAFAFAFAFAFAFAFAFAFAFAFAFAFAFAFAFAFAFAFAFAFAFAFAFAFAFAFAFAFAFAFAFAFAFAFAFAFAFAFAFAFAFAFAFAFAFAFAFAFAFA
310
FAFAFAFAFAFAFAFAFAFAFAFAFAFAFAFAFAFAFAFAFAFAFAFAFAFAFAFAFAFAFAFAFAFAFAFAFAFAFAFAFAFAFAFAFAFAFAFAFAFAFAFAFAFAFAFAFAFAFAFAFAFAFAFAFAFAFAFAFAFAFAFAFAFAFAFAFAFAFAFAFAFAFAFAFAFAFAFAFAFAFAFAFAFAFAFAFAFAFAFAFAFAFAFAFAFAFAFAFAFAFAFAFAFAFAFAFAFAFAFAFAFAFAFAFAFAFA
310
FAFAFAFAFAFAFAFAFAFAFAFAFAFAFAFAFAFAFAFAFAFAFAFAFAFAFAFAFAFAFAFAFAFAFAFAFAFAFAFAFAFAFAFAFAFAFAFAFAFAFAFAFAFAFAFAFAFAFAFAFAFAFAFAFAFAFAFAFAFAFAFAFAFAFAFAFAFAFAFAFAFAFAFAFAFAFAFAFAFAFAFAFAFAFAFAFAFAFAFAFAFAFAFAFAFAFAFAFAFAFAFAFAFAFAFAFAFAFAFAFAFAFAFAFAFAFA
310
FAFAFAFAFAFAFAFAFAFAFAFAFAFAFAFAFAFAFAFAFAFAFAFAFAFAFAFAFAFAFAFAFAFAFAFAFAFAFAFAFAFAFAFAFAFAFAFAFAFAFAFAFAFAFAFAFAFAFAFAFAFAFAFAFAFAFAFAFAFAFAFAFAFAFAFAFAFAFAFAFAFAFAFAFAFAFAFAFAFAFAFAFAFAFAFAFAFAFAFAFAFAFAFAFAFAFAFAFAFAFAFAFAFAFAFAFAFAFAFAFAFAFAFAFAFAFA
310
FAFAFAFAFAFAFAFAFAFAFAFAFAFAFAFAFAFAFAFAFAFAFAFAFAFAFAFAFAFAFAFAFAFAFAFAFAFAFAFAFAFAFAFAFAFAFAFAFAFAFAFAFAFAFAFAFAFAFAFAFAFAFAFAFAFAFAFAFAFAFAFAFAFAFAFAFAFAFAFAFAFAFAFAFAFAFAFAFAFAFAFAFAFAFAFAFAFAFAFAFAFAFAFAFAFAFAFAFAFAFAFAFAFAFAFAFAFAFAFAFAFAFAFAFAFAFA
310
FAFAFAFAFAFAFAFAFAFAFAFAFAFAFAFAFAFAFAFAFAFAFAFAFAFAFAFAFAFAFAFAFAFAFAFAFAFAFAFAFAFAFAFAFAFAFAFAFAFAFAFAFAFAFAFAFAFAFAFAFAFAFAFAFAFAFAFAFAFAFAFAFAFAFAFAFAFAFAFAFAFAFAFAFAFAFAFAFAFAFAFAFAFAFAFAFAFAFAFAFAFAFAFAFAFAFAFAFAFAFAFAFAFAFAFAFAFAFAFAFAFAFAFAFAFAFA
310
FAFAFAFAFAFAFAFAFAFAFAFAFAFAFAFAFAFAFAFAFAFAFAFAFAFAFAFAFAFAFAFAFAFAFAFAFAFAFAFAFAFAFAFAFAFAFAFAFAFAFAFAFAFAFAFAFAFAFAFAFAFAFAFAFAFAFAFAFAFAFAFAFAFAFAFAFAFAFAFAFAFAFAFAFAFAFAFAFAFAFAFAFAFAFAFAFAFAFAFAFAFAFAFAFAFAFAFAFAFAFAFAFAFAFAFAFAFAFAFAFAFAFAFAFAFAFA
310
FAFAFAFAFAFAFAFAFAFAFAFAFAFAFAFAFAFAFAFAFAFAFAFAFAFAFAFAFAFAFAFAFAFAFAFAFAFAFAFAFAFAFAFAFAFAFAFAFAFAFAFAFAFAFAFAFAFAFAFAFAFAFAFAFAFAFAFAFAFAFAFAFAFAFAFAFAFAFAFAFAFAFAFAFAFAFAFAFAFAFAFAFAFAFAFAFAFAFAFAFAFAFAFAFAFAFAFAFAFAFAFAFAFAFAFAFAFAFAFAFAFAFAFAFAFAFA
310
FAFAFAFAFAFAFAFAFAFAFAFAFAFAFAFAFAFAFAFAFAFAFAFAFAFAFAFAFAFAFAFAFAFAFAFAFAFAFAFAFAFAFAFAFAFAFAFAFAFAFAFAFAFAFAFAFAFAFAFAFAFAFAFAFAFAFAFAFAFAFAFAFAFAFAFAFAFAFAFAFAFAFAFAFAFAFAFAFAFAFAFAFAFAFAFAFAFAFAFAFAFAFAFAFAFAFAFAFAFAFAFAFAFAFAFAFAFAFAFAFAFAFAFAFAFAFA
310
FAFAFAFAFAFAFAFAFAFAFAFAFAFAFAFAFAFAFAFAFAFAFAFAFAFAFAFAFAFAFAFAFAFAFAFAFAFAFAFAFAFAFAFAFAFAFAFAFAFAFAFAFAFAFAFAFAFAFAFAFAFAFAFAFAFAFAFAFAFAFAFAFAFAFAFAFAFAFAFAFAFAFAFAFAFAFAFAFAFAFAFAFAFAFAFAFAFAFAFAFAFAFAFAFAFAFAFAFAFAFAFAFAFAFAFAFAFAFAFAFAFAFAFAFAFAFA
310
FAFAFAFAFAFAFAFAFAFAFAFAFAFAFAFAFAFAFAFAFAFAFAFAFAFAFAFAFAFAFAFAFAFAFAFAFAFAFAFAFAFAFAFAFAFAFAFAFAFAFAFAFAFAFAFAFAFAFAFAFAFAFAFAFAFAFAFAFAFAFAFAFAFAFAFAFAFAFAFAFAFAFAFAFAFAFAFAFAFAFAFAFAFAFAFAFAFAFAFAFAFAFAFAFAFAFAFAFAFAFAFAFAFAFAFAFAFAFAFAFAFAFAFAFAFAFA
310
FAFAFAFAFAFAFAFAFAFAFAFAFAFAFAFAFAFAFAFAFAFAFAFAFAFAFAFAFAFAFAFAFAFAFAFAFAFAFAFAFAFAFAFAFAFAFAFAFAFAFAFAFAFAFAFAFAFAFAFAFAFAFAFAFAFAFAFAFAFAFAFAFAFAFAFAFAFAFAFAFAFAFAFAFAFAFAFAFAFAFAFAFAFAFAFAFAFAFAFAFAFAFAFAFAFAFAFAFAFAFAFAFAFAFAFAFAFAFAFAFAFAFAFAFAFAFA
310
FAFAFAFAFAFAFAFAFAFAFAFAFAFAFAFAFAFAFAFAFAFAFAFAFAFAFAFAFAFAFAFAFAFAFAFAFAFAFAFAFAFAFAFAFAFAFAFAFAFAFAFAFAFAFAFAFAFAFAFAFAFAFAFAFAFAFAFAFAFAFAFAFAFAFAFAFAFAFAFAFAFAFAFAFAFAFAFAFAFAFAFAFAFAFAFAFAFAFAFAFAFAFAFAFAFAFAFAFAFAFAFAFAFAFAFAFAFAFAFAFAFAFAFAFAFAFA
310
FAFAFAFAFAFAFAFAFAFAFAFAFAFAFAFAFAFAFAFAFAFAFAFAFAFAFAFAFAFAFAFAFAFAFAFAFAFAFAFAFAFAFAFAFAFAFAFAFAFAFAFAFAFAFAFAFAFAFAFAFAFAFAFAFAFAFAFAFAFAFAFAFAFAFAFAFAFAFAFAFAFAFAFAFAFAFAFAFAFAFAFAFAFAFAFAFAFAFAFAFAFAFAFAFAFAFAFAFAFAFAFAFAFAFAFAFAFAFAFAFAFAFAFAFAFAFA
310
FAFAFAFAFAFAFAFAFAFAFAFAFAFAFAFAFAFAFAFAFAFAFAFAFAFAFAFAFAFAFAFAFAFAFAFAFAFAFAFAFAFAFAFAFAFAFAFAFAFAFAFAFAFAFAFAFAFAFAFAFAFAFAFAFAFAFAFAFAFAFAFAFAFAFAFAFAFAFAFAFAFAFAFAFAFAFAFAFAFAFAFAFAFAFAFAFAFAFAFAFAFAFAFAFAFAFAFAFAFAFAFAFAFAFAFAFAFAFAFAFAFAFAFAFAFAFA
310
FAFAFAFAFAFAFAFAFAFAFAFAFAFAFAFAFAFAFAFAFAFAFAFAFAFAFAFAFAFAFAFAFAFAFAFAFAFAFAFAFAFAFAFAFAFAFAFAFAFAFAFAFAFAFAFAFAFAFAFAFAFAFAFAFAFAFAFAFAFAFAFAFAFAFAFAFAFAFAFAFAFAFAFAFAFAFAFAFAFAFAFAFAFAFAFAFAFAFAFAFAFAFAFAFAFAFAFAFAFAFAFAFAFAFAFAFAFAFAFAFAFAFAFAFAFAFA
310
FAFAFAFAFAFAFAFAFAFAFAFAFAFAFAFAFAFAFAFAFAFAFAFAFAFAFAFAFAFAFAFAFAFAFAFAFAFAFAFAFAFAFAFAFAFAFAFAFAFAFAFAFAFAFAFAFAFAFAFAFAFAFAFAFAFAFAFAFAFAFAFAFAFAFAFAFAFAFAFAFAFAFAFAFAFAFAFAFAFAFAFAFAFAFAFAFAFAFAFAFAFAFAFAFAFAFAFAFAFAFAFAFAFAFAFAFAFAFAFAFAFAFAFAFAFAFA
310
FAFAFAFAFAFAFAFAFAFAFAFAFAFAFAFAFAFAFAFAFAFAFAFAFAFAFAFAFAFAFAFAFAFAFAFAFAFAFAFAFAFAFAFAFAFAFAFAFAFAFAFAFAFAFAFAFAFAFAFAFAFAFAFAFAFAFAFAFAFAFAFAFAFAFAFAFAFAFAFAFAFAFAFAFAFAFAFAFAFAFAFAFAFAFAFAFAFAFAFAFAFAFAFAFAFAFAFAFAFAFAFAFAFAFAFAFAFAFAFAFAFAFAFAFAFAFA
310
FAFAFAFAFAFAFAFAFAFAFAFAFAFAFAFAFAFAFAFAFAFAFAFAFAFAFAFAFAFAFAFAFAFAFAFAFAFAFAFAFAFAFAFAFAFAFAFAFAFAFAFAFAFAFAFAFAFAFAFAFAFAFAFAFAFAFAFAFAFAFAFAFAFAFAFAFAFAFAFAFAFAFAFAFAFAFAFAFAFAFAFAFAFAFAFAFAFAFAFAFAFAFAFAFAFAFAFAFAFAFAFAFAFAFAFAFAFAFAFAFAFAFAFAFAFAFA
310
FAFAFAFAFAFAFAFAFAFAFAFAFAFAFAFAFAFAFAFAFAFAFAFAFAFAFAFAFAFAFAFAFAFAFAFAFAFAFAFAFAFAFAFAFAFAFAFAFAFAFAFAFAFAFAFAFAFAFAFAFAFAFAFAFAFAFAFAFAFAFAFAFAFAFAFAFAFAFAFAFAFAFAFAFAFAFAFAFAFAFAFAFAFAFAFAFAFAFAFAFAFAFAFAFAFAFAFAFAFAFAFAFAFAFAFAFAFAFAFAFAFAFAFAFAFAFA
310
FAFAFAFAFAFAFAFAFAFAFAFAFAFAFAFAFAFAFAFAFAFAFAFAFAFAFAFAFAFAFAFAFAFAFAFAFAFAFAFAFAFAFAFAFAFAFAFAFAFAFAFAFAFAFAFAFAFAFAFAFAFAFAFAFAFAFAFAFAFAFAFAFAFAFAFAFAFAFAFAFAFAFAFAFAFAFAFAFAFAFAFAFAFAFAFAFAFAFAFAFAFAFAFAFAFAFAFAFAFAFAFAFAFAFAFAFAFAFAFAFAFAFAFAFAFAFA
310
FAFAFAFAFAFAFAFAFAFAFAFAFAFAFAFAFAFAFAFAFAFAFAFAFAFAFAFAFAFAFAFAFAFAFAFAFAFAFAFAFAFAFAFAFAFAFAFAFAFAFAFAFAFAFAFAFAFAFAFAFAFAFAFAFAFAFAFAFAFAFAFAFAFAFAFAFAFAFAFAFAFAFAFAFAFAFAFAFAFAFAFAFAFAFAFAFAFAFAFAFAFAFAFAFAFAFAFAFAFAFAFAFAFAFAFAFAFAFAFAFAFAFAFAFAFAFA
310
FAFAFAFAFAFAFAFAFAFAFAFAFAFAFAFAFAFAFAFAFAFAFAFAFAFAFAFAFAFAFAFAFAFAFAFAFAFAFAFAFAFAFAFAFAFAFAFAFAFAFAFAFAFAFAFAFAFAFAFAFAFAFAFAFAFAFAFAFAFAFAFAFAFAFAFAFAFAFAFAFAFAFAFAFAFAFAFAFAFAFAFAFAFAFAFAFAFAFAFAFAFAFAFAFAFAFAFAFAFAFAFAFAFAFAFAFAFAFAFAFAFAFAFAFAFAFA
310
FAFAFAFAFAFAFAFAFAFAFAFAFAFAFAFAFAFAFAFAFAFAFAFAFAFAFAFAFAFAFAFAFAFAFAFAFAFAFAFAFAFAFAFAFAFAFAFAFAFAFAFAFAFAFAFAFAFAFAFAFAFAFAFAFAFAFAFAFAFAFAFAFAFAFAFAFAFAFAFAFAFAFAFAFAFAFAFAFAFAFAFAFAFAFAFAFAFAFAFAFAFAFAFAFAFAFAFAFAFAFAFAFAFAFAFAFAFAFAFAFAFAFAFAFAFAFA
310
FAFAFAFAFAFAFAFAFAFAFAFAFAFAFAFAFAFAFAFAFAFAFAFAFAFAFAFAFAFAFAFAFAFAFAFAFAFAFAFAFAFAFAFAFAFAFAFAFAFAFAFAFAFAFAFAFAFAFAFAFAFAFAFAFAFAFAFAFAFAFAFAFAFAFAFAFAFAFAFAFAFAFAFAFAFAFAFAFAFAFAFAFAFAFAFAFAFAFAFAFAFAFAFAFAFAFAFAFAFAFAFAFAFAFAFAFAFAFAFAFAFAFAFAFAFAFA
310
FAFAFAFAFAFAFAFAFAFAFAFAFAFAFAFAFAFAFAFAFAFAFAFAFAFAFAFAFAFAFAFAFAFAFAFAFAFAFAFAFAFAFAFAFAFAFAFAFAFAFAFAFAFAFAFAFAFAFAFAFAFAFAFAFAFAFAFAFAFAFAFAFAFAFAFAFAFAFAFAFAFAFAFAFAFAFAFAFAFAFAFAFAFAFAFAFAFAFAFAFAFAFAFAFAFAFAFAFAFAFAFAFAFAFAFAFAFAFAFAFAFAFAFAFAFAFA
310
FAFAFAFAFAFAFAFAFAFAFAFAFAFAFAFAFAFAFAFAFAFAFAFAFAFAFAFAFAFAFAFAFAFAFAFAFAFAFAFAFAFAFAFAFAFAFAFAFAFAFAFAFAFAFAFAFAFAFAFAFAFAFAFAFAFAFAFAFAFAFAFAFAFAFAFAFAFAFAFAFAFAFAFAFAFAFAFAFAFAFAFAFAFAFAFAFAFAFAFAFAFAFAFAFAFAFAFAFAFAFAFAFAFAFAFAFAFAFAFAFAFAFAFAFAFAFA
310
FAFAFAFAFAFAFAFAFAFAFAFAFAFAFAFAFAFAFAFAFAFAFAFAFAFAFAFAFAFAFAFAFAFAFAFAFAFAFAFAFAFAFAFAFAFAFAFAFAFAFAFAFAFAFAFAFAFAFAFAFAFAFAFAFAFAFAFAFAFAFAFAFAFAFAFAFAFAFAFAFAFAFAFAFAFAFAFAFAFAFAFAFAFAFAFAFAFAFAFAFAFAFAFAFAFAFAFAFAFAFAFAFAFAFAFAFAFAFAFAFAFAFAFAFAFAFA
310
FAFAFAFAFAFAFAFAFAFAFAFAFAFAFAFAFAFAFAFAFAFAFAFAFAFAFAFAFAFAFAFAFAFAFAFAFAFAFAFAFAFAFAFAFAFAFAFAFAFAFAFAFAFAFAFAFAFAFAFAFAFAFAFAFAFAFAFAFAFAFAFAFAFAFAFAFAFAFAFAFAFAFAFAFAFAFAFAFAFAFAFAFAFAFAFAFAFAFAFAFAFAFAFAFAFAFAFAFAFAFAFAFAFAFAFAFAFAFAFAFAFAFAFAFAFAFA
310
FAFAFAFAFAFAFAFAFAFAFAFAFAFAFAFAFAFAFAFAFAFAFAFAFAFAFAFAFAFAFAFAFAFAFAFAFAFAFAFAFAFAFAFAFAFAFAFAFAFAFAFAFAFAFAFAFAFAFAFAFAFAFAFAFAFAFAFAFAFAFAFAFAFAFAFAFAFAFAFAFAFAFAFAFAFAFAFAFAFAFAFAFAFAFAFAFAFAFAFAFAFAFAFAFAFAFAFAFAFAFAFAFAFAFAFAFAFAFAFAFAFAFAFAFAFAFA
310
FAFAFAFAFAFAFAFAFAFAFAFAFAFAFAFAFAFAFAFAFAFAFAFAFAFAFAFAFAFAFAFAFAFAFAFAFAFAFAFAFAFAFAFAFAFAFAFAFAFAFAFAFAFAFAFAFAFAFAFAFAFAFAFAFAFAFAFAFAFAFAFAFAFAFAFAFAFAFAFAFAFAFAFAFAFAFAFAFAFAFAFAFAFAFAFAFAFAFAFAFAFAFAFAFAFAFAFAFAFAFAFAFAFAFAFAFAFAFAFAFAFAFAFAFAFAFA
310
FAFAFAFAFAFAFAFAFAFAFAFAFAFAFAFAFAFAFAFAFAFAFAFAFAFAFAFAFAFAFAFAFAFAFAFAFAFAFAFAFAFAFAFAFAFAFAFAFAFAFAFAFAFAFAFAFAFAFAFAFAFAFAFAFAFAFAFAFAFAFAFAFAFAFAFAFAFAFAFAFAFAFAFAFAFAFAFAFAFAFAFAFAFAFAFAFAFAFAFAFAFAFAFAFAFAFAFAFAFAFAFAFAFAFAFAFAFAFAFAFAFAFAFAFAFAFA
310
FAFAFAFAFAFAFAFAFAFAFAFAFAFAFAFAFAFAFAFAFAFAFAFAFAFAFAFAFAFAFAFAFAFAFAFAFAFAFAFAFAFAFAFAFAFAFAFAFAFAFAFAFAFAFAFAFAFAFAFAFAFAFAFAFAFAFAFAFAFAFAFAFAFAFAFAFAFAFAFAFAFAFAFAFAFAFAFAFAFAFAFAFAFAFAFAFAFAFAFAFAFAFAFAFAFAFAFAFAFAFAFAFAFAFAFAFAFAFAFAFAFAFAFAFAFAFA
310
FAFAFAFAFAFAFAFAFAFAFAFAFAFAFAFAFAFAFAFAFAFAFAFAFAFAFAFAFAFAFAFAFAFAFAFAFAFAFAFAFAFAFAFAFAFAFAFAFAFAFAFAFAFAFAFAFAFAFAFAFAFAFAFAFAFAFAFAFAFAFAFAFAFAFAFAFAFAFAFAFAFAFAFAFAFAFAFAFAFAFAFAFAFAFAFAFAFAFAFAFAFAFAFAFAFAFAFAFAFAFAFAFAFAFAFAFAFAFAFAFAFAFAFAFAFAFA
310
FAFAFAFAFAFAFAFAFAFAFAFAFAFAFAFAFAFAFAFAFAFAFAFAFAFAFAFAFAFAFAFAFAFAFAFAFAFAFAFAFAFAFAFAFAFAFAFAFAFAFAFAFAFAFAFAFAFAFAFAFAFAFAFAFAFAFAFAFAFAFAFAFAFAFAFAFAFAFAFAFAFAFAFAFAFAFAFAFAFAFAFAFAFAFAFAFAFAFAFAFAFAFAFAFAFAFAFAFAFAFAFAFAFAFAFAFAFAFAFAFAFAFAFAFAFAFA
310
FAFAFAFAFAFAFAFAFAFAFAFAFAFAFAFAFAFAFAFAFAFAFAFAFAFAFAFAFAFAFAFAFAFAFAFAFAFAFAFAFAFAFAFAFAFAFAFAFAFAFAFAFAFAFAFAFAFAFAFAFAFAFAFAFAFAFAFAFAFAFAFAFAFAFAFAFAFAFAFAFAFAFAFAFAFAFAFAFAFAFAFAFAFAFAFAFAFAFAFAFAFAFAFAFAFAFAFAFAFAFAFAFAFAFAFAFAFAFAFAFAFAFAFAFAFAFA
310
FAFAFAFAFAFAFAFAFAFAFAFAFAFAFAFAFAFAFAFAFAFAFAFAFAFAFAFAFAFAFAFAFAFAFAFAFAFAFAFAFAFAFAFAFAFAFAFAFAFAFAFAFAFAFAFAFAFAFAFAFAFAFAFAFAFAFAFAFAFAFAFAFAFAFAFAFAFAFAFAFAFAFAFAFAFAFAFAFAFAFAFAFAFAFAFAFAFAFAFAFAFAFAFAFAFAFAFAFAFAFAFAFAFAFAFAFAFAFAFAFAFAFAFAFAFAFA
310
FAFAFAFAFAFAFAFAFAFAFAFAFAFAFAFAFAFAFAFAFAFAFAFAFAFAFAFAFAFAFAFAFAFAFAFAFAFAFAFAFAFAFAFAFAFAFAFAFAFAFAFAFAFAFAFAFAFAFAFAFAFAFAFAFAFAFAFAFAFAFAFAFAFAFAFAFAFAFAFAFAFAFAFAFAFAFAFAFAFAFAFAFAFAFAFAFAFAFAFAFAFAFAFAFAFAFAFAFAFAFAFAFAFAFAFAFAFAFAFAFAFAFAFAFAFAFA
310
FAFAFAFAFAFAFAFAFAFAFAFAFAFAFAFAFAFAFAFAFAFAFAFAFAFAFAFAFAFAFAFAFAFAFAFAFAFAFAFAFAFAFAFAFAFAFAFAFAFAFAFAFAFAFAFAFAFAFAFAFAFAFAFAFAFAFAFAFAFAFAFAFAFAFAFAFAFAFAFAFAFAFAFAFAFAFAFAFAFAFAFAFAFAFAFAFAFAFAFAFAFAFAFAFAFAFAFAFAFAFAFAFAFAFAFAFAFAFAFAFAFAFAFAFAFAFA
310
FAFAFAFAFAFAFAFAFAFAFAFAFAFAFAFAFAFAFAFAFAFAFAFAFAFAFAFAFAFAFAFAFAFAFAFAFAFAFAFAFAFAFAFAFAFAFAFAFAFAFAFAFAFAFAFAFAFAFAFAFAFAFAFAFAFAFAFAFAFAFAFAFAFAFAFAFAFAFAFAFAFAFAFAFAFAFAFAFAFAFAFAFAFAFAFAFAFAFAFAFAFAFAFAFAFAFAFAFAFAFAFAFAFAFAFAFAFAFAFAFAFAFAFAFAFAFA
310
FAFAFAFAFAFAFAFAFAFAFAFAFAFAFAFAFAFAFAFAFAFAFAFAFAFAFAFAFAFAFAFAFAFAFAFAFAFAFAFAFAFAFAFAFAFAFAFAFAFAFAFAFAFAFAFAFAFAFAFAFAFAFAFAFAFAFAFAFAFAFAFAFAFAFAFAFAFAFAFAFAFAFAFAFAFAFAFAFAFAFAFAFAFAFAFAFAFAFAFAFAFAFAFAFAFAFAFAFAFAFAFAFAFAFAFAFAFAFAFAFAFAFAFAFAFAFA
310
FAFAFAFAFAFAFAFAFAFAFAFAFAFAFAFAFAFAFAFAFAFAFAFAFAFAFAFAFAFAFAFAFAFAFAFAFAFAFAFAFAFAFAFAFAFAFAFAFAFAFAFAFAFAFAFAFAFAFAFAFAFAFAFAFAFAFAFAFAFAFAFAFAFAFAFAFAFAFAFAFAFAFAFAFAFAFAFAFAFAFAFAFAFAFAFAFAFAFAFAFAFAFAFAFAFAFAFAFAFAFAFAFAFAFAFAFAFAFAFAFAFAFAFAFAFAFA
310
FAFAFAFAFAFAFAFAFAFAFAFAFAFAFAFAFAFAFAFAFAFAFAFAFAFAFAFAFAFAFAFAFAFAFAFAFAFAFAFAFAFAFAFAFAFAFAFAFAFAFAFAFAFAFAFAFAFAFAFAFAFAFAFAFAFAFAFAFAFAFAFAFAFAFAFAFAFAFAFAFAFAFAFAFAFAFAFAFAFAFAFAFAFAFAFAFAFAFAFAFAFAFAFAFAFAFAFAFAFAFAFAFAFAFAFAFAFAFAFAFAFAFAFAFAFAFA
310
FAFAFAFAFAFAFAFAFAFAFAFAFAFAFAFAFAFAFAFAFAFAFAFAFAFAFAFAFAFAFAFAFAFAFAFAFAFAFAFAFAFAFAFAFAFAFAFAFAFAFAFAFAFAFAFAFAFAFAFAFAFAFAFAFAFAFAFAFAFAFAFAFAFAFAFAFAFAFAFAFAFAFAFAFAFAFAFAFAFAFAFAFAFAFAFAFAFAFAFAFAFAFAFAFAFAFAFAFAFAFAFAFAFAFAFAFAFAFAFAFAFAFAFAFAFAFA
310
FAFAFAFAFAFAFAFAFAFAFAFAFAFAFAFAFAFAFAFAFAFAFAFAFAFAFAFAFAFAFAFAFAFAFAFAFAFAFAFAFAFAFAFAFAFAFAFAFAFAFAFAFAFAFAFAFAFAFAFAFAFAFAFAFAFAFAFAFAFAFAFAFAFAFAFAFAFAFAFAFAFAFAFAFAFAFAFAFAFAFAFAFAFAFAFAFAFAFAFAFAFAFAFAFAFAFAFAFAFAFAFAFAFAFAFAFAFAFAFAFAFAFAFAFAFAFA
310
FAFAFAFAFAFAFAFAFAFAFAFAFAFAFAFAFAFAFAFAFAFAFAFAFAFAFAFAFAFAFAFAFAFAFAFAFAFAFAFAFAFAFAFAFAFAFAFAFAFAFAFAFAFAFAFAFAFAFAFAFAFAFAFAFAFAFAFAFAFAFAFAFAFAFAFAFAFAFAFAFAFAFAFAFAFAFAFAFAFAFAFAFAFAFAFAFAFAFAFAFAFAFAFAFAFAFAFAFAFAFAFAFAFAFAFAFAFAFAFAFAFAFAFAFAFAFA
310
FAFAFAFAFAFAFAFAFAFAFAFAFAFAFAFAFAFAFAFAFAFAFAFAFAFAFAFAFAFAFAFAFAFAFAFAFAFAFAFAFAFAFAFAFAFAFAFAFAFAFAFAFAFAFAFAFAFAFAFAFAFAFAFAFAFAFAFAFAFAFAFAFAFAFAFAFAFAFAFAFAFAFAFAFAFAFAFAFAFAFAFAFAFAFAFAFAFAFAFAFAFAFAFAFAFAFAFAFAFAFAFAFAFAFAFAFAFAFAFAFAFAFAFAFAFAFA
310
FAFAFAFAFAFAFAFAFAFAFAFAFAFAFAFAFAFAFAFAFAFAFAFAFAFAFAFAFAFAFAFAFAFAFAFAFAFAFAFAFAFAFAFAFAFAFAFAFAFAFAFAFAFAFAFAFAFAFAFAFAFAFAFAFAFAFAFAFAFAFAFAFAFAFAFAFAFAFAFAFAFAFAFAFAFAFAFAFAFAFAFAFAFAFAFAFAFAFAFAFAFAFAFAFAFAFAFAFAFAFAFAFAFAFAFAFAFAFAFAFAFAFAFAFAFAFA
310
FAFAFAFAFAFAFAFAFAFAFAFAFAFAFAFAFAFAFAFAFAFAFAFAFAFAFAFAFAFAFAFAFAFAFAFAFAFAFAFAFAFAFAFAFAFAFAFAFAFAFAFAFAFAFAFAFAFAFAFAFAFAFAFAFAFAFAFAFAFAFAFAFAFAFAFAFAFAFAFAFAFAFAFAFAFAFAFAFAFAFAFAFAFAFAFAFAFAFAFAFAFAFAFAFAFAFAFAFAFAFAFAFAFAFAFAFAFAFAFAFAFAFAFAFAFAFA
310
FAFAFAFAFAFAFAFAFAFAFAFAFAFAFAFAFAFAFAFAFAFAFAFAFAFAFAFAFAFAFAFAFAFAFAFAFAFAFAFAFAFAFAFAFAFAFAFAFAFAFAFAFAFAFAFAFAFAFAFAFAFAFAFAFAFAFAFAFAFAFAFAFAFAFAFAFAFAFAFAFAFAFAFAFAFAFAFAFAFAFAFAFAFAFAFAFAFAFAFAFAFAFAFAFAFAFAFAFAFAFAFAFAFAFAFAFAFAFAFAFAFAFAFAFAFAFA
310
FAFAFAFAFAFAFAFAFAFAFAFAFAFAFAFAFAFAFAFAFAFAFAFAFAFAFAFAFAFAFAFAFAFAFAFAFAFAFAFAFAFAFAFAFAFAFAFAFAFAFAFAFAFAFAFAFAFAFAFAFAFAFAFAFAFAFAFAFAFAFAFAFAFAFAFAFAFAFAFAFAFAFAFAFAFAFAFAFAFAFAFAFAFAFAFAFAFAFAFAFAFAFAFAFAFAFAFAFAFAFAFAFAFAFAFAFAFAFAFAFAFAFAFAFAFAFA
310
FAFAFAFAFAFAFAFAFAFAFAFAFAFAFAFAFAFAFAFAFAFAFAFAFAFAFAFAFAFAFAFAFAFAFAFAFAFAFAFAFAFAFAFAFAFAFAFAFAFAFAFAFAFAFAFAFAFAFAFAFAFAFAFAFAFAFAFAFAFAFAFAFAFAFAFAFAFAFAFAFAFAFAFAFAFAFAFAFAFAFAFAFAFAFAFAFAFAFAFAFAFAFAFAFAFAFAFAFAFAFAFAFAFAFAFAFAFAFAFAFAFAFAFAFAFAFA
310
FAFAFAFAFAFAFAFAFAFAFAFAFAFAFAFAFAFAFAFAFAFAFAFAFAFAFAFAFAFAFAFAFAFAFAFAFAFAFAFAFAFAFAFAFAFAFAFAFAFAFAFAFAFAFAFAFAFAFAFAFAFAFAFAFAFAFAFAFAFAFAFAFAFAFAFAFAFAFAFAFAFAFAFAFAFAFAFAFAFAFAFAFAFAFAFAFAFAFAFAFAFAFAFAFAFAFAFAFAFAFAFAFAFAFAFAFAFAFAFAFAFAFAFAFAFAFA
310
FAFAFAFAFAFAFAFAFAFAFAFAFAFAFAFAFAFAFAFAFAFAFAFAFAFAFAFAFAFAFAFAFAFAFAFAFAFAFAFAFAFAFAFAFAFAFAFAFAFAFAFAFAFAFAFAFAFAFAFAFAFAFAFAFAFAFAFAFAFAFAFAFAFAFAFAFAFAFAFAFAFAFAFAFAFAFAFAFAFAFAFAFAFAFAFAFAFAFAFAFAFAFAFAFAFAFAFAFAFAFAFAFAFAFAFAFAFAFAFAFAFAFAFAFAFAFA
310
FAFAFAFAFAFAFAFAFAFAFAFAFAFAFAFAFAFAFAFAFAFAFAFAFAFAFAFAFAFAFAFAFAFAFAFAFAFAFAFAFAFAFAFAFAFAFAFAFAFAFAFAFAFAFAFAFAFAFAFAFAFAFAFAFAFAFAFAFAFAFAFAFAFAFAFAFAFAFAFAFAFAFAFAFAFAFAFAFAFAFAFAFAFAFAFAFAFAFAFAFAFAFAFAFAFAFAFAFAFAFAFAFAFAFAFAFAFAFAFAFAFAFAFAFAFAFA
310
FAFAFAFAFAFAFAFAFAFAFAFAFAFAFAFAFAFAFAFAFAFAFAFAFAFAFAFAFAFAFAFAFAFAFAFAFAFAFAFAFAFAFAFAFAFAFAFAFAFAFAFAFAFAFAFAFAFAFAFAFAFAFAFAFAFAFAFAFAFAFAFAFAFAFAFAFAFAFAFAFAFAFAFAFAFAFAFAFAFAFAFAFAFAFAFAFAFAFAFAFAFAFAFAFAFAFAFAFAFAFAFAFAFAFAFAFAFAFAFAFAFAFAFAFAFAFA
310
FAFAFAFAFAFAFAFAFAFAFAFAFAFAFAFAFAFAFAFAFAFAFAFAFAFAFAFAFAFAFAFAFAFAFAFAFAFAFAFAFAFAFAFAFAFAFAFAFAFAFAFAFAFAFAFAFAFAFAFAFAFAFAFAFAFAFAFAFAFAFAFAFAFAFAFAFAFAFAFAFAFAFAFAFAFAFAFAFAFAFAFAFAFAFAFAFAFAFAFAFAFAFAFAFAFAFAFAFAFAFAFAFAFAFAFAFAFAFAFAFAFAFAFAFAFAFA
310
FAFAFAFAFAFAFAFAFAFAFAFAFAFAFAFAFAFAFAFAFAFAFAFAFAFAFAFAFAFAFAFAFAFAFAFAFAFAFAFAFAFAFAFAFAFAFAFAFAFAFAFAFAFAFAFAFAFAFAFAFAFAFAFAFAFAFAFAFAFAFAFAFAFAFAFAFAFAFAFAFAFAFAFAFAFAFAFAFAFAFAFAFAFAFAFAFAFAFAFAFAFAFAFAFAFAFAFAFAFAFAFAFAFAFAFAFAFAFAFAFAFAFAFAFAFAFA
310
FAFAFAFAFAFAFAFAFAFAFAFAFAFAFAFAFAFAFAFAFAFAFAFAFAFAFAFAFAFAFAFAFAFAFAFAFAFAFAFAFAFAFAFAFAFAFAFAFAFAFAFAFAFAFAFAFAFAFAFAFAFAFAFAFAFAFAFAFAFAFAFAFAFAFAFAFAFAFAFAFAFAFAFAFAFAFAFAFAFAFAFAFAFAFAFAFAFAFAFAFAFAFAFAFAFAFAFAFAFAFAFAFAFAFAFAFAFAFAFAFAFAFAFAFAFAFA
310
FAFAFAFAFAFAFAFAFAFAFAFAFAFAFAFAFAFAFAFAFAFAFAFAFAFAFAFAFAFAFAFAFAFAFAFAFAFAFAFAFAFAFAFAFAFAFAFAFAFAFAFAFAFAFAFAFAFAFAFAFAFAFAFAFAFAFAFAFAFAFAFAFAFAFAFAFAFAFAFAFAFAFAFAFAFAFAFAFAFAFAFAFAFAFAFAFAFAFAFAFAFAFAFAFAFAFAFAFAFAFAFAFAFAFAFAFAFAFAFAFAFAFAFAFAFAFA
310
FAFAFAFAFAFAFAFAFAFAFAFAFAFAFAFAFAFAFAFAFAFAFAFAFAFAFAFAFAFAFAFAFAFAFAFAFAFAFAFAFAFAFAFAFAFAFAFAFAFAFAFAFAFAFAFAFAFAFAFAFAFAFAFAFAFAFAFAFAFAFAFAFAFAFAFAFAFAFAFAFAFAFAFAFAFAFAFAFAFAFAFAFAFAFAFAFAFAFAFAFAFAFAFAFAFAFAFAFAFAFAFAFAFAFAFAFAFAFAFAFAFAFAFAFAFAFA
310
FAFAFAFAFAFAFAFAFAFAFAFAFAFAFAFAFAFAFAFAFAFAFAFAFAFAFAFAFAFAFAFAFAFAFAFAFAFAFAFAFAFAFAFAFAFAFAFAFAFAFAFAFAFAFAFAFAFAFAFAFAFAFAFAFAFAFAFAFAFAFAFAFAFAFAFAFAFAFAFAFAFAFAFAFAFAFAFAFAFAFAFAFAFAFAFAFAFAFAFAFAFAFAFAFAFAFAFAFAFAFAFAFAFAFAFAFAFAFAFAFAFAFAFAFAFAFA
310
FAFAFAFAFAFAFAFAFAFAFAFAFAFAFAFAFAFAFAFAFAFAFAFAFAFAFAFAFAFAFAFAFAFAFAFAFAFAFAFAFAFAFAFAFAFAFAFAFAFAFAFAFAFAFAFAFAFAFAFAFAFAFAFAFAFAFAFAFAFAFAFAFAFAFAFAFAFAFAFAFAFAFAFAFAFAFAFAFAFAFAFAFAFAFAFAFAFAFAFAFAFAFAFAFAFAFAFAFAFAFAFAFAFAFAFAFAFAFAFAFAFAFAFAFAFAFA
310
FAFAFAFAFAFAFAFAFAFAFAFAFAFAFAFAFAFAFAFAFAFAFAFAFAFAFAFAFAFAFAFAFAFAFAFAFAFAFAFAFAFAFAFAFAFAFAFAFAFAFAFAFAFAFAFAFAFAFAFAFAFAFAFAFAFAFAFAFAFAFAFAFAFAFAFAFAFAFAFAFAFAFAFAFAFAFAFAFAFAFAFAFAFAFAFAFAFAFAFAFAFAFAFAFAFAFAFAFAFAFAFAFAFAFAFAFAFAFAFAFAFAFAFAFAFAFA
310
FAFAFAFAFAFAFAFAFAFAFAFAFAFAFAFAFAFAFAFAFAFAFAFAFAFAFAFAFAFAFAFAFAFAFAFAFAFAFAFAFAFAFAFAFAFAFAFAFAFAFAFAFAFAFAFAFAFAFAFAFAFAFAFAFAFAFAFAFAFAFAFAFAFAFAFAFAFAFAFAFAFAFAFAFAFAFAFAFAFAFAFAFAFAFAFAFAFAFAFAFAFAFAFAFAFAFAFAFAFAFAFAFAFAFAFAFAFAFAFAFAFAFAFAFAFAFA
310
FAFAFAFAFAFAFAFAFAFAFAFAFAFAFAFAFAFAFAFAFAFAFAFAFAFAFAFAFAFAFAFAFAFAFAFAFAFAFAFAFAFAFAFAFAFAFAFAFAFAFAFAFAFAFAFAFAFAFAFAFAFAFAFAFAFAFAFAFAFAFAFAFAFAFAFAFAFAFAFAFAFAFAFAFAFAFAFAFAFAFAFAFAFAFAFAFAFAFAFAFAFAFAFAFAFAFAFAFAFAFAFAFAFAFAFAFAFAFAFAFAFAFAFAFAFAFA
310
FAFAFAFAFAFAFAFAFAFAFAFAFAFAFAFAFAFAFAFAFAFAFAFAFAFAFAFAFAFAFAFAFAFAFAFAFAFAFAFAFAFAFAFAFAFAFAFAFAFAFAFAFAFAFAFAFAFAFAFAFAFAFAFAFAFAFAFAFAFAFAFAFAFAFAFAFAFAFAFAFAFAFAFAFAFAFAFAFAFAFAFAFAFAFAFAFAFAFAFAFAFAFAFAFAFAFAFAFAFAFAFAFAFAFAFAFAFAFAFAFAFAFAFAFAFAFA
310
FAFAFAFAFAFAFAFAFAFAFAFAFAFAFAFAFAFAFAFAFAFAFAFAFAFAFAFAFAFAFAFAFAFAFAFAFAFAFAFAFAFAFAFAFAFAFAFAFAFAFAFAFAFAFAFAFAFAFAFAFAFAFAFAFAFAFAFAFAFAFAFAFAFAFAFAFAFAFAFAFAFAFAFAFAFAFAFAFAFAFAFAFAFAFAFAFAFAFAFAFAFAFAFAFAFAFAFAFAFAFAFAFAFAFAFAFAFAFAFAFAFAFAFAFAFAFA
310
FAFAFAFAFAFAFAFAFAFAFAFAFAFAFAFAFAFAFAFAFAFAFAFAFAFAFAFAFAFAFAFAFAFAFAFAFAFAFAFAFAFAFAFAFAFAFAFAFAFAFAFAFAFAFAFAFAFAFAFAFAFAFAFAFAFAFAFAFAFAFAFAFAFAFAFAFAFAFAFAFAFAFAFAFAFAFAFAFAFAFAFAFAFAFAFAFAFAFAFAFAFAFAFAFAFAFAFAFAFAFAFAFAFAFAFAFAFAFAFAFAFAFAFAFAFAFA
310
FAFAFAFAFAFAFAFAFAFAFAFAFAFAFAFAFAFAFAFAFAFAFAFAFAFAFAFAFAFAFAFAFAFAFAFAFAFAFAFAFAFAFAFAFAFAFAFAFAFAFAFAFAFAFAFAFAFAFAFAFAFAFAFAFAFAFAFAFAFAFAFAFAFAFAFAFAFAFAFAFAFAFAFAFAFAFAFAFAFAFAFAFAFAFAFAFAFAFAFAFAFAFAFAFAFAFAFAFAFAFAFAFAFAFAFAFAFAFAFAFAFAFAFAFAFAFA
310
FAFAFAFAFAFAFAFAFAFAFAFAFAFAFAFAFAFAFAFAFAFAFAFAFAFAFAFAFAFAFAFAFAFAFAFAFAFAFAFAFAFAFAFAFAFAFAFAFAFAFAFAFAFAFAFAFAFAFAFAFAFAFAFAFAFAFAFAFAFAFAFAFAFAFAFAFAFAFAFAFAFAFAFAFAFAFAFAFAFAFAFAFAFAFAFAFAFAFAFAFAFAFAFAFAFAFAFAFAFAFAFAFAFAFAFAFAFAFAFAFAFAFAFAFAFAFA
310
FAFAFAFAFAFAFAFAFAFAFAFAFAFAFAFAFAFAFAFAFAFAFAFAFAFAFAFAFAFAFAFAFAFAFAFAFAFAFAFAFAFAFAFAFAFAFAFAFAFAFAFAFAFAFAFAFAFAFAFAFAFAFAFAFAFAFAFAFAFAFAFAFAFAFAFAFAFAFAFAFAFAFAFAFAFAFAFAFAFAFAFAFAFAFAFAFAFAFAFAFAFAFAFAFAFAFAFAFAFAFAFAFAFAFAFAFAFAFAFAFAFAFAFAFAFAFA
310
FAFAFAFAFAFAFAFAFAFAFAFAFAFAFAFAFAFAFAFAFAFAFAFAFAFAFAFAFAFAFAFAFAFAFAFAFAFAFAFAFAFAFAFAFAFAFAFAFAFAFAFAFAFAFAFAFAFAFAFAFAFAFAFAFAFAFAFAFAFAFAFAFAFAFAFAFAFAFAFAFAFAFAFAFAFAFAFAFAFAFAFAFAFAFAFAFAFAFAFAFAFAFAFAFAFAFAFAFAFAFAFAFAFAFAFAFAFAFAFAFAFAFAFAFAFAFA
310
FAFAFAFAFAFAFAFAFAFAFAFAFAFAFAFAFAFAFAFAFAFAFAFAFAFAFAFAFAFAFAFAFAFAFAFAFAFAFAFAFAFAFAFAFAFAFAFAFAFAFAFAFAFAFAFAFAFAFAFAFAFAFAFAFAFAFAFAFAFAFAFAFAFAFAFAFAFAFAFAFAFAFAFAFAFAFAFAFAFAFAFAFAFAFAFAFAFAFAFAFAFAFAFAFAFAFAFAFAFAFAFAFAFAFAFAFAFAFAFAFAFAFAFAFAFAFA
310
FAFAFAFAFAFAFAFAFAFAFAFAFAFAFAFAFAFAFAFAFAFAFAFAFAFAFAFAFAFAFAFAFAFAFAFAFAFAFAFAFAFAFAFAFAFAFAFAFAFAFAFAFAFAFAFAFAFAFAFAFAFAFAFAFAFAFAFAFAFAFAFAFAFAFAFAFAFAFAFAFAFAFAFAFAFAFAFAFAFAFAFAFAFAFAFAFAFAFAFAFAFAFAFAFAFAFAFAFAFAFAFAFAFAFAFAFAFAFAFAFAFAFAFAFAFAFA
310
FAFAFAFAFAFAFAFAFAFAFAFAFAFAFAFAFAFAFAFAFAFAFAFAFAFAFAFAFAFAFAFAFAFAFAFAFAFAFAFAFAFAFAFAFAFAFAFAFAFAFAFAFAFAFAFAFAFAFAFAFAFAFAFAFAFAFAFAFAFAFAFAFAFAFAFAFAFAFAFAFAFAFAFAFAFAFAFAFAFAFAFAFAFAFAFAFAFAFAFAFAFAFAFAFAFAFAFAFAFAFAFAFAFAFAFAFAFAFAFAFAFAFAFAFAFAFA
310
FAFAFAFAFAFAFAFAFAFAFAFAFAFAFAFAFAFAFAFAFAFAFAFAFAFAFAFAFAFAFAFAFAFAFAFAFAFAFAFAFAFAFAFAFAFAFAFAFAFAFAFAFAFAFAFAFAFAFAFAFAFAFAFAFAFAFAFAFAFAFAFAFAFAFAFAFAFAFAFAFAFAFAFAFAFAFAFAFAFAFAFAFAFAFAFAFAFAFAFAFAFAFAFAFAFAFAFAFAFAFAFAFAFAFAFAFAFAFAFAFAFAFAFAFAFAFA
310
FAFAFAFAFAFAFAFAFAFAFAFAFAFAFAFAFAFAFAFAFAFAFAFAFAFAFAFAFAFAFAFAFAFAFAFAFAFAFAFAFAFAFAFAFAFAFAFAFAFAFAFAFAFAFAFAFAFAFAFAFAFAFAFAFAFAFAFAFAFAFAFAFAFAFAFAFAFAFAFAFAFAFAFAFAFAFAFAFAFAFAFAFAFAFAFAFAFAFAFAFAFAFAFAFAFAFAFAFAFAFAFAFAFAFAFAFAFAFAFAFAFAFAFAFAFAFA
310
FAFAFAFAFAFAFAFAFAFAFAFAFAFAFAFAFAFAFAFAFAFAFAFAFAFAFAFAFAFAFAFAFAFAFAFAFAFAFAFAFAFAFAFAFAFAFAFAFAFAFAFAFAFAFAFAFAFAFAFAFAFAFAFAFAFAFAFAFAFAFAFAFAFAFAFAFAFAFAFAFAFAFAFAFAFAFAFAFAFAFAFAFAFAFAFAFAFAFAFAFAFAFAFAFAFAFAFAFAFAFAFAFAFAFAFAFAFAFAFAFAFAFAFAFAFAFA
310
FAFAFAFAFAFAFAFAFAFAFAFAFAFAFAFAFAFAFAFAFAFAFAFAFAFAFAFAFAFAFAFAFAFAFAFAFAFAFAFAFAFAFAFAFAFAFAFAFAFAFAFAFAFAFAFAFAFAFAFAFAFAFAFAFAFAFAFAFAFAFAFAFAFAFAFAFAFAFAFAFAFAFAFAFAFAFAFAFAFAFAFAFAFAFAFAFAFAFAFAFAFAFAFAFAFAFAFAFAFAFAFAFAFAFAFAFAFAFAFAFAFAFAFAFAFAFA
310
FAFAFAFAFAFAFAFAFAFAFAFAFAFAFAFAFAFAFAFAFAFAFAFAFAFAFAFAFAFAFAFAFAFAFAFAFAFAFAFAFAFAFAFAFAFAFAFAFAFAFAFAFAFAFAFAFAFAFAFAFAFAFAFAFAFAFAFAFAFAFAFAFAFAFAFAFAFAFAFAFAFAFAFAFAFAFAFAFAFAFAFAFAFAFAFAFAFAFAFAFAFAFAFAFAFAFAFAFAFAFAFAFAFAFAFAFAFAFAFAFAFAFAFAFAFAFA
310
FAFAFAFAFAFAFAFAFAFAFAFAFAFAFAFAFAFAFAFAFAFAFAFAFAFAFAFAFAFAFAFAFAFAFAFAFAFAFAFAFAFAFAFAFAFAFAFAFAFAFAFAFAFAFAFAFAFAFAFAFAFAFAFAFAFAFAFAFAFAFAFAFAFAFAFAFAFAFAFAFAFAFAFAFAFAFAFAFAFAFAFAFAFAFAFAFAFAFAFAFAFAFAFAFAFAFAFAFAFAFAFAFAFAFAFAFAFAFAFAFAFAFAFAFAFAFA
310
FAFAFAFAFAFAFAFAFAFAFAFAFAFAFAFAFAFAFAFAFAFAFAFAFAFAFAFAFAFAFAFAFAFAFAFAFAFAFAFAFAFAFAFAFAFAFAFAFAFAFAFAFAFAFAFAFAFAFAFAFAFAFAFAFAFAFAFAFAFAFAFAFAFAFAFAFAFAFAFAFAFAFAFAFAFAFAFAFAFAFAFAFAFAFAFAFAFAFAFAFAFAFAFAFAFAFAFAFAFAFAFAFAFAFAFAFAFAFAFAFAFAFAFAFAFAFA
310
FAFAFAFAFAFAFAFAFAFAFAFAFAFAFAFAFAFAFAFAFAFAFAFAFAFAFAFAFAFAFAFAFAFAFAFAFAFAFAFAFAFAFAFAFAFAFAFAFAFAFAFAFAFAFAFAFAFAFAFAFAFAFAFAFAFAFAFAFAFAFAFAFAFAFAFAFAFAFAFAFAFAFAFAFAFAFAFAFAFAFAFAFAFAFAFAFAFAFAFAFAFAFAFAFAFAFAFAFAFAFAFAFAFAFAFAFAFAFAFAFAFAFAFAFAFAFA
310
FAFAFAFAFAFAFAFAFAFAFAFAFAFAFAFAFAFAFAFAFAFAFAFAFAFAFAFAFAFAFAFAFAFAFAFAFAFAFAFAFAFAFAFAFAFAFAFAFAFAFAFAFAFAFAFAFAFAFAFAFAFAFAFAFAFAFAFAFAFAFAFAFAFAFAFAFAFAFAFAFAFAFAFAFAFAFAFAFAFAFAFAFAFAFAFAFAFAFAFAFAFAFAFAFAFAFAFAFAFAFAFAFAFAFAFAFAFAFAFAFAFAFAFAFAFAFA
310
FAFAFAFAFAFAFAFAFAFAFAFAFAFAFAFAFAFAFAFAFAFAFAFAFAFAFAFAFAFAFAFAFAFAFAFAFAFAFAFAFAFAFAFAFAFAFAFAFAFAFAFAFAFAFAFAFAFAFAFAFAFAFAFAFAFAFAFAFAFAFAFAFAFAFAFAFAFAFAFAFAFAFAFAFAFAFAFAFAFAFAFAFAFAFAFAFAFAFAFAFAFAFAFAFAFAFAFAFAFAFAFAFAFAFAFAFAFAFAFAFAFAFAFAFAFAFA
310
FAFAFAFAFAFAFAFAFAFAFAFAFAFAFAFAFAFAFAFAFAFAFAFAFAFAFAFAFAFAFAFAFAFAFAFAFAFAFAFAFAFAFAFAFAFAFAFAFAFAFAFAFAFAFAFAFAFAFAFAFAFAFAFAFAFAFAFAFAFAFAFAFAFAFAFAFAFAFAFAFAFAFAFAFAFAFAFAFAFAFAFAFAFAFAFAFAFAFAFAFAFAFAFAFAFAFAFAFAFAFAFAFAFAFAFAFAFAFAFAFAFAFAFAFAFAFA
310
FAFAFAFAFAFAFAFAFAFAFAFAFAFAFAFAFAFAFAFAFAFAFAFAFAFAFAFAFAFAFAFAFAFAFAFAFAFAFAFAFAFAFAFAFAFAFAFAFAFAFAFAFAFAFAFAFAFAFAFAFAFAFAFAFAFAFAFAFAFAFAFAFAFAFAFAFAFAFAFAFAFAFAFAFAFAFAFAFAFAFAFAFAFAFAFAFAFAFAFAFAFAFAFAFAFAFAFAFAFAFAFAFAFAFAFAFAFAFAFAFAFAFAFAFAFAFA
310
FAFAFAFAFAFAFAFAFAFAFAFAFAFAFAFAFAFAFAFAFAFAFAFAFAFAFAFAFAFAFAFAFAFAFAFAFAFAFAFAFAFAFAFAFAFAFAFAFAFAFAFAFAFAFAFAFAFAFAFAFAFAFAFAFAFAFAFAFAFAFAFAFAFAFAFAFAFAFAFAFAFAFAFAFAFAFAFAFAFAFAFAFAFAFAFAFAFAFAFAFAFAFAFAFAFAFAFAFAFAFAFAFAFAFAFAFAFAFAFAFAFAFAFAFAFAFA
310
FAFAFAFAFAFAFAFAFAFAFAFAFAFAFAFAFAFAFAFAFAFAFAFAFAFAFAFAFAFAFAFAFAFAFAFAFAFAFAFAFAFAFAFAFAFAFAFAFAFAFAFAFAFAFAFAFAFAFAFAFAFAFAFAFAFAFAFAFAFAFAFAFAFAFAFAFAFAFAFAFAFAFAFAFAFAFAFAFAFAFAFAFAFAFAFAFAFAFAFAFAFAFAFAFAFAFAFAFAFAFAFAFAFAFAFAFAFAFAFAFAFAFAFAFAFAFA
310
FAFAFAFAFAFAFAFAFAFAFAFAFAFAFAFAFAFAFAFAFAFAFAFAFAFAFAFAFAFAFAFAFAFAFAFAFAFAFAFAFAFAFAFAFAFAFAFAFAFAFAFAFAFAFAFAFAFAFAFAFAFAFAFAFAFAFAFAFAFAFAFAFAFAFAFAFAFAFAFAFAFAFAFAFAFAFAFAFAFAFAFAFAFAFAFAFAFAFAFAFAFAFAFAFAFAFAFAFAFAFAFAFAFAFAFAFAFAFAFAFAFAFAFAFAFAFA
310
FAFAFAFAFAFAFAFAFAFAFAFAFAFAFAFAFAFAFAFAFAFAFAFAFAFAFAFAFAFAFAFAFAFAFAFAFAFAFAFAFAFAFAFAFAFAFAFAFAFAFAFAFAFAFAFAFAFAFAFAFAFAFAFAFAFAFAFAFAFAFAFAFAFAFAFAFAFAFAFAFAFAFAFAFAFAFAFAFAFAFAFAFAFAFAFAFAFAFAFAFAFAFAFAFAFAFAFAFAFAFAFAFAFAFAFAFAFAFAFAFAFAFAFAFAFAFA
310
FAFAFAFAFAFAFAFAFAFAFAFAFAFAFAFAFAFAFAFAFAFAFAFAFAFAFAFAFAFAFAFAFAFAFAFAFAFAFAFAFAFAFAFAFAFAFAFAFAFAFAFAFAFAFAFAFAFAFAFAFAFAFAFAFAFAFAFAFAFAFAFAFAFAFAFAFAFAFAFAFAFAFAFAFAFAFAFAFAFAFAFAFAFAFAFAFAFAFAFAFAFAFAFAFAFAFAFAFAFAFAFAFAFAFAFAFAFAFAFAFAFAFAFAFAFAFA
310
FAFAFAFAFAFAFAFAFAFAFAFAFAFAFAFAFAFAFAFAFAFAFAFAFAFAFAFAFAFAFAFAFAFAFAFAFAFAFAFAFAFAFAFAFAFAFAFAFAFAFAFAFAFAFAFAFAFAFAFAFAFAFAFAFAFAFAFAFAFAFAFAFAFAFAFAFAFAFAFAFAFAFAFAFAFAFAFAFAFAFAFAFAFAFAFAFAFAFAFAFAFAFAFAFAFAFAFAFAFAFAFAFAFAFAFAFAFAFAFAFAFAFAFAFAFAFA
310
FAFAFAFAFAFAFAFAFAFAFAFAFAFAFAFAFAFAFAFAFAFAFAFAFAFAFAFAFAFAFAFAFAFAFAFAFAFAFAFAFAFAFAFAFAFAFAFAFAFAFAFAFAFAFAFAFAFAFAFAFAFAFAFAFAFAFAFAFAFAFAFAFAFAFAFAFAFAFAFAFAFAFAFAFAFAFAFAFAFAFAFAFAFAFAFAFAFAFAFAFAFAFAFAFAFAFAFAFAFAFAFAFAFAFAFAFAFAFAFAFAFAFAFAFAFAFA
310
FAFAFAFAFAFAFAFAFAFAFAFAFAFAFAFAFAFAFAFAFAFAFAFAFAFAFAFAFAFAFAFAFAFAFAFAFAFAFAFAFAFAFAFAFAFAFAFAFAFAFAFAFAFAFAFAFAFAFAFAFAFAFAFAFAFAFAFAFAFAFAFAFAFAFAFAFAFAFAFAFAFAFAFAFAFAFAFAFAFAFAFAFAFAFAFAFAFAFAFAFAFAFAFAFAFAFAFAFAFAFAFAFAFAFAFAFAFAFAFAFAFAFAFAFAFAFA
310
FAFAFAFAFAFAFAFAFAFAFAFAFAFAFAFAFAFAFAFAFAFAFAFAFAFAFAFAFAFAFAFAFAFAFAFAFAFAFAFAFAFAFAFAFAFAFAFAFAFAFAFAFAFAFAFAFAFAFAFAFAFAFAFAFAFAFAFAFAFAFAFAFAFAFAFAFAFAFAFAFAFAFAFAFAFAFAFAFAFAFAFAFAFAFAFAFAFAFAFAFAFAFAFAFAFAFAFAFAFAFAFAFAFAFAFAFAFAFAFAFAFAFAFAFAFAFA
310
FAFAFAFAFAFAFAFAFAFAFAFAFAFAFAFAFAFAFAFAFAFAFAFAFAFAFAFAFAFAFAFAFAFAFAFAFAFAFAFAFAFAFAFAFAFAFAFAFAFAFAFAFAFAFAFAFAFAFAFAFAFAFAFAFAFAFAFAFAFAFAFAFAFAFAFAFAFAFAFAFAFAFAFAFAFAFAFAFAFAFAFAFAFAFAFAFAFAFAFAFAFAFAFAFAFAFAFAFAFAFAFAFAFAFAFAFAFAFAFAFAFAFAFAFAFAFA
310
FAFAFAFAFAFAFAFAFAFAFAFAFAFAFAFAFAFAFAFAFAFAFAFAFAFAFAFAFAFAFAFAFAFAFAFAFAFAFAFAFAFAFAFAFAFAFAFAFAFAFAFAFAFAFAFAFAFAFAFAFAFAFAFAFAFAFAFAFAFAFAFAFAFAFAFAFAFAFAFAFAFAFAFAFAFAFAFAFAFAFAFAFAFAFAFAFAFAFAFAFAFAFAFAFAFAFAFAFAFAFAFAFAFAFAFAFAFAFAFAFAFAFAFAFAFAFA
310
FAFAFAFAFAFAFAFAFAFAFAFAFAFAFAFAFAFAFAFAFAFAFAFAFAFAFAFAFAFAFAFAFAFAFAFAFAFAFAFAFAFAFAFAFAFAFAFAFAFAFAFAFAFAFAFAFAFAFAFAFAFAFAFAFAFAFAFAFAFAFAFAFAFAFAFAFAFAFAFAFAFAFAFAFAFAFAFAFAFAFAFAFAFAFAFAFAFAFAFAFAFAFAFAFAFAFAFAFAFAFAFAFAFAFAFAFAFAFAFAFAFAFAFAFAFAFA
310
FAFAFAFAFAFAFAFAFAFAFAFAFAFAFAFAFAFAFAFAFAFAFAFAFAFAFAFAFAFAFAFAFAFAFAFAFAFAFAFAFAFAFAFAFAFAFAFAFAFAFAFAFAFAFAFAFAFAFAFAFAFAFAFAFAFAFAFAFAFAFAFAFAFAFAFAFAFAFAFAFAFAFAFAFAFAFAFAFAFAFAFAFAFAFAFAFAFAFAFAFAFAFAFAFAFAFAFAFAFAFAFAFAFAFAFAFAFAFAFAFAFAFAFAFAFAFA
310
FAFAFAFAFAFAFAFAFAFAFAFAFAFAFAFAFAFAFAFAFAFAFAFAFAFAFAFAFAFAFAFAFAFAFAFAFAFAFAFAFAFAFAFAFAFAFAFAFAFAFAFAFAFAFAFAFAFAFAFAFAFAFAFAFAFAFAFAFAFAFAFAFAFAFAFAFAFAFAFAFAFAFAFAFAFAFAFAFAFAFAFAFAFAFAFAFAFAFAFAFAFAFAFAFAFAFAFAFAFAFAFAFAFAFAFAFAFAFAFAFAFAFAFAFAFAFA
310
FAFAFAFAFAFAFAFAFAFAFAFAFAFAFAFAFAFAFAFAFAFAFAFAFAFAFAFAFAFAFAFAFAFAFAFAFAFAFAFAFAFAFAFAFAFAFAFAFAFAFAFAFAFAFAFAFAFAFAFAFAFAFAFAFAFAFAFAFAFAFAFAFAFAFAFAFAFAFAFAFAFAFAFAFAFAFAFAFAFAFAFAFAFAFAFAFAFAFAFAFAFAFAFAFAFAFAFAFAFAFAFAFAFAFAFAFAFAFAFAFAFAFAFAFAFAFA
310
FAFAFAFAFAFAFAFAFAFAFAFAFAFAFAFAFAFAFAFAFAFAFAFAFAFAFAFAFAFAFAFAFAFAFAFAFAFAFAFAFAFAFAFAFAFAFAFAFAFAFAFAFAFAFAFAFAFAFAFAFAFAFAFAFAFAFAFAFAFAFAFAFAFAFAFAFAFAFAFAFAFAFAFAFAFAFAFAFAFAFAFAFAFAFAFAFAFAFAFAFAFAFAFAFAFAFAFAFAFAFAFAFAFAFAFAFAFAFAFAFAFAFAFAFAFAFA
310
FAFAFAFAFAFAFAFAFAFAFAFAFAFAFAFAFAFAFAFAFAFAFAFAFAFAFAFAFAFAFAFAFAFAFAFAFAFAFAFAFAFAFAFAFAFAFAFAFAFAFAFAFAFAFAFAFAFAFAFAFAFAFAFAFAFAFAFAFAFAFAFAFAFAFAFAFAFAFAFAFAFAFAFAFAFAFAFAFAFAFAFAFAFAFAFAFAFAFAFAFAFAFAFAFAFAFAFAFAFAFAFAFAFAFAFAFAFAFAFAFAFAFAFAFAFAFA
310
FAFAFAFAFAFAFAFAFAFAFAFAFAFAFAFAFAFAFAFAFAFAFAFAFAFAFAFAFAFAFAFAFAFAFAFAFAFAFAFAFAFAFAFAFAFAFAFAFAFAFAFAFAFAFAFAFAFAFAFAFAFAFAFAFAFAFAFAFAFAFAFAFAFAFAFAFAFAFAFAFAFAFAFAFAFAFAFAFAFAFAFAFAFAFAFAFAFAFAFAFAFAFAFAFAFAFAFAFAFAFAFAFAFAFAFAFAFAFAFAFAFAFAFAFAFAFA
310
FAFAFAFAFAFAFAFAFAFAFAFAFAFAFAFAFAFAFAFAFAFAFAFAFAFAFAFAFAFAFAFAFAFAFAFAFAFAFAFAFAFAFAFAFAFAFAFAFAFAFAFAFAFAFAFAFAFAFAFAFAFAFAFAFAFAFAFAFAFAFAFAFAFAFAFAFAFAFAFAFAFAFAFAFAFAFAFAFAFAFAFAFAFAFAFAFAFAFAFAFAFAFAFAFAFAFAFAFAFAFAFAFAFAFAFAFAFAFAFAFAFAFAFAFAFAFA
310
FAFAFAFAFAFAFAFAFAFAFAFAFAFAFAFAFAFAFAFAFAFAFAFAFAFAFAFAFAFAFAFAFAFAFAFAFAFAFAFAFAFAFAFAFAFAFAFAFAFAFAFAFAFAFAFAFAFAFAFAFAFAFAFAFAFAFAFAFAFAFAFAFAFAFAFAFAFAFAFAFAFAFAFAFAFAFAFAFAFAFAFAFAFAFAFAFAFAFAFAFAFAFAFAFAFAFAFAFAFAFAFAFAFAFAFAFAFAFAFAFAFAFAFAFAFAFA
310
FAFAFAFAFAFAFAFAFAFAFAFAFAFAFAFAFAFAFAFAFAFAFAFAFAFAFAFAFAFAFAFAFAFAFAFAFAFAFAFAFAFAFAFAFAFAFAFAFAFAFAFAFAFAFAFAFAFAFAFAFAFAFAFAFAFAFAFAFAFAFAFAFAFAFAFAFAFAFAFAFAFAFAFAFAFAFAFAFAFAFAFAFAFAFAFAFAFAFAFAFAFAFAFAFAFAFAFAFAFAFAFAFAFAFAFAFAFAFAFAFAFAFAFAFAFAFA
310
FAFAFAFAFAFAFAFAFAFAFAFAFAFAFAFAFAFAFAFAFAFAFAFAFAFAFAFAFAFAFAFAFAFAFAFAFAFAFAFAFAFAFAFAFAFAFAFAFAFAFAFAFAFAFAFAFAFAFAFAFAFAFAFAFAFAFAFAFAFAFAFAFAFAFAFAFAFAFAFAFAFAFAFAFAFAFAFAFAFAFAFAFAFAFAFAFAFAFAFAFAFAFAFAFAFAFAFAFAFAFAFAFAFAFAFAFAFAFAFAFAFAFAFAFAFAFA
310
FAFAFAFAFAFAFAFAFAFAFAFAFAFAFAFAFAFAFAFAFAFAFAFAFAFAFAFAFAFAFAFAFAFAFAFAFAFAFAFAFAFAFAFAFAFAFAFAFAFAFAFAFAFAFAFAFAFAFAFAFAFAFAFAFAFAFAFAFAFAFAFAFAFAFAFAFAFAFAFAFAFAFAFAFAFAFAFAFAFAFAFAFAFAFAFAFAFAFAFAFAFAFAFAFAFAFAFAFAFAFAFAFAFAFAFAFAFAFAFAFAFAFAFAFAFAFA
310
FAFAFAFAFAFAFAFAFAFAFAFAFAFAFAFAFAFAFAFAFAFAFAFAFAFAFAFAFAFAFAFAFAFAFAFAFAFAFAFAFAFAFAFAFAFAFAFAFAFAFAFAFAFAFAFAFAFAFAFAFAFAFAFAFAFAFAFAFAFAFAFAFAFAFAFAFAFAFAFAFAFAFAFAFAFAFAFAFAFAFAFAFAFAFAFAFAFAFAFAFAFAFAFAFAFAFAFAFAFAFAFAFAFAFAFAFAFAFAFAFAFAFAFAFAFAFA
310
FAFAFAFAFAFAFAFAFAFAFAFAFAFAFAFAFAFAFAFAFAFAFAFAFAFAFAFAFAFAFAFAFAFAFAFAFAFAFAFAFAFAFAFAFAFAFAFAFAFAFAFAFAFAFAFAFAFAFAFAFAFAFAFAFAFAFAFAFAFAFAFAFAFAFAFAFAFAFAFAFAFAFAFAFAFAFAFAFAFAFAFAFAFAFAFAFAFAFAFAFAFAFAFAFAFAFAFAFAFAFAFAFAFAFAFAFAFAFAFAFAFAFAFAFAFAFA
310
FAFAFAFAFAFAFAFAFAFAFAFAFAFAFAFAFAFAFAFAFAFAFAFAFAFAFAFAFAFAFAFAFAFAFAFAFAFAFAFAFAFAFAFAFAFAFAFAFAFAFAFAFAFAFAFAFAFAFAFAFAFAFAFAFAFAFAFAFAFAFAFAFAFAFAFAFAFAFAFAFAFAFAFAFAFAFAFAFAFAFAFAFAFAFAFAFAFAFAFAFAFAFAFAFAFAFAFA
  0
ENDSEC
  0
EOF
