  0
SECTION
  2
HEADER
  9
$ACADVER
  1
AC1024
  9
$ACADMAINTVER
 70
     6
  9
$DWGCODEPAGE
  3
ANSI_1252
  9
$LASTSAVEDBY
  1
Gean.batista
  9
$INSBASE
 10
0.0
 20
0.0
 30
0.0
  9
$EXTMIN
 10
-142.65
 20
-78.48473447121785
 30
0.0
  9
$EXTMAX
 10
2013.349999999973
 20
1106.15
 30
0.0
  9
$LIMMIN
 10
0.0
 20
0.0
  9
$LIMMAX
 10
420.0
 20
297.0
  9
$ORTHOMODE
 70
     1
  9
$REGENMODE
 70
     1
  9
$FILLMODE
 70
     1
  9
$QTEXTMODE
 70
     0
  9
$MIRRTEXT
 70
     1
  9
$LTSCALE
 40
1.0
  9
$ATTMODE
 70
     1
  9
$TEXTSIZE
 40
3.5
  9
$TRACEWID
 40
1.0
  9
$TEXTSTYLE
  7
Standard
  9
$CLAYER
  8
0
  9
$CELTYPE
  6
ByLayer
  9
$CECOLOR
 62
     2
  9
$CELTSCALE
 40
1.0
  9
$DISPSILH
 70
     0
  9
$DIMSCALE
 40
1.0
  9
$DIMASZ
 40
3.302
  9
$DIMEXO
 40
0.0
  9
$DIMDLI
 40
3.75
  9
$DIMRND
 40
0.0
  9
$DIMDLE
 40
0.0
  9
$DIMEXE
 40
1.0
  9
$DIMTP
 40
0.0
  9
$DIMTM
 40
0.0
  9
$DIMTXT
 40
3.5
  9
$DIMCEN
 40
2.5
  9
$DIMTSZ
 40
0.0
  9
$DIMTOL
 70
     0
  9
$DIMLIM
 70
     0
  9
$DIMTIH
 70
     1
  9
$DIMTOH
 70
     1
  9
$DIMSE1
 70
     0
  9
$DIMSE2
 70
     0
  9
$DIMTAD
 70
     1
  9
$DIMZIN
 70
     1
  9
$DIMTOFFSET
 70
     1
  9
$DIMBLK
  1

  9
$DIMASO
 70
     1
  9
$DIMSHO
 70
     1
  9
$DIMPOST
  1

  9
$DIMAPOST
  1

  9
$DIMALT
 70
     0
  9
$DIMALTD
 70
     3
  9
$DIMALTF
 40
0.0393700787
  9
$DIMLFAC
 40
1.0
  9
$DIMTOFL
 70
     1
  9
$DIMTVP
 40
0.0
  9
$DIMTIX
 70
     0
  9
$DIMSOXD
 70
     0
  9
$DIMSAH
 70
     0
  9
$DIMBLK1
  1

  9
$DIMBLK2
  1

  9
$DIMSTYLE
  2
ISO-25
  9
$DIMCLRD
 70
     0
  9
$DIMCLRE
 70
     0
  9
$DIMCLRT
 70
     0
  9
$DIMTFAC
 40
1.0
  9
$DIMGAP
 40
1.524
  9
$DIMJUST
 70
     0
  9
$DIMSD1
 70
     0
  9
$DIMSD2
 70
     0
  9
$DIMTOLJ
 70
     0
  9
$DIMTZIN
 70
     1
  9
$DIMALTZ
 70
     0
  9
$DIMALTTZ
 70
     0
  9
$DIMUPT
 70
     0
  9
$DIMDEC
 70
     2
  9
$DIMTDEC
 70
     2
  9
$DIMALTU
 70
     2
  9
$DIMALTTD
 70
     3
  9
$DIMTXSTY
  7
Standard
  9
$DIMAUNIT
 70
     0
  9
$DIMADEC
 70
     2
  9
$DIMALTRND
 40
0.0
  9
$DIMAZIN
 70
     0
  9
$DIMDSEP
 70
    44
  9
$DIMATFIT
 70
     3
  9
$DIMFRAC
 70
     0
  9
$DIMLDRBLK
  1

  9
$DIMLUNIT
 70
     2
  9
$DIMLWD
 70
    -2
  9
$DIMLWE
 70
    -2
  9
$DIMTMOVE
 70
     0
  9
$DIMFXL
 40
1.0
  9
$DIMFXLON
 70
     0
  9
$DIMJOGANG
 40
0.7853981633974483
  9
$DIMTFILL
 70
     0
  9
$DIMTFILLCLR
 70
     0
  9
$DIMARCSYM
 70
     0
  9
$DIMLTYPE
  6

  9
$DIMLTEX1
  6

  9
$DIMLTEX2
  6

  9
$DIMTXTDIRECTION
 70
     0
  9
$LUNITS
 70
     2
  9
$LUPREC
 70
     2
  9
$SKETCHINC
 40
1.0
  9
$FILLETRAD
 40
0.0
  9
$AUNITS
 70
     0
  9
$AUPREC
 70
     2
  9
$MENU
  1
.
  9
$ELEVATION
 40
0.0
  9
$PELEVATION
 40
0.0
  9
$THICKNESS
 40
0.0
  9
$LIMCHECK
 70
     0
  9
$CHAMFERA
 40
0.0
  9
$CHAMFERB
 40
0.0
  9
$CHAMFERC
 40
0.0
  9
$CHAMFERD
 40
0.0
  9
$SKPOLY
 70
     0
  9
$TDCREATE
 40
2461316.570801748
  9
$TDUCREATE
 40
2461316.695801748
  9
$TDUPDATE
 40
2461316.592765174
  9
$TDUUPDATE
 40
2461316.717765174
  9
$TDINDWG
 40
0.0047115046
  9
$TDUSRTIMER
 40
0.0047114815
  9
$USRTIMER
 70
     1
  9
$ANGBASE
 50
0.0
  9
$ANGDIR
 70
     0
  9
$PDMODE
 70
     0
  9
$PDSIZE
 40
-1.0
  9
$PLINEWID
 40
0.0
  9
$SPLFRAME
 70
     0
  9
$SPLINETYPE
 70
     6
  9
$SPLINESEGS
 70
     8
  9
$HANDSEED
  5
C09
  9
$SURFTAB1
 70
     6
  9
$SURFTAB2
 70
     6
  9
$SURFTYPE
 70
     6
  9
$SURFU
 70
     6
  9
$SURFV
 70
     6
  9
$UCSBASE
  2

  9
$UCSNAME
  2

  9
$UCSORG
 10
0.0
 20
0.0
 30
0.0
  9
$UCSXDIR
 10
1.0
 20
0.0
 30
0.0
  9
$UCSYDIR
 10
0.0
 20
1.0
 30
0.0
  9
$UCSORTHOREF
  2

  9
$UCSORTHOVIEW
 70
     0
  9
$UCSORGTOP
 10
0.0
 20
0.0
 30
0.0
  9
$UCSORGBOTTOM
 10
0.0
 20
0.0
 30
0.0
  9
$UCSORGLEFT
 10
0.0
 20
0.0
 30
0.0
  9
$UCSORGRIGHT
 10
0.0
 20
0.0
 30
0.0
  9
$UCSORGFRONT
 10
0.0
 20
0.0
 30
0.0
  9
$UCSORGBACK
 10
0.0
 20
0.0
 30
0.0
  9
$PUCSBASE
  2

  9
$PUCSNAME
  2

  9
$PUCSORG
 10
0.0
 20
0.0
 30
0.0
  9
$PUCSXDIR
 10
1.0
 20
0.0
 30
0.0
  9
$PUCSYDIR
 10
0.0
 20
1.0
 30
0.0
  9
$PUCSORTHOREF
  2

  9
$PUCSORTHOVIEW
 70
     0
  9
$PUCSORGTOP
 10
0.0
 20
0.0
 30
0.0
  9
$PUCSORGBOTTOM
 10
0.0
 20
0.0
 30
0.0
  9
$PUCSORGLEFT
 10
0.0
 20
0.0
 30
0.0
  9
$PUCSORGRIGHT
 10
0.0
 20
0.0
 30
0.0
  9
$PUCSORGFRONT
 10
0.0
 20
0.0
 30
0.0
  9
$PUCSORGBACK
 10
0.0
 20
0.0
 30
0.0
  9
$USERI1
 70
     0
  9
$USERI2
 70
     0
  9
$USERI3
 70
     0
  9
$USERI4
 70
     0
  9
$USERI5
 70
     0
  9
$USERR1
 40
0.0
  9
$USERR2
 40
0.0
  9
$USERR3
 40
0.0
  9
$USERR4
 40
0.0
  9
$USERR5
 40
0.0
  9
$WORLDVIEW
 70
     1
  9
$SHADEDGE
 70
     3
  9
$SHADEDIF
 70
    70
  9
$TILEMODE
 70
     1
  9
$MAXACTVP
 70
    64
  9
$PINSBASE
 10
0.0
 20
0.0
 30
0.0
  9
$PLIMCHECK
 70
     0
  9
$PEXTMIN
 10
1.000000000000000E+20
 20
1.000000000000000E+20
 30
1.000000000000000E+20
  9
$PEXTMAX
 10
-1.000000000000000E+20
 20
-1.000000000000000E+20
 30
-1.000000000000000E+20
  9
$PLIMMIN
 10
0.0
 20
0.0
  9
$PLIMMAX
 10
420.0
 20
297.0
  9
$UNITMODE
 70
     0
  9
$VISRETAIN
 70
     1
  9
$PLINEGEN
 70
     0
  9
$PSLTSCALE
 70
     1
  9
$TREEDEPTH
 70
  3020
  9
$CMLSTYLE
  2
Standard
  9
$CMLJUST
 70
     0
  9
$CMLSCALE
 40
20.0
  9
$PROXYGRAPHICS
 70
     1
  9
$MEASUREMENT
 70
     1
  9
$CELWEIGHT
370
    -1
  9
$ENDCAPS
280
     0
  9
$JOINSTYLE
280
     0
  9
$LWDISPLAY
290
     1
  9
$INSUNITS
 70
     4
  9
$HYPERLINKBASE
  1

  9
$STYLESHEET
  1

  9
$XEDIT
290
     1
  9
$CEPSNTYPE
380
     0
  9
$PSTYLEMODE
290
     1
  9
$FINGERPRINTGUID
  2
{b201cdd2-5a98-4feb-a203-90a9c1e438a5}
  9
$VERSIONGUID
  2
{FAEB1C32-E019-11D5-929B-00C0DF256EC4}
  9
$EXTNAMES
290
     1
  9
$PSVPSCALE
 40
0.0
  9
$OLESTARTUP
290
     0
  9
$SORTENTS
280
   127
  9
$INDEXCTL
280
     0
  9
$HIDETEXT
280
     1
  9
$XCLIPFRAME
280
     2
  9
$HALOGAP
280
     0
  9
$OBSCOLOR
 70
   257
  9
$OBSLTYPE
280
     0
  9
$INTERSECTIONDISPLAY
280
     0
  9
$INTERSECTIONCOLOR
 70
   257
  9
$DIMASSOC
280
     2
  9
$PROJECTNAME
  1

  9
$CAMERADISPLAY
290
     0
  9
$LENSLENGTH
 40
50.0
  9
$CAMERAHEIGHT
 40
0.0
  9
$STEPSPERSEC
 40
2.0
  9
$STEPSIZE
 40
6.0
  9
$3DDWFPREC
 40
2.0
  9
$PSOLWIDTH
 40
0.25
  9
$PSOLHEIGHT
 40
4.0
  9
$LOFTANG1
 40
1.570796326794897
  9
$LOFTANG2
 40
1.570796326794897
  9
$LOFTMAG1
 40
0.0
  9
$LOFTMAG2
 40
0.0
  9
$LOFTPARAM
 70
     7
  9
$LOFTNORMALS
280
     1
  9
$LATITUDE
 40
37.795
  9
$LONGITUDE
 40
-122.394
  9
$NORTHDIRECTION
 40
0.0
  9
$TIMEZONE
 70
 -8000
  9
$LIGHTGLYPHDISPLAY
280
     1
  9
$TILEMODELIGHTSYNCH
280
     1
  9
$CMATERIAL
347
60A
  9
$SOLIDHIST
280
     1
  9
$SHOWHIST
280
     1
  9
$DWFFRAME
280
     2
  9
$DGNFRAME
280
     0
  9
$REALWORLDSCALE
290
     1
  9
$INTERFERECOLOR
 62
   256
  9
$INTERFEREOBJVS
345
5F9
  9
$INTERFEREVPVS
346
5F6
  9
$CSHADOW
280
     0
  9
$SHADOWPLANELOCATION
 40
0.0
  0
ENDSEC
  0
SECTION
  2
CLASSES
  0
CLASS
  1
ACDBDICTIONARYWDFLT
  2
AcDbDictionaryWithDefault
  3
ObjectDBX Classes
 90
        0
 91
        1
280
     0
281
     0
  0
CLASS
  1
VISUALSTYLE
  2
AcDbVisualStyle
  3
ObjectDBX Classes
 90
     4095
 91
        1
280
     0
281
     0
  0
CLASS
  1
MATERIAL
  2
AcDbMaterial
  3
ObjectDBX Classes
 90
     1153
 91
        1
280
     0
281
     0
  0
CLASS
  1
SCALE
  2
AcDbScale
  3
ObjectDBX Classes
 90
     1153
 91
        1
280
     0
281
     0
  0
CLASS
  1
TABLESTYLE
  2
AcDbTableStyle
  3
ObjectDBX Classes
 90
     4095
 91
        1
280
     0
281
     0
  0
CLASS
  1
MLEADERSTYLE
  2
AcDbMLeaderStyle
  3
ACDB_MLEADERSTYLE_CLASS
 90
     4095
 91
        1
280
     0
281
     0
  0
CLASS
  1
SUN
  2
AcDbSun
  3
SCENEOE
 90
     1153
 91
        1
280
     0
281
     0
  0
CLASS
  1
ACDBPLACEHOLDER
  2
AcDbPlaceHolder
  3
ObjectDBX Classes
 90
        0
 91
        1
280
     0
281
     0
  0
CLASS
  1
LAYOUT
  2
AcDbLayout
  3
ObjectDBX Classes
 90
        0
 91
        1
280
     0
281
     0
  0
CLASS
  1
SORTENTSTABLE
  2
AcDbSortentsTable
  3
ObjectDBX Classes
 90
        0
 91
        1
280
     0
281
     0
  0
CLASS
  1
ACDBASSOCNETWORK
  2
AcDbAssocNetwork
  3
ObjectDBX Classes
 90
     1025
 91
        1
280
     0
281
     0
  0
CLASS
  1
ACDBASSOCACTION
  2
AcDbAssocAction
  3
ObjectDBX Classes
 90
     1025
 91
        1
280
     0
281
     0
  0
CLASS
  1
ACDBASSOCARRAYACTIONBODY
  2
AcDbAssocArrayActionBody
  3
ObjectDBX Classes
 90
     1025
 91
        1
280
     0
281
     0
  0
CLASS
  1
ACDBASSOCVERTEXACTIONPARAM
  2
AcDbAssocVertexActionParam
  3
ObjectDBX Classes
 90
     1025
 91
        1
280
     0
281
     0
  0
CLASS
  1
ACDBASSOCDEPENDENCY
  2
AcDbAssocDependency
  3
ObjectDBX Classes
 90
     1025
 91
        1
280
     0
281
     0
  0
CLASS
  1
DICTIONARYVAR
  2
AcDbDictionaryVar
  3
ObjectDBX Classes
 90
        0
 91
        1
280
     0
281
     0
  0
CLASS
  1
CELLSTYLEMAP
  2
AcDbCellStyleMap
  3
ObjectDBX Classes
 90
     1152
 91
        1
280
     0
281
     0
  0
ENDSEC
  0
SECTION
  2
TABLES
  0
TABLE
  2
VPORT
  5
8
330
0
100
AcDbSymbolTable
 70
     1
  0
VPORT
  5
29
330
8
100
AcDbSymbolTableRecord
100
AcDbViewportTableRecord
  2
*Active
 70
     0
 10
0.0
 20
0.0
 11
1.0
 21
1.0
 12
908.7533179043787
 22
594.610089750638
 13
0.0
 23
0.0
 14
10.0
 24
10.0
 15
10.0
 25
10.0
 16
0.0
 26
0.0
 36
1.0
 17
0.0
 27
0.0
 37
0.0
 40
1636.420575491785
 41
2.69479606188467
 42
50.0
 43
0.0
 44
0.0
 50
0.0
 51
0.0
 71
     0
 72
   100
 73
     1
 74
     3
 75
     0
 76
     0
 77
     0
 78
     0
281
     0
 65
     1
110
0.0
120
0.0
130
0.0
111
1.0
121
0.0
131
0.0
112
0.0
122
1.0
132
0.0
 79
     0
146
0.0
348
5F5
 60
     3
 61
     5
292
     1
282
     1
141
0.0
142
0.0
 63
   250
421
  3355443
361
611
  0
ENDTAB
  0
TABLE
  2
LTYPE
  5
5
330
0
100
AcDbSymbolTable
 70
     8
  0
LTYPE
  5
14
330
5
100
AcDbSymbolTableRecord
100
AcDbLinetypeTableRecord
  2
ByBlock
 70
     0
  3

 72
    65
 73
     0
 40
0.0
  0
LTYPE
  5
15
330
5
100
AcDbSymbolTableRecord
100
AcDbLinetypeTableRecord
  2
ByLayer
 70
     0
  3

 72
    65
 73
     0
 40
0.0
  0
LTYPE
  5
16
330
5
100
AcDbSymbolTableRecord
100
AcDbLinetypeTableRecord
  2
Continuous
 70
     0
  3
Solid line
 72
    65
 73
     0
 40
0.0
  0
LTYPE
  5
5E
330
5
100
AcDbSymbolTableRecord
100
AcDbLinetypeTableRecord
  2
HIDDEN
 70
     0
  3
Hidden __ __ __ __ __ __ __ __ __ __ __ __ __ __
 72
    65
 73
     2
 40
1.905
 49
1.27
 74
     0
 49
-0.635
 74
     0
  0
LTYPE
  5
5F
330
5
100
AcDbSymbolTableRecord
100
AcDbLinetypeTableRecord
  2
PHANTOM
 70
     0
  3
Phantom ______  __  __  ______  __  __  ______
 72
    65
 73
     6
 40
12.7
 49
6.35
 74
     0
 49
-1.27
 74
     0
 49
1.27
 74
     0
 49
-1.27
 74
     0
 49
1.27
 74
     0
 49
-1.27
 74
     0
  0
LTYPE
  5
60
330
5
100
AcDbSymbolTableRecord
100
AcDbLinetypeTableRecord
  2
CENTER
 70
     0
  3
Center ____ _ ____ _ ____ _ ____ _ ____ _ ____
 72
    65
 73
     4
 40
10.16
 49
6.35
 74
     0
 49
-1.27
 74
     0
 49
1.27
 74
     0
 49
-1.27
 74
     0
  0
LTYPE
  5
61
330
5
100
AcDbSymbolTableRecord
100
AcDbLinetypeTableRecord
  2
CENTERX2
 70
     0
  3
Center (2x) ________  __  ________  __  _____
 72
    65
 73
     4
 40
20.32
 49
12.7
 74
     0
 49
-2.54
 74
     0
 49
2.54
 74
     0
 49
-2.54
 74
     0
  0
LTYPE
  5
62
330
5
100
AcDbSymbolTableRecord
100
AcDbLinetypeTableRecord
  2
DOT2
 70
     0
  3
Dot (.5x) ........................................
 72
    65
 73
     2
 40
0.635
 49
0.0
 74
     0
 49
-0.635
 74
     0
  0
LTYPE
  5
AD9
330
5
100
AcDbSymbolTableRecord
100
AcDbLinetypeTableRecord
  2
LIN0
 70
     0
  3
Solid line
 72
    65
 73
     0
 40
0.0
  0
LTYPE
  5
ADC
330
5
100
AcDbSymbolTableRecord
100
AcDbLinetypeTableRecord
  2
CONTINU
 70
     0
  3

 72
    65
 73
     0
 40
0.0
  0
ENDTAB
  0
TABLE
  2
LAYER
  5
2
102
{ACAD_XDICTIONARY
360
BD0
102
}
330
0
100
AcDbSymbolTable
 70
     2
  0
LAYER
  5
10
330
2
100
AcDbSymbolTableRecord
100
AcDbLayerTableRecord
  2
0
 70
     0
 62
     7
  6
Continuous
370
    -3
390
F
347
60C
  0
LAYER
  5
AD3
102
{ACAD_XDICTIONARY
360
AD4
102
}
330
2
100
AcDbSymbolTableRecord
100
AcDbLayerTableRecord
  2
LONGARINA
 70
     0
 62
    20
  6
LIN0
370
    20
390
F
347
60C
1001
AcAecLayerStandard
1000

1000

1001
AcCmTransparency
1071
 33554687
  0
ENDTAB
  0
TABLE
  2
STYLE
  5
3
330
0
100
AcDbSymbolTable
 70
     1
  0
STYLE
  5
11
330
3
100
AcDbSymbolTableRecord
100
AcDbTextStyleTableRecord
  2
Standard
 70
     0
 40
0.0
 41
1.0
 50
0.0
 71
     0
 42
3.5
  3
txt
  4

  0
ENDTAB
  0
TABLE
  2
VIEW
  5
6
330
0
100
AcDbSymbolTable
 70
     0
  0
ENDTAB
  0
TABLE
  2
UCS
  5
7
330
0
100
AcDbSymbolTable
 70
     0
  0
ENDTAB
  0
TABLE
  2
APPID
  5
9
330
0
100
AcDbSymbolTable
 70
     9
  0
APPID
  5
12
330
9
100
AcDbSymbolTableRecord
100
AcDbRegAppTableRecord
  2
ACAD
 70
     0
  0
APPID
  5
A98
330
9
100
AcDbSymbolTableRecord
100
AcDbRegAppTableRecord
  2
AcadAnnotative
 70
     0
  0
APPID
  5
A99
330
9
100
AcDbSymbolTableRecord
100
AcDbRegAppTableRecord
  2
AcadAnnoPO
 70
     0
  0
APPID
  5
AD0
330
9
100
AcDbSymbolTableRecord
100
AcDbRegAppTableRecord
  2
ACAD_MLEADERVER
 70
     0
  0
APPID
  5
ADA
330
9
100
AcDbSymbolTableRecord
100
AcDbRegAppTableRecord
  2
AcAecLayerStandard
 70
     0
  0
APPID
  5
ADB
330
9
100
AcDbSymbolTableRecord
100
AcDbRegAppTableRecord
  2
AcCmTransparency
 70
     0
  0
APPID
  5
ADE
330
9
100
AcDbSymbolTableRecord
100
AcDbRegAppTableRecord
  2
ACAD_PSEXT
 70
     0
  0
APPID
  5
AE0
330
9
100
AcDbSymbolTableRecord
100
AcDbRegAppTableRecord
  2
ACAD_NAV_VCDISPLAY
 70
     0
  0
APPID
  5
AE1
330
9
100
AcDbSymbolTableRecord
100
AcDbRegAppTableRecord
  2
AcDbBlockRepETag
 70
     0
  0
ENDTAB
  0
TABLE
  2
DIMSTYLE
  5
A
330
0
100
AcDbSymbolTable
 70
     1
100
AcDbDimStyleTable
  0
DIMSTYLE
105
27
330
A
100
AcDbSymbolTableRecord
100
AcDbDimStyleTableRecord
  2
ISO-25
 70
     0
 41
2.5
 42
0.625
 43
3.75
 44
1.25
 73
     0
 74
     0
 77
     1
 78
     8
140
2.5
141
2.5
143
0.0393700787
147
0.625
171
     3
172
     1
178
     0
271
     2
272
     2
274
     3
278
    44
283
     0
284
     8
340
11
  0
ENDTAB
  0
TABLE
  2
BLOCK_RECORD
  5
1
330
0
100
AcDbSymbolTable
 70
     9
  0
BLOCK_RECORD
  5
1F
102
{ACAD_XDICTIONARY
360
618
102
}
330
1
100
AcDbSymbolTableRecord
100
AcDbBlockTableRecord
  2
*Model_Space
340
22
 70
     0
280
     1
281
     0
  0
BLOCK_RECORD
  5
1B
330
1
100
AcDbSymbolTableRecord
100
AcDbBlockTableRecord
  2
*Paper_Space
340
1E
 70
     0
280
     1
281
     0
  0
BLOCK_RECORD
  5
23
330
1
100
AcDbSymbolTableRecord
100
AcDbBlockTableRecord
  2
*Paper_Space0
340
26
 70
     0
280
     1
281
     0
  0
BLOCK_RECORD
  5
77A
102
{ACAD_REACTORS
102
}
330
1
100
AcDbSymbolTableRecord
100
AcDbBlockTableRecord
  2
*U1
340
0
102
{BLKREFS
331
790
331
791
331
792
331
7CC
331
7CD
331
7CE
331
7CF
331
7D0
331
7D1
331
7D2
331
7D3
331
7D4
331
7D5
331
7D6
331
7D7
331
7D8
331
7D9
331
7DA
331
7DB
331
7DC
102
}
 70
     0
280
     1
281
     0
  0
BLOCK_RECORD
  5
789
102
{ACAD_REACTORS
102
}
330
1
100
AcDbSymbolTableRecord
100
AcDbBlockTableRecord
  2
*U2
340
0
 70
     0
280
     1
281
     0
  0
BLOCK_RECORD
  5
7A2
102
{ACAD_REACTORS
102
}
330
1
100
AcDbSymbolTableRecord
100
AcDbBlockTableRecord
  2
*U3
340
0
 70
     0
280
     1
281
     0
  0
BLOCK_RECORD
  5
7A8
102
{ACAD_REACTORS
102
}
330
1
100
AcDbSymbolTableRecord
100
AcDbBlockTableRecord
  2
*U4
340
0
102
{BLKREFS
331
7A4
331
7A5
331
7A6
331
7BB
331
7BC
331
7BD
331
7BE
331
7BF
331
7C0
331
7C1
331
7C2
331
7C3
331
7C4
331
7C5
331
7C6
331
7C7
331
7C8
331
7C9
331
7CA
331
7CB
102
}
 70
     0
280
     1
281
     0
  0
BLOCK_RECORD
  5
817
102
{ACAD_XDICTIONARY
360
A95
102
}
330
1
100
AcDbSymbolTableRecord
100
AcDbBlockTableRecord
  2
DI_COLUNA_FRONTAL_101
340
0
102
{BLKREFS
331
A9C
331
AD1
102
}
 70
     4
280
     1
281
     0
1001
AcadAnnotative
1000
AnnotativeData
1002
{
1070
     1
1070
     0
1002
}
  0
BLOCK_RECORD
  5
A6B
102
{ACAD_REACTORS
330
A8F
102
}
330
1
100
AcDbSymbolTableRecord
100
AcDbBlockTableRecord
  2
*U6
340
0
102
{BLKREFS
331
A6A
102
}
 70
     0
280
     1
281
     0
  0
BLOCK_RECORD
  5
A82
102
{ACAD_REACTORS
330
A90
102
}
330
1
100
AcDbSymbolTableRecord
100
AcDbBlockTableRecord
  2
*U7
340
0
102
{BLKREFS
331
A6D
331
A6E
331
A6F
331
A70
331
A71
331
A72
331
A73
331
A74
331
A75
331
A76
331
A77
331
A78
331
A79
331
A7A
331
A7B
331
A7C
331
A7D
331
A7E
331
A7F
331
A80
102
}
 70
     0
280
     1
281
     0
  0
BLOCK_RECORD
  5
B05
330
1
100
AcDbSymbolTableRecord
100
AcDbBlockTableRecord
  2
DI_LGTOPO
340
0
102
{BLKREFS
331
B04
331
BD5
102
}
 70
     4
280
     1
281
     0
1001
AcadAnnotative
1000
AnnotativeData
1002
{
1070
     1
1070
     0
1002
}
  0
ENDTAB
  0
ENDSEC
  0
SECTION
  2
BLOCKS
  0
BLOCK
  5
20
330
1F
100
AcDbEntity
  8
0
100
AcDbBlockBegin
  2
*Model_Space
 70
     0
 10
0.0
 20
0.0
 30
0.0
  3
*Model_Space
  1

  0
ENDBLK
  5
21
330
1F
100
AcDbEntity
  8
0
100
AcDbBlockEnd
  0
BLOCK
  5
1C
330
1B
100
AcDbEntity
 67
     1
  8
0
100
AcDbBlockBegin
  2
*Paper_Space
 70
     0
 10
0.0
 20
0.0
 30
0.0
  3
*Paper_Space
  1

  0
ENDBLK
  5
1D
330
1B
100
AcDbEntity
 67
     1
  8
0
100
AcDbBlockEnd
  0
BLOCK
  5
24
330
23
100
AcDbEntity
  8
0
100
AcDbBlockBegin
  2
*Paper_Space0
 70
     0
 10
0.0
 20
0.0
 30
0.0
  3
*Paper_Space0
  1

  0
ENDBLK
  5
25
330
23
100
AcDbEntity
  8
0
100
AcDbBlockEnd
  0
BLOCK
  5
787
330
77A
100
AcDbEntity
  8
0
100
AcDbBlockBegin
  2
*U1
 70
     1
 10
0.0
 20
0.0
 30
0.0
  3
*U1
  1

  0
LINE
  5
77F
330
77A
100
AcDbEntity
  8
0
  6
Continuous
 62
     7
370
    25
100
AcDbLine
 10
-26.2690127884
 20
-7.427195834100004
 30
0.0
 11
-30.7690127884
 21
9.484338691200008
 31
0.0
  0
LINE
  5
780
330
77A
100
AcDbEntity
  8
0
  6
Continuous
 62
     7
370
    25
100
AcDbLine
 10
-38.5
 20
7.42719583409999
 30
0.0
 11
-34.0
 21
-9.484338691200008
 31
0.0
  0
ARC
  5
781
330
77A
100
AcDbEntity
  8
0
  6
Continuous
 62
     7
370
    25
100
AcDbCircle
 10
-34.6345063942
 20
8.455767262600006
 30
0.0
 40
4.000000000000009
100
AcDbArc
 50
14.9005966878001
 51
194.9005966878001
  0
ARC
  5
782
330
77A
100
AcDbEntity
  8
0
  6
Continuous
 62
     7
370
    25
100
AcDbCircle
 10
-30.1345063942
 20
-8.455767262600006
 30
0.0
 40
4.000000000000022
100
AcDbArc
 50
194.9005966878001
 51
14.90059668780005
  0
LINE
  5
783
330
77A
100
AcDbEntity
  8
0
  6
Continuous
 62
     7
370
    25
100
AcDbLine
 10
26.2690127884
 20
-7.427195834100004
 30
0.0
 11
30.7690127884
 21
9.484338691200008
 31
0.0
  0
LINE
  5
784
330
77A
100
AcDbEntity
  8
0
  6
Continuous
 62
     7
370
    25
100
AcDbLine
 10
38.5
 20
7.42719583409999
 30
0.0
 11
34.0
 21
-9.484338691200008
 31
0.0
  0
ARC
  5
785
330
77A
100
AcDbEntity
  8
0
  6
Continuous
 62
     7
370
    25
100
AcDbCircle
 10
34.6345063942
 20
8.455767262600006
 30
0.0
 40
4.000000000000009
100
AcDbArc
 50
345.0994033121999
 51
165.0994033121999
  0
ARC
  5
786
330
77A
100
AcDbEntity
  8
0
  6
Continuous
 62
     7
370
    25
100
AcDbCircle
 10
30.1345063942
 20
-8.455767262600006
 30
0.0
 40
4.000000000000022
100
AcDbArc
 50
165.0994033122
 51
345.0994033121999
  0
ENDBLK
  5
788
330
77A
100
AcDbEntity
  8
0
100
AcDbBlockEnd
  0
BLOCK
  5
79F
330
789
100
AcDbEntity
  8
0
100
AcDbBlockBegin
  2
*U2
 70
     1
 10
0.0
 20
0.0
 30
0.0
  3
*U2
  1

  0
INSERT
  5
790
330
789
100
AcDbEntity
  8
0
  6
ByBlock
347
60B
 62
     0
440
 16777216
370
    -2
100
AcDbBlockReference
  2
*U1
 10
0.0
 20
0.0
 30
0.0
  0
INSERT
  5
791
330
789
100
AcDbEntity
  8
0
  6
ByBlock
347
60B
 62
     0
440
 16777216
370
    -2
100
AcDbBlockReference
  2
*U1
 10
0.0
 20
50.0
 30
0.0
  0
INSERT
  5
792
330
789
100
AcDbEntity
  8
0
  6
ByBlock
347
60B
 62
     0
440
 16777216
370
    -2
100
AcDbBlockReference
  2
*U1
 10
0.0
 20
100.0
 30
0.0
  0
INSERT
  5
7CC
330
789
100
AcDbEntity
  8
0
  6
ByBlock
347
60B
 62
     0
440
 16777216
370
    -2
380
     1
100
AcDbBlockReference
  2
*U1
 10
0.0
 20
150.0
 30
0.0
  0
INSERT
  5
7CD
330
789
100
AcDbEntity
  8
0
  6
ByBlock
347
60B
 62
     0
440
 16777216
370
    -2
380
     1
100
AcDbBlockReference
  2
*U1
 10
0.0
 20
200.0
 30
0.0
  0
INSERT
  5
7CE
330
789
100
AcDbEntity
  8
0
  6
ByBlock
347
60B
 62
     0
440
 16777216
370
    -2
380
     1
100
AcDbBlockReference
  2
*U1
 10
0.0
 20
250.0
 30
0.0
  0
INSERT
  5
7CF
330
789
100
AcDbEntity
  8
0
  6
ByBlock
347
60B
 62
     0
440
 16777216
370
    -2
380
     1
100
AcDbBlockReference
  2
*U1
 10
0.0
 20
300.0
 30
0.0
  0
INSERT
  5
7D0
330
789
100
AcDbEntity
  8
0
  6
ByBlock
347
60B
 62
     0
440
 16777216
370
    -2
380
     1
100
AcDbBlockReference
  2
*U1
 10
0.0
 20
350.0
 30
0.0
  0
INSERT
  5
7D1
330
789
100
AcDbEntity
  8
0
  6
ByBlock
347
60B
 62
     0
440
 16777216
370
    -2
380
     1
100
AcDbBlockReference
  2
*U1
 10
0.0
 20
400.0
 30
0.0
  0
INSERT
  5
7D2
330
789
100
AcDbEntity
  8
0
  6
ByBlock
347
60B
 62
     0
440
 16777216
370
    -2
380
     1
100
AcDbBlockReference
  2
*U1
 10
0.0
 20
450.0
 30
0.0
  0
INSERT
  5
7D3
330
789
100
AcDbEntity
  8
0
  6
ByBlock
347
60B
 62
     0
440
 16777216
370
    -2
380
     1
100
AcDbBlockReference
  2
*U1
 10
0.0
 20
500.0
 30
0.0
  0
INSERT
  5
7D4
330
789
100
AcDbEntity
  8
0
  6
ByBlock
347
60B
 62
     0
440
 16777216
370
    -2
380
     1
100
AcDbBlockReference
  2
*U1
 10
0.0
 20
550.0
 30
0.0
  0
INSERT
  5
7D5
330
789
100
AcDbEntity
  8
0
  6
ByBlock
347
60B
 62
     0
440
 16777216
370
    -2
380
     1
100
AcDbBlockReference
  2
*U1
 10
0.0
 20
600.0
 30
0.0
  0
INSERT
  5
7D6
330
789
100
AcDbEntity
  8
0
  6
ByBlock
347
60B
 62
     0
440
 16777216
370
    -2
380
     1
100
AcDbBlockReference
  2
*U1
 10
0.0
 20
650.0
 30
0.0
  0
INSERT
  5
7D7
330
789
100
AcDbEntity
  8
0
  6
ByBlock
347
60B
 62
     0
440
 16777216
370
    -2
380
     1
100
AcDbBlockReference
  2
*U1
 10
0.0
 20
700.0
 30
0.0
  0
INSERT
  5
7D8
330
789
100
AcDbEntity
  8
0
  6
ByBlock
347
60B
 62
     0
440
 16777216
370
    -2
380
     1
100
AcDbBlockReference
  2
*U1
 10
0.0
 20
750.0
 30
0.0
  0
INSERT
  5
7D9
330
789
100
AcDbEntity
  8
0
  6
ByBlock
347
60B
 62
     0
440
 16777216
370
    -2
380
     1
100
AcDbBlockReference
  2
*U1
 10
0.0
 20
800.0
 30
0.0
  0
INSERT
  5
7DA
330
789
100
AcDbEntity
  8
0
  6
ByBlock
347
60B
 62
     0
440
 16777216
370
    -2
380
     1
100
AcDbBlockReference
  2
*U1
 10
0.0
 20
850.0
 30
0.0
  0
INSERT
  5
7DB
330
789
100
AcDbEntity
  8
0
  6
ByBlock
347
60B
 62
     0
440
 16777216
370
    -2
380
     1
100
AcDbBlockReference
  2
*U1
 10
0.0
 20
900.0
 30
0.0
  0
INSERT
  5
7DC
330
789
100
AcDbEntity
  8
0
  6
ByBlock
347
60B
 62
     0
440
 16777216
370
    -2
380
     1
100
AcDbBlockReference
  2
*U1
 10
0.0
 20
950.0
 30
0.0
  0
ENDBLK
  5
7A0
330
789
100
AcDbEntity
  8
0
100
AcDbBlockEnd
  0
BLOCK
  5
7A3
330
7A2
100
AcDbEntity
  8
0
100
AcDbBlockBegin
  2
*U3
 70
     1
 10
0.0
 20
0.0
 30
0.0
  3
*U3
  1

  0
INSERT
  5
7A4
330
7A2
100
AcDbEntity
  8
0
  6
ByBlock
347
60B
 62
     0
440
 16777216
370
    -2
100
AcDbBlockReference
  2
*U4
 10
0.0
 20
0.0
 30
0.0
  0
INSERT
  5
7A5
330
7A2
100
AcDbEntity
  8
0
  6
ByBlock
347
60B
 62
     0
440
 16777216
370
    -2
100
AcDbBlockReference
  2
*U4
 10
0.0
 20
50.0
 30
0.0
  0
INSERT
  5
7A6
330
7A2
100
AcDbEntity
  8
0
  6
ByBlock
347
60B
 62
     0
440
 16777216
370
    -2
100
AcDbBlockReference
  2
*U4
 10
0.0
 20
100.0
 30
0.0
  0
INSERT
  5
7BB
330
7A2
100
AcDbEntity
  8
0
  6
ByBlock
347
60B
 62
     0
440
 16777216
370
    -2
380
     1
100
AcDbBlockReference
  2
*U4
 10
0.0
 20
150.0
 30
0.0
  0
INSERT
  5
7BC
330
7A2
100
AcDbEntity
  8
0
  6
ByBlock
347
60B
 62
     0
440
 16777216
370
    -2
380
     1
100
AcDbBlockReference
  2
*U4
 10
0.0
 20
200.0
 30
0.0
  0
INSERT
  5
7BD
330
7A2
100
AcDbEntity
  8
0
  6
ByBlock
347
60B
 62
     0
440
 16777216
370
    -2
380
     1
100
AcDbBlockReference
  2
*U4
 10
0.0
 20
250.0
 30
0.0
  0
INSERT
  5
7BE
330
7A2
100
AcDbEntity
  8
0
  6
ByBlock
347
60B
 62
     0
440
 16777216
370
    -2
380
     1
100
AcDbBlockReference
  2
*U4
 10
0.0
 20
300.0
 30
0.0
  0
INSERT
  5
7BF
330
7A2
100
AcDbEntity
  8
0
  6
ByBlock
347
60B
 62
     0
440
 16777216
370
    -2
380
     1
100
AcDbBlockReference
  2
*U4
 10
0.0
 20
350.0
 30
0.0
  0
INSERT
  5
7C0
330
7A2
100
AcDbEntity
  8
0
  6
ByBlock
347
60B
 62
     0
440
 16777216
370
    -2
380
     1
100
AcDbBlockReference
  2
*U4
 10
0.0
 20
400.0
 30
0.0
  0
INSERT
  5
7C1
330
7A2
100
AcDbEntity
  8
0
  6
ByBlock
347
60B
 62
     0
440
 16777216
370
    -2
380
     1
100
AcDbBlockReference
  2
*U4
 10
0.0
 20
450.0
 30
0.0
  0
INSERT
  5
7C2
330
7A2
100
AcDbEntity
  8
0
  6
ByBlock
347
60B
 62
     0
440
 16777216
370
    -2
380
     1
100
AcDbBlockReference
  2
*U4
 10
0.0
 20
500.0
 30
0.0
  0
INSERT
  5
7C3
330
7A2
100
AcDbEntity
  8
0
  6
ByBlock
347
60B
 62
     0
440
 16777216
370
    -2
380
     1
100
AcDbBlockReference
  2
*U4
 10
0.0
 20
550.0
 30
0.0
  0
INSERT
  5
7C4
330
7A2
100
AcDbEntity
  8
0
  6
ByBlock
347
60B
 62
     0
440
 16777216
370
    -2
380
     1
100
AcDbBlockReference
  2
*U4
 10
0.0
 20
600.0
 30
0.0
  0
INSERT
  5
7C5
330
7A2
100
AcDbEntity
  8
0
  6
ByBlock
347
60B
 62
     0
440
 16777216
370
    -2
380
     1
100
AcDbBlockReference
  2
*U4
 10
0.0
 20
650.0
 30
0.0
  0
INSERT
  5
7C6
330
7A2
100
AcDbEntity
  8
0
  6
ByBlock
347
60B
 62
     0
440
 16777216
370
    -2
380
     1
100
AcDbBlockReference
  2
*U4
 10
0.0
 20
700.0
 30
0.0
  0
INSERT
  5
7C7
330
7A2
100
AcDbEntity
  8
0
  6
ByBlock
347
60B
 62
     0
440
 16777216
370
    -2
380
     1
100
AcDbBlockReference
  2
*U4
 10
0.0
 20
750.0
 30
0.0
  0
INSERT
  5
7C8
330
7A2
100
AcDbEntity
  8
0
  6
ByBlock
347
60B
 62
     0
440
 16777216
370
    -2
380
     1
100
AcDbBlockReference
  2
*U4
 10
0.0
 20
800.0
 30
0.0
  0
INSERT
  5
7C9
330
7A2
100
AcDbEntity
  8
0
  6
ByBlock
347
60B
 62
     0
440
 16777216
370
    -2
380
     1
100
AcDbBlockReference
  2
*U4
 10
0.0
 20
850.0
 30
0.0
  0
INSERT
  5
7CA
330
7A2
100
AcDbEntity
  8
0
  6
ByBlock
347
60B
 62
     0
440
 16777216
370
    -2
380
     1
100
AcDbBlockReference
  2
*U4
 10
0.0
 20
900.0
 30
0.0
  0
INSERT
  5
7CB
330
7A2
100
AcDbEntity
  8
0
  6
ByBlock
347
60B
 62
     0
440
 16777216
370
    -2
380
     1
100
AcDbBlockReference
  2
*U4
 10
0.0
 20
950.0
 30
0.0
  0
ENDBLK
  5
7A7
330
7A2
100
AcDbEntity
  8
0
100
AcDbBlockEnd
  0
BLOCK
  5
7A9
330
7A8
100
AcDbEntity
  8
0
100
AcDbBlockBegin
  2
*U4
 70
     1
 10
0.0
 20
0.0
 30
0.0
  3
*U4
  1

  0
LINE
  5
7AA
330
7A8
100
AcDbEntity
  8
0
  6
Continuous
 62
     7
370
    25
100
AcDbLine
 10
-26.2690127884
 20
-7.427195834100004
 30
0.0
 11
-30.7690127884
 21
9.484338691200008
 31
0.0
  0
LINE
  5
7AB
330
7A8
100
AcDbEntity
  8
0
  6
Continuous
 62
     7
370
    25
100
AcDbLine
 10
-38.5
 20
7.42719583409999
 30
0.0
 11
-34.0
 21
-9.484338691200008
 31
0.0
  0
ARC
  5
7AC
330
7A8
100
AcDbEntity
  8
0
  6
Continuous
 62
     7
370
    25
100
AcDbCircle
 10
-34.6345063942
 20
8.455767262600006
 30
0.0
 40
4.000000000000009
100
AcDbArc
 50
14.9005966878001
 51
194.9005966878001
  0
ARC
  5
7AD
330
7A8
100
AcDbEntity
  8
0
  6
Continuous
 62
     7
370
    25
100
AcDbCircle
 10
-30.1345063942
 20
-8.455767262600006
 30
0.0
 40
4.000000000000022
100
AcDbArc
 50
194.9005966878001
 51
14.90059668780005
  0
LINE
  5
7AE
330
7A8
100
AcDbEntity
  8
0
  6
Continuous
 62
     7
370
    25
100
AcDbLine
 10
26.2690127884
 20
-7.427195834100004
 30
0.0
 11
30.7690127884
 21
9.484338691200008
 31
0.0
  0
LINE
  5
7AF
330
7A8
100
AcDbEntity
  8
0
  6
Continuous
 62
     7
370
    25
100
AcDbLine
 10
38.5
 20
7.42719583409999
 30
0.0
 11
34.0
 21
-9.484338691200008
 31
0.0
  0
ARC
  5
7B0
330
7A8
100
AcDbEntity
  8
0
  6
Continuous
 62
     7
370
    25
100
AcDbCircle
 10
34.6345063942
 20
8.455767262600006
 30
0.0
 40
4.000000000000009
100
AcDbArc
 50
345.0994033121999
 51
165.0994033121999
  0
ARC
  5
7B1
330
7A8
100
AcDbEntity
  8
0
  6
Continuous
 62
     7
370
    25
100
AcDbCircle
 10
30.1345063942
 20
-8.455767262600006
 30
0.0
 40
4.000000000000022
100
AcDbArc
 50
165.0994033122
 51
345.0994033121999
  0
ENDBLK
  5
7B2
330
7A8
100
AcDbEntity
  8
0
100
AcDbBlockEnd
  0
BLOCK
  5
A9A
330
817
100
AcDbEntity
  8
0
100
AcDbBlockBegin
  2
DI_COLUNA_FRONTAL_101
 70
     0
 10
0.0
 20
0.0
 30
0.0
  3
DI_COLUNA_FRONTAL_101
  1

  0
SPLINE
  5
818
330
817
100
AcDbEntity
  8
0
  6
Continuous
 62
     7
370
    25
100
AcDbSpline
210
0.0
220
0.0
230
1.0
 70
     8
 71
     3
 72
     9
 73
     5
 74
     0
 42
0.00000001
 43
0.00000001
 40
0.0
 40
0.0
 40
0.0
 40
0.0
 40
0.486002440126708
 40
1.0
 40
1.0
 40
1.0
 40
1.0
 10
-61.4987071344723
 20
12.64169126554871
 30
0.0
 10
-61.61944862191109
 20
12.5716507164177
 30
0.0
 10
-61.86788664910979
 20
12.42753508376227
 30
0.0
 10
-62.1164473007686
 20
12.28351439430864
 30
0.0
 10
-62.24420686920179
 20
12.20948811135825
 30
0.0
  0
SPLINE
  5
819
330
817
100
AcDbEntity
  8
0
  6
Continuous
 62
     7
370
    25
100
AcDbSpline
210
0.0
220
0.0
230
1.0
 70
     8
 71
     3
 72
     9
 73
     5
 74
     0
 42
0.00000001
 43
0.00000001
 40
0.0
 40
0.0
 40
0.0
 40
0.0
 40
0.4861691959177918
 40
1.0
 40
1.0
 40
1.0
 40
1.0
 10
-61.4987067798255
 20
-2.880530550490088
 30
0.0
 10
-61.61949766439069
 20
-2.950598025354798
 30
0.0
 10
-61.86795208227529
 20
-3.094719609883498
 30
0.0
 10
-62.1164968905273
 20
-3.238734714076539
 30
0.0
 10
-62.24420686920179
 20
-3.312734110863966
 30
0.0
  0
SPLINE
  5
81A
330
817
100
AcDbEntity
  8
0
  6
Continuous
 62
     7
370
    25
100
AcDbSpline
210
0.0
220
0.0
230
1.0
 70
     8
 71
     3
 72
     9
 73
     5
 74
     0
 42
0.00000001
 43
0.00000001
 40
0.0
 40
0.0
 40
0.0
 40
0.0
 40
0.4861843324305726
 40
1.0
 40
1.0
 40
1.0
 40
1.0
 10
-61.4987067446085
 20
-4.291641623728635
 30
0.0
 10
-61.61950211166989
 20
-4.36171154830389
 30
0.0
 10
-61.8679580141001
 20
-4.505833684500413
 30
0.0
 10
-62.11650138907109
 20
-4.649848271048305
 30
0.0
 10
-62.24420686920179
 20
-4.723845221975107
 30
0.0
  0
SPLINE
  5
81B
330
817
100
AcDbEntity
  8
0
  6
Continuous
 62
     7
370
    25
100
AcDbSpline
210
0.0
220
0.0
230
1.0
 70
     8
 71
     3
 72
     9
 73
     5
 74
     0
 42
0.00000001
 43
0.00000001
 40
0.0
 40
0.0
 40
0.0
 40
0.0
 40
0.4861994650575501
 40
1.0
 40
1.0
 40
1.0
 40
1.0
 10
-61.4987067088949
 20
-5.702752696809196
 30
0.0
 10
-61.61950655709819
 20
-5.772825071416852
 30
0.0
 10
-61.86796394318139
 20
-5.916947761061217
 30
0.0
 10
-62.11650588601709
 20
-6.060961828299846
 30
0.0
 10
-62.24420686920179
 20
-6.134956333086247
 30
0.0
  0
SPLINE
  5
81C
330
817
100
AcDbEntity
  8
0
  6
Continuous
 62
     7
370
    25
100
AcDbSpline
210
0.0
220
0.0
230
1.0
 70
     8
 71
     3
 72
     9
 73
     5
 74
     0
 42
0.00000001
 43
0.00000001
 40
0.0
 40
0.0
 40
0.0
 40
0.0
 40
0.4862145937907228
 40
0.9999999999999999
 40
0.9999999999999999
 40
0.9999999999999999
 40
0.9999999999999999
 10
-61.49870667268469
 20
-7.113863769731441
 30
0.0
 10
-61.6195110006763
 20
-7.183938594694459
 30
0.0
 10
-61.86796986952619
 20
-7.32806183957013
 30
0.0
 10
-62.1165103813665
 20
-7.47207538583172
 30
0.0
 10
-62.24420686920179
 20
-7.546067444197277
 30
0.0
  0
SPLINE
  5
81D
330
817
100
AcDbEntity
  8
0
  6
Continuous
 62
     7
370
    25
100
AcDbSpline
210
0.0
220
0.0
230
1.0
 70
     8
 71
     3
 72
     9
 73
     5
 74
     0
 42
0.00000001
 43
0.00000001
 40
0.0
 40
0.0
 40
0.0
 40
0.0
 40
0.4862297186220101
 40
1.0
 40
1.0
 40
1.0
 40
1.0
 10
-61.4987066359776
 20
-8.524974842495368
 30
0.0
 10
-61.61951544240499
 20
-8.595052118137046
 30
0.0
 10
-61.8679757931417
 20
-8.739175920031148
 30
0.0
 10
-62.11651487512029
 20
-8.88318894364448
 30
0.0
 10
-62.24420686920179
 20
-8.957178555308419
 30
0.0
  0
SPLINE
  5
81E
330
817
100
AcDbEntity
  8
0
  6
Continuous
 62
     7
370
    25
100
AcDbSpline
210
0.0
220
0.0
230
1.0
 70
     8
 71
     3
 72
     9
 73
     5
 74
     0
 42
0.00000001
 43
0.00000001
 40
0.0
 40
0.0
 40
0.0
 40
0.0
 40
0.4862448395433615
 40
0.9999999999999999
 40
0.9999999999999999
 40
0.9999999999999999
 40
0.9999999999999999
 10
-61.49870659877359
 20
-9.936085915100977
 30
0.0
 10
-61.61951988228529
 20
-10.00616564174528
 30
0.0
 10
-61.8679817140346
 20
-10.15029000244838
 30
0.0
 10
-62.11651936727939
 20
-10.29430250173879
 30
0.0
 10
-62.24420686920179
 20
-10.36828966641956
 30
0.0
  0
SPLINE
  5
81F
330
817
100
AcDbEntity
  8
0
  6
Continuous
 62
     7
370
    25
100
AcDbSpline
210
0.0
220
0.0
230
1.0
 70
     8
 71
     3
 72
     9
 73
     5
 74
     0
 42
0.00000001
 43
0.00000001
 40
0.0
 40
0.0
 40
0.0
 40
0.0
 40
0.4862599565467273
 40
0.9999999999999999
 40
0.9999999999999999
 40
0.9999999999999999
 40
0.9999999999999999
 10
-61.49870656107259
 20
-11.34719698754805
 30
0.0
 10
-61.61952432031779
 20
-11.41727916551971
 30
0.0
 10
-61.86798763221219
 20
-11.56140408682571
 30
0.0
 10
-62.11652385784529
 20
-11.70541606011521
 30
0.0
 10
-62.24420686920179
 20
-11.7794007775307
 30
0.0
  0
SPLINE
  5
820
330
817
100
AcDbEntity
  8
0
  6
Continuous
 62
     7
370
    25
100
AcDbSpline
210
0.0
220
0.0
230
1.0
 70
     8
 71
     3
 72
     9
 73
     5
 74
     0
 42
0.00000001
 43
0.00000001
 40
0.0
 40
0.0
 40
0.0
 40
0.0
 40
0.4862750696240302
 40
1.0
 40
1.0
 40
1.0
 40
1.0
 10
-61.4987065228744
 20
-12.75830805983669
 30
0.0
 10
-61.6195287565035
 20
-12.82839268946079
 30
0.0
 10
-61.86799354768149
 20
-12.97251817316747
 30
0.0
 10
-62.1165283468189
 20
-13.11652961877407
 30
0.0
 10
-62.24420686920179
 20
-13.19051188864173
 30
0.0
  0
SPLINE
  5
821
330
817
100
AcDbEntity
  8
0
  6
Continuous
 62
     7
370
    25
100
AcDbSpline
210
0.0
220
0.0
230
1.0
 70
     8
 71
     3
 72
     9
 73
     5
 74
     0
 42
0.00000001
 43
0.00000001
 40
0.0
 40
0.0
 40
0.0
 40
0.0
 40
0.4862901787672729
 40
0.9999999999999999
 40
0.9999999999999999
 40
0.9999999999999999
 40
0.9999999999999999
 10
-61.4987064841789
 20
-14.16941913196656
 30
0.0
 10
-61.6195331908433
 20
-14.23950621356895
 30
0.0
 10
-61.8679994604495
 20
-14.38363226147743
 30
0.0
 10
-62.11653283420129
 20
-14.52764317771626
 30
0.0
 10
-62.24420686920179
 20
-14.60162299975287
 30
0.0
  0
SPLINE
  5
822
330
817
100
AcDbEntity
  8
0
  6
Continuous
 62
     7
370
    25
100
AcDbSpline
210
0.0
220
0.0
230
1.0
 70
     8
 71
     3
 72
     9
 73
     5
 74
     0
 42
0.00000001
 43
0.00000001
 40
0.0
 40
0.0
 40
0.0
 40
0.0
 40
0.486305283968422
 40
1.0
 40
1.0
 40
1.0
 40
1.0
 10
-61.498706444986
 20
-15.58053020393779
 30
0.0
 10
-61.61953762333799
 20
-15.65061973784498
 30
0.0
 10
-61.86800537052319
 20
-15.79474635175981
 30
0.0
 10
-62.1165373199937
 20
-15.93875673694211
 30
0.0
 10
-62.24420686920179
 20
-16.01273411086401
 30
0.0
  0
SPLINE
  5
823
330
817
100
AcDbEntity
  8
0
  6
Continuous
 62
     7
370
    25
100
AcDbSpline
210
0.0
220
0.0
230
1.0
 70
     8
 71
     3
 72
     9
 73
     5
 74
     0
 42
0.00000001
 43
0.00000001
 40
0.0
 40
0.0
 40
0.0
 40
0.0
 40
0.4863203852194715
 40
1.0
 40
1.0
 40
1.0
 40
1.0
 10
-61.49870640529569
 20
-16.99164127575026
 30
0.0
 10
-61.6195420539883
 20
-17.06173326228932
 30
0.0
 10
-61.86801127790969
 20
-17.20586044401861
 30
0.0
 10
-62.1165418041972
 20
-17.34987029645229
 30
0.0
 10
-62.24420686920179
 20
-17.42384522197515
 30
0.0
  0
SPLINE
  5
824
330
817
100
AcDbEntity
  8
0
  6
Continuous
 62
     7
370
    25
100
AcDbSpline
210
0.0
220
0.0
230
1.0
 70
     8
 71
     3
 72
     9
 73
     5
 74
     0
 42
0.00000001
 43
0.00000001
 40
0.0
 40
0.0
 40
0.0
 40
0.0
 40
0.4863354825123064
 40
1.0
 40
1.0
 40
1.0
 40
1.0
 10
-61.49870636510759
 20
-18.40275234740374
 30
0.0
 10
-61.6195464827951
 20
-18.47284678690253
 30
0.0
 10
-61.868017182616
 20
-18.61697453825783
 30
0.0
 10
-62.11654628681289
 20
-18.76098385624736
 30
0.0
 10
-62.24420686920179
 20
-18.83495633308618
 30
0.0
  0
SPLINE
  5
825
330
817
100
AcDbEntity
  8
0
  6
Continuous
 62
     7
370
    25
100
AcDbSpline
210
0.0
220
0.0
230
1.0
 70
     8
 71
     3
 72
     9
 73
     5
 74
     0
 42
0.00000001
 43
0.00000001
 40
0.0
 40
0.0
 40
0.0
 40
0.0
 40
0.4863505758389883
 40
1.0
 40
1.0
 40
1.0
 40
1.0
 10
-61.49870632442189
 20
-19.81386341889835
 30
0.0
 10
-61.6195509097594
 20
-19.88396031168515
 30
0.0
 10
-61.8680230846489
 20
-20.02808863448158
 30
0.0
 10
-62.11655076784169
 20
-20.17209741632786
 30
0.0
 10
-62.24420686920179
 20
-20.24606744419732
 30
0.0
  0
SPLINE
  5
826
330
817
100
AcDbEntity
  8
0
  6
Continuous
 62
     7
370
    25
100
AcDbSpline
210
0.0
220
0.0
230
1.0
 70
     8
 71
     3
 72
     9
 73
     5
 74
     0
 42
0.00000001
 43
0.00000001
 40
0.0
 40
0.0
 40
0.0
 40
0.0
 40
0.486365665191488
 40
0.9999999999999999
 40
0.9999999999999999
 40
0.9999999999999999
 40
0.9999999999999999
 10
-61.49870628323819
 20
-21.22497449023386
 30
0.0
 10
-61.6195553348818
 20
-21.29507383663753
 30
0.0
 10
-61.86802898401569
 20
-21.43920273269373
 30
0.0
 10
-62.11655524728499
 20
-21.58321097669424
 30
0.0
 10
-62.24420686920179
 20
-21.65717855530846
 30
0.0
  0
SPLINE
  5
827
330
817
100
AcDbEntity
  8
0
  6
Continuous
 62
     7
370
    25
100
AcDbSpline
210
0.0
220
0.0
230
1.0
 70
     8
 71
     3
 72
     9
 73
     5
 74
     0
 42
0.00000001
 43
0.00000001
 40
0.0
 40
0.0
 40
0.0
 40
0.0
 40
0.4863807505618004
 40
1.0
 40
1.0
 40
1.0
 40
1.0
 10
-61.49870624155659
 20
-22.63608556141028
 30
0.0
 10
-61.61955975816329
 20
-22.70618736176055
 30
0.0
 10
-61.8680348807233
 20
-22.85031683289862
 30
0.0
 10
-62.11655972514379
 20
-22.99432453734728
 30
0.0
 10
-62.24420686920179
 20
-23.0682896664196
 30
0.0
  0
SPLINE
  5
828
330
817
100
AcDbEntity
  8
0
  6
Continuous
 62
     7
370
    25
100
AcDbSpline
210
0.0
220
0.0
230
1.0
 70
     8
 71
     3
 72
     9
 73
     5
 74
     0
 42
0.00000001
 43
0.00000001
 40
0.0
 40
0.0
 40
0.0
 40
0.0
 40
0.4863958319419018
 40
1.0
 40
1.0
 40
1.0
 40
1.0
 10
-61.4987061993768
 20
-24.04719663242749
 30
0.0
 10
-61.61956417960459
 20
-24.11730088705444
 30
0.0
 10
-61.86804077477869
 20
-24.26143093510002
 30
0.0
 10
-62.1165642014191
 20
-24.40543809828743
 30
0.0
 10
-62.24420686920179
 20
-24.47940077753063
 30
0.0
  0
SPLINE
  5
829
330
817
100
AcDbEntity
  8
0
  6
Continuous
 62
     7
370
    25
100
AcDbSpline
210
0.0
220
0.0
230
1.0
 70
     8
 71
     3
 72
     9
 73
     5
 74
     0
 42
0.00000001
 43
0.00000001
 40
0.0
 40
0.0
 40
0.0
 40
0.0
 40
0.4864109093237435
 40
0.9999999999999999
 40
0.9999999999999999
 40
0.9999999999999999
 40
0.9999999999999999
 10
-61.49870615669879
 20
-25.45830770328538
 30
0.0
 10
-61.6195685992067
 20
-25.52841441251996
 30
0.0
 10
-61.86804666618889
 20
-25.67254503930216
 30
0.0
 10
-62.11656867611219
 20
-25.81655165951524
 30
0.0
 10
-62.24420686920179
 20
-25.89051188864177
 30
0.0
  0
SPLINE
  5
82A
330
817
100
AcDbEntity
  8
0
  6
Continuous
 62
     7
370
    25
100
AcDbSpline
210
0.0
220
0.0
230
1.0
 70
     8
 71
     3
 72
     9
 73
     5
 74
     0
 42
0.00000001
 43
0.00000001
 40
0.0
 40
0.0
 40
0.0
 40
0.0
 40
0.4864259826994148
 40
1.0
 40
1.0
 40
1.0
 40
1.0
 10
-61.49870611352249
 20
-26.86941877398397
 30
0.0
 10
-61.61957301697029
 20
-26.93952793815746
 30
0.0
 10
-61.8680525549609
 20
-27.08365914550892
 30
0.0
 10
-62.1165731492241
 20
-27.22766522103115
 30
0.0
 10
-62.24420686920179
 20
-27.30162299975291
 30
0.0
  0
SPLINE
  5
82B
330
817
100
AcDbEntity
  8
0
  6
Continuous
 62
     7
370
    25
100
AcDbSpline
210
0.0
220
0.0
230
1.0
 70
     8
 71
     3
 72
     9
 73
     5
 74
     0
 42
0.00000001
 43
0.00000001
 40
0.0
 40
0.0
 40
0.0
 40
0.0
 40
0.4864410520608647
 40
1.0
 40
1.0
 40
1.0
 40
1.0
 10
-61.4987060698477
 20
-28.280529844523
 30
0.0
 10
-61.61957743289629
 20
-28.3506414639677
 30
0.0
 10
-61.8680584411016
 20
-28.49477325372429
 30
0.0
 10
-62.11657762075589
 20
-28.63877878283593
 30
0.0
 10
-62.24420686920179
 20
-28.71273411086394
 30
0.0
  0
SPLINE
  5
82C
330
817
100
AcDbEntity
  8
0
  6
Continuous
 62
     7
370
    25
100
AcDbSpline
210
0.0
220
0.0
230
1.0
 70
     8
 71
     3
 72
     9
 73
     5
 74
     0
 42
0.00000001
 43
0.00000001
 40
0.0
 40
0.0
 40
0.0
 40
0.0
 40
0.4864561174001487
 40
1.0
 40
1.0
 40
1.0
 40
1.0
 10
-61.4987060256743
 20
-29.69164091490261
 30
0.0
 10
-61.6195818469854
 20
-29.76175498995093
 30
0.0
 10
-61.86806432461809
 20
-29.90588736395239
 30
0.0
 10
-62.11658209070859
 20
-30.04989234493016
 30
0.0
 10
-62.24420686920179
 20
-30.12384522197508
 30
0.0
  0
SPLINE
  5
82D
330
817
100
AcDbEntity
  8
0
  6
Continuous
 62
     7
370
    25
100
AcDbSpline
210
0.0
220
0.0
230
1.0
 70
     8
 71
     3
 72
     9
 73
     5
 74
     0
 42
0.00000001
 43
0.00000001
 40
0.0
 40
0.0
 40
0.0
 40
0.0
 40
0.4864711787092343
 40
1.0
 40
1.0
 40
1.0
 40
1.0
 10
-61.49870598100219
 20
-31.10275198512247
 30
0.0
 10
-61.61958625923869
 20
-31.17286851610801
 30
0.0
 10
-61.8680702055173
 20
-31.31700147619731
 30
0.0
 10
-62.11658655908339
 20
-31.46100590731415
 30
0.0
 10
-62.24420686920179
 20
-31.53495633308623
 30
0.0
  0
SPLINE
  5
82E
330
817
100
AcDbEntity
  8
0
  6
Continuous
 62
     7
370
    25
100
AcDbSpline
210
0.0
220
0.0
230
1.0
 70
     8
 71
     3
 72
     9
 73
     5
 74
     0
 42
0.00000001
 43
0.00000001
 40
0.0
 40
0.0
 40
0.0
 40
0.0
 40
0.4864862359801796
 40
1.0
 40
1.0
 40
1.0
 40
1.0
 10
-61.4987059358313
 20
-32.51386305518267
 30
0.0
 10
-61.61959066965679
 20
-32.58398204243917
 30
0.0
 10
-61.8680760838062
 20
-32.72811559046285
 30
0.0
 10
-62.11659102588149
 20
-32.87211946998858
 30
0.0
 10
-62.24420686920179
 20
-32.94606744419737
 30
0.0
  0
SPLINE
  5
82F
330
817
100
AcDbEntity
  8
0
  6
Continuous
 62
     7
370
    25
100
AcDbSpline
210
0.0
220
0.0
230
1.0
 70
     8
 71
     3
 72
     9
 73
     5
 74
     0
 42
0.00000001
 43
0.00000001
 40
0.0
 40
0.0
 40
0.0
 40
0.0
 40
0.4865012892049926
 40
1.0
 40
1.0
 40
1.0
 40
1.0
 10
-61.49870589016139
 20
-33.9249741250831
 30
0.0
 10
-61.61959507824059
 20
-33.9950955689452
 30
0.0
 10
-61.86808195949179
 20
-34.13922970675331
 30
0.0
 10
-62.11659549110389
 20
-34.28323303295411
 30
0.0
 10
-62.24420686920179
 20
-34.35717855530839
 30
0.0
  0
SPLINE
  5
830
330
817
100
AcDbEntity
  8
0
  6
Continuous
 62
     7
370
    25
100
AcDbSpline
210
0.0
220
0.0
230
1.0
 70
     8
 71
     3
 72
     9
 73
     5
 74
     0
 42
0.00000001
 43
0.00000001
 40
0.0
 40
0.0
 40
0.0
 40
0.0
 40
0.4999161131514253
 40
1.0
 40
1.0
 40
1.0
 40
1.0
 10
-52.97445999861139
 20
-3.965606706882505
 30
0.0
 10
-53.09670420816589
 20
-3.891902917278919
 30
0.0
 10
-53.3412336528838
 20
-3.744470602807246
 30
0.0
 10
-53.5859310610839
 20
-3.596943513943127
 30
0.0
 10
-53.70830029207839
 20
-3.523167593928564
 30
0.0
  0
SPLINE
  5
831
330
817
100
AcDbEntity
  8
0
  6
Continuous
 62
     7
370
    25
100
AcDbSpline
210
0.0
220
0.0
230
1.0
 70
     8
 71
     3
 72
     9
 73
     5
 74
     0
 42
0.00000001
 43
0.00000001
 40
0.0
 40
0.0
 40
0.0
 40
0.0
 40
0.4999073022945228
 40
1.0
 40
1.0
 40
1.0
 40
1.0
 10
-52.97445999861139
 20
-5.376717817993646
 30
0.0
 10
-53.09668407919889
 20
-5.303016907510336
 30
0.0
 10
-53.34117756834469
 20
-5.155587753855271
 30
0.0
 10
-53.58591092668659
 20
-5.008057505121897
 30
0.0
 10
-53.70830029207839
 20
-4.934278705039705
 30
0.0
  0
SPLINE
  5
832
330
817
100
AcDbEntity
  8
0
  6
Continuous
 62
     7
370
    25
100
AcDbSpline
210
0.0
220
0.0
230
1.0
 70
     8
 71
     3
 72
     9
 73
     5
 74
     0
 42
0.00000001
 43
0.00000001
 40
0.0
 40
0.0
 40
0.0
 40
0.0
 40
0.4998984955140481
 40
1.0
 40
1.0
 40
1.0
 40
1.0
 10
-52.97445999861139
 20
-6.787828929104787
 30
0.0
 10
-53.09666395209369
 20
-6.714130898023638
 30
0.0
 10
-53.34112148613089
 20
-6.566704907062457
 30
0.0
 10
-53.5858907933074
 20
-6.419171496656603
 30
0.0
 10
-53.70830029207839
 20
-6.345389816150734
 30
0.0
  0
SPLINE
  5
833
330
817
100
AcDbEntity
  8
0
  6
Continuous
 62
     7
370
    25
100
AcDbSpline
210
0.0
220
0.0
230
1.0
 70
     8
 71
     3
 72
     9
 73
     5
 74
     0
 42
0.00000001
 43
0.00000001
 40
0.0
 40
0.0
 40
0.0
 40
0.0
 40
0.4998896928149906
 40
1.0
 40
1.0
 40
1.0
 40
1.0
 10
-52.97445999861139
 20
-8.198940040215927
 30
0.0
 10
-53.09664382684939
 20
-8.125244888819047
 30
0.0
 10
-53.3410654062381
 20
-7.977822062431358
 30
0.0
 10
-53.5858706609459
 20
-7.830285488547803
 30
0.0
 10
-53.70830029207839
 20
-7.756500927261876
 30
0.0
  0
SPLINE
  5
834
330
817
100
AcDbEntity
  8
0
  6
Continuous
 62
     7
370
    25
100
AcDbSpline
210
0.0
220
0.0
230
1.0
 70
     8
 71
     3
 72
     9
 73
     5
 74
     0
 42
0.00000001
 43
0.00000001
 40
0.0
 40
0.0
 40
0.0
 40
0.0
 40
0.4998808942022712
 40
1.0
 40
1.0
 40
1.0
 40
1.0
 10
-52.97445999861139
 20
-9.610051151326957
 30
0.0
 10
-53.096623703465
 20
-9.536358879897008
 30
0.0
 10
-53.341009328662
 20
-9.38893921996464
 30
0.0
 10
-53.5858505296019
 20
-9.241399480795717
 30
0.0
 10
-53.70830029207839
 20
-9.167612038373017
 30
0.0
  0
SPLINE
  5
835
330
817
100
AcDbEntity
  8
0
  6
Continuous
 62
     7
370
    25
100
AcDbSpline
210
0.0
220
0.0
230
1.0
 70
     8
 71
     3
 72
     9
 73
     5
 74
     0
 42
0.00000001
 43
0.00000001
 40
0.0
 40
0.0
 40
0.0
 40
0.0
 40
0.4998720996809075
 40
0.9999999999999999
 40
0.9999999999999999
 40
0.9999999999999999
 40
0.9999999999999999
 10
-52.97445999861139
 20
-11.0211622624381
 30
0.0
 10
-53.09660358193979
 20
-10.94747287125785
 30
0.0
 10
-53.3409532533984
 20
-10.80005637966486
 30
0.0
 10
-53.585830399275
 20
-10.6525134734009
 30
0.0
 10
-53.70830029207839
 20
-10.57872314948416
 30
0.0
  0
SPLINE
  5
836
330
817
100
AcDbEntity
  8
0
  6
Continuous
 62
     7
370
    25
100
AcDbSpline
210
0.0
220
0.0
230
1.0
 70
     8
 71
     3
 72
     9
 73
     5
 74
     0
 42
0.00000001
 43
0.00000001
 40
0.0
 40
0.0
 40
0.0
 40
0.0
 40
0.4998633092558426
 40
0.9999999999999999
 40
0.9999999999999999
 40
0.9999999999999999
 40
0.9999999999999999
 10
-52.97445999861139
 20
-12.43227337354924
 30
0.0
 10
-53.09658346227269
 20
-12.35858686290203
 30
0.0
 10
-53.34089718044319
 20
-12.21117354153445
 30
0.0
 10
-53.58581026996499
 20
-12.06362746636347
 30
0.0
 10
-53.70830029207839
 20
-11.98983426059519
 30
0.0
  0
SPLINE
  5
837
330
817
100
AcDbEntity
  8
0
  6
Continuous
 62
     7
370
    25
100
AcDbSpline
210
0.0
220
0.0
230
1.0
 70
     8
 71
     3
 72
     9
 73
     5
 74
     0
 42
0.00000001
 43
0.00000001
 40
0.0
 40
0.0
 40
0.0
 40
0.0
 40
0.4998545229319851
 40
1.0
 40
1.0
 40
1.0
 40
1.0
 10
-52.97445999861139
 20
-13.84338448466038
 30
0.0
 10
-53.09656334446299
 20
-13.76970085482976
 30
0.0
 10
-53.34084110979219
 20
-13.62229070557597
 30
0.0
 10
-53.58579014167169
 20
-13.47474145968397
 30
0.0
 10
-53.70830029207839
 20
-13.40094537170633
 30
0.0
  0
SPLINE
  5
838
330
817
100
AcDbEntity
  8
0
  6
Continuous
 62
     7
370
    25
100
AcDbSpline
210
0.0
220
0.0
230
1.0
 70
     8
 71
     3
 72
     9
 73
     5
 74
     0
 42
0.00000001
 43
0.00000001
 40
0.0
 40
0.0
 40
0.0
 40
0.0
 40
0.4998457407142948
 40
1.0
 40
1.0
 40
1.0
 40
1.0
 10
-52.97445999861139
 20
-15.25449559577141
 30
0.0
 10
-53.09654322850959
 20
-15.18081484704148
 30
0.0
 10
-53.34078504144119
 20
-15.03340787179197
 30
0.0
 10
-53.5857700143947
 20
-14.88585545336274
 30
0.0
 10
-53.70830029207839
 20
-14.81205648281747
 30
0.0
  0
SPLINE
  5
839
330
817
100
AcDbEntity
  8
0
  6
Continuous
 62
     7
370
    25
100
AcDbSpline
210
0.0
220
0.0
230
1.0
 70
     8
 71
     3
 72
     9
 73
     5
 74
     0
 42
0.00000001
 43
0.00000001
 40
0.0
 40
0.0
 40
0.0
 40
0.0
 40
0.4998369626076642
 40
1.0
 40
1.0
 40
1.0
 40
1.0
 10
-52.97445999861139
 20
-16.66560670688255
 30
0.0
 10
-53.0965231144117
 20
-16.59192883953742
 30
0.0
 10
-53.3407289753859
 20
-16.44452504018512
 30
0.0
 10
-53.58574988813379
 20
-16.29696944740011
 30
0.0
 10
-53.70830029207839
 20
-16.22316759392861
 30
0.0
  0
SPLINE
  5
83A
330
817
100
AcDbEntity
  8
0
  6
Continuous
 62
     7
370
    25
100
AcDbSpline
210
0.0
220
0.0
230
1.0
 70
     8
 71
     3
 72
     9
 73
     5
 74
     0
 42
0.00000001
 43
0.00000001
 40
0.0
 40
0.0
 40
0.0
 40
0.0
 40
0.4998281886170475
 40
1.0
 40
1.0
 40
1.0
 40
1.0
 10
-52.97445999861139
 20
-18.07671781799369
 30
0.0
 10
-53.09650300216849
 20
-18.00304283231813
 30
0.0
 10
-53.34067291162219
 20
-17.85564221075775
 30
0.0
 10
-53.58572976288869
 20
-17.70808344179653
 30
0.0
 10
-53.70830029207839
 20
-17.63427870503964
 30
0.0
  0
SPLINE
  5
83B
330
817
100
AcDbEntity
  8
0
  6
Continuous
 62
     7
370
    25
100
AcDbSpline
210
0.0
220
0.0
230
1.0
 70
     8
 71
     3
 72
     9
 73
     5
 74
     0
 42
0.00000001
 43
0.00000001
 40
0.0
 40
0.0
 40
0.0
 40
0.0
 40
0.4998194187473891
 40
1.0
 40
1.0
 40
1.0
 40
1.0
 10
-52.97445999861139
 20
-19.48782892910483
 30
0.0
 10
-53.09648289177889
 20
-19.41415682538383
 30
0.0
 10
-53.34061685014599
 20
-19.26675938351263
 30
0.0
 10
-53.5857096386591
 20
-19.11919743655221
 30
0.0
 10
-53.70830029207839
 20
-19.04538981615078
 30
0.0
  0
SPLINE
  5
83C
330
817
100
AcDbEntity
  8
0
  6
Continuous
 62
     7
370
    25
100
AcDbSpline
210
0.0
220
0.0
230
1.0
 70
     8
 71
     3
 72
     9
 73
     5
 74
     0
 42
0.00000001
 43
0.00000001
 40
0.0
 40
0.0
 40
0.0
 40
0.0
 40
0.4998106530035665
 40
0.9999999999999999
 40
0.9999999999999999
 40
0.9999999999999999
 40
0.9999999999999999
 10
-52.97445999861139
 20
-20.89894004021586
 30
0.0
 10
-53.09646278324219
 20
-20.82527081873486
 30
0.0
 10
-53.34056079095289
 20
-20.67787655845199
 30
0.0
 10
-53.5856895154448
 20
-20.53031143166761
 30
0.0
 10
-53.70830029207839
 20
-20.45650092726192
 30
0.0
  0
SPLINE
  5
83D
330
817
100
AcDbEntity
  8
0
  6
Continuous
 62
     7
370
    25
100
AcDbSpline
210
0.0
220
0.0
230
1.0
 70
     8
 71
     3
 72
     9
 73
     5
 74
     0
 42
0.00000001
 43
0.00000001
 40
0.0
 40
0.0
 40
0.0
 40
0.0
 40
0.4998018913905551
 40
1.0
 40
1.0
 40
1.0
 40
1.0
 10
-52.97445999861139
 20
-22.310051151327
 30
0.0
 10
-53.09644267655739
 20
-22.23638481237167
 30
0.0
 10
-53.340504734039
 20
-22.0889937355786
 30
0.0
 10
-53.5856693932454
 20
-21.94142542714317
 30
0.0
 10
-53.70830029207839
 20
-21.86761203837295
 30
0.0
  0
SPLINE
  5
83E
330
817
100
AcDbEntity
  8
0
  6
Continuous
 62
     7
370
    25
100
AcDbSpline
210
0.0
220
0.0
230
1.0
 70
     8
 71
     3
 72
     9
 73
     5
 74
     0
 42
0.00000001
 43
0.00000001
 40
0.0
 40
0.0
 40
0.0
 40
0.0
 40
0.4997931339131899
 40
1.0
 40
1.0
 40
1.0
 40
1.0
 10
-52.97445999861139
 20
-23.72116226243814
 30
0.0
 10
-53.09642257172359
 20
-23.64749880629457
 30
0.0
 10
-53.3404486793998
 20
-23.5001109148949
 30
0.0
 10
-53.58564927206079
 20
-23.3525394229791
 30
0.0
 10
-53.70830029207839
 20
-23.27872314948409
 30
0.0
  0
SPLINE
  5
83F
330
817
100
AcDbEntity
  8
0
  6
Continuous
 62
     7
370
    25
100
AcDbSpline
210
0.0
220
0.0
230
1.0
 70
     8
 71
     3
 72
     9
 73
     5
 74
     0
 42
0.00000001
 43
0.00000001
 40
0.0
 40
0.0
 40
0.0
 40
0.0
 40
0.499784380576506
 40
0.9999999999999999
 40
0.9999999999999999
 40
0.9999999999999999
 40
0.9999999999999999
 10
-52.97445999861139
 20
-25.13227337354917
 30
0.0
 10
-53.0964024687399
 20
-25.05861280050392
 30
0.0
 10
-53.34039262703139
 20
-24.91122809640356
 30
0.0
 10
-53.5856291518907
 20
-24.76365341917586
 30
0.0
 10
-53.70830029207839
 20
-24.68983426059523
 30
0.0
  0
SPLINE
  5
840
330
817
100
AcDbEntity
  8
0
  6
Continuous
 62
     7
370
    25
100
AcDbSpline
210
0.0
220
0.0
230
1.0
 70
     8
 71
     3
 72
     9
 73
     5
 74
     0
 42
0.00000001
 43
0.00000001
 40
0.0
 40
0.0
 40
0.0
 40
0.0
 40
0.4997756313852274
 40
1.0
 40
1.0
 40
1.0
 40
1.0
 10
-52.97445999861139
 20
-26.54338448466031
 30
0.0
 10
-53.0963823676055
 20
-26.46972679500003
 30
0.0
 10
-53.3403365769297
 20
-26.32234528010679
 30
0.0
 10
-53.58560903273469
 20
-26.17476741573388
 30
0.0
 10
-53.70830029207839
 20
-26.10094537170637
 30
0.0
  0
SPLINE
  5
841
330
817
100
AcDbEntity
  8
0
  6
Continuous
 62
     7
370
    25
100
AcDbSpline
210
0.0
220
0.0
230
1.0
 70
     8
 71
     3
 72
     9
 73
     5
 74
     0
 42
0.00000001
 43
0.00000001
 40
0.0
 40
0.0
 40
0.0
 40
0.0
 40
0.4997668863443943
 40
1.0
 40
1.0
 40
1.0
 40
1.0
 10
-52.97445999861139
 20
-27.95449559577145
 30
0.0
 10
-53.0963622683193
 20
-27.88084078978326
 30
0.0
 10
-53.34028052909019
 20
-27.73346246600738
 30
0.0
 10
-53.58558891459269
 20
-27.58588141265328
 30
0.0
 10
-53.70830029207839
 20
-27.5120564828174
 30
0.0
  0
SPLINE
  5
842
330
817
100
AcDbEntity
  8
0
  6
Continuous
 62
     7
370
    25
100
AcDbSpline
210
0.0
220
0.0
230
1.0
 70
     8
 71
     3
 72
     9
 73
     5
 74
     0
 42
0.00000001
 43
0.00000001
 40
0.0
 40
0.0
 40
0.0
 40
0.0
 40
0.4997581454588112
 40
0.9999999999999999
 40
0.9999999999999999
 40
0.9999999999999999
 40
0.9999999999999999
 10
-52.97445999861139
 20
-29.36560670688259
 30
0.0
 10
-53.09634217088069
 20
-29.29195478485402
 30
0.0
 10
-53.34022448350899
 20
-29.14457965410777
 30
0.0
 10
-53.58556879746429
 20
-28.99699540993472
 30
0.0
 10
-53.70830029207839
 20
-28.92316759392854
 30
0.0
  0
SPLINE
  5
843
330
817
100
AcDbEntity
  8
0
  6
Continuous
 62
     7
370
    25
100
AcDbSpline
210
0.0
220
0.0
230
1.0
 70
     8
 71
     3
 72
     9
 73
     5
 74
     0
 42
0.00000001
 43
0.00000001
 40
0.0
 40
0.0
 40
0.0
 40
0.0
 40
0.4997494087333451
 40
1.0
 40
1.0
 40
1.0
 40
1.0
 10
-52.97445999861139
 20
-30.77671781799362
 30
0.0
 10
-53.0963220752886
 20
-30.70306878021267
 30
0.0
 10
-53.3401684401819
 20
-30.55569684441039
 30
0.0
 10
-53.58554868134929
 20
-30.40810940757843
 30
0.0
 10
-53.70830029207839
 20
-30.33427870503968
 30
0.0
  0
SPLINE
  5
844
330
817
100
AcDbEntity
  8
0
  6
Continuous
 62
     7
370
    25
100
AcDbSpline
210
0.0
220
0.0
230
1.0
 70
     8
 71
     3
 72
     9
 73
     5
 74
     0
 42
0.00000001
 43
0.00000001
 40
0.0
 40
0.0
 40
0.0
 40
0.0
 40
0.4997406761729926
 40
1.0
 40
1.0
 40
1.0
 40
1.0
 10
-52.97445999861139
 20
-32.18782892910476
 30
0.0
 10
-53.0963019815422
 20
-32.11418277585942
 30
0.0
 10
-53.3401123991047
 20
-31.96681403691792
 30
0.0
 10
-53.58552856624739
 20
-31.81922340558474
 30
0.0
 10
-53.70830029207839
 20
-31.74538981615083
 30
0.0
  0
SPLINE
  5
845
330
817
100
AcDbEntity
  8
0
  6
Continuous
 62
     7
370
    25
100
AcDbSpline
210
0.0
220
0.0
230
1.0
 70
     8
 71
     3
 72
     9
 73
     5
 74
     0
 42
0.00000001
 43
0.00000001
 40
0.0
 40
0.0
 40
0.0
 40
0.0
 40
0.4997319477825726
 40
1.0
 40
1.0
 40
1.0
 40
1.0
 10
-52.97445999861139
 20
-33.59894004021591
 30
0.0
 10
-53.09628188964049
 20
-33.52529677179472
 30
0.0
 10
-53.34005636027349
 20
-33.37793123163279
 30
0.0
 10
-53.58550845215839
 20
-33.23033740395409
 30
0.0
 10
-53.70830029207839
 20
-33.15650092726185
 30
0.0
  0
SPLINE
  5
846
330
817
100
AcDbEntity
  8
0
  6
Continuous
 62
     7
370
    25
100
AcDbSpline
210
0.0
220
0.0
230
1.0
 70
     8
 71
     3
 72
     9
 73
     5
 74
     0
 42
0.00000001
 43
0.00000001
 40
0.0
 40
0.0
 40
0.0
 40
0.0
 40
0.4997232235669857
 40
1.0
 40
1.0
 40
1.0
 40
1.0
 10
-52.97445999861139
 20
-35.01005115132705
 30
0.0
 10
-53.09626179958269
 20
-34.93641076801889
 30
0.0
 10
-53.3400003236838
 20
-34.78904842855746
 30
0.0
 10
-53.58548833908199
 20
-34.6414514026867
 30
0.0
 10
-53.70830029207839
 20
-34.56761203837299
 30
0.0
  0
SPLINE
  5
847
330
817
100
AcDbEntity
  8
0
  6
Continuous
 62
     7
370
    25
100
AcDbSpline
210
0.0
220
0.0
230
1.0
 70
     8
 71
     3
 72
     9
 73
     5
 74
     0
 42
0.00000001
 43
0.00000001
 40
0.0
 40
0.0
 40
0.0
 40
0.0
 40
0.5000221595862588
 40
1.0
 40
1.0
 40
1.0
 40
1.0
 10
-52.97445999861139
 20
12.96772662645079
 30
0.0
 10
-53.09694590131539
 20
13.04146494364555
 30
0.0
 10
-53.34190685025689
 20
13.1889350422823
 30
0.0
 10
-53.5861727533588
 20
13.33642435256538
 30
0.0
 10
-53.70830029207839
 20
13.41016573940479
 30
0.0
  0
SPLINE
  5
848
330
817
100
AcDbEntity
  8
0
  6
Continuous
 62
     7
370
    25
100
AcDbSpline
210
0.0
220
0.0
230
1.0
 70
     8
 71
     3
 72
     9
 73
     5
 74
     0
 42
0.00000001
 43
0.00000001
 40
0.0
 40
0.0
 40
0.0
 40
0.0
 40
0.4859872576150773
 40
1.0
 40
1.0
 40
1.0
 40
1.0
 10
-61.4987071637396
 20
14.05280234067863
 30
0.0
 10
-61.61944415235399
 20
13.98276423744144
 30
0.0
 10
-61.86788068381139
 20
13.83864913536881
 30
0.0
 10
-62.11644278296359
 20
13.69462794796717
 30
0.0
 10
-62.24420686920179
 20
13.62059922246939
 30
0.0
  0
SPLINE
  5
849
330
817
100
AcDbEntity
  8
0
  6
Continuous
 62
     7
370
    25
100
AcDbSpline
210
0.0
220
0.0
230
1.0
 70
     8
 71
     3
 72
    15
 73
    11
 74
     0
 42
0.00000001
 43
0.00000001
 40
0.0
 40
0.0
 40
0.0
 40
0.0
 40
0.0734748686912956
 40
0.0734748686912956
 40
0.0734748686912956
 40
0.5734348913789711
 40
1.073474868691296
 40
1.073474868691296
 40
1.073474868691296
 40
3.217164631860642
 40
3.217164631860642
 40
3.217164631860642
 40
3.217164631860642
 10
-53.51754416357772
 20
11.872
 30
0.0
 10
-53.51753954320975
 20
11.89649162246128
 30
0.0
 10
-53.51753492284178
 20
11.92098324492256
 30
0.0
 10
-53.5175303024738
 20
11.94547486738384
 30
0.0
 10
-53.51752475692849
 20
11.97487066500713
 30
0.0
 10
-53.517513664951
 20
12.03366696128972
 30
0.0
 10
-53.51752475633729
 20
12.09246325759972
 30
0.0
 10
-53.5175303024738
 20
12.12186375627267
 30
0.0
 10
-53.51766509832625
 20
12.83642699794844
 30
0.0
 10
-53.51779989417868
 20
13.55099023962422
 30
0.0
 10
-53.51793469003113
 20
14.2655534813
 30
0.0
  0
SPLINE
  5
84A
330
817
100
AcDbEntity
  8
0
  6
Continuous
 62
     7
370
    25
100
AcDbSpline
210
0.0
220
0.0
230
1.0
 70
     8
 71
     3
 72
     9
 73
     5
 74
     0
 42
0.00000001
 43
0.00000001
 40
0.0
 40
0.0
 40
0.0
 40
0.0
 40
0.4995204204873779
 40
1.0
 40
1.0
 40
1.0
 40
1.0
 10
-53.5175303024738
 20
-3.576747354838369
 30
0.0
 10
-53.5174639202325
 20
-3.547377416066697
 30
0.0
 10
-53.5173310282854
 20
-3.488581143547884
 30
0.0
 10
-53.51746383528329
 20
-3.429784823489321
 30
0.0
 10
-53.5175303024738
 20
-3.400358465949547
 30
0.0
  0
SPLINE
  5
84B
330
817
100
AcDbEntity
  8
0
  6
Continuous
 62
     7
370
    25
100
AcDbSpline
210
0.0
220
0.0
230
1.0
 70
     8
 71
     3
 72
     9
 73
     5
 74
     0
 42
0.00000001
 43
0.00000001
 40
0.0
 40
0.0
 40
0.0
 40
0.0
 40
0.4994804822835264
 40
1.0
 40
1.0
 40
1.0
 40
1.0
 10
-53.5175303024738
 20
-4.987858465949511
 30
0.0
 10
-53.51745840454619
 20
-4.958490878618324
 30
0.0
 10
-53.51731445912679
 20
-4.899694612552238
 30
0.0
 10
-53.5174583048712
 20
-4.840898286046722
 30
0.0
 10
-53.5175303024738
 20
-4.811469577060687
 30
0.0
  0
SPLINE
  5
84C
330
817
100
AcDbEntity
  8
0
  6
Continuous
 62
     7
370
    25
100
AcDbSpline
210
0.0
220
0.0
230
1.0
 70
     8
 71
     3
 72
     9
 73
     5
 74
     0
 42
0.00000001
 43
0.00000001
 40
0.0
 40
0.0
 40
0.0
 40
0.0
 40
0.4994405503757262
 40
1.0
 40
1.0
 40
1.0
 40
1.0
 10
-53.5175303024738
 20
-6.398969577060651
 30
0.0
 10
-53.51745289134449
 20
-6.369604341335042
 30
0.0
 10
-53.5172978956615
 20
-6.310808082794381
 30
0.0
 10
-53.51745277577129
 20
-6.252011748770656
 30
0.0
 10
-53.5175303024738
 20
-6.222580688171828
 30
0.0
  0
SPLINE
  5
84D
330
817
100
AcDbEntity
  8
0
  6
Continuous
 62
     7
370
    25
100
AcDbSpline
210
0.0
220
0.0
230
1.0
 70
     8
 71
     3
 72
     9
 73
     5
 74
     0
 42
0.00000001
 43
0.00000001
 40
0.0
 40
0.0
 40
0.0
 40
0.0
 40
0.4994006252303043
 40
1.0
 40
1.0
 40
1.0
 40
1.0
 10
-53.5175303024738
 20
-7.810080688171792
 30
0.0
 10
-53.51744738062669
 20
-7.780717804230394
 30
0.0
 10
-53.51728133788899
 20
-7.721921554370235
 30
0.0
 10
-53.5174472479839
 20
-7.66312521167489
 30
0.0
 10
-53.5175303024738
 20
-7.633691799282857
 30
0.0
  0
SPLINE
  5
84E
330
817
100
AcDbEntity
  8
0
  6
Continuous
 62
     7
370
    25
100
AcDbSpline
210
0.0
220
0.0
230
1.0
 70
     8
 71
     3
 72
     9
 73
     5
 74
     0
 42
0.00000001
 43
0.00000001
 40
0.0
 40
0.0
 40
0.0
 40
0.0
 40
0.4993607073135157
 40
0.9999999999999999
 40
0.9999999999999999
 40
0.9999999999999999
 40
0.9999999999999999
 10
-53.5175303024738
 20
-9.221191799282822
 30
0.0
 10
-53.5174418723922
 20
-9.191831267318038
 30
0.0
 10
-53.51726478580859
 20
-9.133035027375833
 30
0.0
 10
-53.5174417215096
 20
-9.074238674773413
 30
0.0
 10
-53.5175303024738
 20
-9.044802910393999
 30
0.0
  0
SPLINE
  5
84F
330
817
100
AcDbEntity
  8
0
  6
Continuous
 62
     7
370
    25
100
AcDbSpline
210
0.0
220
0.0
230
1.0
 70
     8
 71
     3
 72
     9
 73
     5
 74
     0
 42
0.00000001
 43
0.00000001
 40
0.0
 40
0.0
 40
0.0
 40
0.0
 40
0.49932079709107
 40
1.0
 40
1.0
 40
1.0
 40
1.0
 10
-53.5175303024738
 20
-10.63230291039396
 30
0.0
 10
-53.5174363666402
 20
-10.60294473061141
 30
0.0
 10
-53.5172482394199
 20
-10.54414850190699
 30
0.0
 10
-53.5174361963485
 20
-10.48535213807999
 30
0.0
 10
-53.5175303024738
 20
-10.45591402150514
 30
0.0
  0
SPLINE
  5
850
330
817
100
AcDbEntity
  8
0
  6
Continuous
 62
     7
370
    25
100
AcDbSpline
210
0.0
220
0.0
230
1.0
 70
     8
 71
     3
 72
     9
 73
     5
 74
     0
 42
0.00000001
 43
0.00000001
 40
0.0
 40
0.0
 40
0.0
 40
0.0
 40
0.4992808950283392
 40
1.0
 40
1.0
 40
1.0
 40
1.0
 10
-53.5175303024738
 20
-12.0434140215051
 30
0.0
 10
-53.51743086337009
 20
-12.01405819412404
 30
0.0
 10
-53.5172316987222
 20
-11.95526197805929
 30
0.0
 10
-53.51743067250119
 20
-11.89646560160839
 30
0.0
 10
-53.5175303024738
 20
-11.86702513261628
 30
0.0
  0
SPLINE
  5
851
330
817
100
AcDbEntity
  8
0
  6
Continuous
 62
     7
370
    25
100
AcDbSpline
210
0.0
220
0.0
230
1.0
 70
     8
 71
     3
 72
     9
 73
     5
 74
     0
 42
0.00000001
 43
0.00000001
 40
0.0
 40
0.0
 40
0.0
 40
0.0
 40
0.4992410015905361
 40
1.0
 40
1.0
 40
1.0
 40
1.0
 10
-53.5175303024738
 20
-13.45452513261624
 30
0.0
 10
-53.51742536258119
 20
-13.4251716578696
 30
0.0
 10
-53.51721516371499
 20
-13.36637545592878
 30
0.0
 10
-53.51742514996799
 20
-13.30757906537239
 30
0.0
 10
-53.5175303024738
 20
-13.27813624372731
 30
0.0
  0
SPLINE
  5
852
330
817
100
AcDbEntity
  8
0
  6
Continuous
 62
     7
370
    25
100
AcDbSpline
210
0.0
220
0.0
230
1.0
 70
     8
 71
     3
 72
     9
 73
     5
 74
     0
 42
0.00000001
 43
0.00000001
 40
0.0
 40
0.0
 40
0.0
 40
0.0
 40
0.4992011172428524
 40
1.0
 40
1.0
 40
1.0
 40
1.0
 10
-53.5175303024738
 20
-14.86563624372727
 30
0.0
 10
-53.5174198642729
 20
-14.83628512186141
 30
0.0
 10
-53.5171986343977
 20
-14.77748893561081
 30
0.0
 10
-53.51741962874929
 20
-14.71869252938595
 30
0.0
 10
-53.5175303024738
 20
-14.68924735483845
 30
0.0
  0
SPLINE
  5
853
330
817
100
AcDbEntity
  8
0
  6
Continuous
 62
     7
370
    25
100
AcDbSpline
210
0.0
220
0.0
230
1.0
 70
     8
 71
     3
 72
     9
 73
     5
 74
     0
 42
0.00000001
 43
0.00000001
 40
0.0
 40
0.0
 40
0.0
 40
0.0
 40
0.4991612424494202
 40
0.9999999999999999
 40
0.9999999999999999
 40
0.9999999999999999
 40
0.9999999999999999
 10
-53.5175303024738
 20
-16.27674735483841
 30
0.0
 10
-53.51741436844439
 20
-16.24739858611312
 30
0.0
 10
-53.51718211076989
 20
-16.1886024172011
 30
0.0
 10
-53.5174141088457
 20
-16.12980599366287
 30
0.0
 10
-53.5175303024738
 20
-16.10035846594959
 30
0.0
  0
SPLINE
  5
854
330
817
100
AcDbEntity
  8
0
  6
Continuous
 62
     7
370
    25
100
AcDbSpline
210
0.0
220
0.0
230
1.0
 70
     8
 71
     3
 72
     9
 73
     5
 74
     0
 42
0.00000001
 43
0.00000001
 40
0.0
 40
0.0
 40
0.0
 40
0.0
 40
0.499121377674394
 40
1.0
 40
1.0
 40
1.0
 40
1.0
 10
-53.51753030247369
 20
-17.68785846594956
 30
0.0
 10
-53.5174088750949
 20
-17.65851205063806
 30
0.0
 10
-53.51716559283079
 20
-17.59971590079523
 30
0.0
 10
-53.51740859025739
 20
-17.54091945821689
 30
0.0
 10
-53.5175303024738
 20
-17.51146957706062
 30
0.0
  0
SPLINE
  5
855
330
817
100
AcDbEntity
  8
0
  6
Continuous
 62
     7
370
    25
100
AcDbSpline
210
0.0
220
0.0
230
1.0
 70
     8
 71
     3
 72
     9
 73
     5
 74
     0
 42
0.00000001
 43
0.00000001
 40
0.0
 40
0.0
 40
0.0
 40
0.0
 40
0.4990815233817361
 40
1.0
 40
1.0
 40
1.0
 40
1.0
 10
-53.51753030247369
 20
-19.0989695770607
 30
0.0
 10
-53.5174033842238
 20
-19.06962551544966
 30
0.0
 10
-53.51714908058
 20
-19.01082938648846
 30
0.0
 10
-53.51740307298509
 20
-18.95203292306191
 30
0.0
 10
-53.51753030247369
 20
-18.92258068817176
 30
0.0
  0
SPLINE
  5
856
330
817
100
AcDbEntity
  8
0
  6
Continuous
 62
     7
370
    25
100
AcDbSpline
210
0.0
220
0.0
230
1.0
 70
     8
 71
     3
 72
     9
 73
     5
 74
     0
 42
0.00000001
 43
0.00000001
 40
0.0
 40
0.0
 40
0.0
 40
0.0
 40
0.4990416800346091
 40
1.0
 40
1.0
 40
1.0
 40
1.0
 10
-53.51753030247369
 20
-20.51008068817173
 30
0.0
 10
-53.5173978958303
 20
-20.48073898056146
 30
0.0
 10
-53.5171325740169
 20
-20.42194287437615
 30
0.0
 10
-53.5173975570291
 20
-20.36314638821168
 30
0.0
 10
-53.51753030247369
 20
-20.3336917992829
 30
0.0
  0
SPLINE
  5
857
330
817
100
AcDbEntity
  8
0
  6
Continuous
 62
     7
370
    25
100
AcDbSpline
210
0.0
220
0.0
230
1.0
 70
     8
 71
     3
 72
     9
 73
     5
 74
     0
 42
0.00000001
 43
0.00000001
 40
0.0
 40
0.0
 40
0.0
 40
0.0
 40
0.4990018480960667
 40
1.0
 40
1.0
 40
1.0
 40
1.0
 10
-53.51753030247369
 20
-21.92119179928287
 30
0.0
 10
-53.5173924099136
 20
-21.8918524459869
 30
0.0
 10
-53.517116073141
 20
-21.83305636455357
 30
0.0
 10
-53.51739204239
 20
-21.77425985368008
 30
0.0
 10
-53.51753030247369
 20
-21.74480291039404
 30
0.0
  0
SPLINE
  5
858
330
817
100
AcDbEntity
  8
0
  6
Continuous
 62
     7
370
    25
100
AcDbSpline
210
0.0
220
0.0
230
1.0
 70
     8
 71
     3
 72
     9
 73
     5
 74
     0
 42
0.00000001
 43
0.00000001
 40
0.0
 40
0.0
 40
0.0
 40
0.0
 40
0.4989620280284838
 40
1.0
 40
1.0
 40
1.0
 40
1.0
 10
-53.5175303024738
 20
-23.33230291039401
 30
0.0
 10
-53.51738692647289
 20
-23.30296591173919
 30
0.0
 10
-53.5170995779517
 20
-23.24416985711597
 30
0.0
 10
-53.51738652906829
 20
-23.18537331948078
 30
0.0
 10
-53.5175303024738
 20
-23.15591402150518
 30
0.0
  0
SPLINE
  5
859
330
817
100
AcDbEntity
  8
0
  6
Continuous
 62
     7
370
    25
100
AcDbSpline
210
0.0
220
0.0
230
1.0
 70
     8
 71
     3
 72
     9
 73
     5
 74
     0
 42
0.00000001
 43
0.00000001
 40
0.0
 40
0.0
 40
0.0
 40
0.0
 40
0.4989222202938943
 40
1.0
 40
1.0
 40
1.0
 40
1.0
 10
-53.5175303024738
 20
-24.74341402150515
 30
0.0
 10
-53.5173814455074
 20
-24.71407937783165
 30
0.0
 10
-53.51708308844839
 20
-24.65528335215827
 30
0.0
 10
-53.51738101706439
 20
-24.59648678562776
 30
0.0
 10
-53.5175303024738
 20
-24.56702513261622
 30
0.0
  0
SPLINE
  5
85A
330
817
100
AcDbEntity
  8
0
  6
Continuous
 62
     7
370
    25
100
AcDbSpline
210
0.0
220
0.0
230
1.0
 70
     8
 71
     3
 72
     9
 73
     5
 74
     0
 42
0.00000001
 43
0.00000001
 40
0.0
 40
0.0
 40
0.0
 40
0.0
 40
0.4988824253538935
 40
1.0
 40
1.0
 40
1.0
 40
1.0
 10
-53.5175303024738
 20
-26.15452513261618
 30
0.0
 10
-53.51737596701639
 20
-26.12519284427783
 30
0.0
 10
-53.5170666046306
 20
-26.06639684977563
 30
0.0
 10
-53.5173755063789
 20
-26.00760025213466
 30
0.0
 10
-53.5175303024738
 20
-25.97813624372736
 30
0.0
  0
SPLINE
  5
85B
330
817
100
AcDbEntity
  8
0
  6
Continuous
 62
     7
370
    25
100
AcDbSpline
210
0.0
220
0.0
230
1.0
 70
     8
 71
     3
 72
     9
 73
     5
 74
     0
 42
0.00000001
 43
0.00000001
 40
0.0
 40
0.0
 40
0.0
 40
0.0
 40
0.4988426436692674
 40
1.0
 40
1.0
 40
1.0
 40
1.0
 10
-53.5175303024738
 20
-27.56563624372732
 30
0.0
 10
-53.517370490999
 20
-27.53630631109094
 30
0.0
 10
-53.51705012649779
 20
-27.47751035006274
 30
0.0
 10
-53.5173699970123
 20
-27.41871371901527
 30
0.0
 10
-53.5175303024738
 20
-27.3892473548385
 30
0.0
  0
SPLINE
  5
85C
330
817
100
AcDbEntity
  8
0
  6
Continuous
 62
     7
370
    25
100
AcDbSpline
210
0.0
220
0.0
230
1.0
 70
     8
 71
     3
 72
     9
 73
     5
 74
     0
 42
0.00000001
 43
0.00000001
 40
0.0
 40
0.0
 40
0.0
 40
0.0
 40
0.4988028757008392
 40
1.0
 40
1.0
 40
1.0
 40
1.0
 10
-53.5175303024738
 20
-28.97674735483846
 30
0.0
 10
-53.5173650174544
 20
-28.94741977828418
 30
0.0
 10
-53.5170336540494
 20
-28.88862385311441
 30
0.0
 10
-53.5173644889653
 20
-28.82982718628357
 30
0.0
 10
-53.5175303024738
 20
-28.80035846594952
 30
0.0
  0
SPLINE
  5
85D
330
817
100
AcDbEntity
  8
0
  6
Continuous
 62
     7
370
    25
100
AcDbSpline
210
0.0
220
0.0
230
1.0
 70
     8
 71
     3
 72
     9
 73
     5
 74
     0
 42
0.00000001
 43
0.00000001
 40
0.0
 40
0.0
 40
0.0
 40
0.0
 40
0.4987631219085485
 40
1.0
 40
1.0
 40
1.0
 40
1.0
 10
-53.5175303024738
 20
-30.3878584659496
 30
0.0
 10
-53.5173595463818
 20
-30.35853324587101
 30
0.0
 10
-53.51701718728489
 20
-30.29973735902524
 30
0.0
 10
-53.51735898223829
 20
-30.24094065395311
 30
0.0
 10
-53.5175303024738
 20
-30.21146957706066
 30
0.0
  0
SPLINE
  5
85E
330
817
100
AcDbEntity
  8
0
  6
Continuous
 62
     7
370
    25
100
AcDbSpline
210
0.0
220
0.0
230
1.0
 70
     8
 71
     3
 72
     9
 73
     5
 74
     0
 42
0.00000001
 43
0.00000001
 40
0.0
 40
0.0
 40
0.0
 40
0.0
 40
0.498723382751649
 40
1.0
 40
1.0
 40
1.0
 40
1.0
 10
-53.5175303024738
 20
-31.79896957706063
 30
0.0
 10
-53.5173540777802
 20
-31.76964671386451
 30
0.0
 10
-53.51700072620359
 20
-31.71085086788994
 30
0.0
 10
-53.517353476832
 20
-31.65205412203775
 30
0.0
 10
-53.5175303024738
 20
-31.62258068817181
 30
0.0
  0
SPLINE
  5
85F
330
817
100
AcDbEntity
  8
0
  6
Continuous
 62
     7
370
    25
100
AcDbSpline
210
0.0
220
0.0
230
1.0
 70
     8
 71
     3
 72
     9
 73
     5
 74
     0
 42
0.00000001
 43
0.00000001
 40
0.0
 40
0.0
 40
0.0
 40
0.0
 40
0.4986836586891826
 40
0.9999999999999999
 40
0.9999999999999999
 40
0.9999999999999999
 40
0.9999999999999999
 10
-53.5175303024738
 20
-33.21008068817177
 30
0.0
 10
-53.5173486116488
 20
-33.18076018227789
 30
0.0
 10
-53.5169842708052
 20
-33.12196437980275
 30
0.0
 10
-53.51734797274699
 20
-33.06316759055128
 30
0.0
 10
-53.5175303024738
 20
-33.03369179928295
 30
0.0
  0
SPLINE
  5
860
330
817
100
AcDbEntity
  8
0
  6
Continuous
 62
     7
370
    25
100
AcDbSpline
210
0.0
220
0.0
230
1.0
 70
     8
 71
     3
 72
     9
 73
     5
 74
     0
 42
0.00000001
 43
0.00000001
 40
0.0
 40
0.0
 40
0.0
 40
0.0
 40
0.4986439501794515
 40
1.0
 40
1.0
 40
1.0
 40
1.0
 10
-53.5175303024738
 20
-34.62119179928291
 30
0.0
 10
-53.51734314798679
 20
-34.59187365112448
 30
0.0
 10
-53.516967821089
 20
-34.53307789485804
 30
0.0
 10
-53.51734246998379
 20
-34.47428105950733
 30
0.0
 10
-53.5175303024738
 20
-34.44480291039397
 30
0.0
  0
CIRCLE
  5
861
330
817
100
AcDbEntity
  8
0
  6
Continuous
 62
     7
370
    25
100
AcDbCircle
 10
-31.0
 20
29.76
 30
0.0
 40
9.99999999999998
  0
CIRCLE
  5
862
330
817
100
AcDbEntity
  8
0
  6
Continuous
 62
     7
370
    25
100
AcDbCircle
 10
-31.0
 20
79.76
 30
0.0
 40
10.0
  0
SPLINE
  5
863
330
817
100
AcDbEntity
  8
0
  6
Continuous
 62
     7
370
    25
100
AcDbSpline
210
0.0
220
0.0
230
1.0
 70
     9
 71
     3
 72
    26
 73
    22
 74
     0
 42
0.00000001
 43
0.00000001
 40
0.0
 40
0.0
 40
0.0
 40
0.0
 40
0.0554749306413921
 40
0.1144911424562974
 40
0.1715515782199243
 40
0.2247939933468627
 40
0.2743428690662773
 40
0.3222471885139028
 40
0.3710077775043971
 40
0.4224884577171642
 40
0.4774412569291788
 40
0.5213834758792436
 40
0.5776644239938624
 40
0.6343998543049869
 40
0.6902192015694258
 40
0.7420670535302737
 40
0.7907709432622582
 40
0.8387036332165501
 40
0.8882298024984926
 40
0.9408722739571719
 40
1.0
 40
1.0
 40
1.0
 40
1.0
 10
-58.16738762464209
 20
-60.10222894618144
 30
0.0
 10
-58.08161763876269
 20
-60.11029599819917
 30
0.0
 10
-57.90460247969449
 20
-60.12694506816796
 30
0.0
 10
-57.6657723770266
 20
-60.2611626605194
 30
0.0
 10
-57.48943676416749
 20
-60.46216317567454
 30
0.0
 10
-57.40161739805059
 20
-60.70000798778629
 30
0.0
 10
-57.4011458555172
 20
-60.93814174588463
 30
0.0
 10
-57.4762190012782
 20
-61.15626056484668
 30
0.0
 10
-57.6176905172574
 20
-61.3420146316066
 30
0.0
 10
-57.81853552010139
 20
-61.48137808970677
 30
0.0
 10
-58.0453254286263
 20
-61.54901177025884
 30
0.0
 10
-58.2861089121939
 20
-61.54984036510791
 30
0.0
 10
-58.5201463425574
 20
-61.47995470257283
 30
0.0
 10
-58.73123855069109
 20
-61.32419037135184
 30
0.0
 10
-58.87157218313959
 20
-61.10807430065989
 30
0.0
 10
-58.9261610303481
 20
-60.86714617204936
 30
0.0
 10
-58.9007159290685
 20
-60.63420111906792
 30
0.0
 10
-58.8061277057502
 20
-60.42553092691549
 30
0.0
 10
-58.6487328037547
 20
-60.25482721187147
 30
0.0
 10
-58.43072122700779
 20
-60.12850779466183
 30
0.0
 10
-58.2584964969773
 20
-60.11132097329008
 30
0.0
 10
-58.16738762464209
 20
-60.10222894618144
 30
0.0
  0
SPLINE
  5
864
330
817
100
AcDbEntity
  8
0
  6
Continuous
 62
     7
370
    25
100
AcDbSpline
210
0.0
220
0.0
230
1.0
 70
     9
 71
     3
 72
    27
 73
    23
 74
     0
 42
0.00000001
 43
0.00000001
 40
0.0
 40
0.0
 40
0.0
 40
0.0
 40
0.003136031758401
 40
0.0601933720060097
 40
0.1128086468060836
 40
0.1622695780305974
 40
0.2097872948958035
 40
0.2578603728664801
 40
0.3090894238694513
 40
0.3646078623456137
 40
0.4215366366032506
 40
0.4783808987491745
 40
0.5228514880906198
 40
0.5783520553471093
 40
0.6300294024809625
 40
0.6785956829317059
 40
0.7259924151462838
 40
0.7748834804184755
 40
0.8275808001296316
 40
0.884505959998715
 40
0.9438935693197822
 40
1.0
 40
1.0
 40
1.0
 40
1.0
 10
-58.17208223089689
 20
-60.18961143922496
 30
0.0
 10
-58.17637325107199
 20
-60.18963600254545
 30
0.0
 10
-58.25873561012459
 20
-60.19010747388287
 30
0.0
 10
-58.41320939197399
 20
-60.21813195610404
 30
0.0
 10
-58.6057322560048
 20
-60.3228116711797
 30
0.0
 10
-58.74754983273689
 20
-60.47337310644596
 30
0.0
 10
-58.833154849526
 20
-60.65674451658598
 30
0.0
 10
-58.85623321764029
 20
-60.86214729628448
 30
0.0
 10
-58.80670515748029
 20
-61.07453069252422
 30
0.0
 10
-58.6797025878215
 20
-61.26455101719419
 30
0.0
 10
-58.48939619065669
 20
-61.40101949177168
 30
0.0
 10
-58.27890672996169
 20
-61.46214128954019
 30
0.0
 10
-58.06224695941719
 20
-61.46141588921128
 30
0.0
 10
-57.8582075920161
 20
-61.40223736370398
 30
0.0
 10
-57.67709708078789
 20
-61.28002809655586
 30
0.0
 10
-57.5492467181564
 20
-61.11678291558131
 30
0.0
 10
-57.48125049173609
 20
-60.92471685820111
 30
0.0
 10
-57.48167564413589
 20
-60.71474206017935
 30
0.0
 10
-57.5613148493277
 20
-60.50518546148087
 30
0.0
 10
-57.7207093013554
 20
-60.32864398398519
 30
0.0
 10
-57.93576496023459
 20
-60.21121832238851
 30
0.0
 10
-58.0948160176267
 20
-60.19667601828826
 30
0.0
 10
-58.17208223089689
 20
-60.18961143922496
 30
0.0
  0
SPLINE
  5
865
330
817
100
AcDbEntity
  8
0
  6
Continuous
 62
     7
370
    25
100
AcDbSpline
210
0.0
220
0.0
230
1.0
 70
     8
 71
     3
 72
    10
 73
     6
 74
     0
 42
0.00000001
 43
0.00000001
 40
0.0
 40
0.0
 40
0.0
 40
0.0
 40
0.366694515333774
 40
0.7302075487335954
 40
1.0
 40
1.0
 40
1.0
 40
1.0
 10
-56.62393342299289
 20
14.26555381079453
 30
0.0
 10
-55.86101197007359
 20
14.22701855934366
 30
0.0
 10
-54.34178825464559
 20
14.15028239252053
 30
0.0
 10
-52.9143697419501
 20
14.04937900735265
 30
0.0
 10
-52.8744421655515
 20
13.98247287312904
 30
0.0
 10
-52.8574327459736
 20
13.95397040410895
 30
0.0
  0
SPLINE
  5
866
330
817
100
AcDbEntity
  8
0
  6
Continuous
 62
     7
370
    25
100
AcDbSpline
210
0.0
220
0.0
230
1.0
 70
     8
 71
     3
 72
    15
 73
    11
 74
     0
 42
0.00000001
 43
0.00000001
 40
0.0
 40
0.0
 40
0.0
 40
0.0
 40
0.0593488532898758
 40
0.184452955289938
 40
0.3095253636892614
 40
0.4346191649130242
 40
0.5596925567375685
 40
0.721150881242539
 40
0.8812083755713852
 40
0.9999999999999999
 40
0.9999999999999999
 40
0.9999999999999999
 40
0.9999999999999999
 10
-62.150467380965
 20
13.24883370076452
 30
0.0
 10
-62.17754935710029
 20
13.23483402782816
 30
0.0
 10
-62.26171864186919
 20
13.19132381822741
 30
0.0
 10
-61.56060670267399
 20
13.11873885784087
 30
0.0
 10
-60.26462438659789
 20
13.03067492916749
 30
0.0
 10
-58.5041865296752
 20
12.94243117268457
 30
0.0
 10
-56.41384369437269
 20
12.84631786371671
 30
0.0
 10
-54.35304171957229
 20
12.73900640273218
 30
0.0
 10
-52.9123921400833
 20
12.63829687081797
 30
0.0
 10
-52.8738513746373
 20
12.57137041791418
 30
0.0
 10
-52.8574327459736
 20
12.54285929299787
 30
0.0
  0
SPLINE
  5
867
330
817
100
AcDbEntity
  8
0
  6
Continuous
 62
     7
370
    25
100
AcDbSpline
210
0.0
220
0.0
230
1.0
 70
     8
 71
     3
 72
     9
 73
     5
 74
     0
 42
0.00000001
 43
0.00000001
 40
0.0
 40
0.0
 40
0.0
 40
0.0
 40
0.5350319847381361
 40
1.0
 40
1.0
 40
1.0
 40
1.0
 10
-54.2524976409413
 20
-2.798933521831579
 30
0.0
 10
-53.77221515220839
 20
-2.830550975839394
 30
0.0
 10
-52.87454454104289
 20
-2.88964548777437
 30
0.0
 10
-52.8628638798332
 20
-2.95088739921223
 30
0.0
 10
-52.8574327459736
 20
-2.979362929224403
 30
0.0
  0
SPLINE
  5
868
330
817
100
AcDbEntity
  8
0
  6
Continuous
 62
     7
370
    25
100
AcDbSpline
210
0.0
220
0.0
230
1.0
 70
     8
 71
     3
 72
    15
 73
    11
 74
     0
 42
0.00000001
 43
0.00000001
 40
0.0
 40
0.0
 40
0.0
 40
0.0
 40
0.0593488532898758
 40
0.1844529552899389
 40
0.309525363689261
 40
0.4346191649130248
 40
0.5596925567375682
 40
0.7211508812425389
 40
0.8812083755713853
 40
1.0
 40
1.0
 40
1.0
 40
1.0
 10
-62.150467380965
 20
-3.684499632568781
 30
0.0
 10
-62.17754935710039
 20
-3.698499305505141
 30
0.0
 10
-62.26171864186919
 20
-3.742009515105946
 30
0.0
 10
-61.56060670267399
 20
-3.814594475492481
 30
0.0
 10
-60.26462438659789
 20
-3.902658404165813
 30
0.0
 10
-58.5041865296752
 20
-3.990902160648788
 30
0.0
 10
-56.41384369437269
 20
-4.087015469616648
 30
0.0
 10
-54.35304171957219
 20
-4.194326930601175
 30
0.0
 10
-52.9123921400834
 20
-4.295036462515387
 30
0.0
 10
-52.8738513746373
 20
-4.361962915419235
 30
0.0
 10
-52.8574327459736
 20
-4.390474040335432
 30
0.0
  0
SPLINE
  5
869
330
817
100
AcDbEntity
  8
0
  6
Continuous
 62
     7
370
    25
100
AcDbSpline
210
0.0
220
0.0
230
1.0
 70
     8
 71
     3
 72
    15
 73
    11
 74
     0
 42
0.00000001
 43
0.00000001
 40
0.0
 40
0.0
 40
0.0
 40
0.0
 40
0.0593488532898758
 40
0.1844529552899389
 40
0.309525363689261
 40
0.4346191649130248
 40
0.5596925567375682
 40
0.7211508812425389
 40
0.8812083755713853
 40
1.0
 40
1.0
 40
1.0
 40
1.0
 10
-62.150467380965
 20
-5.095610743679921
 30
0.0
 10
-62.17754935710039
 20
-5.109610416616281
 30
0.0
 10
-62.26171864186919
 20
-5.153120626216976
 30
0.0
 10
-61.56060670267399
 20
-5.225705586603511
 30
0.0
 10
-60.26462438659789
 20
-5.313769515276954
 30
0.0
 10
-58.5041865296752
 20
-5.402013271759929
 30
0.0
 10
-56.41384369437269
 20
-5.498126580727789
 30
0.0
 10
-54.35304171957219
 20
-5.605438041712316
 30
0.0
 10
-52.9123921400834
 20
-5.706147573626417
 30
0.0
 10
-52.8738513746373
 20
-5.773074026530264
 30
0.0
 10
-52.8574327459736
 20
-5.801585151446573
 30
0.0
  0
SPLINE
  5
86A
330
817
100
AcDbEntity
  8
0
  6
Continuous
 62
     7
370
    25
100
AcDbSpline
210
0.0
220
0.0
230
1.0
 70
     8
 71
     3
 72
    15
 73
    11
 74
     0
 42
0.00000001
 43
0.00000001
 40
0.0
 40
0.0
 40
0.0
 40
0.0
 40
0.0593488532898758
 40
0.1844529552899389
 40
0.309525363689261
 40
0.4346191649130248
 40
0.5596925567375682
 40
0.7211508812425389
 40
0.8812083755713853
 40
1.0
 40
1.0
 40
1.0
 40
1.0
 10
-62.150467380965
 20
-6.506721854791062
 30
0.0
 10
-62.17754935710039
 20
-6.520721527727422
 30
0.0
 10
-62.26171864186919
 20
-6.564231737328116
 30
0.0
 10
-61.56060670267399
 20
-6.636816697714651
 30
0.0
 10
-60.26462438659789
 20
-6.724880626388094
 30
0.0
 10
-58.5041865296752
 20
-6.813124382870959
 30
0.0
 10
-56.41384369437269
 20
-6.909237691838818
 30
0.0
 10
-54.35304171957219
 20
-7.016549152823456
 30
0.0
 10
-52.9123921400834
 20
-7.117258684737557
 30
0.0
 10
-52.8738513746373
 20
-7.184185137641406
 30
0.0
 10
-52.8574327459736
 20
-7.212696262557714
 30
0.0
  0
SPLINE
  5
86B
330
817
100
AcDbEntity
  8
0
  6
Continuous
 62
     7
370
    25
100
AcDbSpline
210
0.0
220
0.0
230
1.0
 70
     8
 71
     3
 72
    15
 73
    11
 74
     0
 42
0.00000001
 43
0.00000001
 40
0.0
 40
0.0
 40
0.0
 40
0.0
 40
0.0593488532898758
 40
0.1844529552899389
 40
0.309525363689261
 40
0.4346191649130248
 40
0.5596925567375682
 40
0.7211508812425389
 40
0.8812083755713853
 40
1.0
 40
1.0
 40
1.0
 40
1.0
 10
-62.150467380965
 20
-7.917832965902202
 30
0.0
 10
-62.17754935710039
 20
-7.931832638838562
 30
0.0
 10
-62.26171864186919
 20
-7.975342848439257
 30
0.0
 10
-61.56060670267399
 20
-8.047927808825792
 30
0.0
 10
-60.26462438659789
 20
-8.135991737499236
 30
0.0
 10
-58.5041865296752
 20
-8.2242354939821
 30
0.0
 10
-56.41384369437269
 20
-8.32034880294996
 30
0.0
 10
-54.35304171957219
 20
-8.427660263934488
 30
0.0
 10
-52.9123921400834
 20
-8.528369795848699
 30
0.0
 10
-52.8738513746373
 20
-8.595296248752547
 30
0.0
 10
-52.8574327459736
 20
-8.623807373668855
 30
0.0
  0
SPLINE
  5
86C
330
817
100
AcDbEntity
  8
0
  6
Continuous
 62
     7
370
    25
100
AcDbSpline
210
0.0
220
0.0
230
1.0
 70
     8
 71
     3
 72
    15
 73
    11
 74
     0
 42
0.00000001
 43
0.00000001
 40
0.0
 40
0.0
 40
0.0
 40
0.0
 40
0.0593488532898758
 40
0.1844529552899389
 40
0.309525363689261
 40
0.4346191649130248
 40
0.5596925567375682
 40
0.7211508812425389
 40
0.8812083755713853
 40
1.0
 40
1.0
 40
1.0
 40
1.0
 10
-62.150467380965
 20
-9.328944077013231
 30
0.0
 10
-62.17754935710039
 20
-9.342943749949594
 30
0.0
 10
-62.26171864186919
 20
-9.386453959550398
 30
0.0
 10
-61.56060670267399
 20
-9.459038919936933
 30
0.0
 10
-60.26462438659789
 20
-9.547102848610265
 30
0.0
 10
-58.5041865296752
 20
-9.63534660509324
 30
0.0
 10
-56.41384369437269
 20
-9.731459914061102
 30
0.0
 10
-54.35304171957219
 20
-9.838771375045628
 30
0.0
 10
-52.9123921400834
 20
-9.93948090695984
 30
0.0
 10
-52.8738513746373
 20
-10.00640735986369
 30
0.0
 10
-52.8574327459736
 20
-10.03491848477988
 30
0.0
  0
SPLINE
  5
86D
330
817
100
AcDbEntity
  8
0
  6
Continuous
 62
     7
370
    25
100
AcDbSpline
210
0.0
220
0.0
230
1.0
 70
     8
 71
     3
 72
    15
 73
    11
 74
     0
 42
0.00000001
 43
0.00000001
 40
0.0
 40
0.0
 40
0.0
 40
0.0
 40
0.0593488532898758
 40
0.1844529552899389
 40
0.309525363689261
 40
0.4346191649130248
 40
0.5596925567375682
 40
0.7211508812425389
 40
0.8812083755713853
 40
1.0
 40
1.0
 40
1.0
 40
1.0
 10
-62.150467380965
 20
-10.74005518812437
 30
0.0
 10
-62.17754935710039
 20
-10.75405486106073
 30
0.0
 10
-62.26171864186919
 20
-10.79756507066143
 30
0.0
 10
-61.56060670267399
 20
-10.87015003104796
 30
0.0
 10
-60.26462438659789
 20
-10.95821395972141
 30
0.0
 10
-58.5041865296752
 20
-11.04645771620438
 30
0.0
 10
-56.41384369437269
 20
-11.14257102517224
 30
0.0
 10
-54.35304171957219
 20
-11.24988248615677
 30
0.0
 10
-52.9123921400834
 20
-11.35059201807087
 30
0.0
 10
-52.8738513746373
 20
-11.41751847097472
 30
0.0
 10
-52.8574327459736
 20
-11.44602959589103
 30
0.0
  0
SPLINE
  5
86E
330
817
100
AcDbEntity
  8
0
  6
Continuous
 62
     7
370
    25
100
AcDbSpline
210
0.0
220
0.0
230
1.0
 70
     8
 71
     3
 72
    15
 73
    11
 74
     0
 42
0.00000001
 43
0.00000001
 40
0.0
 40
0.0
 40
0.0
 40
0.0
 40
0.0593488532898758
 40
0.1844529552899389
 40
0.309525363689261
 40
0.4346191649130248
 40
0.5596925567375682
 40
0.7211508812425389
 40
0.8812083755713853
 40
1.0
 40
1.0
 40
1.0
 40
1.0
 10
-62.150467380965
 20
-12.15116629923551
 30
0.0
 10
-62.17754935710029
 20
-12.16516597217187
 30
0.0
 10
-62.26171864186909
 20
-12.20867618177257
 30
0.0
 10
-61.56060670267399
 20
-12.2812611421591
 30
0.0
 10
-60.26462438659789
 20
-12.36932507083255
 30
0.0
 10
-58.5041865296752
 20
-12.45756882731541
 30
0.0
 10
-56.41384369437269
 20
-12.55368213628327
 30
0.0
 10
-54.35304171957219
 20
-12.6609935972678
 30
0.0
 10
-52.9123921400834
 20
-12.76170312918201
 30
0.0
 10
-52.8738513746373
 20
-12.82862958208586
 30
0.0
 10
-52.8574327459736
 20
-12.85714070700217
 30
0.0
  0
SPLINE
  5
86F
330
817
100
AcDbEntity
  8
0
  6
Continuous
 62
     7
370
    25
100
AcDbSpline
210
0.0
220
0.0
230
1.0
 70
     8
 71
     3
 72
    15
 73
    11
 74
     0
 42
0.00000001
 43
0.00000001
 40
0.0
 40
0.0
 40
0.0
 40
0.0
 40
0.0593488532898758
 40
0.1844529552899389
 40
0.309525363689261
 40
0.4346191649130248
 40
0.5596925567375682
 40
0.7211508812425389
 40
0.8812083755713853
 40
1.0
 40
1.0
 40
1.0
 40
1.0
 10
-62.150467380965
 20
-13.56227741034666
 30
0.0
 10
-62.17754935710029
 20
-13.57627708328301
 30
0.0
 10
-62.26171864186909
 20
-13.61978729288371
 30
0.0
 10
-61.56060670267399
 20
-13.69237225327024
 30
0.0
 10
-60.26462438659789
 20
-13.78043618194369
 30
0.0
 10
-58.5041865296752
 20
-13.86867993842655
 30
0.0
 10
-56.41384369437269
 20
-13.96479324739441
 30
0.0
 10
-54.35304171957219
 20
-14.07210470837894
 30
0.0
 10
-52.9123921400834
 20
-14.17281424029315
 30
0.0
 10
-52.8738513746373
 20
-14.239740693197
 30
0.0
 10
-52.8574327459736
 20
-14.26825181811331
 30
0.0
  0
SPLINE
  5
870
330
817
100
AcDbEntity
  8
0
  6
Continuous
 62
     7
370
    25
100
AcDbSpline
210
0.0
220
0.0
230
1.0
 70
     8
 71
     3
 72
    15
 73
    11
 74
     0
 42
0.00000001
 43
0.00000001
 40
0.0
 40
0.0
 40
0.0
 40
0.0
 40
0.0593488532898758
 40
0.1844529552899389
 40
0.309525363689261
 40
0.4346191649130248
 40
0.5596925567375682
 40
0.7211508812425389
 40
0.8812083755713853
 40
1.0
 40
1.0
 40
1.0
 40
1.0
 10
-62.150467380965
 20
-14.97338852145769
 30
0.0
 10
-62.17754935710029
 20
-14.98738819439404
 30
0.0
 10
-62.26171864186909
 20
-15.03089840399485
 30
0.0
 10
-61.56060670267399
 20
-15.10348336438139
 30
0.0
 10
-60.26462438659789
 20
-15.19154729305472
 30
0.0
 10
-58.5041865296752
 20
-15.27979104953769
 30
0.0
 10
-56.41384369437269
 20
-15.37590435850555
 30
0.0
 10
-54.35304171957219
 20
-15.48321581949008
 30
0.0
 10
-52.9123921400834
 20
-15.58392535140429
 30
0.0
 10
-52.8738513746373
 20
-15.65085180430803
 30
0.0
 10
-52.8574327459736
 20
-15.67936292922434
 30
0.0
  0
SPLINE
  5
871
330
817
100
AcDbEntity
  8
0
  6
Continuous
 62
     7
370
    25
100
AcDbSpline
210
0.0
220
0.0
230
1.0
 70
     8
 71
     3
 72
    15
 73
    11
 74
     0
 42
0.00000001
 43
0.00000001
 40
0.0
 40
0.0
 40
0.0
 40
0.0
 40
0.0593488532898758
 40
0.1844529552899389
 40
0.309525363689261
 40
0.4346191649130248
 40
0.5596925567375682
 40
0.7211508812425389
 40
0.8812083755713853
 40
1.0
 40
1.0
 40
1.0
 40
1.0
 10
-62.150467380965
 20
-16.38449963256883
 30
0.0
 10
-62.17754935710039
 20
-16.39849930550519
 30
0.0
 10
-62.26171864186919
 20
-16.44200951510588
 30
0.0
 10
-61.56060670267399
 20
-16.51459447549242
 30
0.0
 10
-60.26462438659789
 20
-16.60265840416586
 30
0.0
 10
-58.5041865296752
 20
-16.69090216064883
 30
0.0
 10
-56.41384369437269
 20
-16.78701546961669
 30
0.0
 10
-54.35304171957219
 20
-16.89432693060122
 30
0.0
 10
-52.9123921400834
 20
-16.99503646251532
 30
0.0
 10
-52.8738513746373
 20
-17.06196291541917
 30
0.0
 10
-52.8574327459736
 20
-17.09047404033548
 30
0.0
  0
SPLINE
  5
872
330
817
100
AcDbEntity
  8
0
  6
Continuous
 62
     7
370
    25
100
AcDbSpline
210
0.0
220
0.0
230
1.0
 70
     8
 71
     3
 72
    15
 73
    11
 74
     0
 42
0.00000001
 43
0.00000001
 40
0.0
 40
0.0
 40
0.0
 40
0.0
 40
0.0593488532898758
 40
0.1844529552899389
 40
0.309525363689261
 40
0.4346191649130248
 40
0.5596925567375691
 40
0.7211508812425389
 40
0.8812083755713853
 40
1.0
 40
1.0
 40
1.0
 40
1.0
 10
-62.150467380965
 20
-17.79561074367996
 30
0.0
 10
-62.17754935710039
 20
-17.80961041661633
 30
0.0
 10
-62.26171864186919
 20
-17.85312062621702
 30
0.0
 10
-61.56060670267399
 20
-17.92570558660356
 30
0.0
 10
-60.26462438659789
 20
-18.013769515277
 30
0.0
 10
-58.5041865296752
 20
-18.10201327175986
 30
0.0
 10
-56.41384369437269
 20
-18.19812658072772
 30
0.0
 10
-54.35304171957219
 20
-18.30543804171225
 30
0.0
 10
-52.9123921400833
 20
-18.40614757362646
 30
0.0
 10
-52.8738513746373
 20
-18.47307402653031
 30
0.0
 10
-52.8574327459736
 20
-18.50158515144662
 30
0.0
  0
SPLINE
  5
873
330
817
100
AcDbEntity
  8
0
  6
Continuous
 62
     7
370
    25
100
AcDbSpline
210
0.0
220
0.0
230
1.0
 70
     8
 71
     3
 72
    15
 73
    11
 74
     0
 42
0.00000001
 43
0.00000001
 40
0.0
 40
0.0
 40
0.0
 40
0.0
 40
0.0593488532898758
 40
0.1844529552899389
 40
0.309525363689261
 40
0.4346191649130248
 40
0.5596925567375691
 40
0.7211508812425389
 40
0.8812083755713853
 40
1.0
 40
1.0
 40
1.0
 40
1.0
 10
-62.150467380965
 20
-19.2067218547911
 30
0.0
 10
-62.17754935710039
 20
-19.22072152772747
 30
0.0
 10
-62.26171864186919
 20
-19.26423173732816
 30
0.0
 10
-61.56060670267399
 20
-19.3368166977147
 30
0.0
 10
-60.26462438659789
 20
-19.42488062638803
 30
0.0
 10
-58.5041865296752
 20
-19.513124382871
 30
0.0
 10
-56.41384369437269
 20
-19.60923769183886
 30
0.0
 10
-54.35304171957219
 20
-19.71654915282339
 30
0.0
 10
-52.9123921400833
 20
-19.8172586847376
 30
0.0
 10
-52.8738513746373
 20
-19.88418513764145
 30
0.0
 10
-52.8574327459736
 20
-19.91269626255765
 30
0.0
  0
SPLINE
  5
874
330
817
100
AcDbEntity
  8
0
  6
Continuous
 62
     7
370
    25
100
AcDbSpline
210
0.0
220
0.0
230
1.0
 70
     8
 71
     3
 72
    15
 73
    11
 74
     0
 42
0.00000001
 43
0.00000001
 40
0.0
 40
0.0
 40
0.0
 40
0.0
 40
0.0593488532898758
 40
0.1844529552899389
 40
0.309525363689261
 40
0.4346191649130248
 40
0.5596925567375682
 40
0.7211508812425389
 40
0.8812083755713853
 40
1.0
 40
1.0
 40
1.0
 40
1.0
 10
-62.150467380965
 20
-20.61783296590214
 30
0.0
 10
-62.17754935710039
 20
-20.6318326388385
 30
0.0
 10
-62.26171864186919
 20
-20.6753428484393
 30
0.0
 10
-61.56060670267399
 20
-20.74792780882572
 30
0.0
 10
-60.26462438659789
 20
-20.83599173749917
 30
0.0
 10
-58.5041865296752
 20
-20.92423549398214
 30
0.0
 10
-56.41384369437269
 20
-21.02034880295
 30
0.0
 10
-54.35304171957219
 20
-21.12766026393453
 30
0.0
 10
-52.9123921400834
 20
-21.22836979584874
 30
0.0
 10
-52.8738513746373
 20
-21.29529624875248
 30
0.0
 10
-52.8574327459736
 20
-21.32380737366879
 30
0.0
  0
SPLINE
  5
875
330
817
100
AcDbEntity
  8
0
  6
Continuous
 62
     7
370
    25
100
AcDbSpline
210
0.0
220
0.0
230
1.0
 70
     8
 71
     3
 72
    15
 73
    11
 74
     0
 42
0.00000001
 43
0.00000001
 40
0.0
 40
0.0
 40
0.0
 40
0.0
 40
0.0593488532898758
 40
0.1844529552899389
 40
0.309525363689261
 40
0.4346191649130248
 40
0.5596925567375682
 40
0.7211508812425389
 40
0.8812083755713853
 40
1.0
 40
1.0
 40
1.0
 40
1.0
 10
-62.150467380965
 20
-22.02894407701328
 30
0.0
 10
-62.17754935710039
 20
-22.04294374994964
 30
0.0
 10
-62.26171864186919
 20
-22.08645395955033
 30
0.0
 10
-61.56060670267399
 20
-22.15903891993687
 30
0.0
 10
-60.26462438659789
 20
-22.24710284861031
 30
0.0
 10
-58.5041865296752
 20
-22.33534660509328
 30
0.0
 10
-56.41384369437269
 20
-22.43145991406114
 30
0.0
 10
-54.35304171957219
 20
-22.53877137504567
 30
0.0
 10
-52.9123921400834
 20
-22.63948090695977
 30
0.0
 10
-52.8738513746373
 20
-22.70640735986362
 30
0.0
 10
-52.8574327459736
 20
-22.73491848477993
 30
0.0
  0
SPLINE
  5
876
330
817
100
AcDbEntity
  8
0
  6
Continuous
 62
     7
370
    25
100
AcDbSpline
210
0.0
220
0.0
230
1.0
 70
     8
 71
     3
 72
    15
 73
    11
 74
     0
 42
0.00000001
 43
0.00000001
 40
0.0
 40
0.0
 40
0.0
 40
0.0
 40
0.0593488532898758
 40
0.1844529552899389
 40
0.309525363689261
 40
0.4346191649130248
 40
0.5596925567375682
 40
0.7211508812425389
 40
0.8812083755713853
 40
1.0
 40
1.0
 40
1.0
 40
1.0
 10
-62.150467380965
 20
-23.44005518812442
 30
0.0
 10
-62.17754935710039
 20
-23.45405486106078
 30
0.0
 10
-62.26171864186919
 20
-23.49756507066147
 30
0.0
 10
-61.56060670267399
 20
-23.57015003104801
 30
0.0
 10
-60.26462438659789
 20
-23.65821395972145
 30
0.0
 10
-58.5041865296752
 20
-23.74645771620431
 30
0.0
 10
-56.41384369437269
 20
-23.84257102517218
 30
0.0
 10
-54.35304171957219
 20
-23.9498824861567
 30
0.0
 10
-52.9123921400834
 20
-24.05059201807091
 30
0.0
 10
-52.8738513746373
 20
-24.11751847097476
 30
0.0
 10
-52.8574327459736
 20
-24.14602959589107
 30
0.0
  0
SPLINE
  5
877
330
817
100
AcDbEntity
  8
0
  6
Continuous
 62
     7
370
    25
100
AcDbSpline
210
0.0
220
0.0
230
1.0
 70
     8
 71
     3
 72
    15
 73
    11
 74
     0
 42
0.00000001
 43
0.00000001
 40
0.0
 40
0.0
 40
0.0
 40
0.0
 40
0.0593488532898758
 40
0.1844529552899389
 40
0.309525363689261
 40
0.4346191649130248
 40
0.5596925567375682
 40
0.7211508812425389
 40
0.8812083755713853
 40
1.0
 40
1.0
 40
1.0
 40
1.0
 10
-62.150467380965
 20
-24.85116629923556
 30
0.0
 10
-62.17754935710039
 20
-24.86516597217192
 30
0.0
 10
-62.26171864186919
 20
-24.90867618177261
 30
0.0
 10
-61.56060670267399
 20
-24.98126114215915
 30
0.0
 10
-60.26462438659789
 20
-25.06932507083248
 30
0.0
 10
-58.5041865296752
 20
-25.15756882731545
 30
0.0
 10
-56.41384369437269
 20
-25.25368213628332
 30
0.0
 10
-54.35304171957219
 20
-25.36099359726784
 30
0.0
 10
-52.9123921400834
 20
-25.46170312918205
 30
0.0
 10
-52.8738513746373
 20
-25.5286295820859
 30
0.0
 10
-52.8574327459736
 20
-25.5571407070021
 30
0.0
  0
SPLINE
  5
878
330
817
100
AcDbEntity
  8
0
  6
Continuous
 62
     7
370
    25
100
AcDbSpline
210
0.0
220
0.0
230
1.0
 70
     8
 71
     3
 72
    15
 73
    11
 74
     0
 42
0.00000001
 43
0.00000001
 40
0.0
 40
0.0
 40
0.0
 40
0.0
 40
0.0593488532898758
 40
0.1844529552899389
 40
0.309525363689261
 40
0.4346191649130248
 40
0.5596925567375682
 40
0.7211508812425389
 40
0.8812083755713853
 40
1.0
 40
1.0
 40
1.0
 40
1.0
 10
-62.150467380965
 20
-26.26227741034659
 30
0.0
 10
-62.17754935710039
 20
-26.27627708328295
 30
0.0
 10
-62.26171864186919
 20
-26.31978729288375
 30
0.0
 10
-61.56060670267399
 20
-26.39237225327018
 30
0.0
 10
-60.26462438659789
 20
-26.48043618194362
 30
0.0
 10
-58.5041865296752
 20
-26.5686799384266
 30
0.0
 10
-56.41384369437269
 20
-26.66479324739446
 30
0.0
 10
-54.35304171957219
 20
-26.77210470837898
 30
0.0
 10
-52.9123921400834
 20
-26.87281424029319
 30
0.0
 10
-52.8738513746373
 20
-26.93974069319693
 30
0.0
 10
-52.8574327459736
 20
-26.96825181811324
 30
0.0
  0
SPLINE
  5
879
330
817
100
AcDbEntity
  8
0
  6
Continuous
 62
     7
370
    25
100
AcDbSpline
210
0.0
220
0.0
230
1.0
 70
     8
 71
     3
 72
    15
 73
    11
 74
     0
 42
0.00000001
 43
0.00000001
 40
0.0
 40
0.0
 40
0.0
 40
0.0
 40
0.0593488532898758
 40
0.1844529552899389
 40
0.309525363689261
 40
0.4346191649130248
 40
0.5596925567375682
 40
0.7211508812425389
 40
0.8812083755713853
 40
1.0
 40
1.0
 40
1.0
 40
1.0
 10
-62.150467380965
 20
-27.67338852145773
 30
0.0
 10
-62.17754935710039
 20
-27.68738819439409
 30
0.0
 10
-62.26171864186919
 20
-27.73089840399479
 30
0.0
 10
-61.56060670267399
 20
-27.80348336438132
 30
0.0
 10
-60.26462438659789
 20
-27.89154729305476
 30
0.0
 10
-58.5041865296752
 20
-27.97979104953762
 30
0.0
 10
-56.41384369437269
 20
-28.0759043585056
 30
0.0
 10
-54.35304171957219
 20
-28.18321581949012
 30
0.0
 10
-52.9123921400834
 20
-28.28392535140422
 30
0.0
 10
-52.8738513746373
 20
-28.35085180430807
 30
0.0
 10
-52.8574327459736
 20
-28.37936292922438
 30
0.0
  0
SPLINE
  5
87A
330
817
100
AcDbEntity
  8
0
  6
Continuous
 62
     7
370
    25
100
AcDbSpline
210
0.0
220
0.0
230
1.0
 70
     8
 71
     3
 72
    15
 73
    11
 74
     0
 42
0.00000001
 43
0.00000001
 40
0.0
 40
0.0
 40
0.0
 40
0.0
 40
0.0593488532898758
 40
0.1844529552899389
 40
0.309525363689261
 40
0.4346191649130248
 40
0.5596925567375682
 40
0.7211508812425389
 40
0.8812083755713853
 40
1.0
 40
1.0
 40
1.0
 40
1.0
 10
-62.150467380965
 20
-29.08449963256887
 30
0.0
 10
-62.17754935710039
 20
-29.09849930550523
 30
0.0
 10
-62.26171864186919
 20
-29.14200951510593
 30
0.0
 10
-61.56060670267399
 20
-29.21459447549246
 30
0.0
 10
-60.26462438659789
 20
-29.3026584041659
 30
0.0
 10
-58.5041865296752
 20
-29.39090216064877
 30
0.0
 10
-56.41384369437269
 20
-29.48701546961663
 30
0.0
 10
-54.35304171957219
 20
-29.59432693060116
 30
0.0
 10
-52.9123921400834
 20
-29.69503646251536
 30
0.0
 10
-52.8738513746373
 20
-29.76196291541921
 30
0.0
 10
-52.8574327459736
 20
-29.79047404033552
 30
0.0
  0
SPLINE
  5
87B
330
817
100
AcDbEntity
  8
0
  6
Continuous
 62
     7
370
    25
100
AcDbSpline
210
0.0
220
0.0
230
1.0
 70
     8
 71
     3
 72
    15
 73
    11
 74
     0
 42
0.00000001
 43
0.00000001
 40
0.0
 40
0.0
 40
0.0
 40
0.0
 40
0.0593488532898758
 40
0.1844529552899389
 40
0.309525363689261
 40
0.4346191649130248
 40
0.5596925567375682
 40
0.7211508812425389
 40
0.8812083755713853
 40
1.0
 40
1.0
 40
1.0
 40
1.0
 10
-62.150467380965
 20
-30.49561074368001
 30
0.0
 10
-62.17754935710039
 20
-30.50961041661637
 30
0.0
 10
-62.26171864186919
 20
-30.55312062621707
 30
0.0
 10
-61.56060670267399
 20
-30.6257055866036
 30
0.0
 10
-60.26462438659789
 20
-30.71376951527693
 30
0.0
 10
-58.5041865296752
 20
-30.80201327175991
 30
0.0
 10
-56.41384369437269
 20
-30.89812658072777
 30
0.0
 10
-54.35304171957219
 20
-31.0054380417123
 30
0.0
 10
-52.9123921400834
 20
-31.10614757362651
 30
0.0
 10
-52.8738513746373
 20
-31.17307402653035
 30
0.0
 10
-52.8574327459736
 20
-31.20158515144655
 30
0.0
  0
SPLINE
  5
87C
330
817
100
AcDbEntity
  8
0
  6
Continuous
 62
     7
370
    25
100
AcDbSpline
210
0.0
220
0.0
230
1.0
 70
     8
 71
     3
 72
    15
 73
    11
 74
     0
 42
0.00000001
 43
0.00000001
 40
0.0
 40
0.0
 40
0.0
 40
0.0
 40
0.0593488532898758
 40
0.1844529552899389
 40
0.309525363689261
 40
0.4346191649130248
 40
0.5596925567375682
 40
0.7211508812425389
 40
0.8812083755713853
 40
1.0
 40
1.0
 40
1.0
 40
1.0
 10
-62.150467380965
 20
-31.90672185479104
 30
0.0
 10
-62.17754935710039
 20
-31.9207215277274
 30
0.0
 10
-62.26171864186919
 20
-31.9642317373282
 30
0.0
 10
-61.56060670267399
 20
-32.03681669771463
 30
0.0
 10
-60.26462438659789
 20
-32.12488062638807
 30
0.0
 10
-58.5041865296752
 20
-32.21312438287105
 30
0.0
 10
-56.41384369437269
 20
-32.30923769183891
 30
0.0
 10
-54.35304171957219
 20
-32.41654915282343
 30
0.0
 10
-52.9123921400834
 20
-32.51725868473765
 30
0.0
 10
-52.8738513746373
 20
-32.58418513764138
 30
0.0
 10
-52.8574327459736
 20
-32.61269626255769
 30
0.0
  0
SPLINE
  5
87D
330
817
100
AcDbEntity
  8
0
  6
Continuous
 62
     7
370
    25
100
AcDbSpline
210
0.0
220
0.0
230
1.0
 70
     8
 71
     3
 72
    15
 73
    11
 74
     0
 42
0.00000001
 43
0.00000001
 40
0.0
 40
0.0
 40
0.0
 40
0.0
 40
0.0593488532898758
 40
0.1844529552899389
 40
0.309525363689261
 40
0.4346191649130247
 40
0.5596925567375681
 40
0.7211508812425388
 40
0.8812083755713851
 40
1.0
 40
1.0
 40
1.0
 40
1.0
 10
-62.150467380965
 20
-33.31783296590218
 30
0.0
 10
-62.17754935710039
 20
-33.33183263883854
 30
0.0
 10
-62.26171864186919
 20
-33.37534284843923
 30
0.0
 10
-61.56060670267399
 20
-33.44792780882577
 30
0.0
 10
-60.26462438659789
 20
-33.53599173749922
 30
0.0
 10
-58.5041865296752
 20
-33.62423549398208
 30
0.0
 10
-56.41384369437269
 20
-33.72034880295005
 30
0.0
 10
-54.35304171957229
 20
-33.82766026393457
 30
0.0
 10
-52.9123921400834
 20
-33.92836979584867
 30
0.0
 10
-52.8738513746372
 20
-33.99529624875252
 30
0.0
 10
-52.8574327459736
 20
-34.02380737366883
 30
0.0
  0
SPLINE
  5
87E
330
817
100
AcDbEntity
  8
0
  6
Continuous
 62
     7
370
    25
100
AcDbSpline
210
0.0
220
0.0
230
1.0
 70
     8
 71
     3
 72
    15
 73
    11
 74
     0
 42
0.00000001
 43
0.00000001
 40
0.0
 40
0.0
 40
0.0
 40
0.0
 40
0.0142808212376363
 40
0.1406150403067099
 40
0.269583118901262
 40
0.437936606731834
 40
0.6082528950617742
 40
0.7776804472215899
 40
0.9108838683334772
 40
1.0
 40
1.0
 40
1.0
 40
1.0
 10
-62.22255955822139
 20
13.60070526791679
 30
0.0
 10
-62.23576843770469
 20
13.59762290872069
 30
0.0
 10
-62.365828683544
 20
13.56727268898306
 30
0.0
 10
-61.93285161577269
 20
13.51443074460557
 30
0.0
 10
-60.95102722580259
 20
13.42013213822063
 30
0.0
 10
-59.1126519944894
 20
13.32544624121773
 30
0.0
 10
-56.77449147377989
 20
13.21500480218674
 30
0.0
 10
-54.7727849561698
 20
13.11519496052916
 30
0.0
 10
-53.48195018359229
 20
13.0336611667809
 30
0.0
 10
-53.17133040604089
 20
12.98639358185377
 30
0.0
 10
-53.04681939183389
 20
12.96744651098536
 30
0.0
  0
SPLINE
  5
87F
330
817
100
AcDbEntity
  8
0
  6
Continuous
 62
     7
370
    25
100
AcDbSpline
210
0.0
220
0.0
230
1.0
 70
     8
 71
     3
 72
    12
 73
     8
 74
     0
 42
0.00000001
 43
0.00000001
 40
0.0
 40
0.0
 40
0.0
 40
0.0
 40
0.0284130412535153
 40
0.2797668897759106
 40
0.536361050329953
 40
0.8713161985882879
 40
1.0
 40
1.0
 40
1.0
 40
1.0
 10
-62.22255955822139
 20
12.18959415680565
 30
0.0
 10
-62.23576696759619
 20
12.18651175905117
 30
0.0
 10
-62.3658127381224
 20
12.15616115965113
 30
0.0
 10
-61.9336276824847
 20
12.10333998837721
 30
0.0
 10
-60.94784113296909
 20
12.00893746142473
 30
0.0
 10
-59.53959698994589
 20
11.93603024122836
 30
0.0
 10
-58.49504274180769
 20
11.88591075191925
 30
0.0
 10
-58.2051248832523
 20
11.87199999999966
 30
0.0
  0
SPLINE
  5
880
330
817
100
AcDbEntity
  8
0
  6
Continuous
 62
     7
370
    25
100
AcDbSpline
210
0.0
220
0.0
230
1.0
 70
     8
 71
     3
 72
    15
 73
    11
 74
     0
 42
0.00000001
 43
0.00000001
 40
0.0
 40
0.0
 40
0.0
 40
0.0
 40
0.01428056514593
 40
0.1406125187188408
 40
0.269578284585382
 40
0.4379287534066676
 40
0.6082419875292785
 40
0.7776665014190832
 40
0.9108675338524191
 40
1.0
 40
1.0
 40
1.0
 40
1.0
 10
-62.22255955822139
 20
-3.332628065416563
 30
0.0
 10
-62.23576843773819
 20
-3.335710424612779
 30
0.0
 10
-62.36582868390809
 20
-3.366060644351185
 30
0.0
 10
-61.93285159804189
 20
-3.418902588685932
 30
0.0
 10
-60.95102729859539
 20
-3.51320119528464
 30
0.0
 10
-59.11265162905289
 20
-3.607887091252591
 30
0.0
 10
-56.77449283969329
 20
-3.718328534372592
 30
0.0
 10
-54.7727803507308
 20
-3.818138361927235
 30
0.0
 10
-53.48190245202559
 20
-3.899675925725263
 30
0.0
 10
-53.1712640673924
 20
-3.946947338610227
 30
0.0
 10
-53.0467305828784
 20
-3.96589822831239
 30
0.0
  0
SPLINE
  5
881
330
817
100
AcDbEntity
  8
0
  6
Continuous
 62
     7
370
    25
100
AcDbSpline
210
0.0
220
0.0
230
1.0
 70
     8
 71
     3
 72
    15
 73
    11
 74
     0
 42
0.00000001
 43
0.00000001
 40
0.0
 40
0.0
 40
0.0
 40
0.0
 40
0.014280543807668
 40
0.1406123086132367
 40
0.2695778817769489
 40
0.4379280990461161
 40
0.6082410786838115
 40
0.7776653394166415
 40
0.9108661728187415
 40
0.9999999999999999
 40
0.9999999999999999
 40
0.9999999999999999
 40
0.9999999999999999
 10
-62.22255955822139
 20
-4.743739176527704
 30
0.0
 10
-62.235768437741
 20
-4.746821535723808
 30
0.0
 10
-62.36582868393849
 20
-4.777171755462326
 30
0.0
 10
-61.93285159656469
 20
-4.83001369979352
 30
0.0
 10
-60.9510273046603
 20
-4.924312306410103
 30
0.0
 10
-59.11265159860599
 20
-5.018998202291789
 30
0.0
 10
-56.77449295349639
 20
-5.129439645752407
 30
0.0
 10
-54.77277996702169
 20
-5.229249472132211
 30
0.0
 10
-53.48189847480049
 20
-5.310787350067068
 30
0.0
 10
-53.17125853974049
 20
-5.35805908191411
 30
0.0
 10
-53.0467231829294
 20
-5.377010289818183
 30
0.0
  0
SPLINE
  5
882
330
817
100
AcDbEntity
  8
0
  6
Continuous
 62
     7
370
    25
100
AcDbSpline
210
0.0
220
0.0
230
1.0
 70
     8
 71
     3
 72
    15
 73
    11
 74
     0
 42
0.00000001
 43
0.00000001
 40
0.0
 40
0.0
 40
0.0
 40
0.0
 40
0.0142805224698253
 40
0.140612098511761
 40
0.2695774789764306
 40
0.4379274446984222
 40
0.6082401698562024
 40
0.7776641774370321
 40
0.9108648118118069
 40
1.0
 40
1.0
 40
1.0
 40
1.0
 10
-62.22255955822139
 20
-6.154850287638844
 30
0.0
 10
-62.2357684377439
 20
-6.157932646834949
 30
0.0
 10
-62.365828683969
 20
-6.188282866573577
 30
0.0
 10
-61.9328515950873
 20
-6.241124810901107
 30
0.0
 10
-60.951027310725
 20
-6.335423417535455
 30
0.0
 10
-59.11265156815999
 20
-6.430109313330987
 30
0.0
 10
-56.77449306729599
 20
-6.540550757132332
 30
0.0
 10
-54.77277958332459
 20
-6.640360582337077
 30
0.0
 10
-53.481894497638
 20
-6.721898774403543
 30
0.0
 10
-53.17125301217659
 20
-6.769170825207335
 30
0.0
 10
-53.04671578310359
 20
-6.788122351308099
 30
0.0
  0
SPLINE
  5
883
330
817
100
AcDbEntity
  8
0
  6
Continuous
 62
     7
370
    25
100
AcDbSpline
210
0.0
220
0.0
230
1.0
 70
     8
 71
     3
 72
    15
 73
    11
 74
     0
 42
0.00000001
 43
0.00000001
 40
0.0
 40
0.0
 40
0.0
 40
0.0
 40
0.0142805011324021
 40
0.140611888414416
 40
0.2695770761838319
 40
0.4379267903635934
 40
0.608239261046462
 40
0.7776630154802685
 40
0.9108634508316312
 40
1.0
 40
1.0
 40
1.0
 40
1.0
 10
-62.22255955822139
 20
-7.565961398749874
 30
0.0
 10
-62.2357684377466
 20
-7.56904375794609
 30
0.0
 10
-62.3658286839993
 20
-7.599393977684717
 30
0.0
 10
-61.9328515936101
 20
-7.652235922008808
 30
0.0
 10
-60.95102731678949
 20
-7.746534528660917
 30
0.0
 10
-59.112651537715
 20
-7.841220424370185
 30
0.0
 10
-56.7744931810921
 20
-7.951661868512259
 30
0.0
 10
-54.77277919963929
 20
-8.051471692542053
 30
0.0
 10
-53.4818905205384
 20
-8.1330101987348
 30
0.0
 10
-53.1712474847008
 20
-8.180282568490124
 30
0.0
 10
-53.0467083834012
 20
-8.19923441278225
 30
0.0
  0
SPLINE
  5
884
330
817
100
AcDbEntity
  8
0
  6
Continuous
 62
     7
370
    25
100
AcDbSpline
210
0.0
220
0.0
230
1.0
 70
     8
 71
     3
 72
    15
 73
    11
 74
     0
 42
0.00000001
 43
0.00000001
 40
0.0
 40
0.0
 40
0.0
 40
0.0
 40
0.0142804797953989
 40
0.1406116783212071
 40
0.2695766733991624
 40
0.4379261360416459
 40
0.6082383522546123
 40
0.7776618535463791
 40
0.9108620898782477
 40
1.0
 40
1.0
 40
1.0
 40
1.0
 10
-62.22255955822139
 20
-8.977072509861015
 30
0.0
 10
-62.2357684377495
 20
-8.98015486905723
 30
0.0
 10
-62.36582868402969
 20
-9.01050508879586
 30
0.0
 10
-61.93285159213299
 20
-9.063347033116397
 30
0.0
 10
-60.95102732285379
 20
-9.15764563978638
 30
0.0
 10
-59.1126515072709
 20
-9.252331535409384
 30
0.0
 10
-56.77449329488459
 20
-9.362772979892073
 30
0.0
 10
-54.77277881596599
 20
-9.462582802747031
 30
0.0
 10
-53.48188654350159
 20
-9.544121623060729
 30
0.0
 10
-53.1712419573131
 20
-9.591394311762256
 30
0.0
 10
-53.04670098382229
 20
-9.610346474240416
 30
0.0
  0
SPLINE
  5
885
330
817
100
AcDbEntity
  8
0
  6
Continuous
 62
     7
370
    25
100
AcDbSpline
210
0.0
220
0.0
230
1.0
 70
     8
 71
     3
 72
    15
 73
    11
 74
     0
 42
0.00000001
 43
0.00000001
 40
0.0
 40
0.0
 40
0.0
 40
0.0
 40
0.0142804584588162
 40
0.1406114682321347
 40
0.2695762706224231
 40
0.4379254817325807
 40
0.6082374434806547
 40
0.7776606916353652
 40
0.9108607289516579
 40
1.0
 40
1.0
 40
1.0
 40
1.0
 10
-62.22255955822139
 20
-10.38818362097216
 30
0.0
 10
-62.2357684377523
 20
-10.39126598016837
 30
0.0
 10
-62.36582868405989
 20
-10.42161619990711
 30
0.0
 10
-61.9328515906559
 20
-10.47445814422398
 30
0.0
 10
-60.95102732891779
 20
-10.56875675091184
 30
0.0
 10
-59.11265147682779
 20
-10.66344264644858
 30
0.0
 10
-56.77449340867359
 20
-10.77388409127189
 30
0.0
 10
-54.77277843230469
 20
-10.87369391295201
 30
0.0
 10
-53.48188256652759
 20
-10.95523304738155
 30
0.0
 10
-53.17123643001369
 20
-11.00250605502384
 30
0.0
 10
-53.04669358436719
 20
-11.02145853568281
 30
0.0
  0
SPLINE
  5
886
330
817
100
AcDbEntity
  8
0
  6
Continuous
 62
     7
370
    25
100
AcDbSpline
210
0.0
220
0.0
230
1.0
 70
     8
 71
     3
 72
    15
 73
    11
 74
     0
 42
0.00000001
 43
0.00000001
 40
0.0
 40
0.0
 40
0.0
 40
0.0
 40
0.0142804371226537
 40
0.1406112581472069
 40
0.2695758678536304
 40
0.437924827436425
 40
0.6082365347246277
 40
0.7776595297472771
 40
0.9108593680519208
 40
1.0
 40
1.0
 40
1.0
 40
1.0
 10
-62.22255955822139
 20
-11.7992947320833
 30
0.0
 10
-62.2357684377551
 20
-11.8023770912794
 30
0.0
 10
-62.36582868409039
 20
-11.83272731101825
 30
0.0
 10
-61.9328515891789
 20
-11.88556925533168
 30
0.0
 10
-60.95102733498169
 20
-11.9798678620372
 30
0.0
 10
-59.1126514463856
 20
-12.07455375748778
 30
0.0
 10
-56.774493522459
 20
-12.18499520265181
 30
0.0
 10
-54.7727780486553
 20
-12.28480502315698
 30
0.0
 10
-53.4818785896168
 20
-12.36634447169704
 30
0.0
 10
-53.17123090280279
 20
-12.41361779827488
 30
0.0
 10
-53.0466861850357
 20
-12.43257059710923
 30
0.0
  0
SPLINE
  5
887
330
817
100
AcDbEntity
  8
0
  6
Continuous
 62
     7
370
    25
100
AcDbSpline
210
0.0
220
0.0
230
1.0
 70
     8
 71
     3
 72
    15
 73
    11
 74
     0
 42
0.00000001
 43
0.00000001
 40
0.0
 40
0.0
 40
0.0
 40
0.0
 40
0.0142804157869127
 40
0.1406110480664256
 40
0.269575465092787
 40
0.4379241731531828
 40
0.6082356259865359
 40
0.7776583678821198
 40
0.9108580071790421
 40
1.0
 40
1.0
 40
1.0
 40
1.0
 10
-62.22255955822139
 20
-13.21040584319433
 30
0.0
 10
-62.2357684377578
 20
-13.21348820239054
 30
0.0
 10
-62.3658286841206
 20
-13.24383842212939
 30
0.0
 10
-61.93285158770199
 20
-13.29668036643927
 30
0.0
 10
-60.95102734104529
 20
-13.39097897316266
 30
0.0
 10
-59.1126514159445
 20
-13.48566486852709
 30
0.0
 10
-56.77449363624089
 20
-13.59610631403163
 30
0.0
 10
-54.7727776650179
 20
-13.69591613336207
 30
0.0
 10
-53.48187461276889
 20
-13.77745589600732
 30
0.0
 10
-53.17122537568019
 20
-13.82472954151525
 30
0.0
 10
-53.04667878582829
 20
-13.84368265851965
 30
0.0
  0
SPLINE
  5
888
330
817
100
AcDbEntity
  8
0
  6
Continuous
 62
     7
370
    25
100
AcDbSpline
210
0.0
220
0.0
230
1.0
 70
     8
 71
     3
 72
    15
 73
    11
 74
     0
 42
0.00000001
 43
0.00000001
 40
0.0
 40
0.0
 40
0.0
 40
0.0
 40
0.014280394451593
 40
0.1406108379897927
 40
0.2695750623398964
 40
0.43792351888286
 40
0.6082347172663881
 40
0.7776572060399047
 40
0.9108566463330351
 40
1.0
 40
1.0
 40
1.0
 40
1.0
 10
-62.22255955822139
 20
-14.62151695430547
 30
0.0
 10
-62.2357684377606
 20
-14.62459931350168
 30
0.0
 10
-62.365828684151
 20
-14.65494953324064
 30
0.0
 10
-61.932851586225
 20
-14.70779147754686
 30
0.0
 10
-60.95102734710889
 20
-14.80209008428812
 30
0.0
 10
-59.11265138550429
 20
-14.89677597956629
 30
0.0
 10
-56.77449375001919
 20
-15.00721742541144
 30
0.0
 10
-54.77277728139259
 20
-15.10702724356716
 30
0.0
 10
-53.48187063598409
 20
-15.18856732031237
 30
0.0
 10
-53.17121984864619
 20
-15.23584128474509
 30
0.0
 10
-53.04667138674489
 20
-15.25479471991431
 30
0.0
  0
SPLINE
  5
889
330
817
100
AcDbEntity
  8
0
  6
Continuous
 62
     7
370
    25
100
AcDbSpline
210
0.0
220
0.0
230
1.0
 70
     8
 71
     3
 72
    15
 73
    11
 74
     0
 42
0.00000001
 43
0.00000001
 40
0.0
 40
0.0
 40
0.0
 40
0.0
 40
0.0142803731166951
 40
0.1406106279173132
 40
0.269574659594969
 40
0.4379228646254732
 40
0.6082338085642073
 40
0.7776560442206613
 40
0.9108552855139345
 40
0.9999999999999999
 40
0.9999999999999999
 40
0.9999999999999999
 40
0.9999999999999999
 10
-62.22255955822139
 20
-16.03262806541661
 30
0.0
 10
-62.2357684377634
 20
-16.03571042461282
 30
0.0
 10
-62.3658286841813
 20
-16.06606064435179
 30
0.0
 10
-61.93285158474809
 20
-16.11890258865456
 30
0.0
 10
-60.95102735317219
 20
-16.21320119541347
 30
0.0
 10
-59.1126513550649
 20
-16.30788709060549
 30
0.0
 10
-56.77449386379389
 20
-16.41832853679126
 30
0.0
 10
-54.7727768977792
 20
-16.51813835377225
 30
0.0
 10
-53.48186665926259
 20
-16.5996787446121
 30
0.0
 10
-53.17121432170089
 20
-16.64695302796426
 30
0.0
 10
-53.04666398778559
 20
-16.66590678129287
 30
0.0
  0
SPLINE
  5
88A
330
817
100
AcDbEntity
  8
0
  6
Continuous
 62
     7
370
    25
100
AcDbSpline
210
0.0
220
0.0
230
1.0
 70
     8
 71
     3
 72
    15
 73
    11
 74
     0
 42
0.00000001
 43
0.00000001
 40
0.0
 40
0.0
 40
0.0
 40
0.0
 40
0.0142803517822195
 40
0.1406104178489918
 40
0.2695742568580133
 40
0.4379222103810365
 40
0.6082328998800128
 40
0.7776548824244152
 40
0.91085392472177
 40
1.0
 40
1.0
 40
1.0
 40
1.0
 10
-62.22255955822139
 20
-17.44373917652764
 30
0.0
 10
-62.2357684377662
 20
-17.44682153572396
 30
0.0
 10
-62.36582868421159
 20
-17.47717175546304
 30
0.0
 10
-61.9328515832713
 20
-17.53001369976215
 30
0.0
 10
-60.9510273592354
 20
-17.62431230653893
 30
0.0
 10
-59.1126513246265
 20
-17.71899820164468
 30
0.0
 10
-56.7744939775651
 20
-17.82943964817107
 30
0.0
 10
-54.77277651417779
 20
-17.92924946397744
 30
0.0
 10
-53.48186268260429
 20
-18.01079016890661
 30
0.0
 10
-53.17120879484429
 20
-18.05806477117277
 30
0.0
 10
-53.0466565889507
 20
-18.07701884265555
 30
0.0
  0
SPLINE
  5
88B
330
817
100
AcDbEntity
  8
0
  6
Continuous
 62
     7
370
    25
100
AcDbSpline
210
0.0
220
0.0
230
1.0
 70
     8
 71
     3
 72
    15
 73
    11
 74
     0
 42
0.00000001
 43
0.00000001
 40
0.0
 40
0.0
 40
0.0
 40
0.0
 40
0.0142803304481665
 40
0.140610207784832
 40
0.2695738541290344
 40
0.4379215561495584
 40
0.6082319912138169
 40
0.7776537206511802
 40
0.9108525639565584
 40
1.0
 40
1.0
 40
1.0
 40
1.0
 10
-62.22255955822139
 20
-18.85485028763878
 30
0.0
 10
-62.235768437769
 20
-18.857932646835
 30
0.0
 10
-62.36582868424209
 20
-18.88828286657418
 30
0.0
 10
-61.9328515817943
 20
-18.94112481086973
 30
0.0
 10
-60.9510273652984
 20
-19.0354234176644
 30
0.0
 10
-59.11265129418919
 20
-19.13010931268388
 30
0.0
 10
-56.7744940913328
 20
-19.24055075955089
 30
0.0
 10
-54.7727761305884
 20
-19.34036057418253
 30
0.0
 10
-53.48185870600929
 20
-19.42190159319579
 30
0.0
 10
-53.1712032680766
 20
-19.46917651437074
 30
0.0
 10
-53.04664919024019
 20
-19.48813090400225
 30
0.0
  0
SPLINE
  5
88C
330
817
100
AcDbEntity
  8
0
  6
Continuous
 62
     7
370
    25
100
AcDbSpline
210
0.0
220
0.0
230
1.0
 70
     8
 71
     3
 72
    15
 73
    11
 74
     0
 42
0.00000001
 43
0.00000001
 40
0.0
 40
0.0
 40
0.0
 40
0.0
 40
0.0142803091145366
 40
0.1406099977248375
 40
0.2695734514080427
 40
0.4379209019310552
 40
0.6082310825656416
 40
0.7776525589009855
 40
0.9108512032183333
 40
1.0
 40
1.0
 40
1.0
 40
1.0
 10
-62.22255955822139
 20
-20.26596139874992
 30
0.0
 10
-62.2357684377718
 20
-20.26904375794614
 30
0.0
 10
-62.36582868427229
 20
-20.29939397768543
 30
0.0
 10
-61.93285158031769
 20
-20.35223592197732
 30
0.0
 10
-60.95102737136109
 20
-20.44653452878986
 30
0.0
 10
-59.1126512637527
 20
-20.54122042372319
 30
0.0
 10
-56.7744942050968
 20
-20.6516618709307
 30
0.0
 10
-54.772775747011
 20
-20.75147168438773
 30
0.0
 10
-53.48185472947779
 20
-20.83301301747975
 30
0.0
 10
-53.17119774139789
 20
-20.88028825755805
 30
0.0
 10
-53.04664179165439
 20
-20.89924296533296
 30
0.0
  0
SPLINE
  5
88D
330
817
100
AcDbEntity
  8
0
  6
Continuous
 62
     7
370
    25
100
AcDbSpline
210
0.0
220
0.0
230
1.0
 70
     8
 71
     3
 72
    15
 73
    11
 74
     0
 42
0.00000001
 43
0.00000001
 40
0.0
 40
0.0
 40
0.0
 40
0.0
 40
0.01428028778133
 40
0.1406097876690111
 40
0.2695730486950421
 40
0.4379202477255331
 40
0.608230173935496
 40
0.7776513971738426
 40
0.9108498425071085
 40
1.0
 40
1.0
 40
1.0
 40
1.0
 10
-62.22255955822139
 20
-21.67707250986106
 30
0.0
 10
-62.23576843777469
 20
-21.68015486905728
 30
0.0
 10
-62.3658286843028
 20
-21.71050508879657
 30
0.0
 10
-61.9328515788409
 20
-21.76334703308502
 30
0.0
 10
-60.9510273774237
 20
-21.85764563991521
 30
0.0
 10
-59.11265123331719
 20
-21.95233153476239
 30
0.0
 10
-56.77449431885739
 20
-22.06277298231041
 30
0.0
 10
-54.77277536344559
 20
-22.16258279459304
 30
0.0
 10
-53.48185075300979
 20
-22.24412444175838
 30
0.0
 10
-53.1711922148082
 20
-22.29140000073459
 30
0.0
 10
-53.04663439319319
 20
-22.31035502664757
 30
0.0
  0
SPLINE
  5
88E
330
817
100
AcDbEntity
  8
0
  6
Continuous
 62
     7
370
    25
100
AcDbSpline
210
0.0
220
0.0
230
1.0
 70
     8
 71
     3
 72
    15
 73
    11
 74
     0
 42
0.00000001
 43
0.00000001
 40
0.0
 40
0.0
 40
0.0
 40
0.0
 40
0.014280266448547
 40
0.1406095776173552
 40
0.2695726459900386
 40
0.4379195935330022
 40
0.6082292653233937
 40
0.7776502354697676
 40
0.9108484818229028
 40
1.0
 40
1.0
 40
1.0
 40
1.0
 10
-62.22255955822139
 20
-23.08818362097209
 30
0.0
 10
-62.23576843777739
 20
-23.09126598016842
 30
0.0
 10
-62.3658286843331
 20
-23.12161619990771
 30
0.0
 10
-61.93285157736429
 20
-23.17445814419261
 30
0.0
 10
-60.95102738348599
 20
-23.26875675104067
 30
0.0
 10
-59.11265120288269
 20
-23.36344264580159
 30
0.0
 10
-56.77449443261429
 20
-23.47388409369022
 30
0.0
 10
-54.77277497989229
 20
-23.57369390479824
 30
0.0
 10
-53.48184677660529
 20
-23.65523586603168
 30
0.0
 10
-53.1711866883077
 20
-23.70251174390048
 30
0.0
 10
-53.04662699485679
 20
-23.72146708794631
 30
0.0
  0
SPLINE
  5
88F
330
817
100
AcDbEntity
  8
0
  6
Continuous
 62
     7
370
    25
100
AcDbSpline
210
0.0
220
0.0
230
1.0
 70
     8
 71
     3
 72
    15
 73
    11
 74
     0
 42
0.00000001
 43
0.00000001
 40
0.0
 40
0.0
 40
0.0
 40
0.0
 40
0.0142802451161883
 40
0.1406093675698782
 40
0.269572243293045
 40
0.4379189393534839
 40
0.6082283567293647
 40
0.7776490737888014
 40
0.910847121165764
 40
1.0
 40
1.0
 40
1.0
 40
1.0
 10
-62.22255955822139
 20
-24.49929473208323
 30
0.0
 10
-62.23576843778019
 20
-24.50237709127955
 30
0.0
 10
-62.36582868436349
 20
-24.53272731101896
 30
0.0
 10
-61.9328515758876
 20
-24.5855692553002
 30
0.0
 10
-60.9510273895483
 20
-24.67986786216614
 30
0.0
 10
-59.11265117244909
 20
-24.7745537568409
 30
0.0
 10
-56.77449454636769
 20
-24.88499520507003
 30
0.0
 10
-54.772774596351
 20
-24.98480501500355
 30
0.0
 10
-53.48184280026439
 20
-25.06634729029977
 30
0.0
 10
-53.1711811618965
 20
-25.1136234870557
 30
0.0
 10
-53.0466195966456
 20
-25.13257914922884
 30
0.0
  0
SPLINE
  5
890
330
817
100
AcDbEntity
  8
0
  6
Continuous
 62
     7
370
    25
100
AcDbSpline
210
0.0
220
0.0
230
1.0
 70
     8
 71
     3
 72
    15
 73
    11
 74
     0
 42
0.00000001
 43
0.00000001
 40
0.0
 40
0.0
 40
0.0
 40
0.0
 40
0.0142802237842541
 40
0.1406091575265795
 40
0.269571840604062
 40
0.4379182851869786
 40
0.6082274481534097
 40
0.7776479121309436
 40
0.9108457605356917
 40
1.0
 40
1.0
 40
1.0
 40
1.0
 10
-62.22255955822139
 20
-25.91040584319437
 30
0.0
 10
-62.23576843778299
 20
-25.91348820239059
 30
0.0
 10
-62.36582868439379
 20
-25.9438384221301
 30
0.0
 10
-61.93285157441109
 20
-25.9966803664079
 30
0.0
 10
-60.9510273956102
 20
-26.0909789732916
 30
0.0
 10
-59.11265114201649
 20
-26.1856648678801
 30
0.0
 10
-56.7744946601175
 20
-26.29610631644974
 30
0.0
 10
-54.77277421282169
 20
-26.39591612520886
 30
0.0
 10
-53.48183882398729
 20
-26.47745871456253
 30
0.0
 10
-53.1711756355746
 20
-26.52473523020027
 30
0.0
 10
-53.04661219855929
 20
-26.54369121049538
 30
0.0
  0
SPLINE
  5
891
330
817
100
AcDbEntity
  8
0
  6
Continuous
 62
     7
370
    25
100
AcDbSpline
210
0.0
220
0.0
230
1.0
 70
     8
 71
     3
 72
    15
 73
    11
 74
     0
 42
0.00000001
 43
0.00000001
 40
0.0
 40
0.0
 40
0.0
 40
0.0
 40
0.0142802024527446
 40
0.1406089474874639
 40
0.2695714379230988
 40
0.4379176310335013
 40
0.6082265395955494
 40
0.777646750496221
 40
0.910844399932717
 40
1.0
 40
1.0
 40
1.0
 40
1.0
 10
-62.22255955822139
 20
-27.32151695430551
 30
0.0
 10
-62.23576843778579
 20
-27.32459931350173
 30
0.0
 10
-62.36582868442399
 20
-27.35494953324125
 30
0.0
 10
-61.9328515729346
 20
-27.40779147751548
 30
0.0
 10
-60.95102740167209
 20
-27.50209008441695
 30
0.0
 10
-59.1126511115848
 20
-27.5967759789193
 30
0.0
 10
-56.77449477386369
 20
-27.70721742782955
 30
0.0
 10
-54.7727738293045
 20
-27.80702723541417
 30
0.0
 10
-53.4818348477739
 20
-27.88857013881984
 30
0.0
 10
-53.1711701093421
 20
-27.93584697333406
 30
0.0
 10
-53.04660480059829
 20
-27.95480327174582
 30
0.0
  0
SPLINE
  5
892
330
817
100
AcDbEntity
  8
0
  6
Continuous
 62
     7
370
    25
100
AcDbSpline
210
0.0
220
0.0
230
1.0
 70
     8
 71
     3
 72
    15
 73
    11
 74
     0
 42
0.00000001
 43
0.00000001
 40
0.0
 40
0.0
 40
0.0
 40
0.0
 40
0.0142801811216603
 40
0.1406087374525345
 40
0.2695710352501612
 40
0.4379169768930617
 40
0.6082256310557972
 40
0.7776455888846503
 40
0.91084303935686
 40
1.0
 40
1.0
 40
1.0
 40
1.0
 10
-62.22255955822139
 20
-28.73262806541654
 30
0.0
 10
-62.23576843778859
 20
-28.73571042461287
 30
0.0
 10
-62.3658286844543
 20
-28.7660606443525
 30
0.0
 10
-61.93285157145809
 20
-28.81890258862307
 30
0.0
 10
-60.95102740773359
 20
-28.91320119554241
 30
0.0
 10
-59.1126510811541
 20
-29.0078870899586
 30
0.0
 10
-56.77449488760639
 20
-29.11832853920926
 30
0.0
 10
-54.77277344579929
 20
-29.21813834561959
 30
0.0
 10
-53.4818308716243
 20
-29.29968156307205
 30
0.0
 10
-53.1711645831992
 20
-29.3469587164572
 30
0.0
 10
-53.0465974027627
 20
-29.36591533298005
 30
0.0
  0
SPLINE
  5
893
330
817
100
AcDbEntity
  8
0
  6
Continuous
 62
     7
370
    25
100
AcDbSpline
210
0.0
220
0.0
230
1.0
 70
     8
 71
     3
 72
    15
 73
    11
 74
     0
 42
0.00000001
 43
0.00000001
 40
0.0
 40
0.0
 40
0.0
 40
0.0
 40
0.0142801597910016
 40
0.1406085274217956
 40
0.2695706325852577
 40
0.4379163227656734
 40
0.608224722534172
 40
0.7776444272962558
 40
0.9108416788081488
 40
1.0
 40
1.0
 40
1.0
 40
1.0
 10
-62.22255955822139
 20
-30.14373917652768
 30
0.0
 10
-62.23576843779139
 20
-30.14682153572401
 30
0.0
 10
-62.3658286844848
 20
-30.17717175546364
 30
0.0
 10
-61.93285156998159
 20
-30.23001369973077
 30
0.0
 10
-60.95102741379509
 20
-30.32431230666788
 30
0.0
 10
-59.1126510507243
 20
-30.4189982009978
 30
0.0
 10
-56.7744950013455
 20
-30.52943965058896
 30
0.0
 10
-54.7727730623061
 20
-30.6292494558249
 30
0.0
 10
-53.48182689553869
 20
-30.71079298731882
 30
0.0
 10
-53.171159057146
 20
-30.75807045956957
 30
0.0
 10
-53.04659000505259
 20
-30.7770273941983
 30
0.0
  0
SPLINE
  5
894
330
817
100
AcDbEntity
  8
0
  6
Continuous
 62
     7
370
    25
100
AcDbSpline
210
0.0
220
0.0
230
1.0
 70
     8
 71
     3
 72
    15
 73
    11
 74
     0
 42
0.00000001
 43
0.00000001
 40
0.0
 40
0.0
 40
0.0
 40
0.0
 40
0.014280138460769
 40
0.1406083173952526
 40
0.2695702299283982
 40
0.4379156686513526
 40
0.6082238140306964
 40
0.7776432657310665
 40
0.9108403182866174
 40
1.0
 40
1.0
 40
1.0
 40
1.0
 10
-62.22255955822139
 20
-31.55485028763882
 30
0.0
 10
-62.23576843779419
 20
-31.55793264683515
 30
0.0
 10
-62.36582868451499
 20
-31.58828286657489
 30
0.0
 10
-61.9328515685052
 20
-31.64112481083836
 30
0.0
 10
-60.95102741985639
 20
-31.73542341779323
 30
0.0
 10
-59.11265102029549
 20
-31.83010931203711
 30
0.0
 10
-56.774495115081
 20
-31.94055076196878
 30
0.0
 10
-54.77277267882499
 20
-32.04036056603032
 30
0.0
 10
-53.481822919517
 20
-32.12190441156026
 30
0.0
 10
-53.1711535311825
 20
-32.16918220267129
 30
0.0
 10
-53.0465826074681
 20
-32.18813945540033
 30
0.0
  0
SPLINE
  5
895
330
817
100
AcDbEntity
  8
0
  6
Continuous
 62
     7
370
    25
100
AcDbSpline
210
0.0
220
0.0
230
1.0
 70
     8
 71
     3
 72
    15
 73
    11
 74
     0
 42
0.00000001
 43
0.00000001
 40
0.0
 40
0.0
 40
0.0
 40
0.0
 40
0.0142801171309627
 40
0.1406081073729079
 40
0.2695698272795877
 40
0.4379150145501073
 40
0.6082229055453813
 40
0.7776421041890963
 40
0.9108389577922822
 40
1.0
 40
1.0
 40
1.0
 40
1.0
 10
-62.22255955822139
 20
-32.96596139874996
 30
0.0
 10
-62.23576843779699
 20
-32.96904375794618
 30
0.0
 10
-62.36582868454549
 20
-32.99939397768603
 30
0.0
 10
-61.93285156702889
 20
-33.05223592194606
 30
0.0
 10
-60.95102742591749
 20
-33.14653452891869
 30
0.0
 10
-59.11265098986769
 20
-33.24122042307631
 30
0.0
 10
-56.7744952288129
 20
-33.35166187334848
 30
0.0
 10
-54.77277229535599
 20
-33.45147167623574
 30
0.0
 10
-53.48181894355939
 20
-33.53301583579638
 30
0.0
 10
-53.17114800530889
 20
-33.58029394576211
 30
0.0
 10
-53.04657521000949
 20
-33.59925151658627
 30
0.0
  0
SPLINE
  5
896
330
817
100
AcDbEntity
  8
0
  6
Continuous
 62
     7
370
    25
100
AcDbSpline
210
0.0
220
0.0
230
1.0
 70
     8
 71
     3
 72
    15
 73
    11
 74
     0
 42
0.00000001
 43
0.00000001
 40
0.0
 40
0.0
 40
0.0
 40
0.0
 40
0.0142800958015834
 40
0.1406078973547663
 40
0.2695694246388352
 40
0.4379143604619522
 40
0.6082219970782474
 40
0.7776409426703715
 40
0.910837597325174
 40
1.0
 40
1.0
 40
1.0
 40
1.0
 10
-62.22255955822139
 20
-34.37707250986099
 30
0.0
 10
-62.23576843779979
 20
-34.38015486905732
 30
0.0
 10
-62.36582868457589
 20
-34.41050508879728
 30
0.0
 10
-61.9328515655525
 20
-34.46334703305364
 30
0.0
 10
-60.95102743197819
 20
-34.55764564004415
 30
0.0
 10
-59.1126509594408
 20
-34.65233153411562
 30
0.0
 10
-56.7744953425412
 20
-34.76277298472819
 30
0.0
 10
-54.7727719118991
 20
-34.86258278644127
 30
0.0
 10
-53.4818149676659
 20
-34.94412726002716
 30
0.0
 10
-53.17114247952519
 20
-34.99140568884218
 30
0.0
 10
-53.0465678126767
 20
-35.010363577756
 30
0.0
  0
SPLINE
  5
897
330
817
100
AcDbEntity
  8
0
  6
Continuous
 62
     7
370
    25
100
AcDbSpline
210
0.0
220
0.0
230
1.0
 70
     8
 71
     3
 72
    17
 73
    13
 74
     0
 42
0.00000001
 43
0.00000001
 40
0.0
 40
0.0
 40
0.0
 40
0.0
 40
0.0000161469103274
 40
0.0007550056667478
 40
0.0357241971041287
 40
0.0884054854843255
 40
0.1800878276427662
 40
0.3719961538595742
 40
0.5616632244475349
 40
0.7502182760316162
 40
0.9344580602642573
 40
1.0
 40
1.0
 40
1.0
 40
1.0
 10
-56.6239407853782
 20
14.26555386231787
 30
0.0
 10
-56.62398380011179
 20
14.26555498438781
 30
0.0
 10
-56.62599510549059
 20
14.2656074507177
 30
0.0
 10
-56.72117233735949
 20
14.26809068519453
 30
0.0
 10
-56.9578094362347
 20
14.27431848930416
 30
0.0
 10
-57.4412698203775
 20
14.28731891723584
 30
0.0
 10
-58.34821924543149
 20
14.31253087697493
 30
0.0
 10
-59.5796995932206
 20
14.34947808929371
 30
0.0
 10
-60.829153465899
 20
14.39002920342103
 30
0.0
 10
-61.64744083028489
 20
14.43571405002819
 30
0.0
 10
-62.02269533352879
 20
14.46788162448271
 30
0.0
 10
-61.93859652068009
 20
14.48780243833054
 30
0.0
 10
-61.91652925636629
 20
14.49302959730742
 30
0.0
  0
SPLINE
  5
898
330
817
100
AcDbEntity
  8
0
  6
Continuous
 62
     7
370
    25
100
AcDbSpline
210
0.0
220
0.0
230
1.0
 70
     8
 71
     3
 72
    10
 73
     6
 74
     0
 42
0.00000001
 43
0.00000001
 40
0.0
 40
0.0
 40
0.0
 40
0.0
 40
0.3879925741599311
 40
0.7566207923364681
 40
1.0
 40
1.0
 40
1.0
 40
1.0
 10
-56.610650541984
 20
13.63777452883114
 30
0.0
 10
-56.1048576749412
 20
13.60800472387214
 30
0.0
 10
-55.11851560216139
 20
13.54995089780459
 30
0.0
 10
-54.1306106376597
 20
13.474898639042
 30
0.0
 10
-53.86965019661289
 20
13.42786743324381
 30
0.0
 10
-53.765873113702
 20
13.40916436344542
 30
0.0
  0
SPLINE
  5
899
330
817
100
AcDbEntity
  8
0
  6
Continuous
 62
     7
370
    25
100
AcDbSpline
210
0.0
220
0.0
230
1.0
 70
    24
 71
     3
 72
     9
 73
     5
 74
     0
 42
0.00000001
 43
0.00000001
 40
0.0
 40
0.0
 40
0.0
 40
0.0
 40
0.2318492724220124
 40
1.0
 40
1.0
 40
1.0
 40
1.0
 10
-25.5771074455748
 20
26.45625419510916
 30
0.0
 10
-25.427468650967
 20
26.70187693761206
 30
0.0
 10
-24.78205452891831
 20
27.76128393913946
 30
0.0
 10
-24.15294209196271
 20
28.79393274196257
 30
0.0
 10
-23.66968891578694
 20
29.58716267118361
 30
0.0
  0
SPLINE
  5
89A
330
817
100
AcDbEntity
  8
0
  6
Continuous
 62
     7
370
    25
100
AcDbSpline
210
0.0
220
0.0
230
1.0
 70
    24
 71
     3
 72
     9
 73
     5
 74
     0
 42
0.00000001
 43
0.00000001
 40
0.0
 40
0.0
 40
0.0
 40
0.0
 40
0.0702136491267772
 40
0.9999999999999999
 40
0.9999999999999999
 40
0.9999999999999999
 40
0.9999999999999999
 10
-25.42742592809751
 20
32.80448981166634
 30
0.0
 10
-25.46910246339151
 20
32.88077371943172
 30
0.0
 10
-26.06266989383241
 20
33.96722783076289
 30
0.0
 10
-26.6443368986113
 20
35.03189963780334
 30
0.0
 10
-27.18516294040811
 20
36.02181695214912
 30
0.0
  0
SPLINE
  5
89B
330
817
100
AcDbEntity
  8
0
  6
Continuous
 62
     7
370
    25
100
AcDbSpline
210
0.0
220
0.0
230
1.0
 70
    24
 71
     3
 72
     9
 73
     5
 74
     0
 42
0.00000001
 43
0.00000001
 40
0.0
 40
0.0
 40
0.0
 40
0.0
 40
0.7681507275779899
 40
1.0
 40
1.0
 40
1.0
 40
1.0
 10
-34.5154740246051
 20
36.19465428096558
 30
0.0
 10
-34.99872720078081
 20
35.40142435174448
 30
0.0
 10
-35.6278396377364
 20
34.36877554892137
 30
0.0
 10
-36.27325375978511
 20
33.30936854739397
 30
0.0
 10
-36.422892554393
 20
33.06374580489108
 30
0.0
  0
SPLINE
  5
89C
330
817
100
AcDbEntity
  8
0
  6
Continuous
 62
     7
370
    25
100
AcDbSpline
210
0.0
220
0.0
230
1.0
 70
    24
 71
     3
 72
     9
 73
     5
 74
     0
 42
0.00000001
 43
0.00000001
 40
0.0
 40
0.0
 40
0.0
 40
0.0
 40
0.0702136491267731
 40
1.0
 40
1.0
 40
1.0
 40
1.0
 10
-30.85031848250661
 20
36.10823561655735
 30
0.0
 10
-30.9372205521784
 20
36.11028463213362
 30
0.0
 10
-32.17490112785751
 20
36.13946721417844
 30
0.0
 10
-33.3877674618371
 20
36.16806471501688
 30
0.0
 10
-34.5154740246051
 20
36.19465428096558
 30
0.0
  0
SPLINE
  5
89D
330
817
100
AcDbEntity
  8
0
  6
Continuous
 62
     7
370
    25
100
AcDbSpline
210
0.0
220
0.0
230
1.0
 70
    24
 71
     3
 72
     9
 73
     5
 74
     0
 42
0.00000001
 43
0.00000001
 40
0.0
 40
0.0
 40
0.0
 40
0.0
 40
0.7889992377322333
 40
1.0
 40
1.0
 40
1.0
 40
1.0
 10
-36.422892554393
 20
33.06374580489108
 30
0.0
 10
-36.932411445002
 20
32.22740234465154
 30
0.0
 10
-37.5781901305094
 20
31.1673969349589
 30
0.0
 10
-38.19926402006111
 20
30.14794290601936
 30
0.0
 10
-38.3303110841811
 20
29.93283732881614
 30
0.0
  0
SPLINE
  5
89E
330
817
100
AcDbEntity
  8
0
  6
Continuous
 62
     7
370
    25
100
AcDbSpline
210
0.0
220
0.0
230
1.0
 70
    24
 71
     3
 72
     9
 73
     5
 74
     0
 42
0.00000001
 43
0.00000001
 40
0.0
 40
0.0
 40
0.0
 40
0.0
 40
0.070213649126778
 40
0.9999999999999999
 40
0.9999999999999999
 40
0.9999999999999999
 40
0.9999999999999999
 10
-36.57257407187031
 20
26.71551018833385
 30
0.0
 10
-36.53089753657621
 20
26.63922628056848
 30
0.0
 10
-35.93733010613531
 20
25.55277216923729
 30
0.0
 10
-35.3556631013564
 20
24.48810036219684
 30
0.0
 10
-34.81483705955971
 20
23.49818304785112
 30
0.0
  0
SPLINE
  5
89F
330
817
100
AcDbEntity
  8
0
  6
Continuous
 62
     7
370
    25
100
AcDbSpline
210
0.0
220
0.0
230
1.0
 70
    24
 71
     3
 72
     9
 73
     5
 74
     0
 42
0.00000001
 43
0.00000001
 40
0.0
 40
0.0
 40
0.0
 40
0.0
 40
0.0702136491267728
 40
1.0
 40
1.0
 40
1.0
 40
1.0
 10
-31.1496815174612
 20
23.41176438344289
 30
0.0
 10
-31.06277944778941
 20
23.40971536786657
 30
0.0
 10
-29.8250988721102
 20
23.38053278582181
 30
0.0
 10
-28.6122325381306
 20
23.35193528498336
 30
0.0
 10
-27.4845259753627
 20
23.32534571903467
 30
0.0
  0
SPLINE
  5
8A0
330
817
100
AcDbEntity
  8
0
  6
Continuous
 62
     7
370
    25
100
AcDbSpline
210
0.0
220
0.0
230
1.0
 70
    24
 71
     3
 72
     9
 73
     5
 74
     0
 42
0.00000001
 43
0.00000001
 40
0.0
 40
0.0
 40
0.0
 40
0.0
 40
0.2110007622676907
 40
1.0
 40
1.0
 40
1.0
 40
1.0
 10
-27.4845259753627
 20
23.32534571903467
 30
0.0
 10
-27.3534789112428
 20
23.54045129623772
 30
0.0
 10
-26.73240502169111
 20
24.55990532517694
 30
0.0
 10
-26.0866263361839
 20
25.61991073486952
 30
0.0
 10
-25.5771074455748
 20
26.45625419510916
 30
0.0
  0
SPLINE
  5
8A1
330
817
100
AcDbEntity
  8
0
  6
Continuous
 62
     7
370
    25
100
AcDbSpline
210
0.0
220
0.0
230
1.0
 70
    24
 71
     3
 72
     9
 73
     5
 74
     0
 42
0.00000001
 43
0.00000001
 40
0.0
 40
0.0
 40
0.0
 40
0.0
 40
0.0702136491267755
 40
1.0
 40
1.0
 40
1.0
 40
1.0
 10
-36.57257407187031
 20
76.71551018833384
 30
0.0
 10
-36.53089753657621
 20
76.63922628056852
 30
0.0
 10
-35.93733010613541
 20
75.55277216923734
 30
0.0
 10
-35.3556631013565
 20
74.48810036219689
 30
0.0
 10
-34.81483705955971
 20
73.49818304785111
 30
0.0
  0
SPLINE
  5
8A2
330
817
100
AcDbEntity
  8
0
  6
Continuous
 62
     7
370
    25
100
AcDbSpline
210
0.0
220
0.0
230
1.0
 70
    24
 71
     3
 72
     9
 73
     5
 74
     0
 42
0.00000001
 43
0.00000001
 40
0.0
 40
0.0
 40
0.0
 40
0.0
 40
0.0702136491267788
 40
1.0
 40
1.0
 40
1.0
 40
1.0
 10
-25.42742592809751
 20
82.80448981166633
 30
0.0
 10
-25.46910246339151
 20
82.8807737194317
 30
0.0
 10
-26.06266989383251
 20
83.96722783076294
 30
0.0
 10
-26.6443368986114
 20
85.03189963780339
 30
0.0
 10
-27.18516294040811
 20
86.02181695214911
 30
0.0
  0
SPLINE
  5
8A3
330
817
100
AcDbEntity
  8
0
  6
Continuous
 62
     7
370
    25
100
AcDbSpline
210
0.0
220
0.0
230
1.0
 70
    24
 71
     3
 72
     9
 73
     5
 74
     0
 42
0.00000001
 43
0.00000001
 40
0.0
 40
0.0
 40
0.0
 40
0.0
 40
0.0702136491267731
 40
1.0
 40
1.0
 40
1.0
 40
1.0
 10
-30.85031848250661
 20
86.10823561655734
 30
0.0
 10
-30.9372205521784
 20
86.11028463213366
 30
0.0
 10
-32.17490112785751
 20
86.13946721417842
 30
0.0
 10
-33.3877674618371
 20
86.16806471501687
 30
0.0
 10
-34.5154740246051
 20
86.19465428096557
 30
0.0
  0
SPLINE
  5
8A4
330
817
100
AcDbEntity
  8
0
  6
Continuous
 62
     7
370
    25
100
AcDbSpline
210
0.0
220
0.0
230
1.0
 70
    24
 71
     3
 72
     9
 73
     5
 74
     0
 42
0.00000001
 43
0.00000001
 40
0.0
 40
0.0
 40
0.0
 40
0.0
 40
0.7681507275779912
 40
1.0
 40
1.0
 40
1.0
 40
1.0
 10
-34.5154740246051
 20
86.19465428096557
 30
0.0
 10
-34.99872720078081
 20
85.40142435174447
 30
0.0
 10
-35.6278396377364
 20
84.36877554892142
 30
0.0
 10
-36.27325375978511
 20
83.30936854739396
 30
0.0
 10
-36.422892554393
 20
83.06374580489107
 30
0.0
  0
SPLINE
  5
8A5
330
817
100
AcDbEntity
  8
0
  6
Continuous
 62
     7
370
    25
100
AcDbSpline
210
0.0
220
0.0
230
1.0
 70
    24
 71
     3
 72
     9
 73
     5
 74
     0
 42
0.00000001
 43
0.00000001
 40
0.0
 40
0.0
 40
0.0
 40
0.0
 40
0.0702136491267728
 40
1.0
 40
1.0
 40
1.0
 40
1.0
 10
-31.1496815174612
 20
73.41176438344289
 30
0.0
 10
-31.06277944778941
 20
73.40971536786655
 30
0.0
 10
-29.8250988721103
 20
73.38053278582186
 30
0.0
 10
-28.6122325381306
 20
73.35193528498341
 30
0.0
 10
-27.4845259753627
 20
73.32534571903466
 30
0.0
  0
SPLINE
  5
8A6
330
817
100
AcDbEntity
  8
0
  6
Continuous
 62
     7
370
    25
100
AcDbSpline
210
0.0
220
0.0
230
1.0
 70
    24
 71
     3
 72
     9
 73
     5
 74
     0
 42
0.00000001
 43
0.00000001
 40
0.0
 40
0.0
 40
0.0
 40
0.0
 40
0.2110007622676907
 40
1.0
 40
1.0
 40
1.0
 40
1.0
 10
-27.4845259753627
 20
73.32534571903466
 30
0.0
 10
-27.3534789112428
 20
73.5404512962377
 30
0.0
 10
-26.73240502169111
 20
74.55990532517693
 30
0.0
 10
-26.0866263361839
 20
75.61991073486956
 30
0.0
 10
-25.5771074455748
 20
76.45625419510915
 30
0.0
  0
SPLINE
  5
8A7
330
817
100
AcDbEntity
  8
0
  6
Continuous
 62
     7
370
    25
100
AcDbSpline
210
0.0
220
0.0
230
1.0
 70
    24
 71
     3
 72
     9
 73
     5
 74
     0
 42
0.00000001
 43
0.00000001
 40
0.0
 40
0.0
 40
0.0
 40
0.0
 40
0.2318492724220126
 40
1.0
 40
1.0
 40
1.0
 40
1.0
 10
-25.5771074455748
 20
76.45625419510915
 30
0.0
 10
-25.427468650967
 20
76.7018769376121
 30
0.0
 10
-24.78205452891831
 20
77.7612839391395
 30
0.0
 10
-24.15294209196271
 20
78.79393274196256
 30
0.0
 10
-23.66968891578694
 20
79.5871626711836
 30
0.0
  0
SPLINE
  5
8A8
330
817
100
AcDbEntity
  8
0
  6
Continuous
 62
     7
370
    25
100
AcDbSpline
210
0.0
220
0.0
230
1.0
 70
    24
 71
     3
 72
     9
 73
     5
 74
     0
 42
0.00000001
 43
0.00000001
 40
0.0
 40
0.0
 40
0.0
 40
0.0
 40
0.7889992377322349
 40
1.0
 40
1.0
 40
1.0
 40
1.0
 10
-36.422892554393
 20
83.06374580489107
 30
0.0
 10
-36.932411445002
 20
82.22740234465154
 30
0.0
 10
-37.5781901305093
 20
81.16739693495889
 30
0.0
 10
-38.19926402006111
 20
80.14794290601934
 30
0.0
 10
-38.3303110841811
 20
79.93283732881618
 30
0.0
  0
LINE
  5
8A9
330
817
100
AcDbEntity
  8
0
  6
Continuous
 62
     7
370
    25
100
AcDbLine
 10
-62.45299999999999
 20
-55.9987344712
 30
0.0
 11
-62.45299999999999
 21
-65.6507344712
 31
0.0
  0
LINE
  5
8AA
330
817
100
AcDbEntity
  8
0
  6
Continuous
 62
     7
370
    25
100
AcDbLine
 10
-52.547
 20
-65.6507344712
 30
0.0
 11
-52.547
 21
-55.9987344712
 31
0.0
  0
LINE
  5
8AB
330
817
100
AcDbEntity
  8
0
  6
Continuous
 62
     7
370
    25
100
AcDbLine
 10
-47.14949999999999
 20
4.760000000000001
 30
0.0
 11
-47.14949999999999
 21
6.284000000000001
 31
0.0
  0
LINE
  5
8AC
330
817
100
AcDbEntity
  8
0
  6
Continuous
 62
     7
370
    25
100
AcDbLine
 10
-67.85049999999998
 20
6.284000000000001
 30
0.0
 11
-67.85049999999998
 21
4.760000000000001
 31
0.0
  0
LINE
  5
8AD
330
817
100
AcDbEntity
  8
0
  6
Continuous
 62
     7
370
    25
100
AcDbLine
 10
-62.26249999999999
 20
-34.3770725099
 30
0.0
 11
-62.26249999999999
 21
-55.3185255646
 31
0.0
  0
LINE
  5
8AE
330
817
100
AcDbEntity
  8
0
  6
Continuous
 62
     7
370
    25
100
AcDbLine
 10
-62.26249999999999
 20
-32.9659613987
 30
0.0
 11
-62.26249999999999
 21
-33.3178329659
 31
0.0
  0
LINE
  5
8AF
330
817
100
AcDbEntity
  8
0
  6
Continuous
 62
     7
370
    25
100
AcDbLine
 10
-62.26249999999999
 20
-31.5548502876
 30
0.0
 11
-62.26249999999999
 21
-31.9067218548
 31
0.0
  0
LINE
  5
8B0
330
817
100
AcDbEntity
  8
0
  6
Continuous
 62
     7
370
    25
100
AcDbLine
 10
-62.26249999999999
 20
-30.1437391765
 30
0.0
 11
-62.26249999999999
 21
-30.4956107437
 31
0.0
  0
LINE
  5
8B1
330
817
100
AcDbEntity
  8
0
  6
Continuous
 62
     7
370
    25
100
AcDbLine
 10
-62.26249999999999
 20
-28.7326280654
 30
0.0
 11
-62.26249999999999
 21
-29.0844996326
 31
0.0
  0
LINE
  5
8B2
330
817
100
AcDbEntity
  8
0
  6
Continuous
 62
     7
370
    25
100
AcDbLine
 10
-62.26249999999999
 20
-27.3215169543
 30
0.0
 11
-62.26249999999999
 21
-27.6733885215
 31
0.0
  0
LINE
  5
8B3
330
817
100
AcDbEntity
  8
0
  6
Continuous
 62
     7
370
    25
100
AcDbLine
 10
-62.26249999999999
 20
-25.9104058432
 30
0.0
 11
-62.26249999999999
 21
-26.2622774103
 31
0.0
  0
LINE
  5
8B4
330
817
100
AcDbEntity
  8
0
  6
Continuous
 62
     7
370
    25
100
AcDbLine
 10
-62.26249999999999
 20
-24.4992947321
 30
0.0
 11
-62.26249999999999
 21
-24.8511662992
 31
0.0
  0
LINE
  5
8B5
330
817
100
AcDbEntity
  8
0
  6
Continuous
 62
     7
370
    25
100
AcDbLine
 10
-62.26249999999999
 20
-23.088183621
 30
0.0
 11
-62.26249999999999
 21
-23.4400551881
 31
0.0
  0
LINE
  5
8B6
330
817
100
AcDbEntity
  8
0
  6
Continuous
 62
     7
370
    25
100
AcDbLine
 10
-62.26249999999999
 20
-21.6770725099
 30
0.0
 11
-62.26249999999999
 21
-22.028944077
 31
0.0
  0
LINE
  5
8B7
330
817
100
AcDbEntity
  8
0
  6
Continuous
 62
     7
370
    25
100
AcDbLine
 10
-62.26249999999999
 20
-20.2659613987
 30
0.0
 11
-62.26249999999999
 21
-20.6178329659
 31
0.0
  0
LINE
  5
8B8
330
817
100
AcDbEntity
  8
0
  6
Continuous
 62
     7
370
    25
100
AcDbLine
 10
-62.26249999999999
 20
-18.8548502876
 30
0.0
 11
-62.26249999999999
 21
-19.2067218548
 31
0.0
  0
LINE
  5
8B9
330
817
100
AcDbEntity
  8
0
  6
Continuous
 62
     7
370
    25
100
AcDbLine
 10
-62.26249999999999
 20
-17.4437391765
 30
0.0
 11
-62.26249999999999
 21
-17.7956107437
 31
0.0
  0
LINE
  5
8BA
330
817
100
AcDbEntity
  8
0
  6
Continuous
 62
     7
370
    25
100
AcDbLine
 10
-62.26249999999999
 20
-16.0326280654
 30
0.0
 11
-62.26249999999999
 21
-16.3844996326
 31
0.0
  0
LINE
  5
8BB
330
817
100
AcDbEntity
  8
0
  6
Continuous
 62
     7
370
    25
100
AcDbLine
 10
-62.26249999999999
 20
-14.6215169543
 30
0.0
 11
-62.26249999999999
 21
-14.9733885215
 31
0.0
  0
LINE
  5
8BC
330
817
100
AcDbEntity
  8
0
  6
Continuous
 62
     7
370
    25
100
AcDbLine
 10
-62.26249999999999
 20
-13.2104058432
 30
0.0
 11
-62.26249999999999
 21
-13.5622774103
 31
0.0
  0
LINE
  5
8BD
330
817
100
AcDbEntity
  8
0
  6
Continuous
 62
     7
370
    25
100
AcDbLine
 10
-62.26249999999999
 20
-11.7992947321
 30
0.0
 11
-62.26249999999999
 21
-12.1511662992
 31
0.0
  0
LINE
  5
8BE
330
817
100
AcDbEntity
  8
0
  6
Continuous
 62
     7
370
    25
100
AcDbLine
 10
-62.26249999999999
 20
-10.388183621
 30
0.0
 11
-62.26249999999999
 21
-10.7400551881
 31
0.0
  0
LINE
  5
8BF
330
817
100
AcDbEntity
  8
0
  6
Continuous
 62
     7
370
    25
100
AcDbLine
 10
-62.26249999999999
 20
-8.9770725099
 30
0.0
 11
-62.26249999999999
 21
-9.328944077000001
 31
0.0
  0
LINE
  5
8C0
330
817
100
AcDbEntity
  8
0
  6
Continuous
 62
     7
370
    25
100
AcDbLine
 10
-62.26249999999999
 20
-7.5659613987
 30
0.0
 11
-62.26249999999999
 21
-7.9178329659
 31
0.0
  0
LINE
  5
8C1
330
817
100
AcDbEntity
  8
0
  6
Continuous
 62
     7
370
    25
100
AcDbLine
 10
-62.26249999999999
 20
-6.1548502876
 30
0.0
 11
-62.26249999999999
 21
-6.506721854799999
 31
0.0
  0
LINE
  5
8C2
330
817
100
AcDbEntity
  8
0
  6
Continuous
 62
     7
370
    25
100
AcDbLine
 10
-62.26249999999999
 20
-4.7437391765
 30
0.0
 11
-62.26249999999999
 21
-5.0956107437
 31
0.0
  0
LINE
  5
8C3
330
817
100
AcDbEntity
  8
0
  6
Continuous
 62
     7
370
    25
100
AcDbLine
 10
-62.26249999999999
 20
-3.3326280654
 30
0.0
 11
-62.26249999999999
 21
-3.6844996326
 31
0.0
  0
LINE
  5
8C4
330
817
100
AcDbEntity
  8
0
  6
Continuous
 62
     7
370
    25
100
AcDbLine
 10
-62.26249999999999
 20
12.1895941568
 30
0.0
 11
-62.26249999999999
 21
11.872
 31
0.0
  0
LINE
  5
8C5
330
817
100
AcDbEntity
  8
0
  6
Continuous
 62
     7
370
    25
100
AcDbLine
 10
-62.26249999999999
 20
13.6007052679
 30
0.0
 11
-62.26249999999999
 21
13.2488337008
 31
0.0
  0
LINE
  5
8C6
330
817
100
AcDbEntity
  8
0
  6
Continuous
 62
     7
370
    25
100
AcDbLine
 10
-52.7375
 20
11.872
 30
0.0
 11
-52.7375
 21
14.2655534813
 31
0.0
  0
LINE
  5
8C7
330
817
100
AcDbEntity
  8
0
  6
Continuous
 62
     7
370
    25
100
AcDbLine
 10
-52.7375
 20
12.542859293
 30
0.0
 11
-52.7375
 21
12.8959409318
 31
0.0
  0
LINE
  5
8C8
330
817
100
AcDbEntity
  8
0
  6
Continuous
 62
     7
370
    25
100
AcDbLine
 10
-52.7375
 20
-2.9793629292
 30
0.0
 11
-52.7375
 21
-2.8
 31
0.0
  0
LINE
  5
8C9
330
817
100
AcDbEntity
  8
0
  6
Continuous
 62
     7
370
    25
100
AcDbLine
 10
-52.7375
 20
-4.3904740403
 30
0.0
 11
-52.7375
 21
-4.0373924015
 31
0.0
  0
LINE
  5
8CA
330
817
100
AcDbEntity
  8
0
  6
Continuous
 62
     7
370
    25
100
AcDbLine
 10
-52.7375
 20
-5.801585151399999
 30
0.0
 11
-52.7375
 21
-5.448503512599999
 31
0.0
  0
LINE
  5
8CB
330
817
100
AcDbEntity
  8
0
  6
Continuous
 62
     7
370
    25
100
AcDbLine
 10
-52.7375
 20
-7.2126962626
 30
0.0
 11
-52.7375
 21
-6.8596146237
 31
0.0
  0
LINE
  5
8CC
330
817
100
AcDbEntity
  8
0
  6
Continuous
 62
     7
370
    25
100
AcDbLine
 10
-52.7375
 20
-8.6238073737
 30
0.0
 11
-52.7375
 21
-8.270725734800001
 31
0.0
  0
LINE
  5
8CD
330
817
100
AcDbEntity
  8
0
  6
Continuous
 62
     7
370
    25
100
AcDbLine
 10
-52.7375
 20
-10.0349184848
 30
0.0
 11
-52.7375
 21
-9.681836846000001
 31
0.0
  0
LINE
  5
8CE
330
817
100
AcDbEntity
  8
0
  6
Continuous
 62
     7
370
    25
100
AcDbLine
 10
-52.7375
 20
-11.4460295959
 30
0.0
 11
-52.7375
 21
-11.0929479571
 31
0.0
  0
LINE
  5
8CF
330
817
100
AcDbEntity
  8
0
  6
Continuous
 62
     7
370
    25
100
AcDbLine
 10
-52.7375
 20
-12.857140707
 30
0.0
 11
-52.7375
 21
-12.5040590682
 31
0.0
  0
LINE
  5
8D0
330
817
100
AcDbEntity
  8
0
  6
Continuous
 62
     7
370
    25
100
AcDbLine
 10
-52.7375
 20
-14.2682518181
 30
0.0
 11
-52.7375
 21
-13.9151701793
 31
0.0
  0
LINE
  5
8D1
330
817
100
AcDbEntity
  8
0
  6
Continuous
 62
     7
370
    25
100
AcDbLine
 10
-52.7375
 20
-15.6793629292
 30
0.0
 11
-52.7375
 21
-15.3262812904
 31
0.0
  0
LINE
  5
8D2
330
817
100
AcDbEntity
  8
0
  6
Continuous
 62
     7
370
    25
100
AcDbLine
 10
-52.7375
 20
-17.0904740403
 30
0.0
 11
-52.7375
 21
-16.7373924015
 31
0.0
  0
LINE
  5
8D3
330
817
100
AcDbEntity
  8
0
  6
Continuous
 62
     7
370
    25
100
AcDbLine
 10
-52.7375
 20
-18.5015851514
 30
0.0
 11
-52.7375
 21
-18.1485035126
 31
0.0
  0
LINE
  5
8D4
330
817
100
AcDbEntity
  8
0
  6
Continuous
 62
     7
370
    25
100
AcDbLine
 10
-52.7375
 20
-19.9126962626
 30
0.0
 11
-52.7375
 21
-19.5596146237
 31
0.0
  0
LINE
  5
8D5
330
817
100
AcDbEntity
  8
0
  6
Continuous
 62
     7
370
    25
100
AcDbLine
 10
-52.7375
 20
-21.3238073737
 30
0.0
 11
-52.7375
 21
-20.9707257348
 31
0.0
  0
LINE
  5
8D6
330
817
100
AcDbEntity
  8
0
  6
Continuous
 62
     7
370
    25
100
AcDbLine
 10
-52.7375
 20
-22.7349184848
 30
0.0
 11
-52.7375
 21
-22.381836846
 31
0.0
  0
LINE
  5
8D7
330
817
100
AcDbEntity
  8
0
  6
Continuous
 62
     7
370
    25
100
AcDbLine
 10
-52.7375
 20
-24.1460295959
 30
0.0
 11
-52.7375
 21
-23.7929479571
 31
0.0
  0
LINE
  5
8D8
330
817
100
AcDbEntity
  8
0
  6
Continuous
 62
     7
370
    25
100
AcDbLine
 10
-52.7375
 20
-25.557140707
 30
0.0
 11
-52.7375
 21
-25.2040590682
 31
0.0
  0
LINE
  5
8D9
330
817
100
AcDbEntity
  8
0
  6
Continuous
 62
     7
370
    25
100
AcDbLine
 10
-52.7375
 20
-26.9682518181
 30
0.0
 11
-52.7375
 21
-26.6151701793
 31
0.0
  0
LINE
  5
8DA
330
817
100
AcDbEntity
  8
0
  6
Continuous
 62
     7
370
    25
100
AcDbLine
 10
-52.7375
 20
-28.3793629292
 30
0.0
 11
-52.7375
 21
-28.0262812904
 31
0.0
  0
LINE
  5
8DB
330
817
100
AcDbEntity
  8
0
  6
Continuous
 62
     7
370
    25
100
AcDbLine
 10
-52.7375
 20
-29.7904740403
 30
0.0
 11
-52.7375
 21
-29.4373924015
 31
0.0
  0
LINE
  5
8DC
330
817
100
AcDbEntity
  8
0
  6
Continuous
 62
     7
370
    25
100
AcDbLine
 10
-52.7375
 20
-31.2015851514
 30
0.0
 11
-52.7375
 21
-30.8485035126
 31
0.0
  0
LINE
  5
8DD
330
817
100
AcDbEntity
  8
0
  6
Continuous
 62
     7
370
    25
100
AcDbLine
 10
-52.7375
 20
-32.6126962626
 30
0.0
 11
-52.7375
 21
-32.2596146237
 31
0.0
  0
LINE
  5
8DE
330
817
100
AcDbEntity
  8
0
  6
Continuous
 62
     7
370
    25
100
AcDbLine
 10
-52.7375
 20
-34.0238073737
 30
0.0
 11
-52.7375
 21
-33.6707257348
 31
0.0
  0
LINE
  5
8DF
330
817
100
AcDbEntity
  8
0
  6
Continuous
 62
     7
370
    25
100
AcDbLine
 10
-52.7375
 20
-55.3185255646
 30
0.0
 11
-52.7375
 21
-35.081836846
 31
0.0
  0
LINE
  5
8E0
330
817
100
AcDbEntity
  8
0
  6
Continuous
 62
     7
370
    25
100
AcDbLine
 10
-52.7375
 20
14.2655534813
 30
0.0
 11
-54.1464092943
 21
15.3752655288
 31
0.0
  0
LINE
  5
8E1
330
817
100
AcDbEntity
  8
0
  6
Continuous
 62
     7
370
    25
100
AcDbLine
 10
-60.8535907057
 20
15.3752655288
 30
0.0
 11
-61.93841470299999
 21
14.5208157327
 31
0.0
  0
LINE
  5
8E2
330
817
100
AcDbEntity
  8
0
  6
Continuous
 62
     7
370
    25
100
AcDbLine
 10
-53.4977554641
 20
11.872
 30
0.0
 11
-53.70830029209999
 21
11.9990546283
 31
0.0
  0
LINE
  5
8E3
330
817
100
AcDbEntity
  8
0
  6
Continuous
 62
     7
370
    25
100
AcDbLine
 10
-52.7375
 20
-77.3347344712
 30
0.0
 11
-53.81699999999999
 21
-65.9047344712
 31
0.0
  0
LINE
  5
8E4
330
817
100
AcDbEntity
  8
0
  6
Continuous
 62
     7
370
    25
100
AcDbLine
 10
-61.18299999999999
 20
-65.9047344712
 30
0.0
 11
-62.26249999999999
 21
-77.3347344712
 31
0.0
  0
LINE
  5
8E5
330
817
100
AcDbEntity
  8
0
  6
Continuous
 62
     7
370
    25
100
AcDbLine
 10
-62.26249999999999
 20
-77.3347344712
 30
0.0
 11
-62.26249999999999
 21
-79.8747344712
 31
0.0
  0
LINE
  5
8E6
330
817
100
AcDbEntity
  8
0
  6
Continuous
 62
     7
370
    25
100
AcDbLine
 10
-52.7375
 20
-79.8747344712
 30
0.0
 11
-52.7375
 21
-77.3347344712
 31
0.0
  0
LINE
  5
8E7
330
817
100
AcDbEntity
  8
0
  6
Continuous
 62
     7
370
    25
100
AcDbLine
 10
-53.51753030249999
 20
13.3565859785
 30
0.0
 11
-53.51753030249999
 21
14.2655534813
 31
0.0
  0
LINE
  5
8E8
330
817
100
AcDbEntity
  8
0
  6
Continuous
 62
     7
370
    25
100
AcDbLine
 10
-61.49870716369999
 20
14.2176233075
 30
0.0
 11
-61.49870716369999
 21
14.0412344187
 31
0.0
  0
LINE
  5
8E9
330
817
100
AcDbEntity
  8
0
  6
Continuous
 62
     7
370
    25
100
AcDbLine
 10
-50.5
 20
1104.76
 30
0.0
 11
-50.5
 21
104.76
 31
0.0
  0
LINE
  5
8EA
330
817
100
AcDbEntity
  8
0
  6
Continuous
 62
     7
370
    25
100
AcDbLine
 10
-77.5
 20
-2.8
 30
0.0
 11
0.0
 21
-2.8
 31
0.0
  0
LINE
  5
8EB
330
817
100
AcDbEntity
  8
0
  6
Continuous
 62
     7
370
    25
100
AcDbLine
 10
-72.5
 20
-2.8
 30
0.0
 11
-72.5
 21
4.760000000000001
 31
0.0
  0
LINE
  5
8EC
330
817
100
AcDbEntity
  8
0
  6
Continuous
 62
     7
370
    25
100
AcDbLine
 10
-77.5
 20
-1.4
 30
0.0
 11
0.0
 21
-1.4
 31
0.0
  0
LINE
  5
8ED
330
817
100
AcDbEntity
  8
0
  6
Continuous
 62
     7
370
    25
100
AcDbLine
 10
-77.5
 20
-2.8
 30
0.0
 11
-77.5
 21
4.760000000000001
 31
0.0
  0
LINE
  5
8EE
330
817
100
AcDbEntity
  8
0
  6
Continuous
 62
     7
370
    25
100
AcDbLine
 10
-77.5
 20
0.0
 30
0.0
 11
0.0
 21
0.0
 31
0.0
  0
LINE
  5
8EF
330
817
100
AcDbEntity
  8
0
  6
Continuous
 62
     7
370
    25
100
AcDbLine
 10
-54.50000000000001
 20
6.284000000000001
 30
0.0
 11
-54.50000000000001
 21
6.307276649367492
 31
0.0
  0
LINE
  5
8F0
330
817
100
AcDbEntity
  8
0
  6
Continuous
 62
     7
370
    25
100
AcDbLine
 10
-54.50000000000001
 20
11.8487233506325
 30
0.0
 11
-54.50000000000001
 21
11.872
 31
0.0
  0
LINE
  5
8F1
330
817
100
AcDbEntity
  8
0
  6
Continuous
 62
     7
370
    25
100
AcDbLine
 10
-54.50000000000001
 20
14.1533273508763
 30
0.0
 11
-54.50000000000001
 21
104.76
 31
0.0
  0
LINE
  5
8F2
330
817
100
AcDbEntity
  8
0
  6
Continuous
 62
     7
370
    25
100
AcDbLine
 10
0.0
 20
104.76
 30
0.0
 11
-54.5
 21
104.76
 31
0.0
  0
LINE
  5
8F3
330
817
100
AcDbEntity
  8
0
  6
Continuous
 62
     7
370
    25
100
AcDbLine
 10
-77.5
 20
4.760000000000001
 30
0.0
 11
0.0
 21
4.760000000000001
 31
0.0
  0
LINE
  5
8F4
330
817
100
AcDbEntity
  8
0
  6
Continuous
 62
     7
370
    25
100
AcDbLine
 10
-52.80099999999999
 20
-65.9047344712
 30
0.0
 11
-62.199
 21
-65.9047344712
 31
0.0
  0
LINE
  5
8F5
330
817
100
AcDbEntity
  8
0
  6
Continuous
 62
     7
370
    25
100
AcDbLine
 10
-67.85049999999998
 20
6.284000000000001
 30
0.0
 11
-47.14949999999999
 21
6.284000000000001
 31
0.0
  0
LINE
  5
8F6
330
817
100
AcDbEntity
  8
0
  6
Continuous
 62
     7
370
    25
100
AcDbLine
 10
-58.0300116433
 20
6.7993361539
 30
0.0
 11
-61.4620031091
 21
6.284000000000001
 31
0.0
  0
LINE
  5
8F7
330
817
100
AcDbEntity
  8
0
  6
Continuous
 62
     7
370
    25
100
AcDbLine
 10
-61.4620031091
 20
6.284000000000001
 30
0.0
 11
-64.89399455009999
 21
6.799336168900001
 31
0.0
  0
LINE
  5
8F8
330
817
100
AcDbEntity
  8
0
  6
Continuous
 62
     7
370
    25
100
AcDbLine
 10
-64.89399455009999
 20
6.799336168900001
 30
0.0
 11
-64.89399455009999
 21
11.3566638311
 31
0.0
  0
LINE
  5
8F9
330
817
100
AcDbEntity
  8
0
  6
Continuous
 62
     7
370
    25
100
AcDbLine
 10
-61.4620031091
 20
11.872
 30
0.0
 11
-64.89399455009999
 21
11.3566638311
 31
0.0
  0
LINE
  5
8FA
330
817
100
AcDbEntity
  8
0
  6
Continuous
 62
     7
370
    25
100
AcDbLine
 10
-58.0300116433
 20
11.3566638461
 30
0.0
 11
-61.4620031091
 21
11.872
 31
0.0
  0
LINE
  5
8FB
330
817
100
AcDbEntity
  8
0
  6
Continuous
 62
     7
370
    25
100
AcDbLine
 10
-58.0300116433
 20
6.7993361539
 30
0.0
 11
-58.0300116433
 21
11.3566638461
 31
0.0
  0
LINE
  5
8FC
330
817
100
AcDbEntity
  8
0
  6
Continuous
 62
     7
370
    25
100
AcDbLine
 10
-54.3330144169
 20
6.284000000000001
 30
0.0
 11
-58.0300116433
 21
6.7993361539
 31
0.0
  0
LINE
  5
8FD
330
817
100
AcDbEntity
  8
0
  6
Continuous
 62
     7
370
    25
100
AcDbLine
 10
-64.62898869219998
 20
11.872
 30
0.0
 11
-50.37101130779999
 21
11.872
 31
0.0
  0
LINE
  5
8FE
330
817
100
AcDbEntity
  8
0
  6
Continuous
 62
     7
370
    25
100
AcDbLine
 10
-54.3330144169
 20
11.872
 30
0.0
 11
-58.0300116433
 21
11.3566638461
 31
0.0
  0
LINE
  5
8FF
330
817
100
AcDbEntity
  8
0
  6
Continuous
 62
     7
370
    25
100
AcDbLine
 10
-50.63601714689999
 20
6.7993361539
 30
0.0
 11
-54.3330144169
 21
6.284000000000001
 31
0.0
  0
LINE
  5
900
330
817
100
AcDbEntity
  8
0
  6
Continuous
 62
     7
370
    25
100
AcDbLine
 10
-50.63601714689999
 20
11.3566638461
 30
0.0
 11
-54.3330144169
 21
11.872
 31
0.0
  0
LINE
  5
901
330
817
100
AcDbEntity
  8
0
  6
Continuous
 62
     7
370
    25
100
AcDbLine
 10
-50.63601714689999
 20
6.7993361539
 30
0.0
 11
-50.63601714689999
 21
11.3566638461
 31
0.0
  0
LINE
  5
902
330
817
100
AcDbEntity
  8
0
  6
Continuous
 62
     7
370
    25
100
AcDbLine
 10
-64.89399455009999
 20
6.799336168900001
 30
0.0
 11
-64.62898869219998
 21
6.284000000000001
 31
0.0
  0
LINE
  5
903
330
817
100
AcDbEntity
  8
0
  6
Continuous
 62
     7
370
    25
100
AcDbLine
 10
-64.89399455009999
 20
11.3566638311
 30
0.0
 11
-64.62898869219998
 21
11.872
 31
0.0
  0
LINE
  5
904
330
817
100
AcDbEntity
  8
0
  6
Continuous
 62
     7
370
    25
100
AcDbLine
 10
-50.37101130779999
 20
11.872
 30
0.0
 11
-50.63601714689999
 21
11.3566638461
 31
0.0
  0
LINE
  5
905
330
817
100
AcDbEntity
  8
0
  6
Continuous
 62
     7
370
    25
100
AcDbLine
 10
-50.37101130779999
 20
6.284000000000001
 30
0.0
 11
-50.63601714689999
 21
6.7993361539
 31
0.0
  0
LINE
  5
906
330
817
100
AcDbEntity
  8
0
  6
Continuous
 62
     7
370
    25
100
AcDbLine
 10
-50.1060055035
 20
6.7993361539
 30
0.0
 11
-50.37101130779999
 21
6.284000000000001
 31
0.0
  0
LINE
  5
907
330
817
100
AcDbEntity
  8
0
  6
Continuous
 62
     7
370
    25
100
AcDbLine
 10
-50.1060055035
 20
11.3566638461
 30
0.0
 11
-50.37101130779999
 21
11.872
 31
0.0
  0
LINE
  5
908
330
817
100
AcDbEntity
  8
0
  6
Continuous
 62
     7
370
    25
100
AcDbLine
 10
-50.1060055035
 20
6.7993361539
 30
0.0
 11
-50.1060055035
 21
11.3566638461
 31
0.0
  0
LINE
  5
909
330
817
100
AcDbEntity
  8
0
  6
Continuous
 62
     7
370
    25
100
AcDbLine
 10
-56.6239334375
 20
14.2655534813
 30
0.0
 11
-52.7375
 21
14.2655534813
 31
0.0
  0
LINE
  5
90A
330
817
100
AcDbEntity
  8
0
  6
Continuous
 62
     7
370
    25
100
AcDbLine
 10
-52.91494238967951
 20
14.2655534813
 30
0.0
 11
-52.75181541011577
 21
11.872
 31
0.0
  0
LINE
  5
90B
330
817
100
AcDbEntity
  8
0
  6
Continuous
 62
     7
370
    25
100
AcDbLine
 10
-52.82452725009999
 20
-3.9944363786
 30
0.0
 11
-52.82159968389999
 21
-4.0373924015
 31
0.0
  0
LINE
  5
90C
330
817
100
AcDbEntity
  8
0
  6
Continuous
 62
     7
370
    25
100
AcDbLine
 10
-52.82452725009999
 20
-5.4055474897
 30
0.0
 11
-52.82159968389999
 21
-5.448503512599999
 31
0.0
  0
LINE
  5
90D
330
817
100
AcDbEntity
  8
0
  6
Continuous
 62
     7
370
    25
100
AcDbLine
 10
-52.82452725009999
 20
-6.816658600799999
 30
0.0
 11
-52.82159968389999
 21
-6.8596146237
 31
0.0
  0
LINE
  5
90E
330
817
100
AcDbEntity
  8
0
  6
Continuous
 62
     7
370
    25
100
AcDbLine
 10
-52.82452725009999
 20
-8.2277697119
 30
0.0
 11
-52.82159968389999
 21
-8.270725734800001
 31
0.0
  0
LINE
  5
90F
330
817
100
AcDbEntity
  8
0
  6
Continuous
 62
     7
370
    25
100
AcDbLine
 10
-52.82452725009999
 20
-9.638880823000001
 30
0.0
 11
-52.82159968389999
 21
-9.681836846000001
 31
0.0
  0
LINE
  5
910
330
817
100
AcDbEntity
  8
0
  6
Continuous
 62
     7
370
    25
100
AcDbLine
 10
-52.82452725009999
 20
-11.0499919342
 30
0.0
 11
-52.82159968389999
 21
-11.0929479571
 31
0.0
  0
LINE
  5
911
330
817
100
AcDbEntity
  8
0
  6
Continuous
 62
     7
370
    25
100
AcDbLine
 10
-52.82452725009999
 20
-12.4611030453
 30
0.0
 11
-52.82159968389999
 21
-12.5040590682
 31
0.0
  0
LINE
  5
912
330
817
100
AcDbEntity
  8
0
  6
Continuous
 62
     7
370
    25
100
AcDbLine
 10
-52.82452725009999
 20
-13.8722141564
 30
0.0
 11
-52.82159968389999
 21
-13.9151701793
 31
0.0
  0
LINE
  5
913
330
817
100
AcDbEntity
  8
0
  6
Continuous
 62
     7
370
    25
100
AcDbLine
 10
-52.82452725009999
 20
-15.2833252675
 30
0.0
 11
-52.82159968389999
 21
-15.3262812904
 31
0.0
  0
LINE
  5
914
330
817
100
AcDbEntity
  8
0
  6
Continuous
 62
     7
370
    25
100
AcDbLine
 10
-52.82452725009999
 20
-16.6944363786
 30
0.0
 11
-52.82159968389999
 21
-16.7373924015
 31
0.0
  0
LINE
  5
915
330
817
100
AcDbEntity
  8
0
  6
Continuous
 62
     7
370
    25
100
AcDbLine
 10
-52.82452725009999
 20
-18.1055474897
 30
0.0
 11
-52.82159968389999
 21
-18.1485035126
 31
0.0
  0
LINE
  5
916
330
817
100
AcDbEntity
  8
0
  6
Continuous
 62
     7
370
    25
100
AcDbLine
 10
-52.82452725009999
 20
-19.5166586008
 30
0.0
 11
-52.82159968389999
 21
-19.5596146237
 31
0.0
  0
LINE
  5
917
330
817
100
AcDbEntity
  8
0
  6
Continuous
 62
     7
370
    25
100
AcDbLine
 10
-52.82452725009999
 20
-20.9277697119
 30
0.0
 11
-52.82159968389999
 21
-20.9707257348
 31
0.0
  0
LINE
  5
918
330
817
100
AcDbEntity
  8
0
  6
Continuous
 62
     7
370
    25
100
AcDbLine
 10
-52.82452725009999
 20
-22.338880823
 30
0.0
 11
-52.82159968389999
 21
-22.381836846
 31
0.0
  0
LINE
  5
919
330
817
100
AcDbEntity
  8
0
  6
Continuous
 62
     7
370
    25
100
AcDbLine
 10
-52.82452725009999
 20
-23.7499919342
 30
0.0
 11
-52.82159968389999
 21
-23.7929479571
 31
0.0
  0
LINE
  5
91A
330
817
100
AcDbEntity
  8
0
  6
Continuous
 62
     7
370
    25
100
AcDbLine
 10
-52.82452725009999
 20
-25.1611030453
 30
0.0
 11
-52.82159968389999
 21
-25.2040590682
 31
0.0
  0
LINE
  5
91B
330
817
100
AcDbEntity
  8
0
  6
Continuous
 62
     7
370
    25
100
AcDbLine
 10
-52.82452725009999
 20
-26.5722141564
 30
0.0
 11
-52.82159968389999
 21
-26.6151701793
 31
0.0
  0
LINE
  5
91C
330
817
100
AcDbEntity
  8
0
  6
Continuous
 62
     7
370
    25
100
AcDbLine
 10
-52.82452725009999
 20
-27.9833252675
 30
0.0
 11
-52.82159968389999
 21
-28.0262812904
 31
0.0
  0
LINE
  5
91D
330
817
100
AcDbEntity
  8
0
  6
Continuous
 62
     7
370
    25
100
AcDbLine
 10
-52.82452725009999
 20
-29.3944363786
 30
0.0
 11
-52.82159968389999
 21
-29.4373924015
 31
0.0
  0
LINE
  5
91E
330
817
100
AcDbEntity
  8
0
  6
Continuous
 62
     7
370
    25
100
AcDbLine
 10
-52.82452725009999
 20
-30.8055474897
 30
0.0
 11
-52.82159968389999
 21
-30.8485035126
 31
0.0
  0
LINE
  5
91F
330
817
100
AcDbEntity
  8
0
  6
Continuous
 62
     7
370
    25
100
AcDbLine
 10
-52.82452725009999
 20
-32.2166586008
 30
0.0
 11
-52.82159968389999
 21
-32.2596146237
 31
0.0
  0
LINE
  5
920
330
817
100
AcDbEntity
  8
0
  6
Continuous
 62
     7
370
    25
100
AcDbLine
 10
-52.82452725009999
 20
-33.6277697119
 30
0.0
 11
-52.82159968389999
 21
-33.6707257348
 31
0.0
  0
LINE
  5
921
330
817
100
AcDbEntity
  8
0
  6
Continuous
 62
     7
370
    25
100
AcDbLine
 10
-52.82452725009999
 20
-35.038880823
 30
0.0
 11
-52.82159968389999
 21
-35.081836846
 31
0.0
  0
LINE
  5
922
330
817
100
AcDbEntity
  8
0
  6
Continuous
 62
     7
370
    25
100
AcDbLine
 10
-60.8535907057
 20
15.3752655288
 30
0.0
 11
-54.1464092943
 21
15.3752655288
 31
0.0
  0
LINE
  5
923
330
817
100
AcDbEntity
  8
0
  6
Continuous
 62
     7
370
    25
100
AcDbLine
 10
-62.6887089066
 20
-55.7447344712
 30
0.0
 11
-52.3112910934
 21
-55.7447344712
 31
0.0
  0
LINE
  5
924
330
817
100
AcDbEntity
  8
0
  6
Continuous
 62
     7
370
    25
100
AcDbLine
 10
-62.26249999999999
 20
-77.3347344712
 30
0.0
 11
-52.7375
 21
-77.3347344712
 31
0.0
  0
LINE
  5
925
330
817
100
AcDbEntity
  8
0
  6
Continuous
 62
     7
370
    25
100
AcDbLine
 10
-62.26249999999999
 20
-79.8747344712
 30
0.0
 11
-52.7375
 21
-79.8747344712
 31
0.0
  0
LINE
  5
926
330
817
100
AcDbEntity
  8
0
  6
Continuous
 62
     7
370
    25
100
AcDbLine
 10
-23.66968891580001
 20
29.5871626712
 30
0.0
 11
-25.42742592810001
 21
32.8044898117
 31
0.0
  0
LINE
  5
927
330
817
100
AcDbEntity
  8
0
  6
Continuous
 62
     7
370
    25
100
AcDbLine
 10
-27.18516294040001
 20
36.0218169521
 30
0.0
 11
-30.8503184825
 21
36.1082356166
 31
0.0
  0
LINE
  5
928
330
817
100
AcDbEntity
  8
0
  6
Continuous
 62
     7
370
    25
100
AcDbLine
 10
-38.33031108420001
 20
29.9328373288
 30
0.0
 11
-36.57257407190001
 21
26.7155101883
 31
0.0
  0
LINE
  5
929
330
817
100
AcDbEntity
  8
0
  6
Continuous
 62
     7
370
    25
100
AcDbLine
 10
-34.81483705960001
 20
23.4981830479
 30
0.0
 11
-31.1496815175
 21
23.4117643834
 31
0.0
  0
LINE
  5
92A
330
817
100
AcDbEntity
  8
0
  6
Continuous
 62
     7
370
    25
100
AcDbLine
 10
-34.81483705960001
 20
73.4981830479
 30
0.0
 11
-31.1496815175
 21
73.4117643834
 31
0.0
  0
LINE
  5
92B
330
817
100
AcDbEntity
  8
0
  6
Continuous
 62
     7
370
    25
100
AcDbLine
 10
-27.18516294040001
 20
86.0218169521
 30
0.0
 11
-30.8503184825
 21
86.1082356166
 31
0.0
  0
LINE
  5
92C
330
817
100
AcDbEntity
  8
0
  6
Continuous
 62
     7
370
    25
100
AcDbLine
 10
-23.66968891580001
 20
79.5871626712
 30
0.0
 11
-25.42742592810001
 21
82.8044898117
 31
0.0
  0
LINE
  5
92D
330
817
100
AcDbEntity
  8
0
  6
Continuous
 62
     7
370
    25
100
AcDbLine
 10
-38.33031108420001
 20
79.9328373288
 30
0.0
 11
-36.57257407190001
 21
76.7155101883
 31
0.0
  0
LINE
  5
92E
330
817
100
AcDbEntity
  8
0
  6
Continuous
 62
     7
370
    25
100
AcDbLine
 10
-45.10000000000001
 20
1104.76
 30
0.0
 11
-45.10000000000001
 21
104.76
 31
0.0
  0
LINE
  5
92F
330
817
100
AcDbEntity
  8
0
  6
Continuous
 62
     7
370
    25
100
AcDbLine
 10
-14.7070235421
 20
1104.76
 30
0.0
 11
-14.7070235421
 21
104.76
 31
0.0
  0
LINE
  5
930
330
817
100
AcDbEntity
  8
0
  6
Continuous
 62
     7
370
    25
100
AcDbLine
 10
-10.0765617433
 20
1104.76
 30
0.0
 11
-10.0765617433
 21
104.76
 31
0.0
  0
LINE
  5
931
330
817
100
AcDbEntity
  8
0
  6
Continuous
 62
     7
370
    25
100
AcDbLine
 10
-5.550677499300008
 20
1104.76
 30
0.0
 11
-5.550677499300008
 21
104.76
 31
0.0
  0
LINE
  5
932
330
817
100
AcDbEntity
  8
0
  6
Continuous
 62
     7
370
    25
100
AcDbLine
 10
-3.192571953600009
 20
1104.76
 30
0.0
 11
-3.192571953600009
 21
104.76
 31
0.0
  0
LINE
  5
933
330
817
100
AcDbEntity
  8
0
  6
Continuous
 62
     7
370
    25
100
AcDbLine
 10
-48.85000000000001
 20
6.284
 30
0.0
 11
-48.85000000000001
 21
104.76
 31
0.0
  0
LINE
  5
934
330
817
100
AcDbEntity
  8
0
  6
Continuous
 62
     7
370
    25
100
AcDbLine
 10
-52.547
 20
-55.9987344712
 30
0.0
 11
-62.45299999999999
 21
-55.9987344712
 31
0.0
  0
LINE
  5
935
330
817
100
AcDbEntity
  8
0
  6
Continuous
 62
     7
370
    25
100
AcDbLine
 10
-62.45299999999999
 20
-65.6507344712
 30
0.0
 11
-52.547
 21
-65.6507344712
 31
0.0
  0
LINE
  5
936
330
817
100
AcDbEntity
  8
0
  6
Continuous
 62
     7
370
    25
100
AcDbLine
 10
-62.26249999999999
 20
-55.3185255646
 30
0.0
 11
-52.7375
 21
-55.3185255646
 31
0.0
  0
ARC
  5
937
330
817
100
AcDbEntity
  8
0
  6
Continuous
 62
     7
370
    25
100
AcDbCircle
 10
-52.80099999999999
 20
-55.9987344712
 30
0.0
 40
0.2540000000000475
100
AcDbArc
 50
0.0
 51
90.0
  0
ARC
  5
938
330
817
100
AcDbEntity
  8
0
  6
Continuous
 62
     7
370
    25
100
AcDbCircle
 10
-62.199
 20
-55.9987344712
 30
0.0
 40
0.2540000000000617
100
AcDbArc
 50
90.0
 51
180.0
  0
ARC
  5
939
330
817
100
AcDbEntity
  8
0
  6
Continuous
 62
     7
370
    25
100
AcDbCircle
 10
-52.80099999999999
 20
-65.6507344712
 30
0.0
 40
0.2539999999999907
100
AcDbArc
 50
270.0
 51
0.0
  0
ARC
  5
93A
330
817
100
AcDbEntity
  8
0
  6
Continuous
 62
     7
370
    25
100
AcDbCircle
 10
-62.199
 20
-65.6507344712
 30
0.0
 40
0.2539999999999765
100
AcDbArc
 50
180.0
 51
270.0
  0
ARC
  5
93B
330
817
100
AcDbEntity
  8
0
  6
Continuous
 62
     7
370
    25
100
AcDbCircle
 10
-62.6887089066
 20
-55.3185255646
 30
0.0
 40
0.4262089065669699
100
AcDbArc
 50
270.0
 51
0.0
  0
ARC
  5
93C
330
817
100
AcDbEntity
  8
0
  6
Continuous
 62
     7
370
    25
100
AcDbCircle
 10
-52.3112910934
 20
-55.3185255646
 30
0.0
 40
0.4262089065669414
100
AcDbArc
 50
180.0
 51
270.0
  0
ARC
  5
93D
330
817
100
AcDbEntity
  8
0
  6
Continuous
 62
     7
370
    25
100
AcDbCircle
 10
-31.0
 20
29.76
 30
0.0
 40
6.349999999999985
100
AcDbArc
 50
328.649304942
 51
268.649304942
  0
ARC
  5
93E
330
817
100
AcDbEntity
  8
0
  6
Continuous
 62
     7
370
    25
100
AcDbCircle
 10
-31.0
 20
29.76
 30
0.0
 40
6.350000000000086
100
AcDbArc
 50
268.649304942
 51
328.649304942
  0
ARC
  5
93F
330
817
100
AcDbEntity
  8
0
  6
Continuous
 62
     7
370
    25
100
AcDbCircle
 10
-31.0
 20
79.76
 30
0.0
 40
6.349999999999976
100
AcDbArc
 50
208.649304942
 51
148.6493049419999
  0
ARC
  5
940
330
817
100
AcDbEntity
  8
0
  6
Continuous
 62
     7
370
    25
100
AcDbCircle
 10
-31.0
 20
79.76
 30
0.0
 40
6.350000000000026
100
AcDbArc
 50
148.649304942
 51
208.649304942
  0
LINE
  5
941
330
817
100
AcDbEntity
  8
0
  6
Continuous
 62
     7
370
    25
100
AcDbLine
 10
50.5
 20
1104.76
 30
0.0
 11
50.5
 21
104.76
 31
0.0
  0
LINE
  5
942
330
817
100
AcDbEntity
  8
0
  6
Continuous
 62
     7
370
    25
100
AcDbLine
 10
45.10000000000001
 20
1104.76
 30
0.0
 11
45.10000000000001
 21
104.76
 31
0.0
  0
LINE
  5
943
330
817
100
AcDbEntity
  8
0
  6
Continuous
 62
     7
370
    25
100
AcDbLine
 10
14.7070235421
 20
1104.76
 30
0.0
 11
14.7070235421
 21
104.76
 31
0.0
  0
LINE
  5
944
330
817
100
AcDbEntity
  8
0
  6
Continuous
 62
     7
370
    25
100
AcDbLine
 10
10.0765617433
 20
1104.76
 30
0.0
 11
10.0765617433
 21
104.76
 31
0.0
  0
LINE
  5
945
330
817
100
AcDbEntity
  8
0
  6
Continuous
 62
     7
370
    25
100
AcDbLine
 10
5.550677499300008
 20
1104.76
 30
0.0
 11
5.550677499300008
 21
104.76
 31
0.0
  0
LINE
  5
946
330
817
100
AcDbEntity
  8
0
  6
Continuous
 62
     7
370
    25
100
AcDbLine
 10
3.192571953600009
 20
1104.76
 30
0.0
 11
3.192571953600009
 21
104.76
 31
0.0
  0
LINE
  5
947
330
817
100
AcDbEntity
  8
0
100
AcDbLine
 10
50.5
 20
1104.76
 30
0.0
 11
-50.5
 21
1104.76
 31
0.0
  0
SPLINE
  5
948
330
817
100
AcDbEntity
  8
0
  6
Continuous
 62
     7
370
    25
100
AcDbSpline
210
0.0
220
0.0
230
1.0
 70
     8
 71
     3
 72
     9
 73
     5
 74
     0
 42
0.00000001
 43
0.00000001
 40
0.0
 40
0.0
 40
0.0
 40
0.0
 40
0.486002440126708
 40
1.0
 40
1.0
 40
1.0
 40
1.0
 10
61.4987071344723
 20
12.64169126554871
 30
0.0
 10
61.61944862191109
 20
12.5716507164177
 30
0.0
 10
61.86788664910979
 20
12.42753508376227
 30
0.0
 10
62.1164473007686
 20
12.28351439430864
 30
0.0
 10
62.24420686920179
 20
12.20948811135825
 30
0.0
  0
SPLINE
  5
949
330
817
100
AcDbEntity
  8
0
  6
Continuous
 62
     7
370
    25
100
AcDbSpline
210
0.0
220
0.0
230
1.0
 70
     8
 71
     3
 72
     9
 73
     5
 74
     0
 42
0.00000001
 43
0.00000001
 40
0.0
 40
0.0
 40
0.0
 40
0.0
 40
0.4861691959177918
 40
1.0
 40
1.0
 40
1.0
 40
1.0
 10
61.4987067798255
 20
-2.880530550490088
 30
0.0
 10
61.61949766439069
 20
-2.950598025354798
 30
0.0
 10
61.86795208227529
 20
-3.094719609883498
 30
0.0
 10
62.1164968905273
 20
-3.238734714076539
 30
0.0
 10
62.24420686920179
 20
-3.312734110863966
 30
0.0
  0
SPLINE
  5
94A
330
817
100
AcDbEntity
  8
0
  6
Continuous
 62
     7
370
    25
100
AcDbSpline
210
0.0
220
0.0
230
1.0
 70
     8
 71
     3
 72
     9
 73
     5
 74
     0
 42
0.00000001
 43
0.00000001
 40
0.0
 40
0.0
 40
0.0
 40
0.0
 40
0.4861843324305726
 40
1.0
 40
1.0
 40
1.0
 40
1.0
 10
61.4987067446085
 20
-4.291641623728635
 30
0.0
 10
61.61950211166989
 20
-4.36171154830389
 30
0.0
 10
61.8679580141001
 20
-4.505833684500413
 30
0.0
 10
62.11650138907109
 20
-4.649848271048305
 30
0.0
 10
62.24420686920179
 20
-4.723845221975107
 30
0.0
  0
SPLINE
  5
94B
330
817
100
AcDbEntity
  8
0
  6
Continuous
 62
     7
370
    25
100
AcDbSpline
210
0.0
220
0.0
230
1.0
 70
     8
 71
     3
 72
     9
 73
     5
 74
     0
 42
0.00000001
 43
0.00000001
 40
0.0
 40
0.0
 40
0.0
 40
0.0
 40
0.4861994650575501
 40
1.0
 40
1.0
 40
1.0
 40
1.0
 10
61.4987067088949
 20
-5.702752696809196
 30
0.0
 10
61.61950655709819
 20
-5.772825071416852
 30
0.0
 10
61.86796394318139
 20
-5.916947761061217
 30
0.0
 10
62.11650588601709
 20
-6.060961828299846
 30
0.0
 10
62.24420686920179
 20
-6.134956333086247
 30
0.0
  0
SPLINE
  5
94C
330
817
100
AcDbEntity
  8
0
  6
Continuous
 62
     7
370
    25
100
AcDbSpline
210
0.0
220
0.0
230
1.0
 70
     8
 71
     3
 72
     9
 73
     5
 74
     0
 42
0.00000001
 43
0.00000001
 40
0.0
 40
0.0
 40
0.0
 40
0.0
 40
0.4862145937907228
 40
0.9999999999999999
 40
0.9999999999999999
 40
0.9999999999999999
 40
0.9999999999999999
 10
61.49870667268469
 20
-7.113863769731441
 30
0.0
 10
61.6195110006763
 20
-7.183938594694459
 30
0.0
 10
61.86796986952619
 20
-7.32806183957013
 30
0.0
 10
62.1165103813665
 20
-7.47207538583172
 30
0.0
 10
62.24420686920179
 20
-7.546067444197277
 30
0.0
  0
SPLINE
  5
94D
330
817
100
AcDbEntity
  8
0
  6
Continuous
 62
     7
370
    25
100
AcDbSpline
210
0.0
220
0.0
230
1.0
 70
     8
 71
     3
 72
     9
 73
     5
 74
     0
 42
0.00000001
 43
0.00000001
 40
0.0
 40
0.0
 40
0.0
 40
0.0
 40
0.4862297186220101
 40
1.0
 40
1.0
 40
1.0
 40
1.0
 10
61.4987066359776
 20
-8.524974842495368
 30
0.0
 10
61.61951544240499
 20
-8.595052118137046
 30
0.0
 10
61.8679757931417
 20
-8.739175920031148
 30
0.0
 10
62.11651487512029
 20
-8.88318894364448
 30
0.0
 10
62.24420686920179
 20
-8.957178555308419
 30
0.0
  0
SPLINE
  5
94E
330
817
100
AcDbEntity
  8
0
  6
Continuous
 62
     7
370
    25
100
AcDbSpline
210
0.0
220
0.0
230
1.0
 70
     8
 71
     3
 72
     9
 73
     5
 74
     0
 42
0.00000001
 43
0.00000001
 40
0.0
 40
0.0
 40
0.0
 40
0.0
 40
0.4862448395433615
 40
0.9999999999999999
 40
0.9999999999999999
 40
0.9999999999999999
 40
0.9999999999999999
 10
61.49870659877359
 20
-9.936085915100977
 30
0.0
 10
61.61951988228529
 20
-10.00616564174528
 30
0.0
 10
61.8679817140346
 20
-10.15029000244838
 30
0.0
 10
62.11651936727939
 20
-10.29430250173879
 30
0.0
 10
62.24420686920179
 20
-10.36828966641956
 30
0.0
  0
SPLINE
  5
94F
330
817
100
AcDbEntity
  8
0
  6
Continuous
 62
     7
370
    25
100
AcDbSpline
210
0.0
220
0.0
230
1.0
 70
     8
 71
     3
 72
     9
 73
     5
 74
     0
 42
0.00000001
 43
0.00000001
 40
0.0
 40
0.0
 40
0.0
 40
0.0
 40
0.4862599565467273
 40
0.9999999999999999
 40
0.9999999999999999
 40
0.9999999999999999
 40
0.9999999999999999
 10
61.49870656107259
 20
-11.34719698754805
 30
0.0
 10
61.61952432031779
 20
-11.41727916551971
 30
0.0
 10
61.86798763221219
 20
-11.56140408682571
 30
0.0
 10
62.11652385784529
 20
-11.70541606011521
 30
0.0
 10
62.24420686920179
 20
-11.7794007775307
 30
0.0
  0
SPLINE
  5
950
330
817
100
AcDbEntity
  8
0
  6
Continuous
 62
     7
370
    25
100
AcDbSpline
210
0.0
220
0.0
230
1.0
 70
     8
 71
     3
 72
     9
 73
     5
 74
     0
 42
0.00000001
 43
0.00000001
 40
0.0
 40
0.0
 40
0.0
 40
0.0
 40
0.4862750696240302
 40
1.0
 40
1.0
 40
1.0
 40
1.0
 10
61.4987065228744
 20
-12.75830805983669
 30
0.0
 10
61.6195287565035
 20
-12.82839268946079
 30
0.0
 10
61.86799354768149
 20
-12.97251817316747
 30
0.0
 10
62.1165283468189
 20
-13.11652961877407
 30
0.0
 10
62.24420686920179
 20
-13.19051188864173
 30
0.0
  0
SPLINE
  5
951
330
817
100
AcDbEntity
  8
0
  6
Continuous
 62
     7
370
    25
100
AcDbSpline
210
0.0
220
0.0
230
1.0
 70
     8
 71
     3
 72
     9
 73
     5
 74
     0
 42
0.00000001
 43
0.00000001
 40
0.0
 40
0.0
 40
0.0
 40
0.0
 40
0.4862901787672729
 40
0.9999999999999999
 40
0.9999999999999999
 40
0.9999999999999999
 40
0.9999999999999999
 10
61.4987064841789
 20
-14.16941913196656
 30
0.0
 10
61.6195331908433
 20
-14.23950621356895
 30
0.0
 10
61.8679994604495
 20
-14.38363226147743
 30
0.0
 10
62.11653283420129
 20
-14.52764317771626
 30
0.0
 10
62.24420686920179
 20
-14.60162299975287
 30
0.0
  0
SPLINE
  5
952
330
817
100
AcDbEntity
  8
0
  6
Continuous
 62
     7
370
    25
100
AcDbSpline
210
0.0
220
0.0
230
1.0
 70
     8
 71
     3
 72
     9
 73
     5
 74
     0
 42
0.00000001
 43
0.00000001
 40
0.0
 40
0.0
 40
0.0
 40
0.0
 40
0.486305283968422
 40
1.0
 40
1.0
 40
1.0
 40
1.0
 10
61.498706444986
 20
-15.58053020393779
 30
0.0
 10
61.61953762333799
 20
-15.65061973784498
 30
0.0
 10
61.86800537052319
 20
-15.79474635175981
 30
0.0
 10
62.1165373199937
 20
-15.93875673694211
 30
0.0
 10
62.24420686920179
 20
-16.01273411086401
 30
0.0
  0
SPLINE
  5
953
330
817
100
AcDbEntity
  8
0
  6
Continuous
 62
     7
370
    25
100
AcDbSpline
210
0.0
220
0.0
230
1.0
 70
     8
 71
     3
 72
     9
 73
     5
 74
     0
 42
0.00000001
 43
0.00000001
 40
0.0
 40
0.0
 40
0.0
 40
0.0
 40
0.4863203852194715
 40
1.0
 40
1.0
 40
1.0
 40
1.0
 10
61.49870640529569
 20
-16.99164127575026
 30
0.0
 10
61.6195420539883
 20
-17.06173326228932
 30
0.0
 10
61.86801127790969
 20
-17.20586044401861
 30
0.0
 10
62.1165418041972
 20
-17.34987029645229
 30
0.0
 10
62.24420686920179
 20
-17.42384522197515
 30
0.0
  0
SPLINE
  5
954
330
817
100
AcDbEntity
  8
0
  6
Continuous
 62
     7
370
    25
100
AcDbSpline
210
0.0
220
0.0
230
1.0
 70
     8
 71
     3
 72
     9
 73
     5
 74
     0
 42
0.00000001
 43
0.00000001
 40
0.0
 40
0.0
 40
0.0
 40
0.0
 40
0.4863354825123064
 40
1.0
 40
1.0
 40
1.0
 40
1.0
 10
61.49870636510759
 20
-18.40275234740374
 30
0.0
 10
61.6195464827951
 20
-18.47284678690253
 30
0.0
 10
61.868017182616
 20
-18.61697453825783
 30
0.0
 10
62.11654628681289
 20
-18.76098385624736
 30
0.0
 10
62.24420686920179
 20
-18.83495633308618
 30
0.0
  0
SPLINE
  5
955
330
817
100
AcDbEntity
  8
0
  6
Continuous
 62
     7
370
    25
100
AcDbSpline
210
0.0
220
0.0
230
1.0
 70
     8
 71
     3
 72
     9
 73
     5
 74
     0
 42
0.00000001
 43
0.00000001
 40
0.0
 40
0.0
 40
0.0
 40
0.0
 40
0.4863505758389883
 40
1.0
 40
1.0
 40
1.0
 40
1.0
 10
61.49870632442189
 20
-19.81386341889835
 30
0.0
 10
61.6195509097594
 20
-19.88396031168515
 30
0.0
 10
61.8680230846489
 20
-20.02808863448158
 30
0.0
 10
62.11655076784169
 20
-20.17209741632786
 30
0.0
 10
62.24420686920179
 20
-20.24606744419732
 30
0.0
  0
SPLINE
  5
956
330
817
100
AcDbEntity
  8
0
  6
Continuous
 62
     7
370
    25
100
AcDbSpline
210
0.0
220
0.0
230
1.0
 70
     8
 71
     3
 72
     9
 73
     5
 74
     0
 42
0.00000001
 43
0.00000001
 40
0.0
 40
0.0
 40
0.0
 40
0.0
 40
0.486365665191488
 40
0.9999999999999999
 40
0.9999999999999999
 40
0.9999999999999999
 40
0.9999999999999999
 10
61.49870628323819
 20
-21.22497449023386
 30
0.0
 10
61.6195553348818
 20
-21.29507383663753
 30
0.0
 10
61.86802898401569
 20
-21.43920273269373
 30
0.0
 10
62.11655524728499
 20
-21.58321097669424
 30
0.0
 10
62.24420686920179
 20
-21.65717855530846
 30
0.0
  0
SPLINE
  5
957
330
817
100
AcDbEntity
  8
0
  6
Continuous
 62
     7
370
    25
100
AcDbSpline
210
0.0
220
0.0
230
1.0
 70
     8
 71
     3
 72
     9
 73
     5
 74
     0
 42
0.00000001
 43
0.00000001
 40
0.0
 40
0.0
 40
0.0
 40
0.0
 40
0.4863807505618004
 40
1.0
 40
1.0
 40
1.0
 40
1.0
 10
61.49870624155659
 20
-22.63608556141028
 30
0.0
 10
61.61955975816329
 20
-22.70618736176055
 30
0.0
 10
61.8680348807233
 20
-22.85031683289862
 30
0.0
 10
62.11655972514379
 20
-22.99432453734728
 30
0.0
 10
62.24420686920179
 20
-23.0682896664196
 30
0.0
  0
SPLINE
  5
958
330
817
100
AcDbEntity
  8
0
  6
Continuous
 62
     7
370
    25
100
AcDbSpline
210
0.0
220
0.0
230
1.0
 70
     8
 71
     3
 72
     9
 73
     5
 74
     0
 42
0.00000001
 43
0.00000001
 40
0.0
 40
0.0
 40
0.0
 40
0.0
 40
0.4863958319419018
 40
1.0
 40
1.0
 40
1.0
 40
1.0
 10
61.4987061993768
 20
-24.04719663242749
 30
0.0
 10
61.61956417960459
 20
-24.11730088705444
 30
0.0
 10
61.86804077477869
 20
-24.26143093510002
 30
0.0
 10
62.1165642014191
 20
-24.40543809828743
 30
0.0
 10
62.24420686920179
 20
-24.47940077753063
 30
0.0
  0
SPLINE
  5
959
330
817
100
AcDbEntity
  8
0
  6
Continuous
 62
     7
370
    25
100
AcDbSpline
210
0.0
220
0.0
230
1.0
 70
     8
 71
     3
 72
     9
 73
     5
 74
     0
 42
0.00000001
 43
0.00000001
 40
0.0
 40
0.0
 40
0.0
 40
0.0
 40
0.4864109093237435
 40
0.9999999999999999
 40
0.9999999999999999
 40
0.9999999999999999
 40
0.9999999999999999
 10
61.49870615669879
 20
-25.45830770328538
 30
0.0
 10
61.6195685992067
 20
-25.52841441251996
 30
0.0
 10
61.86804666618889
 20
-25.67254503930216
 30
0.0
 10
62.11656867611219
 20
-25.81655165951524
 30
0.0
 10
62.24420686920179
 20
-25.89051188864177
 30
0.0
  0
SPLINE
  5
95A
330
817
100
AcDbEntity
  8
0
  6
Continuous
 62
     7
370
    25
100
AcDbSpline
210
0.0
220
0.0
230
1.0
 70
     8
 71
     3
 72
     9
 73
     5
 74
     0
 42
0.00000001
 43
0.00000001
 40
0.0
 40
0.0
 40
0.0
 40
0.0
 40
0.4864259826994148
 40
1.0
 40
1.0
 40
1.0
 40
1.0
 10
61.49870611352249
 20
-26.86941877398397
 30
0.0
 10
61.61957301697029
 20
-26.93952793815746
 30
0.0
 10
61.8680525549609
 20
-27.08365914550892
 30
0.0
 10
62.1165731492241
 20
-27.22766522103115
 30
0.0
 10
62.24420686920179
 20
-27.30162299975291
 30
0.0
  0
SPLINE
  5
95B
330
817
100
AcDbEntity
  8
0
  6
Continuous
 62
     7
370
    25
100
AcDbSpline
210
0.0
220
0.0
230
1.0
 70
     8
 71
     3
 72
     9
 73
     5
 74
     0
 42
0.00000001
 43
0.00000001
 40
0.0
 40
0.0
 40
0.0
 40
0.0
 40
0.4864410520608647
 40
1.0
 40
1.0
 40
1.0
 40
1.0
 10
61.4987060698477
 20
-28.280529844523
 30
0.0
 10
61.61957743289629
 20
-28.3506414639677
 30
0.0
 10
61.8680584411016
 20
-28.49477325372429
 30
0.0
 10
62.11657762075589
 20
-28.63877878283593
 30
0.0
 10
62.24420686920179
 20
-28.71273411086394
 30
0.0
  0
SPLINE
  5
95C
330
817
100
AcDbEntity
  8
0
  6
Continuous
 62
     7
370
    25
100
AcDbSpline
210
0.0
220
0.0
230
1.0
 70
     8
 71
     3
 72
     9
 73
     5
 74
     0
 42
0.00000001
 43
0.00000001
 40
0.0
 40
0.0
 40
0.0
 40
0.0
 40
0.4864561174001487
 40
1.0
 40
1.0
 40
1.0
 40
1.0
 10
61.4987060256743
 20
-29.69164091490261
 30
0.0
 10
61.6195818469854
 20
-29.76175498995093
 30
0.0
 10
61.86806432461809
 20
-29.90588736395239
 30
0.0
 10
62.11658209070859
 20
-30.04989234493016
 30
0.0
 10
62.24420686920179
 20
-30.12384522197508
 30
0.0
  0
SPLINE
  5
95D
330
817
100
AcDbEntity
  8
0
  6
Continuous
 62
     7
370
    25
100
AcDbSpline
210
0.0
220
0.0
230
1.0
 70
     8
 71
     3
 72
     9
 73
     5
 74
     0
 42
0.00000001
 43
0.00000001
 40
0.0
 40
0.0
 40
0.0
 40
0.0
 40
0.4864711787092343
 40
1.0
 40
1.0
 40
1.0
 40
1.0
 10
61.49870598100219
 20
-31.10275198512247
 30
0.0
 10
61.61958625923869
 20
-31.17286851610801
 30
0.0
 10
61.8680702055173
 20
-31.31700147619731
 30
0.0
 10
62.11658655908339
 20
-31.46100590731415
 30
0.0
 10
62.24420686920179
 20
-31.53495633308623
 30
0.0
  0
SPLINE
  5
95E
330
817
100
AcDbEntity
  8
0
  6
Continuous
 62
     7
370
    25
100
AcDbSpline
210
0.0
220
0.0
230
1.0
 70
     8
 71
     3
 72
     9
 73
     5
 74
     0
 42
0.00000001
 43
0.00000001
 40
0.0
 40
0.0
 40
0.0
 40
0.0
 40
0.4864862359801796
 40
1.0
 40
1.0
 40
1.0
 40
1.0
 10
61.4987059358313
 20
-32.51386305518267
 30
0.0
 10
61.61959066965679
 20
-32.58398204243917
 30
0.0
 10
61.8680760838062
 20
-32.72811559046285
 30
0.0
 10
62.11659102588149
 20
-32.87211946998858
 30
0.0
 10
62.24420686920179
 20
-32.94606744419737
 30
0.0
  0
SPLINE
  5
95F
330
817
100
AcDbEntity
  8
0
  6
Continuous
 62
     7
370
    25
100
AcDbSpline
210
0.0
220
0.0
230
1.0
 70
     8
 71
     3
 72
     9
 73
     5
 74
     0
 42
0.00000001
 43
0.00000001
 40
0.0
 40
0.0
 40
0.0
 40
0.0
 40
0.4865012892049926
 40
1.0
 40
1.0
 40
1.0
 40
1.0
 10
61.49870589016139
 20
-33.9249741250831
 30
0.0
 10
61.61959507824059
 20
-33.9950955689452
 30
0.0
 10
61.86808195949179
 20
-34.13922970675331
 30
0.0
 10
62.11659549110389
 20
-34.28323303295411
 30
0.0
 10
62.24420686920179
 20
-34.35717855530839
 30
0.0
  0
SPLINE
  5
960
330
817
100
AcDbEntity
  8
0
  6
Continuous
 62
     7
370
    25
100
AcDbSpline
210
0.0
220
0.0
230
1.0
 70
     8
 71
     3
 72
     9
 73
     5
 74
     0
 42
0.00000001
 43
0.00000001
 40
0.0
 40
0.0
 40
0.0
 40
0.0
 40
0.4999161131514253
 40
1.0
 40
1.0
 40
1.0
 40
1.0
 10
52.97445999861139
 20
-3.965606706882505
 30
0.0
 10
53.09670420816589
 20
-3.891902917278919
 30
0.0
 10
53.3412336528838
 20
-3.744470602807246
 30
0.0
 10
53.5859310610839
 20
-3.596943513943127
 30
0.0
 10
53.70830029207839
 20
-3.523167593928564
 30
0.0
  0
SPLINE
  5
961
330
817
100
AcDbEntity
  8
0
  6
Continuous
 62
     7
370
    25
100
AcDbSpline
210
0.0
220
0.0
230
1.0
 70
     8
 71
     3
 72
     9
 73
     5
 74
     0
 42
0.00000001
 43
0.00000001
 40
0.0
 40
0.0
 40
0.0
 40
0.0
 40
0.4999073022945228
 40
1.0
 40
1.0
 40
1.0
 40
1.0
 10
52.97445999861139
 20
-5.376717817993646
 30
0.0
 10
53.09668407919889
 20
-5.303016907510336
 30
0.0
 10
53.34117756834469
 20
-5.155587753855271
 30
0.0
 10
53.58591092668659
 20
-5.008057505121897
 30
0.0
 10
53.70830029207839
 20
-4.934278705039705
 30
0.0
  0
SPLINE
  5
962
330
817
100
AcDbEntity
  8
0
  6
Continuous
 62
     7
370
    25
100
AcDbSpline
210
0.0
220
0.0
230
1.0
 70
     8
 71
     3
 72
     9
 73
     5
 74
     0
 42
0.00000001
 43
0.00000001
 40
0.0
 40
0.0
 40
0.0
 40
0.0
 40
0.4998984955140481
 40
1.0
 40
1.0
 40
1.0
 40
1.0
 10
52.97445999861139
 20
-6.787828929104787
 30
0.0
 10
53.09666395209369
 20
-6.714130898023638
 30
0.0
 10
53.34112148613089
 20
-6.566704907062457
 30
0.0
 10
53.5858907933074
 20
-6.419171496656603
 30
0.0
 10
53.70830029207839
 20
-6.345389816150734
 30
0.0
  0
SPLINE
  5
963
330
817
100
AcDbEntity
  8
0
  6
Continuous
 62
     7
370
    25
100
AcDbSpline
210
0.0
220
0.0
230
1.0
 70
     8
 71
     3
 72
     9
 73
     5
 74
     0
 42
0.00000001
 43
0.00000001
 40
0.0
 40
0.0
 40
0.0
 40
0.0
 40
0.4998896928149906
 40
1.0
 40
1.0
 40
1.0
 40
1.0
 10
52.97445999861139
 20
-8.198940040215927
 30
0.0
 10
53.09664382684939
 20
-8.125244888819047
 30
0.0
 10
53.3410654062381
 20
-7.977822062431358
 30
0.0
 10
53.5858706609459
 20
-7.830285488547803
 30
0.0
 10
53.70830029207839
 20
-7.756500927261876
 30
0.0
  0
SPLINE
  5
964
330
817
100
AcDbEntity
  8
0
  6
Continuous
 62
     7
370
    25
100
AcDbSpline
210
0.0
220
0.0
230
1.0
 70
     8
 71
     3
 72
     9
 73
     5
 74
     0
 42
0.00000001
 43
0.00000001
 40
0.0
 40
0.0
 40
0.0
 40
0.0
 40
0.4998808942022712
 40
1.0
 40
1.0
 40
1.0
 40
1.0
 10
52.97445999861139
 20
-9.610051151326957
 30
0.0
 10
53.096623703465
 20
-9.536358879897008
 30
0.0
 10
53.341009328662
 20
-9.38893921996464
 30
0.0
 10
53.5858505296019
 20
-9.241399480795717
 30
0.0
 10
53.70830029207839
 20
-9.167612038373017
 30
0.0
  0
SPLINE
  5
965
330
817
100
AcDbEntity
  8
0
  6
Continuous
 62
     7
370
    25
100
AcDbSpline
210
0.0
220
0.0
230
1.0
 70
     8
 71
     3
 72
     9
 73
     5
 74
     0
 42
0.00000001
 43
0.00000001
 40
0.0
 40
0.0
 40
0.0
 40
0.0
 40
0.4998720996809075
 40
0.9999999999999999
 40
0.9999999999999999
 40
0.9999999999999999
 40
0.9999999999999999
 10
52.97445999861139
 20
-11.0211622624381
 30
0.0
 10
53.09660358193979
 20
-10.94747287125785
 30
0.0
 10
53.3409532533984
 20
-10.80005637966486
 30
0.0
 10
53.585830399275
 20
-10.6525134734009
 30
0.0
 10
53.70830029207839
 20
-10.57872314948416
 30
0.0
  0
SPLINE
  5
966
330
817
100
AcDbEntity
  8
0
  6
Continuous
 62
     7
370
    25
100
AcDbSpline
210
0.0
220
0.0
230
1.0
 70
     8
 71
     3
 72
     9
 73
     5
 74
     0
 42
0.00000001
 43
0.00000001
 40
0.0
 40
0.0
 40
0.0
 40
0.0
 40
0.4998633092558426
 40
0.9999999999999999
 40
0.9999999999999999
 40
0.9999999999999999
 40
0.9999999999999999
 10
52.97445999861139
 20
-12.43227337354924
 30
0.0
 10
53.09658346227269
 20
-12.35858686290203
 30
0.0
 10
53.34089718044319
 20
-12.21117354153445
 30
0.0
 10
53.58581026996499
 20
-12.06362746636347
 30
0.0
 10
53.70830029207839
 20
-11.98983426059519
 30
0.0
  0
SPLINE
  5
967
330
817
100
AcDbEntity
  8
0
  6
Continuous
 62
     7
370
    25
100
AcDbSpline
210
0.0
220
0.0
230
1.0
 70
     8
 71
     3
 72
     9
 73
     5
 74
     0
 42
0.00000001
 43
0.00000001
 40
0.0
 40
0.0
 40
0.0
 40
0.0
 40
0.4998545229319851
 40
1.0
 40
1.0
 40
1.0
 40
1.0
 10
52.97445999861139
 20
-13.84338448466038
 30
0.0
 10
53.09656334446299
 20
-13.76970085482976
 30
0.0
 10
53.34084110979219
 20
-13.62229070557597
 30
0.0
 10
53.58579014167169
 20
-13.47474145968397
 30
0.0
 10
53.70830029207839
 20
-13.40094537170633
 30
0.0
  0
SPLINE
  5
968
330
817
100
AcDbEntity
  8
0
  6
Continuous
 62
     7
370
    25
100
AcDbSpline
210
0.0
220
0.0
230
1.0
 70
     8
 71
     3
 72
     9
 73
     5
 74
     0
 42
0.00000001
 43
0.00000001
 40
0.0
 40
0.0
 40
0.0
 40
0.0
 40
0.4998457407142948
 40
1.0
 40
1.0
 40
1.0
 40
1.0
 10
52.97445999861139
 20
-15.25449559577141
 30
0.0
 10
53.09654322850959
 20
-15.18081484704148
 30
0.0
 10
53.34078504144119
 20
-15.03340787179197
 30
0.0
 10
53.5857700143947
 20
-14.88585545336274
 30
0.0
 10
53.70830029207839
 20
-14.81205648281747
 30
0.0
  0
SPLINE
  5
969
330
817
100
AcDbEntity
  8
0
  6
Continuous
 62
     7
370
    25
100
AcDbSpline
210
0.0
220
0.0
230
1.0
 70
     8
 71
     3
 72
     9
 73
     5
 74
     0
 42
0.00000001
 43
0.00000001
 40
0.0
 40
0.0
 40
0.0
 40
0.0
 40
0.4998369626076642
 40
1.0
 40
1.0
 40
1.0
 40
1.0
 10
52.97445999861139
 20
-16.66560670688255
 30
0.0
 10
53.0965231144117
 20
-16.59192883953742
 30
0.0
 10
53.3407289753859
 20
-16.44452504018512
 30
0.0
 10
53.58574988813379
 20
-16.29696944740011
 30
0.0
 10
53.70830029207839
 20
-16.22316759392861
 30
0.0
  0
SPLINE
  5
96A
330
817
100
AcDbEntity
  8
0
  6
Continuous
 62
     7
370
    25
100
AcDbSpline
210
0.0
220
0.0
230
1.0
 70
     8
 71
     3
 72
     9
 73
     5
 74
     0
 42
0.00000001
 43
0.00000001
 40
0.0
 40
0.0
 40
0.0
 40
0.0
 40
0.4998281886170475
 40
1.0
 40
1.0
 40
1.0
 40
1.0
 10
52.97445999861139
 20
-18.07671781799369
 30
0.0
 10
53.09650300216849
 20
-18.00304283231813
 30
0.0
 10
53.34067291162219
 20
-17.85564221075775
 30
0.0
 10
53.58572976288869
 20
-17.70808344179653
 30
0.0
 10
53.70830029207839
 20
-17.63427870503964
 30
0.0
  0
SPLINE
  5
96B
330
817
100
AcDbEntity
  8
0
  6
Continuous
 62
     7
370
    25
100
AcDbSpline
210
0.0
220
0.0
230
1.0
 70
     8
 71
     3
 72
     9
 73
     5
 74
     0
 42
0.00000001
 43
0.00000001
 40
0.0
 40
0.0
 40
0.0
 40
0.0
 40
0.4998194187473891
 40
1.0
 40
1.0
 40
1.0
 40
1.0
 10
52.97445999861139
 20
-19.48782892910483
 30
0.0
 10
53.09648289177889
 20
-19.41415682538383
 30
0.0
 10
53.34061685014599
 20
-19.26675938351263
 30
0.0
 10
53.5857096386591
 20
-19.11919743655221
 30
0.0
 10
53.70830029207839
 20
-19.04538981615078
 30
0.0
  0
SPLINE
  5
96C
330
817
100
AcDbEntity
  8
0
  6
Continuous
 62
     7
370
    25
100
AcDbSpline
210
0.0
220
0.0
230
1.0
 70
     8
 71
     3
 72
     9
 73
     5
 74
     0
 42
0.00000001
 43
0.00000001
 40
0.0
 40
0.0
 40
0.0
 40
0.0
 40
0.4998106530035665
 40
0.9999999999999999
 40
0.9999999999999999
 40
0.9999999999999999
 40
0.9999999999999999
 10
52.97445999861139
 20
-20.89894004021586
 30
0.0
 10
53.09646278324219
 20
-20.82527081873486
 30
0.0
 10
53.34056079095289
 20
-20.67787655845199
 30
0.0
 10
53.5856895154448
 20
-20.53031143166761
 30
0.0
 10
53.70830029207839
 20
-20.45650092726192
 30
0.0
  0
SPLINE
  5
96D
330
817
100
AcDbEntity
  8
0
  6
Continuous
 62
     7
370
    25
100
AcDbSpline
210
0.0
220
0.0
230
1.0
 70
     8
 71
     3
 72
     9
 73
     5
 74
     0
 42
0.00000001
 43
0.00000001
 40
0.0
 40
0.0
 40
0.0
 40
0.0
 40
0.4998018913905551
 40
1.0
 40
1.0
 40
1.0
 40
1.0
 10
52.97445999861139
 20
-22.310051151327
 30
0.0
 10
53.09644267655739
 20
-22.23638481237167
 30
0.0
 10
53.340504734039
 20
-22.0889937355786
 30
0.0
 10
53.5856693932454
 20
-21.94142542714317
 30
0.0
 10
53.70830029207839
 20
-21.86761203837295
 30
0.0
  0
SPLINE
  5
96E
330
817
100
AcDbEntity
  8
0
  6
Continuous
 62
     7
370
    25
100
AcDbSpline
210
0.0
220
0.0
230
1.0
 70
     8
 71
     3
 72
     9
 73
     5
 74
     0
 42
0.00000001
 43
0.00000001
 40
0.0
 40
0.0
 40
0.0
 40
0.0
 40
0.4997931339131899
 40
1.0
 40
1.0
 40
1.0
 40
1.0
 10
52.97445999861139
 20
-23.72116226243814
 30
0.0
 10
53.09642257172359
 20
-23.64749880629457
 30
0.0
 10
53.3404486793998
 20
-23.5001109148949
 30
0.0
 10
53.58564927206079
 20
-23.3525394229791
 30
0.0
 10
53.70830029207839
 20
-23.27872314948409
 30
0.0
  0
SPLINE
  5
96F
330
817
100
AcDbEntity
  8
0
  6
Continuous
 62
     7
370
    25
100
AcDbSpline
210
0.0
220
0.0
230
1.0
 70
     8
 71
     3
 72
     9
 73
     5
 74
     0
 42
0.00000001
 43
0.00000001
 40
0.0
 40
0.0
 40
0.0
 40
0.0
 40
0.499784380576506
 40
0.9999999999999999
 40
0.9999999999999999
 40
0.9999999999999999
 40
0.9999999999999999
 10
52.97445999861139
 20
-25.13227337354917
 30
0.0
 10
53.0964024687399
 20
-25.05861280050392
 30
0.0
 10
53.34039262703139
 20
-24.91122809640356
 30
0.0
 10
53.5856291518907
 20
-24.76365341917586
 30
0.0
 10
53.70830029207839
 20
-24.68983426059523
 30
0.0
  0
SPLINE
  5
970
330
817
100
AcDbEntity
  8
0
  6
Continuous
 62
     7
370
    25
100
AcDbSpline
210
0.0
220
0.0
230
1.0
 70
     8
 71
     3
 72
     9
 73
     5
 74
     0
 42
0.00000001
 43
0.00000001
 40
0.0
 40
0.0
 40
0.0
 40
0.0
 40
0.4997756313852274
 40
1.0
 40
1.0
 40
1.0
 40
1.0
 10
52.97445999861139
 20
-26.54338448466031
 30
0.0
 10
53.0963823676055
 20
-26.46972679500003
 30
0.0
 10
53.3403365769297
 20
-26.32234528010679
 30
0.0
 10
53.58560903273469
 20
-26.17476741573388
 30
0.0
 10
53.70830029207839
 20
-26.10094537170637
 30
0.0
  0
SPLINE
  5
971
330
817
100
AcDbEntity
  8
0
  6
Continuous
 62
     7
370
    25
100
AcDbSpline
210
0.0
220
0.0
230
1.0
 70
     8
 71
     3
 72
     9
 73
     5
 74
     0
 42
0.00000001
 43
0.00000001
 40
0.0
 40
0.0
 40
0.0
 40
0.0
 40
0.4997668863443943
 40
1.0
 40
1.0
 40
1.0
 40
1.0
 10
52.97445999861139
 20
-27.95449559577145
 30
0.0
 10
53.0963622683193
 20
-27.88084078978326
 30
0.0
 10
53.34028052909019
 20
-27.73346246600738
 30
0.0
 10
53.58558891459269
 20
-27.58588141265328
 30
0.0
 10
53.70830029207839
 20
-27.5120564828174
 30
0.0
  0
SPLINE
  5
972
330
817
100
AcDbEntity
  8
0
  6
Continuous
 62
     7
370
    25
100
AcDbSpline
210
0.0
220
0.0
230
1.0
 70
     8
 71
     3
 72
     9
 73
     5
 74
     0
 42
0.00000001
 43
0.00000001
 40
0.0
 40
0.0
 40
0.0
 40
0.0
 40
0.4997581454588112
 40
0.9999999999999999
 40
0.9999999999999999
 40
0.9999999999999999
 40
0.9999999999999999
 10
52.97445999861139
 20
-29.36560670688259
 30
0.0
 10
53.09634217088069
 20
-29.29195478485402
 30
0.0
 10
53.34022448350899
 20
-29.14457965410777
 30
0.0
 10
53.58556879746429
 20
-28.99699540993472
 30
0.0
 10
53.70830029207839
 20
-28.92316759392854
 30
0.0
  0
SPLINE
  5
973
330
817
100
AcDbEntity
  8
0
  6
Continuous
 62
     7
370
    25
100
AcDbSpline
210
0.0
220
0.0
230
1.0
 70
     8
 71
     3
 72
     9
 73
     5
 74
     0
 42
0.00000001
 43
0.00000001
 40
0.0
 40
0.0
 40
0.0
 40
0.0
 40
0.4997494087333451
 40
1.0
 40
1.0
 40
1.0
 40
1.0
 10
52.97445999861139
 20
-30.77671781799362
 30
0.0
 10
53.0963220752886
 20
-30.70306878021267
 30
0.0
 10
53.3401684401819
 20
-30.55569684441039
 30
0.0
 10
53.58554868134929
 20
-30.40810940757843
 30
0.0
 10
53.70830029207839
 20
-30.33427870503968
 30
0.0
  0
SPLINE
  5
974
330
817
100
AcDbEntity
  8
0
  6
Continuous
 62
     7
370
    25
100
AcDbSpline
210
0.0
220
0.0
230
1.0
 70
     8
 71
     3
 72
     9
 73
     5
 74
     0
 42
0.00000001
 43
0.00000001
 40
0.0
 40
0.0
 40
0.0
 40
0.0
 40
0.4997406761729926
 40
1.0
 40
1.0
 40
1.0
 40
1.0
 10
52.97445999861139
 20
-32.18782892910476
 30
0.0
 10
53.0963019815422
 20
-32.11418277585942
 30
0.0
 10
53.3401123991047
 20
-31.96681403691792
 30
0.0
 10
53.58552856624739
 20
-31.81922340558474
 30
0.0
 10
53.70830029207839
 20
-31.74538981615083
 30
0.0
  0
SPLINE
  5
975
330
817
100
AcDbEntity
  8
0
  6
Continuous
 62
     7
370
    25
100
AcDbSpline
210
0.0
220
0.0
230
1.0
 70
     8
 71
     3
 72
     9
 73
     5
 74
     0
 42
0.00000001
 43
0.00000001
 40
0.0
 40
0.0
 40
0.0
 40
0.0
 40
0.4997319477825726
 40
1.0
 40
1.0
 40
1.0
 40
1.0
 10
52.97445999861139
 20
-33.59894004021591
 30
0.0
 10
53.09628188964049
 20
-33.52529677179472
 30
0.0
 10
53.34005636027349
 20
-33.37793123163279
 30
0.0
 10
53.58550845215839
 20
-33.23033740395409
 30
0.0
 10
53.70830029207839
 20
-33.15650092726185
 30
0.0
  0
SPLINE
  5
976
330
817
100
AcDbEntity
  8
0
  6
Continuous
 62
     7
370
    25
100
AcDbSpline
210
0.0
220
0.0
230
1.0
 70
     8
 71
     3
 72
     9
 73
     5
 74
     0
 42
0.00000001
 43
0.00000001
 40
0.0
 40
0.0
 40
0.0
 40
0.0
 40
0.4997232235669857
 40
1.0
 40
1.0
 40
1.0
 40
1.0
 10
52.97445999861139
 20
-35.01005115132705
 30
0.0
 10
53.09626179958269
 20
-34.93641076801889
 30
0.0
 10
53.3400003236838
 20
-34.78904842855746
 30
0.0
 10
53.58548833908199
 20
-34.6414514026867
 30
0.0
 10
53.70830029207839
 20
-34.56761203837299
 30
0.0
  0
SPLINE
  5
977
330
817
100
AcDbEntity
  8
0
  6
Continuous
 62
     7
370
    25
100
AcDbSpline
210
0.0
220
0.0
230
1.0
 70
     8
 71
     3
 72
     9
 73
     5
 74
     0
 42
0.00000001
 43
0.00000001
 40
0.0
 40
0.0
 40
0.0
 40
0.0
 40
0.5000221595862588
 40
1.0
 40
1.0
 40
1.0
 40
1.0
 10
52.97445999861139
 20
12.96772662645079
 30
0.0
 10
53.09694590131539
 20
13.04146494364555
 30
0.0
 10
53.34190685025689
 20
13.1889350422823
 30
0.0
 10
53.5861727533588
 20
13.33642435256538
 30
0.0
 10
53.70830029207839
 20
13.41016573940479
 30
0.0
  0
SPLINE
  5
978
330
817
100
AcDbEntity
  8
0
  6
Continuous
 62
     7
370
    25
100
AcDbSpline
210
0.0
220
0.0
230
1.0
 70
     8
 71
     3
 72
     9
 73
     5
 74
     0
 42
0.00000001
 43
0.00000001
 40
0.0
 40
0.0
 40
0.0
 40
0.0
 40
0.4859872576150773
 40
1.0
 40
1.0
 40
1.0
 40
1.0
 10
61.4987071637396
 20
14.05280234067863
 30
0.0
 10
61.61944415235399
 20
13.98276423744144
 30
0.0
 10
61.86788068381139
 20
13.83864913536881
 30
0.0
 10
62.11644278296359
 20
13.69462794796717
 30
0.0
 10
62.24420686920179
 20
13.62059922246939
 30
0.0
  0
SPLINE
  5
979
330
817
100
AcDbEntity
  8
0
  6
Continuous
 62
     7
370
    25
100
AcDbSpline
210
0.0
220
0.0
230
1.0
 70
     8
 71
     3
 72
    12
 73
     8
 74
     0
 42
0.00000001
 43
0.00000001
 40
0.0
 40
0.0
 40
0.0
 40
0.0
 40
1.905581549129165
 40
1.905581549129165
 40
1.905581549129165
 40
2.40554157181684
 40
2.905581549129165
 40
2.905581549129165
 40
2.905581549129165
 40
2.905581549129165
 10
52.85779223574704
 20
11.872
 30
0.0
 10
52.85767240582256
 20
12.50719383840671
 30
0.0
 10
52.85755257589808
 20
13.14238767681341
 30
0.0
 10
52.8574327459736
 20
13.77758151522012
 30
0.0
 10
52.85742720042829
 20
13.80697731284341
 30
0.0
 10
52.85741610845079
 20
13.865773609126
 30
0.0
 10
52.85742719983709
 20
13.924569905436
 30
0.0
 10
52.8574327459736
 20
13.95397040410895
 30
0.0
  0
SPLINE
  5
97A
330
817
100
AcDbEntity
  8
0
  6
Continuous
 62
     7
370
    25
100
AcDbSpline
210
0.0
220
0.0
230
1.0
 70
     8
 71
     3
 72
     9
 73
     5
 74
     0
 42
0.00000001
 43
0.00000001
 40
0.0
 40
0.0
 40
0.0
 40
0.0
 40
0.4995204204873779
 40
1.0
 40
1.0
 40
1.0
 40
1.0
 10
53.5175303024738
 20
-3.576747354838369
 30
0.0
 10
53.5174639202325
 20
-3.547377416066697
 30
0.0
 10
53.5173310282854
 20
-3.488581143547884
 30
0.0
 10
53.51746383528329
 20
-3.429784823489321
 30
0.0
 10
53.5175303024738
 20
-3.400358465949547
 30
0.0
  0
SPLINE
  5
97B
330
817
100
AcDbEntity
  8
0
  6
Continuous
 62
     7
370
    25
100
AcDbSpline
210
0.0
220
0.0
230
1.0
 70
     8
 71
     3
 72
     9
 73
     5
 74
     0
 42
0.00000001
 43
0.00000001
 40
0.0
 40
0.0
 40
0.0
 40
0.0
 40
0.4994804822835264
 40
1.0
 40
1.0
 40
1.0
 40
1.0
 10
53.5175303024738
 20
-4.987858465949511
 30
0.0
 10
53.51745840454619
 20
-4.958490878618324
 30
0.0
 10
53.51731445912679
 20
-4.899694612552238
 30
0.0
 10
53.5174583048712
 20
-4.840898286046722
 30
0.0
 10
53.5175303024738
 20
-4.811469577060687
 30
0.0
  0
SPLINE
  5
97C
330
817
100
AcDbEntity
  8
0
  6
Continuous
 62
     7
370
    25
100
AcDbSpline
210
0.0
220
0.0
230
1.0
 70
     8
 71
     3
 72
     9
 73
     5
 74
     0
 42
0.00000001
 43
0.00000001
 40
0.0
 40
0.0
 40
0.0
 40
0.0
 40
0.4994405503757262
 40
1.0
 40
1.0
 40
1.0
 40
1.0
 10
53.5175303024738
 20
-6.398969577060651
 30
0.0
 10
53.51745289134449
 20
-6.369604341335042
 30
0.0
 10
53.5172978956615
 20
-6.310808082794381
 30
0.0
 10
53.51745277577129
 20
-6.252011748770656
 30
0.0
 10
53.5175303024738
 20
-6.222580688171828
 30
0.0
  0
SPLINE
  5
97D
330
817
100
AcDbEntity
  8
0
  6
Continuous
 62
     7
370
    25
100
AcDbSpline
210
0.0
220
0.0
230
1.0
 70
     8
 71
     3
 72
     9
 73
     5
 74
     0
 42
0.00000001
 43
0.00000001
 40
0.0
 40
0.0
 40
0.0
 40
0.0
 40
0.4994006252303043
 40
1.0
 40
1.0
 40
1.0
 40
1.0
 10
53.5175303024738
 20
-7.810080688171792
 30
0.0
 10
53.51744738062669
 20
-7.780717804230394
 30
0.0
 10
53.51728133788899
 20
-7.721921554370235
 30
0.0
 10
53.5174472479839
 20
-7.66312521167489
 30
0.0
 10
53.5175303024738
 20
-7.633691799282857
 30
0.0
  0
SPLINE
  5
97E
330
817
100
AcDbEntity
  8
0
  6
Continuous
 62
     7
370
    25
100
AcDbSpline
210
0.0
220
0.0
230
1.0
 70
     8
 71
     3
 72
     9
 73
     5
 74
     0
 42
0.00000001
 43
0.00000001
 40
0.0
 40
0.0
 40
0.0
 40
0.0
 40
0.4993607073135157
 40
0.9999999999999999
 40
0.9999999999999999
 40
0.9999999999999999
 40
0.9999999999999999
 10
53.5175303024738
 20
-9.221191799282822
 30
0.0
 10
53.5174418723922
 20
-9.191831267318038
 30
0.0
 10
53.51726478580859
 20
-9.133035027375833
 30
0.0
 10
53.5174417215096
 20
-9.074238674773413
 30
0.0
 10
53.5175303024738
 20
-9.044802910393999
 30
0.0
  0
SPLINE
  5
97F
330
817
100
AcDbEntity
  8
0
  6
Continuous
 62
     7
370
    25
100
AcDbSpline
210
0.0
220
0.0
230
1.0
 70
     8
 71
     3
 72
     9
 73
     5
 74
     0
 42
0.00000001
 43
0.00000001
 40
0.0
 40
0.0
 40
0.0
 40
0.0
 40
0.49932079709107
 40
1.0
 40
1.0
 40
1.0
 40
1.0
 10
53.5175303024738
 20
-10.63230291039396
 30
0.0
 10
53.5174363666402
 20
-10.60294473061141
 30
0.0
 10
53.5172482394199
 20
-10.54414850190699
 30
0.0
 10
53.5174361963485
 20
-10.48535213807999
 30
0.0
 10
53.5175303024738
 20
-10.45591402150514
 30
0.0
  0
SPLINE
  5
980
330
817
100
AcDbEntity
  8
0
  6
Continuous
 62
     7
370
    25
100
AcDbSpline
210
0.0
220
0.0
230
1.0
 70
     8
 71
     3
 72
     9
 73
     5
 74
     0
 42
0.00000001
 43
0.00000001
 40
0.0
 40
0.0
 40
0.0
 40
0.0
 40
0.4992808950283392
 40
1.0
 40
1.0
 40
1.0
 40
1.0
 10
53.5175303024738
 20
-12.0434140215051
 30
0.0
 10
53.51743086337009
 20
-12.01405819412404
 30
0.0
 10
53.5172316987222
 20
-11.95526197805929
 30
0.0
 10
53.51743067250119
 20
-11.89646560160839
 30
0.0
 10
53.5175303024738
 20
-11.86702513261628
 30
0.0
  0
SPLINE
  5
981
330
817
100
AcDbEntity
  8
0
  6
Continuous
 62
     7
370
    25
100
AcDbSpline
210
0.0
220
0.0
230
1.0
 70
     8
 71
     3
 72
     9
 73
     5
 74
     0
 42
0.00000001
 43
0.00000001
 40
0.0
 40
0.0
 40
0.0
 40
0.0
 40
0.4992410015905361
 40
1.0
 40
1.0
 40
1.0
 40
1.0
 10
53.5175303024738
 20
-13.45452513261624
 30
0.0
 10
53.51742536258119
 20
-13.4251716578696
 30
0.0
 10
53.51721516371499
 20
-13.36637545592878
 30
0.0
 10
53.51742514996799
 20
-13.30757906537239
 30
0.0
 10
53.5175303024738
 20
-13.27813624372731
 30
0.0
  0
SPLINE
  5
982
330
817
100
AcDbEntity
  8
0
  6
Continuous
 62
     7
370
    25
100
AcDbSpline
210
0.0
220
0.0
230
1.0
 70
     8
 71
     3
 72
     9
 73
     5
 74
     0
 42
0.00000001
 43
0.00000001
 40
0.0
 40
0.0
 40
0.0
 40
0.0
 40
0.4992011172428524
 40
1.0
 40
1.0
 40
1.0
 40
1.0
 10
53.5175303024738
 20
-14.86563624372727
 30
0.0
 10
53.5174198642729
 20
-14.83628512186141
 30
0.0
 10
53.5171986343977
 20
-14.77748893561081
 30
0.0
 10
53.51741962874929
 20
-14.71869252938595
 30
0.0
 10
53.5175303024738
 20
-14.68924735483845
 30
0.0
  0
SPLINE
  5
983
330
817
100
AcDbEntity
  8
0
  6
Continuous
 62
     7
370
    25
100
AcDbSpline
210
0.0
220
0.0
230
1.0
 70
     8
 71
     3
 72
     9
 73
     5
 74
     0
 42
0.00000001
 43
0.00000001
 40
0.0
 40
0.0
 40
0.0
 40
0.0
 40
0.4991612424494202
 40
0.9999999999999999
 40
0.9999999999999999
 40
0.9999999999999999
 40
0.9999999999999999
 10
53.5175303024738
 20
-16.27674735483841
 30
0.0
 10
53.51741436844439
 20
-16.24739858611312
 30
0.0
 10
53.51718211076989
 20
-16.1886024172011
 30
0.0
 10
53.5174141088457
 20
-16.12980599366287
 30
0.0
 10
53.5175303024738
 20
-16.10035846594959
 30
0.0
  0
SPLINE
  5
984
330
817
100
AcDbEntity
  8
0
  6
Continuous
 62
     7
370
    25
100
AcDbSpline
210
0.0
220
0.0
230
1.0
 70
     8
 71
     3
 72
     9
 73
     5
 74
     0
 42
0.00000001
 43
0.00000001
 40
0.0
 40
0.0
 40
0.0
 40
0.0
 40
0.499121377674394
 40
1.0
 40
1.0
 40
1.0
 40
1.0
 10
53.51753030247369
 20
-17.68785846594956
 30
0.0
 10
53.5174088750949
 20
-17.65851205063806
 30
0.0
 10
53.51716559283079
 20
-17.59971590079523
 30
0.0
 10
53.51740859025739
 20
-17.54091945821689
 30
0.0
 10
53.5175303024738
 20
-17.51146957706062
 30
0.0
  0
SPLINE
  5
985
330
817
100
AcDbEntity
  8
0
  6
Continuous
 62
     7
370
    25
100
AcDbSpline
210
0.0
220
0.0
230
1.0
 70
     8
 71
     3
 72
     9
 73
     5
 74
     0
 42
0.00000001
 43
0.00000001
 40
0.0
 40
0.0
 40
0.0
 40
0.0
 40
0.4990815233817361
 40
1.0
 40
1.0
 40
1.0
 40
1.0
 10
53.51753030247369
 20
-19.0989695770607
 30
0.0
 10
53.5174033842238
 20
-19.06962551544966
 30
0.0
 10
53.51714908058
 20
-19.01082938648846
 30
0.0
 10
53.51740307298509
 20
-18.95203292306191
 30
0.0
 10
53.51753030247369
 20
-18.92258068817176
 30
0.0
  0
SPLINE
  5
986
330
817
100
AcDbEntity
  8
0
  6
Continuous
 62
     7
370
    25
100
AcDbSpline
210
0.0
220
0.0
230
1.0
 70
     8
 71
     3
 72
     9
 73
     5
 74
     0
 42
0.00000001
 43
0.00000001
 40
0.0
 40
0.0
 40
0.0
 40
0.0
 40
0.4990416800346091
 40
1.0
 40
1.0
 40
1.0
 40
1.0
 10
53.51753030247369
 20
-20.51008068817173
 30
0.0
 10
53.5173978958303
 20
-20.48073898056146
 30
0.0
 10
53.5171325740169
 20
-20.42194287437615
 30
0.0
 10
53.5173975570291
 20
-20.36314638821168
 30
0.0
 10
53.51753030247369
 20
-20.3336917992829
 30
0.0
  0
SPLINE
  5
987
330
817
100
AcDbEntity
  8
0
  6
Continuous
 62
     7
370
    25
100
AcDbSpline
210
0.0
220
0.0
230
1.0
 70
     8
 71
     3
 72
     9
 73
     5
 74
     0
 42
0.00000001
 43
0.00000001
 40
0.0
 40
0.0
 40
0.0
 40
0.0
 40
0.4990018480960667
 40
1.0
 40
1.0
 40
1.0
 40
1.0
 10
53.51753030247369
 20
-21.92119179928287
 30
0.0
 10
53.5173924099136
 20
-21.8918524459869
 30
0.0
 10
53.517116073141
 20
-21.83305636455357
 30
0.0
 10
53.51739204239
 20
-21.77425985368008
 30
0.0
 10
53.51753030247369
 20
-21.74480291039404
 30
0.0
  0
SPLINE
  5
988
330
817
100
AcDbEntity
  8
0
  6
Continuous
 62
     7
370
    25
100
AcDbSpline
210
0.0
220
0.0
230
1.0
 70
     8
 71
     3
 72
     9
 73
     5
 74
     0
 42
0.00000001
 43
0.00000001
 40
0.0
 40
0.0
 40
0.0
 40
0.0
 40
0.4989620280284838
 40
1.0
 40
1.0
 40
1.0
 40
1.0
 10
53.5175303024738
 20
-23.33230291039401
 30
0.0
 10
53.51738692647289
 20
-23.30296591173919
 30
0.0
 10
53.5170995779517
 20
-23.24416985711597
 30
0.0
 10
53.51738652906829
 20
-23.18537331948078
 30
0.0
 10
53.5175303024738
 20
-23.15591402150518
 30
0.0
  0
SPLINE
  5
989
330
817
100
AcDbEntity
  8
0
  6
Continuous
 62
     7
370
    25
100
AcDbSpline
210
0.0
220
0.0
230
1.0
 70
     8
 71
     3
 72
     9
 73
     5
 74
     0
 42
0.00000001
 43
0.00000001
 40
0.0
 40
0.0
 40
0.0
 40
0.0
 40
0.4989222202938943
 40
1.0
 40
1.0
 40
1.0
 40
1.0
 10
53.5175303024738
 20
-24.74341402150515
 30
0.0
 10
53.5173814455074
 20
-24.71407937783165
 30
0.0
 10
53.51708308844839
 20
-24.65528335215827
 30
0.0
 10
53.51738101706439
 20
-24.59648678562776
 30
0.0
 10
53.5175303024738
 20
-24.56702513261622
 30
0.0
  0
SPLINE
  5
98A
330
817
100
AcDbEntity
  8
0
  6
Continuous
 62
     7
370
    25
100
AcDbSpline
210
0.0
220
0.0
230
1.0
 70
     8
 71
     3
 72
     9
 73
     5
 74
     0
 42
0.00000001
 43
0.00000001
 40
0.0
 40
0.0
 40
0.0
 40
0.0
 40
0.4988824253538935
 40
1.0
 40
1.0
 40
1.0
 40
1.0
 10
53.5175303024738
 20
-26.15452513261618
 30
0.0
 10
53.51737596701639
 20
-26.12519284427783
 30
0.0
 10
53.5170666046306
 20
-26.06639684977563
 30
0.0
 10
53.5173755063789
 20
-26.00760025213466
 30
0.0
 10
53.5175303024738
 20
-25.97813624372736
 30
0.0
  0
SPLINE
  5
98B
330
817
100
AcDbEntity
  8
0
  6
Continuous
 62
     7
370
    25
100
AcDbSpline
210
0.0
220
0.0
230
1.0
 70
     8
 71
     3
 72
     9
 73
     5
 74
     0
 42
0.00000001
 43
0.00000001
 40
0.0
 40
0.0
 40
0.0
 40
0.0
 40
0.4988426436692674
 40
1.0
 40
1.0
 40
1.0
 40
1.0
 10
53.5175303024738
 20
-27.56563624372732
 30
0.0
 10
53.517370490999
 20
-27.53630631109094
 30
0.0
 10
53.51705012649779
 20
-27.47751035006274
 30
0.0
 10
53.5173699970123
 20
-27.41871371901527
 30
0.0
 10
53.5175303024738
 20
-27.3892473548385
 30
0.0
  0
SPLINE
  5
98C
330
817
100
AcDbEntity
  8
0
  6
Continuous
 62
     7
370
    25
100
AcDbSpline
210
0.0
220
0.0
230
1.0
 70
     8
 71
     3
 72
     9
 73
     5
 74
     0
 42
0.00000001
 43
0.00000001
 40
0.0
 40
0.0
 40
0.0
 40
0.0
 40
0.4988028757008392
 40
1.0
 40
1.0
 40
1.0
 40
1.0
 10
53.5175303024738
 20
-28.97674735483846
 30
0.0
 10
53.5173650174544
 20
-28.94741977828418
 30
0.0
 10
53.5170336540494
 20
-28.88862385311441
 30
0.0
 10
53.5173644889653
 20
-28.82982718628357
 30
0.0
 10
53.5175303024738
 20
-28.80035846594952
 30
0.0
  0
SPLINE
  5
98D
330
817
100
AcDbEntity
  8
0
  6
Continuous
 62
     7
370
    25
100
AcDbSpline
210
0.0
220
0.0
230
1.0
 70
     8
 71
     3
 72
     9
 73
     5
 74
     0
 42
0.00000001
 43
0.00000001
 40
0.0
 40
0.0
 40
0.0
 40
0.0
 40
0.4987631219085485
 40
1.0
 40
1.0
 40
1.0
 40
1.0
 10
53.5175303024738
 20
-30.3878584659496
 30
0.0
 10
53.5173595463818
 20
-30.35853324587101
 30
0.0
 10
53.51701718728489
 20
-30.29973735902524
 30
0.0
 10
53.51735898223829
 20
-30.24094065395311
 30
0.0
 10
53.5175303024738
 20
-30.21146957706066
 30
0.0
  0
SPLINE
  5
98E
330
817
100
AcDbEntity
  8
0
  6
Continuous
 62
     7
370
    25
100
AcDbSpline
210
0.0
220
0.0
230
1.0
 70
     8
 71
     3
 72
     9
 73
     5
 74
     0
 42
0.00000001
 43
0.00000001
 40
0.0
 40
0.0
 40
0.0
 40
0.0
 40
0.498723382751649
 40
1.0
 40
1.0
 40
1.0
 40
1.0
 10
53.5175303024738
 20
-31.79896957706063
 30
0.0
 10
53.5173540777802
 20
-31.76964671386451
 30
0.0
 10
53.51700072620359
 20
-31.71085086788994
 30
0.0
 10
53.517353476832
 20
-31.65205412203775
 30
0.0
 10
53.5175303024738
 20
-31.62258068817181
 30
0.0
  0
SPLINE
  5
98F
330
817
100
AcDbEntity
  8
0
  6
Continuous
 62
     7
370
    25
100
AcDbSpline
210
0.0
220
0.0
230
1.0
 70
     8
 71
     3
 72
     9
 73
     5
 74
     0
 42
0.00000001
 43
0.00000001
 40
0.0
 40
0.0
 40
0.0
 40
0.0
 40
0.4986836586891826
 40
0.9999999999999999
 40
0.9999999999999999
 40
0.9999999999999999
 40
0.9999999999999999
 10
53.5175303024738
 20
-33.21008068817177
 30
0.0
 10
53.5173486116488
 20
-33.18076018227789
 30
0.0
 10
53.5169842708052
 20
-33.12196437980275
 30
0.0
 10
53.51734797274699
 20
-33.06316759055128
 30
0.0
 10
53.5175303024738
 20
-33.03369179928295
 30
0.0
  0
SPLINE
  5
990
330
817
100
AcDbEntity
  8
0
  6
Continuous
 62
     7
370
    25
100
AcDbSpline
210
0.0
220
0.0
230
1.0
 70
     8
 71
     3
 72
     9
 73
     5
 74
     0
 42
0.00000001
 43
0.00000001
 40
0.0
 40
0.0
 40
0.0
 40
0.0
 40
0.4986439501794515
 40
1.0
 40
1.0
 40
1.0
 40
1.0
 10
53.5175303024738
 20
-34.62119179928291
 30
0.0
 10
53.51734314798679
 20
-34.59187365112448
 30
0.0
 10
53.516967821089
 20
-34.53307789485804
 30
0.0
 10
53.51734246998379
 20
-34.47428105950733
 30
0.0
 10
53.5175303024738
 20
-34.44480291039397
 30
0.0
  0
CIRCLE
  5
991
330
817
100
AcDbEntity
  8
0
  6
Continuous
 62
     7
370
    25
100
AcDbCircle
 10
31.0
 20
29.76
 30
0.0
 40
9.99999999999998
  0
CIRCLE
  5
992
330
817
100
AcDbEntity
  8
0
  6
Continuous
 62
     7
370
    25
100
AcDbCircle
 10
31.0
 20
79.76
 30
0.0
 40
10.0
  0
SPLINE
  5
993
330
817
100
AcDbEntity
  8
0
  6
Continuous
 62
     7
370
    25
100
AcDbSpline
210
0.0
220
0.0
230
1.0
 70
     9
 71
     3
 72
    26
 73
    22
 74
     0
 42
0.00000001
 43
0.00000001
 40
0.0
 40
0.0
 40
0.0
 40
0.0
 40
0.0554749306413921
 40
0.1144911424562974
 40
0.1715515782199243
 40
0.2247939933468627
 40
0.2743428690662773
 40
0.3222471885139028
 40
0.3710077775043971
 40
0.4224884577171642
 40
0.4774412569291788
 40
0.5213834758792436
 40
0.5776644239938624
 40
0.6343998543049869
 40
0.6902192015694258
 40
0.7420670535302737
 40
0.7907709432622582
 40
0.8387036332165501
 40
0.8882298024984926
 40
0.9408722739571719
 40
1.0
 40
1.0
 40
1.0
 40
1.0
 10
58.16738762464209
 20
-60.10222894618144
 30
0.0
 10
58.08161763876269
 20
-60.11029599819917
 30
0.0
 10
57.90460247969449
 20
-60.12694506816796
 30
0.0
 10
57.6657723770266
 20
-60.2611626605194
 30
0.0
 10
57.48943676416749
 20
-60.46216317567454
 30
0.0
 10
57.40161739805059
 20
-60.70000798778629
 30
0.0
 10
57.4011458555172
 20
-60.93814174588463
 30
0.0
 10
57.4762190012782
 20
-61.15626056484668
 30
0.0
 10
57.6176905172574
 20
-61.3420146316066
 30
0.0
 10
57.81853552010139
 20
-61.48137808970677
 30
0.0
 10
58.0453254286263
 20
-61.54901177025884
 30
0.0
 10
58.2861089121939
 20
-61.54984036510791
 30
0.0
 10
58.5201463425574
 20
-61.47995470257283
 30
0.0
 10
58.73123855069109
 20
-61.32419037135184
 30
0.0
 10
58.87157218313959
 20
-61.10807430065989
 30
0.0
 10
58.9261610303481
 20
-60.86714617204936
 30
0.0
 10
58.9007159290685
 20
-60.63420111906792
 30
0.0
 10
58.8061277057502
 20
-60.42553092691549
 30
0.0
 10
58.6487328037547
 20
-60.25482721187147
 30
0.0
 10
58.43072122700779
 20
-60.12850779466183
 30
0.0
 10
58.2584964969773
 20
-60.11132097329008
 30
0.0
 10
58.16738762464209
 20
-60.10222894618144
 30
0.0
  0
SPLINE
  5
994
330
817
100
AcDbEntity
  8
0
  6
Continuous
 62
     7
370
    25
100
AcDbSpline
210
0.0
220
0.0
230
1.0
 70
     9
 71
     3
 72
    27
 73
    23
 74
     0
 42
0.00000001
 43
0.00000001
 40
0.0
 40
0.0
 40
0.0
 40
0.0
 40
0.003136031758401
 40
0.0601933720060097
 40
0.1128086468060836
 40
0.1622695780305974
 40
0.2097872948958035
 40
0.2578603728664801
 40
0.3090894238694513
 40
0.3646078623456137
 40
0.4215366366032506
 40
0.4783808987491745
 40
0.5228514880906198
 40
0.5783520553471093
 40
0.6300294024809625
 40
0.6785956829317059
 40
0.7259924151462838
 40
0.7748834804184755
 40
0.8275808001296316
 40
0.884505959998715
 40
0.9438935693197822
 40
1.0
 40
1.0
 40
1.0
 40
1.0
 10
58.17208223089689
 20
-60.18961143922496
 30
0.0
 10
58.17637325107199
 20
-60.18963600254545
 30
0.0
 10
58.25873561012459
 20
-60.19010747388287
 30
0.0
 10
58.41320939197399
 20
-60.21813195610404
 30
0.0
 10
58.6057322560048
 20
-60.3228116711797
 30
0.0
 10
58.74754983273689
 20
-60.47337310644596
 30
0.0
 10
58.833154849526
 20
-60.65674451658598
 30
0.0
 10
58.85623321764029
 20
-60.86214729628448
 30
0.0
 10
58.80670515748029
 20
-61.07453069252422
 30
0.0
 10
58.6797025878215
 20
-61.26455101719419
 30
0.0
 10
58.48939619065669
 20
-61.40101949177168
 30
0.0
 10
58.27890672996169
 20
-61.46214128954019
 30
0.0
 10
58.06224695941719
 20
-61.46141588921128
 30
0.0
 10
57.8582075920161
 20
-61.40223736370398
 30
0.0
 10
57.67709708078789
 20
-61.28002809655586
 30
0.0
 10
57.5492467181564
 20
-61.11678291558131
 30
0.0
 10
57.48125049173609
 20
-60.92471685820111
 30
0.0
 10
57.48167564413589
 20
-60.71474206017935
 30
0.0
 10
57.5613148493277
 20
-60.50518546148087
 30
0.0
 10
57.7207093013554
 20
-60.32864398398519
 30
0.0
 10
57.93576496023459
 20
-60.21121832238851
 30
0.0
 10
58.0948160176267
 20
-60.19667601828826
 30
0.0
 10
58.17208223089689
 20
-60.18961143922496
 30
0.0
  0
SPLINE
  5
995
330
817
100
AcDbEntity
  8
0
  6
Continuous
 62
     7
370
    25
100
AcDbSpline
210
0.0
220
0.0
230
1.0
 70
     8
 71
     3
 72
    10
 73
     6
 74
     0
 42
0.00000001
 43
0.00000001
 40
0.0
 40
0.0
 40
0.0
 40
0.0
 40
0.366694515333774
 40
0.7302075487335954
 40
1.0
 40
1.0
 40
1.0
 40
1.0
 10
56.62393342299289
 20
14.26555381079453
 30
0.0
 10
55.86101197007359
 20
14.22701855934366
 30
0.0
 10
54.34178825464559
 20
14.15028239252053
 30
0.0
 10
52.9143697419501
 20
14.04937900735265
 30
0.0
 10
52.8744421655515
 20
13.98247287312904
 30
0.0
 10
52.8574327459736
 20
13.95397040410895
 30
0.0
  0
SPLINE
  5
996
330
817
100
AcDbEntity
  8
0
  6
Continuous
 62
     7
370
    25
100
AcDbSpline
210
0.0
220
0.0
230
1.0
 70
     8
 71
     3
 72
    15
 73
    11
 74
     0
 42
0.00000001
 43
0.00000001
 40
0.0
 40
0.0
 40
0.0
 40
0.0
 40
0.0593488532898758
 40
0.184452955289938
 40
0.3095253636892614
 40
0.4346191649130242
 40
0.5596925567375685
 40
0.721150881242539
 40
0.8812083755713852
 40
0.9999999999999999
 40
0.9999999999999999
 40
0.9999999999999999
 40
0.9999999999999999
 10
62.150467380965
 20
13.24883370076452
 30
0.0
 10
62.17754935710029
 20
13.23483402782816
 30
0.0
 10
62.26171864186919
 20
13.19132381822741
 30
0.0
 10
61.56060670267399
 20
13.11873885784087
 30
0.0
 10
60.26462438659789
 20
13.03067492916749
 30
0.0
 10
58.5041865296752
 20
12.94243117268457
 30
0.0
 10
56.41384369437269
 20
12.84631786371671
 30
0.0
 10
54.35304171957229
 20
12.73900640273218
 30
0.0
 10
52.9123921400833
 20
12.63829687081797
 30
0.0
 10
52.8738513746373
 20
12.57137041791418
 30
0.0
 10
52.8574327459736
 20
12.54285929299787
 30
0.0
  0
SPLINE
  5
997
330
817
100
AcDbEntity
  8
0
  6
Continuous
 62
     7
370
    25
100
AcDbSpline
210
0.0
220
0.0
230
1.0
 70
     8
 71
     3
 72
     9
 73
     5
 74
     0
 42
0.00000001
 43
0.00000001
 40
0.0
 40
0.0
 40
0.0
 40
0.0
 40
0.5350319847381361
 40
1.0
 40
1.0
 40
1.0
 40
1.0
 10
54.2524976409413
 20
-2.798933521831579
 30
0.0
 10
53.77221515220839
 20
-2.830550975839394
 30
0.0
 10
52.87454454104289
 20
-2.88964548777437
 30
0.0
 10
52.8628638798332
 20
-2.95088739921223
 30
0.0
 10
52.8574327459736
 20
-2.979362929224403
 30
0.0
  0
SPLINE
  5
998
330
817
100
AcDbEntity
  8
0
  6
Continuous
 62
     7
370
    25
100
AcDbSpline
210
0.0
220
0.0
230
1.0
 70
     8
 71
     3
 72
    15
 73
    11
 74
     0
 42
0.00000001
 43
0.00000001
 40
0.0
 40
0.0
 40
0.0
 40
0.0
 40
0.0593488532898758
 40
0.1844529552899389
 40
0.309525363689261
 40
0.4346191649130248
 40
0.5596925567375682
 40
0.7211508812425389
 40
0.8812083755713853
 40
1.0
 40
1.0
 40
1.0
 40
1.0
 10
62.150467380965
 20
-3.684499632568781
 30
0.0
 10
62.17754935710039
 20
-3.698499305505141
 30
0.0
 10
62.26171864186919
 20
-3.742009515105946
 30
0.0
 10
61.56060670267399
 20
-3.814594475492481
 30
0.0
 10
60.26462438659789
 20
-3.902658404165813
 30
0.0
 10
58.5041865296752
 20
-3.990902160648788
 30
0.0
 10
56.41384369437269
 20
-4.087015469616648
 30
0.0
 10
54.35304171957219
 20
-4.194326930601175
 30
0.0
 10
52.9123921400834
 20
-4.295036462515387
 30
0.0
 10
52.8738513746373
 20
-4.361962915419235
 30
0.0
 10
52.8574327459736
 20
-4.390474040335432
 30
0.0
  0
SPLINE
  5
999
330
817
100
AcDbEntity
  8
0
  6
Continuous
 62
     7
370
    25
100
AcDbSpline
210
0.0
220
0.0
230
1.0
 70
     8
 71
     3
 72
    15
 73
    11
 74
     0
 42
0.00000001
 43
0.00000001
 40
0.0
 40
0.0
 40
0.0
 40
0.0
 40
0.0593488532898758
 40
0.1844529552899389
 40
0.309525363689261
 40
0.4346191649130248
 40
0.5596925567375682
 40
0.7211508812425389
 40
0.8812083755713853
 40
1.0
 40
1.0
 40
1.0
 40
1.0
 10
62.150467380965
 20
-5.095610743679921
 30
0.0
 10
62.17754935710039
 20
-5.109610416616281
 30
0.0
 10
62.26171864186919
 20
-5.153120626216976
 30
0.0
 10
61.56060670267399
 20
-5.225705586603511
 30
0.0
 10
60.26462438659789
 20
-5.313769515276954
 30
0.0
 10
58.5041865296752
 20
-5.402013271759929
 30
0.0
 10
56.41384369437269
 20
-5.498126580727789
 30
0.0
 10
54.35304171957219
 20
-5.605438041712316
 30
0.0
 10
52.9123921400834
 20
-5.706147573626417
 30
0.0
 10
52.8738513746373
 20
-5.773074026530264
 30
0.0
 10
52.8574327459736
 20
-5.801585151446573
 30
0.0
  0
SPLINE
  5
99A
330
817
100
AcDbEntity
  8
0
  6
Continuous
 62
     7
370
    25
100
AcDbSpline
210
0.0
220
0.0
230
1.0
 70
     8
 71
     3
 72
    15
 73
    11
 74
     0
 42
0.00000001
 43
0.00000001
 40
0.0
 40
0.0
 40
0.0
 40
0.0
 40
0.0593488532898758
 40
0.1844529552899389
 40
0.309525363689261
 40
0.4346191649130248
 40
0.5596925567375682
 40
0.7211508812425389
 40
0.8812083755713853
 40
1.0
 40
1.0
 40
1.0
 40
1.0
 10
62.150467380965
 20
-6.506721854791062
 30
0.0
 10
62.17754935710039
 20
-6.520721527727422
 30
0.0
 10
62.26171864186919
 20
-6.564231737328116
 30
0.0
 10
61.56060670267399
 20
-6.636816697714651
 30
0.0
 10
60.26462438659789
 20
-6.724880626388094
 30
0.0
 10
58.5041865296752
 20
-6.813124382870959
 30
0.0
 10
56.41384369437269
 20
-6.909237691838818
 30
0.0
 10
54.35304171957219
 20
-7.016549152823456
 30
0.0
 10
52.9123921400834
 20
-7.117258684737557
 30
0.0
 10
52.8738513746373
 20
-7.184185137641406
 30
0.0
 10
52.8574327459736
 20
-7.212696262557714
 30
0.0
  0
SPLINE
  5
99B
330
817
100
AcDbEntity
  8
0
  6
Continuous
 62
     7
370
    25
100
AcDbSpline
210
0.0
220
0.0
230
1.0
 70
     8
 71
     3
 72
    15
 73
    11
 74
     0
 42
0.00000001
 43
0.00000001
 40
0.0
 40
0.0
 40
0.0
 40
0.0
 40
0.0593488532898758
 40
0.1844529552899389
 40
0.309525363689261
 40
0.4346191649130248
 40
0.5596925567375682
 40
0.7211508812425389
 40
0.8812083755713853
 40
1.0
 40
1.0
 40
1.0
 40
1.0
 10
62.150467380965
 20
-7.917832965902202
 30
0.0
 10
62.17754935710039
 20
-7.931832638838562
 30
0.0
 10
62.26171864186919
 20
-7.975342848439257
 30
0.0
 10
61.56060670267399
 20
-8.047927808825792
 30
0.0
 10
60.26462438659789
 20
-8.135991737499236
 30
0.0
 10
58.5041865296752
 20
-8.2242354939821
 30
0.0
 10
56.41384369437269
 20
-8.32034880294996
 30
0.0
 10
54.35304171957219
 20
-8.427660263934488
 30
0.0
 10
52.9123921400834
 20
-8.528369795848699
 30
0.0
 10
52.8738513746373
 20
-8.595296248752547
 30
0.0
 10
52.8574327459736
 20
-8.623807373668855
 30
0.0
  0
SPLINE
  5
99C
330
817
100
AcDbEntity
  8
0
  6
Continuous
 62
     7
370
    25
100
AcDbSpline
210
0.0
220
0.0
230
1.0
 70
     8
 71
     3
 72
    15
 73
    11
 74
     0
 42
0.00000001
 43
0.00000001
 40
0.0
 40
0.0
 40
0.0
 40
0.0
 40
0.0593488532898758
 40
0.1844529552899389
 40
0.309525363689261
 40
0.4346191649130248
 40
0.5596925567375682
 40
0.7211508812425389
 40
0.8812083755713853
 40
1.0
 40
1.0
 40
1.0
 40
1.0
 10
62.150467380965
 20
-9.328944077013231
 30
0.0
 10
62.17754935710039
 20
-9.342943749949594
 30
0.0
 10
62.26171864186919
 20
-9.386453959550398
 30
0.0
 10
61.56060670267399
 20
-9.459038919936933
 30
0.0
 10
60.26462438659789
 20
-9.547102848610265
 30
0.0
 10
58.5041865296752
 20
-9.63534660509324
 30
0.0
 10
56.41384369437269
 20
-9.731459914061102
 30
0.0
 10
54.35304171957219
 20
-9.838771375045628
 30
0.0
 10
52.9123921400834
 20
-9.93948090695984
 30
0.0
 10
52.8738513746373
 20
-10.00640735986369
 30
0.0
 10
52.8574327459736
 20
-10.03491848477988
 30
0.0
  0
SPLINE
  5
99D
330
817
100
AcDbEntity
  8
0
  6
Continuous
 62
     7
370
    25
100
AcDbSpline
210
0.0
220
0.0
230
1.0
 70
     8
 71
     3
 72
    15
 73
    11
 74
     0
 42
0.00000001
 43
0.00000001
 40
0.0
 40
0.0
 40
0.0
 40
0.0
 40
0.0593488532898758
 40
0.1844529552899389
 40
0.309525363689261
 40
0.4346191649130248
 40
0.5596925567375682
 40
0.7211508812425389
 40
0.8812083755713853
 40
1.0
 40
1.0
 40
1.0
 40
1.0
 10
62.150467380965
 20
-10.74005518812437
 30
0.0
 10
62.17754935710039
 20
-10.75405486106073
 30
0.0
 10
62.26171864186919
 20
-10.79756507066143
 30
0.0
 10
61.56060670267399
 20
-10.87015003104796
 30
0.0
 10
60.26462438659789
 20
-10.95821395972141
 30
0.0
 10
58.5041865296752
 20
-11.04645771620438
 30
0.0
 10
56.41384369437269
 20
-11.14257102517224
 30
0.0
 10
54.35304171957219
 20
-11.24988248615677
 30
0.0
 10
52.9123921400834
 20
-11.35059201807087
 30
0.0
 10
52.8738513746373
 20
-11.41751847097472
 30
0.0
 10
52.8574327459736
 20
-11.44602959589103
 30
0.0
  0
SPLINE
  5
99E
330
817
100
AcDbEntity
  8
0
  6
Continuous
 62
     7
370
    25
100
AcDbSpline
210
0.0
220
0.0
230
1.0
 70
     8
 71
     3
 72
    15
 73
    11
 74
     0
 42
0.00000001
 43
0.00000001
 40
0.0
 40
0.0
 40
0.0
 40
0.0
 40
0.0593488532898758
 40
0.1844529552899389
 40
0.309525363689261
 40
0.4346191649130248
 40
0.5596925567375682
 40
0.7211508812425389
 40
0.8812083755713853
 40
1.0
 40
1.0
 40
1.0
 40
1.0
 10
62.150467380965
 20
-12.15116629923551
 30
0.0
 10
62.17754935710029
 20
-12.16516597217187
 30
0.0
 10
62.26171864186909
 20
-12.20867618177257
 30
0.0
 10
61.56060670267399
 20
-12.2812611421591
 30
0.0
 10
60.26462438659789
 20
-12.36932507083255
 30
0.0
 10
58.5041865296752
 20
-12.45756882731541
 30
0.0
 10
56.41384369437269
 20
-12.55368213628327
 30
0.0
 10
54.35304171957219
 20
-12.6609935972678
 30
0.0
 10
52.9123921400834
 20
-12.76170312918201
 30
0.0
 10
52.8738513746373
 20
-12.82862958208586
 30
0.0
 10
52.8574327459736
 20
-12.85714070700217
 30
0.0
  0
SPLINE
  5
99F
330
817
100
AcDbEntity
  8
0
  6
Continuous
 62
     7
370
    25
100
AcDbSpline
210
0.0
220
0.0
230
1.0
 70
     8
 71
     3
 72
    15
 73
    11
 74
     0
 42
0.00000001
 43
0.00000001
 40
0.0
 40
0.0
 40
0.0
 40
0.0
 40
0.0593488532898758
 40
0.1844529552899389
 40
0.309525363689261
 40
0.4346191649130248
 40
0.5596925567375682
 40
0.7211508812425389
 40
0.8812083755713853
 40
1.0
 40
1.0
 40
1.0
 40
1.0
 10
62.150467380965
 20
-13.56227741034666
 30
0.0
 10
62.17754935710029
 20
-13.57627708328301
 30
0.0
 10
62.26171864186909
 20
-13.61978729288371
 30
0.0
 10
61.56060670267399
 20
-13.69237225327024
 30
0.0
 10
60.26462438659789
 20
-13.78043618194369
 30
0.0
 10
58.5041865296752
 20
-13.86867993842655
 30
0.0
 10
56.41384369437269
 20
-13.96479324739441
 30
0.0
 10
54.35304171957219
 20
-14.07210470837894
 30
0.0
 10
52.9123921400834
 20
-14.17281424029315
 30
0.0
 10
52.8738513746373
 20
-14.239740693197
 30
0.0
 10
52.8574327459736
 20
-14.26825181811331
 30
0.0
  0
SPLINE
  5
9A0
330
817
100
AcDbEntity
  8
0
  6
Continuous
 62
     7
370
    25
100
AcDbSpline
210
0.0
220
0.0
230
1.0
 70
     8
 71
     3
 72
    15
 73
    11
 74
     0
 42
0.00000001
 43
0.00000001
 40
0.0
 40
0.0
 40
0.0
 40
0.0
 40
0.0593488532898758
 40
0.1844529552899389
 40
0.309525363689261
 40
0.4346191649130248
 40
0.5596925567375682
 40
0.7211508812425389
 40
0.8812083755713853
 40
1.0
 40
1.0
 40
1.0
 40
1.0
 10
62.150467380965
 20
-14.97338852145769
 30
0.0
 10
62.17754935710029
 20
-14.98738819439404
 30
0.0
 10
62.26171864186909
 20
-15.03089840399485
 30
0.0
 10
61.56060670267399
 20
-15.10348336438139
 30
0.0
 10
60.26462438659789
 20
-15.19154729305472
 30
0.0
 10
58.5041865296752
 20
-15.27979104953769
 30
0.0
 10
56.41384369437269
 20
-15.37590435850555
 30
0.0
 10
54.35304171957219
 20
-15.48321581949008
 30
0.0
 10
52.9123921400834
 20
-15.58392535140429
 30
0.0
 10
52.8738513746373
 20
-15.65085180430803
 30
0.0
 10
52.8574327459736
 20
-15.67936292922434
 30
0.0
  0
SPLINE
  5
9A1
330
817
100
AcDbEntity
  8
0
  6
Continuous
 62
     7
370
    25
100
AcDbSpline
210
0.0
220
0.0
230
1.0
 70
     8
 71
     3
 72
    15
 73
    11
 74
     0
 42
0.00000001
 43
0.00000001
 40
0.0
 40
0.0
 40
0.0
 40
0.0
 40
0.0593488532898758
 40
0.1844529552899389
 40
0.309525363689261
 40
0.4346191649130248
 40
0.5596925567375682
 40
0.7211508812425389
 40
0.8812083755713853
 40
1.0
 40
1.0
 40
1.0
 40
1.0
 10
62.150467380965
 20
-16.38449963256883
 30
0.0
 10
62.17754935710039
 20
-16.39849930550519
 30
0.0
 10
62.26171864186919
 20
-16.44200951510588
 30
0.0
 10
61.56060670267399
 20
-16.51459447549242
 30
0.0
 10
60.26462438659789
 20
-16.60265840416586
 30
0.0
 10
58.5041865296752
 20
-16.69090216064883
 30
0.0
 10
56.41384369437269
 20
-16.78701546961669
 30
0.0
 10
54.35304171957219
 20
-16.89432693060122
 30
0.0
 10
52.9123921400834
 20
-16.99503646251532
 30
0.0
 10
52.8738513746373
 20
-17.06196291541917
 30
0.0
 10
52.8574327459736
 20
-17.09047404033548
 30
0.0
  0
SPLINE
  5
9A2
330
817
100
AcDbEntity
  8
0
  6
Continuous
 62
     7
370
    25
100
AcDbSpline
210
0.0
220
0.0
230
1.0
 70
     8
 71
     3
 72
    15
 73
    11
 74
     0
 42
0.00000001
 43
0.00000001
 40
0.0
 40
0.0
 40
0.0
 40
0.0
 40
0.0593488532898758
 40
0.1844529552899389
 40
0.309525363689261
 40
0.4346191649130248
 40
0.5596925567375691
 40
0.7211508812425389
 40
0.8812083755713853
 40
1.0
 40
1.0
 40
1.0
 40
1.0
 10
62.150467380965
 20
-17.79561074367996
 30
0.0
 10
62.17754935710039
 20
-17.80961041661633
 30
0.0
 10
62.26171864186919
 20
-17.85312062621702
 30
0.0
 10
61.56060670267399
 20
-17.92570558660356
 30
0.0
 10
60.26462438659789
 20
-18.013769515277
 30
0.0
 10
58.5041865296752
 20
-18.10201327175986
 30
0.0
 10
56.41384369437269
 20
-18.19812658072772
 30
0.0
 10
54.35304171957219
 20
-18.30543804171225
 30
0.0
 10
52.9123921400833
 20
-18.40614757362646
 30
0.0
 10
52.8738513746373
 20
-18.47307402653031
 30
0.0
 10
52.8574327459736
 20
-18.50158515144662
 30
0.0
  0
SPLINE
  5
9A3
330
817
100
AcDbEntity
  8
0
  6
Continuous
 62
     7
370
    25
100
AcDbSpline
210
0.0
220
0.0
230
1.0
 70
     8
 71
     3
 72
    15
 73
    11
 74
     0
 42
0.00000001
 43
0.00000001
 40
0.0
 40
0.0
 40
0.0
 40
0.0
 40
0.0593488532898758
 40
0.1844529552899389
 40
0.309525363689261
 40
0.4346191649130248
 40
0.5596925567375691
 40
0.7211508812425389
 40
0.8812083755713853
 40
1.0
 40
1.0
 40
1.0
 40
1.0
 10
62.150467380965
 20
-19.2067218547911
 30
0.0
 10
62.17754935710039
 20
-19.22072152772747
 30
0.0
 10
62.26171864186919
 20
-19.26423173732816
 30
0.0
 10
61.56060670267399
 20
-19.3368166977147
 30
0.0
 10
60.26462438659789
 20
-19.42488062638803
 30
0.0
 10
58.5041865296752
 20
-19.513124382871
 30
0.0
 10
56.41384369437269
 20
-19.60923769183886
 30
0.0
 10
54.35304171957219
 20
-19.71654915282339
 30
0.0
 10
52.9123921400833
 20
-19.8172586847376
 30
0.0
 10
52.8738513746373
 20
-19.88418513764145
 30
0.0
 10
52.8574327459736
 20
-19.91269626255765
 30
0.0
  0
SPLINE
  5
9A4
330
817
100
AcDbEntity
  8
0
  6
Continuous
 62
     7
370
    25
100
AcDbSpline
210
0.0
220
0.0
230
1.0
 70
     8
 71
     3
 72
    15
 73
    11
 74
     0
 42
0.00000001
 43
0.00000001
 40
0.0
 40
0.0
 40
0.0
 40
0.0
 40
0.0593488532898758
 40
0.1844529552899389
 40
0.309525363689261
 40
0.4346191649130248
 40
0.5596925567375682
 40
0.7211508812425389
 40
0.8812083755713853
 40
1.0
 40
1.0
 40
1.0
 40
1.0
 10
62.150467380965
 20
-20.61783296590214
 30
0.0
 10
62.17754935710039
 20
-20.6318326388385
 30
0.0
 10
62.26171864186919
 20
-20.6753428484393
 30
0.0
 10
61.56060670267399
 20
-20.74792780882572
 30
0.0
 10
60.26462438659789
 20
-20.83599173749917
 30
0.0
 10
58.5041865296752
 20
-20.92423549398214
 30
0.0
 10
56.41384369437269
 20
-21.02034880295
 30
0.0
 10
54.35304171957219
 20
-21.12766026393453
 30
0.0
 10
52.9123921400834
 20
-21.22836979584874
 30
0.0
 10
52.8738513746373
 20
-21.29529624875248
 30
0.0
 10
52.8574327459736
 20
-21.32380737366879
 30
0.0
  0
SPLINE
  5
9A5
330
817
100
AcDbEntity
  8
0
  6
Continuous
 62
     7
370
    25
100
AcDbSpline
210
0.0
220
0.0
230
1.0
 70
     8
 71
     3
 72
    15
 73
    11
 74
     0
 42
0.00000001
 43
0.00000001
 40
0.0
 40
0.0
 40
0.0
 40
0.0
 40
0.0593488532898758
 40
0.1844529552899389
 40
0.309525363689261
 40
0.4346191649130248
 40
0.5596925567375682
 40
0.7211508812425389
 40
0.8812083755713853
 40
1.0
 40
1.0
 40
1.0
 40
1.0
 10
62.150467380965
 20
-22.02894407701328
 30
0.0
 10
62.17754935710039
 20
-22.04294374994964
 30
0.0
 10
62.26171864186919
 20
-22.08645395955033
 30
0.0
 10
61.56060670267399
 20
-22.15903891993687
 30
0.0
 10
60.26462438659789
 20
-22.24710284861031
 30
0.0
 10
58.5041865296752
 20
-22.33534660509328
 30
0.0
 10
56.41384369437269
 20
-22.43145991406114
 30
0.0
 10
54.35304171957219
 20
-22.53877137504567
 30
0.0
 10
52.9123921400834
 20
-22.63948090695977
 30
0.0
 10
52.8738513746373
 20
-22.70640735986362
 30
0.0
 10
52.8574327459736
 20
-22.73491848477993
 30
0.0
  0
SPLINE
  5
9A6
330
817
100
AcDbEntity
  8
0
  6
Continuous
 62
     7
370
    25
100
AcDbSpline
210
0.0
220
0.0
230
1.0
 70
     8
 71
     3
 72
    15
 73
    11
 74
     0
 42
0.00000001
 43
0.00000001
 40
0.0
 40
0.0
 40
0.0
 40
0.0
 40
0.0593488532898758
 40
0.1844529552899389
 40
0.309525363689261
 40
0.4346191649130248
 40
0.5596925567375682
 40
0.7211508812425389
 40
0.8812083755713853
 40
1.0
 40
1.0
 40
1.0
 40
1.0
 10
62.150467380965
 20
-23.44005518812442
 30
0.0
 10
62.17754935710039
 20
-23.45405486106078
 30
0.0
 10
62.26171864186919
 20
-23.49756507066147
 30
0.0
 10
61.56060670267399
 20
-23.57015003104801
 30
0.0
 10
60.26462438659789
 20
-23.65821395972145
 30
0.0
 10
58.5041865296752
 20
-23.74645771620431
 30
0.0
 10
56.41384369437269
 20
-23.84257102517218
 30
0.0
 10
54.35304171957219
 20
-23.9498824861567
 30
0.0
 10
52.9123921400834
 20
-24.05059201807091
 30
0.0
 10
52.8738513746373
 20
-24.11751847097476
 30
0.0
 10
52.8574327459736
 20
-24.14602959589107
 30
0.0
  0
SPLINE
  5
9A7
330
817
100
AcDbEntity
  8
0
  6
Continuous
 62
     7
370
    25
100
AcDbSpline
210
0.0
220
0.0
230
1.0
 70
     8
 71
     3
 72
    15
 73
    11
 74
     0
 42
0.00000001
 43
0.00000001
 40
0.0
 40
0.0
 40
0.0
 40
0.0
 40
0.0593488532898758
 40
0.1844529552899389
 40
0.309525363689261
 40
0.4346191649130248
 40
0.5596925567375682
 40
0.7211508812425389
 40
0.8812083755713853
 40
1.0
 40
1.0
 40
1.0
 40
1.0
 10
62.150467380965
 20
-24.85116629923556
 30
0.0
 10
62.17754935710039
 20
-24.86516597217192
 30
0.0
 10
62.26171864186919
 20
-24.90867618177261
 30
0.0
 10
61.56060670267399
 20
-24.98126114215915
 30
0.0
 10
60.26462438659789
 20
-25.06932507083248
 30
0.0
 10
58.5041865296752
 20
-25.15756882731545
 30
0.0
 10
56.41384369437269
 20
-25.25368213628332
 30
0.0
 10
54.35304171957219
 20
-25.36099359726784
 30
0.0
 10
52.9123921400834
 20
-25.46170312918205
 30
0.0
 10
52.8738513746373
 20
-25.5286295820859
 30
0.0
 10
52.8574327459736
 20
-25.5571407070021
 30
0.0
  0
SPLINE
  5
9A8
330
817
100
AcDbEntity
  8
0
  6
Continuous
 62
     7
370
    25
100
AcDbSpline
210
0.0
220
0.0
230
1.0
 70
     8
 71
     3
 72
    15
 73
    11
 74
     0
 42
0.00000001
 43
0.00000001
 40
0.0
 40
0.0
 40
0.0
 40
0.0
 40
0.0593488532898758
 40
0.1844529552899389
 40
0.309525363689261
 40
0.4346191649130248
 40
0.5596925567375682
 40
0.7211508812425389
 40
0.8812083755713853
 40
1.0
 40
1.0
 40
1.0
 40
1.0
 10
62.150467380965
 20
-26.26227741034659
 30
0.0
 10
62.17754935710039
 20
-26.27627708328295
 30
0.0
 10
62.26171864186919
 20
-26.31978729288375
 30
0.0
 10
61.56060670267399
 20
-26.39237225327018
 30
0.0
 10
60.26462438659789
 20
-26.48043618194362
 30
0.0
 10
58.5041865296752
 20
-26.5686799384266
 30
0.0
 10
56.41384369437269
 20
-26.66479324739446
 30
0.0
 10
54.35304171957219
 20
-26.77210470837898
 30
0.0
 10
52.9123921400834
 20
-26.87281424029319
 30
0.0
 10
52.8738513746373
 20
-26.93974069319693
 30
0.0
 10
52.8574327459736
 20
-26.96825181811324
 30
0.0
  0
SPLINE
  5
9A9
330
817
100
AcDbEntity
  8
0
  6
Continuous
 62
     7
370
    25
100
AcDbSpline
210
0.0
220
0.0
230
1.0
 70
     8
 71
     3
 72
    15
 73
    11
 74
     0
 42
0.00000001
 43
0.00000001
 40
0.0
 40
0.0
 40
0.0
 40
0.0
 40
0.0593488532898758
 40
0.1844529552899389
 40
0.309525363689261
 40
0.4346191649130248
 40
0.5596925567375682
 40
0.7211508812425389
 40
0.8812083755713853
 40
1.0
 40
1.0
 40
1.0
 40
1.0
 10
62.150467380965
 20
-27.67338852145773
 30
0.0
 10
62.17754935710039
 20
-27.68738819439409
 30
0.0
 10
62.26171864186919
 20
-27.73089840399479
 30
0.0
 10
61.56060670267399
 20
-27.80348336438132
 30
0.0
 10
60.26462438659789
 20
-27.89154729305476
 30
0.0
 10
58.5041865296752
 20
-27.97979104953762
 30
0.0
 10
56.41384369437269
 20
-28.0759043585056
 30
0.0
 10
54.35304171957219
 20
-28.18321581949012
 30
0.0
 10
52.9123921400834
 20
-28.28392535140422
 30
0.0
 10
52.8738513746373
 20
-28.35085180430807
 30
0.0
 10
52.8574327459736
 20
-28.37936292922438
 30
0.0
  0
SPLINE
  5
9AA
330
817
100
AcDbEntity
  8
0
  6
Continuous
 62
     7
370
    25
100
AcDbSpline
210
0.0
220
0.0
230
1.0
 70
     8
 71
     3
 72
    15
 73
    11
 74
     0
 42
0.00000001
 43
0.00000001
 40
0.0
 40
0.0
 40
0.0
 40
0.0
 40
0.0593488532898758
 40
0.1844529552899389
 40
0.309525363689261
 40
0.4346191649130248
 40
0.5596925567375682
 40
0.7211508812425389
 40
0.8812083755713853
 40
1.0
 40
1.0
 40
1.0
 40
1.0
 10
62.150467380965
 20
-29.08449963256887
 30
0.0
 10
62.17754935710039
 20
-29.09849930550523
 30
0.0
 10
62.26171864186919
 20
-29.14200951510593
 30
0.0
 10
61.56060670267399
 20
-29.21459447549246
 30
0.0
 10
60.26462438659789
 20
-29.3026584041659
 30
0.0
 10
58.5041865296752
 20
-29.39090216064877
 30
0.0
 10
56.41384369437269
 20
-29.48701546961663
 30
0.0
 10
54.35304171957219
 20
-29.59432693060116
 30
0.0
 10
52.9123921400834
 20
-29.69503646251536
 30
0.0
 10
52.8738513746373
 20
-29.76196291541921
 30
0.0
 10
52.8574327459736
 20
-29.79047404033552
 30
0.0
  0
SPLINE
  5
9AB
330
817
100
AcDbEntity
  8
0
  6
Continuous
 62
     7
370
    25
100
AcDbSpline
210
0.0
220
0.0
230
1.0
 70
     8
 71
     3
 72
    15
 73
    11
 74
     0
 42
0.00000001
 43
0.00000001
 40
0.0
 40
0.0
 40
0.0
 40
0.0
 40
0.0593488532898758
 40
0.1844529552899389
 40
0.309525363689261
 40
0.4346191649130248
 40
0.5596925567375682
 40
0.7211508812425389
 40
0.8812083755713853
 40
1.0
 40
1.0
 40
1.0
 40
1.0
 10
62.150467380965
 20
-30.49561074368001
 30
0.0
 10
62.17754935710039
 20
-30.50961041661637
 30
0.0
 10
62.26171864186919
 20
-30.55312062621707
 30
0.0
 10
61.56060670267399
 20
-30.6257055866036
 30
0.0
 10
60.26462438659789
 20
-30.71376951527693
 30
0.0
 10
58.5041865296752
 20
-30.80201327175991
 30
0.0
 10
56.41384369437269
 20
-30.89812658072777
 30
0.0
 10
54.35304171957219
 20
-31.0054380417123
 30
0.0
 10
52.9123921400834
 20
-31.10614757362651
 30
0.0
 10
52.8738513746373
 20
-31.17307402653035
 30
0.0
 10
52.8574327459736
 20
-31.20158515144655
 30
0.0
  0
SPLINE
  5
9AC
330
817
100
AcDbEntity
  8
0
  6
Continuous
 62
     7
370
    25
100
AcDbSpline
210
0.0
220
0.0
230
1.0
 70
     8
 71
     3
 72
    15
 73
    11
 74
     0
 42
0.00000001
 43
0.00000001
 40
0.0
 40
0.0
 40
0.0
 40
0.0
 40
0.0593488532898758
 40
0.1844529552899389
 40
0.309525363689261
 40
0.4346191649130248
 40
0.5596925567375682
 40
0.7211508812425389
 40
0.8812083755713853
 40
1.0
 40
1.0
 40
1.0
 40
1.0
 10
62.150467380965
 20
-31.90672185479104
 30
0.0
 10
62.17754935710039
 20
-31.9207215277274
 30
0.0
 10
62.26171864186919
 20
-31.9642317373282
 30
0.0
 10
61.56060670267399
 20
-32.03681669771463
 30
0.0
 10
60.26462438659789
 20
-32.12488062638807
 30
0.0
 10
58.5041865296752
 20
-32.21312438287105
 30
0.0
 10
56.41384369437269
 20
-32.30923769183891
 30
0.0
 10
54.35304171957219
 20
-32.41654915282343
 30
0.0
 10
52.9123921400834
 20
-32.51725868473765
 30
0.0
 10
52.8738513746373
 20
-32.58418513764138
 30
0.0
 10
52.8574327459736
 20
-32.61269626255769
 30
0.0
  0
SPLINE
  5
9AD
330
817
100
AcDbEntity
  8
0
  6
Continuous
 62
     7
370
    25
100
AcDbSpline
210
0.0
220
0.0
230
1.0
 70
     8
 71
     3
 72
    15
 73
    11
 74
     0
 42
0.00000001
 43
0.00000001
 40
0.0
 40
0.0
 40
0.0
 40
0.0
 40
0.0593488532898758
 40
0.1844529552899389
 40
0.309525363689261
 40
0.4346191649130247
 40
0.5596925567375681
 40
0.7211508812425388
 40
0.8812083755713851
 40
1.0
 40
1.0
 40
1.0
 40
1.0
 10
62.150467380965
 20
-33.31783296590218
 30
0.0
 10
62.17754935710039
 20
-33.33183263883854
 30
0.0
 10
62.26171864186919
 20
-33.37534284843923
 30
0.0
 10
61.56060670267399
 20
-33.44792780882577
 30
0.0
 10
60.26462438659789
 20
-33.53599173749922
 30
0.0
 10
58.5041865296752
 20
-33.62423549398208
 30
0.0
 10
56.41384369437269
 20
-33.72034880295005
 30
0.0
 10
54.35304171957229
 20
-33.82766026393457
 30
0.0
 10
52.9123921400834
 20
-33.92836979584867
 30
0.0
 10
52.8738513746372
 20
-33.99529624875252
 30
0.0
 10
52.8574327459736
 20
-34.02380737366883
 30
0.0
  0
SPLINE
  5
9AE
330
817
100
AcDbEntity
  8
0
  6
Continuous
 62
     7
370
    25
100
AcDbSpline
210
0.0
220
0.0
230
1.0
 70
     8
 71
     3
 72
    15
 73
    11
 74
     0
 42
0.00000001
 43
0.00000001
 40
0.0
 40
0.0
 40
0.0
 40
0.0
 40
0.0142808212376363
 40
0.1406150403067099
 40
0.269583118901262
 40
0.437936606731834
 40
0.6082528950617742
 40
0.7776804472215899
 40
0.9108838683334772
 40
1.0
 40
1.0
 40
1.0
 40
1.0
 10
62.22255955822139
 20
13.60070526791679
 30
0.0
 10
62.23576843770469
 20
13.59762290872069
 30
0.0
 10
62.365828683544
 20
13.56727268898306
 30
0.0
 10
61.93285161577269
 20
13.51443074460557
 30
0.0
 10
60.95102722580259
 20
13.42013213822063
 30
0.0
 10
59.1126519944894
 20
13.32544624121773
 30
0.0
 10
56.77449147377989
 20
13.21500480218674
 30
0.0
 10
54.7727849561698
 20
13.11519496052916
 30
0.0
 10
53.48195018359229
 20
13.0336611667809
 30
0.0
 10
53.17133040604089
 20
12.98639358185377
 30
0.0
 10
53.04681939183389
 20
12.96744651098536
 30
0.0
  0
SPLINE
  5
9AF
330
817
100
AcDbEntity
  8
0
  6
Continuous
 62
     7
370
    25
100
AcDbSpline
210
0.0
220
0.0
230
1.0
 70
     8
 71
     3
 72
    12
 73
     8
 74
     0
 42
0.00000001
 43
0.00000001
 40
0.0
 40
0.0
 40
0.0
 40
0.0
 40
0.0284130412535153
 40
0.2797668897759106
 40
0.536361050329953
 40
0.8713161985882879
 40
1.0
 40
1.0
 40
1.0
 40
1.0
 10
62.22255955822139
 20
12.18959415680565
 30
0.0
 10
62.23576696759619
 20
12.18651175905117
 30
0.0
 10
62.3658127381224
 20
12.15616115965113
 30
0.0
 10
61.9336276824847
 20
12.10333998837721
 30
0.0
 10
60.94784113296909
 20
12.00893746142473
 30
0.0
 10
59.53959698994589
 20
11.93603024122836
 30
0.0
 10
58.49504274180769
 20
11.88591075191925
 30
0.0
 10
58.2051248832523
 20
11.87199999999966
 30
0.0
  0
SPLINE
  5
9B0
330
817
100
AcDbEntity
  8
0
  6
Continuous
 62
     7
370
    25
100
AcDbSpline
210
0.0
220
0.0
230
1.0
 70
     8
 71
     3
 72
    15
 73
    11
 74
     0
 42
0.00000001
 43
0.00000001
 40
0.0
 40
0.0
 40
0.0
 40
0.0
 40
0.01428056514593
 40
0.1406125187188408
 40
0.269578284585382
 40
0.4379287534066676
 40
0.6082419875292785
 40
0.7776665014190832
 40
0.9108675338524191
 40
1.0
 40
1.0
 40
1.0
 40
1.0
 10
62.22255955822139
 20
-3.332628065416563
 30
0.0
 10
62.23576843773819
 20
-3.335710424612779
 30
0.0
 10
62.36582868390809
 20
-3.366060644351185
 30
0.0
 10
61.93285159804189
 20
-3.418902588685932
 30
0.0
 10
60.95102729859539
 20
-3.51320119528464
 30
0.0
 10
59.11265162905289
 20
-3.607887091252591
 30
0.0
 10
56.77449283969329
 20
-3.718328534372592
 30
0.0
 10
54.7727803507308
 20
-3.818138361927235
 30
0.0
 10
53.48190245202559
 20
-3.899675925725263
 30
0.0
 10
53.1712640673924
 20
-3.946947338610227
 30
0.0
 10
53.0467305828784
 20
-3.96589822831239
 30
0.0
  0
SPLINE
  5
9B1
330
817
100
AcDbEntity
  8
0
  6
Continuous
 62
     7
370
    25
100
AcDbSpline
210
0.0
220
0.0
230
1.0
 70
     8
 71
     3
 72
    15
 73
    11
 74
     0
 42
0.00000001
 43
0.00000001
 40
0.0
 40
0.0
 40
0.0
 40
0.0
 40
0.014280543807668
 40
0.1406123086132367
 40
0.2695778817769489
 40
0.4379280990461161
 40
0.6082410786838115
 40
0.7776653394166415
 40
0.9108661728187415
 40
0.9999999999999999
 40
0.9999999999999999
 40
0.9999999999999999
 40
0.9999999999999999
 10
62.22255955822139
 20
-4.743739176527704
 30
0.0
 10
62.235768437741
 20
-4.746821535723808
 30
0.0
 10
62.36582868393849
 20
-4.777171755462326
 30
0.0
 10
61.93285159656469
 20
-4.83001369979352
 30
0.0
 10
60.9510273046603
 20
-4.924312306410103
 30
0.0
 10
59.11265159860599
 20
-5.018998202291789
 30
0.0
 10
56.77449295349639
 20
-5.129439645752407
 30
0.0
 10
54.77277996702169
 20
-5.229249472132211
 30
0.0
 10
53.48189847480049
 20
-5.310787350067068
 30
0.0
 10
53.17125853974049
 20
-5.35805908191411
 30
0.0
 10
53.0467231829294
 20
-5.377010289818183
 30
0.0
  0
SPLINE
  5
9B2
330
817
100
AcDbEntity
  8
0
  6
Continuous
 62
     7
370
    25
100
AcDbSpline
210
0.0
220
0.0
230
1.0
 70
     8
 71
     3
 72
    15
 73
    11
 74
     0
 42
0.00000001
 43
0.00000001
 40
0.0
 40
0.0
 40
0.0
 40
0.0
 40
0.0142805224698253
 40
0.140612098511761
 40
0.2695774789764306
 40
0.4379274446984222
 40
0.6082401698562024
 40
0.7776641774370321
 40
0.9108648118118069
 40
1.0
 40
1.0
 40
1.0
 40
1.0
 10
62.22255955822139
 20
-6.154850287638844
 30
0.0
 10
62.2357684377439
 20
-6.157932646834949
 30
0.0
 10
62.365828683969
 20
-6.188282866573577
 30
0.0
 10
61.9328515950873
 20
-6.241124810901107
 30
0.0
 10
60.951027310725
 20
-6.335423417535455
 30
0.0
 10
59.11265156815999
 20
-6.430109313330987
 30
0.0
 10
56.77449306729599
 20
-6.540550757132332
 30
0.0
 10
54.77277958332459
 20
-6.640360582337077
 30
0.0
 10
53.481894497638
 20
-6.721898774403543
 30
0.0
 10
53.17125301217659
 20
-6.769170825207335
 30
0.0
 10
53.04671578310359
 20
-6.788122351308099
 30
0.0
  0
SPLINE
  5
9B3
330
817
100
AcDbEntity
  8
0
  6
Continuous
 62
     7
370
    25
100
AcDbSpline
210
0.0
220
0.0
230
1.0
 70
     8
 71
     3
 72
    15
 73
    11
 74
     0
 42
0.00000001
 43
0.00000001
 40
0.0
 40
0.0
 40
0.0
 40
0.0
 40
0.0142805011324021
 40
0.140611888414416
 40
0.2695770761838319
 40
0.4379267903635934
 40
0.608239261046462
 40
0.7776630154802685
 40
0.9108634508316312
 40
1.0
 40
1.0
 40
1.0
 40
1.0
 10
62.22255955822139
 20
-7.565961398749874
 30
0.0
 10
62.2357684377466
 20
-7.56904375794609
 30
0.0
 10
62.3658286839993
 20
-7.599393977684717
 30
0.0
 10
61.9328515936101
 20
-7.652235922008808
 30
0.0
 10
60.95102731678949
 20
-7.746534528660917
 30
0.0
 10
59.112651537715
 20
-7.841220424370185
 30
0.0
 10
56.7744931810921
 20
-7.951661868512259
 30
0.0
 10
54.77277919963929
 20
-8.051471692542053
 30
0.0
 10
53.4818905205384
 20
-8.1330101987348
 30
0.0
 10
53.1712474847008
 20
-8.180282568490124
 30
0.0
 10
53.0467083834012
 20
-8.19923441278225
 30
0.0
  0
SPLINE
  5
9B4
330
817
100
AcDbEntity
  8
0
  6
Continuous
 62
     7
370
    25
100
AcDbSpline
210
0.0
220
0.0
230
1.0
 70
     8
 71
     3
 72
    15
 73
    11
 74
     0
 42
0.00000001
 43
0.00000001
 40
0.0
 40
0.0
 40
0.0
 40
0.0
 40
0.0142804797953989
 40
0.1406116783212071
 40
0.2695766733991624
 40
0.4379261360416459
 40
0.6082383522546123
 40
0.7776618535463791
 40
0.9108620898782477
 40
1.0
 40
1.0
 40
1.0
 40
1.0
 10
62.22255955822139
 20
-8.977072509861015
 30
0.0
 10
62.2357684377495
 20
-8.98015486905723
 30
0.0
 10
62.36582868402969
 20
-9.01050508879586
 30
0.0
 10
61.93285159213299
 20
-9.063347033116397
 30
0.0
 10
60.95102732285379
 20
-9.15764563978638
 30
0.0
 10
59.1126515072709
 20
-9.252331535409384
 30
0.0
 10
56.77449329488459
 20
-9.362772979892073
 30
0.0
 10
54.77277881596599
 20
-9.462582802747031
 30
0.0
 10
53.48188654350159
 20
-9.544121623060729
 30
0.0
 10
53.1712419573131
 20
-9.591394311762256
 30
0.0
 10
53.04670098382229
 20
-9.610346474240416
 30
0.0
  0
SPLINE
  5
9B5
330
817
100
AcDbEntity
  8
0
  6
Continuous
 62
     7
370
    25
100
AcDbSpline
210
0.0
220
0.0
230
1.0
 70
     8
 71
     3
 72
    15
 73
    11
 74
     0
 42
0.00000001
 43
0.00000001
 40
0.0
 40
0.0
 40
0.0
 40
0.0
 40
0.0142804584588162
 40
0.1406114682321347
 40
0.2695762706224231
 40
0.4379254817325807
 40
0.6082374434806547
 40
0.7776606916353652
 40
0.9108607289516579
 40
1.0
 40
1.0
 40
1.0
 40
1.0
 10
62.22255955822139
 20
-10.38818362097216
 30
0.0
 10
62.2357684377523
 20
-10.39126598016837
 30
0.0
 10
62.36582868405989
 20
-10.42161619990711
 30
0.0
 10
61.9328515906559
 20
-10.47445814422398
 30
0.0
 10
60.95102732891779
 20
-10.56875675091184
 30
0.0
 10
59.11265147682779
 20
-10.66344264644858
 30
0.0
 10
56.77449340867359
 20
-10.77388409127189
 30
0.0
 10
54.77277843230469
 20
-10.87369391295201
 30
0.0
 10
53.48188256652759
 20
-10.95523304738155
 30
0.0
 10
53.17123643001369
 20
-11.00250605502384
 30
0.0
 10
53.04669358436719
 20
-11.02145853568281
 30
0.0
  0
SPLINE
  5
9B6
330
817
100
AcDbEntity
  8
0
  6
Continuous
 62
     7
370
    25
100
AcDbSpline
210
0.0
220
0.0
230
1.0
 70
     8
 71
     3
 72
    15
 73
    11
 74
     0
 42
0.00000001
 43
0.00000001
 40
0.0
 40
0.0
 40
0.0
 40
0.0
 40
0.0142804371226537
 40
0.1406112581472069
 40
0.2695758678536304
 40
0.437924827436425
 40
0.6082365347246277
 40
0.7776595297472771
 40
0.9108593680519208
 40
1.0
 40
1.0
 40
1.0
 40
1.0
 10
62.22255955822139
 20
-11.7992947320833
 30
0.0
 10
62.2357684377551
 20
-11.8023770912794
 30
0.0
 10
62.36582868409039
 20
-11.83272731101825
 30
0.0
 10
61.9328515891789
 20
-11.88556925533168
 30
0.0
 10
60.95102733498169
 20
-11.9798678620372
 30
0.0
 10
59.1126514463856
 20
-12.07455375748778
 30
0.0
 10
56.774493522459
 20
-12.18499520265181
 30
0.0
 10
54.7727780486553
 20
-12.28480502315698
 30
0.0
 10
53.4818785896168
 20
-12.36634447169704
 30
0.0
 10
53.17123090280279
 20
-12.41361779827488
 30
0.0
 10
53.0466861850357
 20
-12.43257059710923
 30
0.0
  0
SPLINE
  5
9B7
330
817
100
AcDbEntity
  8
0
  6
Continuous
 62
     7
370
    25
100
AcDbSpline
210
0.0
220
0.0
230
1.0
 70
     8
 71
     3
 72
    15
 73
    11
 74
     0
 42
0.00000001
 43
0.00000001
 40
0.0
 40
0.0
 40
0.0
 40
0.0
 40
0.0142804157869127
 40
0.1406110480664256
 40
0.269575465092787
 40
0.4379241731531828
 40
0.6082356259865359
 40
0.7776583678821198
 40
0.9108580071790421
 40
1.0
 40
1.0
 40
1.0
 40
1.0
 10
62.22255955822139
 20
-13.21040584319433
 30
0.0
 10
62.2357684377578
 20
-13.21348820239054
 30
0.0
 10
62.3658286841206
 20
-13.24383842212939
 30
0.0
 10
61.93285158770199
 20
-13.29668036643927
 30
0.0
 10
60.95102734104529
 20
-13.39097897316266
 30
0.0
 10
59.1126514159445
 20
-13.48566486852709
 30
0.0
 10
56.77449363624089
 20
-13.59610631403163
 30
0.0
 10
54.7727776650179
 20
-13.69591613336207
 30
0.0
 10
53.48187461276889
 20
-13.77745589600732
 30
0.0
 10
53.17122537568019
 20
-13.82472954151525
 30
0.0
 10
53.04667878582829
 20
-13.84368265851965
 30
0.0
  0
SPLINE
  5
9B8
330
817
100
AcDbEntity
  8
0
  6
Continuous
 62
     7
370
    25
100
AcDbSpline
210
0.0
220
0.0
230
1.0
 70
     8
 71
     3
 72
    15
 73
    11
 74
     0
 42
0.00000001
 43
0.00000001
 40
0.0
 40
0.0
 40
0.0
 40
0.0
 40
0.014280394451593
 40
0.1406108379897927
 40
0.2695750623398964
 40
0.43792351888286
 40
0.6082347172663881
 40
0.7776572060399047
 40
0.9108566463330351
 40
1.0
 40
1.0
 40
1.0
 40
1.0
 10
62.22255955822139
 20
-14.62151695430547
 30
0.0
 10
62.2357684377606
 20
-14.62459931350168
 30
0.0
 10
62.365828684151
 20
-14.65494953324064
 30
0.0
 10
61.932851586225
 20
-14.70779147754686
 30
0.0
 10
60.95102734710889
 20
-14.80209008428812
 30
0.0
 10
59.11265138550429
 20
-14.89677597956629
 30
0.0
 10
56.77449375001919
 20
-15.00721742541144
 30
0.0
 10
54.77277728139259
 20
-15.10702724356716
 30
0.0
 10
53.48187063598409
 20
-15.18856732031237
 30
0.0
 10
53.17121984864619
 20
-15.23584128474509
 30
0.0
 10
53.04667138674489
 20
-15.25479471991431
 30
0.0
  0
SPLINE
  5
9B9
330
817
100
AcDbEntity
  8
0
  6
Continuous
 62
     7
370
    25
100
AcDbSpline
210
0.0
220
0.0
230
1.0
 70
     8
 71
     3
 72
    15
 73
    11
 74
     0
 42
0.00000001
 43
0.00000001
 40
0.0
 40
0.0
 40
0.0
 40
0.0
 40
0.0142803731166951
 40
0.1406106279173132
 40
0.269574659594969
 40
0.4379228646254732
 40
0.6082338085642073
 40
0.7776560442206613
 40
0.9108552855139345
 40
0.9999999999999999
 40
0.9999999999999999
 40
0.9999999999999999
 40
0.9999999999999999
 10
62.22255955822139
 20
-16.03262806541661
 30
0.0
 10
62.2357684377634
 20
-16.03571042461282
 30
0.0
 10
62.3658286841813
 20
-16.06606064435179
 30
0.0
 10
61.93285158474809
 20
-16.11890258865456
 30
0.0
 10
60.95102735317219
 20
-16.21320119541347
 30
0.0
 10
59.1126513550649
 20
-16.30788709060549
 30
0.0
 10
56.77449386379389
 20
-16.41832853679126
 30
0.0
 10
54.7727768977792
 20
-16.51813835377225
 30
0.0
 10
53.48186665926259
 20
-16.5996787446121
 30
0.0
 10
53.17121432170089
 20
-16.64695302796426
 30
0.0
 10
53.04666398778559
 20
-16.66590678129287
 30
0.0
  0
SPLINE
  5
9BA
330
817
100
AcDbEntity
  8
0
  6
Continuous
 62
     7
370
    25
100
AcDbSpline
210
0.0
220
0.0
230
1.0
 70
     8
 71
     3
 72
    15
 73
    11
 74
     0
 42
0.00000001
 43
0.00000001
 40
0.0
 40
0.0
 40
0.0
 40
0.0
 40
0.0142803517822195
 40
0.1406104178489918
 40
0.2695742568580133
 40
0.4379222103810365
 40
0.6082328998800128
 40
0.7776548824244152
 40
0.91085392472177
 40
1.0
 40
1.0
 40
1.0
 40
1.0
 10
62.22255955822139
 20
-17.44373917652764
 30
0.0
 10
62.2357684377662
 20
-17.44682153572396
 30
0.0
 10
62.36582868421159
 20
-17.47717175546304
 30
0.0
 10
61.9328515832713
 20
-17.53001369976215
 30
0.0
 10
60.9510273592354
 20
-17.62431230653893
 30
0.0
 10
59.1126513246265
 20
-17.71899820164468
 30
0.0
 10
56.7744939775651
 20
-17.82943964817107
 30
0.0
 10
54.77277651417779
 20
-17.92924946397744
 30
0.0
 10
53.48186268260429
 20
-18.01079016890661
 30
0.0
 10
53.17120879484429
 20
-18.05806477117277
 30
0.0
 10
53.0466565889507
 20
-18.07701884265555
 30
0.0
  0
SPLINE
  5
9BB
330
817
100
AcDbEntity
  8
0
  6
Continuous
 62
     7
370
    25
100
AcDbSpline
210
0.0
220
0.0
230
1.0
 70
     8
 71
     3
 72
    15
 73
    11
 74
     0
 42
0.00000001
 43
0.00000001
 40
0.0
 40
0.0
 40
0.0
 40
0.0
 40
0.0142803304481665
 40
0.140610207784832
 40
0.2695738541290344
 40
0.4379215561495584
 40
0.6082319912138169
 40
0.7776537206511802
 40
0.9108525639565584
 40
1.0
 40
1.0
 40
1.0
 40
1.0
 10
62.22255955822139
 20
-18.85485028763878
 30
0.0
 10
62.235768437769
 20
-18.857932646835
 30
0.0
 10
62.36582868424209
 20
-18.88828286657418
 30
0.0
 10
61.9328515817943
 20
-18.94112481086973
 30
0.0
 10
60.9510273652984
 20
-19.0354234176644
 30
0.0
 10
59.11265129418919
 20
-19.13010931268388
 30
0.0
 10
56.7744940913328
 20
-19.24055075955089
 30
0.0
 10
54.7727761305884
 20
-19.34036057418253
 30
0.0
 10
53.48185870600929
 20
-19.42190159319579
 30
0.0
 10
53.1712032680766
 20
-19.46917651437074
 30
0.0
 10
53.04664919024019
 20
-19.48813090400225
 30
0.0
  0
SPLINE
  5
9BC
330
817
100
AcDbEntity
  8
0
  6
Continuous
 62
     7
370
    25
100
AcDbSpline
210
0.0
220
0.0
230
1.0
 70
     8
 71
     3
 72
    15
 73
    11
 74
     0
 42
0.00000001
 43
0.00000001
 40
0.0
 40
0.0
 40
0.0
 40
0.0
 40
0.0142803091145366
 40
0.1406099977248375
 40
0.2695734514080427
 40
0.4379209019310552
 40
0.6082310825656416
 40
0.7776525589009855
 40
0.9108512032183333
 40
1.0
 40
1.0
 40
1.0
 40
1.0
 10
62.22255955822139
 20
-20.26596139874992
 30
0.0
 10
62.2357684377718
 20
-20.26904375794614
 30
0.0
 10
62.36582868427229
 20
-20.29939397768543
 30
0.0
 10
61.93285158031769
 20
-20.35223592197732
 30
0.0
 10
60.95102737136109
 20
-20.44653452878986
 30
0.0
 10
59.1126512637527
 20
-20.54122042372319
 30
0.0
 10
56.7744942050968
 20
-20.6516618709307
 30
0.0
 10
54.772775747011
 20
-20.75147168438773
 30
0.0
 10
53.48185472947779
 20
-20.83301301747975
 30
0.0
 10
53.17119774139789
 20
-20.88028825755805
 30
0.0
 10
53.04664179165439
 20
-20.89924296533296
 30
0.0
  0
SPLINE
  5
9BD
330
817
100
AcDbEntity
  8
0
  6
Continuous
 62
     7
370
    25
100
AcDbSpline
210
0.0
220
0.0
230
1.0
 70
     8
 71
     3
 72
    15
 73
    11
 74
     0
 42
0.00000001
 43
0.00000001
 40
0.0
 40
0.0
 40
0.0
 40
0.0
 40
0.01428028778133
 40
0.1406097876690111
 40
0.2695730486950421
 40
0.4379202477255331
 40
0.608230173935496
 40
0.7776513971738426
 40
0.9108498425071085
 40
1.0
 40
1.0
 40
1.0
 40
1.0
 10
62.22255955822139
 20
-21.67707250986106
 30
0.0
 10
62.23576843777469
 20
-21.68015486905728
 30
0.0
 10
62.3658286843028
 20
-21.71050508879657
 30
0.0
 10
61.9328515788409
 20
-21.76334703308502
 30
0.0
 10
60.9510273774237
 20
-21.85764563991521
 30
0.0
 10
59.11265123331719
 20
-21.95233153476239
 30
0.0
 10
56.77449431885739
 20
-22.06277298231041
 30
0.0
 10
54.77277536344559
 20
-22.16258279459304
 30
0.0
 10
53.48185075300979
 20
-22.24412444175838
 30
0.0
 10
53.1711922148082
 20
-22.29140000073459
 30
0.0
 10
53.04663439319319
 20
-22.31035502664757
 30
0.0
  0
SPLINE
  5
9BE
330
817
100
AcDbEntity
  8
0
  6
Continuous
 62
     7
370
    25
100
AcDbSpline
210
0.0
220
0.0
230
1.0
 70
     8
 71
     3
 72
    15
 73
    11
 74
     0
 42
0.00000001
 43
0.00000001
 40
0.0
 40
0.0
 40
0.0
 40
0.0
 40
0.014280266448547
 40
0.1406095776173552
 40
0.2695726459900386
 40
0.4379195935330022
 40
0.6082292653233937
 40
0.7776502354697676
 40
0.9108484818229028
 40
1.0
 40
1.0
 40
1.0
 40
1.0
 10
62.22255955822139
 20
-23.08818362097209
 30
0.0
 10
62.23576843777739
 20
-23.09126598016842
 30
0.0
 10
62.3658286843331
 20
-23.12161619990771
 30
0.0
 10
61.93285157736429
 20
-23.17445814419261
 30
0.0
 10
60.95102738348599
 20
-23.26875675104067
 30
0.0
 10
59.11265120288269
 20
-23.36344264580159
 30
0.0
 10
56.77449443261429
 20
-23.47388409369022
 30
0.0
 10
54.77277497989229
 20
-23.57369390479824
 30
0.0
 10
53.48184677660529
 20
-23.65523586603168
 30
0.0
 10
53.1711866883077
 20
-23.70251174390048
 30
0.0
 10
53.04662699485679
 20
-23.72146708794631
 30
0.0
  0
SPLINE
  5
9BF
330
817
100
AcDbEntity
  8
0
  6
Continuous
 62
     7
370
    25
100
AcDbSpline
210
0.0
220
0.0
230
1.0
 70
     8
 71
     3
 72
    15
 73
    11
 74
     0
 42
0.00000001
 43
0.00000001
 40
0.0
 40
0.0
 40
0.0
 40
0.0
 40
0.0142802451161883
 40
0.1406093675698782
 40
0.269572243293045
 40
0.4379189393534839
 40
0.6082283567293647
 40
0.7776490737888014
 40
0.910847121165764
 40
1.0
 40
1.0
 40
1.0
 40
1.0
 10
62.22255955822139
 20
-24.49929473208323
 30
0.0
 10
62.23576843778019
 20
-24.50237709127955
 30
0.0
 10
62.36582868436349
 20
-24.53272731101896
 30
0.0
 10
61.9328515758876
 20
-24.5855692553002
 30
0.0
 10
60.9510273895483
 20
-24.67986786216614
 30
0.0
 10
59.11265117244909
 20
-24.7745537568409
 30
0.0
 10
56.77449454636769
 20
-24.88499520507003
 30
0.0
 10
54.772774596351
 20
-24.98480501500355
 30
0.0
 10
53.48184280026439
 20
-25.06634729029977
 30
0.0
 10
53.1711811618965
 20
-25.1136234870557
 30
0.0
 10
53.0466195966456
 20
-25.13257914922884
 30
0.0
  0
SPLINE
  5
9C0
330
817
100
AcDbEntity
  8
0
  6
Continuous
 62
     7
370
    25
100
AcDbSpline
210
0.0
220
0.0
230
1.0
 70
     8
 71
     3
 72
    15
 73
    11
 74
     0
 42
0.00000001
 43
0.00000001
 40
0.0
 40
0.0
 40
0.0
 40
0.0
 40
0.0142802237842541
 40
0.1406091575265795
 40
0.269571840604062
 40
0.4379182851869786
 40
0.6082274481534097
 40
0.7776479121309436
 40
0.9108457605356917
 40
1.0
 40
1.0
 40
1.0
 40
1.0
 10
62.22255955822139
 20
-25.91040584319437
 30
0.0
 10
62.23576843778299
 20
-25.91348820239059
 30
0.0
 10
62.36582868439379
 20
-25.9438384221301
 30
0.0
 10
61.93285157441109
 20
-25.9966803664079
 30
0.0
 10
60.9510273956102
 20
-26.0909789732916
 30
0.0
 10
59.11265114201649
 20
-26.1856648678801
 30
0.0
 10
56.7744946601175
 20
-26.29610631644974
 30
0.0
 10
54.77277421282169
 20
-26.39591612520886
 30
0.0
 10
53.48183882398729
 20
-26.47745871456253
 30
0.0
 10
53.1711756355746
 20
-26.52473523020027
 30
0.0
 10
53.04661219855929
 20
-26.54369121049538
 30
0.0
  0
SPLINE
  5
9C1
330
817
100
AcDbEntity
  8
0
  6
Continuous
 62
     7
370
    25
100
AcDbSpline
210
0.0
220
0.0
230
1.0
 70
     8
 71
     3
 72
    15
 73
    11
 74
     0
 42
0.00000001
 43
0.00000001
 40
0.0
 40
0.0
 40
0.0
 40
0.0
 40
0.0142802024527446
 40
0.1406089474874639
 40
0.2695714379230988
 40
0.4379176310335013
 40
0.6082265395955494
 40
0.777646750496221
 40
0.910844399932717
 40
1.0
 40
1.0
 40
1.0
 40
1.0
 10
62.22255955822139
 20
-27.32151695430551
 30
0.0
 10
62.23576843778579
 20
-27.32459931350173
 30
0.0
 10
62.36582868442399
 20
-27.35494953324125
 30
0.0
 10
61.9328515729346
 20
-27.40779147751548
 30
0.0
 10
60.95102740167209
 20
-27.50209008441695
 30
0.0
 10
59.1126511115848
 20
-27.5967759789193
 30
0.0
 10
56.77449477386369
 20
-27.70721742782955
 30
0.0
 10
54.7727738293045
 20
-27.80702723541417
 30
0.0
 10
53.4818348477739
 20
-27.88857013881984
 30
0.0
 10
53.1711701093421
 20
-27.93584697333406
 30
0.0
 10
53.04660480059829
 20
-27.95480327174582
 30
0.0
  0
SPLINE
  5
9C2
330
817
100
AcDbEntity
  8
0
  6
Continuous
 62
     7
370
    25
100
AcDbSpline
210
0.0
220
0.0
230
1.0
 70
     8
 71
     3
 72
    15
 73
    11
 74
     0
 42
0.00000001
 43
0.00000001
 40
0.0
 40
0.0
 40
0.0
 40
0.0
 40
0.0142801811216603
 40
0.1406087374525345
 40
0.2695710352501612
 40
0.4379169768930617
 40
0.6082256310557972
 40
0.7776455888846503
 40
0.91084303935686
 40
1.0
 40
1.0
 40
1.0
 40
1.0
 10
62.22255955822139
 20
-28.73262806541654
 30
0.0
 10
62.23576843778859
 20
-28.73571042461287
 30
0.0
 10
62.3658286844543
 20
-28.7660606443525
 30
0.0
 10
61.93285157145809
 20
-28.81890258862307
 30
0.0
 10
60.95102740773359
 20
-28.91320119554241
 30
0.0
 10
59.1126510811541
 20
-29.0078870899586
 30
0.0
 10
56.77449488760639
 20
-29.11832853920926
 30
0.0
 10
54.77277344579929
 20
-29.21813834561959
 30
0.0
 10
53.4818308716243
 20
-29.29968156307205
 30
0.0
 10
53.1711645831992
 20
-29.3469587164572
 30
0.0
 10
53.0465974027627
 20
-29.36591533298005
 30
0.0
  0
SPLINE
  5
9C3
330
817
100
AcDbEntity
  8
0
  6
Continuous
 62
     7
370
    25
100
AcDbSpline
210
0.0
220
0.0
230
1.0
 70
     8
 71
     3
 72
    15
 73
    11
 74
     0
 42
0.00000001
 43
0.00000001
 40
0.0
 40
0.0
 40
0.0
 40
0.0
 40
0.0142801597910016
 40
0.1406085274217956
 40
0.2695706325852577
 40
0.4379163227656734
 40
0.608224722534172
 40
0.7776444272962558
 40
0.9108416788081488
 40
1.0
 40
1.0
 40
1.0
 40
1.0
 10
62.22255955822139
 20
-30.14373917652768
 30
0.0
 10
62.23576843779139
 20
-30.14682153572401
 30
0.0
 10
62.3658286844848
 20
-30.17717175546364
 30
0.0
 10
61.93285156998159
 20
-30.23001369973077
 30
0.0
 10
60.95102741379509
 20
-30.32431230666788
 30
0.0
 10
59.1126510507243
 20
-30.4189982009978
 30
0.0
 10
56.7744950013455
 20
-30.52943965058896
 30
0.0
 10
54.7727730623061
 20
-30.6292494558249
 30
0.0
 10
53.48182689553869
 20
-30.71079298731882
 30
0.0
 10
53.171159057146
 20
-30.75807045956957
 30
0.0
 10
53.04659000505259
 20
-30.7770273941983
 30
0.0
  0
SPLINE
  5
9C4
330
817
100
AcDbEntity
  8
0
  6
Continuous
 62
     7
370
    25
100
AcDbSpline
210
0.0
220
0.0
230
1.0
 70
     8
 71
     3
 72
    15
 73
    11
 74
     0
 42
0.00000001
 43
0.00000001
 40
0.0
 40
0.0
 40
0.0
 40
0.0
 40
0.014280138460769
 40
0.1406083173952526
 40
0.2695702299283982
 40
0.4379156686513526
 40
0.6082238140306964
 40
0.7776432657310665
 40
0.9108403182866174
 40
1.0
 40
1.0
 40
1.0
 40
1.0
 10
62.22255955822139
 20
-31.55485028763882
 30
0.0
 10
62.23576843779419
 20
-31.55793264683515
 30
0.0
 10
62.36582868451499
 20
-31.58828286657489
 30
0.0
 10
61.9328515685052
 20
-31.64112481083836
 30
0.0
 10
60.95102741985639
 20
-31.73542341779323
 30
0.0
 10
59.11265102029549
 20
-31.83010931203711
 30
0.0
 10
56.774495115081
 20
-31.94055076196878
 30
0.0
 10
54.77277267882499
 20
-32.04036056603032
 30
0.0
 10
53.481822919517
 20
-32.12190441156026
 30
0.0
 10
53.1711535311825
 20
-32.16918220267129
 30
0.0
 10
53.0465826074681
 20
-32.18813945540033
 30
0.0
  0
SPLINE
  5
9C5
330
817
100
AcDbEntity
  8
0
  6
Continuous
 62
     7
370
    25
100
AcDbSpline
210
0.0
220
0.0
230
1.0
 70
     8
 71
     3
 72
    15
 73
    11
 74
     0
 42
0.00000001
 43
0.00000001
 40
0.0
 40
0.0
 40
0.0
 40
0.0
 40
0.0142801171309627
 40
0.1406081073729079
 40
0.2695698272795877
 40
0.4379150145501073
 40
0.6082229055453813
 40
0.7776421041890963
 40
0.9108389577922822
 40
1.0
 40
1.0
 40
1.0
 40
1.0
 10
62.22255955822139
 20
-32.96596139874996
 30
0.0
 10
62.23576843779699
 20
-32.96904375794618
 30
0.0
 10
62.36582868454549
 20
-32.99939397768603
 30
0.0
 10
61.93285156702889
 20
-33.05223592194606
 30
0.0
 10
60.95102742591749
 20
-33.14653452891869
 30
0.0
 10
59.11265098986769
 20
-33.24122042307631
 30
0.0
 10
56.7744952288129
 20
-33.35166187334848
 30
0.0
 10
54.77277229535599
 20
-33.45147167623574
 30
0.0
 10
53.48181894355939
 20
-33.53301583579638
 30
0.0
 10
53.17114800530889
 20
-33.58029394576211
 30
0.0
 10
53.04657521000949
 20
-33.59925151658627
 30
0.0
  0
SPLINE
  5
9C6
330
817
100
AcDbEntity
  8
0
  6
Continuous
 62
     7
370
    25
100
AcDbSpline
210
0.0
220
0.0
230
1.0
 70
     8
 71
     3
 72
    15
 73
    11
 74
     0
 42
0.00000001
 43
0.00000001
 40
0.0
 40
0.0
 40
0.0
 40
0.0
 40
0.0142800958015834
 40
0.1406078973547663
 40
0.2695694246388352
 40
0.4379143604619522
 40
0.6082219970782474
 40
0.7776409426703715
 40
0.910837597325174
 40
1.0
 40
1.0
 40
1.0
 40
1.0
 10
62.22255955822139
 20
-34.37707250986099
 30
0.0
 10
62.23576843779979
 20
-34.38015486905732
 30
0.0
 10
62.36582868457589
 20
-34.41050508879728
 30
0.0
 10
61.9328515655525
 20
-34.46334703305364
 30
0.0
 10
60.95102743197819
 20
-34.55764564004415
 30
0.0
 10
59.1126509594408
 20
-34.65233153411562
 30
0.0
 10
56.7744953425412
 20
-34.76277298472819
 30
0.0
 10
54.7727719118991
 20
-34.86258278644127
 30
0.0
 10
53.4818149676659
 20
-34.94412726002716
 30
0.0
 10
53.17114247952519
 20
-34.99140568884218
 30
0.0
 10
53.0465678126767
 20
-35.010363577756
 30
0.0
  0
SPLINE
  5
9C7
330
817
100
AcDbEntity
  8
0
  6
Continuous
 62
     7
370
    25
100
AcDbSpline
210
0.0
220
0.0
230
1.0
 70
     8
 71
     3
 72
    17
 73
    13
 74
     0
 42
0.00000001
 43
0.00000001
 40
0.0
 40
0.0
 40
0.0
 40
0.0
 40
0.0000161469103274
 40
0.0007550056667478
 40
0.0357241971041287
 40
0.0884054854843255
 40
0.1800878276427662
 40
0.3719961538595742
 40
0.5616632244475349
 40
0.7502182760316162
 40
0.9344580602642573
 40
1.0
 40
1.0
 40
1.0
 40
1.0
 10
56.6239407853782
 20
14.26555386231787
 30
0.0
 10
56.62398380011179
 20
14.26555498438781
 30
0.0
 10
56.62599510549059
 20
14.2656074507177
 30
0.0
 10
56.72117233735949
 20
14.26809068519453
 30
0.0
 10
56.9578094362347
 20
14.27431848930416
 30
0.0
 10
57.4412698203775
 20
14.28731891723584
 30
0.0
 10
58.34821924543149
 20
14.31253087697493
 30
0.0
 10
59.5796995932206
 20
14.34947808929371
 30
0.0
 10
60.829153465899
 20
14.39002920342103
 30
0.0
 10
61.64744083028489
 20
14.43571405002819
 30
0.0
 10
62.02269533352879
 20
14.46788162448271
 30
0.0
 10
61.93859652068009
 20
14.48780243833054
 30
0.0
 10
61.91652925636629
 20
14.49302959730742
 30
0.0
  0
SPLINE
  5
9C8
330
817
100
AcDbEntity
  8
0
  6
Continuous
 62
     7
370
    25
100
AcDbSpline
210
0.0
220
0.0
230
1.0
 70
     8
 71
     3
 72
    10
 73
     6
 74
     0
 42
0.00000001
 43
0.00000001
 40
0.0
 40
0.0
 40
0.0
 40
0.0
 40
0.3879925741599311
 40
0.7566207923364681
 40
1.0
 40
1.0
 40
1.0
 40
1.0
 10
56.610650541984
 20
13.63777452883114
 30
0.0
 10
56.1048576749412
 20
13.60800472387214
 30
0.0
 10
55.11851560216139
 20
13.54995089780459
 30
0.0
 10
54.1306106376597
 20
13.474898639042
 30
0.0
 10
53.86965019661289
 20
13.42786743324381
 30
0.0
 10
53.765873113702
 20
13.40916436344542
 30
0.0
  0
SPLINE
  5
9C9
330
817
100
AcDbEntity
  8
0
  6
Continuous
 62
     7
370
    25
100
AcDbSpline
210
0.0
220
0.0
230
1.0
 70
    24
 71
     3
 72
     9
 73
     5
 74
     0
 42
0.00000001
 43
0.00000001
 40
0.0
 40
0.0
 40
0.0
 40
0.0
 40
0.2318492724220124
 40
1.0
 40
1.0
 40
1.0
 40
1.0
 10
25.5771074455748
 20
26.45625419510916
 30
0.0
 10
25.427468650967
 20
26.70187693761206
 30
0.0
 10
24.78205452891831
 20
27.76128393913946
 30
0.0
 10
24.15294209196271
 20
28.79393274196257
 30
0.0
 10
23.66968891578694
 20
29.58716267118361
 30
0.0
  0
SPLINE
  5
9CA
330
817
100
AcDbEntity
  8
0
  6
Continuous
 62
     7
370
    25
100
AcDbSpline
210
0.0
220
0.0
230
1.0
 70
    24
 71
     3
 72
     9
 73
     5
 74
     0
 42
0.00000001
 43
0.00000001
 40
0.0
 40
0.0
 40
0.0
 40
0.0
 40
0.0702136491267772
 40
0.9999999999999999
 40
0.9999999999999999
 40
0.9999999999999999
 40
0.9999999999999999
 10
25.42742592809751
 20
32.80448981166634
 30
0.0
 10
25.46910246339151
 20
32.88077371943172
 30
0.0
 10
26.06266989383241
 20
33.96722783076289
 30
0.0
 10
26.6443368986113
 20
35.03189963780334
 30
0.0
 10
27.18516294040811
 20
36.02181695214912
 30
0.0
  0
SPLINE
  5
9CB
330
817
100
AcDbEntity
  8
0
  6
Continuous
 62
     7
370
    25
100
AcDbSpline
210
0.0
220
0.0
230
1.0
 70
    24
 71
     3
 72
     9
 73
     5
 74
     0
 42
0.00000001
 43
0.00000001
 40
0.0
 40
0.0
 40
0.0
 40
0.0
 40
0.7681507275779899
 40
1.0
 40
1.0
 40
1.0
 40
1.0
 10
34.5154740246051
 20
36.19465428096558
 30
0.0
 10
34.99872720078081
 20
35.40142435174448
 30
0.0
 10
35.6278396377364
 20
34.36877554892137
 30
0.0
 10
36.27325375978511
 20
33.30936854739397
 30
0.0
 10
36.422892554393
 20
33.06374580489108
 30
0.0
  0
SPLINE
  5
9CC
330
817
100
AcDbEntity
  8
0
  6
Continuous
 62
     7
370
    25
100
AcDbSpline
210
0.0
220
0.0
230
1.0
 70
    24
 71
     3
 72
     9
 73
     5
 74
     0
 42
0.00000001
 43
0.00000001
 40
0.0
 40
0.0
 40
0.0
 40
0.0
 40
0.0702136491267731
 40
1.0
 40
1.0
 40
1.0
 40
1.0
 10
30.85031848250661
 20
36.10823561655735
 30
0.0
 10
30.9372205521784
 20
36.11028463213362
 30
0.0
 10
32.17490112785751
 20
36.13946721417844
 30
0.0
 10
33.3877674618371
 20
36.16806471501688
 30
0.0
 10
34.5154740246051
 20
36.19465428096558
 30
0.0
  0
SPLINE
  5
9CD
330
817
100
AcDbEntity
  8
0
  6
Continuous
 62
     7
370
    25
100
AcDbSpline
210
0.0
220
0.0
230
1.0
 70
    24
 71
     3
 72
     9
 73
     5
 74
     0
 42
0.00000001
 43
0.00000001
 40
0.0
 40
0.0
 40
0.0
 40
0.0
 40
0.7889992377322333
 40
1.0
 40
1.0
 40
1.0
 40
1.0
 10
36.422892554393
 20
33.06374580489108
 30
0.0
 10
36.932411445002
 20
32.22740234465154
 30
0.0
 10
37.5781901305094
 20
31.1673969349589
 30
0.0
 10
38.19926402006111
 20
30.14794290601936
 30
0.0
 10
38.3303110841811
 20
29.93283732881614
 30
0.0
  0
SPLINE
  5
9CE
330
817
100
AcDbEntity
  8
0
  6
Continuous
 62
     7
370
    25
100
AcDbSpline
210
0.0
220
0.0
230
1.0
 70
    24
 71
     3
 72
     9
 73
     5
 74
     0
 42
0.00000001
 43
0.00000001
 40
0.0
 40
0.0
 40
0.0
 40
0.0
 40
0.070213649126778
 40
0.9999999999999999
 40
0.9999999999999999
 40
0.9999999999999999
 40
0.9999999999999999
 10
36.57257407187031
 20
26.71551018833385
 30
0.0
 10
36.53089753657621
 20
26.63922628056848
 30
0.0
 10
35.93733010613531
 20
25.55277216923729
 30
0.0
 10
35.3556631013564
 20
24.48810036219684
 30
0.0
 10
34.81483705955971
 20
23.49818304785112
 30
0.0
  0
SPLINE
  5
9CF
330
817
100
AcDbEntity
  8
0
  6
Continuous
 62
     7
370
    25
100
AcDbSpline
210
0.0
220
0.0
230
1.0
 70
    24
 71
     3
 72
     9
 73
     5
 74
     0
 42
0.00000001
 43
0.00000001
 40
0.0
 40
0.0
 40
0.0
 40
0.0
 40
0.0702136491267728
 40
1.0
 40
1.0
 40
1.0
 40
1.0
 10
31.1496815174612
 20
23.41176438344289
 30
0.0
 10
31.06277944778941
 20
23.40971536786657
 30
0.0
 10
29.8250988721102
 20
23.38053278582181
 30
0.0
 10
28.6122325381306
 20
23.35193528498336
 30
0.0
 10
27.4845259753627
 20
23.32534571903467
 30
0.0
  0
SPLINE
  5
9D0
330
817
100
AcDbEntity
  8
0
  6
Continuous
 62
     7
370
    25
100
AcDbSpline
210
0.0
220
0.0
230
1.0
 70
    24
 71
     3
 72
     9
 73
     5
 74
     0
 42
0.00000001
 43
0.00000001
 40
0.0
 40
0.0
 40
0.0
 40
0.0
 40
0.2110007622676907
 40
1.0
 40
1.0
 40
1.0
 40
1.0
 10
27.4845259753627
 20
23.32534571903467
 30
0.0
 10
27.3534789112428
 20
23.54045129623772
 30
0.0
 10
26.73240502169111
 20
24.55990532517694
 30
0.0
 10
26.0866263361839
 20
25.61991073486952
 30
0.0
 10
25.5771074455748
 20
26.45625419510916
 30
0.0
  0
SPLINE
  5
9D1
330
817
100
AcDbEntity
  8
0
  6
Continuous
 62
     7
370
    25
100
AcDbSpline
210
0.0
220
0.0
230
1.0
 70
    24
 71
     3
 72
     9
 73
     5
 74
     0
 42
0.00000001
 43
0.00000001
 40
0.0
 40
0.0
 40
0.0
 40
0.0
 40
0.0702136491267755
 40
1.0
 40
1.0
 40
1.0
 40
1.0
 10
36.57257407187031
 20
76.71551018833384
 30
0.0
 10
36.53089753657621
 20
76.63922628056852
 30
0.0
 10
35.93733010613541
 20
75.55277216923734
 30
0.0
 10
35.3556631013565
 20
74.48810036219689
 30
0.0
 10
34.81483705955971
 20
73.49818304785111
 30
0.0
  0
SPLINE
  5
9D2
330
817
100
AcDbEntity
  8
0
  6
Continuous
 62
     7
370
    25
100
AcDbSpline
210
0.0
220
0.0
230
1.0
 70
    24
 71
     3
 72
     9
 73
     5
 74
     0
 42
0.00000001
 43
0.00000001
 40
0.0
 40
0.0
 40
0.0
 40
0.0
 40
0.0702136491267788
 40
1.0
 40
1.0
 40
1.0
 40
1.0
 10
25.42742592809751
 20
82.80448981166633
 30
0.0
 10
25.46910246339151
 20
82.8807737194317
 30
0.0
 10
26.06266989383251
 20
83.96722783076294
 30
0.0
 10
26.6443368986114
 20
85.03189963780339
 30
0.0
 10
27.18516294040811
 20
86.02181695214911
 30
0.0
  0
SPLINE
  5
9D3
330
817
100
AcDbEntity
  8
0
  6
Continuous
 62
     7
370
    25
100
AcDbSpline
210
0.0
220
0.0
230
1.0
 70
    24
 71
     3
 72
     9
 73
     5
 74
     0
 42
0.00000001
 43
0.00000001
 40
0.0
 40
0.0
 40
0.0
 40
0.0
 40
0.0702136491267731
 40
1.0
 40
1.0
 40
1.0
 40
1.0
 10
30.85031848250661
 20
86.10823561655734
 30
0.0
 10
30.9372205521784
 20
86.11028463213366
 30
0.0
 10
32.17490112785751
 20
86.13946721417842
 30
0.0
 10
33.3877674618371
 20
86.16806471501687
 30
0.0
 10
34.5154740246051
 20
86.19465428096557
 30
0.0
  0
SPLINE
  5
9D4
330
817
100
AcDbEntity
  8
0
  6
Continuous
 62
     7
370
    25
100
AcDbSpline
210
0.0
220
0.0
230
1.0
 70
    24
 71
     3
 72
     9
 73
     5
 74
     0
 42
0.00000001
 43
0.00000001
 40
0.0
 40
0.0
 40
0.0
 40
0.0
 40
0.7681507275779912
 40
1.0
 40
1.0
 40
1.0
 40
1.0
 10
34.5154740246051
 20
86.19465428096557
 30
0.0
 10
34.99872720078081
 20
85.40142435174447
 30
0.0
 10
35.6278396377364
 20
84.36877554892142
 30
0.0
 10
36.27325375978511
 20
83.30936854739396
 30
0.0
 10
36.422892554393
 20
83.06374580489107
 30
0.0
  0
SPLINE
  5
9D5
330
817
100
AcDbEntity
  8
0
  6
Continuous
 62
     7
370
    25
100
AcDbSpline
210
0.0
220
0.0
230
1.0
 70
    24
 71
     3
 72
     9
 73
     5
 74
     0
 42
0.00000001
 43
0.00000001
 40
0.0
 40
0.0
 40
0.0
 40
0.0
 40
0.0702136491267728
 40
1.0
 40
1.0
 40
1.0
 40
1.0
 10
31.1496815174612
 20
73.41176438344289
 30
0.0
 10
31.06277944778941
 20
73.40971536786655
 30
0.0
 10
29.8250988721103
 20
73.38053278582186
 30
0.0
 10
28.6122325381306
 20
73.35193528498341
 30
0.0
 10
27.4845259753627
 20
73.32534571903466
 30
0.0
  0
SPLINE
  5
9D6
330
817
100
AcDbEntity
  8
0
  6
Continuous
 62
     7
370
    25
100
AcDbSpline
210
0.0
220
0.0
230
1.0
 70
    24
 71
     3
 72
     9
 73
     5
 74
     0
 42
0.00000001
 43
0.00000001
 40
0.0
 40
0.0
 40
0.0
 40
0.0
 40
0.2110007622676907
 40
1.0
 40
1.0
 40
1.0
 40
1.0
 10
27.4845259753627
 20
73.32534571903466
 30
0.0
 10
27.3534789112428
 20
73.5404512962377
 30
0.0
 10
26.73240502169111
 20
74.55990532517693
 30
0.0
 10
26.0866263361839
 20
75.61991073486956
 30
0.0
 10
25.5771074455748
 20
76.45625419510915
 30
0.0
  0
SPLINE
  5
9D7
330
817
100
AcDbEntity
  8
0
  6
Continuous
 62
     7
370
    25
100
AcDbSpline
210
0.0
220
0.0
230
1.0
 70
    24
 71
     3
 72
     9
 73
     5
 74
     0
 42
0.00000001
 43
0.00000001
 40
0.0
 40
0.0
 40
0.0
 40
0.0
 40
0.2318492724220126
 40
1.0
 40
1.0
 40
1.0
 40
1.0
 10
25.5771074455748
 20
76.45625419510915
 30
0.0
 10
25.427468650967
 20
76.7018769376121
 30
0.0
 10
24.78205452891831
 20
77.7612839391395
 30
0.0
 10
24.15294209196271
 20
78.79393274196256
 30
0.0
 10
23.66968891578694
 20
79.5871626711836
 30
0.0
  0
SPLINE
  5
9D8
330
817
100
AcDbEntity
  8
0
  6
Continuous
 62
     7
370
    25
100
AcDbSpline
210
0.0
220
0.0
230
1.0
 70
    24
 71
     3
 72
     9
 73
     5
 74
     0
 42
0.00000001
 43
0.00000001
 40
0.0
 40
0.0
 40
0.0
 40
0.0
 40
0.7889992377322349
 40
1.0
 40
1.0
 40
1.0
 40
1.0
 10
36.422892554393
 20
83.06374580489107
 30
0.0
 10
36.932411445002
 20
82.22740234465154
 30
0.0
 10
37.5781901305093
 20
81.16739693495889
 30
0.0
 10
38.19926402006111
 20
80.14794290601934
 30
0.0
 10
38.3303110841811
 20
79.93283732881618
 30
0.0
  0
LINE
  5
9D9
330
817
100
AcDbEntity
  8
0
  6
Continuous
 62
     7
370
    25
100
AcDbLine
 10
62.45299999999999
 20
-55.9987344712
 30
0.0
 11
62.45299999999999
 21
-65.6507344712
 31
0.0
  0
LINE
  5
9DA
330
817
100
AcDbEntity
  8
0
  6
Continuous
 62
     7
370
    25
100
AcDbLine
 10
52.547
 20
-65.6507344712
 30
0.0
 11
52.547
 21
-55.9987344712
 31
0.0
  0
LINE
  5
9DB
330
817
100
AcDbEntity
  8
0
  6
Continuous
 62
     7
370
    25
100
AcDbLine
 10
47.14949999999999
 20
4.760000000000001
 30
0.0
 11
47.14949999999999
 21
6.284000000000001
 31
0.0
  0
LINE
  5
9DC
330
817
100
AcDbEntity
  8
0
  6
Continuous
 62
     7
370
    25
100
AcDbLine
 10
67.85049999999998
 20
6.284000000000001
 30
0.0
 11
67.85049999999998
 21
4.760000000000001
 31
0.0
  0
LINE
  5
9DD
330
817
100
AcDbEntity
  8
0
  6
Continuous
 62
     7
370
    25
100
AcDbLine
 10
62.26249999999999
 20
-34.3770725099
 30
0.0
 11
62.26249999999999
 21
-55.3185255646
 31
0.0
  0
LINE
  5
9DE
330
817
100
AcDbEntity
  8
0
  6
Continuous
 62
     7
370
    25
100
AcDbLine
 10
62.26249999999999
 20
-32.9659613987
 30
0.0
 11
62.26249999999999
 21
-33.3178329659
 31
0.0
  0
LINE
  5
9DF
330
817
100
AcDbEntity
  8
0
  6
Continuous
 62
     7
370
    25
100
AcDbLine
 10
62.26249999999999
 20
-31.5548502876
 30
0.0
 11
62.26249999999999
 21
-31.9067218548
 31
0.0
  0
LINE
  5
9E0
330
817
100
AcDbEntity
  8
0
  6
Continuous
 62
     7
370
    25
100
AcDbLine
 10
62.26249999999999
 20
-30.1437391765
 30
0.0
 11
62.26249999999999
 21
-30.4956107437
 31
0.0
  0
LINE
  5
9E1
330
817
100
AcDbEntity
  8
0
  6
Continuous
 62
     7
370
    25
100
AcDbLine
 10
62.26249999999999
 20
-28.7326280654
 30
0.0
 11
62.26249999999999
 21
-29.0844996326
 31
0.0
  0
LINE
  5
9E2
330
817
100
AcDbEntity
  8
0
  6
Continuous
 62
     7
370
    25
100
AcDbLine
 10
62.26249999999999
 20
-27.3215169543
 30
0.0
 11
62.26249999999999
 21
-27.6733885215
 31
0.0
  0
LINE
  5
9E3
330
817
100
AcDbEntity
  8
0
  6
Continuous
 62
     7
370
    25
100
AcDbLine
 10
62.26249999999999
 20
-25.9104058432
 30
0.0
 11
62.26249999999999
 21
-26.2622774103
 31
0.0
  0
LINE
  5
9E4
330
817
100
AcDbEntity
  8
0
  6
Continuous
 62
     7
370
    25
100
AcDbLine
 10
62.26249999999999
 20
-24.4992947321
 30
0.0
 11
62.26249999999999
 21
-24.8511662992
 31
0.0
  0
LINE
  5
9E5
330
817
100
AcDbEntity
  8
0
  6
Continuous
 62
     7
370
    25
100
AcDbLine
 10
62.26249999999999
 20
-23.088183621
 30
0.0
 11
62.26249999999999
 21
-23.4400551881
 31
0.0
  0
LINE
  5
9E6
330
817
100
AcDbEntity
  8
0
  6
Continuous
 62
     7
370
    25
100
AcDbLine
 10
62.26249999999999
 20
-21.6770725099
 30
0.0
 11
62.26249999999999
 21
-22.028944077
 31
0.0
  0
LINE
  5
9E7
330
817
100
AcDbEntity
  8
0
  6
Continuous
 62
     7
370
    25
100
AcDbLine
 10
62.26249999999999
 20
-20.2659613987
 30
0.0
 11
62.26249999999999
 21
-20.6178329659
 31
0.0
  0
LINE
  5
9E8
330
817
100
AcDbEntity
  8
0
  6
Continuous
 62
     7
370
    25
100
AcDbLine
 10
62.26249999999999
 20
-18.8548502876
 30
0.0
 11
62.26249999999999
 21
-19.2067218548
 31
0.0
  0
LINE
  5
9E9
330
817
100
AcDbEntity
  8
0
  6
Continuous
 62
     7
370
    25
100
AcDbLine
 10
62.26249999999999
 20
-17.4437391765
 30
0.0
 11
62.26249999999999
 21
-17.7956107437
 31
0.0
  0
LINE
  5
9EA
330
817
100
AcDbEntity
  8
0
  6
Continuous
 62
     7
370
    25
100
AcDbLine
 10
62.26249999999999
 20
-16.0326280654
 30
0.0
 11
62.26249999999999
 21
-16.3844996326
 31
0.0
  0
LINE
  5
9EB
330
817
100
AcDbEntity
  8
0
  6
Continuous
 62
     7
370
    25
100
AcDbLine
 10
62.26249999999999
 20
-14.6215169543
 30
0.0
 11
62.26249999999999
 21
-14.9733885215
 31
0.0
  0
LINE
  5
9EC
330
817
100
AcDbEntity
  8
0
  6
Continuous
 62
     7
370
    25
100
AcDbLine
 10
62.26249999999999
 20
-13.2104058432
 30
0.0
 11
62.26249999999999
 21
-13.5622774103
 31
0.0
  0
LINE
  5
9ED
330
817
100
AcDbEntity
  8
0
  6
Continuous
 62
     7
370
    25
100
AcDbLine
 10
62.26249999999999
 20
-11.7992947321
 30
0.0
 11
62.26249999999999
 21
-12.1511662992
 31
0.0
  0
LINE
  5
9EE
330
817
100
AcDbEntity
  8
0
  6
Continuous
 62
     7
370
    25
100
AcDbLine
 10
62.26249999999999
 20
-10.388183621
 30
0.0
 11
62.26249999999999
 21
-10.7400551881
 31
0.0
  0
LINE
  5
9EF
330
817
100
AcDbEntity
  8
0
  6
Continuous
 62
     7
370
    25
100
AcDbLine
 10
62.26249999999999
 20
-8.9770725099
 30
0.0
 11
62.26249999999999
 21
-9.328944077000001
 31
0.0
  0
LINE
  5
9F0
330
817
100
AcDbEntity
  8
0
  6
Continuous
 62
     7
370
    25
100
AcDbLine
 10
62.26249999999999
 20
-7.5659613987
 30
0.0
 11
62.26249999999999
 21
-7.9178329659
 31
0.0
  0
LINE
  5
9F1
330
817
100
AcDbEntity
  8
0
  6
Continuous
 62
     7
370
    25
100
AcDbLine
 10
62.26249999999999
 20
-6.1548502876
 30
0.0
 11
62.26249999999999
 21
-6.506721854799999
 31
0.0
  0
LINE
  5
9F2
330
817
100
AcDbEntity
  8
0
  6
Continuous
 62
     7
370
    25
100
AcDbLine
 10
62.26249999999999
 20
-4.7437391765
 30
0.0
 11
62.26249999999999
 21
-5.0956107437
 31
0.0
  0
LINE
  5
9F3
330
817
100
AcDbEntity
  8
0
  6
Continuous
 62
     7
370
    25
100
AcDbLine
 10
62.26249999999999
 20
-3.3326280654
 30
0.0
 11
62.26249999999999
 21
-3.6844996326
 31
0.0
  0
LINE
  5
9F4
330
817
100
AcDbEntity
  8
0
  6
Continuous
 62
     7
370
    25
100
AcDbLine
 10
62.26249999999999
 20
12.1895941568
 30
0.0
 11
62.26249999999999
 21
11.872
 31
0.0
  0
LINE
  5
9F5
330
817
100
AcDbEntity
  8
0
  6
Continuous
 62
     7
370
    25
100
AcDbLine
 10
62.26249999999999
 20
13.6007052679
 30
0.0
 11
62.26249999999999
 21
13.2488337008
 31
0.0
  0
LINE
  5
9F6
330
817
100
AcDbEntity
  8
0
  6
Continuous
 62
     7
370
    25
100
AcDbLine
 10
52.7375
 20
11.872
 30
0.0
 11
52.7375
 21
14.2655534813
 31
0.0
  0
LINE
  5
9F7
330
817
100
AcDbEntity
  8
0
  6
Continuous
 62
     7
370
    25
100
AcDbLine
 10
52.7375
 20
-2.9793629292
 30
0.0
 11
52.7375
 21
-2.8
 31
0.0
  0
LINE
  5
9F8
330
817
100
AcDbEntity
  8
0
  6
Continuous
 62
     7
370
    25
100
AcDbLine
 10
52.7375
 20
-4.3904740403
 30
0.0
 11
52.7375
 21
-4.0373924015
 31
0.0
  0
LINE
  5
9F9
330
817
100
AcDbEntity
  8
0
  6
Continuous
 62
     7
370
    25
100
AcDbLine
 10
52.7375
 20
-5.801585151399999
 30
0.0
 11
52.7375
 21
-5.448503512599999
 31
0.0
  0
LINE
  5
9FA
330
817
100
AcDbEntity
  8
0
  6
Continuous
 62
     7
370
    25
100
AcDbLine
 10
52.7375
 20
-7.2126962626
 30
0.0
 11
52.7375
 21
-6.8596146237
 31
0.0
  0
LINE
  5
9FB
330
817
100
AcDbEntity
  8
0
  6
Continuous
 62
     7
370
    25
100
AcDbLine
 10
52.7375
 20
-8.6238073737
 30
0.0
 11
52.7375
 21
-8.270725734800001
 31
0.0
  0
LINE
  5
9FC
330
817
100
AcDbEntity
  8
0
  6
Continuous
 62
     7
370
    25
100
AcDbLine
 10
52.7375
 20
-10.0349184848
 30
0.0
 11
52.7375
 21
-9.681836846000001
 31
0.0
  0
LINE
  5
9FD
330
817
100
AcDbEntity
  8
0
  6
Continuous
 62
     7
370
    25
100
AcDbLine
 10
52.7375
 20
-11.4460295959
 30
0.0
 11
52.7375
 21
-11.0929479571
 31
0.0
  0
LINE
  5
9FE
330
817
100
AcDbEntity
  8
0
  6
Continuous
 62
     7
370
    25
100
AcDbLine
 10
52.7375
 20
-12.857140707
 30
0.0
 11
52.7375
 21
-12.5040590682
 31
0.0
  0
LINE
  5
9FF
330
817
100
AcDbEntity
  8
0
  6
Continuous
 62
     7
370
    25
100
AcDbLine
 10
52.7375
 20
-14.2682518181
 30
0.0
 11
52.7375
 21
-13.9151701793
 31
0.0
  0
LINE
  5
A00
330
817
100
AcDbEntity
  8
0
  6
Continuous
 62
     7
370
    25
100
AcDbLine
 10
52.7375
 20
-15.6793629292
 30
0.0
 11
52.7375
 21
-15.3262812904
 31
0.0
  0
LINE
  5
A01
330
817
100
AcDbEntity
  8
0
  6
Continuous
 62
     7
370
    25
100
AcDbLine
 10
52.7375
 20
-17.0904740403
 30
0.0
 11
52.7375
 21
-16.7373924015
 31
0.0
  0
LINE
  5
A02
330
817
100
AcDbEntity
  8
0
  6
Continuous
 62
     7
370
    25
100
AcDbLine
 10
52.7375
 20
-18.5015851514
 30
0.0
 11
52.7375
 21
-18.1485035126
 31
0.0
  0
LINE
  5
A03
330
817
100
AcDbEntity
  8
0
  6
Continuous
 62
     7
370
    25
100
AcDbLine
 10
52.7375
 20
-19.9126962626
 30
0.0
 11
52.7375
 21
-19.5596146237
 31
0.0
  0
LINE
  5
A04
330
817
100
AcDbEntity
  8
0
  6
Continuous
 62
     7
370
    25
100
AcDbLine
 10
52.7375
 20
-21.3238073737
 30
0.0
 11
52.7375
 21
-20.9707257348
 31
0.0
  0
LINE
  5
A05
330
817
100
AcDbEntity
  8
0
  6
Continuous
 62
     7
370
    25
100
AcDbLine
 10
52.7375
 20
-22.7349184848
 30
0.0
 11
52.7375
 21
-22.381836846
 31
0.0
  0
LINE
  5
A06
330
817
100
AcDbEntity
  8
0
  6
Continuous
 62
     7
370
    25
100
AcDbLine
 10
52.7375
 20
-24.1460295959
 30
0.0
 11
52.7375
 21
-23.7929479571
 31
0.0
  0
LINE
  5
A07
330
817
100
AcDbEntity
  8
0
  6
Continuous
 62
     7
370
    25
100
AcDbLine
 10
52.7375
 20
-25.557140707
 30
0.0
 11
52.7375
 21
-25.2040590682
 31
0.0
  0
LINE
  5
A08
330
817
100
AcDbEntity
  8
0
  6
Continuous
 62
     7
370
    25
100
AcDbLine
 10
52.7375
 20
-26.9682518181
 30
0.0
 11
52.7375
 21
-26.6151701793
 31
0.0
  0
LINE
  5
A09
330
817
100
AcDbEntity
  8
0
  6
Continuous
 62
     7
370
    25
100
AcDbLine
 10
52.7375
 20
-28.3793629292
 30
0.0
 11
52.7375
 21
-28.0262812904
 31
0.0
  0
LINE
  5
A0A
330
817
100
AcDbEntity
  8
0
  6
Continuous
 62
     7
370
    25
100
AcDbLine
 10
52.7375
 20
-29.7904740403
 30
0.0
 11
52.7375
 21
-29.4373924015
 31
0.0
  0
LINE
  5
A0B
330
817
100
AcDbEntity
  8
0
  6
Continuous
 62
     7
370
    25
100
AcDbLine
 10
52.7375
 20
-31.2015851514
 30
0.0
 11
52.7375
 21
-30.8485035126
 31
0.0
  0
LINE
  5
A0C
330
817
100
AcDbEntity
  8
0
  6
Continuous
 62
     7
370
    25
100
AcDbLine
 10
52.7375
 20
-32.6126962626
 30
0.0
 11
52.7375
 21
-32.2596146237
 31
0.0
  0
LINE
  5
A0D
330
817
100
AcDbEntity
  8
0
  6
Continuous
 62
     7
370
    25
100
AcDbLine
 10
52.7375
 20
-34.0238073737
 30
0.0
 11
52.7375
 21
-33.6707257348
 31
0.0
  0
LINE
  5
A0E
330
817
100
AcDbEntity
  8
0
  6
Continuous
 62
     7
370
    25
100
AcDbLine
 10
52.7375
 20
-55.3185255646
 30
0.0
 11
52.7375
 21
-35.081836846
 31
0.0
  0
LINE
  5
A0F
330
817
100
AcDbEntity
  8
0
  6
Continuous
 62
     7
370
    25
100
AcDbLine
 10
52.7375
 20
14.2655534813
 30
0.0
 11
54.1464092943
 21
15.3752655288
 31
0.0
  0
LINE
  5
A10
330
817
100
AcDbEntity
  8
0
  6
Continuous
 62
     7
370
    25
100
AcDbLine
 10
60.8535907057
 20
15.3752655288
 30
0.0
 11
61.93841470299999
 21
14.5208157327
 31
0.0
  0
LINE
  5
A11
330
817
100
AcDbEntity
  8
0
  6
Continuous
 62
     7
370
    25
100
AcDbLine
 10
53.4977554641
 20
11.872
 30
0.0
 11
53.70830029209999
 21
11.9990546283
 31
0.0
  0
LINE
  5
A12
330
817
100
AcDbEntity
  8
0
  6
Continuous
 62
     7
370
    25
100
AcDbLine
 10
52.7375
 20
-77.3347344712
 30
0.0
 11
53.81699999999999
 21
-65.9047344712
 31
0.0
  0
LINE
  5
A13
330
817
100
AcDbEntity
  8
0
  6
Continuous
 62
     7
370
    25
100
AcDbLine
 10
61.18299999999999
 20
-65.9047344712
 30
0.0
 11
62.26249999999999
 21
-77.3347344712
 31
0.0
  0
LINE
  5
A14
330
817
100
AcDbEntity
  8
0
  6
Continuous
 62
     7
370
    25
100
AcDbLine
 10
62.26249999999999
 20
-77.3347344712
 30
0.0
 11
62.26249999999999
 21
-79.8747344712
 31
0.0
  0
LINE
  5
A15
330
817
100
AcDbEntity
  8
0
  6
Continuous
 62
     7
370
    25
100
AcDbLine
 10
52.7375
 20
-79.8747344712
 30
0.0
 11
52.7375
 21
-77.3347344712
 31
0.0
  0
LINE
  5
A16
330
817
100
AcDbEntity
  8
0
  6
Continuous
 62
     7
370
    25
100
AcDbLine
 10
53.51753030249999
 20
13.3565859785
 30
0.0
 11
53.51753030249999
 21
13.5329748674
 31
0.0
  0
LINE
  5
A17
330
817
100
AcDbEntity
  8
0
  6
Continuous
 62
     7
370
    25
100
AcDbLine
 10
61.49870716369999
 20
14.2176233075
 30
0.0
 11
61.49870716369999
 21
14.0412344187
 31
0.0
  0
LINE
  5
A18
330
817
100
AcDbEntity
  8
0
  6
Continuous
 62
     7
370
    25
100
AcDbLine
 10
77.5
 20
-2.8
 30
0.0
 11
0.0
 21
-2.8
 31
0.0
  0
LINE
  5
A19
330
817
100
AcDbEntity
  8
0
  6
Continuous
 62
     7
370
    25
100
AcDbLine
 10
72.5
 20
-2.8
 30
0.0
 11
72.5
 21
4.760000000000001
 31
0.0
  0
LINE
  5
A1A
330
817
100
AcDbEntity
  8
0
  6
Continuous
 62
     7
370
    25
100
AcDbLine
 10
77.5
 20
-1.4
 30
0.0
 11
0.0
 21
-1.4
 31
0.0
  0
LINE
  5
A1B
330
817
100
AcDbEntity
  8
0
  6
Continuous
 62
     7
370
    25
100
AcDbLine
 10
77.5
 20
-2.8
 30
0.0
 11
77.5
 21
4.760000000000001
 31
0.0
  0
LINE
  5
A1C
330
817
100
AcDbEntity
  8
0
  6
Continuous
 62
     7
370
    25
100
AcDbLine
 10
77.5
 20
0.0
 30
0.0
 11
0.0
 21
0.0
 31
0.0
  0
LINE
  5
A1D
330
817
100
AcDbEntity
  8
0
  6
Continuous
 62
     7
370
    25
100
AcDbLine
 10
54.50000000000001
 20
6.284000000000001
 30
0.0
 11
54.50000000000001
 21
6.307276649367492
 31
0.0
  0
LINE
  5
A1E
330
817
100
AcDbEntity
  8
0
  6
Continuous
 62
     7
370
    25
100
AcDbLine
 10
54.50000000000001
 20
11.8487233506325
 30
0.0
 11
54.50000000000001
 21
11.872
 31
0.0
  0
LINE
  5
A1F
330
817
100
AcDbEntity
  8
0
  6
Continuous
 62
     7
370
    25
100
AcDbLine
 10
54.50000000000001
 20
14.1533273508763
 30
0.0
 11
54.50000000000001
 21
14.2655534813
 31
0.0
  0
LINE
  5
A20
330
817
100
AcDbEntity
  8
0
  6
Continuous
 62
     7
370
    25
100
AcDbLine
 10
54.50000000000001
 20
15.3752655288
 30
0.0
 11
54.50000000000001
 21
104.76
 31
0.0
  0
LINE
  5
A21
330
817
100
AcDbEntity
  8
0
  6
Continuous
 62
     7
370
    25
100
AcDbLine
 10
0.0
 20
104.76
 30
0.0
 11
54.5
 21
104.76
 31
0.0
  0
LINE
  5
A22
330
817
100
AcDbEntity
  8
0
  6
Continuous
 62
     7
370
    25
100
AcDbLine
 10
77.5
 20
4.760000000000001
 30
0.0
 11
0.0
 21
4.760000000000001
 31
0.0
  0
LINE
  5
A23
330
817
100
AcDbEntity
  8
0
  6
Continuous
 62
     7
370
    25
100
AcDbLine
 10
52.80099999999999
 20
-65.9047344712
 30
0.0
 11
62.199
 21
-65.9047344712
 31
0.0
  0
LINE
  5
A24
330
817
100
AcDbEntity
  8
0
  6
Continuous
 62
     7
370
    25
100
AcDbLine
 10
67.85049999999998
 20
6.284000000000001
 30
0.0
 11
47.14949999999999
 21
6.284000000000001
 31
0.0
  0
LINE
  5
A25
330
817
100
AcDbEntity
  8
0
  6
Continuous
 62
     7
370
    25
100
AcDbLine
 10
58.0300116433
 20
6.7993361539
 30
0.0
 11
61.4620031091
 21
6.284000000000001
 31
0.0
  0
LINE
  5
A26
330
817
100
AcDbEntity
  8
0
  6
Continuous
 62
     7
370
    25
100
AcDbLine
 10
61.4620031091
 20
6.284000000000001
 30
0.0
 11
64.89399455009999
 21
6.799336168900001
 31
0.0
  0
LINE
  5
A27
330
817
100
AcDbEntity
  8
0
  6
Continuous
 62
     7
370
    25
100
AcDbLine
 10
64.89399455009999
 20
6.799336168900001
 30
0.0
 11
64.89399455009999
 21
11.3566638311
 31
0.0
  0
LINE
  5
A28
330
817
100
AcDbEntity
  8
0
  6
Continuous
 62
     7
370
    25
100
AcDbLine
 10
61.4620031091
 20
11.872
 30
0.0
 11
64.89399455009999
 21
11.3566638311
 31
0.0
  0
LINE
  5
A29
330
817
100
AcDbEntity
  8
0
  6
Continuous
 62
     7
370
    25
100
AcDbLine
 10
58.0300116433
 20
11.3566638461
 30
0.0
 11
61.4620031091
 21
11.872
 31
0.0
  0
LINE
  5
A2A
330
817
100
AcDbEntity
  8
0
  6
Continuous
 62
     7
370
    25
100
AcDbLine
 10
58.0300116433
 20
6.7993361539
 30
0.0
 11
58.0300116433
 21
11.3566638461
 31
0.0
  0
LINE
  5
A2B
330
817
100
AcDbEntity
  8
0
  6
Continuous
 62
     7
370
    25
100
AcDbLine
 10
54.3330144169
 20
6.284000000000001
 30
0.0
 11
58.0300116433
 21
6.7993361539
 31
0.0
  0
LINE
  5
A2C
330
817
100
AcDbEntity
  8
0
  6
Continuous
 62
     7
370
    25
100
AcDbLine
 10
64.62898869219998
 20
11.872
 30
0.0
 11
50.37101130779999
 21
11.872
 31
0.0
  0
LINE
  5
A2D
330
817
100
AcDbEntity
  8
0
  6
Continuous
 62
     7
370
    25
100
AcDbLine
 10
54.3330144169
 20
11.872
 30
0.0
 11
58.0300116433
 21
11.3566638461
 31
0.0
  0
LINE
  5
A2E
330
817
100
AcDbEntity
  8
0
  6
Continuous
 62
     7
370
    25
100
AcDbLine
 10
50.63601714689999
 20
6.7993361539
 30
0.0
 11
54.3330144169
 21
6.284000000000001
 31
0.0
  0
LINE
  5
A2F
330
817
100
AcDbEntity
  8
0
  6
Continuous
 62
     7
370
    25
100
AcDbLine
 10
50.63601714689999
 20
11.3566638461
 30
0.0
 11
54.3330144169
 21
11.872
 31
0.0
  0
LINE
  5
A30
330
817
100
AcDbEntity
  8
0
  6
Continuous
 62
     7
370
    25
100
AcDbLine
 10
50.63601714689999
 20
6.7993361539
 30
0.0
 11
50.63601714689999
 21
11.3566638461
 31
0.0
  0
LINE
  5
A31
330
817
100
AcDbEntity
  8
0
  6
Continuous
 62
     7
370
    25
100
AcDbLine
 10
64.89399455009999
 20
6.799336168900001
 30
0.0
 11
64.62898869219998
 21
6.284000000000001
 31
0.0
  0
LINE
  5
A32
330
817
100
AcDbEntity
  8
0
  6
Continuous
 62
     7
370
    25
100
AcDbLine
 10
64.89399455009999
 20
11.3566638311
 30
0.0
 11
64.62898869219998
 21
11.872
 31
0.0
  0
LINE
  5
A33
330
817
100
AcDbEntity
  8
0
  6
Continuous
 62
     7
370
    25
100
AcDbLine
 10
50.37101130779999
 20
11.872
 30
0.0
 11
50.63601714689999
 21
11.3566638461
 31
0.0
  0
LINE
  5
A34
330
817
100
AcDbEntity
  8
0
  6
Continuous
 62
     7
370
    25
100
AcDbLine
 10
50.37101130779999
 20
6.284000000000001
 30
0.0
 11
50.63601714689999
 21
6.7993361539
 31
0.0
  0
LINE
  5
A35
330
817
100
AcDbEntity
  8
0
  6
Continuous
 62
     7
370
    25
100
AcDbLine
 10
50.1060055035
 20
6.7993361539
 30
0.0
 11
50.37101130779999
 21
6.284000000000001
 31
0.0
  0
LINE
  5
A36
330
817
100
AcDbEntity
  8
0
  6
Continuous
 62
     7
370
    25
100
AcDbLine
 10
50.1060055035
 20
11.3566638461
 30
0.0
 11
50.37101130779999
 21
11.872
 31
0.0
  0
LINE
  5
A37
330
817
100
AcDbEntity
  8
0
  6
Continuous
 62
     7
370
    25
100
AcDbLine
 10
50.1060055035
 20
6.7993361539
 30
0.0
 11
50.1060055035
 21
11.3566638461
 31
0.0
  0
LINE
  5
A38
330
817
100
AcDbEntity
  8
0
  6
Continuous
 62
     7
370
    25
100
AcDbLine
 10
56.6239334375
 20
14.2655534813
 30
0.0
 11
52.7375
 21
14.2655534813
 31
0.0
  0
LINE
  5
A39
330
817
100
AcDbEntity
  8
0
  6
Continuous
 62
     7
370
    25
100
AcDbLine
 10
52.82452725009999
 20
-3.9944363786
 30
0.0
 11
52.82159968389999
 21
-4.0373924015
 31
0.0
  0
LINE
  5
A3A
330
817
100
AcDbEntity
  8
0
  6
Continuous
 62
     7
370
    25
100
AcDbLine
 10
52.82452725009999
 20
-5.4055474897
 30
0.0
 11
52.82159968389999
 21
-5.448503512599999
 31
0.0
  0
LINE
  5
A3B
330
817
100
AcDbEntity
  8
0
  6
Continuous
 62
     7
370
    25
100
AcDbLine
 10
52.82452725009999
 20
-6.816658600799999
 30
0.0
 11
52.82159968389999
 21
-6.8596146237
 31
0.0
  0
LINE
  5
A3C
330
817
100
AcDbEntity
  8
0
  6
Continuous
 62
     7
370
    25
100
AcDbLine
 10
52.82452725009999
 20
-8.2277697119
 30
0.0
 11
52.82159968389999
 21
-8.270725734800001
 31
0.0
  0
LINE
  5
A3D
330
817
100
AcDbEntity
  8
0
  6
Continuous
 62
     7
370
    25
100
AcDbLine
 10
52.82452725009999
 20
-9.638880823000001
 30
0.0
 11
52.82159968389999
 21
-9.681836846000001
 31
0.0
  0
LINE
  5
A3E
330
817
100
AcDbEntity
  8
0
  6
Continuous
 62
     7
370
    25
100
AcDbLine
 10
52.82452725009999
 20
-11.0499919342
 30
0.0
 11
52.82159968389999
 21
-11.0929479571
 31
0.0
  0
LINE
  5
A3F
330
817
100
AcDbEntity
  8
0
  6
Continuous
 62
     7
370
    25
100
AcDbLine
 10
52.82452725009999
 20
-12.4611030453
 30
0.0
 11
52.82159968389999
 21
-12.5040590682
 31
0.0
  0
LINE
  5
A40
330
817
100
AcDbEntity
  8
0
  6
Continuous
 62
     7
370
    25
100
AcDbLine
 10
52.82452725009999
 20
-13.8722141564
 30
0.0
 11
52.82159968389999
 21
-13.9151701793
 31
0.0
  0
LINE
  5
A41
330
817
100
AcDbEntity
  8
0
  6
Continuous
 62
     7
370
    25
100
AcDbLine
 10
52.82452725009999
 20
-15.2833252675
 30
0.0
 11
52.82159968389999
 21
-15.3262812904
 31
0.0
  0
LINE
  5
A42
330
817
100
AcDbEntity
  8
0
  6
Continuous
 62
     7
370
    25
100
AcDbLine
 10
52.82452725009999
 20
-16.6944363786
 30
0.0
 11
52.82159968389999
 21
-16.7373924015
 31
0.0
  0
LINE
  5
A43
330
817
100
AcDbEntity
  8
0
  6
Continuous
 62
     7
370
    25
100
AcDbLine
 10
52.82452725009999
 20
-18.1055474897
 30
0.0
 11
52.82159968389999
 21
-18.1485035126
 31
0.0
  0
LINE
  5
A44
330
817
100
AcDbEntity
  8
0
  6
Continuous
 62
     7
370
    25
100
AcDbLine
 10
52.82452725009999
 20
-19.5166586008
 30
0.0
 11
52.82159968389999
 21
-19.5596146237
 31
0.0
  0
LINE
  5
A45
330
817
100
AcDbEntity
  8
0
  6
Continuous
 62
     7
370
    25
100
AcDbLine
 10
52.82452725009999
 20
-20.9277697119
 30
0.0
 11
52.82159968389999
 21
-20.9707257348
 31
0.0
  0
LINE
  5
A46
330
817
100
AcDbEntity
  8
0
  6
Continuous
 62
     7
370
    25
100
AcDbLine
 10
52.82452725009999
 20
-22.338880823
 30
0.0
 11
52.82159968389999
 21
-22.381836846
 31
0.0
  0
LINE
  5
A47
330
817
100
AcDbEntity
  8
0
  6
Continuous
 62
     7
370
    25
100
AcDbLine
 10
52.82452725009999
 20
-23.7499919342
 30
0.0
 11
52.82159968389999
 21
-23.7929479571
 31
0.0
  0
LINE
  5
A48
330
817
100
AcDbEntity
  8
0
  6
Continuous
 62
     7
370
    25
100
AcDbLine
 10
52.82452725009999
 20
-25.1611030453
 30
0.0
 11
52.82159968389999
 21
-25.2040590682
 31
0.0
  0
LINE
  5
A49
330
817
100
AcDbEntity
  8
0
  6
Continuous
 62
     7
370
    25
100
AcDbLine
 10
52.82452725009999
 20
-26.5722141564
 30
0.0
 11
52.82159968389999
 21
-26.6151701793
 31
0.0
  0
LINE
  5
A4A
330
817
100
AcDbEntity
  8
0
  6
Continuous
 62
     7
370
    25
100
AcDbLine
 10
52.82452725009999
 20
-27.9833252675
 30
0.0
 11
52.82159968389999
 21
-28.0262812904
 31
0.0
  0
LINE
  5
A4B
330
817
100
AcDbEntity
  8
0
  6
Continuous
 62
     7
370
    25
100
AcDbLine
 10
52.82452725009999
 20
-29.3944363786
 30
0.0
 11
52.82159968389999
 21
-29.4373924015
 31
0.0
  0
LINE
  5
A4C
330
817
100
AcDbEntity
  8
0
  6
Continuous
 62
     7
370
    25
100
AcDbLine
 10
52.82452725009999
 20
-30.8055474897
 30
0.0
 11
52.82159968389999
 21
-30.8485035126
 31
0.0
  0
LINE
  5
A4D
330
817
100
AcDbEntity
  8
0
  6
Continuous
 62
     7
370
    25
100
AcDbLine
 10
52.82452725009999
 20
-32.2166586008
 30
0.0
 11
52.82159968389999
 21
-32.2596146237
 31
0.0
  0
LINE
  5
A4E
330
817
100
AcDbEntity
  8
0
  6
Continuous
 62
     7
370
    25
100
AcDbLine
 10
52.82452725009999
 20
-33.6277697119
 30
0.0
 11
52.82159968389999
 21
-33.6707257348
 31
0.0
  0
LINE
  5
A4F
330
817
100
AcDbEntity
  8
0
  6
Continuous
 62
     7
370
    25
100
AcDbLine
 10
52.82452725009999
 20
-35.038880823
 30
0.0
 11
52.82159968389999
 21
-35.081836846
 31
0.0
  0
LINE
  5
A50
330
817
100
AcDbEntity
  8
0
  6
Continuous
 62
     7
370
    25
100
AcDbLine
 10
60.8535907057
 20
15.3752655288
 30
0.0
 11
54.1464092943
 21
15.3752655288
 31
0.0
  0
LINE
  5
A51
330
817
100
AcDbEntity
  8
0
  6
Continuous
 62
     7
370
    25
100
AcDbLine
 10
62.6887089066
 20
-55.7447344712
 30
0.0
 11
52.3112910934
 21
-55.7447344712
 31
0.0
  0
LINE
  5
A52
330
817
100
AcDbEntity
  8
0
  6
Continuous
 62
     7
370
    25
100
AcDbLine
 10
62.26249999999999
 20
-77.3347344712
 30
0.0
 11
52.7375
 21
-77.3347344712
 31
0.0
  0
LINE
  5
A53
330
817
100
AcDbEntity
  8
0
  6
Continuous
 62
     7
370
    25
100
AcDbLine
 10
62.26249999999999
 20
-79.8747344712
 30
0.0
 11
52.7375
 21
-79.8747344712
 31
0.0
  0
LINE
  5
A54
330
817
100
AcDbEntity
  8
0
  6
Continuous
 62
     7
370
    25
100
AcDbLine
 10
23.66968891580001
 20
29.5871626712
 30
0.0
 11
25.42742592810001
 21
32.8044898117
 31
0.0
  0
LINE
  5
A55
330
817
100
AcDbEntity
  8
0
  6
Continuous
 62
     7
370
    25
100
AcDbLine
 10
27.18516294040001
 20
36.0218169521
 30
0.0
 11
30.8503184825
 21
36.1082356166
 31
0.0
  0
LINE
  5
A56
330
817
100
AcDbEntity
  8
0
  6
Continuous
 62
     7
370
    25
100
AcDbLine
 10
38.33031108420001
 20
29.9328373288
 30
0.0
 11
36.57257407190001
 21
26.7155101883
 31
0.0
  0
LINE
  5
A57
330
817
100
AcDbEntity
  8
0
  6
Continuous
 62
     7
370
    25
100
AcDbLine
 10
34.81483705960001
 20
23.4981830479
 30
0.0
 11
31.1496815175
 21
23.4117643834
 31
0.0
  0
LINE
  5
A58
330
817
100
AcDbEntity
  8
0
  6
Continuous
 62
     7
370
    25
100
AcDbLine
 10
34.81483705960001
 20
73.4981830479
 30
0.0
 11
31.1496815175
 21
73.4117643834
 31
0.0
  0
LINE
  5
A59
330
817
100
AcDbEntity
  8
0
  6
Continuous
 62
     7
370
    25
100
AcDbLine
 10
27.18516294040001
 20
86.0218169521
 30
0.0
 11
30.8503184825
 21
86.1082356166
 31
0.0
  0
LINE
  5
A5A
330
817
100
AcDbEntity
  8
0
  6
Continuous
 62
     7
370
    25
100
AcDbLine
 10
23.66968891580001
 20
79.5871626712
 30
0.0
 11
25.42742592810001
 21
82.8044898117
 31
0.0
  0
LINE
  5
A5B
330
817
100
AcDbEntity
  8
0
  6
Continuous
 62
     7
370
    25
100
AcDbLine
 10
38.33031108420001
 20
79.9328373288
 30
0.0
 11
36.57257407190001
 21
76.7155101883
 31
0.0
  0
LINE
  5
A5C
330
817
100
AcDbEntity
  8
0
  6
Continuous
 62
     7
370
    25
100
AcDbLine
 10
48.85000000000001
 20
6.284
 30
0.0
 11
48.85000000000001
 21
104.76
 31
0.0
  0
LINE
  5
A5D
330
817
100
AcDbEntity
  8
0
  6
Continuous
 62
     7
370
    25
100
AcDbLine
 10
52.547
 20
-55.9987344712
 30
0.0
 11
62.45299999999999
 21
-55.9987344712
 31
0.0
  0
LINE
  5
A5E
330
817
100
AcDbEntity
  8
0
  6
Continuous
 62
     7
370
    25
100
AcDbLine
 10
62.45299999999999
 20
-65.6507344712
 30
0.0
 11
52.547
 21
-65.6507344712
 31
0.0
  0
LINE
  5
A5F
330
817
100
AcDbEntity
  8
0
  6
Continuous
 62
     7
370
    25
100
AcDbLine
 10
62.26249999999999
 20
-55.3185255646
 30
0.0
 11
52.7375
 21
-55.3185255646
 31
0.0
  0
ARC
  5
A60
330
817
100
AcDbEntity
  8
0
  6
Continuous
 62
     7
370
    25
100
AcDbCircle
 10
52.80099999999999
 20
-55.9987344712
 30
0.0
 40
0.2540000000000475
100
AcDbArc
 50
90.0
 51
180.0
  0
ARC
  5
A61
330
817
100
AcDbEntity
  8
0
  6
Continuous
 62
     7
370
    25
100
AcDbCircle
 10
62.199
 20
-55.9987344712
 30
0.0
 40
0.2540000000000617
100
AcDbArc
 50
0.0
 51
90.0
  0
ARC
  5
A62
330
817
100
AcDbEntity
  8
0
  6
Continuous
 62
     7
370
    25
100
AcDbCircle
 10
52.80099999999999
 20
-65.6507344712
 30
0.0
 40
0.2539999999999907
100
AcDbArc
 50
180.0
 51
270.0
  0
ARC
  5
A63
330
817
100
AcDbEntity
  8
0
  6
Continuous
 62
     7
370
    25
100
AcDbCircle
 10
62.199
 20
-65.6507344712
 30
0.0
 40
0.2539999999999765
100
AcDbArc
 50
270.0
 51
0.0
  0
ARC
  5
A64
330
817
100
AcDbEntity
  8
0
  6
Continuous
 62
     7
370
    25
100
AcDbCircle
 10
62.6887089066
 20
-55.3185255646
 30
0.0
 40
0.4262089065669699
100
AcDbArc
 50
180.0
 51
270.0
  0
ARC
  5
A65
330
817
100
AcDbEntity
  8
0
  6
Continuous
 62
     7
370
    25
100
AcDbCircle
 10
52.3112910934
 20
-55.3185255646
 30
0.0
 40
0.4262089065669414
100
AcDbArc
 50
270.0
 51
0.0
  0
ARC
  5
A66
330
817
100
AcDbEntity
  8
0
  6
Continuous
 62
     7
370
    25
100
AcDbCircle
 10
31.0
 20
29.76
 30
0.0
 40
6.349999999999985
100
AcDbArc
 50
271.350695058
 51
211.350695058
  0
ARC
  5
A67
330
817
100
AcDbEntity
  8
0
  6
Continuous
 62
     7
370
    25
100
AcDbCircle
 10
31.0
 20
29.76
 30
0.0
 40
6.350000000000086
100
AcDbArc
 50
211.350695058
 51
271.350695058
  0
ARC
  5
A68
330
817
100
AcDbEntity
  8
0
  6
Continuous
 62
     7
370
    25
100
AcDbCircle
 10
31.0
 20
79.76
 30
0.0
 40
6.349999999999976
100
AcDbArc
 50
31.3506950580001
 51
331.350695058
  0
ARC
  5
A69
330
817
100
AcDbEntity
  8
0
  6
Continuous
 62
     7
370
    25
100
AcDbCircle
 10
31.0
 20
79.76
 30
0.0
 40
6.350000000000026
100
AcDbArc
 50
331.350695058
 51
31.35069505799997
  0
INSERT
  5
A6A
102
{ACAD_REACTORS
330
A91
102
}
330
817
100
AcDbEntity
  8
0
 62
     2
100
AcDbBlockReference
  2
*U6
 10
0.0
 20
129.76
 30
0.0
  0
ENDBLK
  5
A9B
330
817
100
AcDbEntity
  8
0
100
AcDbBlockEnd
  0
BLOCK
  5
A6C
330
A6B
100
AcDbEntity
  8
0
100
AcDbBlockBegin
  2
*U6
 70
     1
 10
0.0
 20
0.0
 30
0.0
  3
*U6
  1

  0
INSERT
  5
A6D
330
A6B
100
AcDbEntity
  8
0
  6
ByBlock
347
60B
 62
     0
440
 16777216
370
    -2
100
AcDbBlockReference
  2
*U7
 10
0.0
 20
0.0
 30
0.0
  0
INSERT
  5
A6E
330
A6B
100
AcDbEntity
  8
0
  6
ByBlock
347
60B
 62
     0
440
 16777216
370
    -2
100
AcDbBlockReference
  2
*U7
 10
0.0
 20
50.0
 30
0.0
  0
INSERT
  5
A6F
330
A6B
100
AcDbEntity
  8
0
  6
ByBlock
347
60B
 62
     0
440
 16777216
370
    -2
100
AcDbBlockReference
  2
*U7
 10
0.0
 20
100.0
 30
0.0
  0
INSERT
  5
A70
330
A6B
100
AcDbEntity
  8
0
  6
ByBlock
347
60B
 62
     0
440
 16777216
370
    -2
380
     1
100
AcDbBlockReference
  2
*U7
 10
0.0
 20
150.0
 30
0.0
  0
INSERT
  5
A71
330
A6B
100
AcDbEntity
  8
0
  6
ByBlock
347
60B
 62
     0
440
 16777216
370
    -2
380
     1
100
AcDbBlockReference
  2
*U7
 10
0.0
 20
200.0
 30
0.0
  0
INSERT
  5
A72
330
A6B
100
AcDbEntity
  8
0
  6
ByBlock
347
60B
 62
     0
440
 16777216
370
    -2
380
     1
100
AcDbBlockReference
  2
*U7
 10
0.0
 20
250.0
 30
0.0
  0
INSERT
  5
A73
330
A6B
100
AcDbEntity
  8
0
  6
ByBlock
347
60B
 62
     0
440
 16777216
370
    -2
380
     1
100
AcDbBlockReference
  2
*U7
 10
0.0
 20
300.0
 30
0.0
  0
INSERT
  5
A74
330
A6B
100
AcDbEntity
  8
0
  6
ByBlock
347
60B
 62
     0
440
 16777216
370
    -2
380
     1
100
AcDbBlockReference
  2
*U7
 10
0.0
 20
350.0
 30
0.0
  0
INSERT
  5
A75
330
A6B
100
AcDbEntity
  8
0
  6
ByBlock
347
60B
 62
     0
440
 16777216
370
    -2
380
     1
100
AcDbBlockReference
  2
*U7
 10
0.0
 20
400.0
 30
0.0
  0
INSERT
  5
A76
330
A6B
100
AcDbEntity
  8
0
  6
ByBlock
347
60B
 62
     0
440
 16777216
370
    -2
380
     1
100
AcDbBlockReference
  2
*U7
 10
0.0
 20
450.0
 30
0.0
  0
INSERT
  5
A77
330
A6B
100
AcDbEntity
  8
0
  6
ByBlock
347
60B
 62
     0
440
 16777216
370
    -2
380
     1
100
AcDbBlockReference
  2
*U7
 10
0.0
 20
500.0
 30
0.0
  0
INSERT
  5
A78
330
A6B
100
AcDbEntity
  8
0
  6
ByBlock
347
60B
 62
     0
440
 16777216
370
    -2
380
     1
100
AcDbBlockReference
  2
*U7
 10
0.0
 20
550.0
 30
0.0
  0
INSERT
  5
A79
330
A6B
100
AcDbEntity
  8
0
  6
ByBlock
347
60B
 62
     0
440
 16777216
370
    -2
380
     1
100
AcDbBlockReference
  2
*U7
 10
0.0
 20
600.0
 30
0.0
  0
INSERT
  5
A7A
330
A6B
100
AcDbEntity
  8
0
  6
ByBlock
347
60B
 62
     0
440
 16777216
370
    -2
380
     1
100
AcDbBlockReference
  2
*U7
 10
0.0
 20
650.0
 30
0.0
  0
INSERT
  5
A7B
330
A6B
100
AcDbEntity
  8
0
  6
ByBlock
347
60B
 62
     0
440
 16777216
370
    -2
380
     1
100
AcDbBlockReference
  2
*U7
 10
0.0
 20
700.0
 30
0.0
  0
INSERT
  5
A7C
330
A6B
100
AcDbEntity
  8
0
  6
ByBlock
347
60B
 62
     0
440
 16777216
370
    -2
380
     1
100
AcDbBlockReference
  2
*U7
 10
0.0
 20
750.0
 30
0.0
  0
INSERT
  5
A7D
330
A6B
100
AcDbEntity
  8
0
  6
ByBlock
347
60B
 62
     0
440
 16777216
370
    -2
380
     1
100
AcDbBlockReference
  2
*U7
 10
0.0
 20
800.0
 30
0.0
  0
INSERT
  5
A7E
330
A6B
100
AcDbEntity
  8
0
  6
ByBlock
347
60B
 62
     0
440
 16777216
370
    -2
380
     1
100
AcDbBlockReference
  2
*U7
 10
0.0
 20
850.0
 30
0.0
  0
INSERT
  5
A7F
330
A6B
100
AcDbEntity
  8
0
  6
ByBlock
347
60B
 62
     0
440
 16777216
370
    -2
380
     1
100
AcDbBlockReference
  2
*U7
 10
0.0
 20
900.0
 30
0.0
  0
INSERT
  5
A80
330
A6B
100
AcDbEntity
  8
0
  6
ByBlock
347
60B
 62
     0
440
 16777216
370
    -2
380
     1
100
AcDbBlockReference
  2
*U7
 10
0.0
 20
950.0
 30
0.0
  0
ENDBLK
  5
A81
330
A6B
100
AcDbEntity
  8
0
100
AcDbBlockEnd
  0
BLOCK
  5
A83
330
A82
100
AcDbEntity
  8
0
100
AcDbBlockBegin
  2
*U7
 70
     1
 10
0.0
 20
0.0
 30
0.0
  3
*U7
  1

  0
LINE
  5
A84
330
A82
100
AcDbEntity
  8
0
  6
Continuous
 62
     7
370
    25
100
AcDbLine
 10
-26.2690127884
 20
-7.427195834100004
 30
0.0
 11
-30.7690127884
 21
9.484338691200008
 31
0.0
  0
LINE
  5
A85
330
A82
100
AcDbEntity
  8
0
  6
Continuous
 62
     7
370
    25
100
AcDbLine
 10
-38.5
 20
7.42719583409999
 30
0.0
 11
-34.0
 21
-9.484338691200008
 31
0.0
  0
ARC
  5
A86
330
A82
100
AcDbEntity
  8
0
  6
Continuous
 62
     7
370
    25
100
AcDbCircle
 10
-34.6345063942
 20
8.455767262600006
 30
0.0
 40
4.000000000000009
100
AcDbArc
 50
14.9005966878001
 51
194.9005966878001
  0
ARC
  5
A87
330
A82
100
AcDbEntity
  8
0
  6
Continuous
 62
     7
370
    25
100
AcDbCircle
 10
-30.1345063942
 20
-8.455767262600006
 30
0.0
 40
4.000000000000022
100
AcDbArc
 50
194.9005966878001
 51
14.90059668780005
  0
LINE
  5
A88
330
A82
100
AcDbEntity
  8
0
  6
Continuous
 62
     7
370
    25
100
AcDbLine
 10
26.2690127884
 20
-7.427195834100004
 30
0.0
 11
30.7690127884
 21
9.484338691200008
 31
0.0
  0
LINE
  5
A89
330
A82
100
AcDbEntity
  8
0
  6
Continuous
 62
     7
370
    25
100
AcDbLine
 10
38.5
 20
7.42719583409999
 30
0.0
 11
34.0
 21
-9.484338691200008
 31
0.0
  0
ARC
  5
A8A
330
A82
100
AcDbEntity
  8
0
  6
Continuous
 62
     7
370
    25
100
AcDbCircle
 10
34.6345063942
 20
8.455767262600006
 30
0.0
 40
4.000000000000009
100
AcDbArc
 50
345.0994033121999
 51
165.0994033121999
  0
ARC
  5
A8B
330
A82
100
AcDbEntity
  8
0
  6
Continuous
 62
     7
370
    25
100
AcDbCircle
 10
30.1345063942
 20
-8.455767262600006
 30
0.0
 40
4.000000000000022
100
AcDbArc
 50
165.0994033122
 51
345.0994033121999
  0
ENDBLK
  5
A8C
330
A82
100
AcDbEntity
  8
0
100
AcDbBlockEnd
  0
BLOCK
  5
B06
330
B05
100
AcDbEntity
  8
0
100
AcDbBlockBegin
  2
DI_LGTOPO
 70
     0
 10
0.0
 20
0.0
 30
0.0
  3
DI_LGTOPO
  1

  0
LINE
  5
B07
330
B05
100
AcDbEntity
  8
LONGARINA
100
AcDbLine
 10
34.36549360584468
 20
106.8942327372788
 30
0.0
 11
34.36549360584468
 21
111.194232737289
 31
0.0
1001
AcDbBlockRepETag
1070
     1
1071
       34
1005
B07
  0
LINE
  5
B08
330
B05
100
AcDbEntity
  8
LONGARINA
100
AcDbLine
 10
34.36549360584468
 20
111.194232737289
 30
0.0
 11
74.36549360584468
 21
111.194232737289
 31
0.0
1001
AcDbBlockRepETag
1070
     1
1071
       35
1005
B08
  0
LINE
  5
B09
330
B05
100
AcDbEntity
  8
LONGARINA
100
AcDbLine
 10
74.36549360584468
 20
111.194232737289
 30
0.0
 11
74.36549360584468
 21
106.894232737277
 31
0.0
1001
AcDbBlockRepETag
1070
     1
1071
       36
1005
B09
  0
LINE
  5
B0A
330
B05
100
AcDbEntity
  8
LONGARINA
100
AcDbLine
 10
74.36549360584468
 20
106.894232737277
 30
0.0
 11
34.36549360584468
 21
106.8942327372788
 31
0.0
1001
AcDbBlockRepETag
1070
     1
1071
       37
1005
B0A
  0
LINE
  5
B0B
330
B05
100
AcDbEntity
  8
LONGARINA
100
AcDbLine
 10
1897.365493605728
 20
106.8942327372664
 30
0.0
 11
1897.365493605728
 21
111.1942327372766
 31
0.0
1001
AcDbBlockRepETag
1070
     1
1071
       38
1005
B0B
  0
LINE
  5
B0C
330
B05
100
AcDbEntity
  8
LONGARINA
100
AcDbLine
 10
1897.365493605728
 20
111.1942327372766
 30
0.0
 11
1857.365493605728
 21
111.1942327372766
 31
0.0
1001
AcDbBlockRepETag
1070
     1
1071
       39
1005
B0C
  0
LINE
  5
B0D
330
B05
100
AcDbEntity
  8
LONGARINA
100
AcDbLine
 10
1857.365493605728
 20
111.1942327372766
 30
0.0
 11
1857.365493605728
 21
106.8942327372646
 31
0.0
1001
AcDbBlockRepETag
1070
     1
1071
       40
1005
B0D
  0
LINE
  5
B0E
330
B05
100
AcDbEntity
  8
LONGARINA
100
AcDbLine
 10
1857.365493605728
 20
106.8942327372646
 30
0.0
 11
1897.365493605728
 21
106.8942327372664
 31
0.0
1001
AcDbBlockRepETag
1070
     1
1071
       41
1005
B0E
  0
LINE
  5
B0F
330
B05
100
AcDbEntity
  8
LONGARINA
  6
CONTINU
 48
2.0
370
    -2
100
AcDbLine
 10
3.681227650842629
 20
94.49592041727738
 30
0.0
 11
0.3115731116849929
 21
80.67304198094644
 31
0.0
1001
AcDbBlockRepETag
1070
     1
1071
       42
1005
B0F
  0
LINE
  5
B10
330
B05
100
AcDbEntity
  8
LONGARINA
  6
CONTINU
 48
2.0
370
    -2
100
AcDbLine
 10
0.491603615693748
 20
80.27165766217513
 30
0.0
 11
7.131464728503488
 21
47.49224517279072
 31
0.0
1001
AcDbBlockRepETag
1070
     1
1071
       43
1005
B10
  0
LINE
  5
B11
330
B05
100
AcDbEntity
  8
LONGARINA
  6
CONTINU
 48
2.0
370
    -2
100
AcDbLine
 10
4.681227650842629
 20
44.49592041727738
 30
0.0
 11
3.681227650842629
 21
44.49592041727738
 31
0.0
1001
AcDbBlockRepETag
1070
     1
1071
       44
1005
B11
  0
LINE
  5
B12
330
B05
100
AcDbEntity
  8
LONGARINA
  6
CONTINU
 48
2.0
370
    -2
100
AcDbLine
 10
3.681227650842629
 20
44.49592041727738
 30
0.0
 11
0.3115731116849929
 21
30.67304198094644
 31
0.0
1001
AcDbBlockRepETag
1070
     1
1071
       45
1005
B12
  0
LINE
  5
B13
330
B05
100
AcDbEntity
  8
LONGARINA
  6
CONTINU
 48
2.0
370
    -2
100
AcDbLine
 10
0.491603615693748
 20
30.27165766217513
 30
0.0
 11
7.131464728503488
 21
-2.507754827209283
 31
0.0
1001
AcDbBlockRepETag
1070
     1
1071
       46
1005
B13
  0
LINE
  5
B14
330
B05
100
AcDbEntity
  8
LONGARINA
  6
CONTINU
 48
2.0
370
    -2
100
AcDbLine
 10
3.681227650842629
 20
-5.504079582722625
 30
0.0
 11
0.3115731116849929
 21
-19.32695801905356
 31
0.0
1001
AcDbBlockRepETag
1070
     1
1071
       47
1005
B14
  0
LINE
  5
B15
330
B05
100
AcDbEntity
  8
LONGARINA
  6
CONTINU
 48
2.0
370
    -2
100
AcDbLine
 10
0.491603615693748
 20
-19.72834233782487
 30
0.0
 11
3.201360649196431
 21
-33.1057672626921
 31
0.0
1001
AcDbBlockRepETag
1070
     1
1071
       48
1005
B15
  0
LINE
  5
B16
330
B05
100
AcDbEntity
  8
LONGARINA
  6
CONTINU
 48
2.0
370
    -2
100
AcDbLine
 10
3.201360649196431
 20
-33.1057672626921
 30
0.0
 11
6.088111995137297
 21
-38.1057672626921
 31
0.0
1001
AcDbBlockRepETag
1070
     1
1071
       49
1005
B16
  0
LINE
  5
B17
330
B05
100
AcDbEntity
  8
LONGARINA
  6
CONTINU
 48
2.0
370
    -2
100
AcDbLine
 10
12.82874225988053
 20
-38.1057672626921
 30
0.0
 11
15.71549360593781
 21
-33.1057672627212
 31
0.0
1001
AcDbBlockRepETag
1070
     1
1071
       50
1005
B17
  0
LINE
  5
B18
330
B05
100
AcDbEntity
  8
LONGARINA
  6
CONTINU
 48
2.0
370
    -2
100
AcDbLine
 10
15.71549360593781
 20
-33.1057672627212
 30
0.0
 11
15.71549360593781
 21
106.8942327372788
 31
0.0
1001
AcDbBlockRepETag
1070
     1
1071
       51
1005
B18
  0
LINE
  5
B19
330
B05
100
AcDbEntity
  8
LONGARINA
  6
CONTINU
 48
2.0
370
    -2
100
AcDbLine
 10
15.71549360593781
 20
106.8942327372788
 30
0.0
 11
12.82874225988053
 21
111.8942327372788
 31
0.0
1001
AcDbBlockRepETag
1070
     1
1071
       52
1005
B19
  0
LINE
  5
B1A
330
B05
100
AcDbEntity
  8
LONGARINA
  6
CONTINU
 48
2.0
370
    -2
100
AcDbLine
 10
6.088111995137297
 20
111.8942327372788
 30
0.0
 11
4.700877974973992
 21
109.4914729323355
 31
0.0
1001
AcDbBlockRepETag
1070
     1
1071
       53
1005
B1A
  0
LINE
  5
B1B
330
B05
100
AcDbEntity
  8
LONGARINA
  6
CONTINU
 48
2.0
370
    -2
100
AcDbLine
 10
4.700877974973992
 20
109.4914729323355
 30
0.0
 11
7.131466130842455
 21
97.49223824901856
 31
0.0
1001
AcDbBlockRepETag
1070
     1
1071
       54
1005
B1B
  0
LINE
  5
B1C
330
B05
100
AcDbEntity
  8
LONGARINA
  6
CONTINU
 48
2.0
370
    -2
100
AcDbLine
 10
6.088111995137297
 20
-38.1057672626921
 30
0.0
 11
12.61549360584468
 21
-38.1057672626921
 31
0.0
1001
AcDbBlockRepETag
1070
     1
1071
       55
1005
B1C
  0
LINE
  5
B1D
330
B05
100
AcDbEntity
  8
LONGARINA
  6
CONTINU
 48
2.0
370
    -2
100
AcDbLine
 10
12.61549360584468
 20
-38.1057672626921
 30
0.0
 11
12.82874225988053
 21
-38.1057672626921
 31
0.0
1001
AcDbBlockRepETag
1070
     1
1071
       56
1005
B1D
  0
LINE
  5
B1E
330
B05
100
AcDbEntity
  8
LONGARINA
  6
CONTINU
 48
2.0
370
    -2
100
AcDbLine
 10
12.82874225988053
 20
111.8942327372788
 30
0.0
 11
12.61549360584468
 21
111.8942327372788
 31
0.0
1001
AcDbBlockRepETag
1070
     1
1071
       57
1005
B1E
  0
LINE
  5
B1F
330
B05
100
AcDbEntity
  8
LONGARINA
  6
CONTINU
 48
2.0
370
    -2
100
AcDbLine
 10
12.61549360584468
 20
111.8942327372788
 30
0.0
 11
6.088111995137297
 21
111.8942327372788
 31
0.0
1001
AcDbBlockRepETag
1070
     1
1071
       58
1005
B1F
  0
LINE
  5
B20
330
B05
100
AcDbEntity
  8
LONGARINA
  6
CONTINU
 48
2.0
370
    -2
100
AcDbLine
 10
19.36549360584468
 20
-33.1057672627212
 30
0.0
 11
19.36549360584468
 21
106.8942327372788
 31
0.0
1001
AcDbBlockRepETag
1070
     1
1071
       59
1005
B20
  0
LINE
  5
B21
330
B05
100
AcDbEntity
  8
LONGARINA
  6
CONTINU
 48
2.0
370
    -2
100
AcDbLine
 10
15.71549360593781
 20
106.8942327372788
 30
0.0
 11
19.36549360584468
 21
106.8942327372788
 31
0.0
1001
AcDbBlockRepETag
1070
     1
1071
       60
1005
B21
  0
LINE
  5
B22
330
B05
100
AcDbEntity
  8
LONGARINA
  6
CONTINU
 48
2.0
370
    -2
100
AcDbLine
 10
19.36549360584468
 20
-33.1057672627212
 30
0.0
 11
15.71549360593781
 21
-33.1057672626921
 31
0.0
1001
AcDbBlockRepETag
1070
     1
1071
       61
1005
B22
  0
LINE
  5
B23
330
B05
100
AcDbEntity
  8
LONGARINA
  6
CONTINU
 48
2.0
370
    -2
100
AcDbLine
 10
2.735921198618598
 20
-5.273638709477382
 30
0.0
 11
0.1350733628496528
 21
-4.639620349596953
 31
0.0
1001
AcDbBlockRepETag
1070
     1
1071
       62
1005
B23
  0
LINE
  5
B24
330
B05
100
AcDbEntity
  8
LONGARINA
  6
CONTINU
 48
2.0
370
    -2
100
AcDbLine
 10
-0.2516530692810193
 20
-18.95532312002615
 30
0.0
 11
-0.9763043854618445
 21
-18.7786721708253
 31
0.0
1001
AcDbBlockRepETag
1070
     1
1071
       63
1005
B24
  0
LINE
  5
B25
330
B05
100
AcDbEntity
  8
LONGARINA
  6
CONTINU
 48
2.0
370
    -2
100
AcDbLine
 10
-3.1806606821483
 20
-18.24130802956643
 30
0.0
 11
-0.9763043854618445
 21
-18.7786721708253
 31
0.0
1001
AcDbBlockRepETag
1070
     1
1071
       64
1005
B25
  0
LINE
  5
B26
330
B05
100
AcDbEntity
  8
LONGARINA
  6
CONTINU
 48
2.0
370
    -2
100
AcDbLine
 10
-3.1806606821483
 20
-18.24130802953732
 30
0.0
 11
0.1350733628496528
 21
-4.639620349596953
 31
0.0
1001
AcDbBlockRepETag
1070
     1
1071
       65
1005
B26
  0
LINE
  5
B27
330
B05
100
AcDbEntity
  8
LONGARINA
  6
CONTINU
 48
2.0
370
    -2
100
AcDbLine
 10
2.735921198618598
 20
44.72636129052262
 30
0.0
 11
0.1350733628496528
 21
45.36037965040305
 31
0.0
1001
AcDbBlockRepETag
1070
     1
1071
       66
1005
B27
  0
LINE
  5
B28
330
B05
100
AcDbEntity
  8
LONGARINA
  6
CONTINU
 48
2.0
370
    -2
100
AcDbLine
 10
2.735921198618598
 20
44.72636129052262
 30
0.0
 11
3.681227650842629
 21
44.49592041727738
 31
0.0
1001
AcDbBlockRepETag
1070
     1
1071
       67
1005
B28
  0
LINE
  5
B29
330
B05
100
AcDbEntity
  8
LONGARINA
  6
CONTINU
 48
2.0
370
    -2
100
AcDbLine
 10
-0.2516530692810193
 20
31.04467687997385
 30
0.0
 11
-3.1806606821483
 21
31.75869197037537
 31
0.0
1001
AcDbBlockRepETag
1070
     1
1071
       68
1005
B29
  0
LINE
  5
B2A
330
B05
100
AcDbEntity
  8
LONGARINA
  6
CONTINU
 48
2.0
370
    -2
100
AcDbLine
 10
-3.1806606821483
 20
31.75869197037537
 30
0.0
 11
0.1350733628496528
 21
45.36037965040305
 31
0.0
1001
AcDbBlockRepETag
1070
     1
1071
       69
1005
B2A
  0
LINE
  5
B2B
330
B05
100
AcDbEntity
  8
LONGARINA
  6
CONTINU
 48
2.0
370
    -2
100
AcDbLine
 10
-3.180660685990006
 20
81.758691971394
 30
0.0
 11
-0.2516506365500391
 21
81.04467508310336
 31
0.0
1001
AcDbBlockRepETag
1070
     1
1071
       70
1005
B2B
  0
LINE
  5
B2C
330
B05
100
AcDbEntity
  8
LONGARINA
  6
CONTINU
 48
2.0
370
    -2
100
AcDbLine
 10
-3.180660685990006
 20
81.7586919713649
 30
0.0
 11
0.1350733628496528
 21
95.36037965040305
 31
0.0
1001
AcDbBlockRepETag
1070
     1
1071
       71
1005
B2C
  0
LINE
  5
B2D
330
B05
100
AcDbEntity
  8
LONGARINA
  6
CONTINU
 48
2.0
370
    -2
100
AcDbLine
 10
0.1350733628496528
 20
95.36037965040305
 30
0.0
 11
3.681227650842629
 21
94.49592041724827
 31
0.0
1001
AcDbBlockRepETag
1070
     1
1071
       72
1005
B2D
  0
ARC
  5
B2E
330
B05
100
AcDbEntity
  8
LONGARINA
  6
CONTINU
 48
2.0
370
    -2
100
AcDbCircle
 10
4.68122973293066
 20
96.99591602478176
 30
0.0
 40
2.499995607534359
100
AcDbArc
 50
269.9999522819734
 51
11.45099897178764
1001
AcDbBlockRepETag
1070
     1
1071
       73
1005
B2E
  0
ARC
  5
B2F
330
B05
100
AcDbEntity
  8
LONGARINA
  6
CONTINU
 48
2.0
370
    -2
100
AcDbCircle
 10
-0.4952757746214047
 20
80.06660290967557
 30
0.0
 40
1.007957531003227
100
AcDbArc
 50
11.73795370551387
 51
76.01299690965584
1001
AcDbBlockRepETag
1070
     1
1071
       74
1005
B2F
  0
ARC
  5
B30
330
B05
100
AcDbEntity
  8
LONGARINA
  6
CONTINU
 48
2.0
370
    -2
100
AcDbCircle
 10
-0.4952782073523849
 20
30.06660470654606
 30
0.0
 40
1.007957531003227
100
AcDbArc
 50
11.73795370551387
 51
76.01299690965584
1001
AcDbBlockRepETag
1070
     1
1071
       75
1005
B30
  0
ARC
  5
B31
330
B05
100
AcDbEntity
  8
LONGARINA
  6
CONTINU
 48
2.0
370
    -2
100
AcDbCircle
 10
-0.4952782073523849
 20
-19.93339529345394
 30
0.0
 40
1.007957531003227
100
AcDbArc
 50
11.73795370551387
 51
76.01299690965584
1001
AcDbBlockRepETag
1070
     1
1071
       76
1005
B31
  0
ARC
  5
B32
330
B05
100
AcDbEntity
  8
LONGARINA
  6
CONTINU
 48
2.0
370
    -2
100
AcDbCircle
 10
4.68122973293066
 20
96.99591602472356
 30
0.0
 40
2.499995607447048
100
AcDbArc
 50
269.9999522819734
 51
11.45099897388351
1001
AcDbBlockRepETag
1070
     1
1071
       77
1005
B32
  0
ARC
  5
B33
330
B05
100
AcDbEntity
  8
LONGARINA
  6
CONTINU
 48
2.0
370
    -2
100
AcDbCircle
 10
4.68122973293066
 20
46.99591602472356
 30
0.0
 40
2.499995607447048
100
AcDbArc
 50
269.9999522819734
 51
11.45099897388351
1001
AcDbBlockRepETag
1070
     1
1071
       78
1005
B33
  0
ARC
  5
B34
330
B05
100
AcDbEntity
  8
LONGARINA
  6
CONTINU
 48
2.0
370
    -2
100
AcDbCircle
 10
4.68122973293066
 20
-3.004083975276444
 30
0.0
 40
2.499995607447048
100
AcDbArc
 50
269.9999522819734
 51
11.45099897388351
1001
AcDbBlockRepETag
1070
     1
1071
       79
1005
B34
  0
LINE
  5
B35
330
B05
100
AcDbEntity
  8
LONGARINA
  6
CONTINU
 48
2.0
370
    -2
100
AcDbLine
 10
1912.365493605728
 20
26.89423273723185
 30
0.0
 11
19.36549360584468
 21
26.8942327372788
 31
0.0
1001
AcDbBlockRepETag
1070
     1
1071
       80
1005
B35
  0
LINE
  5
B36
330
B05
100
AcDbEntity
  8
LONGARINA
  6
CONTINU
 48
2.0
370
    -2
100
AcDbLine
 10
1912.365493605728
 20
106.8942327372318
 30
0.0
 11
19.36549360584468
 21
106.8942327372788
 31
0.0
1001
AcDbBlockRepETag
1070
     1
1071
       81
1005
B36
  0
ARC
  5
B37
330
B05
100
AcDbEntity
  8
LONGARINA
  6
CONTINU
 48
2.0
370
    -2
100
AcDbCircle
 10
0.0
 20
0.0
 30
0.0
 40
4.000000000006087
100
AcDbArc
 50
345.0994033113399
 51
165.09940331134
1001
AcDbBlockRepETag
1070
     1
1071
       82
1005
B37
  0
ARC
  5
B38
330
B05
100
AcDbEntity
  8
LONGARINA
  6
CONTINU
 48
2.0
370
    -2
100
AcDbCircle
 10
-4.5
 20
-16.91153452533763
 30
0.0
 40
4.000000000006087
100
AcDbArc
 50
165.09940331134
 51
332.1259905657013
1001
AcDbBlockRepETag
1070
     1
1071
       83
1005
B38
  0
LINE
  5
B39
330
B05
100
AcDbEntity
  8
LONGARINA
  6
CONTINU
 48
2.0
370
    -2
100
AcDbLine
 10
3.865493605844676
 20
-1.028571428585565
 30
0.0
 11
2.735921198502183
 21
-5.273638709448278
 31
0.0
1001
AcDbBlockRepETag
1070
     1
1071
       84
1005
B39
  0
LINE
  5
B3A
330
B05
100
AcDbEntity
  8
LONGARINA
  6
CONTINU
 48
2.0
370
    -2
100
AcDbLine
 10
-8.365493605728261
 20
-15.88296309675206
 30
0.0
 11
-3.865493605844676
 21
1.028571428556461
 31
0.0
1001
AcDbBlockRepETag
1070
     1
1071
       85
1005
B3A
  0
LINE
  5
B3B
330
B05
100
AcDbEntity
  8
LONGARINA
  6
CONTINU
 48
2.0
370
    -2
100
AcDbLine
 10
1927.04975956073
 20
94.49592041725953
 30
0.0
 11
1928.04975956073
 21
94.49592041725953
 31
0.0
1001
AcDbBlockRepETag
1070
     1
1071
       86
1005
B3B
  0
LINE
  5
B3C
330
B05
100
AcDbEntity
  8
LONGARINA
  6
CONTINU
 48
2.0
370
    -2
100
AcDbLine
 10
1928.04975956073
 20
94.49592041725953
 30
0.0
 11
1931.419414099888
 21
80.67304198092859
 31
0.0
1001
AcDbBlockRepETag
1070
     1
1071
       87
1005
B3C
  0
LINE
  5
B3D
330
B05
100
AcDbEntity
  8
LONGARINA
  6
CONTINU
 48
2.0
370
    -2
100
AcDbLine
 10
1931.239383595879
 20
80.27165766215728
 30
0.0
 11
1924.599522483069
 21
47.49224517277287
 31
0.0
1001
AcDbBlockRepETag
1070
     1
1071
       88
1005
B3D
  0
LINE
  5
B3E
330
B05
100
AcDbEntity
  8
LONGARINA
  6
CONTINU
 48
2.0
370
    -2
100
AcDbLine
 10
1927.04975956073
 20
44.49592041725953
 30
0.0
 11
1928.04975956073
 21
44.49592041725953
 31
0.0
1001
AcDbBlockRepETag
1070
     1
1071
       89
1005
B3E
  0
LINE
  5
B3F
330
B05
100
AcDbEntity
  8
LONGARINA
  6
CONTINU
 48
2.0
370
    -2
100
AcDbLine
 10
1928.04975956073
 20
44.49592041725953
 30
0.0
 11
1931.419414099888
 21
30.67304198092859
 31
0.0
1001
AcDbBlockRepETag
1070
     1
1071
       90
1005
B3F
  0
LINE
  5
B40
330
B05
100
AcDbEntity
  8
LONGARINA
  6
CONTINU
 48
2.0
370
    -2
100
AcDbLine
 10
1931.239383595879
 20
30.27165766215728
 30
0.0
 11
1924.599522483069
 21
-2.507754827227131
 31
0.0
1001
AcDbBlockRepETag
1070
     1
1071
       91
1005
B40
  0
LINE
  5
B41
330
B05
100
AcDbEntity
  8
LONGARINA
  6
CONTINU
 48
2.0
370
    -2
100
AcDbLine
 10
1927.04975956073
 20
-5.504079582740474
 30
0.0
 11
1928.04975956073
 21
-5.504079582740474
 31
0.0
1001
AcDbBlockRepETag
1070
     1
1071
       92
1005
B41
  0
LINE
  5
B42
330
B05
100
AcDbEntity
  8
LONGARINA
  6
CONTINU
 48
2.0
370
    -2
100
AcDbLine
 10
1928.04975956073
 20
-5.504079582740474
 30
0.0
 11
1931.419414099888
 21
-19.32695801907141
 31
0.0
1001
AcDbBlockRepETag
1070
     1
1071
       93
1005
B42
  0
LINE
  5
B43
330
B05
100
AcDbEntity
  8
LONGARINA
  6
CONTINU
 48
2.0
370
    -2
100
AcDbLine
 10
1931.239383595879
 20
-19.72834233784272
 30
0.0
 11
1928.529626562376
 21
-33.10576726270995
 31
0.0
1001
AcDbBlockRepETag
1070
     1
1071
       94
1005
B43
  0
LINE
  5
B44
330
B05
100
AcDbEntity
  8
LONGARINA
  6
CONTINU
 48
2.0
370
    -2
100
AcDbLine
 10
1928.529626562376
 20
-33.10576726270995
 30
0.0
 11
1925.642875216435
 21
-38.10576726270995
 31
0.0
1001
AcDbBlockRepETag
1070
     1
1071
       95
1005
B44
  0
LINE
  5
B45
330
B05
100
AcDbEntity
  8
LONGARINA
  6
CONTINU
 48
2.0
370
    -2
100
AcDbLine
 10
1918.902244951692
 20
-38.10576726270995
 30
0.0
 11
1916.015493605635
 21
-33.10576726273905
 31
0.0
1001
AcDbBlockRepETag
1070
     1
1071
       96
1005
B45
  0
LINE
  5
B46
330
B05
100
AcDbEntity
  8
LONGARINA
  6
CONTINU
 48
2.0
370
    -2
100
AcDbLine
 10
1916.015493605635
 20
106.8942327372609
 30
0.0
 11
1918.902244951692
 21
111.8942327372609
 31
0.0
1001
AcDbBlockRepETag
1070
     1
1071
       97
1005
B46
  0
LINE
  5
B47
330
B05
100
AcDbEntity
  8
LONGARINA
  6
CONTINU
 48
2.0
370
    -2
100
AcDbLine
 10
1925.642875216435
 20
111.8942327372609
 30
0.0
 11
1927.030109236599
 21
109.4914729323176
 31
0.0
1001
AcDbBlockRepETag
1070
     1
1071
       98
1005
B47
  0
LINE
  5
B48
330
B05
100
AcDbEntity
  8
LONGARINA
  6
CONTINU
 48
2.0
370
    -2
100
AcDbLine
 10
1927.030109236599
 20
109.4914729323176
 30
0.0
 11
1924.59952108073
 21
97.4922382490007
 31
0.0
1001
AcDbBlockRepETag
1070
     1
1071
       99
1005
B48
  0
LINE
  5
B49
330
B05
100
AcDbEntity
  8
LONGARINA
  6
CONTINU
 48
2.0
370
    -2
100
AcDbLine
 10
1927.04975956073
 20
94.49592041723042
 30
0.0
 11
1928.04975956073
 21
94.49592041723042
 31
0.0
1001
AcDbBlockRepETag
1070
     1
1071
      100
1005
B49
  0
LINE
  5
B4A
330
B05
100
AcDbEntity
  8
LONGARINA
  6
CONTINU
 48
2.0
370
    -2
100
AcDbLine
 10
1925.642875216435
 20
-38.10576726270995
 30
0.0
 11
1919.115493605728
 21
-38.10576726270995
 31
0.0
1001
AcDbBlockRepETag
1070
     1
1071
      101
1005
B4A
  0
LINE
  5
B4B
330
B05
100
AcDbEntity
  8
LONGARINA
  6
CONTINU
 48
2.0
370
    -2
100
AcDbLine
 10
1919.115493605728
 20
-38.10576726270995
 30
0.0
 11
1918.902244951692
 21
-38.10576726270995
 31
0.0
1001
AcDbBlockRepETag
1070
     1
1071
      102
1005
B4B
  0
LINE
  5
B4C
330
B05
100
AcDbEntity
  8
LONGARINA
  6
CONTINU
 48
2.0
370
    -2
100
AcDbLine
 10
1918.902244951692
 20
111.8942327372609
 30
0.0
 11
1919.115493605728
 21
111.8942327372609
 31
0.0
1001
AcDbBlockRepETag
1070
     1
1071
      103
1005
B4C
  0
LINE
  5
B4D
330
B05
100
AcDbEntity
  8
LONGARINA
  6
CONTINU
 48
2.0
370
    -2
100
AcDbLine
 10
1919.115493605728
 20
111.8942327372609
 30
0.0
 11
1925.642875216435
 21
111.8942327372609
 31
0.0
1001
AcDbBlockRepETag
1070
     1
1071
      104
1005
B4D
  0
LINE
  5
B4E
330
B05
100
AcDbEntity
  8
LONGARINA
  6
CONTINU
 48
2.0
370
    -2
100
AcDbLine
 10
1912.365493605728
 20
-33.10576726273905
 30
0.0
 11
1912.365493605728
 21
106.8942327372609
 31
0.0
1001
AcDbBlockRepETag
1070
     1
1071
      105
1005
B4E
  0
LINE
  5
B4F
330
B05
100
AcDbEntity
  8
LONGARINA
  6
CONTINU
 48
2.0
370
    -2
100
AcDbLine
 10
1916.015493605635
 20
106.8942327372609
 30
0.0
 11
1912.365493605728
 21
106.8942327372609
 31
0.0
1001
AcDbBlockRepETag
1070
     1
1071
      106
1005
B4F
  0
LINE
  5
B50
330
B05
100
AcDbEntity
  8
LONGARINA
  6
CONTINU
 48
2.0
370
    -2
100
AcDbLine
 10
1912.365493605728
 20
-33.10576726273905
 30
0.0
 11
1916.015493605635
 21
-33.10576726273905
 31
0.0
1001
AcDbBlockRepETag
1070
     1
1071
      107
1005
B50
  0
LINE
  5
B51
330
B05
100
AcDbEntity
  8
LONGARINA
  6
CONTINU
 48
2.0
370
    -2
100
AcDbLine
 10
1928.995066012954
 20
-5.273638709495231
 30
0.0
 11
1931.595913848723
 21
-4.639620349614802
 31
0.0
1001
AcDbBlockRepETag
1070
     1
1071
      108
1005
B51
  0
LINE
  5
B52
330
B05
100
AcDbEntity
  8
LONGARINA
  6
CONTINU
 48
2.0
370
    -2
100
AcDbLine
 10
1928.995066012954
 20
-5.273638709495231
 30
0.0
 11
1928.04975956073
 21
-5.504079582740474
 31
0.0
1001
AcDbBlockRepETag
1070
     1
1071
      109
1005
B52
  0
LINE
  5
B53
330
B05
100
AcDbEntity
  8
LONGARINA
  6
CONTINU
 48
2.0
370
    -2
100
AcDbLine
 10
1931.982640280854
 20
-18.955323120044
 30
0.0
 11
1932.707291597034
 21
-18.77867217084315
 31
0.0
1001
AcDbBlockRepETag
1070
     1
1071
      110
1005
B53
  0
LINE
  5
B54
330
B05
100
AcDbEntity
  8
LONGARINA
  6
CONTINU
 48
2.0
370
    -2
100
AcDbLine
 10
1934.911647893721
 20
-18.24130802958427
 30
0.0
 11
1932.707291597034
 21
-18.77867217084315
 31
0.0
1001
AcDbBlockRepETag
1070
     1
1071
      111
1005
B54
  0
LINE
  5
B55
330
B05
100
AcDbEntity
  8
LONGARINA
  6
CONTINU
 48
2.0
370
    -2
100
AcDbLine
 10
1934.911647893721
 20
-18.24130802955517
 30
0.0
 11
1931.595913848723
 21
-4.639620349614802
 31
0.0
1001
AcDbBlockRepETag
1070
     1
1071
      112
1005
B55
  0
LINE
  5
B56
330
B05
100
AcDbEntity
  8
LONGARINA
  6
CONTINU
 48
2.0
370
    -2
100
AcDbLine
 10
1928.995066012954
 20
44.72636129050477
 30
0.0
 11
1931.595913848723
 21
45.3603796503852
 31
0.0
1001
AcDbBlockRepETag
1070
     1
1071
      113
1005
B56
  0
LINE
  5
B57
330
B05
100
AcDbEntity
  8
LONGARINA
  6
CONTINU
 48
2.0
370
    -2
100
AcDbLine
 10
1928.995066012954
 20
44.72636129050477
 30
0.0
 11
1928.04975956073
 21
44.49592041725953
 31
0.0
1001
AcDbBlockRepETag
1070
     1
1071
      114
1005
B57
  0
LINE
  5
B58
330
B05
100
AcDbEntity
  8
LONGARINA
  6
CONTINU
 48
2.0
370
    -2
100
AcDbLine
 10
1931.982640280854
 20
31.044676879956
 30
0.0
 11
1934.911647893721
 21
31.75869197035752
 31
0.0
1001
AcDbBlockRepETag
1070
     1
1071
      115
1005
B58
  0
LINE
  5
B59
330
B05
100
AcDbEntity
  8
LONGARINA
  6
CONTINU
 48
2.0
370
    -2
100
AcDbLine
 10
1934.911647893721
 20
31.75869197035752
 30
0.0
 11
1931.595913848723
 21
45.3603796503852
 31
0.0
1001
AcDbBlockRepETag
1070
     1
1071
      116
1005
B59
  0
LINE
  5
B5A
330
B05
100
AcDbEntity
  8
LONGARINA
  6
CONTINU
 48
2.0
370
    -2
100
AcDbLine
 10
1928.995066012954
 20
94.72636129050477
 30
0.0
 11
1931.595913848723
 21
95.3603796503852
 31
0.0
1001
AcDbBlockRepETag
1070
     1
1071
      117
1005
B5A
  0
LINE
  5
B5B
330
B05
100
AcDbEntity
  8
LONGARINA
  6
CONTINU
 48
2.0
370
    -2
100
AcDbLine
 10
1928.995066012954
 20
94.72636129050477
 30
0.0
 11
1928.04975956073
 21
94.49592041725953
 31
0.0
1001
AcDbBlockRepETag
1070
     1
1071
      118
1005
B5B
  0
LINE
  5
B5C
330
B05
100
AcDbEntity
  8
LONGARINA
  6
CONTINU
 48
2.0
370
    -2
100
AcDbLine
 10
1934.911647897563
 20
81.75869197137615
 30
0.0
 11
1931.982637848123
 21
81.04467508308551
 31
0.0
1001
AcDbBlockRepETag
1070
     1
1071
      119
1005
B5C
  0
LINE
  5
B5D
330
B05
100
AcDbEntity
  8
LONGARINA
  6
CONTINU
 48
2.0
370
    -2
100
AcDbLine
 10
1934.911647897563
 20
81.75869197134705
 30
0.0
 11
1931.595913848723
 21
95.3603796503852
 31
0.0
1001
AcDbBlockRepETag
1070
     1
1071
      120
1005
B5D
  0
LINE
  5
B5E
330
B05
100
AcDbEntity
  8
LONGARINA
  6
CONTINU
 48
2.0
370
    -2
100
AcDbLine
 10
1931.595913848723
 20
95.3603796503852
 30
0.0
 11
1928.04975956073
 21
94.49592041723042
 31
0.0
1001
AcDbBlockRepETag
1070
     1
1071
      121
1005
B5E
  0
ARC
  5
B5F
330
B05
100
AcDbEntity
  8
LONGARINA
  6
CONTINU
 48
2.0
370
    -2
100
AcDbCircle
 10
1927.049757478643
 20
96.99591602476403
 30
0.0
 40
2.499995607535101
100
AcDbArc
 50
168.5490010282144
 51
270.0000477180057
1001
AcDbBlockRepETag
1070
     1
1071
      122
1005
B5F
  0
ARC
  5
B60
330
B05
100
AcDbEntity
  8
LONGARINA
  6
CONTINU
 48
2.0
370
    -2
100
AcDbCircle
 10
1932.226262986195
 20
80.06660290965749
 30
0.0
 40
1.007957531004038
100
AcDbArc
 50
103.987003090385
 51
168.2620462944777
1001
AcDbBlockRepETag
1070
     1
1071
      123
1005
B60
  0
ARC
  5
B61
330
B05
100
AcDbEntity
  8
LONGARINA
  6
CONTINU
 48
2.0
370
    -2
100
AcDbCircle
 10
1932.226265418925
 20
30.06660470652832
 30
0.0
 40
1.007957531003714
100
AcDbArc
 50
103.9870030902831
 51
168.2620462944903
1001
AcDbBlockRepETag
1070
     1
1071
      124
1005
B61
  0
ARC
  5
B62
330
B05
100
AcDbEntity
  8
LONGARINA
  6
CONTINU
 48
2.0
370
    -2
100
AcDbCircle
 10
1932.226265418925
 20
-19.93339529347179
 30
0.0
 40
1.007957531003726
100
AcDbArc
 50
103.9870030902831
 51
168.262046294484
1001
AcDbBlockRepETag
1070
     1
1071
      125
1005
B62
  0
ARC
  5
B63
330
B05
100
AcDbEntity
  8
LONGARINA
  6
CONTINU
 48
2.0
370
    -2
100
AcDbCircle
 10
1927.049757478642
 20
96.9959160247056
 30
0.0
 40
2.499995607446286
100
AcDbArc
 50
168.5490010261077
 51
270.0000477180266
1001
AcDbBlockRepETag
1070
     1
1071
      126
1005
B63
  0
ARC
  5
B64
330
B05
100
AcDbEntity
  8
LONGARINA
  6
CONTINU
 48
2.0
370
    -2
100
AcDbCircle
 10
1927.049757478642
 20
46.99591602470559
 30
0.0
 40
2.499995607446283
100
AcDbArc
 50
168.5490010261077
 51
270.0000477180266
1001
AcDbBlockRepETag
1070
     1
1071
      127
1005
B64
  0
ARC
  5
B65
330
B05
100
AcDbEntity
  8
LONGARINA
  6
CONTINU
 48
2.0
370
    -2
100
AcDbCircle
 10
1927.049757478642
 20
-3.004083975294407
 30
0.0
 40
2.499995607446285
100
AcDbArc
 50
168.5490010261077
 51
270.0000477180266
1001
AcDbBlockRepETag
1070
     1
1071
      128
1005
B65
  0
ARC
  5
B66
330
B05
100
AcDbEntity
  8
LONGARINA
  6
CONTINU
 48
2.0
370
    -2
100
AcDbCircle
 10
1931.730987211573
 20
-0.0000000000178488
 30
0.0
 40
4.000000000006055
100
AcDbArc
 50
14.9005966886569
 51
194.9005966886632
1001
AcDbBlockRepETag
1070
     1
1071
      129
1005
B66
  0
ARC
  5
B67
330
B05
100
AcDbEntity
  8
LONGARINA
  6
CONTINU
 48
2.0
370
    -2
100
AcDbCircle
 10
1936.230987211573
 20
-16.91153452535559
 30
0.0
 40
4.000000000006022
100
AcDbArc
 50
207.8740094345566
 51
14.90059668865847
1001
AcDbBlockRepETag
1070
     1
1071
      130
1005
B67
  0
LINE
  5
B68
330
B05
100
AcDbEntity
  8
LONGARINA
  6
CONTINU
 48
2.0
370
    -2
100
AcDbLine
 10
1927.865493605728
 20
-1.028571428603414
 30
0.0
 11
1928.99506601307
 21
-5.273638709466127
 31
0.0
1001
AcDbBlockRepETag
1070
     1
1071
      131
1005
B68
  0
LINE
  5
B69
330
B05
100
AcDbEntity
  8
LONGARINA
  6
CONTINU
 48
2.0
370
    -2
100
AcDbLine
 10
1940.096480817301
 20
-15.88296309676991
 30
0.0
 11
1935.596480817417
 21
1.028571428538612
 31
0.0
1001
AcDbBlockRepETag
1070
     1
1071
      132
1005
B69
  0
LINE
  5
B6A
330
B05
100
AcDbEntity
  8
LONGARINA
  6
CONTINU
 48
2.0
370
    -2
100
AcDbLine
 10
1915.865493605728
 20
-33.10576726273905
 30
0.0
 11
1915.865493605728
 21
106.8942327372609
 31
0.0
1001
AcDbBlockRepETag
1070
     1
1071
      133
1005
B6A
  0
LINE
  5
B6B
330
B05
100
AcDbEntity
  8
LONGARINA
100
AcDbLine
 10
34.36549360584468
 20
106.8942327372788
 30
0.0
 11
34.36549360584468
 21
111.194232737289
 31
0.0
1001
AcDbBlockRepETag
1070
     1
1071
       34
1005
B6B
  0
LINE
  5
B6C
330
B05
100
AcDbEntity
  8
LONGARINA
100
AcDbLine
 10
34.36549360584468
 20
111.194232737289
 30
0.0
 11
74.36549360584468
 21
111.194232737289
 31
0.0
1001
AcDbBlockRepETag
1070
     1
1071
       35
1005
B6C
  0
LINE
  5
B6D
330
B05
100
AcDbEntity
  8
LONGARINA
100
AcDbLine
 10
74.36549360584468
 20
111.194232737289
 30
0.0
 11
74.36549360584468
 21
106.894232737277
 31
0.0
1001
AcDbBlockRepETag
1070
     1
1071
       36
1005
B6D
  0
LINE
  5
B6E
330
B05
100
AcDbEntity
  8
LONGARINA
100
AcDbLine
 10
74.36549360584468
 20
106.894232737277
 30
0.0
 11
34.36549360584468
 21
106.8942327372788
 31
0.0
1001
AcDbBlockRepETag
1070
     1
1071
       37
1005
B6E
  0
LINE
  5
B6F
330
B05
100
AcDbEntity
  8
LONGARINA
100
AcDbLine
 10
1897.365493605728
 20
106.8942327372664
 30
0.0
 11
1897.365493605728
 21
111.1942327372766
 31
0.0
1001
AcDbBlockRepETag
1070
     1
1071
       38
1005
B6F
  0
LINE
  5
B70
330
B05
100
AcDbEntity
  8
LONGARINA
100
AcDbLine
 10
1897.365493605728
 20
111.1942327372766
 30
0.0
 11
1857.365493605728
 21
111.1942327372766
 31
0.0
1001
AcDbBlockRepETag
1070
     1
1071
       39
1005
B70
  0
LINE
  5
B71
330
B05
100
AcDbEntity
  8
LONGARINA
100
AcDbLine
 10
1857.365493605728
 20
111.1942327372766
 30
0.0
 11
1857.365493605728
 21
106.8942327372646
 31
0.0
1001
AcDbBlockRepETag
1070
     1
1071
       40
1005
B71
  0
LINE
  5
B72
330
B05
100
AcDbEntity
  8
LONGARINA
100
AcDbLine
 10
1857.365493605728
 20
106.8942327372646
 30
0.0
 11
1897.365493605728
 21
106.8942327372664
 31
0.0
1001
AcDbBlockRepETag
1070
     1
1071
       41
1005
B72
  0
LINE
  5
B73
330
B05
100
AcDbEntity
  8
LONGARINA
  6
CONTINU
 48
2.0
370
    -2
100
AcDbLine
 10
3.681227650842629
 20
94.49592041727738
 30
0.0
 11
0.3115731116849929
 21
80.67304198094644
 31
0.0
1001
AcDbBlockRepETag
1070
     1
1071
       42
1005
B73
  0
LINE
  5
B74
330
B05
100
AcDbEntity
  8
LONGARINA
  6
CONTINU
 48
2.0
370
    -2
100
AcDbLine
 10
0.491603615693748
 20
80.27165766217513
 30
0.0
 11
7.131464728503488
 21
47.49224517279072
 31
0.0
1001
AcDbBlockRepETag
1070
     1
1071
       43
1005
B74
  0
LINE
  5
B75
330
B05
100
AcDbEntity
  8
LONGARINA
  6
CONTINU
 48
2.0
370
    -2
100
AcDbLine
 10
4.681227650842629
 20
44.49592041727738
 30
0.0
 11
3.681227650842629
 21
44.49592041727738
 31
0.0
1001
AcDbBlockRepETag
1070
     1
1071
       44
1005
B75
  0
LINE
  5
B76
330
B05
100
AcDbEntity
  8
LONGARINA
  6
CONTINU
 48
2.0
370
    -2
100
AcDbLine
 10
3.681227650842629
 20
44.49592041727738
 30
0.0
 11
0.3115731116849929
 21
30.67304198094644
 31
0.0
1001
AcDbBlockRepETag
1070
     1
1071
       45
1005
B76
  0
LINE
  5
B77
330
B05
100
AcDbEntity
  8
LONGARINA
  6
CONTINU
 48
2.0
370
    -2
100
AcDbLine
 10
0.491603615693748
 20
30.27165766217513
 30
0.0
 11
7.131464728503488
 21
-2.507754827209283
 31
0.0
1001
AcDbBlockRepETag
1070
     1
1071
       46
1005
B77
  0
LINE
  5
B78
330
B05
100
AcDbEntity
  8
LONGARINA
  6
CONTINU
 48
2.0
370
    -2
100
AcDbLine
 10
3.681227650842629
 20
-5.504079582722625
 30
0.0
 11
0.3115731116849929
 21
-19.32695801905356
 31
0.0
1001
AcDbBlockRepETag
1070
     1
1071
       47
1005
B78
  0
LINE
  5
B79
330
B05
100
AcDbEntity
  8
LONGARINA
  6
CONTINU
 48
2.0
370
    -2
100
AcDbLine
 10
0.491603615693748
 20
-19.72834233782487
 30
0.0
 11
3.201360649196431
 21
-33.1057672626921
 31
0.0
1001
AcDbBlockRepETag
1070
     1
1071
       48
1005
B79
  0
LINE
  5
B7A
330
B05
100
AcDbEntity
  8
LONGARINA
  6
CONTINU
 48
2.0
370
    -2
100
AcDbLine
 10
3.201360649196431
 20
-33.1057672626921
 30
0.0
 11
6.088111995137297
 21
-38.1057672626921
 31
0.0
1001
AcDbBlockRepETag
1070
     1
1071
       49
1005
B7A
  0
LINE
  5
B7B
330
B05
100
AcDbEntity
  8
LONGARINA
  6
CONTINU
 48
2.0
370
    -2
100
AcDbLine
 10
12.82874225988053
 20
-38.1057672626921
 30
0.0
 11
15.71549360593781
 21
-33.1057672627212
 31
0.0
1001
AcDbBlockRepETag
1070
     1
1071
       50
1005
B7B
  0
LINE
  5
B7C
330
B05
100
AcDbEntity
  8
LONGARINA
  6
CONTINU
 48
2.0
370
    -2
100
AcDbLine
 10
15.71549360593781
 20
-33.1057672627212
 30
0.0
 11
15.71549360593781
 21
106.8942327372788
 31
0.0
1001
AcDbBlockRepETag
1070
     1
1071
       51
1005
B7C
  0
LINE
  5
B7D
330
B05
100
AcDbEntity
  8
LONGARINA
  6
CONTINU
 48
2.0
370
    -2
100
AcDbLine
 10
15.71549360593781
 20
106.8942327372788
 30
0.0
 11
12.82874225988053
 21
111.8942327372788
 31
0.0
1001
AcDbBlockRepETag
1070
     1
1071
       52
1005
B7D
  0
LINE
  5
B7E
330
B05
100
AcDbEntity
  8
LONGARINA
  6
CONTINU
 48
2.0
370
    -2
100
AcDbLine
 10
6.088111995137297
 20
111.8942327372788
 30
0.0
 11
4.700877974973992
 21
109.4914729323355
 31
0.0
1001
AcDbBlockRepETag
1070
     1
1071
       53
1005
B7E
  0
LINE
  5
B7F
330
B05
100
AcDbEntity
  8
LONGARINA
  6
CONTINU
 48
2.0
370
    -2
100
AcDbLine
 10
4.700877974973992
 20
109.4914729323355
 30
0.0
 11
7.131466130842455
 21
97.49223824901856
 31
0.0
1001
AcDbBlockRepETag
1070
     1
1071
       54
1005
B7F
  0
LINE
  5
B80
330
B05
100
AcDbEntity
  8
LONGARINA
  6
CONTINU
 48
2.0
370
    -2
100
AcDbLine
 10
6.088111995137297
 20
-38.1057672626921
 30
0.0
 11
12.61549360584468
 21
-38.1057672626921
 31
0.0
1001
AcDbBlockRepETag
1070
     1
1071
       55
1005
B80
  0
LINE
  5
B81
330
B05
100
AcDbEntity
  8
LONGARINA
  6
CONTINU
 48
2.0
370
    -2
100
AcDbLine
 10
12.61549360584468
 20
-38.1057672626921
 30
0.0
 11
12.82874225988053
 21
-38.1057672626921
 31
0.0
1001
AcDbBlockRepETag
1070
     1
1071
       56
1005
B81
  0
LINE
  5
B82
330
B05
100
AcDbEntity
  8
LONGARINA
  6
CONTINU
 48
2.0
370
    -2
100
AcDbLine
 10
12.82874225988053
 20
111.8942327372788
 30
0.0
 11
12.61549360584468
 21
111.8942327372788
 31
0.0
1001
AcDbBlockRepETag
1070
     1
1071
       57
1005
B82
  0
LINE
  5
B83
330
B05
100
AcDbEntity
  8
LONGARINA
  6
CONTINU
 48
2.0
370
    -2
100
AcDbLine
 10
12.61549360584468
 20
111.8942327372788
 30
0.0
 11
6.088111995137297
 21
111.8942327372788
 31
0.0
1001
AcDbBlockRepETag
1070
     1
1071
       58
1005
B83
  0
LINE
  5
B84
330
B05
100
AcDbEntity
  8
LONGARINA
  6
CONTINU
 48
2.0
370
    -2
100
AcDbLine
 10
19.36549360584468
 20
-33.1057672627212
 30
0.0
 11
19.36549360584468
 21
106.8942327372788
 31
0.0
1001
AcDbBlockRepETag
1070
     1
1071
       59
1005
B84
  0
LINE
  5
B85
330
B05
100
AcDbEntity
  8
LONGARINA
  6
CONTINU
 48
2.0
370
    -2
100
AcDbLine
 10
15.71549360593781
 20
106.8942327372788
 30
0.0
 11
19.36549360584468
 21
106.8942327372788
 31
0.0
1001
AcDbBlockRepETag
1070
     1
1071
       60
1005
B85
  0
LINE
  5
B86
330
B05
100
AcDbEntity
  8
LONGARINA
  6
CONTINU
 48
2.0
370
    -2
100
AcDbLine
 10
19.36549360584468
 20
-33.1057672627212
 30
0.0
 11
15.71549360593781
 21
-33.1057672626921
 31
0.0
1001
AcDbBlockRepETag
1070
     1
1071
       61
1005
B86
  0
LINE
  5
B87
330
B05
100
AcDbEntity
  8
LONGARINA
  6
CONTINU
 48
2.0
370
    -2
100
AcDbLine
 10
2.735921198618598
 20
-5.273638709477382
 30
0.0
 11
0.1350733628496528
 21
-4.639620349596953
 31
0.0
1001
AcDbBlockRepETag
1070
     1
1071
       62
1005
B87
  0
LINE
  5
B88
330
B05
100
AcDbEntity
  8
LONGARINA
  6
CONTINU
 48
2.0
370
    -2
100
AcDbLine
 10
-0.2516530692810193
 20
-18.95532312002615
 30
0.0
 11
-0.9763043854618445
 21
-18.7786721708253
 31
0.0
1001
AcDbBlockRepETag
1070
     1
1071
       63
1005
B88
  0
LINE
  5
B89
330
B05
100
AcDbEntity
  8
LONGARINA
  6
CONTINU
 48
2.0
370
    -2
100
AcDbLine
 10
-3.1806606821483
 20
-18.24130802956643
 30
0.0
 11
-0.9763043854618445
 21
-18.7786721708253
 31
0.0
1001
AcDbBlockRepETag
1070
     1
1071
       64
1005
B89
  0
LINE
  5
B8A
330
B05
100
AcDbEntity
  8
LONGARINA
  6
CONTINU
 48
2.0
370
    -2
100
AcDbLine
 10
-3.1806606821483
 20
-18.24130802953732
 30
0.0
 11
0.1350733628496528
 21
-4.639620349596953
 31
0.0
1001
AcDbBlockRepETag
1070
     1
1071
       65
1005
B8A
  0
LINE
  5
B8B
330
B05
100
AcDbEntity
  8
LONGARINA
  6
CONTINU
 48
2.0
370
    -2
100
AcDbLine
 10
2.735921198618598
 20
44.72636129052262
 30
0.0
 11
0.1350733628496528
 21
45.36037965040305
 31
0.0
1001
AcDbBlockRepETag
1070
     1
1071
       66
1005
B8B
  0
LINE
  5
B8C
330
B05
100
AcDbEntity
  8
LONGARINA
  6
CONTINU
 48
2.0
370
    -2
100
AcDbLine
 10
2.735921198618598
 20
44.72636129052262
 30
0.0
 11
3.681227650842629
 21
44.49592041727738
 31
0.0
1001
AcDbBlockRepETag
1070
     1
1071
       67
1005
B8C
  0
LINE
  5
B8D
330
B05
100
AcDbEntity
  8
LONGARINA
  6
CONTINU
 48
2.0
370
    -2
100
AcDbLine
 10
-0.2516530692810193
 20
31.04467687997385
 30
0.0
 11
-3.1806606821483
 21
31.75869197037537
 31
0.0
1001
AcDbBlockRepETag
1070
     1
1071
       68
1005
B8D
  0
LINE
  5
B8E
330
B05
100
AcDbEntity
  8
LONGARINA
  6
CONTINU
 48
2.0
370
    -2
100
AcDbLine
 10
-3.1806606821483
 20
31.75869197037537
 30
0.0
 11
0.1350733628496528
 21
45.36037965040305
 31
0.0
1001
AcDbBlockRepETag
1070
     1
1071
       69
1005
B8E
  0
LINE
  5
B8F
330
B05
100
AcDbEntity
  8
LONGARINA
  6
CONTINU
 48
2.0
370
    -2
100
AcDbLine
 10
-3.180660685990006
 20
81.758691971394
 30
0.0
 11
-0.2516506365500391
 21
81.04467508310336
 31
0.0
1001
AcDbBlockRepETag
1070
     1
1071
       70
1005
B8F
  0
LINE
  5
B90
330
B05
100
AcDbEntity
  8
LONGARINA
  6
CONTINU
 48
2.0
370
    -2
100
AcDbLine
 10
-3.180660685990006
 20
81.7586919713649
 30
0.0
 11
0.1350733628496528
 21
95.36037965040305
 31
0.0
1001
AcDbBlockRepETag
1070
     1
1071
       71
1005
B90
  0
LINE
  5
B91
330
B05
100
AcDbEntity
  8
LONGARINA
  6
CONTINU
 48
2.0
370
    -2
100
AcDbLine
 10
0.1350733628496528
 20
95.36037965040305
 30
0.0
 11
3.681227650842629
 21
94.49592041724827
 31
0.0
1001
AcDbBlockRepETag
1070
     1
1071
       72
1005
B91
  0
ARC
  5
B92
330
B05
100
AcDbEntity
  8
LONGARINA
  6
CONTINU
 48
2.0
370
    -2
100
AcDbCircle
 10
4.68122973293066
 20
96.99591602478176
 30
0.0
 40
2.499995607534359
100
AcDbArc
 50
269.9999522819734
 51
11.45099897178764
1001
AcDbBlockRepETag
1070
     1
1071
       73
1005
B92
  0
ARC
  5
B93
330
B05
100
AcDbEntity
  8
LONGARINA
  6
CONTINU
 48
2.0
370
    -2
100
AcDbCircle
 10
-0.4952757746214047
 20
80.06660290967557
 30
0.0
 40
1.007957531003227
100
AcDbArc
 50
11.73795370551387
 51
76.01299690965584
1001
AcDbBlockRepETag
1070
     1
1071
       74
1005
B93
  0
ARC
  5
B94
330
B05
100
AcDbEntity
  8
LONGARINA
  6
CONTINU
 48
2.0
370
    -2
100
AcDbCircle
 10
-0.4952782073523849
 20
30.06660470654606
 30
0.0
 40
1.007957531003227
100
AcDbArc
 50
11.73795370551387
 51
76.01299690965584
1001
AcDbBlockRepETag
1070
     1
1071
       75
1005
B94
  0
ARC
  5
B95
330
B05
100
AcDbEntity
  8
LONGARINA
  6
CONTINU
 48
2.0
370
    -2
100
AcDbCircle
 10
-0.4952782073523849
 20
-19.93339529345394
 30
0.0
 40
1.007957531003227
100
AcDbArc
 50
11.73795370551387
 51
76.01299690965584
1001
AcDbBlockRepETag
1070
     1
1071
       76
1005
B95
  0
ARC
  5
B96
330
B05
100
AcDbEntity
  8
LONGARINA
  6
CONTINU
 48
2.0
370
    -2
100
AcDbCircle
 10
4.68122973293066
 20
96.99591602472356
 30
0.0
 40
2.499995607447048
100
AcDbArc
 50
269.9999522819734
 51
11.45099897388351
1001
AcDbBlockRepETag
1070
     1
1071
       77
1005
B96
  0
ARC
  5
B97
330
B05
100
AcDbEntity
  8
LONGARINA
  6
CONTINU
 48
2.0
370
    -2
100
AcDbCircle
 10
4.68122973293066
 20
46.99591602472356
 30
0.0
 40
2.499995607447048
100
AcDbArc
 50
269.9999522819734
 51
11.45099897388351
1001
AcDbBlockRepETag
1070
     1
1071
       78
1005
B97
  0
ARC
  5
B98
330
B05
100
AcDbEntity
  8
LONGARINA
  6
CONTINU
 48
2.0
370
    -2
100
AcDbCircle
 10
4.68122973293066
 20
-3.004083975276444
 30
0.0
 40
2.499995607447048
100
AcDbArc
 50
269.9999522819734
 51
11.45099897388351
1001
AcDbBlockRepETag
1070
     1
1071
       79
1005
B98
  0
LINE
  5
B99
330
B05
100
AcDbEntity
  8
LONGARINA
  6
CONTINU
 48
2.0
370
    -2
100
AcDbLine
 10
1912.365493605728
 20
26.89423273723185
 30
0.0
 11
19.36549360584468
 21
26.8942327372788
 31
0.0
1001
AcDbBlockRepETag
1070
     1
1071
       80
1005
B99
  0
LINE
  5
B9A
330
B05
100
AcDbEntity
  8
LONGARINA
  6
CONTINU
 48
2.0
370
    -2
100
AcDbLine
 10
1912.365493605728
 20
106.8942327372318
 30
0.0
 11
19.36549360584468
 21
106.8942327372788
 31
0.0
1001
AcDbBlockRepETag
1070
     1
1071
       81
1005
B9A
  0
ARC
  5
B9B
330
B05
100
AcDbEntity
  8
LONGARINA
  6
CONTINU
 48
2.0
370
    -2
100
AcDbCircle
 10
0.0
 20
0.0
 30
0.0
 40
4.000000000006087
100
AcDbArc
 50
345.0994033113399
 51
165.09940331134
1001
AcDbBlockRepETag
1070
     1
1071
       82
1005
B9B
  0
ARC
  5
B9C
330
B05
100
AcDbEntity
  8
LONGARINA
  6
CONTINU
 48
2.0
370
    -2
100
AcDbCircle
 10
-4.5
 20
-16.91153452533763
 30
0.0
 40
4.000000000006087
100
AcDbArc
 50
165.09940331134
 51
332.1259905657013
1001
AcDbBlockRepETag
1070
     1
1071
       83
1005
B9C
  0
LINE
  5
B9D
330
B05
100
AcDbEntity
  8
LONGARINA
  6
CONTINU
 48
2.0
370
    -2
100
AcDbLine
 10
3.865493605844676
 20
-1.028571428585565
 30
0.0
 11
2.735921198502183
 21
-5.273638709448278
 31
0.0
1001
AcDbBlockRepETag
1070
     1
1071
       84
1005
B9D
  0
LINE
  5
B9E
330
B05
100
AcDbEntity
  8
LONGARINA
  6
CONTINU
 48
2.0
370
    -2
100
AcDbLine
 10
-8.365493605728261
 20
-15.88296309675206
 30
0.0
 11
-3.865493605844676
 21
1.028571428556461
 31
0.0
1001
AcDbBlockRepETag
1070
     1
1071
       85
1005
B9E
  0
LINE
  5
B9F
330
B05
100
AcDbEntity
  8
LONGARINA
  6
CONTINU
 48
2.0
370
    -2
100
AcDbLine
 10
1927.04975956073
 20
94.49592041725953
 30
0.0
 11
1928.04975956073
 21
94.49592041725953
 31
0.0
1001
AcDbBlockRepETag
1070
     1
1071
       86
1005
B9F
  0
LINE
  5
BA0
330
B05
100
AcDbEntity
  8
LONGARINA
  6
CONTINU
 48
2.0
370
    -2
100
AcDbLine
 10
1928.04975956073
 20
94.49592041725953
 30
0.0
 11
1931.419414099888
 21
80.67304198092859
 31
0.0
1001
AcDbBlockRepETag
1070
     1
1071
       87
1005
BA0
  0
LINE
  5
BA1
330
B05
100
AcDbEntity
  8
LONGARINA
  6
CONTINU
 48
2.0
370
    -2
100
AcDbLine
 10
1931.239383595879
 20
80.27165766215728
 30
0.0
 11
1924.599522483069
 21
47.49224517277287
 31
0.0
1001
AcDbBlockRepETag
1070
     1
1071
       88
1005
BA1
  0
LINE
  5
BA2
330
B05
100
AcDbEntity
  8
LONGARINA
  6
CONTINU
 48
2.0
370
    -2
100
AcDbLine
 10
1927.04975956073
 20
44.49592041725953
 30
0.0
 11
1928.04975956073
 21
44.49592041725953
 31
0.0
1001
AcDbBlockRepETag
1070
     1
1071
       89
1005
BA2
  0
LINE
  5
BA3
330
B05
100
AcDbEntity
  8
LONGARINA
  6
CONTINU
 48
2.0
370
    -2
100
AcDbLine
 10
1928.04975956073
 20
44.49592041725953
 30
0.0
 11
1931.419414099888
 21
30.67304198092859
 31
0.0
1001
AcDbBlockRepETag
1070
     1
1071
       90
1005
BA3
  0
LINE
  5
BA4
330
B05
100
AcDbEntity
  8
LONGARINA
  6
CONTINU
 48
2.0
370
    -2
100
AcDbLine
 10
1931.239383595879
 20
30.27165766215728
 30
0.0
 11
1924.599522483069
 21
-2.507754827227131
 31
0.0
1001
AcDbBlockRepETag
1070
     1
1071
       91
1005
BA4
  0
LINE
  5
BA5
330
B05
100
AcDbEntity
  8
LONGARINA
  6
CONTINU
 48
2.0
370
    -2
100
AcDbLine
 10
1927.04975956073
 20
-5.504079582740474
 30
0.0
 11
1928.04975956073
 21
-5.504079582740474
 31
0.0
1001
AcDbBlockRepETag
1070
     1
1071
       92
1005
BA5
  0
LINE
  5
BA6
330
B05
100
AcDbEntity
  8
LONGARINA
  6
CONTINU
 48
2.0
370
    -2
100
AcDbLine
 10
1928.04975956073
 20
-5.504079582740474
 30
0.0
 11
1931.419414099888
 21
-19.32695801907141
 31
0.0
1001
AcDbBlockRepETag
1070
     1
1071
       93
1005
BA6
  0
LINE
  5
BA7
330
B05
100
AcDbEntity
  8
LONGARINA
  6
CONTINU
 48
2.0
370
    -2
100
AcDbLine
 10
1931.239383595879
 20
-19.72834233784272
 30
0.0
 11
1928.529626562376
 21
-33.10576726270995
 31
0.0
1001
AcDbBlockRepETag
1070
     1
1071
       94
1005
BA7
  0
LINE
  5
BA8
330
B05
100
AcDbEntity
  8
LONGARINA
  6
CONTINU
 48
2.0
370
    -2
100
AcDbLine
 10
1928.529626562376
 20
-33.10576726270995
 30
0.0
 11
1925.642875216435
 21
-38.10576726270995
 31
0.0
1001
AcDbBlockRepETag
1070
     1
1071
       95
1005
BA8
  0
LINE
  5
BA9
330
B05
100
AcDbEntity
  8
LONGARINA
  6
CONTINU
 48
2.0
370
    -2
100
AcDbLine
 10
1918.902244951692
 20
-38.10576726270995
 30
0.0
 11
1916.015493605635
 21
-33.10576726273905
 31
0.0
1001
AcDbBlockRepETag
1070
     1
1071
       96
1005
BA9
  0
LINE
  5
BAA
330
B05
100
AcDbEntity
  8
LONGARINA
  6
CONTINU
 48
2.0
370
    -2
100
AcDbLine
 10
1916.015493605635
 20
106.8942327372609
 30
0.0
 11
1918.902244951692
 21
111.8942327372609
 31
0.0
1001
AcDbBlockRepETag
1070
     1
1071
       97
1005
BAA
  0
LINE
  5
BAB
330
B05
100
AcDbEntity
  8
LONGARINA
  6
CONTINU
 48
2.0
370
    -2
100
AcDbLine
 10
1925.642875216435
 20
111.8942327372609
 30
0.0
 11
1927.030109236599
 21
109.4914729323176
 31
0.0
1001
AcDbBlockRepETag
1070
     1
1071
       98
1005
BAB
  0
LINE
  5
BAC
330
B05
100
AcDbEntity
  8
LONGARINA
  6
CONTINU
 48
2.0
370
    -2
100
AcDbLine
 10
1927.030109236599
 20
109.4914729323176
 30
0.0
 11
1924.59952108073
 21
97.4922382490007
 31
0.0
1001
AcDbBlockRepETag
1070
     1
1071
       99
1005
BAC
  0
LINE
  5
BAD
330
B05
100
AcDbEntity
  8
LONGARINA
  6
CONTINU
 48
2.0
370
    -2
100
AcDbLine
 10
1927.04975956073
 20
94.49592041723042
 30
0.0
 11
1928.04975956073
 21
94.49592041723042
 31
0.0
1001
AcDbBlockRepETag
1070
     1
1071
      100
1005
BAD
  0
LINE
  5
BAE
330
B05
100
AcDbEntity
  8
LONGARINA
  6
CONTINU
 48
2.0
370
    -2
100
AcDbLine
 10
1925.642875216435
 20
-38.10576726270995
 30
0.0
 11
1919.115493605728
 21
-38.10576726270995
 31
0.0
1001
AcDbBlockRepETag
1070
     1
1071
      101
1005
BAE
  0
LINE
  5
BAF
330
B05
100
AcDbEntity
  8
LONGARINA
  6
CONTINU
 48
2.0
370
    -2
100
AcDbLine
 10
1919.115493605728
 20
-38.10576726270995
 30
0.0
 11
1918.902244951692
 21
-38.10576726270995
 31
0.0
1001
AcDbBlockRepETag
1070
     1
1071
      102
1005
BAF
  0
LINE
  5
BB0
330
B05
100
AcDbEntity
  8
LONGARINA
  6
CONTINU
 48
2.0
370
    -2
100
AcDbLine
 10
1918.902244951692
 20
111.8942327372609
 30
0.0
 11
1919.115493605728
 21
111.8942327372609
 31
0.0
1001
AcDbBlockRepETag
1070
     1
1071
      103
1005
BB0
  0
LINE
  5
BB1
330
B05
100
AcDbEntity
  8
LONGARINA
  6
CONTINU
 48
2.0
370
    -2
100
AcDbLine
 10
1919.115493605728
 20
111.8942327372609
 30
0.0
 11
1925.642875216435
 21
111.8942327372609
 31
0.0
1001
AcDbBlockRepETag
1070
     1
1071
      104
1005
BB1
  0
LINE
  5
BB2
330
B05
100
AcDbEntity
  8
LONGARINA
  6
CONTINU
 48
2.0
370
    -2
100
AcDbLine
 10
1912.365493605728
 20
-33.10576726273905
 30
0.0
 11
1912.365493605728
 21
106.8942327372609
 31
0.0
1001
AcDbBlockRepETag
1070
     1
1071
      105
1005
BB2
  0
LINE
  5
BB3
330
B05
100
AcDbEntity
  8
LONGARINA
  6
CONTINU
 48
2.0
370
    -2
100
AcDbLine
 10
1916.015493605635
 20
106.8942327372609
 30
0.0
 11
1912.365493605728
 21
106.8942327372609
 31
0.0
1001
AcDbBlockRepETag
1070
     1
1071
      106
1005
BB3
  0
LINE
  5
BB4
330
B05
100
AcDbEntity
  8
LONGARINA
  6
CONTINU
 48
2.0
370
    -2
100
AcDbLine
 10
1912.365493605728
 20
-33.10576726273905
 30
0.0
 11
1916.015493605635
 21
-33.10576726273905
 31
0.0
1001
AcDbBlockRepETag
1070
     1
1071
      107
1005
BB4
  0
LINE
  5
BB5
330
B05
100
AcDbEntity
  8
LONGARINA
  6
CONTINU
 48
2.0
370
    -2
100
AcDbLine
 10
1928.995066012954
 20
-5.273638709495231
 30
0.0
 11
1931.595913848723
 21
-4.639620349614802
 31
0.0
1001
AcDbBlockRepETag
1070
     1
1071
      108
1005
BB5
  0
LINE
  5
BB6
330
B05
100
AcDbEntity
  8
LONGARINA
  6
CONTINU
 48
2.0
370
    -2
100
AcDbLine
 10
1928.995066012954
 20
-5.273638709495231
 30
0.0
 11
1928.04975956073
 21
-5.504079582740474
 31
0.0
1001
AcDbBlockRepETag
1070
     1
1071
      109
1005
BB6
  0
LINE
  5
BB7
330
B05
100
AcDbEntity
  8
LONGARINA
  6
CONTINU
 48
2.0
370
    -2
100
AcDbLine
 10
1931.982640280854
 20
-18.955323120044
 30
0.0
 11
1932.707291597034
 21
-18.77867217084315
 31
0.0
1001
AcDbBlockRepETag
1070
     1
1071
      110
1005
BB7
  0
LINE
  5
BB8
330
B05
100
AcDbEntity
  8
LONGARINA
  6
CONTINU
 48
2.0
370
    -2
100
AcDbLine
 10
1934.911647893721
 20
-18.24130802958427
 30
0.0
 11
1932.707291597034
 21
-18.77867217084315
 31
0.0
1001
AcDbBlockRepETag
1070
     1
1071
      111
1005
BB8
  0
LINE
  5
BB9
330
B05
100
AcDbEntity
  8
LONGARINA
  6
CONTINU
 48
2.0
370
    -2
100
AcDbLine
 10
1934.911647893721
 20
-18.24130802955517
 30
0.0
 11
1931.595913848723
 21
-4.639620349614802
 31
0.0
1001
AcDbBlockRepETag
1070
     1
1071
      112
1005
BB9
  0
LINE
  5
BBA
330
B05
100
AcDbEntity
  8
LONGARINA
  6
CONTINU
 48
2.0
370
    -2
100
AcDbLine
 10
1928.995066012954
 20
44.72636129050477
 30
0.0
 11
1931.595913848723
 21
45.3603796503852
 31
0.0
1001
AcDbBlockRepETag
1070
     1
1071
      113
1005
BBA
  0
LINE
  5
BBB
330
B05
100
AcDbEntity
  8
LONGARINA
  6
CONTINU
 48
2.0
370
    -2
100
AcDbLine
 10
1928.995066012954
 20
44.72636129050477
 30
0.0
 11
1928.04975956073
 21
44.49592041725953
 31
0.0
1001
AcDbBlockRepETag
1070
     1
1071
      114
1005
BBB
  0
LINE
  5
BBC
330
B05
100
AcDbEntity
  8
LONGARINA
  6
CONTINU
 48
2.0
370
    -2
100
AcDbLine
 10
1931.982640280854
 20
31.044676879956
 30
0.0
 11
1934.911647893721
 21
31.75869197035752
 31
0.0
1001
AcDbBlockRepETag
1070
     1
1071
      115
1005
BBC
  0
LINE
  5
BBD
330
B05
100
AcDbEntity
  8
LONGARINA
  6
CONTINU
 48
2.0
370
    -2
100
AcDbLine
 10
1934.911647893721
 20
31.75869197035752
 30
0.0
 11
1931.595913848723
 21
45.3603796503852
 31
0.0
1001
AcDbBlockRepETag
1070
     1
1071
      116
1005
BBD
  0
LINE
  5
BBE
330
B05
100
AcDbEntity
  8
LONGARINA
  6
CONTINU
 48
2.0
370
    -2
100
AcDbLine
 10
1928.995066012954
 20
94.72636129050477
 30
0.0
 11
1931.595913848723
 21
95.3603796503852
 31
0.0
1001
AcDbBlockRepETag
1070
     1
1071
      117
1005
BBE
  0
LINE
  5
BBF
330
B05
100
AcDbEntity
  8
LONGARINA
  6
CONTINU
 48
2.0
370
    -2
100
AcDbLine
 10
1928.995066012954
 20
94.72636129050477
 30
0.0
 11
1928.04975956073
 21
94.49592041725953
 31
0.0
1001
AcDbBlockRepETag
1070
     1
1071
      118
1005
BBF
  0
LINE
  5
BC0
330
B05
100
AcDbEntity
  8
LONGARINA
  6
CONTINU
 48
2.0
370
    -2
100
AcDbLine
 10
1934.911647897563
 20
81.75869197137615
 30
0.0
 11
1931.982637848123
 21
81.04467508308551
 31
0.0
1001
AcDbBlockRepETag
1070
     1
1071
      119
1005
BC0
  0
LINE
  5
BC1
330
B05
100
AcDbEntity
  8
LONGARINA
  6
CONTINU
 48
2.0
370
    -2
100
AcDbLine
 10
1934.911647897563
 20
81.75869197134705
 30
0.0
 11
1931.595913848723
 21
95.3603796503852
 31
0.0
1001
AcDbBlockRepETag
1070
     1
1071
      120
1005
BC1
  0
LINE
  5
BC2
330
B05
100
AcDbEntity
  8
LONGARINA
  6
CONTINU
 48
2.0
370
    -2
100
AcDbLine
 10
1931.595913848723
 20
95.3603796503852
 30
0.0
 11
1928.04975956073
 21
94.49592041723042
 31
0.0
1001
AcDbBlockRepETag
1070
     1
1071
      121
1005
BC2
  0
ARC
  5
BC3
330
B05
100
AcDbEntity
  8
LONGARINA
  6
CONTINU
 48
2.0
370
    -2
100
AcDbCircle
 10
1927.049757478643
 20
96.99591602476403
 30
0.0
 40
2.499995607535101
100
AcDbArc
 50
168.5490010282144
 51
270.0000477180057
1001
AcDbBlockRepETag
1070
     1
1071
      122
1005
BC3
  0
ARC
  5
BC4
330
B05
100
AcDbEntity
  8
LONGARINA
  6
CONTINU
 48
2.0
370
    -2
100
AcDbCircle
 10
1932.226262986195
 20
80.06660290965749
 30
0.0
 40
1.007957531004038
100
AcDbArc
 50
103.987003090385
 51
168.2620462944777
1001
AcDbBlockRepETag
1070
     1
1071
      123
1005
BC4
  0
ARC
  5
BC5
330
B05
100
AcDbEntity
  8
LONGARINA
  6
CONTINU
 48
2.0
370
    -2
100
AcDbCircle
 10
1932.226265418925
 20
30.06660470652832
 30
0.0
 40
1.007957531003714
100
AcDbArc
 50
103.9870030902831
 51
168.2620462944903
1001
AcDbBlockRepETag
1070
     1
1071
      124
1005
BC5
  0
ARC
  5
BC6
330
B05
100
AcDbEntity
  8
LONGARINA
  6
CONTINU
 48
2.0
370
    -2
100
AcDbCircle
 10
1932.226265418925
 20
-19.93339529347179
 30
0.0
 40
1.007957531003726
100
AcDbArc
 50
103.9870030902831
 51
168.262046294484
1001
AcDbBlockRepETag
1070
     1
1071
      125
1005
BC6
  0
ARC
  5
BC7
330
B05
100
AcDbEntity
  8
LONGARINA
  6
CONTINU
 48
2.0
370
    -2
100
AcDbCircle
 10
1927.049757478642
 20
96.9959160247056
 30
0.0
 40
2.499995607446286
100
AcDbArc
 50
168.5490010261077
 51
270.0000477180266
1001
AcDbBlockRepETag
1070
     1
1071
      126
1005
BC7
  0
ARC
  5
BC8
330
B05
100
AcDbEntity
  8
LONGARINA
  6
CONTINU
 48
2.0
370
    -2
100
AcDbCircle
 10
1927.049757478642
 20
46.99591602470559
 30
0.0
 40
2.499995607446283
100
AcDbArc
 50
168.5490010261077
 51
270.0000477180266
1001
AcDbBlockRepETag
1070
     1
1071
      127
1005
BC8
  0
ARC
  5
BC9
330
B05
100
AcDbEntity
  8
LONGARINA
  6
CONTINU
 48
2.0
370
    -2
100
AcDbCircle
 10
1927.049757478642
 20
-3.004083975294407
 30
0.0
 40
2.499995607446285
100
AcDbArc
 50
168.5490010261077
 51
270.0000477180266
1001
AcDbBlockRepETag
1070
     1
1071
      128
1005
BC9
  0
ARC
  5
BCA
330
B05
100
AcDbEntity
  8
LONGARINA
  6
CONTINU
 48
2.0
370
    -2
100
AcDbCircle
 10
1931.730987211573
 20
-0.0000000000178488
 30
0.0
 40
4.000000000006055
100
AcDbArc
 50
14.9005966886569
 51
194.9005966886632
1001
AcDbBlockRepETag
1070
     1
1071
      129
1005
BCA
  0
ARC
  5
BCB
330
B05
100
AcDbEntity
  8
LONGARINA
  6
CONTINU
 48
2.0
370
    -2
100
AcDbCircle
 10
1936.230987211573
 20
-16.91153452535559
 30
0.0
 40
4.000000000006022
100
AcDbArc
 50
207.8740094345566
 51
14.90059668865847
1001
AcDbBlockRepETag
1070
     1
1071
      130
1005
BCB
  0
LINE
  5
BCC
330
B05
100
AcDbEntity
  8
LONGARINA
  6
CONTINU
 48
2.0
370
    -2
100
AcDbLine
 10
1927.865493605728
 20
-1.028571428603414
 30
0.0
 11
1928.99506601307
 21
-5.273638709466127
 31
0.0
1001
AcDbBlockRepETag
1070
     1
1071
      131
1005
BCC
  0
LINE
  5
BCD
330
B05
100
AcDbEntity
  8
LONGARINA
  6
CONTINU
 48
2.0
370
    -2
100
AcDbLine
 10
1940.096480817301
 20
-15.88296309676991
 30
0.0
 11
1935.596480817417
 21
1.028571428538612
 31
0.0
1001
AcDbBlockRepETag
1070
     1
1071
      132
1005
BCD
  0
LINE
  5
BCE
330
B05
100
AcDbEntity
  8
LONGARINA
  6
CONTINU
 48
2.0
370
    -2
100
AcDbLine
 10
1915.865493605728
 20
-33.10576726273905
 30
0.0
 11
1915.865493605728
 21
106.8942327372609
 31
0.0
1001
AcDbBlockRepETag
1070
     1
1071
      133
1005
BCE
  0
ENDBLK
  5
BCF
330
B05
100
AcDbEntity
  8
0
100
AcDbBlockEnd
  0
ENDSEC
  0
SECTION
  2
ENTITIES
  0
INSERT
  5
A9C
330
1F
100
AcDbEntity
  8
0
 62
     2
100
AcDbBlockReference
  2
DI_COLUNA_FRONTAL_101
 10
-65.15
 20
1.39
 30
0.0
  0
INSERT
  5
AD1
330
1F
100
AcDbEntity
  8
0
 62
     2
100
AcDbBlockReference
  2
DI_COLUNA_FRONTAL_101
 10
1935.849999999973
 20
1.389999999982151
 30
0.0
  0
INSERT
  5
BD5
330
1F
100
AcDbEntity
  8
0
100
AcDbBlockReference
  2
DI_LGTOPO
 10
-30.5154936058
 20
989.6057672626
 30
0.0
  0
ENDSEC
  0
SECTION
  2
OBJECTS
  0
DICTIONARY
  5
C
330
0
100
AcDbDictionary
281
     1
  3
ACAD_ASSOCNETWORK
350
77D
  3
ACAD_COLOR
350
AE3
  3
ACAD_DETAILVIEWSTYLE
350
815
  3
ACAD_DGNDEFINITIONS
350
62C
  3
ACAD_DWFDEFINITIONS
350
62B
  3
ACAD_GROUP
350
D
  3
ACAD_LAYOUT
350
1A
  3
ACAD_MATERIAL
350
609
  3
ACAD_MLEADERSTYLE
350
60F
  3
ACAD_MLINESTYLE
350
17
  3
ACAD_PDFDEFINITIONS
350
62A
  3
ACAD_PLOTSETTINGS
350
19
  3
ACAD_PLOTSTYLENAME
350
E
  3
ACAD_SCALELIST
350
47
  3
ACAD_SECTIONVIEWSTYLE
350
816
  3
ACAD_TABLESTYLE
350
60D
  3
ACAD_VISUALSTYLE
350
5F0
  3
ACDB_RECOMPOSE_DATA
350
C08
  3
AcDbVariableDictionary
350
7DD
  0
SUN
  5
611
330
29
100
AcDbSun
 90
        1
290
     0
 63
     7
421
 16777215
 40
1.0
291
     1
 91
  2455826
 92
 54000000
292
     0
 70
     2
 71
   256
280
     1
  0
DICTIONARY
  5
BD0
330
2
100
AcDbDictionary
280
     1
281
     1
  3
ACAD_LAYERSTATES
360
BD1
  0
DICTIONARY
  5
AD4
330
AD3
100
AcDbDictionary
280
     1
281
     1
  3
ADSK_XREC_LAYER_RECONCILED
360
AD5
  0
DICTIONARY
  5
618
330
1F
100
AcDbDictionary
280
     1
281
     1
  3
ACAD_SORTENTS
360
619
  0
DICTIONARY
  5
A95
330
817
100
AcDbDictionary
280
     1
281
     1
  3
ACAD_ASSOCNETWORK
360
A96
  0
DICTIONARY
  5
77D
102
{ACAD_REACTORS
330
C
102
}
330
C
100
AcDbDictionary
281
     1
  3
ACAD_ASSOCNETWORK
350
77E
  0
DICTIONARY
  5
AE3
102
{ACAD_REACTORS
330
C
102
}
330
C
100
AcDbDictionary
281
     1
  0
DICTIONARY
  5
815
102
{ACAD_REACTORS
330
C
102
}
330
C
100
AcDbDictionary
281
     1
  0
DICTIONARY
  5
62C
102
{ACAD_REACTORS
330
C
102
}
330
C
100
AcDbDictionary
281
     1
  0
DICTIONARY
  5
62B
102
{ACAD_REACTORS
330
C
102
}
330
C
100
AcDbDictionary
281
     1
  0
DICTIONARY
  5
D
102
{ACAD_REACTORS
330
C
102
}
330
C
100
AcDbDictionary
281
     1
  0
DICTIONARY
  5
1A
102
{ACAD_REACTORS
330
C
102
}
330
C
100
AcDbDictionary
281
     1
  3
Layout1
350
1E
  3
Layout2
350
26
  3
Model
350
22
  0
DICTIONARY
  5
609
102
{ACAD_REACTORS
330
C
102
}
330
C
100
AcDbDictionary
281
     1
  3
ByBlock
350
60B
  3
ByLayer
350
60A
  3
Global
350
60C
  0
DICTIONARY
  5
60F
102
{ACAD_REACTORS
330
C
102
}
330
C
100
AcDbDictionary
281
     1
  3
Standard
350
610
  0
DICTIONARY
  5
17
102
{ACAD_REACTORS
330
C
102
}
330
C
100
AcDbDictionary
281
     1
  3
Standard
350
18
  0
DICTIONARY
  5
62A
102
{ACAD_REACTORS
330
C
102
}
330
C
100
AcDbDictionary
281
     1
  0
DICTIONARY
  5
19
102
{ACAD_REACTORS
330
C
102
}
330
C
100
AcDbDictionary
281
     1
  0
ACDBDICTIONARYWDFLT
  5
E
102
{ACAD_REACTORS
330
C
102
}
330
C
100
AcDbDictionary
281
     1
  3
Normal
350
F
100
AcDbDictionaryWithDefault
340
F
  0
DICTIONARY
  5
47
102
{ACAD_REACTORS
330
C
102
}
330
C
100
AcDbDictionary
281
     1
  3
A0
350
48
  3
A1
350
49
  3
A2
350
4A
  3
A3
350
4B
  3
A4
350
4C
  3
A5
350
4D
  3
A6
350
4E
  3
A7
350
4F
  3
A8
350
50
  3
A9
350
51
  3
B0
350
52
  3
B1
350
53
  3
B2
350
54
  3
B3
350
55
  3
B4
350
56
  3
B5
350
57
  3
B6
350
58
  0
DICTIONARY
  5
816
102
{ACAD_REACTORS
330
C
102
}
330
C
100
AcDbDictionary
281
     1
  0
DICTIONARY
  5
60D
102
{ACAD_REACTORS
330
C
102
}
330
C
100
AcDbDictionary
281
     1
  3
Standard
350
60E
  0
DICTIONARY
  5
5F0
102
{ACAD_REACTORS
330
C
102
}
330
C
100
AcDbDictionary
281
     1
  3
2dWireframe
350
5F5
  3
Basic
350
5F8
  3
Brighten
350
5FC
  3
ColorChange
350
600
  3
Conceptual
350
5FA
  3
Dim
350
5FB
  3
EdgeColorOff
350
603
  3
Facepattern
350
5FF
  3
Flat
350
5F1
  3
FlatWithEdges
350
5F2
  3
Gouraud
350
5F3
  3
GouraudWithEdges
350
5F4
  3
Hidden
350
5F7
  3
JitterOff
350
601
  3
Linepattern
350
5FE
  3
OverhangOff
350
602
  3
Realistic
350
5F9
  3
Shaded
350
608
  3
Shaded with edges
350
607
  3
Shades of Gray
350
604
  3
Sketchy
350
605
  3
Thicken
350
5FD
  3
Wireframe
350
5F6
  3
X-Ray
350
606
  0
XRECORD
  5
C08
102
{ACAD_REACTORS
330
C
102
}
330
C
100
AcDbXrecord
280
     1
 90
        1
330
60E
  0
DICTIONARY
  5
7DD
102
{ACAD_REACTORS
330
C
102
}
330
C
100
AcDbDictionary
281
     1
  3
CANNOSCALE
350
7DE
  3
CMLEADERSTYLE
350
813
  3
CTABLESTYLE
350
812
  3
MSLTSCALE
350
814
  0
DICTIONARY
  5
BD1
102
{ACAD_REACTORS
330
BD0
102
}
330
BD0
100
AcDbDictionary
281
     1
  0
XRECORD
  5
AD5
102
{ACAD_REACTORS
330
AD4
102
}
330
AD4
100
AcDbXrecord
280
     1
290
     0
  0
SORTENTSTABLE
  5
619
102
{ACAD_REACTORS
330
618
102
}
330
618
100
AcDbSortentsTable
330
1F
  0
DICTIONARY
  5
A96
102
{ACAD_REACTORS
330
A95
102
}
330
A95
100
AcDbDictionary
281
     1
  3
ACAD_ASSOCNETWORK
350
A97
  0
ACDBASSOCNETWORK
  5
77E
102
{ACAD_REACTORS
330
77D
102
}
330
77D
100
AcDbAssocAction
 90
        1
 90
        0
330
0
360
0
 90
        0
 90
        0
 90
        0
100
AcDbAssocNetwork
 90
        0
 90
        2
 90
        1
330
A97
 90
        0
  0
LAYOUT
  5
1E
102
{ACAD_REACTORS
330
1A
102
}
330
1A
100
AcDbPlotSettings
  1

  2
none_device
  4

  6

 40
0.0
 41
0.0
 42
0.0
 43
0.0
 44
0.0
 45
0.0
 46
0.0
 47
0.0
 48
0.0
 49
0.0
140
0.0
141
0.0
142
1.0
143
1.0
 70
   688
 72
     1
 73
     0
 74
     5
  7

 75
    16
 76
     0
 77
     2
 78
   300
147
1.0
148
0.0
149
0.0
100
AcDbLayout
  1
Layout1
 70
     1
 71
     1
 10
0.0
 20
0.0
 11
420.0
 21
297.0
 12
0.0
 22
0.0
 32
0.0
 14
1.000000000000000E+20
 24
1.000000000000000E+20
 34
1.000000000000000E+20
 15
-1.000000000000000E+20
 25
-1.000000000000000E+20
 35
-1.000000000000000E+20
146
0.0
 13
0.0
 23
0.0
 33
0.0
 16
1.0
 26
0.0
 36
0.0
 17
0.0
 27
1.0
 37
0.0
 76
     0
330
1B
  0
LAYOUT
  5
26
102
{ACAD_REACTORS
330
1A
102
}
330
1A
100
AcDbPlotSettings
  1

  2
none_device
  4

  6

 40
0.0
 41
0.0
 42
0.0
 43
0.0
 44
0.0
 45
0.0
 46
0.0
 47
0.0
 48
0.0
 49
0.0
140
0.0
141
0.0
142
1.0
143
1.0
 70
   688
 72
     1
 73
     0
 74
     5
  7

 75
    16
 76
     0
 77
     2
 78
   300
147
1.0
148
0.0
149
0.0
100
AcDbLayout
  1
Layout2
 70
     1
 71
     2
 10
0.0
 20
0.0
 11
0.0
 21
0.0
 12
0.0
 22
0.0
 32
0.0
 14
0.0
 24
0.0
 34
0.0
 15
0.0
 25
0.0
 35
0.0
146
0.0
 13
0.0
 23
0.0
 33
0.0
 16
1.0
 26
0.0
 36
0.0
 17
0.0
 27
1.0
 37
0.0
 76
     0
330
23
  0
LAYOUT
  5
22
102
{ACAD_REACTORS
330
1A
102
}
330
1A
100
AcDbPlotSettings
  1

  2
none_device
  4
ANSI_A_(11.00_x_8.50_Inches)
  6

 40
6.35
 41
19.05
 42
6.35000508
 43
19.05000254
 44
279.4
 45
215.9
 46
145.1048664882
 47
-3.8096758759
 48
0.0
 49
0.0
140
0.0
141
0.0
142
0.0071034554
143
1.0
 70
  1696
 72
     0
 73
     0
 74
     0
  7

 75
     0
 76
     0
 77
     2
 78
   300
147
0.0179189148
148
-1300.4909072572
149
0.0
100
AcDbLayout
  1
Model
 70
     1
 71
     0
 10
0.0
 20
0.0
 11
420.0
 21
297.0
 12
0.0
 22
0.0
 32
0.0
 14
-142.65
 24
-78.48473447121785
 34
0.0
 15
2013.349999999973
 25
1106.15
 35
0.0
146
0.0
 13
0.0
 23
0.0
 33
0.0
 16
1.0
 26
0.0
 36
0.0
 17
0.0
 27
1.0
 37
0.0
 76
     0
330
1F
331
29
  0
MATERIAL
  5
60B
102
{ACAD_REACTORS
330
609
102
}
330
609
100
AcDbMaterial
  1
ByBlock
 72
     1
 94
      127
  0
MATERIAL
  5
60A
102
{ACAD_REACTORS
330
609
102
}
330
609
100
AcDbMaterial
  1
ByLayer
 72
     1
 94
      127
  0
MATERIAL
  5
60C
102
{ACAD_REACTORS
330
609
102
}
330
609
100
AcDbMaterial
  1
Global
 72
     1
 94
      127
1001
ACAD
1070
    -1
1070
     3
1070
     0
1000

1071
        0
  0
MLEADERSTYLE
  5
610
102
{ACAD_REACTORS
330
60F
102
}
330
60F
100
AcDbMLeaderStyle
179
     2
170
     2
171
     1
172
     0
 90
        2
 40
0.0
 41
0.0
173
     1
 91
-1056964608
340
14
 92
       -2
290
     1
 42
2.0
291
     1
 43
8.0
  3
Standard
341
0
 44
4.0
300

342
11
174
     1
178
     6
175
     1
176
     0
 93
-1056964608
 45
4.0
292
     0
297
     0
 46
4.0
343
0
 94
-1056964608
 47
1.0
 49
1.0
140
1.0
293
     1
141
0.0
294
     1
177
     0
142
1.0
295
     0
296
     0
143
3.75
271
     0
272
     9
273
     9
  0
MLINESTYLE
  5
18
102
{ACAD_REACTORS
330
17
102
}
330
17
100
AcDbMlineStyle
  2
Standard
 70
     0
  3

 62
   256
 51
90.0
 52
90.0
 71
     2
 49
0.5
 62
   256
  6
BYLAYER
 49
-0.5
 62
   256
  6
BYLAYER
  0
ACDBPLACEHOLDER
  5
F
102
{ACAD_REACTORS
330
E
102
}
330
E
  0
SCALE
  5
48
102
{ACAD_REACTORS
330
47
102
}
330
47
100
AcDbScale
 70
     0
300
1:1
140
1.0
141
1.0
290
     1
  0
SCALE
  5
49
102
{ACAD_REACTORS
330
47
102
}
330
47
100
AcDbScale
 70
     0
300
1:2
140
1.0
141
2.0
290
     0
  0
SCALE
  5
4A
102
{ACAD_REACTORS
330
47
102
}
330
47
100
AcDbScale
 70
     0
300
1:4
140
1.0
141
4.0
290
     0
  0
SCALE
  5
4B
102
{ACAD_REACTORS
330
47
102
}
330
47
100
AcDbScale
 70
     0
300
1:5
140
1.0
141
5.0
290
     0
  0
SCALE
  5
4C
102
{ACAD_REACTORS
330
47
102
}
330
47
100
AcDbScale
 70
     0
300
1:8
140
1.0
141
8.0
290
     0
  0
SCALE
  5
4D
102
{ACAD_REACTORS
330
47
102
}
330
47
100
AcDbScale
 70
     0
300
1:10
140
1.0
141
10.0
290
     0
  0
SCALE
  5
4E
102
{ACAD_REACTORS
330
47
102
}
330
47
100
AcDbScale
 70
     0
300
1:16
140
1.0
141
16.0
290
     0
  0
SCALE
  5
4F
102
{ACAD_REACTORS
330
47
102
}
330
47
100
AcDbScale
 70
     0
300
1:20
140
1.0
141
20.0
290
     0
  0
SCALE
  5
50
102
{ACAD_REACTORS
330
47
102
}
330
47
100
AcDbScale
 70
     0
300
1:30
140
1.0
141
30.0
290
     0
  0
SCALE
  5
51
102
{ACAD_REACTORS
330
47
102
}
330
47
100
AcDbScale
 70
     0
300
1:40
140
1.0
141
40.0
290
     0
  0
SCALE
  5
52
102
{ACAD_REACTORS
330
47
102
}
330
47
100
AcDbScale
 70
     0
300
1:50
140
1.0
141
50.0
290
     0
  0
SCALE
  5
53
102
{ACAD_REACTORS
330
47
102
}
330
47
100
AcDbScale
 70
     0
300
1:100
140
1.0
141
100.0
290
     0
  0
SCALE
  5
54
102
{ACAD_REACTORS
330
47
102
}
330
47
100
AcDbScale
 70
     0
300
2:1
140
2.0
141
1.0
290
     0
  0
SCALE
  5
55
102
{ACAD_REACTORS
330
47
102
}
330
47
100
AcDbScale
 70
     0
300
4:1
140
4.0
141
1.0
290
     0
  0
SCALE
  5
56
102
{ACAD_REACTORS
330
47
102
}
330
47
100
AcDbScale
 70
     0
300
8:1
140
8.0
141
1.0
290
     0
  0
SCALE
  5
57
102
{ACAD_REACTORS
330
47
102
}
330
47
100
AcDbScale
 70
     0
300
10:1
140
10.0
141
1.0
290
     0
  0
SCALE
  5
58
102
{ACAD_REACTORS
330
47
102
}
330
47
100
AcDbScale
 70
     0
300
100:1
140
100.0
141
1.0
290
     0
  0
TABLESTYLE
  5
60E
102
{ACAD_REACTORS
330
60D
102
}
102
{ACAD_XDICTIONARY
360
BD6
102
}
330
60D
100
AcDbTableStyle
  3
Standard
 70
     0
 71
     0
 40
0.06
 41
0.06
280
     0
281
     0
  7
Standard
140
4.5
170
     2
 62
     0
 63
   257
283
     0
 90
      512
 91
        0
  1

274
    -2
284
     1
 64
     0
275
    -2
285
     1
 65
     0
276
    -2
286
     1
 66
     0
277
    -2
287
     1
 67
     0
278
    -2
288
     1
 68
     0
279
    -2
289
     1
 69
     0
  7
Standard
140
6.0
170
     5
 62
     0
 63
   257
283
     0
 90
      512
 91
        0
  1

274
    -2
284
     1
 64
     0
275
    -2
285
     1
 65
     0
276
    -2
286
     1
 66
     0
277
    -2
287
     1
 67
     0
278
    -2
288
     1
 68
     0
279
    -2
289
     1
 69
     0
  7
Standard
140
4.5
170
     5
 62
     0
 63
   257
283
     0
 90
      512
 91
        0
  1

274
    -2
284
     1
 64
     0
275
    -2
285
     1
 65
     0
276
    -2
286
     1
 66
     0
277
    -2
287
     1
 67
     0
278
    -2
288
     1
 68
     0
279
    -2
289
     1
 69
     0
  0
VISUALSTYLE
  5
5F5
102
{ACAD_REACTORS
330
5F0
102
}
102
{ACAD_XDICTIONARY
360
BD8
102
}
330
5F0
100
AcDbVisualStyle
  2
2dWireframe
 70
     4
177
     2
291
     0
 71
     0
176
     1
 72
     2
176
     1
 73
     0
176
     1
 90
        0
176
     1
 40
0.6
176
     1
 41
30.0
176
     1
 62
     5
 63
     7
421
 16777215
176
     1
 74
     1
176
     1
 91
        4
176
     1
 64
     7
176
     1
 65
   257
176
     1
 75
     1
176
     1
175
     1
176
     1
 42
1.0
176
     1
 92
        0
176
     1
 66
   257
176
     1
 43
1.0
176
     1
 76
     1
176
     1
 77
     6
176
     1
 78
     2
176
     1
 67
     7
176
     1
 79
     5
176
     1
170
     0
176
     1
171
     0
176
     1
290
     0
176
     1
 93
        1
176
     1
 44
0.0
176
     1
173
     0
176
     1
  0
VISUALSTYLE
  5
5F8
102
{ACAD_REACTORS
330
5F0
102
}
102
{ACAD_XDICTIONARY
360
BDA
102
}
330
5F0
100
AcDbVisualStyle
  2
Basic
 70
     7
177
     2
291
     1
 71
     1
176
     1
 72
     0
176
     1
 73
     1
176
     1
 90
        0
176
     1
 40
0.6
176
     1
 41
30.0
176
     1
 62
     5
 63
     7
421
 16777215
176
     1
 74
     0
176
     1
 91
        4
176
     1
 64
     7
176
     1
 65
   257
176
     1
 75
     1
176
     1
175
     1
176
     1
 42
1.0
176
     1
 92
        8
176
     1
 66
     7
176
     1
 43
1.0
176
     1
 76
     1
176
     1
 77
     6
176
     1
 78
     2
176
     1
 67
     7
176
     1
 79
     5
176
     1
170
     0
176
     1
171
     0
176
     1
290
     0
176
     1
 93
        1
176
     1
 44
0.0
176
     1
173
     0
176
     1
  0
VISUALSTYLE
  5
5FC
102
{ACAD_REACTORS
330
5F0
102
}
102
{ACAD_XDICTIONARY
360
BDC
102
}
330
5F0
100
AcDbVisualStyle
  2
Brighten
 70
    12
177
     2
291
     1
 71
     2
176
     1
 72
     2
176
     1
 73
     0
176
     1
 90
        0
176
     1
 40
0.6
176
     1
 41
30.0
176
     1
 62
     5
 63
     7
421
 16777215
176
     1
 74
     1
176
     1
 91
        4
176
     1
 64
     7
176
     1
 65
   257
176
     1
 75
     1
176
     1
175
     1
176
     1
 42
1.0
176
     1
 92
        8
176
     1
 66
     7
176
     1
 43
1.0
176
     1
 76
     1
176
     1
 77
     6
176
     1
 78
     2
176
     1
 67
     7
176
     1
 79
     5
176
     1
170
     0
176
     1
171
     0
176
     1
290
     0
176
     1
 93
        1
176
     1
 44
50.0
176
     1
173
     0
176
     1
  0
VISUALSTYLE
  5
600
102
{ACAD_REACTORS
330
5F0
102
}
102
{ACAD_XDICTIONARY
360
BDE
102
}
330
5F0
100
AcDbVisualStyle
  2
ColorChange
 70
    16
177
     2
291
     1
 71
     2
176
     1
 72
     2
176
     1
 73
     3
176
     1
 90
        0
176
     1
 40
0.6
176
     1
 41
30.0
176
     1
 62
     5
 63
     8
421
  8421504
176
     1
 74
     1
176
     1
 91
        4
176
     1
 64
     7
176
     1
 65
   257
176
     1
 75
     1
176
     1
175
     1
176
     1
 42
1.0
176
     1
 92
        8
176
     1
 66
     8
424
  8421504
176
     1
 43
1.0
176
     1
 76
     1
176
     1
 77
     6
176
     1
 78
     2
176
     1
 67
     7
176
     1
 79
     5
176
     1
170
     0
176
     1
171
     0
176
     1
290
     0
176
     1
 93
        1
176
     1
 44
0.0
176
     1
173
     0
176
     1
  0
VISUALSTYLE
  5
5FA
102
{ACAD_REACTORS
330
5F0
102
}
102
{ACAD_XDICTIONARY
360
BE0
102
}
330
5F0
100
AcDbVisualStyle
  2
Conceptual
 70
     9
177
     2
291
     0
 71
     3
176
     1
 72
     2
176
     1
 73
     0
176
     1
 90
        0
176
     1
 40
0.6
176
     1
 41
30.0
176
     1
 62
     5
 63
     7
421
 16777215
176
     1
 74
     2
176
     1
 91
        2
176
     1
 64
     7
176
     1
 65
   257
176
     1
 75
     1
176
     1
175
     1
176
     1
 42
179.0
176
     1
 92
        8
176
     1
 66
     7
176
     1
 43
1.0
176
     1
 76
     1
176
     1
 77
     6
176
     1
 78
     2
176
     1
 67
     7
176
     1
 79
     3
176
     1
170
     0
176
     1
171
     0
176
     1
290
     0
176
     1
 93
        1
176
     1
 44
0.0
176
     1
173
     0
176
     1
  0
VISUALSTYLE
  5
5FB
102
{ACAD_REACTORS
330
5F0
102
}
102
{ACAD_XDICTIONARY
360
BE2
102
}
330
5F0
100
AcDbVisualStyle
  2
Dim
 70
    11
177
     2
291
     1
 71
     2
176
     1
 72
     2
176
     1
 73
     0
176
     1
 90
        0
176
     1
 40
0.6
176
     1
 41
30.0
176
     1
 62
     5
 63
     7
421
 16777215
176
     1
 74
     1
176
     1
 91
        4
176
     1
 64
     7
176
     1
 65
   257
176
     1
 75
     1
176
     1
175
     1
176
     1
 42
1.0
176
     1
 92
        8
176
     1
 66
     7
176
     1
 43
1.0
176
     1
 76
     1
176
     1
 77
     6
176
     1
 78
     2
176
     1
 67
     7
176
     1
 79
     5
176
     1
170
     0
176
     1
171
     0
176
     1
290
     0
176
     1
 93
        1
176
     1
 44
-50.0
176
     1
173
     0
176
     1
  0
VISUALSTYLE
  5
603
102
{ACAD_REACTORS
330
5F0
102
}
102
{ACAD_XDICTIONARY
360
BE4
102
}
330
5F0
100
AcDbVisualStyle
  2
EdgeColorOff
 70
    22
177
     2
291
     1
 71
     2
176
     0
 72
     2
176
     0
 73
     0
176
     0
 90
        0
176
     0
 40
0.6
176
     0
 41
30.0
176
     0
 62
     5
 63
     7
421
 16777215
176
     0
 74
     1
176
     0
 91
        4
176
     0
 64
     7
176
     0
 65
   257
176
     0
 75
     1
176
     0
175
     1
176
     0
 42
1.0
176
     0
 92
        8
176
     2
 66
     7
176
     0
 43
1.0
176
     0
 76
     1
176
     0
 77
     6
176
     0
 78
     2
176
     0
 67
     7
176
     0
 79
     5
176
     0
170
     0
176
     0
171
     0
176
     0
290
     0
176
     0
 93
        1
176
     0
 44
0.0
176
     0
173
     0
176
     0
  0
VISUALSTYLE
  5
5FF
102
{ACAD_REACTORS
330
5F0
102
}
102
{ACAD_XDICTIONARY
360
BE6
102
}
330
5F0
100
AcDbVisualStyle
  2
Facepattern
 70
    15
177
     2
291
     1
 71
     2
176
     1
 72
     2
176
     1
 73
     0
176
     1
 90
        0
176
     1
 40
0.6
176
     1
 41
30.0
176
     1
 62
     5
 63
     7
421
 16777215
176
     1
 74
     1
176
     1
 91
        4
176
     1
 64
     7
176
     1
 65
   257
176
     1
 75
     1
176
     1
175
     1
176
     1
 42
1.0
176
     1
 92
        8
176
     1
 66
     7
176
     1
 43
1.0
176
     1
 76
     1
176
     1
 77
     6
176
     1
 78
     2
176
     1
 67
     7
176
     1
 79
     5
176
     1
170
     0
176
     1
171
     0
176
     1
290
     0
176
     1
 93
        1
176
     1
 44
0.0
176
     1
173
     0
176
     1
  0
VISUALSTYLE
  5
5F1
102
{ACAD_REACTORS
330
5F0
102
}
102
{ACAD_XDICTIONARY
360
BE8
102
}
330
5F0
100
AcDbVisualStyle
  2
Flat
 70
     0
177
     2
291
     1
 71
     2
176
     1
 72
     1
176
     1
 73
     1
176
     1
 90
        2
176
     1
 40
0.6
176
     1
 41
30.0
176
     1
 62
     5
 63
     7
421
 16777215
176
     1
 74
     0
176
     1
 91
        0
176
     1
 64
     7
176
     1
 65
   257
176
     1
 75
     1
176
     1
175
     1
176
     1
 42
1.0
176
     1
 92
        8
176
     1
 66
     7
176
     1
 43
1.0
176
     1
 76
     1
176
     1
 77
     6
176
     1
 78
     2
176
     1
 67
     7
176
     1
 79
     5
176
     1
170
     0
176
     1
171
     0
176
     1
290
     0
176
     1
 93
       13
176
     1
 44
0.0
176
     1
173
     0
176
     1
  0
VISUALSTYLE
  5
5F2
102
{ACAD_REACTORS
330
5F0
102
}
102
{ACAD_XDICTIONARY
360
BEA
102
}
330
5F0
100
AcDbVisualStyle
  2
FlatWithEdges
 70
     1
177
     2
291
     1
 71
     2
176
     1
 72
     1
176
     1
 73
     1
176
     1
 90
        2
176
     1
 40
0.6
176
     1
 41
30.0
176
     1
 62
     5
 63
     7
421
 16777215
176
     1
 74
     1
176
     1
 91
        0
176
     1
 64
     7
176
     1
 65
   257
176
     1
 75
     1
176
     1
175
     1
176
     1
 42
1.0
176
     1
 92
        0
176
     1
 66
   257
176
     1
 43
1.0
176
     1
 76
     1
176
     1
 77
     6
176
     1
 78
     2
176
     1
 67
     7
176
     1
 79
     5
176
     1
170
     0
176
     1
171
     0
176
     1
290
     0
176
     1
 93
       13
176
     1
 44
0.0
176
     1
173
     0
176
     1
  0
VISUALSTYLE
  5
5F3
102
{ACAD_REACTORS
330
5F0
102
}
102
{ACAD_XDICTIONARY
360
BEC
102
}
330
5F0
100
AcDbVisualStyle
  2
Gouraud
 70
     2
177
     2
291
     1
 71
     2
176
     1
 72
     2
176
     1
 73
     1
176
     1
 90
        2
176
     1
 40
0.6
176
     1
 41
30.0
176
     1
 62
     5
 63
     7
421
 16777215
176
     1
 74
     0
176
     1
 91
        0
176
     1
 64
     7
176
     1
 65
   257
176
     1
 75
     1
176
     1
175
     1
176
     1
 42
1.0
176
     1
 92
        0
176
     1
 66
     7
176
     1
 43
1.0
176
     1
 76
     1
176
     1
 77
     6
176
     1
 78
     2
176
     1
 67
     7
176
     1
 79
     5
176
     1
170
     0
176
     1
171
     0
176
     1
290
     0
176
     1
 93
       13
176
     1
 44
0.0
176
     1
173
     0
176
     1
  0
VISUALSTYLE
  5
5F4
102
{ACAD_REACTORS
330
5F0
102
}
102
{ACAD_XDICTIONARY
360
BEE
102
}
330
5F0
100
AcDbVisualStyle
  2
GouraudWithEdges
 70
     3
177
     2
291
     1
 71
     2
176
     1
 72
     2
176
     1
 73
     1
176
     1
 90
        2
176
     1
 40
0.6
176
     1
 41
30.0
176
     1
 62
     5
 63
     7
421
 16777215
176
     1
 74
     1
176
     1
 91
        0
176
     1
 64
     7
176
     1
 65
   257
176
     1
 75
     1
176
     1
175
     1
176
     1
 42
1.0
176
     1
 92
        0
176
     1
 66
   257
176
     1
 43
1.0
176
     1
 76
     1
176
     1
 77
     6
176
     1
 78
     2
176
     1
 67
     7
176
     1
 79
     5
176
     1
170
     0
176
     1
171
     0
176
     1
290
     0
176
     1
 93
       13
176
     1
 44
0.0
176
     1
173
     0
176
     1
  0
VISUALSTYLE
  5
5F7
102
{ACAD_REACTORS
330
5F0
102
}
102
{ACAD_XDICTIONARY
360
BF0
102
}
330
5F0
100
AcDbVisualStyle
  2
Hidden
 70
     6
177
     2
291
     0
 71
     1
176
     1
 72
     2
176
     1
 73
     2
176
     1
 90
        0
176
     1
 40
0.6
176
     1
 41
30.0
176
     1
 62
     5
 63
     7
421
 16777215
176
     1
 74
     2
176
     1
 91
        2
176
     1
 64
     7
176
     1
 65
   257
176
     1
 75
     2
176
     1
175
     1
176
     1
 42
40.0
176
     1
 92
        0
176
     1
 66
   257
176
     1
 43
1.0
176
     1
 76
     1
176
     1
 77
     6
176
     1
 78
     2
176
     1
 67
     7
176
     1
 79
     3
176
     1
170
     0
176
     1
171
     0
176
     1
290
     0
176
     1
 93
        1
176
     1
 44
0.0
176
     1
173
     0
176
     1
  0
VISUALSTYLE
  5
601
102
{ACAD_REACTORS
330
5F0
102
}
102
{ACAD_XDICTIONARY
360
BF2
102
}
330
5F0
100
AcDbVisualStyle
  2
JitterOff
 70
    20
177
     2
291
     1
 71
     2
176
     0
 72
     2
176
     0
 73
     0
176
     0
 90
        0
176
     0
 40
0.6
176
     0
 41
30.0
176
     0
 62
     5
 63
     7
421
 16777215
176
     0
 74
     1
176
     0
 91
        4
176
     0
 64
     7
176
     0
 65
   257
176
     0
 75
     1
176
     0
175
     1
176
     0
 42
1.0
176
     0
 92
       10
176
     2
 66
     7
176
     0
 43
1.0
176
     0
 76
     1
176
     0
 77
     6
176
     0
 78
     2
176
     0
 67
     7
176
     0
 79
     5
176
     0
170
     0
176
     0
171
     0
176
     0
290
     0
176
     0
 93
        1
176
     0
 44
0.0
176
     0
173
     0
176
     0
  0
VISUALSTYLE
  5
5FE
102
{ACAD_REACTORS
330
5F0
102
}
102
{ACAD_XDICTIONARY
360
BF4
102
}
330
5F0
100
AcDbVisualStyle
  2
Linepattern
 70
    14
177
     2
291
     1
 71
     2
176
     1
 72
     2
176
     1
 73
     0
176
     1
 90
        0
176
     1
 40
0.6
176
     1
 41
30.0
176
     1
 62
     5
 63
     7
421
 16777215
176
     1
 74
     1
176
     1
 91
        4
176
     1
 64
     7
176
     1
 65
   257
176
     1
 75
     7
176
     1
175
     7
176
     1
 42
1.0
176
     1
 92
        8
176
     1
 66
     7
176
     1
 43
1.0
176
     1
 76
     1
176
     1
 77
     6
176
     1
 78
     2
176
     1
 67
     7
176
     1
 79
     5
176
     1
170
     0
176
     1
171
     0
176
     1
290
     0
176
     1
 93
        1
176
     1
 44
0.0
176
     1
173
     0
176
     1
  0
VISUALSTYLE
  5
602
102
{ACAD_REACTORS
330
5F0
102
}
102
{ACAD_XDICTIONARY
360
BF6
102
}
330
5F0
100
AcDbVisualStyle
  2
OverhangOff
 70
    21
177
     2
291
     1
 71
     2
176
     0
 72
     2
176
     0
 73
     0
176
     0
 90
        0
176
     0
 40
0.6
176
     0
 41
30.0
176
     0
 62
     5
 63
     7
421
 16777215
176
     0
 74
     1
176
     0
 91
        4
176
     0
 64
     7
176
     0
 65
   257
176
     0
 75
     1
176
     0
175
     1
176
     0
 42
1.0
176
     0
 92
        9
176
     2
 66
     7
176
     0
 43
1.0
176
     0
 76
     1
176
     0
 77
     6
176
     0
 78
     2
176
     0
 67
     7
176
     0
 79
     5
176
     0
170
     0
176
     0
171
     0
176
     0
290
     0
176
     0
 93
        1
176
     0
 44
0.0
176
     0
173
     0
176
     0
  0
VISUALSTYLE
  5
5F9
102
{ACAD_REACTORS
330
5F0
102
}
102
{ACAD_XDICTIONARY
360
BF8
102
}
330
5F0
100
AcDbVisualStyle
  2
Realistic
 70
     8
177
     2
291
     0
 71
     2
176
     1
 72
     3
176
     1
 73
     0
176
     1
 90
        2
176
     1
 40
0.6
176
     1
 41
30.0
176
     1
 62
     5
 63
     7
421
 16777215
176
     1
 74
     0
176
     1
 91
        0
176
     1
 64
     7
176
     1
 65
   257
176
     1
 75
     1
176
     1
175
     1
176
     1
 42
1.0
176
     1
 92
        8
176
     1
 66
   257
176
     1
 43
1.0
176
     1
 76
     1
176
     1
 77
     6
176
     1
 78
     2
176
     1
 67
     7
176
     1
 79
     3
176
     1
170
     0
176
     1
171
     0
176
     1
290
     0
176
     1
 93
       13
176
     1
 44
0.0
176
     1
173
     0
176
     1
  0
VISUALSTYLE
  5
608
102
{ACAD_REACTORS
330
5F0
102
}
102
{ACAD_XDICTIONARY
360
BFA
102
}
330
5F0
100
AcDbVisualStyle
  2
Shaded
 70
    27
177
     2
291
     0
 71
     2
176
     1
 72
     2
176
     1
 73
     1
176
     1
 90
        2
176
     1
 40
0.6
176
     1
 41
30.0
176
     1
 62
     5
 63
     7
421
 16777215
176
     1
 74
     0
176
     1
 91
        4
176
     1
 64
     7
176
     1
 65
   257
176
     1
 75
     1
176
     1
175
     1
176
     1
 42
1.0
176
     1
 92
        8
176
     1
 66
   257
176
     1
 43
1.0
176
     1
 76
     1
176
     1
 77
     6
176
     1
 78
     2
176
     1
 67
     8
425
  7895160
176
     1
 79
     3
176
     1
170
     0
176
     1
171
     0
176
     1
290
     0
176
     1
 93
        5
176
     1
 44
0.0
176
     1
173
     0
176
     1
  0
VISUALSTYLE
  5
607
102
{ACAD_REACTORS
330
5F0
102
}
102
{ACAD_XDICTIONARY
360
BFC
102
}
330
5F0
100
AcDbVisualStyle
  2
Shaded with edges
 70
    26
177
     2
291
     0
 71
     2
176
     1
 72
     2
176
     1
 73
     1
176
     1
 90
        2
176
     1
 40
0.6
176
     1
 41
30.0
176
     1
 62
     5
 63
     7
421
 16777215
176
     1
 74
     1
176
     1
 91
       10
176
     1
 64
     7
176
     1
 65
   257
176
     1
 75
     2
176
     1
175
     1
176
     1
 42
1.0
176
     1
 92
        8
176
     1
 66
   257
176
     1
 43
1.0
176
     1
 76
     1
176
     1
 77
     6
176
     1
 78
     2
176
     1
 67
     7
176
     1
 79
     3
176
     1
170
     0
176
     1
171
     0
176
     1
290
     0
176
     1
 93
        5
176
     1
 44
0.0
176
     1
173
     0
176
     1
  0
VISUALSTYLE
  5
604
102
{ACAD_REACTORS
330
5F0
102
}
102
{ACAD_XDICTIONARY
360
BFE
102
}
330
5F0
100
AcDbVisualStyle
  2
Shades of Gray
 70
    23
177
     2
291
     0
 71
     2
176
     1
 72
     2
176
     1
 73
     3
176
     1
 90
        0
176
     1
 40
0.6
176
     1
 41
30.0
176
     1
 62
     5
 63
     7
421
 16777215
176
     1
 74
     2
176
     1
 91
        2
176
     1
 64
     7
176
     1
 65
     7
176
     1
 75
     1
176
     1
175
     1
176
     1
 42
40.0
176
     1
 92
        8
176
     1
 66
     7
176
     1
 43
1.0
176
     1
 76
     1
176
     1
 77
     6
176
     1
 78
     2
176
     1
 67
     7
176
     1
 79
     3
176
     1
170
     0
176
     1
171
     0
176
     1
290
     0
176
     1
 93
        1
176
     1
 44
0.0
176
     1
173
     0
176
     1
  0
VISUALSTYLE
  5
605
102
{ACAD_REACTORS
330
5F0
102
}
102
{ACAD_XDICTIONARY
360
C00
102
}
330
5F0
100
AcDbVisualStyle
  2
Sketchy
 70
    24
177
     2
291
     0
 71
     1
176
     1
 72
     2
176
     1
 73
     2
176
     1
 90
        0
176
     1
 40
0.6
176
     1
 41
30.0
176
     1
 62
     5
 63
     7
421
 16777215
176
     1
 74
     2
176
     1
 91
        2
176
     1
 64
     7
176
     1
 65
     7
176
     1
 75
     1
176
     1
175
     1
176
     1
 42
40.0
176
     1
 92
       11
176
     1
 66
     7
176
     1
 43
1.0
176
     1
 76
     1
176
     1
 77
     6
176
     1
 78
     2
176
     1
 67
     7
176
     1
 79
     6
176
     1
170
     0
176
     1
171
     0
176
     1
290
     0
176
     1
 93
        1
176
     1
 44
0.0
176
     1
173
     0
176
     1
  0
VISUALSTYLE
  5
5FD
102
{ACAD_REACTORS
330
5F0
102
}
102
{ACAD_XDICTIONARY
360
C02
102
}
330
5F0
100
AcDbVisualStyle
  2
Thicken
 70
    13
177
     2
291
     1
 71
     2
176
     1
 72
     2
176
     1
 73
     0
176
     1
 90
        0
176
     1
 40
0.6
176
     1
 41
30.0
176
     1
 62
     5
 63
     7
421
 16777215
176
     1
 74
     1
176
     1
 91
        4
176
     1
 64
     7
176
     1
 65
   257
176
     1
 75
     1
176
     1
175
     1
176
     1
 42
1.0
176
     1
 92
       12
176
     1
 66
     7
176
     1
 43
1.0
176
     1
 76
     1
176
     1
 77
     6
176
     1
 78
     2
176
     1
 67
     7
176
     1
 79
     5
176
     1
170
     0
176
     1
171
     0
176
     1
290
     0
176
     1
 93
        1
176
     1
 44
0.0
176
     1
173
     0
176
     1
  0
VISUALSTYLE
  5
5F6
102
{ACAD_REACTORS
330
5F0
102
}
102
{ACAD_XDICTIONARY
360
C04
102
}
330
5F0
100
AcDbVisualStyle
  2
Wireframe
 70
     5
177
     2
291
     0
 71
     0
176
     1
 72
     2
176
     1
 73
     0
176
     1
 90
        0
176
     1
 40
0.6
176
     1
 41
30.0
176
     1
 62
     5
 63
     7
421
 16777215
176
     1
 74
     1
176
     1
 91
        4
176
     1
 64
     7
176
     1
 65
   257
176
     1
 75
     1
176
     1
175
     1
176
     1
 42
1.0
176
     1
 92
        0
176
     1
 66
   257
176
     1
 43
1.0
176
     1
 76
     1
176
     1
 77
     6
176
     1
 78
     2
176
     1
 67
     7
176
     1
 79
     3
176
     1
170
     0
176
     1
171
     0
176
     1
290
     0
176
     1
 93
        1
176
     1
 44
0.0
176
     1
173
     0
176
     1
  0
VISUALSTYLE
  5
606
102
{ACAD_REACTORS
330
5F0
102
}
102
{ACAD_XDICTIONARY
360
C06
102
}
330
5F0
100
AcDbVisualStyle
  2
X-Ray
 70
    25
177
     2
291
     0
 71
     2
176
     1
 72
     2
176
     1
 73
     1
176
     1
 90
        1
176
     1
 40
0.5
176
     1
 41
30.0
176
     1
 62
     5
 63
     7
421
 16777215
176
     1
 74
     1
176
     1
 91
        0
176
     1
 64
     7
176
     1
 65
   257
176
     1
 75
     1
176
     1
175
     1
176
     1
 42
1.0
176
     1
 92
        8
176
     1
 66
     7
176
     1
 43
1.0
176
     1
 76
     1
176
     1
 77
     6
176
     1
 78
     2
176
     1
 67
     7
176
     1
 79
     3
176
     1
170
     0
176
     1
171
     0
176
     1
290
     0
176
     1
 93
       13
176
     1
 44
0.0
176
     1
173
     0
176
     1
  0
DICTIONARYVAR
  5
7DE
102
{ACAD_REACTORS
330
7DD
102
}
330
7DD
100
DictionaryVariables
280
     0
  1
1:1
  0
DICTIONARYVAR
  5
813
102
{ACAD_REACTORS
330
7DD
102
}
330
7DD
100
DictionaryVariables
280
     0
  1
Standard
  0
DICTIONARYVAR
  5
812
102
{ACAD_REACTORS
330
7DD
102
}
330
7DD
100
DictionaryVariables
280
     0
  1
Standard
  0
DICTIONARYVAR
  5
814
102
{ACAD_REACTORS
330
7DD
102
}
330
7DD
100
DictionaryVariables
280
     0
  1
0
  0
ACDBASSOCNETWORK
  5
A97
102
{ACAD_REACTORS
330
A96
102
}
330
A96
100
AcDbAssocAction
 90
        1
 90
        0
330
77E
360
0
 90
        2
 90
        0
 90
        0
100
AcDbAssocNetwork
 90
        0
 90
        1
 90
        1
360
A8D
 90
        0
  0
DICTIONARY
  5
BD6
330
60E
100
AcDbDictionary
280
     1
281
     1
  3
ACAD_ROUNDTRIP_2008_TABLESTYLE_CELLSTYLEMAP
360
BD7
  0
DICTIONARY
  5
BD8
330
5F5
100
AcDbDictionary
280
     1
281
     1
  3
ACAD_XREC_ROUNDTRIP
360
BD9
  0
DICTIONARY
  5
BDA
330
5F8
100
AcDbDictionary
280
     1
281
     1
  3
ACAD_XREC_ROUNDTRIP
360
BDB
  0
DICTIONARY
  5
BDC
330
5FC
100
AcDbDictionary
280
     1
281
     1
  3
ACAD_XREC_ROUNDTRIP
360
BDD
  0
DICTIONARY
  5
BDE
330
600
100
AcDbDictionary
280
     1
281
     1
  3
ACAD_XREC_ROUNDTRIP
360
BDF
  0
DICTIONARY
  5
BE0
330
5FA
100
AcDbDictionary
280
     1
281
     1
  3
ACAD_XREC_ROUNDTRIP
360
BE1
  0
DICTIONARY
  5
BE2
330
5FB
100
AcDbDictionary
280
     1
281
     1
  3
ACAD_XREC_ROUNDTRIP
360
BE3
  0
DICTIONARY
  5
BE4
330
603
100
AcDbDictionary
280
     1
281
     1
  3
ACAD_XREC_ROUNDTRIP
360
BE5
  0
DICTIONARY
  5
BE6
330
5FF
100
AcDbDictionary
280
     1
281
     1
  3
ACAD_XREC_ROUNDTRIP
360
BE7
  0
DICTIONARY
  5
BE8
330
5F1
100
AcDbDictionary
280
     1
281
     1
  3
ACAD_XREC_ROUNDTRIP
360
BE9
  0
DICTIONARY
  5
BEA
330
5F2
100
AcDbDictionary
280
     1
281
     1
  3
ACAD_XREC_ROUNDTRIP
360
BEB
  0
DICTIONARY
  5
BEC
330
5F3
100
AcDbDictionary
280
     1
281
     1
  3
ACAD_XREC_ROUNDTRIP
360
BED
  0
DICTIONARY
  5
BEE
330
5F4
100
AcDbDictionary
280
     1
281
     1
  3
ACAD_XREC_ROUNDTRIP
360
BEF
  0
DICTIONARY
  5
BF0
330
5F7
100
AcDbDictionary
280
     1
281
     1
  3
ACAD_XREC_ROUNDTRIP
360
BF1
  0
DICTIONARY
  5
BF2
330
601
100
AcDbDictionary
280
     1
281
     1
  3
ACAD_XREC_ROUNDTRIP
360
BF3
  0
DICTIONARY
  5
BF4
330
5FE
100
AcDbDictionary
280
     1
281
     1
  3
ACAD_XREC_ROUNDTRIP
360
BF5
  0
DICTIONARY
  5
BF6
330
602
100
AcDbDictionary
280
     1
281
     1
  3
ACAD_XREC_ROUNDTRIP
360
BF7
  0
DICTIONARY
  5
BF8
330
5F9
100
AcDbDictionary
280
     1
281
     1
  3
ACAD_XREC_ROUNDTRIP
360
BF9
  0
DICTIONARY
  5
BFA
330
608
100
AcDbDictionary
280
     1
281
     1
  3
ACAD_XREC_ROUNDTRIP
360
BFB
  0
DICTIONARY
  5
BFC
330
607
100
AcDbDictionary
280
     1
281
     1
  3
ACAD_XREC_ROUNDTRIP
360
BFD
  0
DICTIONARY
  5
BFE
330
604
100
AcDbDictionary
280
     1
281
     1
  3
ACAD_XREC_ROUNDTRIP
360
BFF
  0
DICTIONARY
  5
C00
330
605
100
AcDbDictionary
280
     1
281
     1
  3
ACAD_XREC_ROUNDTRIP
360
C01
  0
DICTIONARY
  5
C02
330
5FD
100
AcDbDictionary
280
     1
281
     1
  3
ACAD_XREC_ROUNDTRIP
360
C03
  0
DICTIONARY
  5
C04
330
5F6
100
AcDbDictionary
280
     1
281
     1
  3
ACAD_XREC_ROUNDTRIP
360
C05
  0
DICTIONARY
  5
C06
330
606
100
AcDbDictionary
280
     1
281
     1
  3
ACAD_XREC_ROUNDTRIP
360
C07
  0
ACDBASSOCACTION
  5
A8D
330
A97
100
AcDbAssocAction
 90
        1
 90
        0
330
A97
360
A8E
 90
        1
 90
        3
 90
        3
360
A8F
360
A90
360
A91
  0
CELLSTYLEMAP
  5
BD7
102
{ACAD_REACTORS
330
BD6
102
}
330
BD6
100
AcDbCellStyleMap
 90
        3
300
CELLSTYLE
  1
TABLEFORMAT_BEGIN
 90
        5
170
     1
 91
        0
 92
    32768
 62
   257
 93
        1
300
CONTENTFORMAT
  1
CONTENTFORMAT_BEGIN
 90
        0
 91
        0
 92
      512
 93
        0
300

 40
0.0
140
1.0
 94
        5
 62
     0
340
11
144
6.0
309
CONTENTFORMAT_END
171
     1
301
MARGIN
  1
CELLMARGIN_BEGIN
 40
1.5
 40
1.5
 40
1.5
 40
1.5
 40
1.5
 40
1.5
309
CELLMARGIN_END
 94
        6
 95
        1
302
GRIDFORMAT
  1
GRIDFORMAT_BEGIN
 90
        0
 91
        1
 62
     0
 92
       -2
340
14
 93
        0
 40
0.045
309
GRIDFORMAT_END
 95
        2
302
GRIDFORMAT
  1
GRIDFORMAT_BEGIN
 90
        0
 91
        1
 62
     0
 92
       -2
340
14
 93
        0
 40
0.045
309
GRIDFORMAT_END
 95
        4
302
GRIDFORMAT
  1
GRIDFORMAT_BEGIN
 90
        0
 91
        1
 62
     0
 92
       -2
340
14
 93
        0
 40
0.045
309
GRIDFORMAT_END
 95
        8
302
GRIDFORMAT
  1
GRIDFORMAT_BEGIN
 90
        0
 91
        1
 62
     0
 92
       -2
340
14
 93
        0
 40
0.045
309
GRIDFORMAT_END
 95
       16
302
GRIDFORMAT
  1
GRIDFORMAT_BEGIN
 90
        0
 91
        1
 62
     0
 92
       -2
340
14
 93
        0
 40
0.045
309
GRIDFORMAT_END
 95
       32
302
GRIDFORMAT
  1
GRIDFORMAT_BEGIN
 90
        0
 91
        1
 62
     0
 92
       -2
340
14
 93
        0
 40
0.045
309
GRIDFORMAT_END
309
TABLEFORMAT_END
  1
CELLSTYLE_BEGIN
 90
        1
 91
        1
300
_TITLE
309
CELLSTYLE_END
300
CELLSTYLE
  1
TABLEFORMAT_BEGIN
 90
        5
170
     1
 91
        0
 92
        0
 62
   257
 93
        1
300
CONTENTFORMAT
  1
CONTENTFORMAT_BEGIN
 90
        0
 91
        0
 92
      512
 93
        0
300

 40
0.0
140
1.0
 94
        5
 62
     0
340
11
144
4.5
309
CONTENTFORMAT_END
171
     1
301
MARGIN
  1
CELLMARGIN_BEGIN
 40
1.5
 40
1.5
 40
1.5
 40
1.5
 40
1.5
 40
1.5
309
CELLMARGIN_END
 94
        6
 95
        1
302
GRIDFORMAT
  1
GRIDFORMAT_BEGIN
 90
        0
 91
        1
 62
     0
 92
       -2
340
14
 93
        0
 40
0.045
309
GRIDFORMAT_END
 95
        2
302
GRIDFORMAT
  1
GRIDFORMAT_BEGIN
 90
        0
 91
        1
 62
     0
 92
       -2
340
14
 93
        0
 40
0.045
309
GRIDFORMAT_END
 95
        4
302
GRIDFORMAT
  1
GRIDFORMAT_BEGIN
 90
        0
 91
        1
 62
     0
 92
       -2
340
14
 93
        0
 40
0.045
309
GRIDFORMAT_END
 95
        8
302
GRIDFORMAT
  1
GRIDFORMAT_BEGIN
 90
        0
 91
        1
 62
     0
 92
       -2
340
14
 93
        0
 40
0.045
309
GRIDFORMAT_END
 95
       16
302
GRIDFORMAT
  1
GRIDFORMAT_BEGIN
 90
        0
 91
        1
 62
     0
 92
       -2
340
14
 93
        0
 40
0.045
309
GRIDFORMAT_END
 95
       32
302
GRIDFORMAT
  1
GRIDFORMAT_BEGIN
 90
        0
 91
        1
 62
     0
 92
       -2
340
14
 93
        0
 40
0.045
309
GRIDFORMAT_END
309
TABLEFORMAT_END
  1
CELLSTYLE_BEGIN
 90
        2
 91
        1
300
_HEADER
309
CELLSTYLE_END
300
CELLSTYLE
  1
TABLEFORMAT_BEGIN
 90
        5
170
     1
 91
        0
 92
        0
 62
   257
 93
        1
300
CONTENTFORMAT
  1
CONTENTFORMAT_BEGIN
 90
        0
 91
        0
 92
      512
 93
        0
300

 40
0.0
140
1.0
 94
        2
 62
     0
340
11
144
4.5
309
CONTENTFORMAT_END
171
     1
301
MARGIN
  1
CELLMARGIN_BEGIN
 40
1.5
 40
1.5
 40
1.5
 40
1.5
 40
1.5
 40
1.5
309
CELLMARGIN_END
 94
        6
 95
        1
302
GRIDFORMAT
  1
GRIDFORMAT_BEGIN
 90
        0
 91
        1
 62
     0
 92
       -2
340
14
 93
        0
 40
0.045
309
GRIDFORMAT_END
 95
        2
302
GRIDFORMAT
  1
GRIDFORMAT_BEGIN
 90
        0
 91
        1
 62
     0
 92
       -2
340
14
 93
        0
 40
0.045
309
GRIDFORMAT_END
 95
        4
302
GRIDFORMAT
  1
GRIDFORMAT_BEGIN
 90
        0
 91
        1
 62
     0
 92
       -2
340
14
 93
        0
 40
0.045
309
GRIDFORMAT_END
 95
        8
302
GRIDFORMAT
  1
GRIDFORMAT_BEGIN
 90
        0
 91
        1
 62
     0
 92
       -2
340
14
 93
        0
 40
0.045
309
GRIDFORMAT_END
 95
       16
302
GRIDFORMAT
  1
GRIDFORMAT_BEGIN
 90
        0
 91
        1
 62
     0
 92
       -2
340
14
 93
        0
 40
0.045
309
GRIDFORMAT_END
 95
       32
302
GRIDFORMAT
  1
GRIDFORMAT_BEGIN
 90
        0
 91
        1
 62
     0
 92
       -2
340
14
 93
        0
 40
0.045
309
GRIDFORMAT_END
309
TABLEFORMAT_END
  1
CELLSTYLE_BEGIN
 90
        3
 91
        2
300
_DATA
309
CELLSTYLE_END
  0
XRECORD
  5
BD9
102
{ACAD_REACTORS
330
BD8
102
}
330
BD8
100
AcDbXrecord
280
     1
102
RTVSPost2010Prop28
280
     1
102
RTVSPost2010PropOp28
 70
     1
102
RTVSPost2010Prop29
280
     1
102
RTVSPost2010PropOp29
 70
     1
102
RTVSPost2010Prop30
280
     0
102
RTVSPost2010PropOp30
 70
     1
102
RTVSPost2010Prop31
280
     0
102
RTVSPost2010PropOp31
 70
     1
102
RTVSPost2010Prop32
280
     0
102
RTVSPost2010PropOp32
 70
     1
102
RTVSPost2010Prop33
280
     0
102
RTVSPost2010PropOp33
 70
     1
102
RTVSPost2010Prop34
280
     0
102
RTVSPost2010PropOp34
 70
     1
102
RTVSPost2010Prop35
280
     0
102
RTVSPost2010PropOp35
 70
     1
102
RTVSPost2010Prop36
280
     0
102
RTVSPost2010PropOp36
 70
     1
102
RTVSPost2010Prop37
 90
       50
102
RTVSPost2010PropOp37
 70
     1
102
RTVSPost2010Prop38
140
0.0
102
RTVSPost2010PropOp38
 70
     1
102
RTVSPost2010Prop39
140
1.0
102
RTVSPost2010PropOp39
 70
     1
102
RTVSPost2010Prop40
 90
        0
102
RTVSPost2010PropOp40
 70
     1
102
RTVSPost2010Prop41ColorIndex
 90
       18
102
RTVSPost2010Prop41ColorRGB
 90
        0
102
RTVSPost2010PropOp41
 70
     1
102
RTVSPost2010Prop42
 90
       50
102
RTVSPost2010PropOp42
 70
     1
102
RTVSPost2010Prop43
 90
        3
102
RTVSPost2010PropOp43
 70
     1
102
RTVSPost2010Prop44ColorIndex
 90
        5
102
RTVSPost2010Prop44ColorRGB
 90
      255
102
RTVSPost2010PropOp44
 70
     1
102
RTVSPost2010Prop45
280
     0
102
RTVSPost2010PropOp45
 70
     1
102
RTVSPost2010Prop46
 90
       50
102
RTVSPost2010PropOp46
 70
     1
102
RTVSPost2010Prop47
 90
       50
102
RTVSPost2010PropOp47
 70
     1
102
RTVSPost2010Prop48
 90
       50
102
RTVSPost2010PropOp48
 70
     1
102
RTVSPost2010Prop49
280
     0
102
RTVSPost2010PropOp49
 70
     1
102
RTVSPost2010Prop50
 90
       50
102
RTVSPost2010PropOp50
 70
     1
102
RTVSPost2010Prop51ColorIndex
 90
      256
102
RTVSPost2010Prop51ColorRGB
 90
-16777216
102
RTVSPost2010PropOp51
 70
     0
102
RTVSPost2010Prop52
140
1.0
102
RTVSPost2010PropOp52
 70
     0
102
RTVSPost2010Prop53
 90
        2
102
RTVSPost2010PropOp53
 70
     1
102
RTVSPost2010Prop54
  1
strokes_ogs.tif
102
RTVSPost2010PropOp54
 70
     1
102
RTVSPost2010Prop55
280
     0
102
RTVSPost2010PropOp55
 70
     1
102
RTVSPost2010Prop56
140
1.0
102
RTVSPost2010PropOp56
 70
     1
102
RTVSPost2010Prop57
140
1.0
102
RTVSPost2010PropOp57
 70
     1
  0
XRECORD
  5
BDB
102
{ACAD_REACTORS
330
BDA
102
}
330
BDA
100
AcDbXrecord
280
     1
102
RTVSPost2010Prop28
280
     0
102
RTVSPost2010PropOp28
 70
     1
102
RTVSPost2010Prop29
280
     1
102
RTVSPost2010PropOp29
 70
     1
102
RTVSPost2010Prop30
280
     1
102
RTVSPost2010PropOp30
 70
     1
102
RTVSPost2010Prop31
280
     0
102
RTVSPost2010PropOp31
 70
     1
102
RTVSPost2010Prop32
280
     0
102
RTVSPost2010PropOp32
 70
     1
102
RTVSPost2010Prop33
280
     0
102
RTVSPost2010PropOp33
 70
     1
102
RTVSPost2010Prop34
280
     0
102
RTVSPost2010PropOp34
 70
     1
102
RTVSPost2010Prop35
280
     0
102
RTVSPost2010PropOp35
 70
     1
102
RTVSPost2010Prop36
280
     0
102
RTVSPost2010PropOp36
 70
     1
102
RTVSPost2010Prop37
 90
       50
102
RTVSPost2010PropOp37
 70
     1
102
RTVSPost2010Prop38
140
0.0
102
RTVSPost2010PropOp38
 70
     1
102
RTVSPost2010Prop39
140
1.0
102
RTVSPost2010PropOp39
 70
     1
102
RTVSPost2010Prop40
 90
        0
102
RTVSPost2010PropOp40
 70
     1
102
RTVSPost2010Prop41ColorIndex
 90
       18
102
RTVSPost2010Prop41ColorRGB
 90
        0
102
RTVSPost2010PropOp41
 70
     1
102
RTVSPost2010Prop42
 90
       50
102
RTVSPost2010PropOp42
 70
     1
102
RTVSPost2010Prop43
 90
        3
102
RTVSPost2010PropOp43
 70
     1
102
RTVSPost2010Prop44ColorIndex
 90
        5
102
RTVSPost2010Prop44ColorRGB
 90
      255
102
RTVSPost2010PropOp44
 70
     1
102
RTVSPost2010Prop45
280
     0
102
RTVSPost2010PropOp45
 70
     1
102
RTVSPost2010Prop46
 90
       50
102
RTVSPost2010PropOp46
 70
     1
102
RTVSPost2010Prop47
 90
       50
102
RTVSPost2010PropOp47
 70
     1
102
RTVSPost2010Prop48
 90
       50
102
RTVSPost2010PropOp48
 70
     1
102
RTVSPost2010Prop49
280
     0
102
RTVSPost2010PropOp49
 70
     1
102
RTVSPost2010Prop50
 90
       50
102
RTVSPost2010PropOp50
 70
     1
102
RTVSPost2010Prop51ColorIndex
 90
      256
102
RTVSPost2010Prop51ColorRGB
 90
-16777216
102
RTVSPost2010PropOp51
 70
     0
102
RTVSPost2010Prop52
140
1.0
102
RTVSPost2010PropOp52
 70
     0
102
RTVSPost2010Prop53
 90
        2
102
RTVSPost2010PropOp53
 70
     1
102
RTVSPost2010Prop54
  1
strokes_ogs.tif
102
RTVSPost2010PropOp54
 70
     1
102
RTVSPost2010Prop55
280
     0
102
RTVSPost2010PropOp55
 70
     1
102
RTVSPost2010Prop56
140
1.0
102
RTVSPost2010PropOp56
 70
     1
102
RTVSPost2010Prop57
140
1.0
102
RTVSPost2010PropOp57
 70
     1
  0
XRECORD
  5
BDD
102
{ACAD_REACTORS
330
BDC
102
}
330
BDC
100
AcDbXrecord
280
     1
102
RTVSPost2010Prop28
280
     0
102
RTVSPost2010PropOp28
 70
     1
102
RTVSPost2010Prop29
280
     1
102
RTVSPost2010PropOp29
 70
     1
102
RTVSPost2010Prop30
280
     1
102
RTVSPost2010PropOp30
 70
     1
102
RTVSPost2010Prop31
280
     0
102
RTVSPost2010PropOp31
 70
     1
102
RTVSPost2010Prop32
280
     0
102
RTVSPost2010PropOp32
 70
     1
102
RTVSPost2010Prop33
280
     0
102
RTVSPost2010PropOp33
 70
     1
102
RTVSPost2010Prop34
280
     0
102
RTVSPost2010PropOp34
 70
     1
102
RTVSPost2010Prop35
280
     0
102
RTVSPost2010PropOp35
 70
     1
102
RTVSPost2010Prop36
280
     0
102
RTVSPost2010PropOp36
 70
     1
102
RTVSPost2010Prop37
 90
       50
102
RTVSPost2010PropOp37
 70
     1
102
RTVSPost2010Prop38
140
0.0
102
RTVSPost2010PropOp38
 70
     1
102
RTVSPost2010Prop39
140
1.0
102
RTVSPost2010PropOp39
 70
     1
102
RTVSPost2010Prop40
 90
        0
102
RTVSPost2010PropOp40
 70
     1
102
RTVSPost2010Prop41ColorIndex
 90
       18
102
RTVSPost2010Prop41ColorRGB
 90
        0
102
RTVSPost2010PropOp41
 70
     1
102
RTVSPost2010Prop42
 90
       50
102
RTVSPost2010PropOp42
 70
     1
102
RTVSPost2010Prop43
 90
        3
102
RTVSPost2010PropOp43
 70
     1
102
RTVSPost2010Prop44ColorIndex
 90
        5
102
RTVSPost2010Prop44ColorRGB
 90
      255
102
RTVSPost2010PropOp44
 70
     1
102
RTVSPost2010Prop45
280
     0
102
RTVSPost2010PropOp45
 70
     1
102
RTVSPost2010Prop46
 90
       50
102
RTVSPost2010PropOp46
 70
     1
102
RTVSPost2010Prop47
 90
       50
102
RTVSPost2010PropOp47
 70
     1
102
RTVSPost2010Prop48
 90
       50
102
RTVSPost2010PropOp48
 70
     1
102
RTVSPost2010Prop49
280
     0
102
RTVSPost2010PropOp49
 70
     1
102
RTVSPost2010Prop50
 90
       50
102
RTVSPost2010PropOp50
 70
     1
102
RTVSPost2010Prop51ColorIndex
 90
      256
102
RTVSPost2010Prop51ColorRGB
 90
-16777216
102
RTVSPost2010PropOp51
 70
     0
102
RTVSPost2010Prop52
140
1.0
102
RTVSPost2010PropOp52
 70
     0
102
RTVSPost2010Prop53
 90
        2
102
RTVSPost2010PropOp53
 70
     1
102
RTVSPost2010Prop54
  1
strokes_ogs.tif
102
RTVSPost2010PropOp54
 70
     1
102
RTVSPost2010Prop55
280
     0
102
RTVSPost2010PropOp55
 70
     1
102
RTVSPost2010Prop56
140
1.0
102
RTVSPost2010PropOp56
 70
     1
102
RTVSPost2010Prop57
140
1.0
102
RTVSPost2010PropOp57
 70
     1
  0
XRECORD
  5
BDF
102
{ACAD_REACTORS
330
BDE
102
}
330
BDE
100
AcDbXrecord
280
     1
102
RTVSPost2010Prop28
280
     0
102
RTVSPost2010PropOp28
 70
     1
102
RTVSPost2010Prop29
280
     1
102
RTVSPost2010PropOp29
 70
     1
102
RTVSPost2010Prop30
280
     1
102
RTVSPost2010PropOp30
 70
     1
102
RTVSPost2010Prop31
280
     0
102
RTVSPost2010PropOp31
 70
     1
102
RTVSPost2010Prop32
280
     0
102
RTVSPost2010PropOp32
 70
     1
102
RTVSPost2010Prop33
280
     0
102
RTVSPost2010PropOp33
 70
     1
102
RTVSPost2010Prop34
280
     0
102
RTVSPost2010PropOp34
 70
     1
102
RTVSPost2010Prop35
280
     0
102
RTVSPost2010PropOp35
 70
     1
102
RTVSPost2010Prop36
280
     0
102
RTVSPost2010PropOp36
 70
     1
102
RTVSPost2010Prop37
 90
       50
102
RTVSPost2010PropOp37
 70
     1
102
RTVSPost2010Prop38
140
0.0
102
RTVSPost2010PropOp38
 70
     1
102
RTVSPost2010Prop39
140
1.0
102
RTVSPost2010PropOp39
 70
     1
102
RTVSPost2010Prop40
 90
        0
102
RTVSPost2010PropOp40
 70
     1
102
RTVSPost2010Prop41ColorIndex
 90
       18
102
RTVSPost2010Prop41ColorRGB
 90
        0
102
RTVSPost2010PropOp41
 70
     1
102
RTVSPost2010Prop42
 90
       50
102
RTVSPost2010PropOp42
 70
     1
102
RTVSPost2010Prop43
 90
        3
102
RTVSPost2010PropOp43
 70
     1
102
RTVSPost2010Prop44ColorIndex
 90
        5
102
RTVSPost2010Prop44ColorRGB
 90
      255
102
RTVSPost2010PropOp44
 70
     1
102
RTVSPost2010Prop45
280
     0
102
RTVSPost2010PropOp45
 70
     1
102
RTVSPost2010Prop46
 90
       50
102
RTVSPost2010PropOp46
 70
     1
102
RTVSPost2010Prop47
 90
       50
102
RTVSPost2010PropOp47
 70
     1
102
RTVSPost2010Prop48
 90
       50
102
RTVSPost2010PropOp48
 70
     1
102
RTVSPost2010Prop49
280
     0
102
RTVSPost2010PropOp49
 70
     1
102
RTVSPost2010Prop50
 90
       50
102
RTVSPost2010PropOp50
 70
     1
102
RTVSPost2010Prop51ColorIndex
 90
      256
102
RTVSPost2010Prop51ColorRGB
 90
-16777216
102
RTVSPost2010PropOp51
 70
     0
102
RTVSPost2010Prop52
140
1.0
102
RTVSPost2010PropOp52
 70
     0
102
RTVSPost2010Prop53
 90
        2
102
RTVSPost2010PropOp53
 70
     1
102
RTVSPost2010Prop54
  1
strokes_ogs.tif
102
RTVSPost2010PropOp54
 70
     1
102
RTVSPost2010Prop55
280
     0
102
RTVSPost2010PropOp55
 70
     1
102
RTVSPost2010Prop56
140
1.0
102
RTVSPost2010PropOp56
 70
     1
102
RTVSPost2010Prop57
140
1.0
102
RTVSPost2010PropOp57
 70
     1
  0
XRECORD
  5
BE1
102
{ACAD_REACTORS
330
BE0
102
}
330
BE0
100
AcDbXrecord
280
     1
102
RTVSPost2010Prop28
280
     0
102
RTVSPost2010PropOp28
 70
     1
102
RTVSPost2010Prop29
280
     1
102
RTVSPost2010PropOp29
 70
     1
102
RTVSPost2010Prop30
280
     1
102
RTVSPost2010PropOp30
 70
     1
102
RTVSPost2010Prop31
280
     0
102
RTVSPost2010PropOp31
 70
     1
102
RTVSPost2010Prop32
280
     0
102
RTVSPost2010PropOp32
 70
     1
102
RTVSPost2010Prop33
280
     0
102
RTVSPost2010PropOp33
 70
     1
102
RTVSPost2010Prop34
280
     0
102
RTVSPost2010PropOp34
 70
     1
102
RTVSPost2010Prop35
280
     0
102
RTVSPost2010PropOp35
 70
     1
102
RTVSPost2010Prop36
280
     0
102
RTVSPost2010PropOp36
 70
     1
102
RTVSPost2010Prop37
 90
       50
102
RTVSPost2010PropOp37
 70
     1
102
RTVSPost2010Prop38
140
0.0
102
RTVSPost2010PropOp38
 70
     1
102
RTVSPost2010Prop39
140
1.0
102
RTVSPost2010PropOp39
 70
     1
102
RTVSPost2010Prop40
 90
        0
102
RTVSPost2010PropOp40
 70
     1
102
RTVSPost2010Prop41ColorIndex
 90
       18
102
RTVSPost2010Prop41ColorRGB
 90
        0
102
RTVSPost2010PropOp41
 70
     1
102
RTVSPost2010Prop42
 90
       50
102
RTVSPost2010PropOp42
 70
     1
102
RTVSPost2010Prop43
 90
        3
102
RTVSPost2010PropOp43
 70
     1
102
RTVSPost2010Prop44ColorIndex
 90
        5
102
RTVSPost2010Prop44ColorRGB
 90
      255
102
RTVSPost2010PropOp44
 70
     1
102
RTVSPost2010Prop45
280
     0
102
RTVSPost2010PropOp45
 70
     1
102
RTVSPost2010Prop46
 90
       50
102
RTVSPost2010PropOp46
 70
     1
102
RTVSPost2010Prop47
 90
       50
102
RTVSPost2010PropOp47
 70
     1
102
RTVSPost2010Prop48
 90
       50
102
RTVSPost2010PropOp48
 70
     1
102
RTVSPost2010Prop49
280
     0
102
RTVSPost2010PropOp49
 70
     1
102
RTVSPost2010Prop50
 90
       50
102
RTVSPost2010PropOp50
 70
     1
102
RTVSPost2010Prop51ColorIndex
 90
      256
102
RTVSPost2010Prop51ColorRGB
 90
-16777216
102
RTVSPost2010PropOp51
 70
     0
102
RTVSPost2010Prop52
140
1.0
102
RTVSPost2010PropOp52
 70
     0
102
RTVSPost2010Prop53
 90
        2
102
RTVSPost2010PropOp53
 70
     1
102
RTVSPost2010Prop54
  1
strokes_ogs.tif
102
RTVSPost2010PropOp54
 70
     1
102
RTVSPost2010Prop55
280
     0
102
RTVSPost2010PropOp55
 70
     1
102
RTVSPost2010Prop56
140
1.0
102
RTVSPost2010PropOp56
 70
     1
102
RTVSPost2010Prop57
140
1.0
102
RTVSPost2010PropOp57
 70
     1
  0
XRECORD
  5
BE3
102
{ACAD_REACTORS
330
BE2
102
}
330
BE2
100
AcDbXrecord
280
     1
102
RTVSPost2010Prop28
280
     0
102
RTVSPost2010PropOp28
 70
     1
102
RTVSPost2010Prop29
280
     1
102
RTVSPost2010PropOp29
 70
     1
102
RTVSPost2010Prop30
280
     1
102
RTVSPost2010PropOp30
 70
     1
102
RTVSPost2010Prop31
280
     0
102
RTVSPost2010PropOp31
 70
     1
102
RTVSPost2010Prop32
280
     0
102
RTVSPost2010PropOp32
 70
     1
102
RTVSPost2010Prop33
280
     0
102
RTVSPost2010PropOp33
 70
     1
102
RTVSPost2010Prop34
280
     0
102
RTVSPost2010PropOp34
 70
     1
102
RTVSPost2010Prop35
280
     0
102
RTVSPost2010PropOp35
 70
     1
102
RTVSPost2010Prop36
280
     0
102
RTVSPost2010PropOp36
 70
     1
102
RTVSPost2010Prop37
 90
       50
102
RTVSPost2010PropOp37
 70
     1
102
RTVSPost2010Prop38
140
0.0
102
RTVSPost2010PropOp38
 70
     1
102
RTVSPost2010Prop39
140
1.0
102
RTVSPost2010PropOp39
 70
     1
102
RTVSPost2010Prop40
 90
        0
102
RTVSPost2010PropOp40
 70
     1
102
RTVSPost2010Prop41ColorIndex
 90
       18
102
RTVSPost2010Prop41ColorRGB
 90
        0
102
RTVSPost2010PropOp41
 70
     1
102
RTVSPost2010Prop42
 90
       50
102
RTVSPost2010PropOp42
 70
     1
102
RTVSPost2010Prop43
 90
        3
102
RTVSPost2010PropOp43
 70
     1
102
RTVSPost2010Prop44ColorIndex
 90
        5
102
RTVSPost2010Prop44ColorRGB
 90
      255
102
RTVSPost2010PropOp44
 70
     1
102
RTVSPost2010Prop45
280
     0
102
RTVSPost2010PropOp45
 70
     1
102
RTVSPost2010Prop46
 90
       50
102
RTVSPost2010PropOp46
 70
     1
102
RTVSPost2010Prop47
 90
       50
102
RTVSPost2010PropOp47
 70
     1
102
RTVSPost2010Prop48
 90
       50
102
RTVSPost2010PropOp48
 70
     1
102
RTVSPost2010Prop49
280
     0
102
RTVSPost2010PropOp49
 70
     1
102
RTVSPost2010Prop50
 90
       50
102
RTVSPost2010PropOp50
 70
     1
102
RTVSPost2010Prop51ColorIndex
 90
      256
102
RTVSPost2010Prop51ColorRGB
 90
-16777216
102
RTVSPost2010PropOp51
 70
     0
102
RTVSPost2010Prop52
140
1.0
102
RTVSPost2010PropOp52
 70
     0
102
RTVSPost2010Prop53
 90
        2
102
RTVSPost2010PropOp53
 70
     1
102
RTVSPost2010Prop54
  1
strokes_ogs.tif
102
RTVSPost2010PropOp54
 70
     1
102
RTVSPost2010Prop55
280
     0
102
RTVSPost2010PropOp55
 70
     1
102
RTVSPost2010Prop56
140
1.0
102
RTVSPost2010PropOp56
 70
     1
102
RTVSPost2010Prop57
140
1.0
102
RTVSPost2010PropOp57
 70
     1
  0
XRECORD
  5
BE5
102
{ACAD_REACTORS
330
BE4
102
}
330
BE4
100
AcDbXrecord
280
     1
102
RTVSPost2010Prop28
280
     0
102
RTVSPost2010PropOp28
 70
     0
102
RTVSPost2010Prop29
280
     1
102
RTVSPost2010PropOp29
 70
     0
102
RTVSPost2010Prop30
280
     1
102
RTVSPost2010PropOp30
 70
     0
102
RTVSPost2010Prop31
280
     0
102
RTVSPost2010PropOp31
 70
     0
102
RTVSPost2010Prop32
280
     0
102
RTVSPost2010PropOp32
 70
     0
102
RTVSPost2010Prop33
280
     0
102
RTVSPost2010PropOp33
 70
     0
102
RTVSPost2010Prop34
280
     0
102
RTVSPost2010PropOp34
 70
     0
102
RTVSPost2010Prop35
280
     0
102
RTVSPost2010PropOp35
 70
     0
102
RTVSPost2010Prop36
280
     0
102
RTVSPost2010PropOp36
 70
     0
102
RTVSPost2010Prop37
 90
       50
102
RTVSPost2010PropOp37
 70
     0
102
RTVSPost2010Prop38
140
0.0
102
RTVSPost2010PropOp38
 70
     0
102
RTVSPost2010Prop39
140
1.0
102
RTVSPost2010PropOp39
 70
     0
102
RTVSPost2010Prop40
 90
        0
102
RTVSPost2010PropOp40
 70
     0
102
RTVSPost2010Prop41ColorIndex
 90
       18
102
RTVSPost2010Prop41ColorRGB
 90
        0
102
RTVSPost2010PropOp41
 70
     0
102
RTVSPost2010Prop42
 90
       50
102
RTVSPost2010PropOp42
 70
     0
102
RTVSPost2010Prop43
 90
        3
102
RTVSPost2010PropOp43
 70
     0
102
RTVSPost2010Prop44ColorIndex
 90
        5
102
RTVSPost2010Prop44ColorRGB
 90
      255
102
RTVSPost2010PropOp44
 70
     0
102
RTVSPost2010Prop45
280
     0
102
RTVSPost2010PropOp45
 70
     0
102
RTVSPost2010Prop46
 90
       50
102
RTVSPost2010PropOp46
 70
     0
102
RTVSPost2010Prop47
 90
       50
102
RTVSPost2010PropOp47
 70
     0
102
RTVSPost2010Prop48
 90
       50
102
RTVSPost2010PropOp48
 70
     0
102
RTVSPost2010Prop49
280
     0
102
RTVSPost2010PropOp49
 70
     0
102
RTVSPost2010Prop50
 90
       50
102
RTVSPost2010PropOp50
 70
     0
102
RTVSPost2010Prop51ColorIndex
 90
      256
102
RTVSPost2010Prop51ColorRGB
 90
-16777216
102
RTVSPost2010PropOp51
 70
     0
102
RTVSPost2010Prop52
140
1.0
102
RTVSPost2010PropOp52
 70
     0
102
RTVSPost2010Prop53
 90
        2
102
RTVSPost2010PropOp53
 70
     0
102
RTVSPost2010Prop54
  1
strokes_ogs.tif
102
RTVSPost2010PropOp54
 70
     0
102
RTVSPost2010Prop55
280
     0
102
RTVSPost2010PropOp55
 70
     0
102
RTVSPost2010Prop56
140
1.0
102
RTVSPost2010PropOp56
 70
     0
102
RTVSPost2010Prop57
140
1.0
102
RTVSPost2010PropOp57
 70
     0
  0
XRECORD
  5
BE7
102
{ACAD_REACTORS
330
BE6
102
}
330
BE6
100
AcDbXrecord
280
     1
102
RTVSPost2010Prop28
280
     0
102
RTVSPost2010PropOp28
 70
     1
102
RTVSPost2010Prop29
280
     1
102
RTVSPost2010PropOp29
 70
     1
102
RTVSPost2010Prop30
280
     1
102
RTVSPost2010PropOp30
 70
     1
102
RTVSPost2010Prop31
280
     0
102
RTVSPost2010PropOp31
 70
     1
102
RTVSPost2010Prop32
280
     0
102
RTVSPost2010PropOp32
 70
     1
102
RTVSPost2010Prop33
280
     0
102
RTVSPost2010PropOp33
 70
     1
102
RTVSPost2010Prop34
280
     0
102
RTVSPost2010PropOp34
 70
     1
102
RTVSPost2010Prop35
280
     0
102
RTVSPost2010PropOp35
 70
     1
102
RTVSPost2010Prop36
280
     0
102
RTVSPost2010PropOp36
 70
     1
102
RTVSPost2010Prop37
 90
       50
102
RTVSPost2010PropOp37
 70
     1
102
RTVSPost2010Prop38
140
0.0
102
RTVSPost2010PropOp38
 70
     1
102
RTVSPost2010Prop39
140
1.0
102
RTVSPost2010PropOp39
 70
     1
102
RTVSPost2010Prop40
 90
        0
102
RTVSPost2010PropOp40
 70
     1
102
RTVSPost2010Prop41ColorIndex
 90
       18
102
RTVSPost2010Prop41ColorRGB
 90
        0
102
RTVSPost2010PropOp41
 70
     1
102
RTVSPost2010Prop42
 90
       50
102
RTVSPost2010PropOp42
 70
     1
102
RTVSPost2010Prop43
 90
        3
102
RTVSPost2010PropOp43
 70
     1
102
RTVSPost2010Prop44ColorIndex
 90
        5
102
RTVSPost2010Prop44ColorRGB
 90
      255
102
RTVSPost2010PropOp44
 70
     1
102
RTVSPost2010Prop45
280
     0
102
RTVSPost2010PropOp45
 70
     1
102
RTVSPost2010Prop46
 90
       50
102
RTVSPost2010PropOp46
 70
     1
102
RTVSPost2010Prop47
 90
       50
102
RTVSPost2010PropOp47
 70
     1
102
RTVSPost2010Prop48
 90
       50
102
RTVSPost2010PropOp48
 70
     1
102
RTVSPost2010Prop49
280
     0
102
RTVSPost2010PropOp49
 70
     1
102
RTVSPost2010Prop50
 90
       50
102
RTVSPost2010PropOp50
 70
     1
102
RTVSPost2010Prop51ColorIndex
 90
      256
102
RTVSPost2010Prop51ColorRGB
 90
-16777216
102
RTVSPost2010PropOp51
 70
     0
102
RTVSPost2010Prop52
140
1.0
102
RTVSPost2010PropOp52
 70
     0
102
RTVSPost2010Prop53
 90
        2
102
RTVSPost2010PropOp53
 70
     1
102
RTVSPost2010Prop54
  1
strokes_ogs.tif
102
RTVSPost2010PropOp54
 70
     1
102
RTVSPost2010Prop55
280
     0
102
RTVSPost2010PropOp55
 70
     1
102
RTVSPost2010Prop56
140
1.0
102
RTVSPost2010PropOp56
 70
     1
102
RTVSPost2010Prop57
140
1.0
102
RTVSPost2010PropOp57
 70
     1
  0
XRECORD
  5
BE9
102
{ACAD_REACTORS
330
BE8
102
}
330
BE8
100
AcDbXrecord
280
     1
102
RTVSPost2010Prop28
280
     0
102
RTVSPost2010PropOp28
 70
     1
102
RTVSPost2010Prop29
280
     1
102
RTVSPost2010PropOp29
 70
     1
102
RTVSPost2010Prop30
280
     1
102
RTVSPost2010PropOp30
 70
     1
102
RTVSPost2010Prop31
280
     0
102
RTVSPost2010PropOp31
 70
     1
102
RTVSPost2010Prop32
280
     0
102
RTVSPost2010PropOp32
 70
     1
102
RTVSPost2010Prop33
280
     0
102
RTVSPost2010PropOp33
 70
     1
102
RTVSPost2010Prop34
280
     0
102
RTVSPost2010PropOp34
 70
     1
102
RTVSPost2010Prop35
280
     0
102
RTVSPost2010PropOp35
 70
     1
102
RTVSPost2010Prop36
280
     0
102
RTVSPost2010PropOp36
 70
     1
102
RTVSPost2010Prop37
 90
       50
102
RTVSPost2010PropOp37
 70
     1
102
RTVSPost2010Prop38
140
0.0
102
RTVSPost2010PropOp38
 70
     1
102
RTVSPost2010Prop39
140
1.0
102
RTVSPost2010PropOp39
 70
     1
102
RTVSPost2010Prop40
 90
        0
102
RTVSPost2010PropOp40
 70
     1
102
RTVSPost2010Prop41ColorIndex
 90
       18
102
RTVSPost2010Prop41ColorRGB
 90
        0
102
RTVSPost2010PropOp41
 70
     1
102
RTVSPost2010Prop42
 90
       50
102
RTVSPost2010PropOp42
 70
     1
102
RTVSPost2010Prop43
 90
        3
102
RTVSPost2010PropOp43
 70
     1
102
RTVSPost2010Prop44ColorIndex
 90
        5
102
RTVSPost2010Prop44ColorRGB
 90
      255
102
RTVSPost2010PropOp44
 70
     1
102
RTVSPost2010Prop45
280
     0
102
RTVSPost2010PropOp45
 70
     1
102
RTVSPost2010Prop46
 90
       50
102
RTVSPost2010PropOp46
 70
     1
102
RTVSPost2010Prop47
 90
       50
102
RTVSPost2010PropOp47
 70
     1
102
RTVSPost2010Prop48
 90
       50
102
RTVSPost2010PropOp48
 70
     1
102
RTVSPost2010Prop49
280
     0
102
RTVSPost2010PropOp49
 70
     1
102
RTVSPost2010Prop50
 90
       50
102
RTVSPost2010PropOp50
 70
     1
102
RTVSPost2010Prop51ColorIndex
 90
      256
102
RTVSPost2010Prop51ColorRGB
 90
-16777216
102
RTVSPost2010PropOp51
 70
     0
102
RTVSPost2010Prop52
140
1.0
102
RTVSPost2010PropOp52
 70
     0
102
RTVSPost2010Prop53
 90
        2
102
RTVSPost2010PropOp53
 70
     1
102
RTVSPost2010Prop54
  1
strokes_ogs.tif
102
RTVSPost2010PropOp54
 70
     1
102
RTVSPost2010Prop55
280
     0
102
RTVSPost2010PropOp55
 70
     1
102
RTVSPost2010Prop56
140
1.0
102
RTVSPost2010PropOp56
 70
     1
102
RTVSPost2010Prop57
140
1.0
102
RTVSPost2010PropOp57
 70
     1
  0
XRECORD
  5
BEB
102
{ACAD_REACTORS
330
BEA
102
}
330
BEA
100
AcDbXrecord
280
     1
102
RTVSPost2010Prop28
280
     0
102
RTVSPost2010PropOp28
 70
     1
102
RTVSPost2010Prop29
280
     1
102
RTVSPost2010PropOp29
 70
     1
102
RTVSPost2010Prop30
280
     1
102
RTVSPost2010PropOp30
 70
     1
102
RTVSPost2010Prop31
280
     0
102
RTVSPost2010PropOp31
 70
     1
102
RTVSPost2010Prop32
280
     0
102
RTVSPost2010PropOp32
 70
     1
102
RTVSPost2010Prop33
280
     0
102
RTVSPost2010PropOp33
 70
     1
102
RTVSPost2010Prop34
280
     0
102
RTVSPost2010PropOp34
 70
     1
102
RTVSPost2010Prop35
280
     0
102
RTVSPost2010PropOp35
 70
     1
102
RTVSPost2010Prop36
280
     0
102
RTVSPost2010PropOp36
 70
     1
102
RTVSPost2010Prop37
 90
       50
102
RTVSPost2010PropOp37
 70
     1
102
RTVSPost2010Prop38
140
0.0
102
RTVSPost2010PropOp38
 70
     1
102
RTVSPost2010Prop39
140
1.0
102
RTVSPost2010PropOp39
 70
     1
102
RTVSPost2010Prop40
 90
        0
102
RTVSPost2010PropOp40
 70
     1
102
RTVSPost2010Prop41ColorIndex
 90
       18
102
RTVSPost2010Prop41ColorRGB
 90
        0
102
RTVSPost2010PropOp41
 70
     1
102
RTVSPost2010Prop42
 90
       50
102
RTVSPost2010PropOp42
 70
     1
102
RTVSPost2010Prop43
 90
        3
102
RTVSPost2010PropOp43
 70
     1
102
RTVSPost2010Prop44ColorIndex
 90
        5
102
RTVSPost2010Prop44ColorRGB
 90
      255
102
RTVSPost2010PropOp44
 70
     1
102
RTVSPost2010Prop45
280
     0
102
RTVSPost2010PropOp45
 70
     1
102
RTVSPost2010Prop46
 90
       50
102
RTVSPost2010PropOp46
 70
     1
102
RTVSPost2010Prop47
 90
       50
102
RTVSPost2010PropOp47
 70
     1
102
RTVSPost2010Prop48
 90
       50
102
RTVSPost2010PropOp48
 70
     1
102
RTVSPost2010Prop49
280
     0
102
RTVSPost2010PropOp49
 70
     1
102
RTVSPost2010Prop50
 90
       50
102
RTVSPost2010PropOp50
 70
     1
102
RTVSPost2010Prop51ColorIndex
 90
      256
102
RTVSPost2010Prop51ColorRGB
 90
-16777216
102
RTVSPost2010PropOp51
 70
     0
102
RTVSPost2010Prop52
140
1.0
102
RTVSPost2010PropOp52
 70
     0
102
RTVSPost2010Prop53
 90
        2
102
RTVSPost2010PropOp53
 70
     1
102
RTVSPost2010Prop54
  1
strokes_ogs.tif
102
RTVSPost2010PropOp54
 70
     1
102
RTVSPost2010Prop55
280
     0
102
RTVSPost2010PropOp55
 70
     1
102
RTVSPost2010Prop56
140
1.0
102
RTVSPost2010PropOp56
 70
     1
102
RTVSPost2010Prop57
140
1.0
102
RTVSPost2010PropOp57
 70
     1
  0
XRECORD
  5
BED
102
{ACAD_REACTORS
330
BEC
102
}
330
BEC
100
AcDbXrecord
280
     1
102
RTVSPost2010Prop28
280
     0
102
RTVSPost2010PropOp28
 70
     1
102
RTVSPost2010Prop29
280
     1
102
RTVSPost2010PropOp29
 70
     1
102
RTVSPost2010Prop30
280
     1
102
RTVSPost2010PropOp30
 70
     1
102
RTVSPost2010Prop31
280
     0
102
RTVSPost2010PropOp31
 70
     1
102
RTVSPost2010Prop32
280
     0
102
RTVSPost2010PropOp32
 70
     1
102
RTVSPost2010Prop33
280
     0
102
RTVSPost2010PropOp33
 70
     1
102
RTVSPost2010Prop34
280
     0
102
RTVSPost2010PropOp34
 70
     1
102
RTVSPost2010Prop35
280
     0
102
RTVSPost2010PropOp35
 70
     1
102
RTVSPost2010Prop36
280
     0
102
RTVSPost2010PropOp36
 70
     1
102
RTVSPost2010Prop37
 90
       50
102
RTVSPost2010PropOp37
 70
     1
102
RTVSPost2010Prop38
140
0.0
102
RTVSPost2010PropOp38
 70
     1
102
RTVSPost2010Prop39
140
1.0
102
RTVSPost2010PropOp39
 70
     1
102
RTVSPost2010Prop40
 90
        0
102
RTVSPost2010PropOp40
 70
     1
102
RTVSPost2010Prop41ColorIndex
 90
       18
102
RTVSPost2010Prop41ColorRGB
 90
        0
102
RTVSPost2010PropOp41
 70
     1
102
RTVSPost2010Prop42
 90
       50
102
RTVSPost2010PropOp42
 70
     1
102
RTVSPost2010Prop43
 90
        3
102
RTVSPost2010PropOp43
 70
     1
102
RTVSPost2010Prop44ColorIndex
 90
        5
102
RTVSPost2010Prop44ColorRGB
 90
      255
102
RTVSPost2010PropOp44
 70
     1
102
RTVSPost2010Prop45
280
     0
102
RTVSPost2010PropOp45
 70
     1
102
RTVSPost2010Prop46
 90
       50
102
RTVSPost2010PropOp46
 70
     1
102
RTVSPost2010Prop47
 90
       50
102
RTVSPost2010PropOp47
 70
     1
102
RTVSPost2010Prop48
 90
       50
102
RTVSPost2010PropOp48
 70
     1
102
RTVSPost2010Prop49
280
     0
102
RTVSPost2010PropOp49
 70
     1
102
RTVSPost2010Prop50
 90
       50
102
RTVSPost2010PropOp50
 70
     1
102
RTVSPost2010Prop51ColorIndex
 90
      256
102
RTVSPost2010Prop51ColorRGB
 90
-16777216
102
RTVSPost2010PropOp51
 70
     0
102
RTVSPost2010Prop52
140
1.0
102
RTVSPost2010PropOp52
 70
     0
102
RTVSPost2010Prop53
 90
        2
102
RTVSPost2010PropOp53
 70
     1
102
RTVSPost2010Prop54
  1
strokes_ogs.tif
102
RTVSPost2010PropOp54
 70
     1
102
RTVSPost2010Prop55
280
     0
102
RTVSPost2010PropOp55
 70
     1
102
RTVSPost2010Prop56
140
1.0
102
RTVSPost2010PropOp56
 70
     1
102
RTVSPost2010Prop57
140
1.0
102
RTVSPost2010PropOp57
 70
     1
  0
XRECORD
  5
BEF
102
{ACAD_REACTORS
330
BEE
102
}
330
BEE
100
AcDbXrecord
280
     1
102
RTVSPost2010Prop28
280
     0
102
RTVSPost2010PropOp28
 70
     1
102
RTVSPost2010Prop29
280
     1
102
RTVSPost2010PropOp29
 70
     1
102
RTVSPost2010Prop30
280
     1
102
RTVSPost2010PropOp30
 70
     1
102
RTVSPost2010Prop31
280
     0
102
RTVSPost2010PropOp31
 70
     1
102
RTVSPost2010Prop32
280
     0
102
RTVSPost2010PropOp32
 70
     1
102
RTVSPost2010Prop33
280
     0
102
RTVSPost2010PropOp33
 70
     1
102
RTVSPost2010Prop34
280
     0
102
RTVSPost2010PropOp34
 70
     1
102
RTVSPost2010Prop35
280
     0
102
RTVSPost2010PropOp35
 70
     1
102
RTVSPost2010Prop36
280
     0
102
RTVSPost2010PropOp36
 70
     1
102
RTVSPost2010Prop37
 90
       50
102
RTVSPost2010PropOp37
 70
     1
102
RTVSPost2010Prop38
140
0.0
102
RTVSPost2010PropOp38
 70
     1
102
RTVSPost2010Prop39
140
1.0
102
RTVSPost2010PropOp39
 70
     1
102
RTVSPost2010Prop40
 90
        0
102
RTVSPost2010PropOp40
 70
     1
102
RTVSPost2010Prop41ColorIndex
 90
       18
102
RTVSPost2010Prop41ColorRGB
 90
        0
102
RTVSPost2010PropOp41
 70
     1
102
RTVSPost2010Prop42
 90
       50
102
RTVSPost2010PropOp42
 70
     1
102
RTVSPost2010Prop43
 90
        3
102
RTVSPost2010PropOp43
 70
     1
102
RTVSPost2010Prop44ColorIndex
 90
        5
102
RTVSPost2010Prop44ColorRGB
 90
      255
102
RTVSPost2010PropOp44
 70
     1
102
RTVSPost2010Prop45
280
     0
102
RTVSPost2010PropOp45
 70
     1
102
RTVSPost2010Prop46
 90
       50
102
RTVSPost2010PropOp46
 70
     1
102
RTVSPost2010Prop47
 90
       50
102
RTVSPost2010PropOp47
 70
     1
102
RTVSPost2010Prop48
 90
       50
102
RTVSPost2010PropOp48
 70
     1
102
RTVSPost2010Prop49
280
     0
102
RTVSPost2010PropOp49
 70
     1
102
RTVSPost2010Prop50
 90
       50
102
RTVSPost2010PropOp50
 70
     1
102
RTVSPost2010Prop51ColorIndex
 90
      256
102
RTVSPost2010Prop51ColorRGB
 90
-16777216
102
RTVSPost2010PropOp51
 70
     0
102
RTVSPost2010Prop52
140
1.0
102
RTVSPost2010PropOp52
 70
     0
102
RTVSPost2010Prop53
 90
        2
102
RTVSPost2010PropOp53
 70
     1
102
RTVSPost2010Prop54
  1
strokes_ogs.tif
102
RTVSPost2010PropOp54
 70
     1
102
RTVSPost2010Prop55
280
     0
102
RTVSPost2010PropOp55
 70
     1
102
RTVSPost2010Prop56
140
1.0
102
RTVSPost2010PropOp56
 70
     1
102
RTVSPost2010Prop57
140
1.0
102
RTVSPost2010PropOp57
 70
     1
  0
XRECORD
  5
BF1
102
{ACAD_REACTORS
330
BF0
102
}
330
BF0
100
AcDbXrecord
280
     1
102
RTVSPost2010Prop28
280
     0
102
RTVSPost2010PropOp28
 70
     1
102
RTVSPost2010Prop29
280
     1
102
RTVSPost2010PropOp29
 70
     1
102
RTVSPost2010Prop30
280
     1
102
RTVSPost2010PropOp30
 70
     1
102
RTVSPost2010Prop31
280
     0
102
RTVSPost2010PropOp31
 70
     1
102
RTVSPost2010Prop32
280
     0
102
RTVSPost2010PropOp32
 70
     1
102
RTVSPost2010Prop33
280
     0
102
RTVSPost2010PropOp33
 70
     1
102
RTVSPost2010Prop34
280
     0
102
RTVSPost2010PropOp34
 70
     1
102
RTVSPost2010Prop35
280
     0
102
RTVSPost2010PropOp35
 70
     1
102
RTVSPost2010Prop36
280
     0
102
RTVSPost2010PropOp36
 70
     1
102
RTVSPost2010Prop37
 90
       50
102
RTVSPost2010PropOp37
 70
     1
102
RTVSPost2010Prop38
140
0.0
102
RTVSPost2010PropOp38
 70
     1
102
RTVSPost2010Prop39
140
1.0
102
RTVSPost2010PropOp39
 70
     1
102
RTVSPost2010Prop40
 90
        0
102
RTVSPost2010PropOp40
 70
     1
102
RTVSPost2010Prop41ColorIndex
 90
       18
102
RTVSPost2010Prop41ColorRGB
 90
        0
102
RTVSPost2010PropOp41
 70
     1
102
RTVSPost2010Prop42
 90
       50
102
RTVSPost2010PropOp42
 70
     1
102
RTVSPost2010Prop43
 90
        3
102
RTVSPost2010PropOp43
 70
     1
102
RTVSPost2010Prop44ColorIndex
 90
        5
102
RTVSPost2010Prop44ColorRGB
 90
      255
102
RTVSPost2010PropOp44
 70
     1
102
RTVSPost2010Prop45
280
     0
102
RTVSPost2010PropOp45
 70
     1
102
RTVSPost2010Prop46
 90
       50
102
RTVSPost2010PropOp46
 70
     1
102
RTVSPost2010Prop47
 90
       50
102
RTVSPost2010PropOp47
 70
     1
102
RTVSPost2010Prop48
 90
       50
102
RTVSPost2010PropOp48
 70
     1
102
RTVSPost2010Prop49
280
     0
102
RTVSPost2010PropOp49
 70
     1
102
RTVSPost2010Prop50
 90
       50
102
RTVSPost2010PropOp50
 70
     1
102
RTVSPost2010Prop51ColorIndex
 90
      256
102
RTVSPost2010Prop51ColorRGB
 90
-16777216
102
RTVSPost2010PropOp51
 70
     0
102
RTVSPost2010Prop52
140
1.0
102
RTVSPost2010PropOp52
 70
     0
102
RTVSPost2010Prop53
 90
        2
102
RTVSPost2010PropOp53
 70
     1
102
RTVSPost2010Prop54
  1
strokes_ogs.tif
102
RTVSPost2010PropOp54
 70
     1
102
RTVSPost2010Prop55
280
     0
102
RTVSPost2010PropOp55
 70
     1
102
RTVSPost2010Prop56
140
1.0
102
RTVSPost2010PropOp56
 70
     1
102
RTVSPost2010Prop57
140
1.0
102
RTVSPost2010PropOp57
 70
     1
  0
XRECORD
  5
BF3
102
{ACAD_REACTORS
330
BF2
102
}
330
BF2
100
AcDbXrecord
280
     1
102
RTVSPost2010Prop28
280
     0
102
RTVSPost2010PropOp28
 70
     0
102
RTVSPost2010Prop29
280
     1
102
RTVSPost2010PropOp29
 70
     0
102
RTVSPost2010Prop30
280
     1
102
RTVSPost2010PropOp30
 70
     0
102
RTVSPost2010Prop31
280
     0
102
RTVSPost2010PropOp31
 70
     0
102
RTVSPost2010Prop32
280
     0
102
RTVSPost2010PropOp32
 70
     0
102
RTVSPost2010Prop33
280
     0
102
RTVSPost2010PropOp33
 70
     0
102
RTVSPost2010Prop34
280
     0
102
RTVSPost2010PropOp34
 70
     0
102
RTVSPost2010Prop35
280
     0
102
RTVSPost2010PropOp35
 70
     0
102
RTVSPost2010Prop36
280
     0
102
RTVSPost2010PropOp36
 70
     0
102
RTVSPost2010Prop37
 90
       50
102
RTVSPost2010PropOp37
 70
     0
102
RTVSPost2010Prop38
140
0.0
102
RTVSPost2010PropOp38
 70
     0
102
RTVSPost2010Prop39
140
1.0
102
RTVSPost2010PropOp39
 70
     0
102
RTVSPost2010Prop40
 90
        0
102
RTVSPost2010PropOp40
 70
     0
102
RTVSPost2010Prop41ColorIndex
 90
       18
102
RTVSPost2010Prop41ColorRGB
 90
        0
102
RTVSPost2010PropOp41
 70
     0
102
RTVSPost2010Prop42
 90
       50
102
RTVSPost2010PropOp42
 70
     0
102
RTVSPost2010Prop43
 90
        3
102
RTVSPost2010PropOp43
 70
     0
102
RTVSPost2010Prop44ColorIndex
 90
        5
102
RTVSPost2010Prop44ColorRGB
 90
      255
102
RTVSPost2010PropOp44
 70
     0
102
RTVSPost2010Prop45
280
     0
102
RTVSPost2010PropOp45
 70
     0
102
RTVSPost2010Prop46
 90
       50
102
RTVSPost2010PropOp46
 70
     0
102
RTVSPost2010Prop47
 90
       50
102
RTVSPost2010PropOp47
 70
     0
102
RTVSPost2010Prop48
 90
       50
102
RTVSPost2010PropOp48
 70
     0
102
RTVSPost2010Prop49
280
     0
102
RTVSPost2010PropOp49
 70
     0
102
RTVSPost2010Prop50
 90
       50
102
RTVSPost2010PropOp50
 70
     0
102
RTVSPost2010Prop51ColorIndex
 90
      256
102
RTVSPost2010Prop51ColorRGB
 90
-16777216
102
RTVSPost2010PropOp51
 70
     0
102
RTVSPost2010Prop52
140
1.0
102
RTVSPost2010PropOp52
 70
     0
102
RTVSPost2010Prop53
 90
        2
102
RTVSPost2010PropOp53
 70
     0
102
RTVSPost2010Prop54
  1
strokes_ogs.tif
102
RTVSPost2010PropOp54
 70
     0
102
RTVSPost2010Prop55
280
     0
102
RTVSPost2010PropOp55
 70
     0
102
RTVSPost2010Prop56
140
1.0
102
RTVSPost2010PropOp56
 70
     0
102
RTVSPost2010Prop57
140
1.0
102
RTVSPost2010PropOp57
 70
     0
  0
XRECORD
  5
BF5
102
{ACAD_REACTORS
330
BF4
102
}
330
BF4
100
AcDbXrecord
280
     1
102
RTVSPost2010Prop28
280
     0
102
RTVSPost2010PropOp28
 70
     1
102
RTVSPost2010Prop29
280
     1
102
RTVSPost2010PropOp29
 70
     1
102
RTVSPost2010Prop30
280
     1
102
RTVSPost2010PropOp30
 70
     1
102
RTVSPost2010Prop31
280
     0
102
RTVSPost2010PropOp31
 70
     1
102
RTVSPost2010Prop32
280
     0
102
RTVSPost2010PropOp32
 70
     1
102
RTVSPost2010Prop33
280
     0
102
RTVSPost2010PropOp33
 70
     1
102
RTVSPost2010Prop34
280
     0
102
RTVSPost2010PropOp34
 70
     1
102
RTVSPost2010Prop35
280
     0
102
RTVSPost2010PropOp35
 70
     1
102
RTVSPost2010Prop36
280
     0
102
RTVSPost2010PropOp36
 70
     1
102
RTVSPost2010Prop37
 90
       50
102
RTVSPost2010PropOp37
 70
     1
102
RTVSPost2010Prop38
140
0.0
102
RTVSPost2010PropOp38
 70
     1
102
RTVSPost2010Prop39
140
1.0
102
RTVSPost2010PropOp39
 70
     1
102
RTVSPost2010Prop40
 90
        0
102
RTVSPost2010PropOp40
 70
     1
102
RTVSPost2010Prop41ColorIndex
 90
       18
102
RTVSPost2010Prop41ColorRGB
 90
        0
102
RTVSPost2010PropOp41
 70
     1
102
RTVSPost2010Prop42
 90
       50
102
RTVSPost2010PropOp42
 70
     1
102
RTVSPost2010Prop43
 90
        3
102
RTVSPost2010PropOp43
 70
     1
102
RTVSPost2010Prop44ColorIndex
 90
        5
102
RTVSPost2010Prop44ColorRGB
 90
      255
102
RTVSPost2010PropOp44
 70
     1
102
RTVSPost2010Prop45
280
     0
102
RTVSPost2010PropOp45
 70
     1
102
RTVSPost2010Prop46
 90
       50
102
RTVSPost2010PropOp46
 70
     1
102
RTVSPost2010Prop47
 90
       50
102
RTVSPost2010PropOp47
 70
     1
102
RTVSPost2010Prop48
 90
       50
102
RTVSPost2010PropOp48
 70
     1
102
RTVSPost2010Prop49
280
     0
102
RTVSPost2010PropOp49
 70
     1
102
RTVSPost2010Prop50
 90
       50
102
RTVSPost2010PropOp50
 70
     1
102
RTVSPost2010Prop51ColorIndex
 90
      256
102
RTVSPost2010Prop51ColorRGB
 90
-16777216
102
RTVSPost2010PropOp51
 70
     0
102
RTVSPost2010Prop52
140
1.0
102
RTVSPost2010PropOp52
 70
     0
102
RTVSPost2010Prop53
 90
        2
102
RTVSPost2010PropOp53
 70
     1
102
RTVSPost2010Prop54
  1
strokes_ogs.tif
102
RTVSPost2010PropOp54
 70
     1
102
RTVSPost2010Prop55
280
     0
102
RTVSPost2010PropOp55
 70
     1
102
RTVSPost2010Prop56
140
1.0
102
RTVSPost2010PropOp56
 70
     1
102
RTVSPost2010Prop57
140
1.0
102
RTVSPost2010PropOp57
 70
     1
  0
XRECORD
  5
BF7
102
{ACAD_REACTORS
330
BF6
102
}
330
BF6
100
AcDbXrecord
280
     1
102
RTVSPost2010Prop28
280
     0
102
RTVSPost2010PropOp28
 70
     0
102
RTVSPost2010Prop29
280
     1
102
RTVSPost2010PropOp29
 70
     0
102
RTVSPost2010Prop30
280
     1
102
RTVSPost2010PropOp30
 70
     0
102
RTVSPost2010Prop31
280
     0
102
RTVSPost2010PropOp31
 70
     0
102
RTVSPost2010Prop32
280
     0
102
RTVSPost2010PropOp32
 70
     0
102
RTVSPost2010Prop33
280
     0
102
RTVSPost2010PropOp33
 70
     0
102
RTVSPost2010Prop34
280
     0
102
RTVSPost2010PropOp34
 70
     0
102
RTVSPost2010Prop35
280
     0
102
RTVSPost2010PropOp35
 70
     0
102
RTVSPost2010Prop36
280
     0
102
RTVSPost2010PropOp36
 70
     0
102
RTVSPost2010Prop37
 90
       50
102
RTVSPost2010PropOp37
 70
     0
102
RTVSPost2010Prop38
140
0.0
102
RTVSPost2010PropOp38
 70
     0
102
RTVSPost2010Prop39
140
1.0
102
RTVSPost2010PropOp39
 70
     0
102
RTVSPost2010Prop40
 90
        0
102
RTVSPost2010PropOp40
 70
     0
102
RTVSPost2010Prop41ColorIndex
 90
       18
102
RTVSPost2010Prop41ColorRGB
 90
        0
102
RTVSPost2010PropOp41
 70
     0
102
RTVSPost2010Prop42
 90
       50
102
RTVSPost2010PropOp42
 70
     0
102
RTVSPost2010Prop43
 90
        3
102
RTVSPost2010PropOp43
 70
     0
102
RTVSPost2010Prop44ColorIndex
 90
        5
102
RTVSPost2010Prop44ColorRGB
 90
      255
102
RTVSPost2010PropOp44
 70
     0
102
RTVSPost2010Prop45
280
     0
102
RTVSPost2010PropOp45
 70
     0
102
RTVSPost2010Prop46
 90
       50
102
RTVSPost2010PropOp46
 70
     0
102
RTVSPost2010Prop47
 90
       50
102
RTVSPost2010PropOp47
 70
     0
102
RTVSPost2010Prop48
 90
       50
102
RTVSPost2010PropOp48
 70
     0
102
RTVSPost2010Prop49
280
     0
102
RTVSPost2010PropOp49
 70
     0
102
RTVSPost2010Prop50
 90
       50
102
RTVSPost2010PropOp50
 70
     0
102
RTVSPost2010Prop51ColorIndex
 90
      256
102
RTVSPost2010Prop51ColorRGB
 90
-16777216
102
RTVSPost2010PropOp51
 70
     0
102
RTVSPost2010Prop52
140
1.0
102
RTVSPost2010PropOp52
 70
     0
102
RTVSPost2010Prop53
 90
        2
102
RTVSPost2010PropOp53
 70
     0
102
RTVSPost2010Prop54
  1
strokes_ogs.tif
102
RTVSPost2010PropOp54
 70
     0
102
RTVSPost2010Prop55
280
     0
102
RTVSPost2010PropOp55
 70
     0
102
RTVSPost2010Prop56
140
1.0
102
RTVSPost2010PropOp56
 70
     0
102
RTVSPost2010Prop57
140
1.0
102
RTVSPost2010PropOp57
 70
     0
  0
XRECORD
  5
BF9
102
{ACAD_REACTORS
330
BF8
102
}
330
BF8
100
AcDbXrecord
280
     1
102
RTVSPost2010Prop28
280
     0
102
RTVSPost2010PropOp28
 70
     1
102
RTVSPost2010Prop29
280
     1
102
RTVSPost2010PropOp29
 70
     1
102
RTVSPost2010Prop30
280
     1
102
RTVSPost2010PropOp30
 70
     1
102
RTVSPost2010Prop31
280
     0
102
RTVSPost2010PropOp31
 70
     1
102
RTVSPost2010Prop32
280
     0
102
RTVSPost2010PropOp32
 70
     1
102
RTVSPost2010Prop33
280
     0
102
RTVSPost2010PropOp33
 70
     1
102
RTVSPost2010Prop34
280
     0
102
RTVSPost2010PropOp34
 70
     1
102
RTVSPost2010Prop35
280
     0
102
RTVSPost2010PropOp35
 70
     1
102
RTVSPost2010Prop36
280
     0
102
RTVSPost2010PropOp36
 70
     1
102
RTVSPost2010Prop37
 90
       50
102
RTVSPost2010PropOp37
 70
     1
102
RTVSPost2010Prop38
140
0.0
102
RTVSPost2010PropOp38
 70
     1
102
RTVSPost2010Prop39
140
1.0
102
RTVSPost2010PropOp39
 70
     1
102
RTVSPost2010Prop40
 90
        0
102
RTVSPost2010PropOp40
 70
     1
102
RTVSPost2010Prop41ColorIndex
 90
       18
102
RTVSPost2010Prop41ColorRGB
 90
        0
102
RTVSPost2010PropOp41
 70
     1
102
RTVSPost2010Prop42
 90
       50
102
RTVSPost2010PropOp42
 70
     1
102
RTVSPost2010Prop43
 90
        3
102
RTVSPost2010PropOp43
 70
     1
102
RTVSPost2010Prop44ColorIndex
 90
        5
102
RTVSPost2010Prop44ColorRGB
 90
      255
102
RTVSPost2010PropOp44
 70
     1
102
RTVSPost2010Prop45
280
     0
102
RTVSPost2010PropOp45
 70
     1
102
RTVSPost2010Prop46
 90
       50
102
RTVSPost2010PropOp46
 70
     1
102
RTVSPost2010Prop47
 90
       50
102
RTVSPost2010PropOp47
 70
     1
102
RTVSPost2010Prop48
 90
       50
102
RTVSPost2010PropOp48
 70
     1
102
RTVSPost2010Prop49
280
     0
102
RTVSPost2010PropOp49
 70
     1
102
RTVSPost2010Prop50
 90
       50
102
RTVSPost2010PropOp50
 70
     1
102
RTVSPost2010Prop51ColorIndex
 90
      256
102
RTVSPost2010Prop51ColorRGB
 90
-16777216
102
RTVSPost2010PropOp51
 70
     0
102
RTVSPost2010Prop52
140
1.0
102
RTVSPost2010PropOp52
 70
     0
102
RTVSPost2010Prop53
 90
        2
102
RTVSPost2010PropOp53
 70
     1
102
RTVSPost2010Prop54
  1
strokes_ogs.tif
102
RTVSPost2010PropOp54
 70
     1
102
RTVSPost2010Prop55
280
     0
102
RTVSPost2010PropOp55
 70
     1
102
RTVSPost2010Prop56
140
1.0
102
RTVSPost2010PropOp56
 70
     1
102
RTVSPost2010Prop57
140
1.0
102
RTVSPost2010PropOp57
 70
     1
  0
XRECORD
  5
BFB
102
{ACAD_REACTORS
330
BFA
102
}
330
BFA
100
AcDbXrecord
280
     1
102
RTVSPost2010Prop28
280
     0
102
RTVSPost2010PropOp28
 70
     1
102
RTVSPost2010Prop29
280
     1
102
RTVSPost2010PropOp29
 70
     1
102
RTVSPost2010Prop30
280
     1
102
RTVSPost2010PropOp30
 70
     1
102
RTVSPost2010Prop31
280
     0
102
RTVSPost2010PropOp31
 70
     1
102
RTVSPost2010Prop32
280
     0
102
RTVSPost2010PropOp32
 70
     1
102
RTVSPost2010Prop33
280
     0
102
RTVSPost2010PropOp33
 70
     1
102
RTVSPost2010Prop34
280
     0
102
RTVSPost2010PropOp34
 70
     1
102
RTVSPost2010Prop35
280
     0
102
RTVSPost2010PropOp35
 70
     1
102
RTVSPost2010Prop36
280
     0
102
RTVSPost2010PropOp36
 70
     1
102
RTVSPost2010Prop37
 90
       50
102
RTVSPost2010PropOp37
 70
     1
102
RTVSPost2010Prop38
140
0.0
102
RTVSPost2010PropOp38
 70
     1
102
RTVSPost2010Prop39
140
1.0
102
RTVSPost2010PropOp39
 70
     1
102
RTVSPost2010Prop40
 90
        0
102
RTVSPost2010PropOp40
 70
     1
102
RTVSPost2010Prop41ColorIndex
 90
       18
102
RTVSPost2010Prop41ColorRGB
 90
        0
102
RTVSPost2010PropOp41
 70
     1
102
RTVSPost2010Prop42
 90
       50
102
RTVSPost2010PropOp42
 70
     1
102
RTVSPost2010Prop43
 90
        3
102
RTVSPost2010PropOp43
 70
     1
102
RTVSPost2010Prop44ColorIndex
 90
        5
102
RTVSPost2010Prop44ColorRGB
 90
      255
102
RTVSPost2010PropOp44
 70
     1
102
RTVSPost2010Prop45
280
     0
102
RTVSPost2010PropOp45
 70
     1
102
RTVSPost2010Prop46
 90
       50
102
RTVSPost2010PropOp46
 70
     1
102
RTVSPost2010Prop47
 90
       50
102
RTVSPost2010PropOp47
 70
     1
102
RTVSPost2010Prop48
 90
       50
102
RTVSPost2010PropOp48
 70
     1
102
RTVSPost2010Prop49
280
     0
102
RTVSPost2010PropOp49
 70
     1
102
RTVSPost2010Prop50
 90
       50
102
RTVSPost2010PropOp50
 70
     1
102
RTVSPost2010Prop51ColorIndex
 90
      256
102
RTVSPost2010Prop51ColorRGB
 90
-16777216
102
RTVSPost2010PropOp51
 70
     0
102
RTVSPost2010Prop52
140
1.0
102
RTVSPost2010PropOp52
 70
     0
102
RTVSPost2010Prop53
 90
        2
102
RTVSPost2010PropOp53
 70
     1
102
RTVSPost2010Prop54
  1
strokes_ogs.tif
102
RTVSPost2010PropOp54
 70
     1
102
RTVSPost2010Prop55
280
     0
102
RTVSPost2010PropOp55
 70
     1
102
RTVSPost2010Prop56
140
1.0
102
RTVSPost2010PropOp56
 70
     1
102
RTVSPost2010Prop57
140
1.0
102
RTVSPost2010PropOp57
 70
     1
  0
XRECORD
  5
BFD
102
{ACAD_REACTORS
330
BFC
102
}
330
BFC
100
AcDbXrecord
280
     1
102
RTVSPost2010Prop28
280
     0
102
RTVSPost2010PropOp28
 70
     1
102
RTVSPost2010Prop29
280
     1
102
RTVSPost2010PropOp29
 70
     1
102
RTVSPost2010Prop30
280
     1
102
RTVSPost2010PropOp30
 70
     1
102
RTVSPost2010Prop31
280
     0
102
RTVSPost2010PropOp31
 70
     1
102
RTVSPost2010Prop32
280
     0
102
RTVSPost2010PropOp32
 70
     1
102
RTVSPost2010Prop33
280
     0
102
RTVSPost2010PropOp33
 70
     1
102
RTVSPost2010Prop34
280
     0
102
RTVSPost2010PropOp34
 70
     1
102
RTVSPost2010Prop35
280
     0
102
RTVSPost2010PropOp35
 70
     1
102
RTVSPost2010Prop36
280
     0
102
RTVSPost2010PropOp36
 70
     1
102
RTVSPost2010Prop37
 90
       50
102
RTVSPost2010PropOp37
 70
     1
102
RTVSPost2010Prop38
140
0.0
102
RTVSPost2010PropOp38
 70
     1
102
RTVSPost2010Prop39
140
1.0
102
RTVSPost2010PropOp39
 70
     1
102
RTVSPost2010Prop40
 90
        0
102
RTVSPost2010PropOp40
 70
     1
102
RTVSPost2010Prop41ColorIndex
 90
       18
102
RTVSPost2010Prop41ColorRGB
 90
        0
102
RTVSPost2010PropOp41
 70
     1
102
RTVSPost2010Prop42
 90
       50
102
RTVSPost2010PropOp42
 70
     1
102
RTVSPost2010Prop43
 90
        3
102
RTVSPost2010PropOp43
 70
     1
102
RTVSPost2010Prop44ColorIndex
 90
        5
102
RTVSPost2010Prop44ColorRGB
 90
      255
102
RTVSPost2010PropOp44
 70
     1
102
RTVSPost2010Prop45
280
     0
102
RTVSPost2010PropOp45
 70
     1
102
RTVSPost2010Prop46
 90
       50
102
RTVSPost2010PropOp46
 70
     1
102
RTVSPost2010Prop47
 90
       50
102
RTVSPost2010PropOp47
 70
     1
102
RTVSPost2010Prop48
 90
       50
102
RTVSPost2010PropOp48
 70
     1
102
RTVSPost2010Prop49
280
     0
102
RTVSPost2010PropOp49
 70
     1
102
RTVSPost2010Prop50
 90
       50
102
RTVSPost2010PropOp50
 70
     1
102
RTVSPost2010Prop51ColorIndex
 90
      256
102
RTVSPost2010Prop51ColorRGB
 90
-16777216
102
RTVSPost2010PropOp51
 70
     0
102
RTVSPost2010Prop52
140
1.0
102
RTVSPost2010PropOp52
 70
     0
102
RTVSPost2010Prop53
 90
        2
102
RTVSPost2010PropOp53
 70
     1
102
RTVSPost2010Prop54
  1
strokes_ogs.tif
102
RTVSPost2010PropOp54
 70
     1
102
RTVSPost2010Prop55
280
     0
102
RTVSPost2010PropOp55
 70
     1
102
RTVSPost2010Prop56
140
1.0
102
RTVSPost2010PropOp56
 70
     1
102
RTVSPost2010Prop57
140
1.0
102
RTVSPost2010PropOp57
 70
     1
  0
XRECORD
  5
BFF
102
{ACAD_REACTORS
330
BFE
102
}
330
BFE
100
AcDbXrecord
280
     1
102
RTVSPost2010Prop28
280
     0
102
RTVSPost2010PropOp28
 70
     1
102
RTVSPost2010Prop29
280
     1
102
RTVSPost2010PropOp29
 70
     1
102
RTVSPost2010Prop30
280
     1
102
RTVSPost2010PropOp30
 70
     1
102
RTVSPost2010Prop31
280
     0
102
RTVSPost2010PropOp31
 70
     1
102
RTVSPost2010Prop32
280
     0
102
RTVSPost2010PropOp32
 70
     1
102
RTVSPost2010Prop33
280
     0
102
RTVSPost2010PropOp33
 70
     1
102
RTVSPost2010Prop34
280
     0
102
RTVSPost2010PropOp34
 70
     1
102
RTVSPost2010Prop35
280
     0
102
RTVSPost2010PropOp35
 70
     1
102
RTVSPost2010Prop36
280
     0
102
RTVSPost2010PropOp36
 70
     1
102
RTVSPost2010Prop37
 90
       50
102
RTVSPost2010PropOp37
 70
     1
102
RTVSPost2010Prop38
140
0.0
102
RTVSPost2010PropOp38
 70
     1
102
RTVSPost2010Prop39
140
1.0
102
RTVSPost2010PropOp39
 70
     1
102
RTVSPost2010Prop40
 90
        0
102
RTVSPost2010PropOp40
 70
     1
102
RTVSPost2010Prop41ColorIndex
 90
       18
102
RTVSPost2010Prop41ColorRGB
 90
        0
102
RTVSPost2010PropOp41
 70
     1
102
RTVSPost2010Prop42
 90
       50
102
RTVSPost2010PropOp42
 70
     1
102
RTVSPost2010Prop43
 90
        3
102
RTVSPost2010PropOp43
 70
     1
102
RTVSPost2010Prop44ColorIndex
 90
        5
102
RTVSPost2010Prop44ColorRGB
 90
      255
102
RTVSPost2010PropOp44
 70
     1
102
RTVSPost2010Prop45
280
     0
102
RTVSPost2010PropOp45
 70
     1
102
RTVSPost2010Prop46
 90
       50
102
RTVSPost2010PropOp46
 70
     1
102
RTVSPost2010Prop47
 90
       50
102
RTVSPost2010PropOp47
 70
     1
102
RTVSPost2010Prop48
 90
       50
102
RTVSPost2010PropOp48
 70
     1
102
RTVSPost2010Prop49
280
     0
102
RTVSPost2010PropOp49
 70
     1
102
RTVSPost2010Prop50
 90
       50
102
RTVSPost2010PropOp50
 70
     1
102
RTVSPost2010Prop51ColorIndex
 90
      256
102
RTVSPost2010Prop51ColorRGB
 90
-16777216
102
RTVSPost2010PropOp51
 70
     0
102
RTVSPost2010Prop52
140
1.0
102
RTVSPost2010PropOp52
 70
     0
102
RTVSPost2010Prop53
 90
        2
102
RTVSPost2010PropOp53
 70
     1
102
RTVSPost2010Prop54
  1
strokes_ogs.tif
102
RTVSPost2010PropOp54
 70
     1
102
RTVSPost2010Prop55
280
     0
102
RTVSPost2010PropOp55
 70
     1
102
RTVSPost2010Prop56
140
1.0
102
RTVSPost2010PropOp56
 70
     1
102
RTVSPost2010Prop57
140
1.0
102
RTVSPost2010PropOp57
 70
     1
  0
XRECORD
  5
C01
102
{ACAD_REACTORS
330
C00
102
}
330
C00
100
AcDbXrecord
280
     1
102
RTVSPost2010Prop28
280
     0
102
RTVSPost2010PropOp28
 70
     1
102
RTVSPost2010Prop29
280
     1
102
RTVSPost2010PropOp29
 70
     1
102
RTVSPost2010Prop30
280
     1
102
RTVSPost2010PropOp30
 70
     1
102
RTVSPost2010Prop31
280
     0
102
RTVSPost2010PropOp31
 70
     1
102
RTVSPost2010Prop32
280
     0
102
RTVSPost2010PropOp32
 70
     1
102
RTVSPost2010Prop33
280
     0
102
RTVSPost2010PropOp33
 70
     1
102
RTVSPost2010Prop34
280
     0
102
RTVSPost2010PropOp34
 70
     1
102
RTVSPost2010Prop35
280
     0
102
RTVSPost2010PropOp35
 70
     1
102
RTVSPost2010Prop36
280
     0
102
RTVSPost2010PropOp36
 70
     1
102
RTVSPost2010Prop37
 90
       50
102
RTVSPost2010PropOp37
 70
     1
102
RTVSPost2010Prop38
140
0.0
102
RTVSPost2010PropOp38
 70
     1
102
RTVSPost2010Prop39
140
1.0
102
RTVSPost2010PropOp39
 70
     1
102
RTVSPost2010Prop40
 90
        0
102
RTVSPost2010PropOp40
 70
     1
102
RTVSPost2010Prop41ColorIndex
 90
       18
102
RTVSPost2010Prop41ColorRGB
 90
        0
102
RTVSPost2010PropOp41
 70
     1
102
RTVSPost2010Prop42
 90
       50
102
RTVSPost2010PropOp42
 70
     1
102
RTVSPost2010Prop43
 90
        3
102
RTVSPost2010PropOp43
 70
     1
102
RTVSPost2010Prop44ColorIndex
 90
        5
102
RTVSPost2010Prop44ColorRGB
 90
      255
102
RTVSPost2010PropOp44
 70
     1
102
RTVSPost2010Prop45
280
     0
102
RTVSPost2010PropOp45
 70
     1
102
RTVSPost2010Prop46
 90
       50
102
RTVSPost2010PropOp46
 70
     1
102
RTVSPost2010Prop47
 90
       50
102
RTVSPost2010PropOp47
 70
     1
102
RTVSPost2010Prop48
 90
       50
102
RTVSPost2010PropOp48
 70
     1
102
RTVSPost2010Prop49
280
     0
102
RTVSPost2010PropOp49
 70
     1
102
RTVSPost2010Prop50
 90
       50
102
RTVSPost2010PropOp50
 70
     1
102
RTVSPost2010Prop51ColorIndex
 90
      256
102
RTVSPost2010Prop51ColorRGB
 90
-16777216
102
RTVSPost2010PropOp51
 70
     0
102
RTVSPost2010Prop52
140
1.0
102
RTVSPost2010PropOp52
 70
     0
102
RTVSPost2010Prop53
 90
        2
102
RTVSPost2010PropOp53
 70
     1
102
RTVSPost2010Prop54
  1
strokes_ogs.tif
102
RTVSPost2010PropOp54
 70
     1
102
RTVSPost2010Prop55
280
     0
102
RTVSPost2010PropOp55
 70
     1
102
RTVSPost2010Prop56
140
1.0
102
RTVSPost2010PropOp56
 70
     1
102
RTVSPost2010Prop57
140
1.0
102
RTVSPost2010PropOp57
 70
     1
  0
XRECORD
  5
C03
102
{ACAD_REACTORS
330
C02
102
}
330
C02
100
AcDbXrecord
280
     1
102
RTVSPost2010Prop28
280
     0
102
RTVSPost2010PropOp28
 70
     1
102
RTVSPost2010Prop29
280
     1
102
RTVSPost2010PropOp29
 70
     1
102
RTVSPost2010Prop30
280
     1
102
RTVSPost2010PropOp30
 70
     1
102
RTVSPost2010Prop31
280
     0
102
RTVSPost2010PropOp31
 70
     1
102
RTVSPost2010Prop32
280
     0
102
RTVSPost2010PropOp32
 70
     1
102
RTVSPost2010Prop33
280
     0
102
RTVSPost2010PropOp33
 70
     1
102
RTVSPost2010Prop34
280
     0
102
RTVSPost2010PropOp34
 70
     1
102
RTVSPost2010Prop35
280
     0
102
RTVSPost2010PropOp35
 70
     1
102
RTVSPost2010Prop36
280
     0
102
RTVSPost2010PropOp36
 70
     1
102
RTVSPost2010Prop37
 90
       50
102
RTVSPost2010PropOp37
 70
     1
102
RTVSPost2010Prop38
140
0.0
102
RTVSPost2010PropOp38
 70
     1
102
RTVSPost2010Prop39
140
1.0
102
RTVSPost2010PropOp39
 70
     1
102
RTVSPost2010Prop40
 90
        0
102
RTVSPost2010PropOp40
 70
     1
102
RTVSPost2010Prop41ColorIndex
 90
       18
102
RTVSPost2010Prop41ColorRGB
 90
        0
102
RTVSPost2010PropOp41
 70
     1
102
RTVSPost2010Prop42
 90
       50
102
RTVSPost2010PropOp42
 70
     1
102
RTVSPost2010Prop43
 90
        3
102
RTVSPost2010PropOp43
 70
     1
102
RTVSPost2010Prop44ColorIndex
 90
        5
102
RTVSPost2010Prop44ColorRGB
 90
      255
102
RTVSPost2010PropOp44
 70
     1
102
RTVSPost2010Prop45
280
     0
102
RTVSPost2010PropOp45
 70
     1
102
RTVSPost2010Prop46
 90
       50
102
RTVSPost2010PropOp46
 70
     1
102
RTVSPost2010Prop47
 90
       50
102
RTVSPost2010PropOp47
 70
     1
102
RTVSPost2010Prop48
 90
       50
102
RTVSPost2010PropOp48
 70
     1
102
RTVSPost2010Prop49
280
     0
102
RTVSPost2010PropOp49
 70
     1
102
RTVSPost2010Prop50
 90
       50
102
RTVSPost2010PropOp50
 70
     1
102
RTVSPost2010Prop51ColorIndex
 90
      256
102
RTVSPost2010Prop51ColorRGB
 90
-16777216
102
RTVSPost2010PropOp51
 70
     0
102
RTVSPost2010Prop52
140
1.0
102
RTVSPost2010PropOp52
 70
     0
102
RTVSPost2010Prop53
 90
        2
102
RTVSPost2010PropOp53
 70
     1
102
RTVSPost2010Prop54
  1
strokes_ogs.tif
102
RTVSPost2010PropOp54
 70
     1
102
RTVSPost2010Prop55
280
     0
102
RTVSPost2010PropOp55
 70
     1
102
RTVSPost2010Prop56
140
1.0
102
RTVSPost2010PropOp56
 70
     1
102
RTVSPost2010Prop57
140
1.0
102
RTVSPost2010PropOp57
 70
     1
  0
XRECORD
  5
C05
102
{ACAD_REACTORS
330
C04
102
}
330
C04
100
AcDbXrecord
280
     1
102
RTVSPost2010Prop28
280
     0
102
RTVSPost2010PropOp28
 70
     1
102
RTVSPost2010Prop29
280
     1
102
RTVSPost2010PropOp29
 70
     1
102
RTVSPost2010Prop30
280
     1
102
RTVSPost2010PropOp30
 70
     1
102
RTVSPost2010Prop31
280
     0
102
RTVSPost2010PropOp31
 70
     1
102
RTVSPost2010Prop32
280
     0
102
RTVSPost2010PropOp32
 70
     1
102
RTVSPost2010Prop33
280
     0
102
RTVSPost2010PropOp33
 70
     1
102
RTVSPost2010Prop34
280
     0
102
RTVSPost2010PropOp34
 70
     1
102
RTVSPost2010Prop35
280
     0
102
RTVSPost2010PropOp35
 70
     1
102
RTVSPost2010Prop36
280
     0
102
RTVSPost2010PropOp36
 70
     1
102
RTVSPost2010Prop37
 90
       50
102
RTVSPost2010PropOp37
 70
     1
102
RTVSPost2010Prop38
140
0.0
102
RTVSPost2010PropOp38
 70
     1
102
RTVSPost2010Prop39
140
1.0
102
RTVSPost2010PropOp39
 70
     1
102
RTVSPost2010Prop40
 90
        0
102
RTVSPost2010PropOp40
 70
     1
102
RTVSPost2010Prop41ColorIndex
 90
       18
102
RTVSPost2010Prop41ColorRGB
 90
        0
102
RTVSPost2010PropOp41
 70
     1
102
RTVSPost2010Prop42
 90
       50
102
RTVSPost2010PropOp42
 70
     1
102
RTVSPost2010Prop43
 90
        3
102
RTVSPost2010PropOp43
 70
     1
102
RTVSPost2010Prop44ColorIndex
 90
        5
102
RTVSPost2010Prop44ColorRGB
 90
      255
102
RTVSPost2010PropOp44
 70
     1
102
RTVSPost2010Prop45
280
     0
102
RTVSPost2010PropOp45
 70
     1
102
RTVSPost2010Prop46
 90
       50
102
RTVSPost2010PropOp46
 70
     1
102
RTVSPost2010Prop47
 90
       50
102
RTVSPost2010PropOp47
 70
     1
102
RTVSPost2010Prop48
 90
       50
102
RTVSPost2010PropOp48
 70
     1
102
RTVSPost2010Prop49
280
     0
102
RTVSPost2010PropOp49
 70
     1
102
RTVSPost2010Prop50
 90
       50
102
RTVSPost2010PropOp50
 70
     1
102
RTVSPost2010Prop51ColorIndex
 90
      256
102
RTVSPost2010Prop51ColorRGB
 90
-16777216
102
RTVSPost2010PropOp51
 70
     0
102
RTVSPost2010Prop52
140
1.0
102
RTVSPost2010PropOp52
 70
     0
102
RTVSPost2010Prop53
 90
        2
102
RTVSPost2010PropOp53
 70
     1
102
RTVSPost2010Prop54
  1
strokes_ogs.tif
102
RTVSPost2010PropOp54
 70
     1
102
RTVSPost2010Prop55
280
     0
102
RTVSPost2010PropOp55
 70
     1
102
RTVSPost2010Prop56
140
1.0
102
RTVSPost2010PropOp56
 70
     1
102
RTVSPost2010Prop57
140
1.0
102
RTVSPost2010PropOp57
 70
     1
  0
XRECORD
  5
C07
102
{ACAD_REACTORS
330
C06
102
}
330
C06
100
AcDbXrecord
280
     1
102
RTVSPost2010Prop28
280
     0
102
RTVSPost2010PropOp28
 70
     1
102
RTVSPost2010Prop29
280
     1
102
RTVSPost2010PropOp29
 70
     1
102
RTVSPost2010Prop30
280
     1
102
RTVSPost2010PropOp30
 70
     1
102
RTVSPost2010Prop31
280
     0
102
RTVSPost2010PropOp31
 70
     1
102
RTVSPost2010Prop32
280
     0
102
RTVSPost2010PropOp32
 70
     1
102
RTVSPost2010Prop33
280
     0
102
RTVSPost2010PropOp33
 70
     1
102
RTVSPost2010Prop34
280
     0
102
RTVSPost2010PropOp34
 70
     1
102
RTVSPost2010Prop35
280
     0
102
RTVSPost2010PropOp35
 70
     1
102
RTVSPost2010Prop36
280
     0
102
RTVSPost2010PropOp36
 70
     1
102
RTVSPost2010Prop37
 90
       50
102
RTVSPost2010PropOp37
 70
     1
102
RTVSPost2010Prop38
140
0.0
102
RTVSPost2010PropOp38
 70
     1
102
RTVSPost2010Prop39
140
1.0
102
RTVSPost2010PropOp39
 70
     1
102
RTVSPost2010Prop40
 90
        0
102
RTVSPost2010PropOp40
 70
     1
102
RTVSPost2010Prop41ColorIndex
 90
       18
102
RTVSPost2010Prop41ColorRGB
 90
        0
102
RTVSPost2010PropOp41
 70
     1
102
RTVSPost2010Prop42
 90
       50
102
RTVSPost2010PropOp42
 70
     1
102
RTVSPost2010Prop43
 90
        3
102
RTVSPost2010PropOp43
 70
     1
102
RTVSPost2010Prop44ColorIndex
 90
        5
102
RTVSPost2010Prop44ColorRGB
 90
      255
102
RTVSPost2010PropOp44
 70
     1
102
RTVSPost2010Prop45
280
     0
102
RTVSPost2010PropOp45
 70
     1
102
RTVSPost2010Prop46
 90
       50
102
RTVSPost2010PropOp46
 70
     1
102
RTVSPost2010Prop47
 90
       50
102
RTVSPost2010PropOp47
 70
     1
102
RTVSPost2010Prop48
 90
       50
102
RTVSPost2010PropOp48
 70
     1
102
RTVSPost2010Prop49
280
     0
102
RTVSPost2010PropOp49
 70
     1
102
RTVSPost2010Prop50
 90
       50
102
RTVSPost2010PropOp50
 70
     1
102
RTVSPost2010Prop51ColorIndex
 90
      256
102
RTVSPost2010Prop51ColorRGB
 90
-16777216
102
RTVSPost2010PropOp51
 70
     0
102
RTVSPost2010Prop52
140
1.0
102
RTVSPost2010PropOp52
 70
     0
102
RTVSPost2010Prop53
 90
        2
102
RTVSPost2010PropOp53
 70
     1
102
RTVSPost2010Prop54
  1
strokes_ogs.tif
102
RTVSPost2010PropOp54
 70
     1
102
RTVSPost2010Prop55
280
     0
102
RTVSPost2010PropOp55
 70
     1
102
RTVSPost2010Prop56
140
1.0
102
RTVSPost2010PropOp56
 70
     1
102
RTVSPost2010Prop57
140
1.0
102
RTVSPost2010PropOp57
 70
     1
  0
ACDBASSOCARRAYACTIONBODY
  5
A8E
330
A8D
100
AcDbAssocActionBody
 90
        1
100
AcDbAssocParamBasedActionBody
 90
        0
 90
        0
 90
        3
360
A92
360
A93
360
A94
 90
        0
 90
        9
 90
        0
  1
AlignItems
 90
        0
 90
        1
 90
        0
330
0
330
0
 90
        0
  1
AxesAngle
 90
        2
 90
        1
 40
1.570796326794897
330
0
330
0
 90
        0
  1
ItemSpacing
 90
        1
 90
        1
 40
115.9035191826
330
0
330
0
 90
        0
  1
Items
 90
        0
 90
        1
 90
        1
330
0
330
0
 90
        0
  1
LevelSpacing
 90
        1
 90
        1
 40
1.0
330
0
330
0
 90
        0
  1
Levels
 90
        0
 90
        1
 90
        1
330
0
330
0
 90
        0
  1
RowElevation
 90
        1
 90
        1
 40
0.0
330
0
330
0
 90
        0
  1
RowSpacing
 90
        1
 90
        1
 40
50.0
330
0
330
0
 90
        0
  1
Rows
 90
        0
 90
        1
 90
       20
330
0
330
0
100
AcDbAssocArrayActionBody
 90
        1
  1
AcDbAssocArrayRectangularParameters
 90
        0
 90
       20
  1
AcDbAssocArrayItem
100
AcDbAssocArrayItem
 90
        0
 90
        0
 90
        0
 90
        0
 90
        8
 11
0.0
 21
0.0
 31
0.0
330
A6D
100
AcDbAssocArrayItem
 90
        0
 90
        0
 90
        1
 90
        0
 90
        8
 11
0.0
 21
50.0
 31
0.0
330
A6E
100
AcDbAssocArrayItem
 90
        0
 90
        0
 90
        2
 90
        0
 90
        8
 11
0.0
 21
100.0
 31
0.0
330
A6F
100
AcDbAssocArrayItem
 90
        0
 90
        0
 90
        3
 90
        0
 90
        8
 11
0.0
 21
150.0
 31
0.0
330
A70
100
AcDbAssocArrayItem
 90
        0
 90
        0
 90
        4
 90
        0
 90
        8
 11
0.0
 21
200.0
 31
0.0
330
A71
100
AcDbAssocArrayItem
 90
        0
 90
        0
 90
        5
 90
        0
 90
        8
 11
0.0
 21
250.0
 31
0.0
330
A72
100
AcDbAssocArrayItem
 90
        0
 90
        0
 90
        6
 90
        0
 90
        8
 11
0.0
 21
300.0
 31
0.0
330
A73
100
AcDbAssocArrayItem
 90
        0
 90
        0
 90
        7
 90
        0
 90
        8
 11
0.0
 21
350.0
 31
0.0
330
A74
100
AcDbAssocArrayItem
 90
        0
 90
        0
 90
        8
 90
        0
 90
        8
 11
0.0
 21
400.0
 31
0.0
330
A75
100
AcDbAssocArrayItem
 90
        0
 90
        0
 90
        9
 90
        0
 90
        8
 11
0.0
 21
450.0
 31
0.0
330
A76
100
AcDbAssocArrayItem
 90
        0
 90
        0
 90
       10
 90
        0
 90
        8
 11
0.0
 21
500.0
 31
0.0
330
A77
100
AcDbAssocArrayItem
 90
        0
 90
        0
 90
       11
 90
        0
 90
        8
 11
0.0
 21
550.0
 31
0.0
330
A78
100
AcDbAssocArrayItem
 90
        0
 90
        0
 90
       12
 90
        0
 90
        8
 11
0.0
 21
600.0
 31
0.0
330
A79
100
AcDbAssocArrayItem
 90
        0
 90
        0
 90
       13
 90
        0
 90
        8
 11
0.0
 21
650.0
 31
0.0
330
A7A
100
AcDbAssocArrayItem
 90
        0
 90
        0
 90
       14
 90
        0
 90
        8
 11
0.0
 21
700.0
 31
0.0
330
A7B
100
AcDbAssocArrayItem
 90
        0
 90
        0
 90
       15
 90
        0
 90
        8
 11
0.0
 21
750.0
 31
0.0
330
A7C
100
AcDbAssocArrayItem
 90
        0
 90
        0
 90
       16
 90
        0
 90
        8
 11
0.0
 21
800.0
 31
0.0
330
A7D
100
AcDbAssocArrayItem
 90
        0
 90
        0
 90
       17
 90
        0
 90
        8
 11
0.0
 21
850.0
 31
0.0
330
A7E
100
AcDbAssocArrayItem
 90
        0
 90
        0
 90
       18
 90
        0
 90
        8
 11
0.0
 21
900.0
 31
0.0
330
A7F
100
AcDbAssocArrayItem
 90
        0
 90
        0
 90
       19
 90
        0
 90
        8
 11
0.0
 21
950.0
 31
0.0
330
A80
 40
1.0
 40
0.0
 40
0.0
 40
0.0
 40
0.0
 40
1.0
 40
0.0
 40
129.76
 40
0.0
 40
0.0
 40
1.0
 40
0.0
 40
0.0
 40
0.0
 40
0.0
 40
1.0
  0
ACDBASSOCDEPENDENCY
  5
A8F
330
A8D
100
AcDbAssocDependency
 90
        2
 90
        0
290
     0
290
     1
290
     1
290
     1
 90
        0
330
A6B
290
     0
330
0
330
0
360
0
 90
        1
  0
ACDBASSOCDEPENDENCY
  5
A90
330
A8D
100
AcDbAssocDependency
 90
        2
 90
        0
290
     1
290
     0
290
     1
290
     1
 90
        0
330
A82
290
     0
330
0
330
0
360
0
 90
        2
  0
ACDBASSOCDEPENDENCY
  5
A91
330
A8D
100
AcDbAssocDependency
 90
        2
 90
        0
290
     1
290
     1
290
     1
290
     1
 90
-2147483648
330
A6A
290
     0
330
0
330
0
360
0
 90
        3
  0
ACDBASSOCVERTEXACTIONPARAM
  5
A92
330
A8D
100
AcDbAssocActionParam
 90
        0
  1
BaseNormal
100
AcDbAssocSingleDependencyActionParam
 90
        0
330
0
100
AcDbAssocVertexActionParam
 90
        0
 10
0.0
 20
0.0
 30
1.0
  0
ACDBASSOCVERTEXACTIONPARAM
  5
A93
330
A8D
100
AcDbAssocActionParam
 90
        0
  1
Origin
100
AcDbAssocSingleDependencyActionParam
 90
        0
330
0
100
AcDbAssocVertexActionParam
 90
        0
 10
0.0
 20
0.0
 30
0.0
  0
ACDBASSOCVERTEXACTIONPARAM
  5
A94
330
A8D
100
AcDbAssocActionParam
 90
        0
  1
basePoint
100
AcDbAssocSingleDependencyActionParam
 90
        0
330
0
100
AcDbAssocVertexActionParam
 90
        0
 10
0.0
 20
0.0
 30
0.0
  0
ENDSEC
  0
EOF
